t,w,W,x,y,z
0.0,0.047981344,-0.00019931793,6.135077,78.54399,0.8692225
0.01,0.048155446,0.00016403198,6.1347685,78.54201,0.87018955
0.02,0.048329104,0.00052702427,6.1344585,78.54003,0.87116414
0.03,0.04850407,0.00089240074,6.134148,78.538025,0.8721429
0.04,0.048678555,0.001262784,6.1338344,78.53599,0.8731259
0.05,0.04885399,0.0016396046,6.1335206,78.53397,0.8741146
0.06,0.04902931,0.0020103455,6.1332054,78.531944,0.8751086
0.07,0.04920488,0.0023881197,6.1328874,78.52988,0.87610596
0.08,0.049381264,0.0027651787,6.1325693,78.52782,0.87710756
0.09,0.04955787,0.0031534433,6.1322503,78.52575,0.8781186
0.1,0.04973327,0.003532052,6.131928,78.52367,0.8791302
0.11,0.049910102,0.0039161444,6.131604,78.52158,0.8801476
0.12,0.050087214,0.0043092966,6.13128,78.51947,0.88117003
0.13,0.050264373,0.004695773,6.130955,78.51735,0.88219714
0.14,0.050441377,0.005093217,6.130629,78.51524,0.8832279
0.15,0.050618768,0.0054929256,6.130301,78.51311,0.88426423
0.16,0.050796647,0.0058909655,6.129972,78.51096,0.8853051
0.17,0.050974634,0.006290674,6.1296406,78.50881,0.88635033
0.18,0.05115199,0.006688595,6.1293097,78.506645,0.8873998
0.19,0.05133052,0.00709939,6.128977,78.50446,0.8884527
0.2,0.051509127,0.0075136423,6.128643,78.50227,0.889512
0.21,0.05168774,0.007927656,6.1283083,78.500084,0.8905744
0.22,0.05186706,0.008333802,6.127971,78.49788,0.8916425
0.23,0.05204634,0.008746862,6.1276345,78.49567,0.892712
0.24,0.052225024,0.009180784,6.127296,78.493454,0.89378947
0.25,0.05240445,0.00959444,6.1269565,78.49121,0.8948685
0.26,0.05258371,0.010016799,6.1266155,78.48898,0.8959512
0.27,0.052763104,0.010444641,6.126273,78.48673,0.8970392
0.28,0.052943237,0.010874867,6.12593,78.484474,0.8981313
0.29,0.053123206,0.011310935,6.125585,78.48221,0.89922667
0.3,0.053303704,0.011741877,6.1252394,78.47993,0.90032715
0.31,0.05348379,0.012173295,6.124892,78.47766,0.90143186
0.32,0.05366502,0.012616396,6.1245446,78.47536,0.9025407
0.33,0.053845994,0.01305604,6.124195,78.47306,0.90365297
0.34,0.054026723,0.013497829,6.123845,78.47074,0.9047705
0.35,0.054208387,0.0139404535,6.123495,78.468414,0.9058905
0.36,0.054389525,0.014394999,6.1231422,78.46609,0.90701437
0.37,0.05457087,0.014844298,6.122789,78.46375,0.90814245
0.38,0.054752678,0.01529181,6.122434,78.46142,0.9092752
0.39,0.054935172,0.01575327,6.1220784,78.45905,0.9104119
0.4,0.055117726,0.016211152,6.1217213,78.45669,0.9115525
0.41,0.055299863,0.016670704,6.1213636,78.45432,0.9126958
0.42,0.055482343,0.01712823,6.121005,78.45194,0.91384345
0.43,0.055665478,0.01759696,6.120645,78.44956,0.91499686
0.44,0.05584842,0.018065095,6.120284,78.44716,0.91615206
0.45,0.056032367,0.018540025,6.1199226,78.44476,0.9173113
0.46,0.05621612,0.01900661,6.1195574,78.44235,0.91847485
0.47,0.05639959,0.019480705,6.119194,78.43995,0.9196426
0.48,0.056584,0.019958735,6.1188283,78.43752,0.9208143
0.49,0.05676745,0.020436287,6.1184616,78.43509,0.92198795
0.5,0.056952596,0.020918608,6.1180944,78.43264,0.9231677
0.51,0.057137582,0.02139759,6.117726,78.43019,0.92434996
0.52,0.05732284,0.021879196,6.1173553,78.42773,0.92553675
0.53,0.05750832,0.022372961,6.1169844,78.42526,0.92672735
0.54,0.05769484,0.022859335,6.1166115,78.42279,0.9279208
0.55,0.057880614,0.023346543,6.116238,78.42031,0.9291186
0.56,0.058067214,0.023839116,6.1158643,78.41782,0.93032104
0.57,0.05825428,0.024331927,6.115488,78.41533,0.931526
0.58,0.058441512,0.02483356,6.115112,78.41281,0.9327366
0.59,0.05862873,0.025335193,6.114733,78.41031,0.93395025
0.6,0.058816165,0.025834918,6.114354,78.407776,0.93516594
0.61,0.059004687,0.02633822,6.1139736,78.40525,0.9363865
0.62,0.0591928,0.026843071,6.113592,78.40271,0.9376122
0.63,0.059382148,0.027351022,6.11321,78.40018,0.93884003
0.64,0.059570916,0.027859807,6.112826,78.39763,0.9400727
0.65,0.059760742,0.028371215,6.1124415,78.39507,0.94130826
0.66,0.059950583,0.0288831,6.1120553,78.392494,0.9425491
0.67,0.060141116,0.029405355,6.111668,78.38992,0.94379354
0.68,0.060332,0.029913902,6.111278,78.387344,0.94503844
0.69,0.060523197,0.030429602,6.1108894,78.38475,0.9462888
0.7,0.06071493,0.030950427,6.1104984,78.38216,0.9475458
0.71,0.060906887,0.031473875,6.110106,78.379555,0.948804
0.72,0.061099097,0.031998992,6.109713,78.37694,0.9500659
0.73,0.06129255,0.03252244,6.1093187,78.37431,0.95133156
0.74,0.06148562,0.033056736,6.108923,78.37169,0.95260257
0.75,0.061679743,0.03357768,6.1085258,78.36905,0.9538767
0.76,0.061874256,0.03410864,6.108127,78.36642,0.95515376
0.77,0.06206859,0.034643173,6.1077285,78.36376,0.956436
0.78,0.062263764,0.035176754,6.107328,78.3611,0.9577196
0.79,0.062460013,0.035711408,6.1069255,78.358444,0.9590084
0.8,0.06265562,0.036248207,6.106522,78.35576,0.96030253
0.81,0.06285297,0.03679025,6.106118,78.35308,0.9615993
0.82,0.06304943,0.037325263,6.1057124,78.3504,0.9629001
0.83,0.06324736,0.03787303,6.1053066,78.3477,0.96420294
0.84,0.0634452,0.03841746,6.104897,78.34501,0.96551114
0.85,0.06364424,0.038962364,6.104489,78.34229,0.9668226
0.86,0.063843176,0.039511442,6.1040783,78.33958,0.96813816
0.87,0.064043045,0.04005432,6.1036663,78.33685,0.9694584
0.88,0.06424377,0.040610194,6.1032534,78.334114,0.9707804
0.89,0.06444448,0.041161776,6.102839,78.33137,0.97210777
0.9,0.06464572,0.04171419,6.102423,78.32862,0.9734388
0.91,0.06484738,0.042274475,6.102006,78.32588,0.97477317
0.92,0.06505039,0.042824864,6.101588,78.32311,0.9761122
0.93,0.06525293,0.043385983,6.101169,78.320335,0.9774539
0.94,0.06545657,0.04395318,6.1007476,78.317566,0.9788008
0.95,0.065661,0.044511437,6.100326,78.31478,0.98015016
0.96,0.06586555,0.045070767,6.0999026,78.31197,0.9815045
0.97,0.06607121,0.045637608,6.0994782,78.30918,0.98286194
0.98,0.06627722,0.046203375,6.0990524,78.30638,0.98422354
0.99,0.06648372,0.046765804,6.0986257,78.30356,0.9855891
1.0,0.06669089,0.047335863,6.0981965,78.300735,0.986959
1.01,0.06689882,0.047911406,6.097767,78.29791,0.9883314
1.02,0.06710699,0.048476934,6.097336,78.29508,0.9897086
1.03,0.0673157,0.049048185,6.0969033,78.29224,0.9910895
1.04,0.06752564,0.049628973,6.0964694,78.289375,0.99247533
1.05,0.0677356,0.05020702,6.0960336,78.28652,0.99386317
1.06,0.06794575,0.05077541,6.0955977,78.28366,0.99525553
1.07,0.06815764,0.051358104,6.0951605,78.28078,0.99665254
1.08,0.06836973,0.051936388,6.094721,78.2779,0.9980541
1.09,0.068582416,0.052525163,6.0942793,78.275,0.99945766
1.1,0.068795934,0.05311036,6.093839,78.27212,1.0008672
1.11,0.0690099,0.053691745,6.093396,78.2692,1.0022788
1.12,0.06922446,0.054282427,6.092951,78.26629,1.0036966
1.13,0.06943977,0.054868102,6.092506,78.263374,1.0051163
1.14,0.06965606,0.055462718,6.092058,78.260445,1.0065402
1.15,0.06987274,0.05605638,6.09161,78.257515,1.0079696
1.16,0.07008974,0.056648135,6.09116,78.25456,1.0094016
1.17,0.070307925,0.057239175,6.0907083,78.2516,1.0108385
1.18,0.070526734,0.057834983,6.0902557,78.24865,1.012279
1.19,0.07074615,0.05843568,6.0898013,78.24568,1.0137233
1.2,0.07096557,0.059030533,6.089346,78.242714,1.0151726
1.21,0.07118666,0.05963242,6.0888896,78.23974,1.016625
1.22,0.071407795,0.06023407,6.0884314,78.23675,1.0180812
1.23,0.07162997,0.06083846,6.087971,78.233734,1.0195429
1.24,0.071852595,0.061447144,6.08751,78.23073,1.0210081
1.25,0.07207642,0.06205082,6.087048,78.22771,1.0224762
1.26,0.07230046,0.06265879,6.0865846,78.2247,1.02395
1.27,0.07252548,0.06327057,6.086118,78.22167,1.0254282
1.28,0.07275125,0.063878536,6.085652,78.218636,1.0269094
1.29,0.07297719,0.064496756,6.085184,78.21558,1.0283955
1.3,0.07320417,0.06510949,6.084715,78.21253,1.0298858
1.31,0.073431544,0.06572604,6.0842443,78.20948,1.03138
1.32,0.07365993,0.06634176,6.083771,78.206406,1.0328779
1.33,0.07388945,0.066963315,6.083298,78.20333,1.0343803
1.34,0.07411909,0.067580104,6.082823,78.20024,1.0358865
1.35,0.07434958,0.068201065,6.0823455,78.19714,1.037398
1.36,0.074581504,0.06883013,6.0818677,78.19404,1.038914
1.37,0.07481291,0.06945574,6.0813885,78.19094,1.0404327
1.38,0.07504562,0.0700804,6.080907,78.18781,1.0419569
1.39,0.075279586,0.07071316,6.080425,78.18468,1.0434854
1.4,0.07551416,0.07134259,6.0799403,78.18154,1.0450175
1.41,0.07574866,0.07197142,6.0794554,78.178406,1.0465539
1.42,0.07598458,0.07260716,6.0789685,78.17525,1.048096
1.43,0.07622083,0.073240876,6.0784802,78.172104,1.04964
1.44,0.076458275,0.07387936,6.0779905,78.16893,1.051189
1.45,0.07669653,0.074517846,6.0774994,78.16575,1.0527443
1.46,0.07693509,0.075157285,6.077007,78.16256,1.0543029
1.47,0.077174775,0.075802684,6.076512,78.15936,1.0558666
1.48,0.07741476,0.07644045,6.0760164,78.156166,1.0574336
1.49,0.07765594,0.077097535,6.075519,78.152954,1.059005
1.5,0.077897795,0.07773554,6.0750203,78.14974,1.0605824
1.51,0.078140624,0.078383565,6.07452,78.1465,1.0621628
1.52,0.078384034,0.07903683,6.074018,78.14326,1.0637485
1.53,0.07862824,0.07969105,6.073515,78.14003,1.065337
1.54,0.07887327,0.080343366,6.073011,78.136765,1.066933
1.55,0.07911899,0.08100188,6.0725036,78.13351,1.0685313
1.56,0.07936592,0.08166134,6.071996,78.130226,1.0701344
1.57,0.07961245,0.082321525,6.0714874,78.12695,1.0717423
1.58,0.07986107,0.08298361,6.0709763,78.12367,1.0733558
1.59,0.08010974,0.08364141,6.0704637,78.12035,1.0749719
1.6,0.08035978,0.08430922,6.06995,78.11706,1.0765947
1.61,0.08061058,0.084976554,6.069434,78.11374,1.0782211
1.62,0.0808611,0.08564913,6.0689173,78.11042,1.0798525
1.63,0.08111321,0.08632052,6.068398,78.10708,1.0814888
1.64,0.08136606,0.08699715,6.0678787,78.103745,1.0831276
1.65,0.081619926,0.08766806,6.067356,78.10038,1.0847733
1.66,0.0818746,0.088342786,6.0668325,78.097015,1.0864238
1.67,0.08213002,0.08902323,6.0663075,78.09366,1.08808
1.68,0.08238618,0.08970511,6.0657816,78.09027,1.0897375
1.69,0.0826433,0.090385675,6.065253,78.086876,1.091404
1.7,0.08290115,0.09106934,6.0647235,78.08349,1.093072
1.71,0.083159834,0.09175694,6.0641923,78.08008,1.0947468
1.72,0.08341926,0.09244645,6.0636587,78.07666,1.096425
1.73,0.0836797,0.09313643,6.0631247,78.07324,1.0981097
1.74,0.08394107,0.09382975,6.062588,78.0698,1.099799
1.75,0.08420277,0.09452748,6.062051,78.06635,1.1014903
1.76,0.08446534,0.09522271,6.061511,78.06289,1.1031902
1.77,0.08472934,0.095921874,6.060971,78.059425,1.1048928
1.78,0.08499377,0.0966233,6.0604277,78.055954,1.1066011
1.79,0.08525991,0.09732664,6.0598836,78.05247,1.1083138
1.8,0.085525505,0.098038554,6.0593376,78.04899,1.1100333
1.81,0.08579277,0.09873688,6.05879,78.04549,1.1117561
1.82,0.08606059,0.099450946,6.058241,78.04198,1.1134846
1.83,0.086329766,0.100162625,6.05769,78.03843,1.1152174
1.84,0.0865997,0.100875735,6.0571365,78.034904,1.1169562
1.85,0.086870246,0.1015929,6.0565825,78.03137,1.118699
1.86,0.0871417,0.10230887,6.0560274,78.02782,1.1204484
1.87,0.087413974,0.103030324,6.05547,78.02425,1.1222023
1.88,0.087686814,0.103753924,6.0549107,78.020676,1.123961
1.89,0.08796125,0.10447919,6.0543494,78.017105,1.1257254
1.9,0.08823616,0.105204225,6.0537868,78.013504,1.1274948
1.91,0.08851225,0.10593116,6.0532217,78.0099,1.1292696
1.92,0.088788964,0.106665015,6.0526557,78.00629,1.1310482
1.93,0.089066364,0.10739648,6.0520887,78.00268,1.1328341
1.94,0.089345194,0.108134866,6.0515184,77.99903,1.1346235
1.95,0.08962459,0.108872294,6.050948,77.9954,1.1364194
1.96,0.08990473,0.10961425,6.050375,77.99175,1.1382191
1.97,0.090186544,0.11035621,6.0497994,77.98809,1.1400249
1.98,0.09046886,0.111100554,6.049224,77.984406,1.1418369
1.99,0.090751775,0.11185348,6.0486455,77.98072,1.1436526
2.0,0.09103628,0.1125983,6.048065,77.977036,1.1454769
2.01,0.091320954,0.11335409,6.047484,77.97332,1.1473032
2.02,0.09160686,0.11411178,6.0469007,77.96961,1.1491368
2.03,0.09189402,0.11486256,6.0463147,77.96589,1.1509751
2.04,0.092181794,0.11562669,6.0457277,77.96215,1.1528193
2.05,0.092470475,0.116386294,6.04514,77.9584,1.1546692
2.06,0.09276009,0.11715591,6.0445485,77.954636,1.1565242
2.07,0.09305083,0.117923856,6.0439563,77.95088,1.1583824
2.08,0.09334231,0.11869252,6.043363,77.947105,1.1602503
2.09,0.09363475,0.11946285,6.0427666,77.943306,1.1621203
2.1,0.09392782,0.12023604,6.0421686,77.9395,1.1639981
2.11,0.09422267,0.12101972,6.0415688,77.93569,1.1658818
2.12,0.094518326,0.1217922,6.040968,77.93187,1.1677699
2.13,0.0948141,0.12258041,6.040365,77.92803,1.1696631
2.14,0.095111795,0.12336671,6.0397596,77.9242,1.1715631
2.15,0.09541004,0.12415016,6.0391526,77.92034,1.1734679
2.16,0.09570926,0.12493789,6.0385437,77.91647,1.1753799
2.17,0.09600956,0.12572801,6.0379333,77.9126,1.1772949
2.18,0.09631085,0.12652576,6.037321,77.908714,1.1792188
2.19,0.09661279,0.12732589,6.0367064,77.90481,1.1811459
2.2,0.09691607,0.1281308,6.0360904,77.9009,1.1830803
2.21,0.09722028,0.12892663,6.035473,77.89698,1.1850202
2.22,0.097525485,0.12973249,6.034852,77.89305,1.1869656
2.23,0.097831644,0.13054693,6.03423,77.88911,1.1889166
2.24,0.09813895,0.1313566,6.033607,77.88515,1.1908753
2.25,0.098446555,0.1321677,6.0329814,77.88118,1.1928378
2.26,0.09875607,0.13298738,6.0323544,77.8772,1.1948068
2.27,0.09906662,0.13380134,6.031725,77.87321,1.1967831
2.28,0.09937727,0.13462412,6.031094,77.8692,1.1987627
2.29,0.099689715,0.13544714,6.03046,77.8652,1.2007517
2.3,0.10000328,0.13627636,6.029825,77.861176,1.2027445
2.31,0.10031725,0.13711298,6.029188,77.85714,1.2047427
2.32,0.10063257,0.13794076,6.028549,77.85309,1.2067479
2.33,0.100949146,0.13877332,6.027908,77.849045,1.2087591
2.34,0.101266794,0.1396159,6.027265,77.844955,1.2107784
2.35,0.10158501,0.14045751,6.0266204,77.84087,1.2128
2.36,0.10190477,0.14130318,6.0259724,77.83678,1.2148292
2.37,0.10222571,0.14215076,6.0253234,77.83267,1.2168646
2.38,0.1025467,0.14299929,6.0246735,77.82857,1.2189076
2.39,0.10286955,0.14385545,6.0240197,77.82443,1.2209563
2.4,0.10319302,0.14470828,6.023365,77.82028,1.2230092
2.41,0.103518106,0.14556634,6.0227084,77.81615,1.2250717
2.42,0.10384392,0.14642608,6.02205,77.81196,1.2271369
2.43,0.10417121,0.1472913,6.021388,77.807785,1.2292106
2.44,0.10449871,0.14816153,6.020726,77.8036,1.2312894
2.45,0.10482802,0.149032,6.020061,77.79939,1.2333752
2.46,0.105158634,0.14990747,6.0193944,77.79517,1.2354679
2.47,0.105489664,0.15078056,6.0187244,77.79095,1.2375658
2.48,0.10582236,0.1516627,6.0180545,77.786705,1.239671
2.49,0.10615564,0.1525408,6.0173817,77.782455,1.2417827
2.5,0.10648983,0.1534282,6.0167065,77.77818,1.2438991
2.51,0.106825896,0.15431368,6.0160294,77.77391,1.2460235
2.52,0.1071625,0.15520537,6.0153494,77.76962,1.2481537
2.53,0.1075008,0.15610325,6.0146694,77.76532,1.2502903
2.54,0.107839845,0.15699518,6.013985,77.761,1.2524347
2.55,0.10817946,0.15789592,6.0133,77.75667,1.2545844
2.56,0.10852135,0.15880239,6.012613,77.752335,1.2567408
2.57,0.10886357,0.1597079,6.0119224,77.747986,1.2589052
2.58,0.10920691,0.16062152,6.0112305,77.74361,1.2610741
2.59,0.109551884,0.1615361,6.0105376,77.739235,1.263252
2.6,0.10989743,0.16244876,6.0098405,77.73484,1.2654344
2.61,0.11024479,0.1633681,6.0091424,77.730446,1.2676245
2.62,0.11059279,0.1642884,6.0084424,77.72602,1.2698199
2.63,0.110941835,0.16521537,6.007739,77.72159,1.2720243
2.64,0.11129213,0.16614664,6.0070353,77.71715,1.274235
2.65,0.11164393,0.16708004,6.006328,77.71269,1.2764505
2.66,0.11199681,0.16801322,6.0056195,77.70823,1.2786756
2.67,0.1123508,0.16895235,6.004908,77.703735,1.2809043
2.68,0.11270604,0.16989672,6.0041957,77.69924,1.2831423
2.69,0.11306206,0.17083657,6.0034804,77.69473,1.285387
2.7,0.113419585,0.17178047,6.0027614,77.6902,1.287637
2.71,0.11377781,0.17273796,6.0020423,77.68567,1.2898954
2.72,0.11413816,0.17369354,6.00132,77.681114,1.2921598
2.73,0.11449913,0.17465103,6.0005956,77.67656,1.2944314
2.74,0.11486121,0.17561328,5.99987,77.67198,1.2967099
2.75,0.11522477,0.17657697,5.9991403,77.66739,1.2989961
2.76,0.115589134,0.17754638,5.998409,77.66278,1.301289
2.77,0.115955256,0.17851341,5.9976764,77.65817,1.3035889
2.78,0.11632257,0.17949426,5.9969416,77.653534,1.3058952
2.79,0.11669064,0.18047035,5.9962034,77.648895,1.3082088
2.8,0.117059804,0.18145144,5.995463,77.64423,1.3105303
2.81,0.11743093,0.18243825,5.994721,77.63958,1.3128579
2.82,0.117802836,0.18342078,5.9939766,77.63488,1.3151944
2.83,0.11817574,0.1844188,5.99323,77.63018,1.3175365
2.84,0.11855037,0.18540776,5.9924808,77.62547,1.3198861
2.85,0.11892607,0.18641412,5.991729,77.62074,1.3222429
2.86,0.11930285,0.1874119,5.9909754,77.616005,1.3246067
2.87,0.119681306,0.18841541,5.9902196,77.611244,1.3269776
2.88,0.12006091,0.18942797,5.9894614,77.60647,1.3293563
2.89,0.12044107,0.19044077,5.9887004,77.60169,1.331743
2.9,0.1208233,0.19145525,5.9879384,77.59689,1.334136
2.91,0.121206604,0.19247758,5.9871726,77.59209,1.3365363
2.92,0.1215911,0.19349754,5.986405,77.58726,1.3389448
2.93,0.12197674,0.19452608,5.985635,77.58242,1.3413607
2.94,0.122363664,0.19555962,5.9848623,77.57757,1.3437831
2.95,0.12275208,0.19659317,5.9840875,77.57269,1.3462135
2.96,0.123141445,0.19763386,5.9833107,77.56781,1.3486507
2.97,0.12353239,0.19867074,5.982531,77.56292,1.3510976
2.98,0.12392443,0.19971645,5.981749,77.55799,1.3535496
2.99,0.124318026,0.20076454,5.980965,77.55308,1.3560095
3.0,0.12471298,0.20181787,5.9801774,77.548134,1.3584784
3.01,0.1251092,0.20287454,5.979388,77.54318,1.360954
3.02,0.12550625,0.20393693,5.9785976,77.53821,1.3634381
3.03,0.12590495,0.20499551,5.9778037,77.53321,1.3659271
3.04,0.1263054,0.2060641,5.977008,77.52822,1.3684269
3.05,0.12670645,0.20713413,5.976208,77.52319,1.3709332
3.06,0.12710917,0.20821035,5.9754066,77.51817,1.373447
3.07,0.1275138,0.20928872,5.9746037,77.51312,1.3759693
3.08,0.1279189,0.21036756,5.9737973,77.50808,1.378498
3.09,0.12832531,0.21145618,5.9729886,77.50299,1.3810346
3.1,0.12873352,0.21254385,5.9721775,77.4979,1.3835802
3.11,0.12914321,0.21363533,5.9713635,77.49281,1.3861341
3.12,0.12955394,0.2147342,5.970547,77.48768,1.3886946
3.13,0.12996632,0.2158314,5.9697294,77.48256,1.3912647
3.14,0.13037997,0.21694028,5.968908,77.4774,1.3938395
3.15,0.13079473,0.21805274,5.9680843,77.47224,1.3964249
3.16,0.13121074,0.21916234,5.967259,77.46705,1.3990186
3.17,0.13162819,0.22027862,5.96643,77.46184,1.4016176
3.18,0.13204715,0.22139966,5.9655986,77.45663,1.4042267
3.19,0.13246766,0.22252166,5.9647655,77.45141,1.4068437
3.2,0.13288939,0.22365272,5.963929,77.44617,1.409468
3.21,0.13331288,0.22478735,5.9630895,77.44091,1.4121008
3.22,0.13373739,0.22592199,5.962249,77.43563,1.414742
3.23,0.13416323,0.22705805,5.961405,77.43034,1.417391
3.24,0.13459092,0.22820675,5.9605584,77.42504,1.4200459
3.25,0.13501942,0.22935069,5.959709,77.41972,1.4227122
3.26,0.1354498,0.23050869,5.9588566,77.41437,1.425386
3.27,0.13588136,0.23166549,5.9580026,77.40902,1.4280676
3.28,0.1363149,0.23282456,5.957146,77.40365,1.4307585
3.29,0.13674918,0.233984,5.956286,77.39826,1.4334568
3.3,0.13718504,0.23515606,5.9554243,77.39287,1.436163
3.31,0.13762233,0.23632634,5.9545593,77.38745,1.4388767
3.32,0.1380614,0.23750484,5.9536915,77.38203,1.4416019
3.33,0.13850167,0.23868287,5.9528217,77.37657,1.4443328
3.34,0.13894361,0.23987138,5.9519486,77.37109,1.4470729
3.35,0.1393866,0.24105847,5.951073,77.365616,1.4498212
3.36,0.13983095,0.24225175,5.9501953,77.360115,1.4525787
3.37,0.14027727,0.24345136,5.9493146,77.3546,1.455344
3.38,0.14072502,0.24465132,5.948431,77.349075,1.4581194
3.39,0.14117408,0.24585915,5.947545,77.34352,1.4609013
3.4,0.14162472,0.24707079,5.9466558,77.33796,1.4636928
3.41,0.14207643,0.24827719,5.9457645,77.33239,1.4664922
3.42,0.14253008,0.24949539,5.9448705,77.32679,1.4693
3.43,0.14298508,0.25071883,5.9439726,77.321175,1.4721168
3.44,0.1434417,0.25195014,5.943074,77.31555,1.4749426
3.45,0.14389986,0.25317872,5.9421706,77.3099,1.4777771
3.46,0.14435914,0.2544154,5.941265,77.30423,1.4806205
3.47,0.14482012,0.25565016,5.9403567,77.29856,1.4834727
3.48,0.14528295,0.25689828,5.939447,77.29287,1.4863333
3.49,0.14574745,0.25814843,5.938533,77.287155,1.4892025
3.5,0.14621285,0.2594018,5.9376163,77.28142,1.4920809
3.51,0.14668,0.26066232,5.936698,77.275665,1.4949679
3.52,0.14714858,0.26191878,5.935776,77.269905,1.4978635
3.53,0.14761901,0.26318085,5.934851,77.26413,1.500769
3.54,0.1480909,0.2644571,5.9339237,77.25832,1.5036818
3.55,0.14856368,0.2657286,5.932994,77.2525,1.5066054
3.56,0.14903894,0.26700962,5.9320602,77.24667,1.5095369
3.57,0.14951524,0.2682923,5.931124,77.24082,1.5124778
3.58,0.14999336,0.269583,5.930186,77.23496,1.5154281
3.59,0.15047342,0.27087116,5.929243,77.22907,1.5183872
3.6,0.15095419,0.2721722,5.928299,77.22317,1.5213553
3.61,0.1514371,0.27347362,5.927351,77.21725,1.5243319
3.62,0.15192148,0.27478397,5.9264016,77.2113,1.5273188
3.63,0.15240735,0.27608812,5.9254484,77.205345,1.5303135
3.64,0.15289515,0.27740896,5.924492,77.19936,1.5333186
3.65,0.153384,0.27872455,5.923533,77.19339,1.5363327
3.66,0.15387487,0.28005338,5.922572,77.18738,1.5393554
3.67,0.15436721,0.2813797,5.921607,77.18135,1.5423883
3.68,0.15486166,0.2827103,5.9206395,77.1753,1.5454308
3.69,0.15535685,0.28405714,5.919669,77.16923,1.5484804
3.7,0.1558545,0.2853948,5.918694,77.163155,1.5515422
3.71,0.15635282,0.2867385,5.9177175,77.15707,1.5546111
3.72,0.15685356,0.28809178,5.9167385,77.15095,1.5576906
3.73,0.15735582,0.28945267,5.915756,77.1448,1.560781
3.74,0.15785968,0.29081714,5.9147706,77.13865,1.5638787
3.75,0.1583648,0.2921809,5.9137826,77.132484,1.5669863
3.76,0.15887174,0.29355335,5.9127903,77.12629,1.5701026
3.77,0.1593808,0.29493022,5.9117956,77.120094,1.5732307
3.78,0.15989125,0.29631376,5.910798,77.11386,1.5763673
3.79,0.16040355,0.29770005,5.9097977,77.10761,1.5795128
3.8,0.16091737,0.29909098,5.908794,77.10136,1.5826689
3.81,0.16143271,0.30048,5.9077873,77.09507,1.5858347
3.82,0.16194993,0.30188334,5.906778,77.08877,1.5890098
3.83,0.16246864,0.30328572,5.905765,77.08245,1.592194
3.84,0.16298941,0.30469942,5.9047503,77.07611,1.5953885
3.85,0.16351151,0.30611384,5.9037304,77.069756,1.5985942
3.86,0.16403562,0.30753148,5.9027085,77.06338,1.6018083
3.87,0.16456154,0.3089584,5.901684,77.05699,1.6050329
3.88,0.16508889,0.31038487,5.9006553,77.05057,1.6082665
3.89,0.1656177,0.31182683,5.899625,77.04413,1.6115117
3.9,0.16614845,0.31326306,5.8985896,77.03768,1.6147643
3.91,0.16668129,0.3147086,5.8975525,77.03121,1.6180288
3.92,0.16721556,0.3161521,5.896513,77.02473,1.6213025
3.93,0.16775143,0.31761312,5.895468,77.01821,1.6245867
3.94,0.16828957,0.3190769,5.894421,77.011696,1.6278812
3.95,0.16882902,0.3205396,5.893371,77.00514,1.6311861
3.96,0.16937056,0.3220092,5.8923187,76.99856,1.6344995
3.97,0.16991371,0.32348454,5.891262,76.991974,1.6378243
3.98,0.17045859,0.32496512,5.8902025,76.98538,1.6411593
3.99,0.17100528,0.32644796,5.889139,76.97876,1.6445038
4.0,0.17155358,0.32794046,5.888073,76.9721,1.6478585
4.01,0.17210421,0.3294376,5.8870044,76.96543,1.651225
4.02,0.17265594,0.33093894,5.885932,76.95875,1.6546011
4.03,0.17321017,0.3324424,5.884856,76.95205,1.6579871
4.04,0.17376578,0.3339529,5.883778,76.94531,1.6613832
4.05,0.17432311,0.3354721,5.882695,76.938576,1.6647893
4.06,0.17488292,0.33699095,5.8816094,76.93181,1.6682075
4.07,0.17544383,0.33852375,5.8805213,76.92502,1.6716352
4.08,0.17600694,0.34005475,5.8794293,76.91822,1.6750737
4.09,0.17657182,0.341591,5.878335,76.91139,1.6785228
4.1,0.17713821,0.3431331,5.8772364,76.90454,1.6819813
4.11,0.17770681,0.34468305,5.8761344,76.89768,1.6854521
4.12,0.17827743,0.3462336,5.8750296,76.8908,1.6889328
4.13,0.17884955,0.34779596,5.87392,76.88389,1.692424
4.14,0.1794236,0.3493632,5.8728085,76.87695,1.6959261
4.15,0.1799995,0.35092914,5.871693,76.87002,1.6994393
4.16,0.18057743,0.3525046,5.8705745,76.86303,1.7029616
4.17,0.18115711,0.35408795,5.8694525,76.85606,1.7064968
4.18,0.18173862,0.3556744,5.868328,76.84905,1.7100421
4.19,0.18232265,0.3572626,5.8671994,76.842026,1.713598
4.2,0.18290776,0.35886264,5.866067,76.83496,1.7171644
4.21,0.18349504,0.36046994,5.8649316,76.82789,1.720743
4.22,0.18408477,0.36207354,5.863793,76.82081,1.7243316
4.23,0.18467557,0.3636893,5.8626504,76.81368,1.7279315
4.24,0.18526867,0.36530483,5.8615055,76.80654,1.7315412
4.25,0.185864,0.36693382,5.8603554,76.7994,1.7351636
4.26,0.18646127,0.36856413,5.859204,76.79222,1.7387961
4.27,0.18705997,0.37020218,5.858047,76.78501,1.7424417
4.28,0.18766078,0.37184227,5.8568873,76.777794,1.7460958
4.29,0.18826422,0.37349653,5.855726,76.770546,1.7497627
4.3,0.18886891,0.37514675,5.8545585,76.76329,1.7534399
4.31,0.18947566,0.37681055,5.853389,76.75601,1.7571294
4.32,0.19008434,0.37847316,5.8522162,76.748695,1.7608297
4.33,0.19069526,0.3801402,5.851038,76.74137,1.7645404
4.34,0.19130799,0.38181913,5.849858,76.73403,1.7682635
4.35,0.19192266,0.38350403,5.8486743,76.72665,1.771997
4.36,0.1925393,0.3851925,5.847487,76.71926,1.7757431
4.37,0.19315788,0.3868866,5.8462954,76.711845,1.7795002
4.38,0.19377878,0.38858712,5.8451004,76.704414,1.7832687
4.39,0.1944015,0.39029515,5.8439026,76.69694,1.7870495
4.4,0.19502649,0.3920058,5.842701,76.689476,1.7908417
4.41,0.1956535,0.39372098,5.8414955,76.68198,1.7946447
4.42,0.19628242,0.39544392,5.840286,76.67444,1.7984588
4.43,0.1969131,0.39717603,5.839073,76.66689,1.8022858
4.44,0.19754645,0.3989073,5.8378572,76.65932,1.8061242
4.45,0.19818124,0.40065563,5.8366365,76.651726,1.8099747
4.46,0.19881839,0.40239966,5.8354135,76.644104,1.8138356
4.47,0.19945806,0.40415287,5.8341866,76.63648,1.8177099
4.48,0.2000992,0.40591633,5.8329554,76.62881,1.821596
4.49,0.20074269,0.40768397,5.8317213,76.62113,1.8254932
4.5,0.20138827,0.4094504,5.8304825,76.61342,1.8294028
4.51,0.20203602,0.4112283,5.829241,76.60569,1.833324
4.52,0.20268583,0.41301262,5.827995,76.597946,1.8372579
4.53,0.20333731,0.41480696,5.8267455,76.590164,1.841203
4.54,0.20399165,0.41660583,5.8254924,76.582375,1.8451594
4.55,0.20464784,0.41840756,5.824236,76.574554,1.8491303
4.56,0.20530587,0.42021573,5.822975,76.5667,1.8531126
4.57,0.20596632,0.42202568,5.8217106,76.55883,1.857105
4.58,0.20662904,0.42385018,5.8204427,76.55094,1.8611109
4.59,0.20729351,0.42567885,5.819171,76.54304,1.86513
4.6,0.20796001,0.42750847,5.8178945,76.5351,1.8691597
4.61,0.20862931,0.4293481,5.816615,76.52712,1.8732044
4.62,0.20930055,0.4311973,5.815332,76.51914,1.8772584
4.63,0.20997429,0.43305588,5.8140445,76.51115,1.881326
4.64,0.21064973,0.43491066,5.8127537,76.503105,1.8854061
4.65,0.21132764,0.43677986,5.8114586,76.49503,1.8894995
4.66,0.21200806,0.43865192,5.81016,76.48697,1.8936044
4.67,0.2126899,0.44052982,5.808857,76.47886,1.897723
4.68,0.21337411,0.44241905,5.8075514,76.470726,1.9018519
4.69,0.21406081,0.44431114,5.8062406,76.46258,1.9059955
4.7,0.21474981,0.4462062,5.8049254,76.45439,1.9101511
4.71,0.21544114,0.44811118,5.8036065,76.4462,1.9143201
4.72,0.21613497,0.4500246,5.802285,76.43797,1.9185009
4.73,0.21682996,0.451939,5.800959,76.429726,1.9226947
4.74,0.21752796,0.45386946,5.799629,76.42145,1.926902
4.75,0.21822846,0.45579565,5.798295,76.41315,1.931121
4.76,0.21893117,0.4577384,5.796957,76.40482,1.9353542
4.77,0.21963578,0.4596833,5.7956147,76.39648,1.9395995
4.78,0.22034335,0.461635,5.794268,76.38809,1.9438585
4.79,0.2210525,0.46359003,5.7929187,76.37971,1.948129
4.8,0.22176412,0.46555948,5.7915645,76.371284,1.952414
4.81,0.22247845,0.46753263,5.7902064,76.36283,1.9567124
4.82,0.22319499,0.46950734,5.7888446,76.35436,1.9610236
4.83,0.22391376,0.47149456,5.787479,76.345856,1.965347
4.84,0.22463503,0.473482,5.7861085,76.33733,1.9696852
4.85,0.22535786,0.4754858,5.7847347,76.32879,1.9740345
4.86,0.2260837,0.47749102,5.7833557,76.320206,1.9783989
4.87,0.22681254,0.47950017,5.781974,76.31161,1.9827762
4.88,0.22754282,0.48152637,5.7805862,76.30298,1.9871672
4.89,0.2282759,0.48355544,5.779196,76.29432,1.9915713
4.9,0.22901097,0.4855889,5.7778015,76.285645,1.995989
4.91,0.22974887,0.48763025,5.7764025,76.27693,2.0004208
4.92,0.23048893,0.4896742,5.7749996,76.26821,2.0048652
4.93,0.23123163,0.4917276,5.7735925,76.259445,2.0093231
4.94,0.2319766,0.49379075,5.772181,76.25067,2.0137954
4.95,0.23272401,0.4958645,5.7707653,76.24187,2.01828
4.96,0.23347369,0.49793863,5.7693453,76.233025,2.02278
4.97,0.23422611,0.50002086,5.7679214,76.224174,2.0272932
4.98,0.23498064,0.5021142,5.766494,76.215294,2.0318203
4.99,0.23573813,0.50421226,5.765061,76.20639,2.0363603
5.0,0.23649794,0.5063145,5.7636237,76.19744,2.0409153
5.01,0.2372599,0.5084232,5.7621827,76.18848,2.0454836
5.02,0.2380248,0.5105487,5.7607374,76.179474,2.0500672
5.03,0.23879185,0.51267314,5.759287,76.170456,2.054664
5.04,0.23956165,0.5148076,5.757833,76.16141,2.059275
5.05,0.24033397,0.51695216,5.756375,76.15234,2.0639002
5.06,0.24110878,0.5191008,5.754913,76.14324,2.0685382
5.07,0.24188581,0.52125883,5.753445,76.1341,2.073192
5.08,0.24266544,0.5234233,5.7519746,76.124954,2.0778599
5.09,0.24344745,0.5255896,5.7504992,76.115776,2.082541
5.1,0.24423295,0.52776873,5.7490187,76.10656,2.087237
5.11,0.24502045,0.52995694,5.747534,76.09732,2.091948
5.12,0.24581042,0.5321561,5.746046,76.088066,2.0966733
5.13,0.24660257,0.53435314,5.744552,76.078766,2.1014135
5.14,0.24739829,0.53655934,5.743054,76.06946,2.1061661
5.15,0.24819607,0.53878105,5.741552,76.060104,2.1109354
5.16,0.24899676,0.54100525,5.740046,76.05072,2.1157184
5.17,0.24979964,0.54323924,5.7385345,76.04131,2.1205158
5.18,0.2506052,0.5454761,5.73702,76.03189,2.125328
5.19,0.25141364,0.5477241,5.7354994,76.02243,2.1301558
5.2,0.2522244,0.5499791,5.733975,76.01295,2.1349974
5.21,0.25303814,0.55224156,5.732446,76.003426,2.139855
5.22,0.25385463,0.55451095,5.730913,75.99389,2.1447265
5.23,0.25467375,0.5567919,5.729375,75.9843,2.1496131
5.24,0.25549516,0.5590757,5.7278323,75.97471,2.154515
5.25,0.25631937,0.56136906,5.726285,75.96507,2.1594322
5.26,0.25714657,0.56367385,5.724733,75.955414,2.164363
5.27,0.25797597,0.5659863,5.7231774,75.94574,2.1693099
5.28,0.2588091,0.5683013,5.721617,75.93601,2.1742728
5.29,0.25964388,0.5706259,5.7200513,75.92627,2.1792498
5.3,0.26048192,0.57296,5.7184806,75.91649,2.184242
5.31,0.26132244,0.5753033,5.7169056,75.90669,2.1892507
5.32,0.26216605,0.57765305,5.715327,75.89685,2.1942732
5.33,0.2630121,0.58001065,5.7137427,75.887,2.1993113
5.34,0.26386115,0.58237875,5.7121534,75.8771,2.2043653
5.35,0.2647127,0.584756,5.71056,75.867165,2.2094352
5.36,0.26556757,0.58713555,5.7089615,75.85723,2.2145207
5.37,0.26642478,0.58952534,5.707359,75.84725,2.2196207
5.38,0.267285,0.5919266,5.7057514,75.83723,2.2247372
5.39,0.26814765,0.59433746,5.7041388,75.827194,2.2298696
5.4,0.26901338,0.59675324,5.7025213,75.817116,2.235016
5.41,0.2698822,0.5991775,5.7009,75.80703,2.24018
5.42,0.2707539,0.6016071,5.6992726,75.79689,2.2453592
5.43,0.27162805,0.6040479,5.697642,75.78673,2.2505543
5.44,0.27250513,0.6064962,5.696005,75.776535,2.255765
5.45,0.27338496,0.6089511,5.6943645,75.76631,2.2609918
5.46,0.27426863,0.61142004,5.692719,75.75605,2.2662349
5.47,0.2751541,0.6138972,5.691068,75.74578,2.271495
5.48,0.27604333,0.61637926,5.689412,75.73546,2.2767692
5.49,0.27693453,0.61887205,5.6877513,75.72512,2.282061
5.5,0.27782926,0.6213722,5.686086,75.714745,2.2873678
5.51,0.27872705,0.623876,5.684416,75.70433,2.2926924
5.52,0.2796273,0.62639534,5.68274,75.69388,2.298032
5.53,0.28053108,0.6289238,5.681061,75.683426,2.3033895
5.54,0.28143767,0.631457,5.6793747,75.672935,2.3087628
5.55,0.2823469,0.6340033,5.677685,75.6624,2.3141513
5.56,0.28325933,0.63655794,5.6759896,75.65183,2.3195586
5.57,0.28417447,0.63911545,5.674289,75.64122,2.32498
5.58,0.28509295,0.6416874,5.6725845,75.63061,2.3304195
5.59,0.28601405,0.64426196,5.6708746,75.61994,2.335875
5.6,0.28693882,0.64685273,5.66916,75.60925,2.3413475
5.61,0.28786585,0.6494472,5.6674395,75.59854,2.3468363
5.62,0.28879684,0.6520573,5.665715,75.587776,2.3523428
5.63,0.28973022,0.65467215,5.663984,75.576996,2.357866
5.64,0.2906668,0.65729177,5.6622486,75.56617,2.3634062
5.65,0.29160628,0.6599262,5.660508,75.55532,2.3689628
5.66,0.29254916,0.6625693,5.658763,75.54444,2.3745372
5.67,0.29349494,0.6652204,5.657012,75.53353,2.380127
5.68,0.29444364,0.6678767,5.655256,75.52257,2.385736
5.69,0.29539576,0.6705471,5.653495,75.51158,2.391361
5.7,0.29635164,0.67322385,5.651729,75.50057,2.3970053
5.71,0.2973096,0.6759082,5.6499577,75.489525,2.4026637
5.72,0.2982712,0.6786089,5.6481814,75.47844,2.4083424
5.73,0.29923603,0.6813108,5.646399,75.46733,2.4140363
5.74,0.30020365,0.6840278,5.644612,75.45618,2.419748
5.75,0.3011747,0.6867548,5.642821,75.445,2.4254785
5.76,0.30214873,0.6894833,5.641024,75.43378,2.431225
5.77,0.30312613,0.69222915,5.63922,75.42254,2.4369895
5.78,0.30410698,0.6949855,5.6374125,75.41125,2.4427722
5.79,0.30509058,0.6977408,5.635599,75.39993,2.4485717
5.8,0.30607775,0.70051515,5.6337814,75.38859,2.4543896
5.81,0.30706787,0.7032964,5.631957,75.3772,2.4602268
5.82,0.3080617,0.706092,5.6301274,75.36578,2.46608
5.83,0.30905798,0.7088896,5.6282935,75.354324,2.4719505
5.84,0.31005833,0.7116991,5.626453,75.34284,2.4778414
5.85,0.3110616,0.7145196,5.624608,75.331314,2.4837482
5.86,0.3120685,0.71734774,5.622758,75.31976,2.4896727
5.87,0.31307876,0.720188,5.620901,75.30817,2.4956183
5.88,0.31409177,0.7230395,5.619041,75.29655,2.5015788
5.89,0.31510833,0.7258936,5.6171737,75.28489,2.5075595
5.9,0.31612828,0.7287642,5.6153007,75.27321,2.5135593
5.91,0.3171517,0.7316412,5.613423,75.26147,2.5195765
5.92,0.31817845,0.73453057,5.6115394,75.24971,2.5256107
5.93,0.31920823,0.73742783,5.609651,75.23791,2.5316648
5.94,0.32024187,0.7403337,5.607756,75.22607,2.5377383
5.95,0.32127863,0.74325085,5.6058564,75.21421,2.5438292
5.96,0.32231882,0.7461816,5.603951,75.20229,2.5499384
5.97,0.32336253,0.74912083,5.6020403,75.19036,2.5560658
5.98,0.32440993,0.75207317,5.600124,75.17838,2.5622144
5.99,0.32546017,0.7550274,5.598202,75.16637,2.5683796
6.0,0.32651398,0.7579955,5.5962744,75.15431,2.5745647
6.01,0.3275713,0.76097333,5.5943413,75.14224,2.5807667
6.02,0.32863274,0.76396596,5.592402,75.13011,2.5869908
6.03,0.32969683,0.766961,5.590458,75.11796,2.5932329
6.04,0.33076477,0.7699739,5.5885077,75.10576,2.599493
6.05,0.33183613,0.7729906,5.586552,75.093544,2.605773
6.06,0.33291146,0.7760178,5.5845904,75.08126,2.6120727
6.07,0.33398983,0.77906144,5.5826225,75.06898,2.618391
6.08,0.33507177,0.78210986,5.5806503,75.056625,2.624728
6.09,0.33615735,0.78517544,5.578672,75.04424,2.6310859
6.1,0.33724615,0.78824425,5.5766873,75.03183,2.6374614
6.11,0.33833876,0.7913283,5.5746975,75.01938,2.643859
6.12,0.3394352,0.7944212,5.572701,75.00689,2.6502726
6.13,0.34053496,0.79752326,5.5707,74.994354,2.6567085
6.14,0.34163854,0.8006383,5.5686927,74.98179,2.6631632
6.15,0.3427458,0.80376697,5.5666795,74.96919,2.6696382
6.16,0.34385636,0.8068992,5.5646605,74.95656,2.6761324
6.17,0.34497073,0.8100469,5.562635,74.94387,2.6826472
6.18,0.34608868,0.81320035,5.560605,74.93116,2.689181
6.19,0.34721068,0.81636965,5.5585675,74.91841,2.695735
6.2,0.348336,0.81954527,5.556526,74.9056,2.7023091
6.21,0.34946516,0.8227395,5.5544777,74.89277,2.708903
6.22,0.35059777,0.8259382,5.552422,74.87993,2.715518
6.23,0.3517343,0.829152,5.5503626,74.86702,2.7221522
6.24,0.3528743,0.8323679,5.548297,74.85406,2.7288065
6.25,0.35401878,0.8356055,5.546224,74.841095,2.7354815
6.26,0.35516664,0.83884966,5.544146,74.828064,2.7421782
6.27,0.3563181,0.8421048,5.542062,74.815,2.7488935
6.28,0.35747287,0.84537494,5.539972,74.801895,2.7556279
6.29,0.35863242,0.8486544,5.5378747,74.788765,2.7623868
6.3,0.35979483,0.85194266,5.5357733,74.77558,2.7691638
6.31,0.36096117,0.8552445,5.533665,74.76236,2.7759624
6.32,0.36213228,0.8585557,5.5315504,74.74911,2.7827806
6.33,0.36330667,0.86188114,5.5294294,74.73581,2.7896209
6.34,0.36448476,0.86521506,5.527303,74.72247,2.7964814
6.35,0.3656669,0.8685565,5.525171,74.70909,2.803362
6.36,0.36685273,0.8719162,5.5230317,74.69567,2.8102655
6.37,0.36804298,0.87528396,5.520888,74.682205,2.8171885
6.38,0.36923632,0.87866724,5.518737,74.66872,2.8241332
6.39,0.37043408,0.88205445,5.51658,74.65517,2.831099
6.4,0.37163535,0.88546014,5.514416,74.64159,2.8380847
6.41,0.37284073,0.88887525,5.5122476,74.627975,2.8450935
6.42,0.3740504,0.8923062,5.5100703,74.61432,2.8521235
6.43,0.37526354,0.8957397,5.5078883,74.600624,2.8591738
6.44,0.3764811,0.8991885,5.5057006,74.58688,2.8662457
6.45,0.37770262,0.90265477,5.5035057,74.57308,2.8733404
6.46,0.37892756,0.90612996,5.5013056,74.559265,2.8804555
6.47,0.38015696,0.9096147,5.499099,74.5454,2.8875923
6.48,0.38139066,0.9131131,5.4968853,74.531494,2.8947515
6.49,0.38262835,0.91662395,5.4946647,74.517555,2.9019332
6.5,0.38386974,0.920143,5.4924393,74.50356,2.9091346
6.51,0.385115,0.9236785,5.4902077,74.489525,2.9163582
6.52,0.38636455,0.9272225,5.487969,74.47546,2.9236045
6.53,0.38761845,0.93077874,5.4857235,74.46133,2.9308732
6.54,0.38887617,0.9343494,5.483472,74.44717,2.9381635
6.55,0.39013824,0.9379369,5.4812145,74.43298,2.9454768
6.56,0.39140394,0.9415287,5.478951,74.41875,2.9528105
6.57,0.3926737,0.9451375,5.4766793,74.40446,2.9601674
6.58,0.39394835,0.94875264,5.4744024,74.39014,2.967547
6.59,0.39522704,0.95238435,5.4721193,74.375755,2.9749486
6.6,0.3965098,0.9560338,5.4698286,74.36134,2.982373
6.61,0.39779672,0.9596869,5.4675317,74.346886,2.9898193
6.62,0.39908764,0.96335435,5.4652286,74.33239,2.9972882
6.63,0.40038297,0.9670346,5.462919,74.31784,3.004781
6.64,0.40168223,0.97072995,5.460603,74.30326,3.012295
6.65,0.40298566,0.9744381,5.4582815,74.288635,3.0198321
6.66,0.4042937,0.97815835,5.455951,74.273964,3.0273914
6.67,0.40560642,0.9818846,5.453616,74.259254,3.0349755
6.68,0.40692297,0.9856299,5.4512734,74.24448,3.042581
6.69,0.40824363,0.98938644,5.448924,74.22969,3.0502107
6.7,0.4095684,0.9931598,5.446568,74.21483,3.0578628
6.71,0.41089848,0.9969373,5.444206,74.19994,3.0655386
6.72,0.412232,1.0007362,5.441838,74.185005,3.0732362
6.73,0.41356996,1.0045443,5.4394603,74.17001,3.0809584
6.74,0.4149126,1.008366,5.4370785,74.15499,3.0887032
6.75,0.41625974,1.0122,5.4346905,74.139915,3.0964718
6.76,0.41761056,1.0160476,5.4322934,74.12481,3.1042647
6.77,0.41896656,1.0199069,5.4298906,74.10964,3.1120803
6.78,0.42032662,1.0237828,5.427482,74.09444,3.11992
6.79,0.4216908,1.0276686,5.4250665,74.079185,3.1277819
6.8,0.42305997,1.0315663,5.4226427,74.06389,3.1356692
6.81,0.42443326,1.0354811,5.420213,74.04855,3.1435792
6.82,0.42581102,1.0394046,5.417777,74.033165,3.1515138
6.83,0.4271935,1.0433469,5.4153347,74.01773,3.1594722
6.84,0.4285805,1.0472996,5.412884,74.00226,3.167455
6.85,0.42997184,1.0512693,5.4104266,73.98673,3.175461
6.86,0.4313676,1.0552442,5.407963,73.97115,3.1834912
6.87,0.43276778,1.0592388,5.405493,73.95553,3.191546
6.88,0.43417278,1.0632442,5.4030147,73.93987,3.1996257
6.89,0.43558213,1.0672687,5.4005303,73.92416,3.207729
6.9,0.43699613,1.0713028,5.398039,73.90841,3.2158558
6.91,0.43841454,1.0753493,5.395541,73.89261,3.2240086
6.92,0.43983814,1.0794129,5.3930354,73.876755,3.232185
6.93,0.44126633,1.0834879,5.3905225,73.860855,3.2403874
6.94,0.44269863,1.0875741,5.3880033,73.8449,3.2486143
6.95,0.4441357,1.0916783,5.385477,73.82892,3.2568634
6.96,0.44557747,1.0957958,5.3829436,73.812874,3.2651398
6.97,0.44702396,1.099924,5.3804035,73.79679,3.2734406
6.98,0.44847545,1.104073,5.377856,73.780655,3.2817662
6.99,0.44993111,1.1082308,5.375302,73.76447,3.290116
7.0,0.4513918,1.1124051,5.372739,73.748245,3.2984922
7.01,0.45285758,1.1165876,5.3701706,73.73196,3.306893
7.02,0.45432708,1.1207885,5.367595,73.71564,3.3153183
7.03,0.455802,1.1250082,5.3650117,73.699265,3.3237712
7.04,0.4572818,1.1292359,5.3624215,73.68283,3.3322477
7.05,0.45876613,1.13348,5.359824,73.66637,3.340749
7.06,0.460255,1.1377416,5.3572197,73.64984,3.3492775
7.07,0.46174905,1.1420127,5.354608,73.63327,3.3578303
7.08,0.46324787,1.1462994,5.351989,73.61665,3.3664079
7.09,0.4647514,1.1505984,5.3493633,73.59998,3.3750126
7.1,0.46625933,1.1549159,5.34673,73.58326,3.3836424
7.11,0.46777365,1.1592481,5.3440895,73.566505,3.3923001
7.12,0.46929178,1.1635952,5.3414416,73.54968,3.4009817
7.13,0.4708148,1.1679536,5.3387866,73.532814,3.4096897
7.14,0.47234258,1.1723269,5.336125,73.51591,3.4184225
7.15,0.47387573,1.176722,5.3334537,73.49893,3.4271827
7.16,0.47541353,1.1811209,5.330778,73.481926,3.4359689
7.17,0.47695646,1.1855406,5.3280935,73.46486,3.4447815
7.18,0.4785042,1.189973,5.3254023,73.44774,3.4536204
7.19,0.4800569,1.1944237,5.3227024,73.43058,3.4624858
7.2,0.48161486,1.1988882,5.3199964,73.41335,3.4713778
7.21,0.4831775,1.2033678,5.3172827,73.396095,3.4802969
7.22,0.4847454,1.207859,5.3145623,73.37876,3.4892402
7.23,0.48631856,1.2123677,5.311833,73.36139,3.4982126
7.24,0.4878964,1.2168916,5.309097,73.34396,3.5072105
7.25,0.4894795,1.2214336,5.3063536,73.326485,3.5162363
7.26,0.4910675,1.2259889,5.303603,73.30897,3.5252879
7.27,0.4926605,1.230554,5.3008437,73.29139,3.5343666
7.28,0.49425903,1.2351422,5.2980785,73.27376,3.543473
7.29,0.49586263,1.2397441,5.295305,73.25609,3.5526068
7.3,0.49747154,1.2443602,5.292524,73.23835,3.5617666
7.31,0.49908486,1.2489884,5.2897353,73.220566,3.570954
7.32,0.5007037,1.2536333,5.2869396,73.20272,3.5801692
7.33,0.50232774,1.2582995,5.2841353,73.18484,3.5894113
7.34,0.50395745,1.2629789,5.2813234,73.16688,3.5986824
7.35,0.50559205,1.2676729,5.278505,73.14888,3.6079779
7.36,0.5072319,1.2723824,5.2756777,73.130844,3.617304
7.37,0.50887704,1.2771077,5.272844,73.11274,3.6266563
7.38,0.510527,1.2818483,5.2700024,73.09459,3.6360362
7.39,0.51218265,1.2866095,5.2671533,73.07639,3.6454449
7.4,0.51384383,1.29138,5.264295,73.05813,3.6548812
7.41,0.5155096,1.296172,5.261431,73.03981,3.6643443
7.42,0.51718134,1.3009775,5.2585588,73.02144,3.673836
7.43,0.51885825,1.3057967,5.255678,73.00302,3.6833565
7.44,0.52054054,1.3106368,5.2527895,72.98454,3.692905
7.45,0.5222276,1.3154887,5.249894,72.965996,3.7024813
7.46,0.5239211,1.3203578,5.246991,72.947426,3.7120874
7.47,0.5256193,1.3252406,5.2440786,72.92879,3.7217202
7.48,0.52732307,1.3301502,5.2411604,72.910095,3.7313824
7.49,0.5290325,1.3350694,5.238234,72.89135,3.7410738
7.5,0.530747,1.3400009,5.2352986,72.87253,3.7507925
7.51,0.5324672,1.3449508,5.2323565,72.85368,3.7605395
7.52,0.5341925,1.3499184,5.229406,72.83478,3.770316
7.53,0.5359239,1.3549097,5.226448,72.8158,3.7801213
7.54,0.5376603,1.3599075,5.2234817,72.79677,3.7899563
7.55,0.53940314,1.364926,5.220507,72.77768,3.79982
7.56,0.5411505,1.3699632,5.2175255,72.75856,3.809712
7.57,0.54290396,1.3750122,5.2145357,72.73936,3.8196342
7.58,0.54466224,1.380083,5.211538,72.720116,3.8295844
7.59,0.54642695,1.385168,5.2085323,72.700806,3.839565
7.6,0.54819643,1.3902713,5.2055182,72.68145,3.8495739
7.61,0.54997236,1.3953896,5.2024965,72.66203,3.8596132
7.62,0.5517539,1.4005255,5.1994658,72.642555,3.8696826
7.63,0.5535404,1.4056758,5.196429,72.62301,3.8797808
7.64,0.55533314,1.4108452,5.1933837,72.60344,3.8899088
7.65,0.5571314,1.4160382,5.1903296,72.583786,3.9000657
7.66,0.5589356,1.421241,5.1872673,72.56408,3.910253
7.67,0.5607446,1.4264635,5.184198,72.54433,3.92047
7.68,0.5625604,1.4317048,5.1811194,72.5245,3.9307177
7.69,0.5643814,1.4369601,5.1780334,72.50462,3.9409943
7.7,0.5662084,1.4422338,5.1749396,72.48469,3.9513018
7.71,0.5680411,1.4475234,5.1718373,72.46469,3.96164
7.72,0.56987983,1.4528354,5.168727,72.44463,3.9720078
7.73,0.571724,1.4581625,5.1656075,72.42453,3.982406
7.74,0.57357377,1.4635075,5.162481,72.40438,3.9928348
7.75,0.5754299,1.4688704,5.1593456,72.38414,4.003295
7.76,0.5772916,1.474243,5.1562023,72.36386,4.013785
7.77,0.5791596,1.4796432,5.1530514,72.34352,4.0243053
7.78,0.58103323,1.4850634,5.149891,72.32311,4.0348573
7.79,0.58291227,1.4904946,5.1467237,72.302635,4.045439
7.8,0.5847976,1.4959487,5.143548,72.28212,4.056052
7.81,0.5866895,1.501419,5.140363,72.26154,4.0666957
7.82,0.58858633,1.5069051,5.1371703,72.2409,4.077372
7.83,0.59048986,1.5124097,5.13397,72.220215,4.088078
7.84,0.59239906,1.517933,5.13076,72.19943,4.0988145
7.85,0.5943145,1.5234772,5.127543,72.17863,4.109584
7.86,0.59623593,1.5290333,5.124317,72.15773,4.1203847
7.87,0.59816325,1.5346158,5.121082,72.13679,4.1312156
7.88,0.60009646,1.5402129,5.117841,72.11578,4.142078
7.89,0.6020362,1.5458263,5.1145897,72.09472,4.152973
7.9,0.6039811,1.5514646,5.111329,72.07359,4.1638994
7.91,0.60593283,1.5571133,5.1080613,72.05241,4.1748567
7.92,0.60789096,1.5627896,5.104785,72.031166,4.185849
7.93,0.609855,1.5684726,5.101501,72.00986,4.196869
7.94,0.6118254,1.5741857,5.0982084,71.98849,4.207924
7.95,0.61380154,1.5799111,5.0949063,71.96704,4.2190094
7.96,0.61578375,1.5856553,5.091595,71.94556,4.230128
7.97,0.61777264,1.5914232,5.0882773,71.923996,4.2412777
7.98,0.61976725,1.597207,5.08495,71.902374,4.252461
7.99,0.6217684,1.6030062,5.081615,71.88069,4.263676
8.0,0.623776,1.6088296,5.07827,71.85894,4.2749243
8.01,0.6257898,1.6146743,5.0749173,71.83713,4.2862043
8.02,0.62780946,1.620531,5.0715566,71.815254,4.297516
8.03,0.6298362,1.6264167,5.0681868,71.793335,4.3088617
8.04,0.6318685,1.63231,5.0648084,71.77134,4.32024
8.05,0.63390774,1.6382282,5.061421,71.74928,4.331652
8.06,0.6359529,1.6441646,5.0580244,71.72716,4.3430953
8.07,0.63800436,1.6501261,5.054621,71.70496,4.3545713
8.08,0.640063,1.656104,5.051208,71.68271,4.3660836
8.09,0.64212716,1.6620951,5.0477867,71.660385,4.377626
8.1,0.6441985,1.6681111,5.0443563,71.63801,4.3892045
8.11,0.64627534,1.6741441,5.040918,71.61557,4.400814
8.12,0.6483592,1.6802012,5.0374703,71.59307,4.412456
8.13,0.6504497,1.6862758,5.0340137,71.57049,4.4241343
8.14,0.6525462,1.6923647,5.030549,71.547844,4.435844
8.15,0.6546496,1.6984794,5.0270753,71.52515,4.4475884
8.16,0.65675956,1.7046155,5.0235934,71.50238,4.459365
8.17,0.658876,1.7107669,5.0201015,71.479546,4.4711785
8.18,0.6609991,1.7169455,5.0166006,71.45663,4.4830246
8.19,0.6631286,1.72314,5.013092,71.43367,4.494902
8.2,0.66526514,1.7293515,5.0095754,71.41065,4.506817
8.21,0.66740805,1.7355839,5.0060487,71.38753,4.5187654
8.22,0.6695574,1.741845,5.002513,71.36438,4.5307484
8.23,0.67171353,1.7481176,4.9989686,71.34115,4.5427647
8.24,0.6738766,1.754416,4.995416,71.31784,4.554816
8.25,0.6760462,1.7607262,4.9918547,71.29448,4.5669007
8.26,0.6782226,1.7670652,4.988283,71.27106,4.579022
8.27,0.6804056,1.7734216,4.984703,71.24756,4.5911765
8.28,0.6825952,1.779801,4.9811153,71.224,4.603366
8.29,0.68479145,1.7861962,4.977519,71.20037,4.6155896
8.3,0.6869947,1.7926143,4.9739113,71.17665,4.627849
8.31,0.68920517,1.7990552,4.970296,71.1529,4.6401434
8.32,0.69142216,1.8055161,4.966673,71.12906,4.652472
8.33,0.6936459,1.8120002,4.963039,71.10516,4.664837
8.34,0.6958765,1.8184987,4.959397,71.08118,4.6772356
8.35,0.69811404,1.8250222,4.9557447,71.057144,4.6896715
8.36,0.70035845,1.8315634,4.952085,71.033035,4.702142
8.37,0.70261,1.8381327,4.948416,71.00886,4.714648
8.38,0.70486814,1.8447186,4.9447384,70.984604,4.727188
8.39,0.7071337,1.8513259,4.94105,70.9603,4.739766
8.4,0.70940524,1.8579563,4.937355,70.93593,4.7523766
8.41,0.71168506,1.8646039,4.933649,70.91145,4.765027
8.42,0.7139712,1.8712791,4.929934,70.88693,4.777712
8.43,0.71626455,1.8779713,4.926211,70.862335,4.7904315
8.44,0.71856445,1.8846866,4.922478,70.83768,4.8031855
8.45,0.72087234,1.8914243,4.9187365,70.81295,4.815979
8.46,0.7231866,1.898182,4.914986,70.78815,4.828809
8.47,0.7255083,1.9049591,4.911226,70.763275,4.841674
8.48,0.7278372,1.9117616,4.907456,70.73832,4.854575
8.49,0.7301726,1.9185828,4.9036784,70.71331,4.867512
8.5,0.73251605,1.9254316,4.8998914,70.68822,4.880487
8.51,0.73486584,1.9322942,4.896094,70.66306,4.8934994
8.52,0.7372238,1.9391865,4.8922873,70.63783,4.906546
8.53,0.7395881,1.9460944,4.8884735,70.61254,4.919629
8.54,0.7419603,1.95303,4.884648,70.58717,4.9327536
8.55,0.74433947,1.9599842,4.8808146,70.56172,4.94591
8.56,0.7467258,1.9669641,4.876972,70.536194,4.9591064
8.57,0.7491193,1.9739624,4.8731213,70.51062,4.972338
8.58,0.7515204,1.9809843,4.869259,70.48496,4.9856076
8.59,0.753929,1.9880329,4.865388,70.45922,4.998915
8.6,0.7563447,1.9950963,4.861509,70.43342,5.012261
8.61,0.7587675,2.0021873,4.85762,70.40755,5.0256405
8.62,0.76119787,2.009297,4.8537207,70.38159,5.039059
8.63,0.7636364,2.0164309,4.849813,70.35557,5.0525174
8.64,0.76608163,2.0235882,4.8458953,70.329475,5.0660133
8.65,0.7685342,2.030767,4.8419704,70.303314,5.0795426
8.66,0.7709941,2.0379696,4.838034,70.27708,5.093115
8.67,0.77346236,2.0451999,4.834089,70.250755,5.106724
8.68,0.7759378,2.0524468,4.830134,70.22436,5.120369
8.69,0.7784204,2.059719,4.82617,70.197914,5.1340528
8.7,0.7809109,2.0670166,4.822197,70.17135,5.1477757
8.71,0.7834091,2.074335,4.818215,70.144745,5.1615367
8.72,0.78591496,2.081675,4.814223,70.11806,5.175337
8.73,0.78842765,2.089035,4.810221,70.09129,5.1891727
8.74,0.7909484,2.0964246,4.8062096,70.06445,5.2030497
8.75,0.7934771,2.1038365,4.8021894,70.037544,5.216965
8.76,0.7960131,2.1112685,4.7981596,70.01056,5.230919
8.77,0.7985573,2.1187296,4.79412,69.98348,5.244911
8.78,0.8011084,2.1262088,4.7900715,69.95635,5.258942
8.79,0.80366796,2.1337123,4.786013,69.92913,5.273012
8.8,0.806235,2.1412406,4.781945,69.90183,5.2871222
8.81,0.8088096,2.1487966,4.7778683,69.87447,5.301269
8.82,0.8113928,2.1563702,4.7737823,69.84704,5.3154564
8.83,0.8139832,2.1639733,4.7696853,69.81951,5.3296843
8.84,0.8165814,2.1715965,4.7655787,69.79192,5.343949
8.85,0.81918764,2.1792402,4.761463,69.76425,5.3582544
8.86,0.82180154,2.1869125,4.7573385,69.7365,5.3725996
8.87,0.82442415,2.1946096,4.753204,69.708664,5.3869843
8.88,0.8270536,2.202331,4.7490606,69.680756,5.4014087
8.89,0.8296912,2.2100735,4.744907,69.65277,5.415873
8.9,0.832337,2.217843,4.7407436,69.62472,5.430376
8.91,0.8349908,2.2256355,4.736571,69.59657,5.4449205
8.92,0.8376526,2.2334518,4.732388,69.56836,5.4595037
8.93,0.8403229,2.2412963,4.7281957,69.540054,5.4741287
8.94,0.84299994,2.249156,4.7239947,69.5117,5.4887905
8.95,0.845686,2.257053,4.7197833,69.48324,5.503496
8.96,0.84838045,2.2649632,4.7155623,69.45472,5.5182405
8.97,0.8510828,2.2729096,4.7113314,69.42611,5.533026
8.98,0.85379267,2.2808733,4.707091,69.397415,5.547851
8.99,0.8565111,2.2888608,4.7028418,69.368645,5.5627174
9.0,0.859238,2.296876,4.6985817,69.3398,5.5776243
9.01,0.86197275,2.304915,4.694313,69.31088,5.592571
9.02,0.864716,2.3129773,4.690034,69.281876,5.607561
9.03,0.8674668,2.3210664,4.6857457,69.2528,5.6225886
9.04,0.8702268,2.3291812,4.681447,69.22362,5.63766
9.05,0.87299424,2.3373232,4.677139,69.19437,5.652772
9.06,0.87577057,2.3454876,4.672821,69.16505,5.6679254
9.07,0.8785546,2.3536763,4.6684947,69.13565,5.6831164
9.08,0.8813474,2.3618908,4.6641564,69.10616,5.698352
9.09,0.8841487,2.3701334,4.65981,69.0766,5.713629
9.1,0.88695836,2.3783941,4.655453,69.04694,5.7289476
9.11,0.889776,2.3866858,4.651087,69.017235,5.7443047
9.12,0.8926028,2.395009,4.6467104,68.987404,5.7597075
9.13,0.8954375,2.4033513,4.642325,68.95751,5.7751503
9.14,0.898281,2.4117217,4.6379294,68.92754,5.7906346
9.15,0.9011326,2.4201145,4.633524,68.89748,5.80616
9.16,0.90399295,2.4285345,4.629109,68.86734,5.821728
9.17,0.9068622,2.4369755,4.6246834,68.83713,5.8373394
9.18,0.90973896,2.445458,4.6202497,68.806816,5.852993
9.19,0.9126252,2.4539504,4.6158047,68.77643,5.868687
9.2,0.9155198,2.462479,4.61135,68.74598,5.8844237
9.21,0.9184232,2.4710307,4.6068864,68.71542,5.900203
9.22,0.92133534,2.4796042,4.6024113,68.684784,5.916027
9.23,0.9242561,2.4882102,4.597928,68.65406,5.9318886
9.24,0.9271855,2.4968367,4.5934343,68.62327,5.947797
9.25,0.9301233,2.505495,4.5889306,68.59239,5.963746
9.26,0.9330705,2.5141783,4.5844173,68.56143,5.979738
9.27,0.93602574,2.522893,4.579894,68.53037,5.9957733
9.28,0.93899,2.5316277,4.5753613,68.49924,6.0118504
9.29,0.9419627,2.5403895,4.570818,68.468025,6.027972
9.3,0.94494486,2.5491776,4.566265,68.43672,6.044136
9.31,0.94793653,2.5579982,4.5617027,68.405334,6.0603447
9.32,0.95093524,2.5668378,4.557132,68.37386,6.076592
9.33,0.95394444,2.5757089,4.552548,68.34231,6.0928874
9.34,0.95696163,2.5846062,4.547955,68.31066,6.1092243
9.35,0.95998836,2.5935326,4.5433536,68.278946,6.125605
9.36,0.9630232,2.6024823,4.538742,68.24712,6.142027
9.37,0.9660678,2.611463,4.53412,68.21523,6.158496
9.38,0.96912134,2.6204667,4.529488,68.18324,6.1750073
9.39,0.97218406,2.6295004,4.524847,68.151184,6.191561
9.4,0.9752555,2.6385636,4.520195,68.11903,6.2081594
9.41,0.978336,2.6476474,4.515534,68.08679,6.224803
9.42,0.98142624,2.6567678,4.5108624,68.05445,6.2414913
9.43,0.9845245,2.6659112,4.5061812,68.02205,6.258221
9.44,0.9876325,2.6750846,4.50149,67.98956,6.274996
9.45,0.9907497,2.6842823,4.4967895,67.956985,6.291814
9.46,0.993876,2.6935086,4.4920783,67.92429,6.308678
9.47,0.997012,2.7027683,4.487357,67.89153,6.3255877
9.48,1.0001563,2.7120461,4.482628,67.8587,6.342537
9.49,1.0033109,2.7213573,4.4778867,67.82576,6.359535
9.5,1.0064744,2.730699,4.4731355,67.79274,6.376577
9.51,1.0096468,2.7400684,4.468375,67.759636,6.3936644
9.52,1.012829,2.7494626,4.4636054,67.72644,6.410794
9.53,1.0160199,2.7588863,4.4588256,67.69316,6.4279675
9.54,1.019221,2.7683363,4.454034,67.65978,6.445189
9.55,1.022431,2.777823,4.4492335,67.62632,6.462455
9.56,1.0256506,2.7873316,4.4444246,67.592766,6.4797654
9.57,1.0288795,2.7968721,4.4396043,67.559135,6.4971194
9.58,1.0321183,2.8064399,4.434775,67.525406,6.5145216
9.59,1.0353662,2.81603,4.429935,67.49159,6.531968
9.6,1.0386239,2.825656,4.425085,67.457695,6.5494595
9.61,1.0418903,2.835308,4.4202256,67.423706,6.5669923
9.62,1.0451671,2.8449936,4.4153557,67.389626,6.584577
9.63,1.0484535,2.8547077,4.4104767,67.35545,6.602204
9.64,1.0517491,2.8644462,4.4055862,67.32119,6.6198773
9.65,1.0550549,2.8742156,4.4006867,67.28685,6.6375957
9.66,1.05837,2.8840127,4.395778,67.25241,6.655361
9.67,1.0616945,2.893846,4.3908596,67.21787,6.673172
9.68,1.0650296,2.9037023,4.385929,67.18326,6.6910286
9.69,1.0683738,2.9135938,4.38099,67.14856,6.7089305
9.7,1.0717276,2.9235106,4.376042,67.113754,6.7268786
9.71,1.0750914,2.9334545,4.371083,67.07885,6.7448745
9.72,1.0784653,2.9434347,4.3661137,67.04387,6.762917
9.73,1.0818484,2.953434,4.361135,67.008804,6.781002
9.74,1.0852414,2.9634728,4.3561463,66.97364,6.7991343
9.75,1.0886449,2.9735427,4.3511486,66.938385,6.817316
9.76,1.0920575,2.9836388,4.34614,66.90305,6.8355412
9.77,1.0954806,2.9937673,4.3411217,66.8676,6.853815
9.78,1.0989128,3.003922,4.336093,66.832085,6.872134
9.79,1.1023563,3.0141115,4.331054,66.79646,6.8905005
9.8,1.1058095,3.024325,4.326006,66.76075,6.9089155
9.81,1.109272,3.0345736,4.3209476,66.724945,6.927375
9.82,1.1127446,3.0448508,4.3158803,66.68906,6.945879
9.83,1.1162279,3.0551624,4.310802,66.65306,6.964433
9.84,1.1197207,3.0655017,4.3057146,66.61699,6.983036
9.85,1.1232235,3.0758724,4.300617,66.58081,7.0016823
9.86,1.1267365,3.086277,4.2955103,66.544556,7.020376
9.87,1.1302601,3.0967078,4.2903924,66.50818,7.039119
9.88,1.1337935,3.107171,4.2852645,66.471725,7.0579104
9.89,1.1373383,3.1176672,4.2801275,66.43518,7.0767493
9.9,1.1408912,3.1281896,4.2749805,66.398544,7.095631
9.91,1.1444554,3.1387486,4.2698245,66.36182,7.114564
9.92,1.1480299,3.1493392,4.264657,66.32499,7.133543
9.93,1.1516151,3.1599555,4.25948,66.28807,7.152572
9.94,1.1552101,3.170609,4.254295,66.25105,7.171645
9.95,1.1588157,3.1812968,4.2490973,66.21395,7.1907687
9.96,1.1624317,3.1920104,4.2438912,66.176735,7.2099404
9.97,1.1660573,3.2027555,4.238675,66.13945,7.2291594
9.98,1.1696941,3.2135339,4.2334504,66.102066,7.248424
9.99,1.1733409,3.2243476,4.2282143,66.06457,7.2677393
10.0,1.176999,3.2351913,4.222969,66.027,7.287103
10.01,1.1806668,3.2460642,4.2177134,65.98932,7.3065157
10.02,1.1843456,3.2569747,4.212447,65.95156,7.3259754
10.03,1.1880348,3.2679129,4.207173,65.91369,7.345483
10.04,1.191734,3.278882,4.201889,65.87573,7.3650384
10.05,1.195444,3.289888,4.1965947,65.83767,7.384643
10.06,1.1991655,3.300928,4.19129,65.79952,7.4042983
10.07,1.2028958,3.311997,4.185976,65.76128,7.4239964
10.08,1.206638,3.3230987,4.180652,65.722946,7.443749
10.09,1.2103912,3.3342361,4.1753182,65.6845,7.4635496
10.1,1.2141548,3.345407,4.1699753,65.64597,7.483398
10.11,1.2179283,3.356608,4.164623,65.60733,7.503293
10.12,1.221713,3.3678446,4.15926,65.5686,7.523239
10.13,1.2255093,3.3791132,4.153887,65.529785,7.543236
10.14,1.2293156,3.3904104,4.148505,65.49086,7.5632796
10.15,1.2331322,3.4017467,4.143113,65.45185,7.583371
10.16,1.2369608,3.4131222,4.137711,65.412735,7.603514
10.17,1.2407993,3.4245253,4.1323,65.37353,7.623707
10.18,1.2446493,3.435954,4.126879,65.33422,7.643947
10.19,1.2485098,3.4474316,4.1214495,65.29482,7.6642356
10.2,1.2523814,3.4589381,4.116008,65.25531,7.684578
10.21,1.2562639,3.470471,4.1105585,65.21571,7.704966
10.22,1.2601577,3.4820461,4.105098,65.17602,7.7254076
10.23,1.2640618,3.4936547,4.09963,65.136215,7.745893
10.24,1.2679776,3.505299,4.09415,65.09633,7.766432
10.25,1.2719043,3.5169744,4.088662,65.05633,7.7870207
10.26,1.2758418,3.5286822,4.0831637,65.016235,7.8076596
10.27,1.2797912,3.5404353,4.0776563,64.97605,7.828348
10.28,1.2837504,3.5522118,4.072139,64.93577,7.849083
10.29,1.2877213,3.5640292,4.0666122,64.89539,7.8698716
10.3,1.2917038,3.5758834,4.0610757,64.854904,7.89071
10.31,1.2956976,3.587769,4.055529,64.81431,7.9116
10.32,1.2997016,3.5996861,4.0499744,64.773636,7.932534
10.33,1.3037175,3.6116471,4.044409,64.73285,7.953523
10.34,1.3077449,3.6236415,4.038834,64.69198,7.9745626
10.35,1.3117825,3.6356635,4.033251,64.65101,7.995652
10.36,1.3158325,3.6477294,4.027657,64.60992,8.01679
10.37,1.3198937,3.659833,4.022054,64.56874,8.037981
10.38,1.3239661,3.671968,4.0164413,64.52746,8.059223
10.39,1.3280498,3.6841397,4.0108204,64.48609,8.080515
10.4,1.3321446,3.6963491,4.005188,64.44461,8.101855
10.41,1.3362507,3.7085958,3.9995477,64.40303,8.123248
10.42,1.3403693,3.72087,3.9938967,64.36136,8.144693
10.43,1.3444983,3.7331924,3.988238,64.31958,8.166185
10.44,1.3486389,3.7455468,3.9825695,64.277695,8.18773
10.45,1.3527914,3.757938,3.9768908,64.23571,8.209328
10.46,1.3569554,3.7703643,3.9712026,64.19364,8.230974
10.47,1.3611306,3.7828317,3.9655054,64.15147,8.252672
10.48,1.3653175,3.7953439,3.9598,64.10917,8.274424
10.49,1.3695165,3.807878,3.9540832,64.06679,8.296224
10.5,1.3737265,3.820459,3.9483583,64.02431,8.318076
10.51,1.3779484,3.8330736,3.9426234,63.981728,8.33998
10.52,1.3821818,3.8457246,3.9368799,63.93903,8.361936
10.53,1.386427,3.858416,3.9311273,63.89624,8.383944
10.54,1.3906845,3.8711505,3.9253657,63.853363,8.406002
10.55,1.3949524,3.8839116,3.9195945,63.810375,8.428109
10.56,1.3992335,3.8967214,3.9138129,63.76727,8.450272
10.57,1.4035248,3.9095597,3.9080243,63.724083,8.472483
10.58,1.4078289,3.9224439,3.9022253,63.680782,8.494746
10.59,1.412145,3.9353642,3.896417,63.63737,8.517066
10.6,1.4164723,3.9483275,3.8906002,63.593864,8.539433
10.61,1.4208118,3.961329,3.884774,63.550262,8.5618515
10.62,1.4251634,3.9743676,3.8789394,63.50655,8.584325
10.63,1.4295267,3.9874392,3.8730948,63.462738,8.60685
10.64,1.4339024,4.0005603,3.867241,63.41882,8.629426
10.65,1.4382888,4.0137153,3.8613787,63.37481,8.652052
10.66,1.4426879,4.026913,3.8555074,63.330696,8.674732
10.67,1.4470991,4.0401483,3.8496268,63.28648,8.697464
10.68,1.4515227,4.0534267,3.843737,63.24214,8.72025
10.69,1.4559573,4.0667367,3.8378391,63.197723,8.743086
10.7,1.4604048,4.080095,3.8319314,63.15318,8.765976
10.71,1.4648639,4.0934906,3.8260152,63.108555,8.788918
10.72,1.4693352,4.106927,3.82009,63.063805,8.811911
10.73,1.4738184,4.120403,3.814156,63.018963,8.834955
10.74,1.4783145,4.133921,3.8082125,62.974022,8.858058
10.75,1.4828223,4.1474843,3.8022614,62.928963,8.881209
10.76,1.4873425,4.161086,3.7963004,62.883804,8.904415
10.77,1.4918748,4.174728,3.790331,62.838543,8.927672
10.78,1.4964184,4.188411,3.7843528,62.793186,8.950981
10.79,1.500976,4.202131,3.7783656,62.74771,8.974343
10.8,1.5055445,4.2158933,3.7723696,62.702133,8.997761
10.81,1.5101262,4.2297053,3.7663655,62.656452,9.021231
10.82,1.5147198,4.243553,3.7603528,62.61067,9.044751
10.83,1.5193256,4.2574487,3.7543309,62.564785,9.068324
10.84,1.5239438,4.2713847,3.7483003,62.5188,9.091955
10.85,1.5285748,4.2853646,3.7422614,62.47269,9.115635
10.86,1.5332171,4.299381,3.7362144,62.426487,9.139366
10.87,1.5378734,4.3134427,3.7301579,62.380177,9.163155
10.88,1.5425409,4.3275514,3.7240927,62.33376,9.186997
10.89,1.5472213,4.341702,3.718019,62.28725,9.210889
10.9,1.5519136,4.355892,3.7119384,62.240616,9.234836
10.91,1.55662,4.37013,3.705848,62.193897,9.258837
10.92,1.5613374,4.384403,3.699749,62.14706,9.282889
10.93,1.5660683,4.39873,3.6936412,62.100113,9.306999
10.94,1.5708109,4.413096,3.6875267,62.05307,9.331157
10.95,1.5755664,4.427506,3.6814022,62.005913,9.355371
10.96,1.5803353,4.4419637,3.6752698,61.95866,9.379641
10.97,1.5851165,4.456468,3.6691291,61.911278,9.403963
10.98,1.5899085,4.4710073,3.6629813,61.863815,9.428332
10.99,1.5947155,4.485595,3.6568236,61.81623,9.452762
11.0,1.5995349,4.5002303,3.6506581,61.76855,9.477246
11.01,1.604366,4.514909,3.6444848,61.720764,9.501781
11.02,1.6092104,4.5296307,3.6383026,61.67286,9.526371
11.03,1.6140672,4.5443997,3.6321125,61.624847,9.551012
11.04,1.6189369,4.559216,3.6259148,61.576744,9.575711
11.05,1.6238197,4.574079,3.6197088,61.528526,9.600462
11.06,1.6287156,4.588987,3.6134944,61.480198,9.62527
11.07,1.633623,4.6039357,3.6072724,61.431763,9.650128
11.08,1.6385444,4.6189365,3.6010418,61.38324,9.675039
11.09,1.6434783,4.633987,3.594803,61.33458,9.700008
11.1,1.648425,4.64908,3.5885565,61.28583,9.725028
11.11,1.6533848,4.6642156,3.582303,61.236958,9.750102
11.12,1.6583573,4.679404,3.5760412,61.188,9.775234
11.13,1.6633433,4.6946373,3.5697715,61.138924,9.800413
11.14,1.6683422,4.709919,3.5634925,61.089737,9.825656
11.15,1.673354,4.725251,3.5572078,61.040443,9.850945
11.16,1.6783785,4.740626,3.5509138,60.991047,9.876291
11.17,1.6834165,4.756047,3.5446134,60.94154,9.9016905
11.18,1.6884674,4.771522,3.538304,60.891926,9.927146
11.19,1.6935302,4.78704,3.5319886,60.84221,9.952654
11.2,1.6986076,4.8026147,3.5256639,60.792385,9.978216
11.21,1.7036976,4.8182282,3.5193324,60.74244,10.003832
11.22,1.7088004,4.833895,3.5129933,60.692398,10.029505
11.23,1.7139164,4.8496127,3.506647,60.642246,10.055228
11.24,1.7190465,4.865377,3.5002916,60.59198,10.081015
11.25,1.7241884,4.881189,3.4939308,60.541607,10.106846
11.26,1.7293445,4.8970532,3.487562,60.491135,10.132736
11.27,1.7345141,4.9129667,3.4811838,60.440533,10.158685
11.28,1.7396954,4.928928,3.4748013,60.389847,10.184677
11.29,1.7448913,4.944945,3.4684098,60.339046,10.2107315
11.3,1.7501,4.9610124,3.4620109,60.288124,10.236839
11.31,1.7553226,4.9771304,3.455605,60.237106,10.263002
11.32,1.7605575,4.993289,3.4491925,60.185978,10.289218
11.33,1.7658068,5.009501,3.4427717,60.13473,10.315489
11.34,1.7710687,5.025765,3.4363444,60.083393,10.341813
11.35,1.7763447,5.04209,3.4299097,60.031933,10.3681965
11.36,1.781633,5.0584574,3.4234686,59.980377,10.394626
11.37,1.7869359,5.074879,3.4170194,59.928703,10.421119
11.38,1.7922517,5.091352,3.4105642,59.876915,10.447661
11.39,1.7975813,5.107878,3.404101,59.82503,10.474262
11.4,1.8029238,5.124453,3.397632,59.77303,10.500914
11.41,1.8082803,5.141086,3.3911555,59.720924,10.527621
11.42,1.81365,5.1577716,3.3846722,59.6687,10.554384
11.43,1.8190333,5.174504,3.3781822,59.616383,10.581201
11.44,1.8244296,5.1912913,3.3716848,59.563953,10.608071
11.45,1.8298401,5.20813,3.3651817,59.511402,10.634999
11.46,1.8352641,5.2250233,3.3586714,59.45875,10.661981
11.47,1.8407019,5.241971,3.3521543,59.40599,10.689016
11.48,1.8461527,5.2589755,3.3456311,59.353123,10.716105
11.49,1.8516175,5.276025,3.3391008,59.30014,10.743252
11.5,1.8570968,5.293139,3.3325634,59.247044,10.770453
11.51,1.8625888,5.3102994,3.3260207,59.19385,10.797708
11.52,1.8680948,5.327522,3.3194714,59.140537,10.825015
11.53,1.8736142,5.344791,3.3129156,59.08712,10.852379
11.54,1.8791474,5.362123,3.306353,59.033604,10.879797
11.55,1.8846949,5.3795104,3.299785,58.97996,10.907271
11.56,1.890256,5.3969417,3.2932093,58.926216,10.9348
11.57,1.8958303,5.4144387,3.2866287,58.872368,10.96238
11.58,1.9014193,5.4319863,3.280041,58.818405,10.990016
11.59,1.9070216,5.449593,3.2734473,58.764328,11.017709
11.6,1.9126376,5.467259,3.266848,58.710148,11.045456
11.61,1.9182676,5.4849725,3.2602427,58.655865,11.0732565
11.62,1.9239117,5.502748,3.2536306,58.601463,11.10111
11.63,1.9295694,5.520576,3.247013,58.54695,11.129021
11.64,1.9352416,5.5384603,3.2403893,58.49233,11.156986
11.65,1.9409269,5.5564103,3.2337599,58.4376,11.185004
11.66,1.9466263,5.574408,3.227125,58.382767,11.213076
11.67,1.9523404,5.592468,3.220484,58.32782,11.241206
11.68,1.9580679,5.610583,3.2138374,58.27276,11.269387
11.69,1.9638097,5.62876,3.2071846,58.217594,11.297624
11.7,1.9695649,5.6469874,3.200527,58.162327,11.325916
11.71,1.9753346,5.665277,3.1938634,58.106945,11.354262
11.72,1.9811184,5.6836276,3.1871934,58.05145,11.38266
11.73,1.9869163,5.7020383,3.1805186,57.99585,11.411116
11.74,1.992728,5.7204967,3.173839,57.940144,11.439623
11.75,1.9985547,5.7390237,3.1671534,57.88431,11.468186
11.76,2.0043948,5.757605,3.1604617,57.828392,11.496805
11.77,2.0102496,5.7762523,3.153765,57.77234,11.525479
11.78,2.0161176,5.7949557,3.1470637,57.7162,11.554202
11.79,2.022,5.8137145,3.140357,57.659946,11.582982
11.8,2.0278978,5.8325334,3.1336446,57.60359,11.611818
11.81,2.0338092,5.85142,3.126927,57.547092,11.640709
11.82,2.0397332,5.870356,3.120206,57.490532,11.669644
11.83,2.0456736,5.88936,3.1134784,57.433838,11.698642
11.84,2.051627,5.908426,3.1067457,57.377026,11.727694
11.85,2.0575957,5.9275527,3.1000082,57.320118,11.756801
11.86,2.0635774,5.946736,3.0932667,57.263107,11.785958
11.87,2.0695748,5.96598,3.0865202,57.20598,11.815171
11.88,2.0755858,5.985289,3.0797677,57.148743,11.844437
11.89,2.0816123,6.0046554,3.0730116,57.0914,11.873759
11.9,2.0876515,6.0240855,3.0662508,57.033943,11.903129
11.91,2.0937061,6.043574,3.0594845,56.976376,11.932559
11.92,2.099775,6.0631337,3.0527148,56.9187,11.962042
11.93,2.1058578,6.082749,3.045939,56.860928,11.991574
11.94,2.1119554,6.102423,3.0391603,56.803047,12.021165
11.95,2.1180673,6.122166,3.0323768,56.745037,12.05081
11.96,2.1241941,6.141971,3.0255885,56.686935,12.080508
11.97,2.1303349,6.1618323,3.0187964,56.628735,12.110254
11.98,2.1364896,6.181768,3.0119998,56.570404,12.140058
11.99,2.1426597,6.201758,3.0051987,56.511986,12.169913
12.0,2.1488452,6.2218146,2.998394,56.45344,12.199824
12.01,2.1550443,6.241937,2.991585,56.39479,12.229789
12.02,2.1612577,6.2621255,2.9847722,56.336044,12.259803
12.03,2.1674852,6.282368,2.977955,56.277187,12.289872
12.04,2.1737285,6.302686,2.9711337,56.21822,12.32
12.05,2.179986,6.3230567,2.9643087,56.15914,12.350171
12.06,2.1862576,6.3434987,2.9574797,56.09996,12.3804
12.07,2.1925442,6.3640084,2.9506474,56.04068,12.410679
12.08,2.198846,6.3845763,2.9438107,55.981274,12.441017
12.09,2.2051623,6.405206,2.9369712,55.921772,12.471402
12.1,2.211492,6.4259143,2.9301274,55.862167,12.501843
12.11,2.2178383,6.4466786,2.9232805,55.80243,12.532337
12.12,2.224198,6.4675107,2.9164305,55.74261,12.562882
12.13,2.230573,6.4884076,2.909576,55.68268,12.59348
12.14,2.2369623,6.5093665,2.902718,55.62264,12.624132
12.15,2.2433665,6.530394,2.8958588,55.562492,12.654832
12.16,2.2497857,6.5514913,2.8889933,55.502243,12.68559
12.17,2.2562199,6.5726485,2.8821263,55.44188,12.716398
12.18,2.2626686,6.5938764,2.8752558,55.38141,12.747257
12.19,2.2691317,6.61517,2.8683832,55.320843,12.778168
12.2,2.2756095,6.6365333,2.8615062,55.26016,12.809133
12.21,2.2821038,6.6579623,2.854626,55.199375,12.84015
12.22,2.2886107,6.679457,2.847744,55.138477,12.871222
12.23,2.295133,6.701011,2.8408594,55.07748,12.902338
12.24,2.3016713,6.722647,2.8339703,55.016384,12.93351
12.25,2.3082237,6.7443423,2.8270793,54.95517,12.964736
12.26,2.314792,6.7661147,2.8201852,54.893856,12.996014
12.27,2.3213737,6.7879367,2.8132892,54.83243,13.027341
12.28,2.3279712,6.809837,2.806391,54.770912,13.058717
12.29,2.3345838,6.8318086,2.7994885,54.70928,13.090148
12.3,2.3412104,6.8538404,2.7925851,54.647537,13.121631
12.31,2.3478522,6.8759513,2.7856781,54.585697,13.153164
12.32,2.354509,6.8981147,2.7787702,54.523758,13.184745
12.33,2.3611815,6.92036,2.7718587,54.461704,13.216381
12.34,2.3678687,6.9426703,2.7649453,54.399555,13.248067
12.35,2.374571,6.965052,2.7580295,54.337288,13.279807
12.36,2.381287,6.9875026,2.7511125,54.274933,13.311591
12.37,2.3880196,7.010017,2.7441924,54.212456,13.343432
12.38,2.394766,7.032602,2.7372715,54.1499,13.3753195
12.39,2.4015288,7.055264,2.730347,54.08721,13.407262
12.4,2.4083054,7.077988,2.7234225,54.024437,13.439249
12.41,2.4150982,7.100785,2.7164943,53.961544,13.471293
12.42,2.4219055,7.123653,2.7095656,53.898563,13.503384
12.43,2.4287274,7.146587,2.7026348,53.83547,13.535525
12.44,2.4355648,7.1695886,2.6957026,53.772278,13.567714
12.45,2.4424179,7.1926637,2.6887684,53.70899,13.599958
12.46,2.4492846,7.2158113,2.681833,53.64559,13.63225
12.47,2.4561677,7.2390304,2.6748955,53.582085,13.664594
12.48,2.4630651,7.262317,2.667958,53.518486,13.69698
12.49,2.4699774,7.2856746,2.6610177,53.454777,13.7294235
12.5,2.476906,7.3091054,2.654076,53.39096,13.761916
12.51,2.483849,7.332607,2.6471338,53.327053,13.794456
12.52,2.4908073,7.3561788,2.640191,53.26304,13.827045
12.53,2.4977806,7.3798165,2.6332467,53.19894,13.859684
12.54,2.5047696,7.4035344,2.6263006,53.134705,13.892374
12.55,2.5117733,7.427316,2.6193545,53.070385,13.92511
12.56,2.5187926,7.45118,2.6124063,53.005974,13.957898
12.57,2.525826,7.475103,2.6054585,52.94146,13.99073
12.58,2.5328753,7.499106,2.5985098,52.876835,14.023616
12.59,2.53994,7.5231805,2.5915596,52.81212,14.056546
12.6,2.5470197,7.547321,2.5846093,52.74729,14.089529
12.61,2.5541136,7.5715404,2.5776587,52.682373,14.122558
12.62,2.561224,7.5958276,2.5707073,52.617348,14.155634
12.63,2.5683494,7.620189,2.563755,52.552227,14.188762
12.64,2.57549,7.644624,2.556802,52.487003,14.221939
12.65,2.5826445,7.669125,2.54985,52.421688,14.2551565
12.66,2.5898154,7.693704,2.5428967,52.35627,14.288428
12.67,2.5970023,7.7183547,2.5359428,52.290756,14.321748
12.68,2.6042032,7.7430854,2.5289896,52.225132,14.355114
12.69,2.611419,7.767876,2.5220363,52.15942,14.388524
12.7,2.6186504,7.792749,2.5150828,52.09361,14.421985
12.71,2.6258984,7.817693,2.5081294,52.027687,14.455495
12.72,2.6331599,7.842713,2.5011752,51.961678,14.489053
12.73,2.640437,7.867802,2.4942222,51.895573,14.52265
12.74,2.6477299,7.892962,2.4872692,51.829376,14.556304
12.75,2.6550376,7.918204,2.4803164,51.763058,14.590001
12.76,2.662361,7.943521,2.4733636,51.69665,14.623744
12.77,2.6696992,7.9688993,2.4664116,51.63016,14.657535
12.78,2.6770523,7.9943595,2.4594598,51.56356,14.691375
12.79,2.6844203,8.019894,2.452509,51.496876,14.725257
12.8,2.691805,8.045502,2.445558,51.430084,14.759188
12.81,2.699205,8.071184,2.4386082,51.363197,14.793166
12.82,2.7066178,8.096935,2.43166,51.296215,14.827183
12.83,2.7140481,8.1227665,2.4247117,51.229145,14.861253
12.84,2.7214937,8.148676,2.4177637,51.161976,14.895369
12.85,2.7289534,8.174654,2.4108174,51.094707,14.929528
12.86,2.7364278,8.200705,2.403873,51.027355,14.96373
12.87,2.7439182,8.226831,2.3969283,50.959896,14.997981
12.88,2.7514246,8.253042,2.3899848,50.892345,15.03228
12.89,2.7589452,8.279318,2.383042,50.824688,15.066621
12.9,2.7664807,8.305666,2.3761027,50.756966,15.101006
12.91,2.7740326,8.3321,2.3691623,50.689133,15.135438
12.92,2.781599,8.358606,2.3622246,50.621197,15.169914
12.93,2.789181,8.385183,2.3552876,50.553173,15.204435
12.94,2.796777,8.411835,2.3483531,50.485077,15.238998
12.95,2.8043897,8.438566,2.3414195,50.416862,15.273609
12.96,2.8120165,8.465374,2.3344877,50.348564,15.308264
12.97,2.8196595,8.492258,2.327557,50.28017,15.342962
12.98,2.8273165,8.519217,2.3206296,50.211697,15.377704
12.99,2.834989,8.546249,2.3137033,50.143127,15.412488
13.0,2.8426774,8.57336,2.3067787,50.074455,15.447319
13.01,2.850381,8.600546,2.2998552,50.00569,15.482194
13.02,2.8580995,8.62781,2.2929351,49.936848,15.517114
13.03,2.8658326,8.655138,2.2860177,49.867924,15.552069
13.04,2.8735814,8.682562,2.2791007,49.798878,15.587078
13.05,2.8813443,8.7100525,2.2721877,49.72977,15.622122
13.06,2.8891242,8.737623,2.2652752,49.66056,15.657216
13.07,2.8969176,8.765261,2.2583668,49.591267,15.692346
13.08,2.9047272,8.792986,2.25146,49.521873,15.727523
13.09,2.9125516,8.820787,2.2445564,49.452396,15.762737
13.1,2.9203908,8.848661,2.2376544,49.382835,15.798
13.11,2.9282446,8.876606,2.2307568,49.313187,15.833299
13.12,2.9361148,8.904642,2.2238603,49.243446,15.868648
13.13,2.9439998,8.932751,2.216967,49.17362,15.904033
13.14,2.9518998,8.960936,2.2100766,49.1037,15.939461
13.15,2.9598136,8.989195,2.20319,49.0337,15.974931
13.16,2.9677444,9.017542,2.1963048,48.9636,16.010445
13.17,2.975688,9.045956,2.1894243,48.89343,16.045996
13.18,2.9836493,9.074451,2.1825457,48.82316,16.081596
13.19,2.991624,9.103027,2.1756718,48.75282,16.117224
13.2,2.9996138,9.131676,2.1687999,48.682384,16.1529
13.21,3.0076196,9.160406,2.1619313,48.61186,16.188622
13.22,3.0156398,9.189213,2.1550667,48.541252,16.224377
13.23,3.0236745,9.218103,2.148206,48.470573,16.260172
13.24,3.0317235,9.2470665,2.1413486,48.399796,16.296013
13.25,3.03979,9.276108,2.134494,48.32893,16.33189
13.26,3.0478702,9.305233,2.1276438,48.257988,16.36781
13.27,3.0559652,9.334438,2.1207976,48.18696,16.403763
13.28,3.0640755,9.363714,2.1139553,48.11586,16.43976
13.29,3.0722003,9.39307,2.1071165,48.044655,16.4758
13.3,3.0803406,9.42252,2.1002817,47.973385,16.511877
13.31,3.0884953,9.452035,2.0934508,47.902027,16.547993
13.32,3.0966651,9.481628,2.0866253,47.83059,16.584145
13.33,3.1048498,9.511301,2.0798025,47.759064,16.620338
13.34,3.1130488,9.541063,2.0729847,47.68747,16.656569
13.35,3.1212637,9.570899,2.0661712,47.61579,16.69284
13.36,3.129493,9.600809,2.0593626,47.54403,16.729143
13.37,3.1377378,9.630806,2.0525575,47.472176,16.765491
13.38,3.1459966,9.660888,2.0457573,47.40026,16.801878
13.39,3.1542714,9.691043,2.038962,47.328247,16.838299
13.4,3.16256,9.72128,2.0321717,47.256187,16.874756
13.41,3.1708634,9.7516,2.0253851,47.18401,16.911253
13.42,3.1791816,9.781998,2.0186045,47.11177,16.947788
13.43,3.1875148,9.812479,2.011829,47.03946,16.98436
13.44,3.1958625,9.843039,2.0050578,46.967075,17.020964
13.45,3.2042258,9.873679,1.9982919,46.894592,17.05761
13.46,3.2126033,9.904406,1.9915305,46.822052,17.094294
13.47,3.220996,9.935209,1.984775,46.749413,17.13101
13.48,3.229402,9.966092,1.9780258,46.676723,17.167759
13.49,3.2378247,9.997063,1.9712805,46.603943,17.204548
13.5,3.2462616,10.028111,1.9645411,46.531094,17.241375
13.51,3.254713,10.059247,1.9578067,46.458164,17.278234
13.52,3.2631788,10.0904665,1.9510778,46.38515,17.315132
13.53,3.2716596,10.121754,1.9443558,46.31208,17.352058
13.54,3.2801542,10.153135,1.9376384,46.23892,17.38903
13.55,3.288664,10.184596,1.9309276,46.165703,17.426027
13.56,3.2971892,10.216139,1.9242224,46.092407,17.463062
13.57,3.3057282,10.247763,1.9175237,46.01903,17.500126
13.58,3.3142822,10.279479,1.91083,45.9456,17.537233
13.59,3.3228507,10.311274,1.904143,45.87207,17.57437
13.6,3.3314333,10.343148,1.8974614,45.79848,17.611544
13.61,3.3400304,10.37511,1.8907869,45.724827,17.648746
13.62,3.3486433,10.407151,1.884119,45.651108,17.685982
13.63,3.35727,10.43928,1.8774563,45.577293,17.723257
13.64,3.365911,10.471496,1.8708006,45.503433,17.760561
13.65,3.3745663,10.503786,1.8641522,45.4295,17.797892
13.66,3.3832366,10.536167,1.8575096,45.355484,17.835264
13.67,3.3919225,10.568637,1.8508731,45.281406,17.872665
13.68,3.400622,10.601185,1.8442445,45.20726,17.910099
13.69,3.4093347,10.633818,1.8376226,45.133057,17.94756
13.7,3.4180634,10.66654,1.8310064,45.058765,17.98506
13.71,3.4268055,10.6993475,1.8243985,44.98443,18.02259
13.72,3.4355621,10.732236,1.8177974,44.910015,18.060146
13.73,3.4443328,10.765214,1.8112035,44.83554,18.097738
13.74,3.4531186,10.798275,1.8046167,44.76099,18.135355
13.75,3.4619188,10.831424,1.7980368,44.686382,18.173008
13.76,3.4707346,10.86466,1.7914641,44.6117,18.210695
13.77,3.4795635,10.897982,1.7848983,44.536953,18.248411
13.78,3.488406,10.931389,1.7783418,44.462162,18.286144
13.79,3.4972622,10.964887,1.7717917,44.38729,18.323921
13.8,3.5061345,10.998465,1.7652491,44.31236,18.361717
13.81,3.5150206,11.032132,1.7587142,44.237354,18.399551
13.82,3.5239203,11.065887,1.7521878,44.162315,18.43741
13.83,3.5328348,11.09973,1.7456686,44.0872,18.475296
13.84,3.541764,11.133663,1.7391571,44.012016,18.513216
13.85,3.5507069,11.167679,1.7326539,43.93678,18.551163
13.86,3.5596633,11.201782,1.7261592,43.86148,18.589128
13.87,3.5686343,11.235978,1.7196723,43.786125,18.62713
13.88,3.5776205,11.270266,1.7131932,43.7107,18.665163
13.89,3.5866194,11.304635,1.7067225,43.635216,18.703215
13.9,3.5956328,11.339097,1.7002605,43.559692,18.741295
13.91,3.6046612,11.373642,1.6938068,43.484097,18.779408
13.92,3.6137033,11.408285,1.6873611,43.40844,18.817543
13.93,3.6227582,11.443016,1.6809239,43.332733,18.855705
13.94,3.6318283,11.477829,1.6744963,43.256966,18.893892
13.95,3.6409128,11.512741,1.6680764,43.18115,18.932106
13.96,3.6500099,11.54774,1.6616657,43.10527,18.970345
13.97,3.659123,11.5828285,1.655263,43.029335,19.008615
13.98,3.6682477,11.618001,1.6488703,42.953354,19.0469
13.99,3.6773872,11.6532755,1.6424861,42.877304,19.085218
14.0,3.686542,11.688637,1.6361102,42.80121,19.12356
14.01,3.6957083,11.724087,1.6297444,42.72506,19.161922
14.02,3.704891,11.759633,1.6233871,42.64886,19.200314
14.03,3.7140853,11.795266,1.6170399,42.572605,19.238724
14.04,3.723294,11.830993,1.610701,42.496307,19.277155
14.05,3.7325182,11.866811,1.6043718,42.41994,19.315615
14.06,3.741754,11.902723,1.5980518,42.343544,19.354097
14.07,3.7510045,11.9387245,1.5917418,42.26709,19.3926
14.08,3.7602687,11.974816,1.5854406,42.19058,19.43113
14.09,3.769546,12.011003,1.57915,42.11403,19.469671
14.1,3.778839,12.04729,1.5728681,42.03742,19.508247
14.11,3.7881432,12.083662,1.5665965,41.96076,19.54684
14.12,3.7974622,12.120127,1.5603343,41.88406,19.585459
14.13,3.806796,12.156692,1.5540823,41.807304,19.624096
14.14,3.8161426,12.193352,1.5478396,41.73051,19.662758
14.15,3.8255007,12.230097,1.5416079,41.65367,19.70143
14.16,3.8348749,12.266939,1.5353853,41.57679,19.740128
14.17,3.8442616,12.303879,1.529173,41.499855,19.778847
14.18,3.8536618,12.340912,1.5229707,41.42287,19.817585
14.19,3.8630753,12.37804,1.5167797,41.345863,19.856344
14.2,3.8725023,12.415259,1.5105984,41.268795,19.895119
14.21,3.881943,12.4525795,1.5044276,41.19168,19.933912
14.22,3.8913977,12.489994,1.4982661,41.114525,19.97273
14.23,3.9008641,12.527498,1.4921165,41.037334,20.011559
14.24,3.9103441,12.565105,1.4859767,40.960102,20.05041
14.25,3.9198387,12.602804,1.4798474,40.88282,20.089281
14.26,3.9293458,12.640605,1.4737287,40.8055,20.128168
14.27,3.938868,12.678509,1.4676204,40.728146,20.167078
14.28,3.9484003,12.716495,1.461524,40.65076,20.205994
14.29,3.9579475,12.754584,1.4554377,40.573322,20.244934
14.3,3.9675066,12.792765,1.4493623,40.495846,20.28389
14.31,3.9770806,12.831055,1.4432975,40.418335,20.322863
14.32,3.9866664,12.869428,1.4372444,40.340786,20.36185
14.33,3.9962666,12.907908,1.4312015,40.2632,20.400852
14.34,4.0058784,12.946483,1.4251703,40.18558,20.439875
14.35,4.0155044,12.985158,1.4191502,40.107914,20.478907
14.36,4.0251412,13.0239315,1.4131418,40.030235,20.517954
14.37,4.0347924,13.062804,1.4071436,39.952496,20.557018
14.38,4.044458,13.101774,1.4011571,39.87475,20.59609
14.39,4.0541363,13.140846,1.3951814,39.796936,20.635187
14.4,4.063824,13.180013,1.3892183,39.719112,20.67429
14.41,4.073527,13.219282,1.3832662,39.64125,20.71341
14.42,4.083244,13.258653,1.3773253,39.563354,20.75254
14.43,4.092972,13.298124,1.3713956,39.485416,20.791689
14.44,4.102713,13.337686,1.3654786,39.407463,20.830841
14.45,4.1124663,13.37736,1.3595724,39.32947,20.870014
14.46,4.1222343,13.417129,1.3536781,39.251453,20.909195
14.47,4.1320124,13.457,1.3477954,39.173412,20.948387
14.48,4.141804,13.496965,1.3419253,39.09534,20.987587
14.49,4.151606,13.537036,1.3360666,39.017235,21.026808
14.5,4.1614246,13.577214,1.330219,38.939095,21.066034
14.51,4.1712537,13.617487,1.3243841,38.86094,21.105272
14.52,4.181095,13.657867,1.3185611,38.78274,21.144518
14.53,4.1909485,13.69834,1.3127503,38.70454,21.183775
14.54,4.2008142,13.738924,1.3069515,38.626286,21.22304
14.55,4.2106934,13.779611,1.3011644,38.548023,21.262321
14.56,4.220584,13.820396,1.2953897,38.469738,21.301607
14.57,4.2304864,13.861278,1.2896278,38.39143,21.340897
14.58,4.240403,13.902268,1.2838777,38.313087,21.380205
14.59,4.250331,13.943368,1.2781396,38.234726,21.419512
14.6,4.2602706,13.984567,1.2724141,38.156345,21.458832
14.61,4.2702208,14.025858,1.2667019,38.07795,21.498148
14.62,4.280186,14.06727,1.2610008,37.999504,21.537495
14.63,4.290161,14.108774,1.2553126,37.92106,21.576834
14.64,4.300149,14.150388,1.2496374,37.842598,21.616177
14.65,4.3101482,14.192101,1.2439746,37.76411,21.655533
14.66,4.3201604,14.233925,1.2383239,37.6856,21.694893
14.67,4.3301835,14.275847,1.2326863,37.607075,21.734259
14.68,4.340219,14.317878,1.2270609,37.52853,21.773626
14.69,4.350264,14.360012,1.2214491,37.44997,21.813004
14.7,4.3603244,14.402249,1.2158493,37.3714,21.852386
14.71,4.3703947,14.444592,1.2102627,37.2928,21.89177
14.72,4.380478,14.487047,1.2046883,37.21418,21.931164
14.73,4.3905687,14.529597,1.1991278,37.135567,21.970552
14.74,4.4006763,14.572258,1.1935794,37.05691,22.00995
14.75,4.4107924,14.6150255,1.1880444,36.97826,22.049353
14.76,4.420921,14.657899,1.1825223,36.899593,22.088757
14.77,4.43106,14.700877,1.1770132,36.820915,22.12816
14.78,4.441211,14.743957,1.1715176,36.742218,22.167568
14.79,4.451373,14.787148,1.1660346,36.663513,22.206978
14.8,4.4615474,14.830451,1.1605647,36.584793,22.246395
14.81,4.4717326,14.873852,1.1551083,36.506065,22.285807
14.82,4.481928,14.917358,1.1496652,36.42733,22.325222
14.83,4.4921355,14.960978,1.1442351,36.34859,22.364637
14.84,4.5023537,15.0047035,1.1388184,36.26983,22.404057
14.85,4.512584,15.048541,1.1334146,36.19106,22.443474
14.86,4.522824,15.092475,1.1280249,36.112286,22.482899
14.87,4.5330763,15.136527,1.1226484,36.033504,22.522314
14.88,4.5433393,15.180686,1.1172849,35.954712,22.561728
14.89,4.553612,15.224947,1.111935,35.875923,22.601145
14.9,4.5638957,15.269311,1.1065995,35.79713,22.640554
14.91,4.5741906,15.313794,1.1012763,35.718315,22.67997
14.92,4.584497,15.358383,1.0959674,35.639515,22.71938
14.93,4.5948124,15.40308,1.090672,35.560696,22.758791
14.94,4.605141,15.447887,1.0853896,35.481876,22.798199
14.95,4.6154795,15.4928,1.0801219,35.40306,22.837603
14.96,4.6258287,15.537823,1.0748671,35.324234,22.877
14.97,4.6361876,15.582955,1.069626,35.24541,22.916403
14.98,4.646556,15.628193,1.0643997,35.166607,22.955786
14.99,4.656936,15.673545,1.0591862,35.087765,22.995184
15.0,4.6673274,15.719005,1.0539868,35.00894,23.03457
15.01,4.677728,15.764576,1.0488012,34.930122,23.073956
15.02,4.68814,15.810257,1.0436294,34.85129,23.11333
15.03,4.6985607,15.856047,1.0384722,34.77249,23.152697
15.04,4.708993,15.901945,1.0333283,34.693665,23.192064
15.05,4.719434,15.947954,1.0281985,34.614853,23.231419
15.06,4.7298856,15.994072,1.0230826,34.536045,23.270779
15.07,4.7403455,16.040297,1.0179816,34.45725,23.310112
15.08,4.7508173,16.086641,1.0128938,34.378452,23.349457
15.09,4.761299,16.13308,1.0078205,34.29966,23.38879
15.1,4.771793,16.179651,1.0027603,34.22086,23.428122
15.11,4.7822943,16.226322,0.99771595,34.142094,23.467438
15.12,4.792805,16.273096,0.99268496,34.063313,23.506748
15.13,4.803327,16.31999,0.9876679,33.98456,23.546055
15.14,4.813859,16.367,0.9826654,33.905796,23.585346
15.15,4.824398,16.414106,0.9776777,33.827065,23.624624
15.16,4.8349476,16.46134,0.9727032,33.748325,23.663904
15.17,4.8455086,16.508675,0.9677439,33.669605,23.703173
15.18,4.856077,16.556126,0.9627987,33.59089,23.742434
15.19,4.866655,16.60368,0.9578686,33.512196,23.781673
15.2,4.8772454,16.651354,0.95295215,33.433506,23.820911
15.21,4.887841,16.699144,0.94805,33.35483,23.860136
15.22,4.89845,16.74704,0.9431621,33.276176,23.899355
15.23,4.9090652,16.795044,0.93828976,33.19754,23.93856
15.24,4.91969,16.843164,0.9334314,33.118908,23.97775
15.25,4.9303236,16.891394,0.9285877,33.04029,24.016933
15.26,4.9409695,16.939745,0.9237584,32.961697,24.056097
15.27,4.9516196,16.988195,0.91894364,32.88312,24.095251
15.28,4.9622817,17.036762,0.91414434,32.80457,24.134392
15.29,4.972952,17.085438,0.90935916,32.72602,24.173521
15.3,4.983631,17.134237,0.90458876,32.647503,24.212639
15.31,4.9943185,17.183151,0.8998326,32.568993,24.251741
15.32,5.0050163,17.232157,0.89509207,32.49052,24.290833
15.33,5.015722,17.281294,0.8903658,32.41206,24.329899
15.34,5.0264354,17.330542,0.88565457,32.333622,24.368958
15.35,5.0371594,17.379896,0.8809576,32.255207,24.408003
15.36,5.0478888,17.429365,0.87627596,32.176823,24.447027
15.37,5.0586305,17.478952,0.87160933,32.09845,24.486038
15.38,5.0693765,17.528654,0.8669572,32.02011,24.525051
15.39,5.080134,17.578465,0.86232036,31.941792,24.564026
15.4,5.0908985,17.628387,0.8576983,31.863503,24.602991
15.41,5.1016707,17.678429,0.8530912,31.785236,24.641937
15.42,5.1124535,17.728577,0.84849894,31.707,24.680868
15.43,5.123243,17.77885,0.84392166,31.62878,24.719786
15.44,5.1340384,17.829224,0.83936036,31.550615,24.758675
15.45,5.144845,17.879719,0.8348132,31.47246,24.797554
15.46,5.155658,17.930328,0.83028126,31.39434,24.83642
15.47,5.1664796,17.981054,0.82576424,31.31624,24.875263
15.48,5.177307,18.03189,0.8212629,31.238182,24.914083
15.49,5.188145,18.082842,0.81677616,31.16015,24.952885
15.5,5.19899,18.13391,0.8123051,31.082155,24.99167
15.51,5.2098403,18.185091,0.80784863,31.00419,25.030443
15.52,5.2207017,18.236393,0.8034075,30.926262,25.06918
15.53,5.2315674,18.287792,0.7989822,30.848372,25.107908
15.54,5.242442,18.339323,0.7945717,30.770512,25.14661
15.55,5.253323,18.390963,0.7901763,30.692686,25.185291
15.56,5.264214,18.44273,0.78579605,30.614887,25.223959
15.57,5.2751083,18.494585,0.7814322,30.537151,25.26259
15.58,5.286015,18.546585,0.77708244,30.459427,25.301218
15.59,5.2969236,18.598682,0.77274853,30.381752,25.33981
15.6,5.307843,18.6509,0.7684291,30.30411,25.378391
15.61,5.318765,18.703232,0.76412666,30.22652,25.416933
15.62,5.329698,18.75568,0.7598385,30.148964,25.455467
15.63,5.3406377,18.808245,0.75556594,30.071445,25.49397
15.64,5.3515825,18.860931,0.7513085,29.993958,25.532463
15.65,5.362534,18.913721,0.74706745,29.916538,25.570913
15.66,5.3734927,18.96663,0.7428409,29.839144,25.609343
15.67,5.384457,19.019667,0.73863006,29.761791,25.647757
15.68,5.39543,19.07281,0.73443455,29.684488,25.686138
15.69,5.4064064,19.12607,0.73025507,29.607235,25.724503
15.7,5.4173923,19.179451,0.7260899,29.530014,25.762838
15.71,5.428383,19.232937,0.72194153,29.452848,25.801146
15.72,5.439381,19.28656,0.7178074,29.375717,25.839436
15.73,5.4503813,19.340279,0.7136901,29.29865,25.877686
15.74,5.461391,19.394125,0.7095872,29.22162,25.915924
15.75,5.4724073,19.448086,0.70550036,29.144634,25.954123
15.76,5.4834275,19.502169,0.70142895,29.067705,25.9923
15.77,5.4944553,19.556364,0.69737285,28.990812,26.03046
15.78,5.5054884,19.61068,0.69333225,28.913984,26.068579
15.79,5.5165267,19.665102,0.68930745,28.837204,26.106674
15.8,5.5275726,19.71966,0.6852983,28.76047,26.14474
15.81,5.5386233,19.774326,0.6813039,28.68378,26.18278
15.82,5.5496774,19.829105,0.6773259,28.607157,26.220789
15.83,5.560739,19.884005,0.6733631,28.530582,26.258772
15.84,5.5718064,19.939028,0.66941595,28.45405,26.296724
15.85,5.582877,19.99416,0.6654843,28.377588,26.334648
15.86,5.5939546,20.049408,0.66156816,28.30117,26.372541
15.87,5.605037,20.10478,0.6576677,28.224808,26.410402
15.88,5.6161227,20.16027,0.6537828,28.14851,26.448235
15.89,5.627217,20.215878,0.64991295,28.072266,26.486042
15.9,5.638314,20.271599,0.6460594,27.996077,26.523811
15.91,5.649416,20.327436,0.64222103,27.919939,26.561548
15.92,5.6605234,20.383404,0.63839775,27.843863,26.599257
15.93,5.6716375,20.439482,0.6345901,27.767843,26.636938
15.94,5.6827526,20.495678,0.6307985,27.691889,26.674576
15.95,5.6938734,20.551983,0.62702227,27.615992,26.71219
15.96,5.7050004,20.608421,0.623261,27.540144,26.749773
15.97,5.7161307,20.664965,0.6195157,27.464373,26.787321
15.98,5.7272654,20.721634,0.61578566,27.388657,26.824835
15.99,5.738404,20.77842,0.61207074,27.313,26.862318
16.0,5.749548,20.835327,0.6083719,27.2374,26.899757
16.01,5.760696,20.89235,0.60468787,27.161873,26.93718
16.02,5.7718472,20.949484,0.60101956,27.086397,26.974556
16.03,5.7830048,21.006748,0.59736687,27.011002,27.011902
16.04,5.794164,21.064123,0.5937291,26.935661,27.04921
16.05,5.805327,21.121607,0.5901077,26.860403,27.086485
16.06,5.816496,21.179224,0.5865008,26.785192,27.12372
16.07,5.8276668,21.236952,0.5829095,26.71005,27.160929
16.08,5.8388414,21.294796,0.5793332,26.634975,27.198103
16.09,5.850023,21.352764,0.5757724,26.559967,27.235228
16.1,5.861204,21.410849,0.57222694,26.48503,27.272326
16.11,5.8723936,21.469048,0.56869644,26.410154,27.309387
16.12,5.8835826,21.527369,0.5651816,26.335356,27.346416
16.13,5.8947744,21.58579,0.56168264,26.260641,27.383389
16.14,5.9059715,21.644342,0.5581978,26.18598,27.420336
16.15,5.917173,21.703016,0.55472904,26.111385,27.457245
16.16,5.928375,21.761799,0.55127436,26.036867,27.494122
16.17,5.939581,21.82071,0.547835,25.962418,27.530952
16.18,5.9507923,21.879734,0.5444112,25.888042,27.567747
16.19,5.962006,21.938868,0.5410025,25.813747,27.604511
16.2,5.973222,21.998123,0.5376085,25.739511,27.641228
16.21,5.9844375,22.057484,0.5342304,25.665379,27.677893
16.22,5.9956594,22.116978,0.5308668,25.591301,27.714533
16.23,6.006883,22.176579,0.52751815,25.517302,27.751123
16.24,6.0181108,22.236305,0.5241843,25.443369,27.787685
16.25,6.02934,22.296137,0.5208654,25.369518,27.82421
16.26,6.0405726,22.356092,0.5175614,25.295744,27.860676
16.27,6.051808,22.416164,0.5142725,25.22205,27.897116
16.28,6.063045,22.476347,0.51099825,25.148434,27.933514
16.29,6.074284,22.536661,0.507739,25.07489,27.96986
16.3,6.0855246,22.597061,0.5044954,25.001451,28.006168
16.31,6.0967684,22.657593,0.50126565,24.92807,28.04243
16.32,6.1080146,22.718245,0.49805045,24.854773,28.078655
16.33,6.1192656,22.779007,0.49485016,24.78155,28.114845
16.34,6.130515,22.83988,0.4916646,24.708416,28.150988
16.35,6.1417675,22.900873,0.48849362,24.63536,28.187082
16.36,6.153023,22.961987,0.48533767,24.56239,28.223133
16.37,6.164281,23.02321,0.48219556,24.489496,28.25915
16.38,6.175537,23.084534,0.4790691,24.41671,28.295107
16.39,6.1867967,23.145985,0.47595683,24.343987,28.331026
16.4,6.19806,23.207548,0.47285885,24.27135,28.366905
16.41,6.209321,23.269226,0.46977532,24.198803,28.402737
16.42,6.2205863,23.331018,0.4667064,24.126345,28.438522
16.43,6.2318544,23.39293,0.46365154,24.053965,28.47427
16.44,6.2431216,23.454948,0.46061152,23.981678,28.509962
16.45,6.2543902,23.51709,0.45758542,23.909472,28.545618
16.46,6.2656603,23.579315,0.45457453,23.83737,28.58121
16.47,6.2769313,23.641674,0.45157728,23.765348,28.616776
16.48,6.2882047,23.70415,0.4485941,23.693409,28.652285
16.49,6.2994804,23.76674,0.44562542,23.621565,28.687757
16.5,6.3107533,23.829435,0.44267088,23.549805,28.723173
16.51,6.3220305,23.892242,0.43973082,23.478144,28.75855
16.52,6.333307,23.955166,0.4368046,23.406567,28.793869
16.53,6.3445845,24.018211,0.43389273,23.335087,28.829144
16.54,6.3558626,24.081354,0.43099463,23.263704,28.864368
16.55,6.367142,24.144608,0.4281112,23.192413,28.899551
16.56,6.3784204,24.207975,0.4252416,23.121216,28.934679
16.57,6.389701,24.271456,0.4223862,23.050108,28.96976
16.58,6.400981,24.335052,0.41954428,22.979097,29.004805
16.59,6.4122643,24.39876,0.41671622,22.908175,29.039783
16.6,6.4235454,24.462576,0.41390288,22.837355,29.074718
16.61,6.434829,24.526506,0.4111028,22.766623,29.109606
16.62,6.446111,24.590551,0.40831694,22.695992,29.144444
16.63,6.457391,24.65469,0.40554544,22.625477,29.179224
16.64,6.4686737,24.718954,0.4027873,22.55504,29.213955
16.65,6.4799576,24.78333,0.40004292,22.4847,29.248646
16.66,6.4912405,24.847816,0.39731196,22.414455,29.283278
16.67,6.5025215,24.912418,0.39459535,22.34431,29.317867
16.68,6.513805,24.977125,0.39189222,22.274273,29.352402
16.69,6.525086,25.041946,0.38920268,22.204332,29.386883
16.7,6.5363684,25.106882,0.38652685,22.134485,29.42132
16.71,6.5476484,25.171907,0.38386533,22.064758,29.45569
16.72,6.558928,25.23706,0.38121697,21.995113,29.490017
16.73,6.57021,25.302324,0.3785824,21.925583,29.524286
16.74,6.5814886,25.367704,0.37596104,21.85614,29.558517
16.75,6.5927696,25.433187,0.37335345,21.78681,29.592686
16.76,6.604046,25.49879,0.37075955,21.717577,29.626806
16.77,6.6153245,25.564499,0.36817902,21.648447,29.660873
16.78,6.6266003,25.630325,0.36561212,21.579418,29.694881
16.79,6.6378765,25.696253,0.3630582,21.5105,29.72885
16.8,6.64915,25.762281,0.36051875,21.4417,29.762735
16.81,6.6604238,25.82844,0.3579921,21.37298,29.796598
16.82,6.6716957,25.894709,0.35547894,21.304373,29.830395
16.83,6.682967,25.961092,0.35297918,21.235872,29.864141
16.84,6.694239,26.027582,0.3504926,21.167473,29.897833
16.85,6.7055063,26.094187,0.34801942,21.099182,29.931473
16.86,6.7167735,26.1609,0.34555984,21.031002,29.965052
16.87,6.7280397,26.227732,0.34311324,20.962929,29.99858
16.88,6.739301,26.294657,0.34068042,20.894972,30.03205
16.89,6.750564,26.361704,0.3382606,20.827112,30.065464
16.9,6.761825,26.428879,0.33585358,20.75935,30.098835
16.91,6.773084,26.496159,0.3334602,20.69171,30.13214
16.92,6.784341,26.563547,0.33108008,20.624168,30.165398
16.93,6.7955976,26.631062,0.32871288,20.556744,30.198593
16.94,6.80685,26.698673,0.3263585,20.489422,30.231731
16.95,6.818101,26.766401,0.32401776,20.422216,30.264816
16.96,6.8293486,26.834242,0.32169008,20.355127,30.297844
16.97,6.840595,26.902197,0.31937516,20.288141,30.330812
16.98,6.851841,26.970274,0.31707323,20.221256,30.363739
16.99,6.863081,27.03846,0.31478477,20.154493,30.396591
17.0,6.8743224,27.106766,0.31250876,20.087835,30.4294
17.01,6.88556,27.17518,0.31024578,20.021292,30.462143
17.02,6.8967924,27.243713,0.3079959,19.95486,30.494835
17.03,6.9080267,27.312353,0.30575848,19.888542,30.527462
17.04,6.9192553,27.381117,0.30353403,19.822334,30.560041
17.05,6.9304795,27.449987,0.30132282,19.75625,30.592556
17.06,6.941704,27.51898,0.29912442,19.690271,30.625017
17.07,6.9529257,27.588093,0.2969383,19.6244,30.65742
17.08,6.964144,27.65732,0.29476464,19.558638,30.689764
17.09,6.9753575,27.726664,0.2926042,19.492996,30.722048
17.1,6.9865704,27.79612,0.29045647,19.427475,30.754274
17.11,6.9977775,27.865704,0.2883209,19.36206,30.786448
17.12,7.0089836,27.935396,0.28619796,19.29676,30.818554
17.13,7.020184,28.005198,0.2840881,19.23159,30.850603
17.14,7.031383,28.075127,0.28199035,19.166525,30.8826
17.15,7.0425777,28.14517,0.27990526,19.101572,30.914534
17.16,7.053769,28.215334,0.27783242,19.036737,30.94641
17.17,7.0649567,28.28562,0.2757721,18.972023,30.978218
17.18,7.076141,28.356016,0.27372387,18.907417,31.009975
17.19,7.0873227,28.426544,0.27168787,18.842932,31.041672
17.2,7.0985,28.497175,0.26966426,18.778563,31.073301
17.21,7.1096697,28.56792,0.26765352,18.71433,31.104876
17.22,7.1208377,28.638798,0.26565406,18.650196,31.136389
17.23,7.1320043,28.709785,0.26366702,18.586184,31.167845
17.24,7.1431646,28.780909,0.2616918,18.522284,31.199232
17.25,7.1543202,28.85214,0.259729,18.458508,31.23057
17.26,7.165474,28.923492,0.25777787,18.394854,31.261833
17.27,7.1766214,28.994967,0.25583887,18.331312,31.293047
17.28,7.187766,29.066563,0.25391188,18.267893,31.324196
17.29,7.198906,29.13827,0.25199655,18.2046,31.355286
17.3,7.210037,29.21009,0.25009343,18.141434,31.386305
17.31,7.2211685,29.28204,0.2482017,18.078377,31.417267
17.32,7.232294,29.354116,0.24632142,18.015442,31.448174
17.33,7.2434144,29.42631,0.24445306,17.952625,31.479008
17.34,7.2545314,29.498621,0.24259618,17.889935,31.509779
17.35,7.2656426,29.571054,0.24075101,17.827358,31.540491
17.36,7.2767487,29.643612,0.23891726,17.764914,31.57115
17.37,7.287848,29.71628,0.23709461,17.702587,31.601736
17.38,7.298944,29.789062,0.23528384,17.6404,31.632257
17.39,7.3100348,29.861996,0.23348418,17.578316,31.66272
17.4,7.32112,29.935028,0.23169567,17.516363,31.693113
17.41,7.3322005,30.008188,0.22991857,17.45453,31.723448
17.42,7.343274,30.081467,0.2281526,17.392824,31.753717
17.43,7.3543453,30.154861,0.22639748,17.331242,31.783924
17.44,7.36541,30.228392,0.22465372,17.269789,31.814062
17.45,7.3764696,30.302029,0.22292043,17.20845,31.844141
17.46,7.3875184,30.375774,0.22119911,17.147257,31.874146
17.47,7.398567,30.44966,0.2194879,17.086176,31.904097
17.48,7.4096093,30.523664,0.2177875,17.025219,31.93398
17.49,7.4206448,30.59779,0.21609813,16.964392,31.963795
17.5,7.4316754,30.672028,0.21441904,16.903688,31.993553
17.51,7.4426985,30.746391,0.21275087,16.843113,32.02324
17.52,7.453718,30.820889,0.21109332,16.782661,32.052864
17.53,7.464729,30.89549,0.20944628,16.722343,32.08242
17.54,7.4757366,30.970219,0.20780964,16.662153,32.111908
17.55,7.486734,31.045055,0.20618373,16.602098,32.141327
17.56,7.497728,31.120022,0.20456797,16.54216,32.17068
17.57,7.508715,31.19511,0.20296247,16.482353,32.199986
17.58,7.5196958,31.27031,0.20136715,16.422674,32.229206
17.59,7.53067,31.345642,0.19978258,16.363129,32.25836
17.6,7.541639,31.421091,0.1982074,16.303705,32.28746
17.61,7.552601,31.49665,0.1966425,16.244413,32.31649
17.62,7.5635533,31.572338,0.19508778,16.185257,32.345448
17.63,7.5745015,31.648125,0.19354318,16.126236,32.374336
17.64,7.585443,31.724052,0.19200824,16.067337,32.403152
17.65,7.596378,31.800093,0.19048344,16.008568,32.431923
17.66,7.607305,31.876253,0.18896809,15.949927,32.460613
17.67,7.6182265,31.952532,0.18746284,15.89142,32.48924
17.68,7.6291394,32.02893,0.18596737,15.833047,32.5178
17.69,7.640047,32.10545,0.18448128,15.774805,32.546288
17.7,7.6509457,32.182076,0.1830048,15.716694,32.57471
17.71,7.661838,32.258816,0.18153839,15.658723,32.603065
17.72,7.6727223,32.335693,0.18008102,15.600872,32.631348
17.73,7.6836014,32.41269,0.17863345,15.543153,32.65957
17.74,7.6944714,32.489784,0.17719473,15.485574,32.68773
17.75,7.705335,32.567,0.17576583,15.428122,32.71581
17.76,7.7161922,32.644333,0.17434596,15.370806,32.743828
17.77,7.727039,32.721786,0.172936,15.313623,32.771774
17.78,7.737881,32.799366,0.17153479,15.256566,32.799656
17.79,7.7487135,32.877052,0.17014255,15.199647,32.82747
17.8,7.759538,32.95484,0.1687604,15.142874,32.855213
17.81,7.7703567,33.032753,0.16738655,15.086224,32.88289
17.82,7.7811694,33.110786,0.16602202,15.029703,32.910503
17.83,7.791969,33.188927,0.16466628,14.973321,32.938038
17.84,7.8027635,33.267197,0.16331965,14.91707,32.96552
17.85,7.81355,33.345566,0.16198212,14.860957,32.99292
17.86,7.824329,33.424057,0.1606534,14.80497,33.02026
17.87,7.8350987,33.502663,0.15933341,14.749125,33.047535
17.88,7.845859,33.581352,0.15802272,14.693428,33.074726
17.89,7.856613,33.660194,0.1567205,14.637846,33.10186
17.9,7.867361,33.739143,0.15542686,14.582399,33.12893
17.91,7.878098,33.818184,0.15414213,14.527097,33.155926
17.92,7.888826,33.89736,0.15286604,14.471919,33.182854
17.93,7.8995457,33.97664,0.15159856,14.416881,33.20973
17.94,7.910258,34.056038,0.15033941,14.361979,33.23651
17.95,7.920962,34.135536,0.14908913,14.307205,33.263245
17.96,7.931655,34.215134,0.14784765,14.252582,33.289898
17.97,7.942341,34.29486,0.14661454,14.198082,33.316483
17.98,7.9530196,34.374702,0.14538936,14.143718,33.343006
17.99,7.9636846,34.454643,0.14417307,14.08949,33.369465
18.0,7.9743466,34.534706,0.14296514,14.035396,33.39585
18.01,7.9849963,34.614876,0.14176564,13.981437,33.42216
18.02,7.9956384,34.695152,0.14057465,13.927616,33.448414
18.03,8.006271,34.77555,0.13939157,13.873926,33.4746
18.04,8.016894,34.856026,0.13821639,13.8203745,33.500717
18.05,8.027506,34.936615,0.13705043,13.766966,33.52676
18.06,8.038113,35.017326,0.13589224,13.713692,33.55274
18.07,8.048707,35.098145,0.13474193,13.660542,33.57865
18.08,8.059295,35.179077,0.13360015,13.607536,33.60449
18.09,8.069868,35.260117,0.13246632,13.554658,33.63027
18.1,8.080436,35.34124,0.13134074,13.501925,33.65598
18.11,8.090993,35.422493,0.130223,13.449317,33.681618
18.12,8.101541,35.503838,0.12911364,13.396857,33.70719
18.13,8.112076,35.58528,0.12801208,13.344532,33.73269
18.14,8.122605,35.666855,0.12691852,13.292336,33.75813
18.15,8.133123,35.74852,0.12583293,13.240279,33.7835
18.16,8.143631,35.8303,0.124754876,13.1883545,33.808804
18.17,8.154129,35.912178,0.12368486,13.136567,33.834038
18.18,8.164618,35.99417,0.12262271,13.084914,33.859207
18.19,8.175095,36.07625,0.1215685,13.033401,33.8843
18.2,8.185562,36.15844,0.12052213,12.982024,33.909332
18.21,8.196017,36.240715,0.11948315,12.930794,33.9343
18.22,8.206467,36.32312,0.11845238,12.879685,33.959194
18.23,8.216903,36.405617,0.117428675,12.828715,33.984024
18.24,8.227329,36.488228,0.11641356,12.777878,34.00879
18.25,8.237743,36.57094,0.11540513,12.727183,34.033485
18.26,8.248148,36.653732,0.114404686,12.6766205,34.058105
18.27,8.258544,36.73664,0.113411434,12.626198,34.08267
18.28,8.268927,36.81965,0.112425804,12.575909,34.107162
18.29,8.2793,36.90278,0.11144834,12.525753,34.131584
18.3,8.289661,36.985962,0.11047794,12.47575,34.155933
18.31,8.3000145,37.069283,0.109514765,12.425866,34.180225
18.32,8.310352,37.15268,0.10855914,12.376126,34.20444
18.33,8.320683,37.2362,0.10761061,12.32652,34.228596
18.34,8.331002,37.31981,0.10666962,12.277051,34.25268
18.35,8.34131,37.403526,0.105735734,12.227717,34.2767
18.36,8.351604,37.487328,0.10480927,12.178522,34.300648
18.37,8.361889,37.571243,0.10388953,12.129461,34.32453
18.38,8.372162,37.655243,0.10297725,12.080549,34.348343
18.39,8.382423,37.73935,0.10207226,12.031761,34.372093
18.4,8.3926735,37.823547,0.10117415,11.983114,34.395763
18.41,8.402914,37.90786,0.10028288,11.934597,34.41938
18.42,8.413145,37.992256,0.09939912,11.88622,34.44292
18.43,8.423362,38.076767,0.09852158,11.83798,34.466393
18.44,8.433564,38.16136,0.097651236,11.789879,34.489796
18.45,8.443758,38.246048,0.09678798,11.741911,34.513134
18.46,8.453939,38.330833,0.0959316,11.694092,34.53641
18.47,8.464109,38.415718,0.095081344,11.646398,34.559605
18.48,8.474269,38.50071,0.09423874,11.598843,34.58274
18.49,8.484417,38.585793,0.09340206,11.551426,34.6058
18.5,8.494551,38.670975,0.09257215,11.504143,34.628803
18.51,8.504677,38.756256,0.09174911,11.456995,34.65173
18.52,8.514788,38.84163,0.09093264,11.409989,34.67459
18.53,8.524888,38.927094,0.09012245,11.363117,34.697384
18.54,8.534975,39.012665,0.08931887,11.316385,34.720108
18.55,8.545051,39.09832,0.08852126,11.269794,34.742756
18.56,8.555117,39.184074,0.08773019,11.223337,34.765347
18.57,8.565167,39.269928,0.086945996,11.177012,34.787865
18.58,8.575211,39.35588,0.0861675,11.130828,34.810314
18.59,8.585238,39.441933,0.08539557,11.084771,34.832706
18.6,8.595256,39.52807,0.08462957,11.0388565,34.855022
18.61,8.60526,39.61432,0.083869636,10.993079,34.877262
18.62,8.615253,39.700653,0.08311602,10.947438,34.899445
18.63,8.625233,39.78708,0.08236843,10.901942,34.921547
18.64,8.635201,39.873604,0.081627056,10.856572,34.943584
18.65,8.64516,39.960228,0.08089094,10.811342,34.965557
18.66,8.655105,40.046967,0.08016131,10.766244,34.98746
18.67,8.665038,40.133774,0.07943679,10.721287,35.009308
18.68,8.674957,40.220695,0.07871864,10.676462,35.03107
18.69,8.684869,40.30771,0.078006506,10.631773,35.052773
18.7,8.694764,40.394806,0.0772994,10.587225,35.074398
18.71,8.704649,40.482002,0.07659861,10.542817,35.095955
18.72,8.714519,40.569298,0.075902715,10.498538,35.11746
18.73,8.724381,40.656715,0.07521316,10.454389,35.138878
18.74,8.734229,40.744194,0.07452841,10.41038,35.160236
18.75,8.744068,40.83181,0.07384933,10.366504,35.18153
18.76,8.753889,40.91948,0.07317545,10.322772,35.20275
18.77,8.763701,41.00727,0.07250773,10.279163,35.223904
18.78,8.773502,41.09516,0.071844585,10.235695,35.244995
18.79,8.783289,41.183144,0.07118703,10.192365,35.266
18.8,8.793064,41.271202,0.07053467,10.149175,35.286953
18.81,8.802828,41.359375,0.069888,10.10611,35.307835
18.82,8.812577,41.447655,0.069245435,10.063178,35.32865
18.83,8.822316,41.536026,0.06860921,10.020389,35.3494
18.84,8.832043,41.624504,0.06797693,9.977722,35.370075
18.85,8.841759,41.71306,0.06735043,9.935197,35.390686
18.86,8.85146,41.801727,0.06672826,9.892806,35.41123
18.87,8.86115,41.890503,0.06611167,9.850543,35.43171
18.88,8.870825,41.979324,0.06549958,9.80843,35.45211
18.89,8.880488,42.068283,0.06489259,9.7664385,35.47245
18.9,8.8901415,42.15734,0.06429073,9.724581,35.49273
18.91,8.899781,42.24649,0.06369323,9.682853,35.512947
18.92,8.909411,42.335747,0.06310012,9.641258,35.533073
18.93,8.919024,42.425095,0.06251221,9.599803,35.55315
18.94,8.928628,42.51454,0.06192933,9.558476,35.57315
18.95,8.938218,42.604095,0.061350532,9.517278,35.593098
18.96,8.947793,42.693718,0.060777083,9.476227,35.612965
18.97,8.957359,42.78347,0.060207784,9.435297,35.63278
18.98,8.966909,42.873306,0.05964242,9.394498,35.65251
18.99,8.97645,42.96324,0.059082195,9.353832,35.672184
19.0,8.985977,43.053284,0.058526896,9.313299,35.69179
19.01,8.99549,43.14341,0.057975426,9.272894,35.71134
19.02,9.004989,43.233643,0.05742888,9.232626,35.730816
19.03,9.014478,43.323967,0.056885727,9.192487,35.75022
19.04,9.0239525,43.41439,0.056348093,9.152478,35.769566
19.05,9.033414,43.504898,0.055813923,9.112608,35.788834
19.06,9.042862,43.59552,0.055285312,9.072864,35.80805
19.07,9.052298,43.686226,0.054760374,9.033247,35.82719
19.08,9.06172,43.777046,0.05423958,8.993759,35.846275
19.09,9.07113,43.867958,0.053722702,8.954406,35.865288
19.1,9.080524,43.95896,0.053210743,8.915186,35.884243
19.11,9.089908,44.050064,0.052702405,8.876091,35.903126
19.12,9.099274,44.141273,0.052198805,8.837126,35.921944
19.13,9.10863,44.23256,0.051699005,8.798297,35.940697
19.14,9.117973,44.32395,0.051203415,8.759593,35.959393
19.15,9.127302,44.415436,0.050711922,8.72102,35.97802
19.16,9.136615,44.50701,0.05022458,8.682576,35.99657
19.17,9.145917,44.598694,0.049741477,8.644258,36.015076
19.18,9.155207,44.69046,0.04926244,8.606075,36.03351
19.19,9.164478,44.78234,0.04878717,8.568012,36.051888
19.2,9.1737385,44.874306,0.048315816,8.530083,36.070183
19.21,9.18298,44.96634,0.047848918,8.492295,36.088425
19.22,9.192213,45.058495,0.04738564,8.454623,36.106598
19.23,9.201429,45.15074,0.046926327,8.417079,36.124714
19.24,9.210632,45.243088,0.046471268,8.379666,36.142765
19.25,9.219822,45.335526,0.046020187,8.342378,36.160755
19.26,9.228996,45.428047,0.04557243,8.305222,36.178665
19.27,9.238155,45.52066,0.04512939,8.268194,36.196533
19.28,9.247302,45.613373,0.044689506,8.231293,36.21433
19.29,9.2564335,45.706192,0.044253677,8.194516,36.232063
19.3,9.265549,45.79905,0.043821797,8.15788,36.24973
19.31,9.274651,45.89205,0.043394,8.121359,36.267338
19.32,9.283739,45.98513,0.042969167,8.084967,36.284885
19.33,9.29281,46.0783,0.042549092,8.048702,36.302372
19.34,9.3018675,46.171562,0.042131737,8.012564,36.31979
19.35,9.310912,46.264915,0.04171886,7.976553,36.33715
19.36,9.319942,46.358368,0.04130966,7.9406695,36.354454
19.37,9.328956,46.451897,0.04090406,7.904913,36.37168
19.38,9.337952,46.5455,0.040501967,7.86929,36.38886
19.39,9.346934,46.639236,0.040104024,7.8337865,36.405964
19.4,9.355904,46.73304,0.039708912,7.798409,36.42302
19.41,9.364859,46.826942,0.03931811,7.7631574,36.44
19.42,9.373799,46.92093,0.038930587,7.7280307,36.45693
19.43,9.382722,47.015007,0.03854682,7.693029,36.473797
19.44,9.39163,47.10916,0.03816644,7.6581535,36.490604
19.45,9.400522,47.20343,0.037790075,7.623404,36.507355
19.46,9.409402,47.297752,0.03741638,7.588786,36.52403
19.47,9.418263,47.39219,0.037046265,7.554288,36.540638
19.48,9.42711,47.486717,0.03668028,7.51991,36.557205
19.49,9.435943,47.58132,0.03631742,7.4856625,36.57371
19.5,9.444763,47.676033,0.03595813,7.451537,36.590145
19.51,9.453566,47.770813,0.035601944,7.4175353,36.60653
19.52,9.462354,47.865707,0.035249107,7.383658,36.622856
19.53,9.471124,47.960663,0.034900058,7.349906,36.63911
19.54,9.479882,48.055725,0.034553476,7.316271,36.65531
19.55,9.488621,48.150856,0.03421118,7.282776,36.671444
19.56,9.497349,48.246086,0.033871453,7.24939,36.687523
19.57,9.506061,48.341393,0.033535402,7.2161293,36.703556
19.58,9.514759,48.436806,0.033202138,7.182991,36.719513
19.59,9.523437,48.53232,0.032872282,7.1499753,36.73541
19.6,9.532105,48.6279,0.032545663,7.117084,36.75126
19.61,9.540754,48.723564,0.0322221,7.084313,36.76705
19.62,9.54939,48.819313,0.031902008,7.051667,36.78277
19.63,9.55801,48.915154,0.031584665,7.019146,36.798428
19.64,9.566618,49.0111,0.03127028,6.9867353,36.814045
19.65,9.575205,49.107124,0.030958919,6.9544497,36.82959
19.66,9.583781,49.20324,0.03065087,6.9222856,36.84508
19.67,9.592339,49.29944,0.030345196,6.8902454,36.860516
19.68,9.600886,49.395714,0.030042896,6.858322,36.875893
19.69,9.609417,49.492104,0.029743372,6.8265166,36.89121
19.7,9.617932,49.58857,0.029446432,6.794832,36.90646
19.71,9.6264305,49.685097,0.02915332,6.763275,36.92167
19.72,9.634916,49.781746,0.028862113,6.7318296,36.936806
19.73,9.643386,49.87847,0.028574117,6.700505,36.951897
19.74,9.651843,49.975296,0.028288402,6.6692967,36.966923
19.75,9.660281,50.072205,0.028005794,6.638207,36.9819
19.76,9.668709,50.169197,0.027725892,6.6072364,36.99681
19.77,9.677118,50.26628,0.027448675,6.5763845,37.011677
19.78,9.6855135,50.36344,0.027173879,6.545651,37.02648
19.79,9.693899,50.46071,0.02690195,6.5150313,37.041218
19.8,9.702263,50.558037,0.026633024,6.484536,37.0559
19.81,9.710612,50.655457,0.026365835,6.454155,37.07055
19.82,9.718952,50.753,0.026101526,6.423886,37.085117
19.83,9.727274,50.850594,0.025839843,6.3937325,37.099636
19.84,9.73558,50.948288,0.025580492,6.3637013,37.114105
19.85,9.743875,51.046066,0.025323406,6.3337812,37.12851
19.86,9.7521515,51.143936,0.025069041,6.3039784,37.142853
19.87,9.760415,51.24189,0.024817418,6.274288,37.157146
19.88,9.768662,51.33992,0.024567343,6.2447195,37.171383
19.89,9.776898,51.43804,0.02432048,6.215261,37.185562
19.9,9.785115,51.53627,0.0240755,6.185914,37.199696
19.91,9.7933235,51.634567,0.02383208,6.1566844,37.21377
19.92,9.801512,51.732964,0.023591865,6.1275663,37.227787
19.93,9.809689,51.831436,0.023353633,6.0985613,37.241745
19.94,9.81785,51.93,0.023118373,6.0696726,37.255646
19.95,9.825994,52.028633,0.022884242,6.040895,37.269505
19.96,9.834123,52.12735,0.022652779,6.0122347,37.283306
19.97,9.842242,52.226173,0.022422768,5.9836802,37.29704
19.98,9.850343,52.32508,0.022195574,5.955237,37.310722
19.99,9.858435,52.42408,0.021970905,5.9269114,37.324364
20.0,9.866505,52.523132,0.021747611,5.898693,37.33793
20.01,9.874562,52.6223,0.02152637,5.870584,37.351456
20.02,9.882604,52.721535,0.021307793,5.842591,37.364933
20.03,9.890632,52.82087,0.021090802,5.814707,37.37835
20.04,9.898646,52.920265,0.020876087,5.786934,37.3917
20.05,9.906643,53.019753,0.020662822,5.759273,37.405014
20.06,9.914628,53.119324,0.020451687,5.731718,37.41827
20.07,9.922596,53.219,0.020242635,5.7042704,37.43146
20.08,9.930551,53.318733,0.020035934,5.6769376,37.444607
20.09,9.938488,53.418556,0.019830551,5.6497073,37.457695
20.1,9.946412,53.51847,0.019626725,5.622593,37.47073
20.11,9.954321,53.618454,0.019425534,5.595578,37.483723
20.12,9.9622135,53.71852,0.019226223,5.568682,37.496662
20.13,9.97009,53.818665,0.019028457,5.541892,37.50953
20.14,9.977955,53.918884,0.018832315,5.5152063,37.522346
20.15,9.985802,54.01921,0.018638046,5.4886284,37.535126
20.16,9.993636,54.11959,0.01844592,5.4621563,37.547848
20.17,10.001456,54.22007,0.018255316,5.4357905,37.560505
20.18,10.009256,54.320618,0.018066913,5.4095335,37.573116
20.19,10.017044,54.421257,0.017879829,5.383378,37.585682
20.2,10.024816,54.521957,0.017694306,5.357335,37.598186
20.21,10.032574,54.622734,0.017511081,5.331399,37.610638
20.22,10.040312,54.723595,0.01732916,5.3055634,37.623043
20.23,10.048038,54.824547,0.01714892,5.2798347,37.6354
20.24,10.055746,54.925568,0.016970359,5.2542067,37.647682
20.25,10.063443,55.026688,0.016793903,5.228687,37.65994
20.26,10.07112,55.12786,0.016618885,5.2032685,37.67213
20.27,10.078784,55.22911,0.016445208,5.177956,37.68427
20.28,10.0864315,55.330444,0.016273372,5.1527486,37.69636
20.29,10.094063,55.431854,0.01610342,5.1276417,37.7084
20.3,10.101677,55.533318,0.015935164,5.102645,37.720383
20.31,10.109276,55.63488,0.015767604,5.077746,37.73232
20.32,10.116861,55.73651,0.0156025095,5.0529494,37.744198
20.33,10.124428,55.838226,0.015438321,5.0282516,37.756035
20.34,10.13198,55.940025,0.015276323,5.0036592,37.767815
20.35,10.139517,56.041885,0.015115774,4.979168,37.779545
20.36,10.1470375,56.143814,0.014956544,4.9547796,37.791225
20.37,10.154545,56.245834,0.014799031,4.9304886,37.802853
20.38,10.162029,56.347893,0.014642584,4.9063067,37.814426
20.39,10.169503,56.450066,0.014488119,4.882216,37.82596
20.4,10.17696,56.552307,0.014335103,4.8582277,37.837437
20.41,10.184401,56.65461,0.014183774,4.8343406,37.848866
20.42,10.191825,56.75698,0.014033423,4.8105507,37.86024
20.43,10.19923,56.859436,0.013884805,4.786862,37.871567
20.44,10.206627,56.961967,0.013737743,4.7632675,37.882847
20.45,10.214003,57.064575,0.013591955,4.739776,37.894077
20.46,10.221361,57.16723,0.013447757,4.716387,37.905247
20.47,10.228704,57.269974,0.013304663,4.6930895,37.91638
20.48,10.236032,57.372795,0.013163586,4.669888,37.92746
20.49,10.243342,57.475693,0.013023618,4.646787,37.938503
20.5,10.25064,57.57866,0.012885387,4.6237826,37.94947
20.51,10.257918,57.681686,0.012747775,4.6008725,37.96042
20.52,10.265181,57.784798,0.012611995,4.5780635,37.9713
20.53,10.2724285,57.887985,0.012477289,4.555345,37.982136
20.54,10.279659,57.991234,0.0123441545,4.5327234,37.992935
20.55,10.286872,58.094536,0.012212721,4.5102015,38.003666
20.56,10.294071,58.19793,0.012081723,4.4877734,38.014355
20.57,10.301253,58.3014,0.0119533995,4.4654374,38.024998
20.58,10.30842,58.404938,0.011825,4.4431973,38.0356
20.59,10.315568,58.508545,0.011698701,4.4210486,38.046158
20.6,10.322705,58.61222,0.011573539,4.3989954,38.056656
20.61,10.329822,58.715973,0.011449669,4.377034,38.067112
20.62,10.3369255,58.819794,0.011326955,4.355167,38.07752
20.63,10.344011,58.923668,0.011205495,4.3333955,38.087883
20.64,10.351079,59.02762,0.011085116,4.311714,38.0982
20.65,10.358132,59.13166,0.010966376,4.2901225,38.10848
20.66,10.3651705,59.23575,0.010848493,4.2686267,38.11869
20.67,10.372193,59.339928,0.010732239,4.247219,38.128876
20.68,10.379198,59.444176,0.010616889,4.2259026,38.139
20.69,10.386189,59.548462,0.010502418,4.2046785,38.149094
20.7,10.393163,59.652847,0.010389945,4.183547,38.159138
20.71,10.400122,59.757286,0.010278096,4.162506,38.169125
20.72,10.4070635,59.8618,0.010167443,4.1415524,38.179077
20.73,10.41399,59.966377,0.010058002,4.120691,38.188976
20.74,10.420902,60.071045,0.009950043,4.099912,38.198853
20.75,10.4277935,60.175766,0.009842918,4.079228,38.208656
20.76,10.434674,60.280556,0.0097366925,4.058631,38.21843
20.77,10.441538,60.385414,0.009631736,4.038124,38.22816
20.78,10.448386,60.490334,0.0095276395,4.017703,38.23785
20.79,10.455219,60.595337,0.009425195,3.9973729,38.24748
20.8,10.462038,60.70038,0.009323866,3.9771342,38.25708
20.81,10.468839,60.805496,0.00922306,3.9569771,38.26662
20.82,10.475625,60.910698,0.009123203,3.9369047,38.27614
20.83,10.482394,61.015953,0.009024636,3.9169257,38.285595
20.84,10.48915,61.121277,0.008927433,3.8970287,38.29502
20.85,10.49589,61.226692,0.008831047,3.877218,38.3044
20.86,10.502615,61.332146,0.008735483,3.8574944,38.313736
20.87,10.509323,61.437683,0.008641345,3.8378563,38.323036
20.88,10.516017,61.543243,0.0085480865,3.8183079,38.33227
20.89,10.522696,61.64891,0.008455342,3.79884,38.341496
20.9,10.52936,61.754623,0.0083639305,3.779458,38.350666
20.91,10.536006,61.860413,0.008273682,3.7601597,38.35978
20.92,10.542638,61.966255,0.008183992,3.7409482,38.368866
20.93,10.549257,62.07218,0.008095099,3.72182,38.377922
20.94,10.5558605,62.178154,0.008008091,3.7027717,38.38691
20.95,10.562447,62.284195,0.007920908,3.683812,38.39587
20.96,10.5690155,62.39029,0.007834979,3.6649387,38.404797
20.97,10.575573,62.49646,0.007750185,3.6461418,38.413666
20.98,10.582114,62.602676,0.007666411,3.6274343,38.422504
20.99,10.588643,62.708992,0.0075832736,3.6088016,38.431297
21.0,10.595154,62.81533,0.0075010336,3.5902562,38.440044
21.01,10.601651,62.92176,0.0074198744,3.5717924,38.44877
21.02,10.608133,63.028236,0.0073393746,3.5534098,38.45745
21.03,10.614601,63.134773,0.007259806,3.535113,38.46609
21.04,10.621052,63.24137,0.007181046,3.5168903,38.474674
21.05,10.627487,63.348007,0.007103281,3.4987588,38.48323
21.06,10.63391,63.454742,0.0070264316,3.4807026,38.49175
21.07,10.640316,63.56153,0.0069499365,3.4627273,38.50022
21.08,10.6467085,63.66838,0.006874593,3.4448314,38.50866
21.09,10.653088,63.77529,0.0067999978,3.4270139,38.51706
21.1,10.659452,63.882217,0.0067263115,3.4092822,38.525425
21.11,10.665796,63.989258,0.0066536013,3.3916254,38.533733
21.12,10.672131,64.09634,0.006581137,3.374055,38.54202
21.13,10.678449,64.20344,0.0065096803,3.3565636,38.550262
21.14,10.684753,64.31064,0.0064389054,3.3391466,38.558468
21.15,10.691039,64.41789,0.0063694157,3.321811,38.56663
21.16,10.697312,64.5252,0.006300155,3.304553,38.574757
21.17,10.703568,64.632545,0.0062321685,3.287374,38.582836
21.18,10.709814,64.73999,0.0061646327,3.2702737,38.5909
21.19,10.7160425,64.84747,0.0060975105,3.2532525,38.598907
21.2,10.722257,64.95502,0.00603193,3.2363067,38.60688
21.21,10.728455,65.06258,0.0059662205,3.219444,38.61481
21.22,10.734639,65.170235,0.005901575,3.202656,38.62272
21.23,10.740806,65.27794,0.005837843,3.1859455,38.630585
21.24,10.746962,65.3857,0.0057743564,3.1693106,38.638405
21.25,10.753098,65.49352,0.0057121557,3.1527562,38.6462
21.26,10.759225,65.60137,0.005650703,3.1362772,38.65395
21.27,10.765332,65.709305,0.005589567,3.1198719,38.66166
21.28,10.77143,65.8173,0.0055286027,3.1035428,38.669334
21.29,10.777508,65.92533,0.0054691583,3.0872934,38.676968
21.3,10.783571,66.033394,0.005410303,3.0711195,38.684578
21.31,10.789622,66.14155,0.0053515434,3.055017,38.69214
21.32,10.795656,66.24975,0.005293381,3.0389938,38.69967
21.33,10.801678,66.358,0.0052366666,3.023045,38.70716
21.34,10.807681,66.46633,0.005180214,3.0071688,38.71463
21.35,10.813672,66.5747,0.0051240963,2.991367,38.722046
21.36,10.819648,66.683105,0.0050688908,2.975642,38.72943
21.37,10.825607,66.7916,0.005014207,2.959993,38.736782
21.38,10.831552,66.90011,0.004960455,2.9444141,38.744102
21.39,10.837482,67.00871,0.004907161,2.9289117,38.751377
21.4,10.843396,67.11734,0.004854449,2.913479,38.75863
21.41,10.849298,67.22602,0.0048019886,2.8981214,38.765827
21.42,10.855184,67.33478,0.0047503635,2.882837,38.772995
21.43,10.861053,67.44359,0.0046989024,2.867625,38.780148
21.44,10.866908,67.552444,0.0046485364,2.8524847,38.787235
21.45,10.872746,67.66138,0.004598722,2.837418,38.794308
21.46,10.878574,67.77031,0.0045489636,2.822426,38.80134
21.47,10.884385,67.87933,0.0045007137,2.8074994,38.808342
21.48,10.890179,67.98843,0.004452076,2.7926493,38.81531
21.49,10.895962,68.09755,0.004404631,2.7778676,38.822227
21.5,10.901727,68.206764,0.0043574283,2.7631562,38.82913
21.51,10.907479,68.31602,0.0043104747,2.748514,38.835983
21.52,10.913212,68.425316,0.00426372,2.7339468,38.842827
21.53,10.918934,68.53466,0.004217981,2.719446,38.849606
21.54,10.92464,68.64409,0.004173162,2.705016,38.85637
21.55,10.930328,68.75353,0.0041282615,2.6906564,38.86309
21.56,10.936007,68.86307,0.004083807,2.6763666,38.869785
21.57,10.941667,68.97263,0.004039786,2.6621451,38.876442
21.58,10.947314,69.0823,0.003996516,2.6479905,38.883076
21.59,10.952943,69.19199,0.003953788,2.6339052,38.88966
21.6,10.958561,69.30175,0.003910958,2.6198862,38.896225
21.61,10.964163,69.41157,0.0038691075,2.6059387,38.90275
21.62,10.969752,69.52144,0.0038274513,2.5920548,38.909233
21.63,10.975322,69.63136,0.0037859553,2.5782413,38.915707
21.64,10.98088,69.741325,0.00374554,2.5644937,38.922123
21.65,10.986421,69.85138,0.003705158,2.550813,38.92851
21.66,10.991945,69.96148,0.0036649397,2.5371995,38.934895
21.67,10.997461,70.07165,0.003625284,2.5236487,38.94122
21.68,11.002955,70.18186,0.0035861041,2.5101671,38.94752
21.69,11.008442,70.29213,0.0035475912,2.4967515,38.953785
21.7,11.01391,70.402466,0.0035089804,2.4833977,38.960014
21.71,11.0193615,70.51284,0.0034709657,2.4701133,38.96622
21.72,11.024798,70.62331,0.0034331167,2.4568892,38.972385
21.73,11.030225,70.73383,0.0033958284,2.4437332,38.978527
21.74,11.035633,70.84439,0.0033585457,2.4306371,38.98464
21.75,11.041029,70.95501,0.0033219373,2.4176066,38.990707
21.76,11.046409,71.0657,0.0032854574,2.4046395,38.99676
21.77,11.051775,71.17647,0.0032494804,2.3917372,39.00277
21.78,11.057126,71.28727,0.0032138145,2.3788955,39.00877
21.79,11.062466,71.39813,0.0031784968,2.3661149,39.014713
21.8,11.067785,71.50904,0.0031432966,2.3534017,39.02063
21.81,11.073095,71.62005,0.0031084465,2.340748,39.02653
21.82,11.078386,71.73109,0.0030743228,2.3281548,39.032383
21.83,11.083666,71.84219,0.0030398415,2.3156264,39.038216
21.84,11.088933,71.95335,0.0030060178,2.3031533,39.04403
21.85,11.094181,72.064575,0.002972764,2.2907462,39.04979
21.86,11.0994215,72.17587,0.0029391414,2.278398,39.055534
21.87,11.104639,72.2872,0.0029061036,2.26611,39.061256
21.88,11.109847,72.398575,0.0028735418,2.2538824,39.066936
21.89,11.115041,72.51004,0.0028412342,2.2417145,39.07257
21.9,11.120221,72.62156,0.0028087972,2.2296064,39.078205
21.91,11.125386,72.73314,0.0027769944,2.2175553,39.0838
21.92,11.130537,72.84477,0.0027452307,2.2055664,39.089375
21.93,11.135675,72.95646,0.002713983,2.193635,39.094913
21.94,11.140797,73.0682,0.0026833592,2.1817625,39.100418
21.95,11.145906,73.18004,0.0026524467,2.169945,39.10589
21.96,11.151001,73.29186,0.0026218388,2.158187,39.11135
21.97,11.156082,73.403786,0.0025907336,2.1464887,39.11676
21.98,11.161149,73.51576,0.0025612758,2.1348436,39.12215
21.99,11.166205,73.62782,0.0025314782,2.123259,39.12751
22.0,11.171244,73.7399,0.00250158,2.1117284,39.13286
22.01,11.17627,73.852036,0.002472532,2.1002545,39.13817
22.02,11.181284,73.96425,0.0024437252,2.088839,39.143444
22.03,11.186283,74.07651,0.0024148244,2.0774786,39.148705
22.04,11.191271,74.18883,0.002386272,2.0661733,39.153927
22.05,11.19624,74.30117,0.0023582224,2.054928,39.159115
22.06,11.201198,74.413605,0.0023304028,2.0437336,39.164295
22.07,11.206142,74.52607,0.0023025302,2.0325937,39.16945
22.08,11.211074,74.6386,0.0022749268,2.0215077,39.174557
22.09,11.215989,74.75117,0.002247559,2.010478,39.17964
22.1,11.220897,74.86383,0.0022209194,1.9995005,39.18471
22.11,11.225784,74.97652,0.0021941513,1.9885795,39.189747
22.12,11.230664,75.08923,0.0021675825,1.9777136,39.19476
22.13,11.235527,75.20203,0.0021416992,1.9668987,39.199738
22.14,11.240377,75.31486,0.0021154769,1.9561379,39.2047
22.15,11.245213,75.42774,0.0020897537,1.9454327,39.209614
22.16,11.250036,75.540695,0.0020640232,1.9347765,39.214527
22.17,11.2548485,75.65368,0.002039194,1.924171,39.219402
22.18,11.259649,75.76672,0.0020141508,1.9136224,39.22426
22.19,11.26443,75.8798,0.0019896608,1.9031234,39.229088
22.2,11.269204,75.99294,0.0019650534,1.8926778,39.233887
22.21,11.273961,76.106094,0.0019414984,1.8822851,39.23865
22.22,11.2787075,76.21932,0.0019174404,1.8719432,39.24341
22.23,11.283439,76.332596,0.001893999,1.8616498,39.24813
22.24,11.288161,76.44592,0.0018706173,1.851409,39.252834
22.25,11.292863,76.55929,0.0018475968,1.8412187,39.257507
22.26,11.297558,76.6727,0.0018247869,1.8310792,39.26215
22.27,11.302239,76.78614,0.0018020496,1.8209901,39.266766
22.28,11.306908,76.899635,0.0017800108,1.8109529,39.27137
22.29,11.311563,77.01317,0.001758188,1.8009651,39.275944
22.3,11.3162,77.12674,0.0017366186,1.791024,39.28049
22.31,11.32083,77.24036,0.0017151199,1.7811368,39.28501
22.32,11.325448,77.35402,0.0016940385,1.7712953,39.289524
22.33,11.330053,77.46774,0.0016733976,1.7615077,39.293995
22.34,11.334643,77.581474,0.0016530352,1.7517638,39.298454
22.35,11.339219,77.695244,0.0016325768,1.7420721,39.302868
22.36,11.343788,77.80907,0.0016127964,1.7324266,39.307274
22.37,11.34834,77.922935,0.0015927618,1.7228298,39.311653
22.38,11.352879,78.03683,0.0015733158,1.713285,39.316006
22.39,11.357407,78.15078,0.0015543988,1.7037854,39.320335
22.4,11.36192,78.26473,0.0015354455,1.6943336,39.324646
22.41,11.366422,78.37875,0.001517171,1.684933,39.328934
22.42,11.370912,78.49281,0.0014988026,1.6755738,39.333195
22.43,11.375386,78.60691,0.0014809808,1.666266,39.337437
22.44,11.379856,78.72102,0.001463213,1.6570015,39.341637
22.45,11.384304,78.8352,0.001445502,1.647788,39.34583
22.46,11.3887415,78.94936,0.001428673,1.638618,39.35001
22.47,11.393168,79.06359,0.0014116289,1.6294997,39.35414
22.48,11.397586,79.17786,0.0013950812,1.6204243,39.358276
22.49,11.401984,79.29216,0.0013785185,1.6113925,39.362377
22.5,11.406374,79.40652,0.0013622036,1.6024084,39.366447
22.51,11.410749,79.520874,0.0013465257,1.5934722,39.370502
22.52,11.415117,79.63528,0.0013310788,1.5845785,39.37454
22.53,11.419469,79.74971,0.0013156114,1.5757325,39.378544
22.54,11.423805,79.86419,0.0013008947,1.5669317,39.382526
22.55,11.428133,79.97868,0.0012857364,1.5581801,39.386494
22.56,11.432447,80.0932,0.0012713848,1.5494633,39.390434
22.57,11.4367485,80.20778,0.0012570573,1.5407972,39.394367
22.58,11.441039,80.3224,0.0012431545,1.5321753,39.398262
22.59,11.445318,80.43705,0.0012293076,1.5235941,39.402138
22.6,11.449582,80.55173,0.0012156935,1.5150614,39.406002
22.61,11.4538355,80.66643,0.001202303,1.5065743,39.409832
22.62,11.458077,80.78116,0.0011889478,1.4981252,39.41365
22.63,11.462302,80.895905,0.0011761775,1.4897236,39.41744
22.64,11.466517,81.010704,0.0011638096,1.4813669,39.421215
22.65,11.470724,81.125565,0.0011512982,1.4730487,39.424957
22.66,11.474915,81.24044,0.0011390308,1.4647765,39.428684
22.67,11.479092,81.35533,0.0011271881,1.4565461,39.432392
22.68,11.483257,81.470276,0.0011152187,1.4483578,39.43608
22.69,11.48741,81.585266,0.0011034375,1.4402153,39.439747
22.7,11.491553,81.70025,0.0010924162,1.4321117,39.443398
22.71,11.495682,81.815254,0.0010810765,1.4240503,39.44701
22.72,11.499801,81.930336,0.0010696715,1.4160324,39.450615
22.73,11.503907,82.04544,0.0010590618,1.4080532,39.45421
22.74,11.507999,82.16057,0.0010478618,1.4001185,39.457764
22.75,11.512077,82.27575,0.0010380242,1.3922229,39.461308
22.76,11.516146,82.39096,0.0010274593,1.3843708,39.464836
22.77,11.520205,82.50621,0.0010173861,1.3765597,39.468334
22.78,11.524247,82.621475,0.0010073697,1.3687866,39.471813
22.79,11.528279,82.7368,0.0009976961,1.3610549,39.47528
22.8,11.532296,82.85209,0.0009878967,1.3533632,39.47873
22.81,11.536309,82.967476,0.0009784121,1.3457162,39.48216
22.82,11.540302,83.082886,0.00096932985,1.3381045,39.485554
22.83,11.544285,83.19835,0.0009600669,1.3305349,39.48895
22.84,11.548258,83.31382,0.00095090456,1.3230021,39.492313
22.85,11.552216,83.42935,0.000941867,1.3155146,39.49566
22.86,11.556164,83.54491,0.0009331517,1.3080599,39.498978
22.87,11.560095,83.6605,0.00092408806,1.3006495,39.502296
22.88,11.564018,83.77613,0.0009156577,1.2932742,39.50558
22.89,11.567929,83.89179,0.0009069983,1.2859387,39.508846
22.9,11.571827,84.00749,0.0008986909,1.2786433,39.51211
22.91,11.575711,84.12322,0.00089048035,1.2713847,39.51533
22.92,11.57959,84.23898,0.0008822512,1.2641621,39.518547
22.93,11.583448,84.3548,0.0008738898,1.2569818,39.521744
22.94,11.587302,84.47068,0.00086608157,1.2498357,39.524914
22.95,11.591141,84.586555,0.0008583553,1.2427305,39.528088
22.96,11.594964,84.702446,0.0008503739,1.2356601,39.531227
22.97,11.59878,84.81842,0.00084248,1.2286286,39.534355
22.98,11.602581,84.93442,0.00083470717,1.2216356,39.537457
22.99,11.606375,85.050476,0.00082699023,1.2146771,39.540554
23.0,11.610151,85.16654,0.0008197911,1.2077572,39.543617
23.01,11.613917,85.28267,0.0008122362,1.2008736,39.546673
23.02,11.617675,85.398834,0.00080442615,1.1940207,39.549706
23.03,11.621416,85.51504,0.0007968703,1.1872106,39.55272
23.04,11.62515,85.63126,0.0007895995,1.180438,39.555725
23.05,11.628869,85.747536,0.00078212656,1.1736968,39.558712
23.06,11.632576,85.86385,0.0007752571,1.1669931,39.56167
23.07,11.636274,85.98022,0.0007675532,1.1603241,39.564617
23.08,11.639958,86.09661,0.0007603681,1.153691,39.567554
23.09,11.643631,86.213036,0.0007530069,1.1470938,39.570457
23.1,11.647291,86.3295,0.0007462669,1.1405314,39.57336
23.11,11.650944,86.44604,0.00073913205,1.1340024,39.576244
23.12,11.65458,86.56257,0.00073193945,1.1275101,39.57912
23.13,11.658204,86.67916,0.00072480086,1.1210544,39.58196
23.14,11.66182,86.79579,0.00071749743,1.1146309,39.584793
23.15,11.6654215,86.91249,0.00071054976,1.1082354,39.587612
23.16,11.669016,87.0292,0.00070339907,1.1018794,39.59041
23.17,11.672593,87.14596,0.00069642346,1.0955573,39.593185
23.18,11.676166,87.26277,0.00068938825,1.0892683,39.595955
23.19,11.679721,87.37962,0.0006823307,1.0830129,39.598705
23.2,11.68327,87.49649,0.0006754892,1.0767916,39.601448
23.21,11.686803,87.61339,0.0006687315,1.0706044,39.60416
23.22,11.690324,87.730354,0.0006616609,1.0644511,39.606873
23.23,11.693837,87.847374,0.0006550262,1.0583282,39.60956
23.24,11.697337,87.96439,0.0006483281,1.0522337,39.612236
23.25,11.700826,88.08148,0.0006410843,1.0461771,39.61489
23.26,11.704306,88.19862,0.0006344225,1.0401549,39.617535
23.27,11.707771,88.315765,0.0006274199,1.0341606,39.620155
23.28,11.711228,88.432976,0.00062087085,1.0282009,39.622776
23.29,11.714672,88.55019,0.00061378255,1.0222726,39.62537
23.3,11.718106,88.66748,0.0006069159,1.0163758,39.62795
23.31,11.72153,88.78479,0.000600528,1.0105134,39.63051
23.32,11.724939,88.90214,0.00059314445,1.0046808,39.63307
23.33,11.728339,89.01955,0.00058664195,0.99887824,39.635605
23.34,11.731732,89.137,0.000579522,0.99310666,39.638126
23.35,11.735113,89.254456,0.00057297014,0.9873693,39.640636
23.36,11.738479,89.372,0.000566151,0.9816614,39.643127
23.37,11.741836,89.48954,0.0005595349,0.97598153,39.64561
23.38,11.745184,89.60711,0.0005526729,0.9703396,39.64807
23.39,11.748517,89.724724,0.00054581463,0.96472013,39.650524
23.4,11.7518425,89.84241,0.0005390309,0.9591352,39.65296
23.41,11.755159,89.9601,0.0005325377,0.95358026,39.655396
23.42,11.758459,90.077835,0.0005257949,0.948055,39.6578
23.43,11.761753,90.195595,0.0005191248,0.94255716,39.6602
23.44,11.765038,90.31342,0.0005127806,0.93709254,39.662575
23.45,11.768308,90.431274,0.0005065147,0.93165684,39.66494
23.46,11.771569,90.54912,0.0005000066,0.92625487,39.6673
23.47,11.774822,90.66705,0.0004932359,0.9208778,39.669643
23.48,11.778062,90.78501,0.00048664585,0.9155292,39.671967
23.49,11.781292,90.90302,0.0004798565,0.9102119,39.67427
23.5,11.7845125,91.02106,0.0004737135,0.9049268,39.676575
23.51,11.78772,91.139114,0.00046737865,0.89966106,39.678864
23.52,11.790921,91.25721,0.00046099536,0.8944348,39.681133
23.53,11.794111,91.37533,0.00045457017,0.8892302,39.6834
23.54,11.797291,91.49348,0.00044805184,0.8840592,39.68565
23.55,11.80046,91.61165,0.00044194236,0.87891126,39.68789
23.56,11.803618,91.72987,0.00043571088,0.87379557,39.690105
23.57,11.806767,91.84815,0.00042948872,0.8687068,39.69231
23.58,11.809905,91.96643,0.00042344257,0.86364496,39.694504
23.59,11.813028,92.08476,0.00041724648,0.85861194,39.696693
23.6,11.81615,92.20313,0.00041123014,0.8536073,39.698853
23.61,11.81926,92.3215,0.00040537212,0.84863067,39.70101
23.62,11.822361,92.43993,0.00039931666,0.8436792,39.70315
23.63,11.825445,92.55834,0.00039307307,0.83875537,39.705284
23.64,11.828526,92.67686,0.00038744975,0.8338611,39.707405
23.65,11.831595,92.79536,0.0003813887,0.8289941,39.709503
23.66,11.834654,92.9139,0.0003758436,0.824153,39.711597
23.67,11.837707,93.03247,0.00036993157,0.8193406,39.713676
23.68,11.840743,93.15109,0.0003645569,0.8145497,39.71575
23.69,11.843773,93.26974,0.0003586104,0.80978906,39.717796
23.7,11.846793,93.3884,0.00035336614,0.8050573,39.71985
23.71,11.849806,93.507034,0.0003478611,0.80034995,39.721886
23.72,11.852804,93.625786,0.00034257863,0.7956657,39.72391
23.73,11.855796,93.7445,0.00033724308,0.79101276,39.72591
23.74,11.858777,93.86329,0.00033167005,0.7863822,39.727905
23.75,11.86175,93.982086,0.00032614265,0.78177845,39.72988
23.76,11.864711,94.10091,0.00032132864,0.777203,39.731853
23.77,11.867664,94.219795,0.00031625852,0.77264655,39.733833
23.78,11.8706045,94.33867,0.00031071715,0.7681222,39.735767
23.79,11.87354,94.45759,0.0003060382,0.7636188,39.7377
23.8,11.876462,94.5765,0.00030128472,0.7591443,39.739635
23.81,11.879376,94.69545,0.0002958905,0.75469255,39.741547
23.82,11.882283,94.814476,0.00029136986,0.75026524,39.743446
23.83,11.885178,94.93348,0.00028662197,0.7458647,39.745335
23.84,11.888066,95.05251,0.00028152578,0.7414871,39.747208
23.85,11.890944,95.17158,0.00027737953,0.73713434,39.74908
23.86,11.893811,95.29068,0.0002726391,0.73280835,39.750935
23.87,11.89667,95.4098,0.00026806816,0.72850424,39.752777
23.88,11.899518,95.52892,0.00026374497,0.7242257,39.754604
23.89,11.902358,95.64811,0.00025918335,0.7199706,39.756424
23.9,11.905191,95.76729,0.00025534444,0.71574026,39.758232
23.91,11.908013,95.886505,0.00025094114,0.71153367,39.760025
23.92,11.910824,96.00577,0.00024669152,0.70734566,39.761818
23.93,11.913627,96.12503,0.00024267659,0.7031858,39.763596
23.94,11.916421,96.24433,0.00023889262,0.6990493,39.765358
23.95,11.919205,96.36364,0.00023479573,0.6949361,39.767105
23.96,11.921979,96.482956,0.00023089629,0.69084626,39.768856
23.97,11.924746,96.602325,0.00022687856,0.6867788,39.770584
23.98,11.927501,96.72171,0.00022336189,0.68273336,39.77231
23.99,11.93025,96.84114,0.0002196962,0.67871016,39.774017
24.0,11.932989,96.96056,0.00021617953,0.6747109,39.77571
24.01,11.93572,97.080025,0.00021268893,0.6707351,39.777397
24.02,11.93844,97.199524,0.00020946469,0.66678274,39.77906
24.03,11.941151,97.319016,0.00020588096,0.6628514,39.780727
24.04,11.943851,97.43852,0.00020271726,0.65894383,39.78239
24.05,11.946546,97.558075,0.00019976404,0.65505546,39.784035
24.06,11.949227,97.67764,0.0001961831,0.65119034,39.78566
24.07,11.951903,97.79723,0.00019332301,0.64734703,39.78728
24.08,11.954569,97.91687,0.00019000005,0.64352584,39.78889
24.09,11.957227,98.03649,0.00018716883,0.6397238,39.790485
24.1,11.959875,98.15619,0.00018440373,0.63594556,39.79208
24.11,11.96251,98.27589,0.00018161908,0.6321916,39.79366
24.12,11.965141,98.39561,0.00017879903,0.6284513,39.795223
24.13,11.967762,98.51532,0.00017599016,0.6247366,39.796776
24.14,11.970374,98.63505,0.00017333962,0.6210439,39.798336
24.15,11.972979,98.75483,0.00017082505,0.61737293,39.79987
24.16,11.975571,98.87464,0.00016827695,0.61371577,39.8014
24.17,11.978153,98.99445,0.00016528554,0.6100832,39.80291
24.18,11.980732,99.114296,0.00016350672,0.60647,39.80441
24.19,11.983298,99.234184,0.00016060099,0.6028788,39.805916
24.2,11.985856,99.35406,0.00015854277,0.5993099,39.807396
24.21,11.988406,99.47396,0.0001562424,0.5957599,39.808872
24.22,11.990943,99.59388,0.00015412644,0.59222543,39.81034
24.23,11.993474,99.71383,0.00015234109,0.5887164,39.81179
24.24,11.995996,99.83382,0.00015012082,0.5852239,39.813232
24.25,11.998511,99.95383,0.00014793593,0.58175135,39.814674
24.26,12.001014,100.073845,0.00014647096,0.57830095,39.81609
24.27,12.003512,100.19387,0.00014397968,0.574865,39.817513
24.28,12.005999,100.31394,0.00014215428,0.5714508,39.81892
24.29,12.008475,100.43403,0.0001406325,0.56806,39.820316
24.3,12.010942,100.55409,0.00013869349,0.5646829,39.821693
24.31,12.013404,100.67423,0.00013690908,0.56132925,39.82308
24.32,12.015855,100.79439,0.00013560895,0.55799,39.824436
24.33,12.018297,100.91458,0.00013403688,0.55467045,39.825798
24.34,12.020732,101.03477,0.000132435,0.55137014,39.827145
24.35,12.023157,101.154976,0.00013080332,0.54808986,39.828484
24.36,12.025574,101.2752,0.00012949575,0.5448259,39.829815
24.37,12.027981,101.39545,0.00012816954,0.5415826,39.831135
24.38,12.030381,101.515686,0.00012657698,0.53835505,39.83245
24.39,12.03277,101.63602,0.0001251772,0.53514975,39.833744
24.4,12.035151,101.75634,0.00012396649,0.53195304,39.83504
24.41,12.037523,101.87668,0.00012249313,0.528782,39.83632
24.42,12.039888,101.99704,0.00012125634,0.5256278,39.83759
24.43,12.042242,102.11742,0.00011971779,0.5224897,39.83886
24.44,12.044591,102.23784,0.00011876598,0.5193709,39.840115
24.45,12.04693,102.358246,0.00011745095,0.5162696,39.841354
24.46,12.04926,102.47867,0.00011620484,0.5131878,39.842587
24.47,12.05158,102.59915,0.00011539273,0.5101161,39.843822
24.48,12.053895,102.719635,0.000114481896,0.5070643,39.845043
24.49,12.0562,102.84017,0.00011354871,0.50403315,39.846252
24.5,12.058497,102.96067,0.00011225697,0.501017,39.847458
24.51,12.060783,103.08123,0.0001113005,0.4980151,39.848648
24.52,12.063064,103.20182,0.000110755675,0.4950325,39.849834
24.53,12.065335,103.32243,0.00011009071,0.4920681,39.85101
24.54,12.067598,103.44304,0.00010893773,0.4891172,39.85218
24.55,12.069851,103.56367,0.000108038075,0.48618382,39.85335
24.56,12.072093,103.68434,0.000107417814,0.4832666,39.854496
24.57,12.074334,103.80501,0.00010654982,0.48036554,39.855648
24.58,12.076561,103.925735,0.00010575447,0.47748068,39.856777
24.59,12.078783,104.046455,0.0001051249,0.47461087,39.857914
24.6,12.080995,104.16722,0.00010399334,0.47176203,39.859028
24.61,12.083198,104.28801,0.00010354631,0.46892574,39.86015
24.62,12.085392,104.4088,0.00010260008,0.46610394,39.86126
24.63,12.087577,104.5296,0.00010225829,0.4633001,39.86235
24.64,12.089757,104.65045,0.00010116957,0.46050957,39.86344
24.65,12.091928,104.77129,0.000100446865,0.45773545,39.86452
24.66,12.09409,104.89219,9.9947676e-05,0.4549778,39.8656
24.67,12.096246,105.0131,9.9355355e-05,0.45223513,39.866665
24.68,12.0983925,105.13404,9.859912e-05,0.4495073,39.86773
24.69,12.10053,105.25498,9.815674e-05,0.4467944,39.868774
24.7,12.10266,105.37595,9.7341835e-05,0.44409525,39.869816
24.71,12.104784,105.496956,9.7143464e-05,0.44141382,39.870865
24.72,12.1069,105.61797,9.6235424e-05,0.43874922,39.87189
24.73,12.109005,105.73899,9.545218e-05,0.436095,39.87291
24.74,12.111106,105.86008,9.506289e-05,0.43345556,39.873936
24.75,12.113196,105.98118,9.454694e-05,0.43083227,39.874943
24.76,12.115279,106.10227,9.4038434e-05,0.42822424,39.875942
24.77,12.117352,106.22342,9.37162e-05,0.42563355,39.876934
24.78,12.119422,106.34457,9.313319e-05,0.42305037,39.877922
24.79,12.121485,106.465744,9.2454255e-05,0.42048433,39.87891
24.8,12.123534,106.58693,9.184796e-05,0.41793653,39.87989
24.81,12.125578,106.70815,9.125285e-05,0.41539752,39.88086
24.82,12.127617,106.829414,9.098463e-05,0.41287756,39.881824
24.83,12.129647,106.95071,9.0503134e-05,0.4103651,39.88278
24.84,12.13167,107.07199,8.945912e-05,0.40787217,39.883724
24.85,12.133682,107.193306,8.890778e-05,0.40539047,39.884663
24.86,12.135691,107.31465,8.825399e-05,0.40292293,39.885605
24.87,12.137693,107.43603,8.761138e-05,0.40046975,39.886536
24.88,12.139682,107.5574,8.709356e-05,0.39802966,39.887455
24.89,12.141668,107.67881,8.650869e-05,0.39560413,39.888382
24.9,12.143642,107.80025,8.569285e-05,0.39319208,39.889297
24.91,12.145612,107.921715,8.529704e-05,0.39079037,39.8902
24.92,12.1475725,108.04321,8.449424e-05,0.388407,39.891094
24.93,12.149529,108.164696,8.396525e-05,0.386034,39.891983
24.94,12.151473,108.28624,8.297432e-05,0.38367623,39.892868
24.95,12.153418,108.40778,8.227769e-05,0.38132858,39.893757
24.96,12.155349,108.52933,8.1532635e-05,0.37899703,39.894627
24.97,12.157275,108.650925,8.064974e-05,0.3766749,39.8955
24.98,12.159192,108.77253,8.023437e-05,0.3743724,39.89637
24.99,12.161103,108.89419,7.926207e-05,0.3720737,39.897224
25.0,12.163011,109.01584,7.857289e-05,0.36979482,39.89808
25.01,12.164905,109.137535,7.776171e-05,0.36752617,39.898926
25.02,12.166797,109.25923,7.684529e-05,0.3652718,39.89977
25.03,12.168678,109.38097,7.5723976e-05,0.36302745,39.9006
25.04,12.170556,109.50271,7.519312e-05,0.36079758,39.901432
25.05,12.172424,109.62445,7.407926e-05,0.35857823,39.90225
25.06,12.174289,109.74623,7.334724e-05,0.3563745,39.903076
25.07,12.176143,109.86806,7.211603e-05,0.35418218,39.903893
25.08,12.177991,109.98989,7.126387e-05,0.3520006,39.904694
25.09,12.179832,110.11175,7.024314e-05,0.34983003,39.9055
25.1,12.181669,110.23364,6.887503e-05,0.34767634,39.906292
25.11,12.183495,110.35554,6.752368e-05,0.34553194,39.907078
25.12,12.185318,110.477455,6.672274e-05,0.34339982,39.90788
25.13,12.187132,110.599365,6.562192e-05,0.34128034,39.908646
25.14,12.188941,110.72131,6.417837e-05,0.33917546,39.90943
25.15,12.190741,110.84329,6.31148e-05,0.33708015,39.910213
25.16,12.192535,110.96529,6.198231e-05,0.33499673,39.910976
25.17,12.1943245,111.08728,6.060023e-05,0.3329249,39.911743
25.18,12.196104,111.20935,5.939044e-05,0.3308651,39.912495
25.19,12.197879,111.3314,5.789753e-05,0.32881367,39.91324
25.2,12.199647,111.45348,5.6462362e-05,0.3267787,39.913986
25.21,12.201407,111.57555,5.4858625e-05,0.32475498,39.914734
25.22,12.203163,111.697655,5.3513795e-05,0.3227423,39.915478
25.23,12.204911,111.81978,5.22146e-05,0.32074177,39.916206
25.24,12.206652,111.94194,5.065091e-05,0.31875098,39.91693
25.25,12.208387,112.064095,4.8951246e-05,0.3167739,39.91765
25.26,12.210116,112.1863,4.733447e-05,0.31480604,39.91837
25.27,12.21184,112.3085,4.6120025e-05,0.31285226,39.919083
25.28,12.213556,112.4307,4.422944e-05,0.3109074,39.919796
25.29,12.215264,112.55295,4.266482e-05,0.3089737,39.920483
25.3,12.216968,112.675186,4.089903e-05,0.30705187,39.921185
25.31,12.218664,112.79745,3.885012e-05,0.30514476,39.92188
25.32,12.220356,112.91975,3.7050806e-05,0.3032438,39.92256
25.33,12.222043,113.04203,3.5112724e-05,0.30135286,39.923244
25.34,12.223721,113.164345,3.3298507e-05,0.2994793,39.92392
25.35,12.225391,113.2867,3.15886e-05,0.2976126,39.92459
25.36,12.227055,113.409035,2.9748306e-05,0.29575577,39.925255
25.37,12.228716,113.53141,2.7621165e-05,0.29391384,39.92592
25.38,12.230368,113.65375,2.6032329e-05,0.29208517,39.92657
25.39,12.232017,113.77615,2.3372471e-05,0.29026288,39.92722
25.4,12.233655,113.89856,2.1607615e-05,0.2884482,39.927864
25.41,12.23529,114.02097,1.9461848e-05,0.28664804,39.928516
25.42,12.2369175,114.14341,1.7725863e-05,0.2848578,39.92915
25.43,12.23854,114.26585,1.5349127e-05,0.283079,39.929775
25.44,12.240155,114.38831,1.2989156e-05,0.28131247,39.930405
25.45,12.241765,114.51078,1.0821037e-05,0.2795563,39.931023
25.46,12.243369,114.633255,8.660369e-06,0.27780515,39.93164
25.47,12.244966,114.75574,6.441027e-06,0.27607387,39.932255
25.48,12.246557,114.87828,4.336238e-06,0.27434593,39.93285
25.49,12.248141,115.00082,1.9017607e-06,0.27263033,39.93346
25.5,12.24972,115.123344,-7.878989e-07,0.27092624,39.934067
25.51,12.25129,115.2459,-2.777204e-06,0.269233,39.93466
25.52,12.252859,115.36842,-5.257316e-06,0.2675482,39.93525
25.53,12.25442,115.49102,-7.455237e-06,0.26587582,39.935833
25.54,12.255975,115.613625,-9.887852e-06,0.2642082,39.936405
25.55,12.257521,115.73619,-1.2191944e-05,0.2625589,39.936985
25.56,12.259064,115.858765,-1.4632009e-05,0.26091406,39.937546
25.57,12.260595,115.98139,-1.6384758e-05,0.25928193,39.938103
25.58,12.262125,116.10402,-1.9203871e-05,0.25765905,39.938667
25.59,12.26365,116.22663,-2.1524727e-05,0.25604716,39.939217
25.6,12.265168,116.34931,-2.4091452e-05,0.25444314,39.939762
25.61,12.266682,116.47195,-2.6470982e-05,0.25285023,39.940308
25.62,12.268186,116.594635,-2.8984621e-05,0.25126827,39.94085
25.63,12.269685,116.717285,-3.145449e-05,0.24969676,39.941387
25.64,12.271179,116.83999,-3.3699907e-05,0.2481331,39.941914
25.65,12.272664,116.96269,-3.5815872e-05,0.24657848,39.942432
25.66,12.274145,117.0854,-3.847014e-05,0.24503553,39.94295
25.67,12.27562,117.20813,-4.061591e-05,0.24350417,39.94347
25.68,12.277092,117.330864,-4.3309294e-05,0.24198043,39.943974
25.69,12.278553,117.45361,-4.5527704e-05,0.24046478,39.944473
25.7,12.280009,117.57638,-4.7843903e-05,0.23895812,39.944973
25.71,12.281461,117.69913,-5.0134957e-05,0.23746747,39.94547
25.72,12.282905,117.82192,-5.2258372e-05,0.23597902,39.945957
25.73,12.284346,117.94472,-5.4416247e-05,0.23450309,39.946438
25.74,12.285778,118.0675,-5.6457706e-05,0.23303771,39.94691
25.75,12.287205,118.19034,-5.8998354e-05,0.23157716,39.947395
25.76,12.288626,118.313156,-6.13099e-05,0.23012903,39.947857
25.77,12.290041,118.43599,-6.3083135e-05,0.22868887,39.94833
25.78,12.29145,118.55883,-6.523263e-05,0.227258,39.948784
25.79,12.292853,118.68172,-6.73281e-05,0.22583538,39.94924
25.8,12.294251,118.804535,-6.894488e-05,0.22442883,39.949688
25.81,12.295642,118.92739,-7.0941634e-05,0.22302324,39.950138
25.82,12.2970295,119.0503,-7.295795e-05,0.22162825,39.950565
25.83,12.298409,119.173225,-7.4638054e-05,0.22024381,39.951004
25.84,12.299783,119.296104,-7.6757744e-05,0.21886611,39.95144
25.85,12.301149,119.419044,-7.810444e-05,0.21750155,39.951874
25.86,12.302509,119.54197,-8.005183e-05,0.2161437,39.95229
25.87,12.3038645,119.66492,-8.141901e-05,0.21479374,39.95271
25.88,12.305212,119.78786,-8.2702376e-05,0.21345332,39.95312
25.89,12.306556,119.91082,-8.36933e-05,0.21212259,39.95353
25.9,12.307892,120.03379,-8.548051e-05,0.21079567,39.953934
25.91,12.309223,120.1568,-8.6504035e-05,0.20948517,39.954338
25.92,12.310549,120.279785,-8.788146e-05,0.20817569,39.95474
25.93,12.311872,120.4028,-8.906983e-05,0.20688048,39.955128
25.94,12.313185,120.52584,-9.0230256e-05,0.20558769,39.955513
25.95,12.314489,120.64888,-9.116903e-05,0.20430452,39.95589
25.96,12.315791,120.77195,-9.204727e-05,0.20303422,39.956276
25.97,12.317091,120.895,-9.29432e-05,0.20176417,39.956654
25.98,12.318378,121.01808,-9.3602575e-05,0.20050764,39.957016
25.99,12.319664,121.14114,-9.399187e-05,0.19926181,39.957394
26.0,12.32094,121.264244,-9.460561e-05,0.19801787,39.95775
26.01,12.322212,121.38738,-9.518862e-05,0.19678408,39.958107
26.02,12.323479,121.5105,-9.537488e-05,0.19555992,39.95847
26.03,12.32474,121.63362,-9.620562e-05,0.19434234,39.958813
26.04,12.325996,121.7568,-9.57381e-05,0.19313365,39.959156
26.05,12.32725,121.879944,-9.589456e-05,0.19193232,39.959496
26.06,12.328493,122.00312,-9.5891766e-05,0.19073525,39.95984
26.07,12.329732,122.12631,-9.62792e-05,0.18954751,39.960175
26.08,12.330964,122.24954,-9.611342e-05,0.18836984,39.960506
26.09,12.332191,122.37275,-9.5651485e-05,0.18719497,39.960842
26.1,12.333411,122.49598,-9.5356256e-05,0.18603364,39.961163
26.11,12.334627,122.61924,-9.490363e-05,0.18487477,39.961475
26.12,12.335841,122.74251,-9.454973e-05,0.18372336,39.9618
26.13,12.337044,122.865776,-9.405613e-05,0.18258151,39.962112
26.14,12.338246,122.98906,-9.302702e-05,0.18144888,39.962425
26.15,12.3394375,123.11234,-9.242911e-05,0.1803191,39.962738
26.16,12.340626,123.23569,-9.176228e-05,0.17920008,39.963036
26.17,12.341806,123.35902,-9.0419315e-05,0.17808232,39.96332
26.18,12.342986,123.48237,-8.971058e-05,0.17697611,39.963623
26.19,12.344154,123.60568,-8.8609755e-05,0.17587298,39.963913
26.2,12.3453245,123.7291,-8.748751e-05,0.17477962,39.964207
26.21,12.346484,123.85245,-8.652266e-05,0.1736947,39.964493
26.22,12.347641,123.97586,-8.519646e-05,0.17261347,39.964775
26.23,12.348792,124.09928,-8.329097e-05,0.17154086,39.96505
26.24,12.349937,124.22274,-8.209515e-05,0.17047095,39.96532
26.25,12.351079,124.34616,-8.075405e-05,0.16941118,39.965607
26.26,12.352213,124.469635,-7.877126e-05,0.16835609,39.965885
26.27,12.353341,124.593124,-7.745065e-05,0.16730976,39.966145
26.28,12.354467,124.716606,-7.5561926e-05,0.16626954,39.966415
26.29,12.355585,124.84012,-7.40448e-05,0.16523501,39.966675
26.3,12.356699,124.963615,-7.1906485e-05,0.16420618,39.966934
26.31,12.357809,125.08716,-7.066503e-05,0.16318074,39.967186
26.32,12.3589115,125.21069,-6.911438e-05,0.1621657,39.96744
26.33,12.360011,125.33424,-6.7040324e-05,0.1611563,39.967693
26.34,12.361105,125.45782,-6.4991415e-05,0.16014946,39.967934
26.35,12.362191,125.5814,-6.296672e-05,0.15915069,39.968185
26.36,12.363275,125.70498,-6.121304e-05,0.15816122,39.96843
26.37,12.364354,125.82857,-5.9279613e-05,0.15717492,39.968678
26.38,12.365432,125.95217,-5.706679e-05,0.15619275,39.968925
26.39,12.3665,126.075806,-5.5528246e-05,0.15521684,39.96915
26.4,12.367562,126.19945,-5.344674e-05,0.15424883,39.969395
26.41,12.368624,126.32311,-5.174242e-05,0.15328836,39.96963
26.42,12.36968,126.44678,-4.962273e-05,0.15232968,39.969868
26.43,12.370733,126.57049,-4.768744e-05,0.15137985,39.970093
26.44,12.371777,126.694176,-4.5646913e-05,0.15043098,39.970325
26.45,12.37282,126.81789,-4.4212677e-05,0.14948928,39.970543
26.46,12.373854,126.941574,-4.22718e-05,0.14855245,39.970768
26.47,12.374885,127.065285,-4.0255487e-05,0.14762536,39.97098
26.48,12.375911,127.18903,-3.8718805e-05,0.14670017,39.971207
26.49,12.376938,127.31279,-3.6935322e-05,0.1457777,39.971416
26.5,12.377954,127.436554,-3.5593286e-05,0.14486524,39.971634
26.51,12.378965,127.560326,-3.4063123e-05,0.14395821,39.97184
26.52,12.379976,127.68413,-3.2263808e-05,0.14305475,39.97206
26.53,12.38098,127.80793,-3.108196e-05,0.14215896,39.972267
26.54,12.381981,127.931755,-2.9884279e-05,0.14126527,39.972473
26.55,12.382977,128.05554,-2.8432347e-05,0.14037776,39.972683
26.56,12.383968,128.1794,-2.7105212e-05,0.139492,39.97289
26.57,12.384955,128.30324,-2.6260503e-05,0.13861632,39.973095
26.58,12.385937,128.42706,-2.561789e-05,0.13774318,39.97329
26.59,12.386912,128.55093,-2.4652109e-05,0.13687378,39.97348
26.6,12.387887,128.67484,-2.399832e-05,0.1360133,39.973675
26.61,12.388859,128.79872,-2.3253262e-05,0.13515446,39.97387
26.62,12.389824,128.9226,-2.2245571e-05,0.13430029,39.97406
26.63,12.390785,129.04651,-2.2063963e-05,0.13345188,39.97425
26.64,12.391741,129.17043,-2.1635555e-05,0.13260865,39.97445
26.65,12.392695,129.29434,-2.162531e-05,0.13177085,39.974632
26.66,12.393646,129.41824,-2.1535903e-05,0.13093626,39.974823
26.67,12.394592,129.5422,-2.1630898e-05,0.13010839,39.97501
26.68,12.3955345,129.66617,-2.1788292e-05,0.12928766,39.975185
26.69,12.39647,129.79015,-2.2255816e-05,0.12846369,39.97537
26.7,12.397406,129.91411,-2.2654422e-05,0.12764889,39.975548
26.71,12.398336,130.03807,-2.3704022e-05,0.12683913,39.975735
26.72,12.3992605,130.16205,-2.3873523e-05,0.12603748,39.975914
26.73,12.400179,130.28607,-2.5128014e-05,0.12523645,39.97609
26.74,12.401098,130.4101,-2.577249e-05,0.124438465,39.97627
26.75,12.402014,130.5341,-2.7197413e-05,0.1236459,39.976444
26.76,12.402924,130.65811,-2.8591603e-05,0.122857004,39.976627
26.77,12.40383,130.78218,-2.989918e-05,0.122073084,39.976795
26.78,12.404731,130.9062,-3.101304e-05,0.12129694,39.976963
26.79,12.405627,131.03024,-3.308896e-05,0.12052038,39.977142
26.8,12.406523,131.15428,-3.5001896e-05,0.11975154,39.977306
26.81,12.4074135,131.27834,-3.674254e-05,0.118988216,39.977478
26.82,12.408301,131.40242,-3.9050356e-05,0.118227094,39.977654
26.83,12.409182,131.52654,-4.1160733e-05,0.117469996,39.97782
26.84,12.410061,131.65062,-4.331302e-05,0.116722256,39.977974
26.85,12.410938,131.77469,-4.5818277e-05,0.11597353,39.97814
26.86,12.411811,131.89882,-4.8373826e-05,0.115229905,39.978294
26.87,12.412676,132.02293,-5.1112846e-05,0.11449301,39.97845
26.88,12.413541,132.14706,-5.377084e-05,0.11375883,39.978607
26.89,12.4144,132.27118,-5.652476e-05,0.11302975,39.978764
26.9,12.415258,132.39528,-5.9575774e-05,0.11230299,39.978916
26.91,12.416112,132.51944,-6.262772e-05,0.111582965,39.97908
26.92,12.41696,132.6436,-6.569922e-05,0.11086416,39.979233
26.93,12.417805,132.76776,-6.898958e-05,0.1101495,39.97938
26.94,12.418646,132.89194,-7.245783e-05,0.1094428,39.979534
26.95,12.419483,133.01613,-7.59149e-05,0.10873777,39.97968
26.96,12.420318,133.14029,-7.916801e-05,0.108038485,39.97983
26.97,12.421147,133.26443,-8.274987e-05,0.107341915,39.979977
26.98,12.421971,133.38864,-8.621253e-05,0.10665029,39.98012
26.99,12.422797,133.51282,-8.9700334e-05,0.10596526,39.980263
27.0,12.423615,133.637,-9.3250535e-05,0.10528004,39.980404
27.01,12.424431,133.76125,-9.6919015e-05,0.1046021,39.980553
27.02,12.425244,133.88542,-0.000100736506,0.10392651,39.980682
27.03,12.426052,134.00963,-0.000104058534,0.10325843,39.98082
27.04,12.426856,134.13387,-0.000107728876,0.10259369,39.98097
27.05,12.427655,134.25809,-0.00011142716,0.1019333,39.9811
27.06,12.428452,134.38231,-0.00011505745,0.1012716,39.98124
27.07,12.429241,134.50655,-0.00011849124,0.10062182,39.98137
27.08,12.43003,134.63083,-0.00012233946,0.09996879,39.981495
27.09,12.430812,134.75505,-0.00012596417,0.09932634,39.981632
27.1,12.431594,134.87927,-0.00012894534,0.0986861,39.981762
27.11,12.43237,135.00354,-0.0001325719,0.09804717,39.981884
27.12,12.433142,135.12778,-0.00013607275,0.09741494,39.982002
27.13,12.433909,135.25203,-0.00013929233,0.09678495,39.982124
27.14,12.434676,135.37627,-0.00014247186,0.096163124,39.982243
27.15,12.435437,135.50055,-0.00014567748,0.09554291,39.982357
27.16,12.436197,135.62482,-0.0001486903,0.09492704,39.98247
27.17,12.436952,135.74908,-0.00015143398,0.09431708,39.9826
27.18,12.437701,135.87337,-0.00015445985,0.09370774,39.982704
27.19,12.438451,135.99765,-0.00015684217,0.09310594,39.982822
27.2,12.439193,136.12192,-0.00015977677,0.0925051,39.98293
27.21,12.439931,136.24615,-0.00016245432,0.09191346,39.98304
27.22,12.440667,136.37044,-0.00016449764,0.09132022,39.98315
27.23,12.441397,136.49475,-0.00016727205,0.09073505,39.983246
27.24,12.44212,136.61903,-0.000168995,0.090148926,39.983337
27.25,12.442846,136.74335,-0.00017096475,0.08957091,39.983448
27.26,12.443564,136.86763,-0.00017286465,0.08899608,39.98354
27.27,12.444279,136.99191,-0.00017423462,0.088425785,39.98365
27.28,12.444989,137.11624,-0.00017574336,0.08785838,39.983738
27.29,12.445695,137.24052,-0.00017719157,0.08729625,39.983845
27.3,12.446397,137.36484,-0.00017797574,0.08673817,39.983932
27.31,12.447097,137.48918,-0.00017910544,0.08618757,39.984024
27.32,12.447792,137.61348,-0.00018028822,0.08563432,39.98412
27.33,12.448481,137.73781,-0.00018130988,0.08508891,39.984203
27.34,12.449165,137.86214,-0.00018153246,0.084545285,39.9843
27.35,12.449847,137.9864,-0.00018169079,0.0840044,39.984386
27.36,12.450525,138.11076,-0.00018193014,0.08346897,39.984467
27.37,12.451199,138.23512,-0.00018201023,0.082939714,39.98455
27.38,12.451871,138.35945,-0.00018161628,0.0824137,39.984627
27.39,12.452539,138.4838,-0.00018134993,0.08189154,39.98471
27.4,12.453201,138.60814,-0.0001813136,0.08136767,39.984783
27.41,12.453862,138.7325,-0.00018036459,0.08085129,39.984863
27.42,12.454514,138.85686,-0.00017944444,0.08034301,39.984924
27.43,12.455162,138.98123,-0.00017816946,0.07983586,39.985
27.44,12.455811,139.10565,-0.00017737225,0.07933137,39.98507
27.45,12.456451,139.23,-0.00017594453,0.07883167,39.98514
27.46,12.45709,139.35435,-0.00017465092,0.07833475,39.985207
27.47,12.457726,139.47874,-0.0001733927,0.07783997,39.98528
27.48,12.458352,139.60315,-0.00017175637,0.07735124,39.98534
27.49,12.458981,139.72758,-0.00016975962,0.07686642,39.985405
27.5,12.459602,139.85197,-0.00016815774,0.07638469,39.985462
27.51,12.460223,139.97638,-0.0001657242,0.075903,39.98553
27.52,12.460835,140.10081,-0.00016364828,0.07542786,39.985596
27.53,12.461446,140.2253,-0.0001614159,0.07495499,39.98565
27.54,12.462052,140.34976,-0.00015910249,0.07448584,39.9857
27.55,12.462655,140.47418,-0.00015659723,0.0740225,39.985756
27.56,12.463254,140.59866,-0.00015409477,0.0735611,39.98581
27.57,12.46385,140.72311,-0.0001512589,0.07310563,39.985855
27.58,12.46444,140.84761,-0.00014906377,0.07264984,39.98591
27.59,12.465027,140.97208,-0.0001463797,0.07219708,39.985962
27.6,12.46561,141.09662,-0.00014356617,0.07174936,39.986015
27.61,12.4661875,141.22115,-0.00014072843,0.07130587,39.98605
27.62,12.466763,141.34569,-0.00013829861,0.07086131,39.986095
27.63,12.467332,141.47018,-0.00013509113,0.07042518,39.986145
27.64,12.4679,141.59476,-0.0001324173,0.06998834,39.98617
27.65,12.468465,141.71935,-0.00012936816,0.06955621,39.98622
27.66,12.469027,141.8439,-0.00012697559,0.0691261,39.986263
27.67,12.469582,141.96849,-0.00012379512,0.06870058,39.986305
27.68,12.470137,142.09314,-0.00012106914,0.06827912,39.986355
27.69,12.470687,142.21774,-0.00011826493,0.067855924,39.9864
27.7,12.4712305,142.34236,-0.0001156088,0.06743732,39.98643
27.71,12.471779,142.467,-0.00011275429,0.0670228,39.986473
27.72,12.472318,142.59164,-0.00011025369,0.066610724,39.986504
27.73,12.472851,142.71635,-0.000107622705,0.066202074,39.986538
27.74,12.473383,142.84105,-0.00010491349,0.06579548,39.986576
27.75,12.473911,142.96573,-0.00010284223,0.06538838,39.9866
27.76,12.47444,143.09045,-0.00010054279,0.06498572,39.986633
27.77,12.474958,143.21516,-9.8039396e-05,0.06458849,39.986664
27.78,12.475484,143.33992,-9.6145086e-05,0.06419304,39.986702
27.79,12.475999,143.46468,-9.407196e-05,0.06379384,39.98673
27.8,12.476512,143.58948,-9.157695e-05,0.063405275,39.98676
27.81,12.477024,143.71426,-9.019021e-05,0.063014835,39.986782
27.82,12.477529,143.83904,-8.823536e-05,0.06262514,39.98682
27.83,12.478035,143.96387,-8.6750835e-05,0.062241793,39.98685
27.84,12.478536,144.08871,-8.520577e-05,0.06185949,39.986874
27.85,12.479035,144.21355,-8.376315e-05,0.06147912,39.9869
27.86,12.479532,144.33838,-8.2378276e-05,0.061100483,39.986927
27.87,12.480028,144.46321,-8.1054866e-05,0.060724765,39.986954
27.88,12.480518,144.5881,-8.007884e-05,0.060354233,39.986984
27.89,12.481007,144.71298,-7.938407e-05,0.059977144,39.987007
27.9,12.481492,144.83788,-7.864181e-05,0.05960691,39.987022
27.91,12.481972,144.96281,-7.814076e-05,0.059238464,39.987038
27.92,12.482454,145.0878,-7.7687204e-05,0.05887398,39.98706
27.93,12.48293,145.21269,-7.7230856e-05,0.058507055,39.987083
27.94,12.483406,145.33765,-7.72737e-05,0.0581488,39.987103
27.95,12.483879,145.46257,-7.717498e-05,0.057785362,39.98713
27.96,12.484355,145.58754,-7.709768e-05,0.05742976,39.987137
27.97,12.484821,145.71252,-7.7257864e-05,0.05706808,39.987152
27.98,12.485285,145.83751,-7.787999e-05,0.056717277,39.98717
27.99,12.485747,145.96251,-7.822923e-05,0.056364745,39.987206
28.0,12.486209,146.08752,-7.879082e-05,0.056007743,39.987213
28.01,12.4866705,146.2125,-7.987954e-05,0.05565995,39.987232
28.02,12.487125,146.33752,-8.0461614e-05,0.055310756,39.987236
28.03,12.487581,146.46254,-8.152425e-05,0.05496362,39.987255
28.04,12.488033,146.58759,-8.316804e-05,0.05461803,39.987267
28.05,12.488485,146.7126,-8.3934516e-05,0.05427611,39.98727
28.06,12.488931,146.83762,-8.564908e-05,0.053932726,39.98729
28.07,12.489377,146.96266,-8.695386e-05,0.053592324,39.987293
28.08,12.489821,147.08774,-8.877646e-05,0.053250313,39.987305
28.09,12.490262,147.21275,-9.07667e-05,0.05291289,39.987316
28.1,12.490703,147.3378,-9.2186965e-05,0.052578747,39.98733
28.11,12.491141,147.46288,-9.408221e-05,0.05224228,39.98734
28.12,12.491576,147.58792,-9.604078e-05,0.05190918,39.98734
28.13,12.492008,147.71297,-9.848364e-05,0.051578104,39.98736
28.14,12.492441,147.83803,-0.000100404955,0.051247746,39.987362
28.15,12.492873,147.96303,-0.00010279566,0.050916314,39.987366
28.16,12.4932995,148.0881,-0.000104875304,0.05059153,39.98737
28.17,12.493724,148.21312,-0.00010723993,0.05026409,39.987373
28.18,12.494149,148.3382,-0.0001098169,0.049942672,39.987373
28.19,12.494569,148.46323,-0.000112177804,0.04961601,39.987373
28.2,12.494987,148.58827,-0.000114721246,0.049292505,39.987385
28.21,12.495403,148.71326,-0.000117164105,0.0489749,39.987385
28.22,12.495816,148.83829,-0.000119733624,0.04865396,39.987377
28.23,12.496229,148.96332,-0.00012260303,0.048336327,39.987366
28.24,12.496638,149.08833,-0.00012477394,0.048023194,39.987366
28.25,12.49705,149.21332,-0.00012738165,0.04770699,39.98736
28.26,12.497456,149.33833,-0.00012966711,0.04739636,39.98736
28.27,12.49786,149.46332,-0.00013293419,0.047080547,39.987347
28.28,12.498262,149.5883,-0.00013537705,0.046770692,39.98733
28.29,12.498659,149.71327,-0.00013797451,0.046461344,39.98733
28.3,12.499054,149.83817,-0.0001405226,0.046153247,39.987324
28.31,12.499445,149.96318,-0.00014328863,0.045846343,39.987324
28.32,12.499838,150.08812,-0.0001455266,0.045542985,39.98731
28.33,12.500225,150.21307,-0.00014799554,0.045241892,39.98729
28.34,12.50061,150.33803,-0.0001505902,0.044940084,39.98728
28.35,12.500994,150.46294,-0.00015320815,0.044637084,39.98727
28.36,12.501374,150.58783,-0.00015539117,0.044341713,39.98725
28.37,12.501752,150.71269,-0.00015745778,0.044047654,39.987232
28.38,12.502125,150.83755,-0.0001599621,0.04374671,39.987225
28.39,12.502498,150.96243,-0.00016199332,0.043459415,39.9872
28.4,12.50287,151.08731,-0.00016408507,0.04316756,39.987167
28.41,12.503236,151.2122,-0.00016612187,0.0428766,39.987152
28.42,12.503597,151.33707,-0.00016804133,0.04258573,39.987125
28.43,12.503957,151.4619,-0.00016999245,0.042299837,39.98711
28.44,12.5043125,151.58678,-0.00017139036,0.04201731,39.987087
28.45,12.504665,151.71158,-0.00017330702,0.0417324,39.987053
28.46,12.505014,151.83636,-0.00017458573,0.041450232,39.987034
28.47,12.505361,151.96121,-0.0001765769,0.04117176,39.987003
28.48,12.505703,152.08597,-0.0001780102,0.04089251,39.98698
28.49,12.506042,152.21072,-0.00017899368,0.040616512,39.986946
28.5,12.506381,152.33551,-0.00018035155,0.04034412,39.98692
28.51,12.506716,152.46033,-0.00018125493,0.040070206,39.986885
28.52,12.507045,152.5851,-0.00018223561,0.039798886,39.986866
28.53,12.507368,152.70985,-0.00018338207,0.039531708,39.986828
28.54,12.507694,152.83461,-0.00018377509,0.039263785,39.986797
28.55,12.508011,152.95938,-0.00018460117,0.038998038,39.98675
28.56,12.508329,153.08412,-0.00018507522,0.038737446,39.98672
28.57,12.508643,153.20892,-0.00018552411,0.038475454,39.986683
28.58,12.508951,153.33366,-0.00018600002,0.038214922,39.98664
28.59,12.509255,153.4584,-0.00018592179,0.037960052,39.9866
28.6,12.50956,153.58318,-0.00018582959,0.037702084,39.986565
28.61,12.509856,153.70795,-0.00018586498,0.03745061,39.98653
28.62,12.510151,153.83276,-0.00018572249,0.037198454,39.98649
28.63,12.510443,153.95747,-0.00018532947,0.036945164,39.98645
28.64,12.51073,154.08221,-0.00018475857,0.03669995,39.986393
28.65,12.511011,154.20695,-0.0001845723,0.036454797,39.986343
28.66,12.511291,154.33177,-0.00018400513,0.03621015,39.9863
28.67,12.511569,154.45653,-0.0001834333,0.035969943,39.986248
28.68,12.511842,154.58131,-0.00018249918,0.03572783,39.986202
28.69,12.512115,154.7061,-0.00018167403,0.0354912,39.98616
28.7,12.512381,154.83093,-0.00018040091,0.03525296,39.986107
28.71,12.512641,154.95575,-0.00017938949,0.035018504,39.986065
28.72,12.512902,155.08057,-0.00017829519,0.034784645,39.98602
28.73,12.513158,155.20547,-0.00017708633,0.03455916,39.985966
28.74,12.513411,155.33028,-0.00017548446,0.03432855,39.98591
28.75,12.513661,155.45518,-0.00017441344,0.03410241,39.98585
28.76,12.51391,155.5801,-0.00017278269,0.03387752,39.985786
28.77,12.514155,155.70497,-0.00017111376,0.033654183,39.985744
28.78,12.514397,155.82988,-0.00017001573,0.03342861,39.98568
28.79,12.514639,155.9548,-0.00016807858,0.033216834,39.98562
28.8,12.514877,156.07979,-0.00016637426,0.032999396,39.985565
28.81,12.515108,156.2048,-0.00016470253,0.03277871,39.985497
28.82,12.515344,156.32982,-0.00016309693,0.03256318,39.985435
28.83,12.515573,156.4548,-0.000161428,0.03235185,39.985363
28.84,12.515796,156.57986,-0.0001597302,0.032143056,39.9853
28.85,12.516019,156.70496,-0.00015779678,0.03193727,39.985237
28.86,12.516238,156.83008,-0.00015608687,0.031728417,39.98518
28.87,12.516458,156.95517,-0.00015435647,0.03152582,39.985123
28.88,12.516677,157.08035,-0.0001526922,0.03131911,39.985058
28.89,12.5168915,157.20552,-0.0001511015,0.031120598,39.984993
28.9,12.517105,157.3307,-0.00014972314,0.030915111,39.98492
28.91,12.517317,157.45592,-0.00014781393,0.030718714,39.984856
28.92,12.5175295,157.58118,-0.00014621578,0.03051868,39.984787
28.93,12.5177355,157.70647,-0.00014465488,0.030328155,39.984722
28.94,12.517947,157.83177,-0.00014315173,0.030131936,39.984642
28.95,12.518148,157.95709,-0.00014183018,0.02994001,39.984577
28.96,12.518351,158.08244,-0.0001403233,0.02974695,39.98451
28.97,12.518553,158.20787,-0.00013905484,0.029556513,39.984425
28.98,12.518759,158.33325,-0.0001378106,0.029367268,39.984352
28.99,12.51896,158.4587,-0.00013683643,0.029181302,39.984276
29.0,12.519162,158.58412,-0.00013595913,0.028995454,39.984203
29.01,12.5193615,158.70961,-0.00013514142,0.028810441,39.98413
29.02,12.519558,158.83511,-0.00013376679,0.028627902,39.98405
29.03,12.519751,158.96062,-0.00013323594,0.028442472,39.983963
29.04,12.519949,159.08612,-0.00013261568,0.02826351,39.9839
29.05,12.520144,159.21162,-0.00013220776,0.028084219,39.983814
29.06,12.520337,159.3372,-0.000131852,0.027904928,39.98373
29.07,12.520533,159.46272,-0.00013141613,0.027727991,39.983643
29.08,12.520725,159.58836,-0.00013177097,0.027551979,39.983566
29.09,12.520918,159.71397,-0.00013158005,0.027376622,39.983486
29.1,12.521107,159.8395,-0.00013166759,0.027201235,39.983402
29.11,12.521299,159.96515,-0.00013203826,0.027029634,39.98332
29.12,12.52149,160.09073,-0.00013207458,0.026858717,39.98323
29.13,12.52168,160.21631,-0.00013297424,0.02668497,39.983154
29.14,12.521867,160.34192,-0.00013361871,0.026512444,39.983063
29.15,12.522053,160.4675,-0.00013420824,0.02634731,39.982986
29.16,12.522239,160.59315,-0.00013506506,0.026177227,39.98289
29.17,12.522425,160.71873,-0.00013611931,0.02600947,39.982807
29.18,12.52261,160.8443,-0.00013728347,0.025841534,39.98273
29.19,12.522795,160.96985,-0.00013817381,0.025678754,39.98264
29.2,12.522979,161.09534,-0.00013942458,0.025514036,39.982548
29.21,12.523158,161.22081,-0.00014094263,0.025347322,39.982464
29.22,12.523341,161.34633,-0.00014237687,0.02519089,39.98237
29.23,12.523523,161.4718,-0.00014361646,0.02502659,39.98228
29.24,12.523697,161.59723,-0.00014534313,0.02486524,39.982193
29.25,12.523873,161.72266,-0.00014699716,0.024702907,39.98211
29.26,12.524046,161.84808,-0.00014847051,0.024549067,39.98202
29.27,12.524217,161.97342,-0.00014994852,0.024386764,39.98193
29.28,12.524391,162.0987,-0.00015178416,0.024231166,39.981842
29.29,12.524559,162.22392,-0.0001534624,0.024075001,39.981754
29.3,12.524727,162.34914,-0.00015531201,0.023917884,39.981667
29.31,12.524888,162.47437,-0.00015694834,0.023764282,39.981586
29.32,12.525051,162.59949,-0.00015838817,0.023612142,39.9815
29.33,12.525211,162.72467,-0.0001601046,0.02345714,39.981403
29.34,12.525367,162.8497,-0.00016125012,0.02330795,39.98133
29.35,12.525523,162.97472,-0.00016303174,0.023153454,39.98125
29.36,12.525677,163.09964,-0.00016457215,0.023005068,39.981167
29.37,12.525827,163.22456,-0.00016587134,0.022854477,39.98107
29.38,12.525974,163.34946,-0.00016725436,0.02270919,39.980984
29.39,12.526118,163.47429,-0.00016834587,0.02256146,39.98091
29.4,12.526257,163.5991,-0.00016938802,0.022413641,39.98082
29.41,12.526394,163.72386,-0.00017066486,0.022265434,39.98074
29.42,12.526528,163.84863,-0.00017157942,0.022121727,39.980648
29.43,12.526658,163.97328,-0.00017229747,0.021980047,39.980576
29.44,12.526782,164.09795,-0.00017310306,0.021835446,39.98049
29.45,12.526909,164.22256,-0.00017355662,0.02169621,39.980415
29.46,12.527032,164.3471,-0.00017397013,0.021558017,39.980328
29.47,12.527147,164.47166,-0.00017414056,0.021419019,39.980247
29.48,12.527266,164.59624,-0.00017454941,0.021275878,39.98017
29.49,12.527373,164.72075,-0.00017445348,0.021140665,39.980095
29.5,12.52748,164.84521,-0.00017459225,0.021006733,39.98001
29.51,12.527582,164.96974,-0.0001739636,0.02087012,39.97993
29.52,12.527687,165.09422,-0.00017369911,0.020734191,39.979855
29.53,12.5277815,165.21878,-0.0001732884,0.020601064,39.979782
29.54,12.527884,165.34335,-0.00017287768,0.020468146,39.9797
29.55,12.527975,165.46788,-0.00017172564,0.020337671,39.97962
29.56,12.528057,165.5924,-0.00017075427,0.020204693,39.979538
29.57,12.528142,165.71696,-0.00017006788,0.020076185,39.97946
29.58,12.528226,165.84157,-0.00016891304,0.019946694,39.979385
29.59,12.528307,165.9662,-0.00016800221,0.019819647,39.979305
29.6,12.528382,166.09087,-0.00016662665,0.019696444,39.979225
29.61,12.528455,166.21568,-0.00016500335,0.019569844,39.97915
29.62,12.528526,166.34047,-0.00016385037,0.01944521,39.979073
29.63,12.528598,166.46527,-0.00016254187,0.019321293,39.978992
29.64,12.528665,166.59021,-0.00016091857,0.019196808,39.978905
29.65,12.528734,166.71521,-0.00015941262,0.01907605,39.978832
29.66,12.528802,166.84029,-0.00015805569,0.018951118,39.97874
29.67,12.52886,166.96547,-0.00015653204,0.018834919,39.978664
29.68,12.528924,167.0907,-0.0001551956,0.01871717,39.97858
29.69,12.528984,167.21594,-0.0001535872,0.018599749,39.97849
29.7,12.529039,167.34145,-0.00015220139,0.01848048,39.978405
29.71,12.529106,167.46698,-0.00015134178,0.0183644,39.978317
29.72,12.529161,167.59251,-0.00014979485,0.018248826,39.978226
29.73,12.52922,167.71817,-0.00014899019,0.018132687,39.978127
29.74,12.529273,167.84401,-0.0001476612,0.018020302,39.978046
29.75,12.529331,167.96988,-0.00014695711,0.017908394,39.977947
29.76,12.529386,168.09584,-0.00014614407,0.017796457,39.977867
29.77,12.529442,168.22191,-0.00014542416,0.017686486,39.977764
29.78,12.5295,168.34808,-0.00014483556,0.017574847,39.97766
29.79,12.529561,168.47426,-0.00014436059,0.017465115,39.977562
29.8,12.529614,168.60054,-0.00014416967,0.017354786,39.977467
29.81,12.529666,168.72679,-0.00014412683,0.017246217,39.977356
29.82,12.52972,168.85321,-0.00014408957,0.017139494,39.977253
29.83,12.529781,168.97957,-0.00014445372,0.017034233,39.977158
29.84,12.5298395,169.106,-0.00014456362,0.016926348,39.977055
29.85,12.529891,169.23245,-0.0001452379,0.016826212,39.976944
29.86,12.52995,169.35886,-0.00014581252,0.016719013,39.97683
29.87,12.530001,169.48524,-0.00014660787,0.01661411,39.976715
29.88,12.530053,169.61153,-0.00014760252,0.016510159,39.976616
29.89,12.5301075,169.73785,-0.00014829729,0.016410053,39.9765
29.9,12.530162,169.86397,-0.00014956761,0.016308635,39.97638
29.91,12.530212,169.98997,-0.00015071593,0.016207725,39.976273
29.92,12.530257,170.11594,-0.00015188754,0.016103595,39.976154
29.93,12.530307,170.24171,-0.00015287101,0.016006857,39.97604
29.94,12.530355,170.3672,-0.0001539588,0.01590681,39.97592
29.95,12.530397,170.49248,-0.00015472248,0.01580584,39.9758
29.96,12.530436,170.6175,-0.0001560133,0.015708953,39.97568
29.97,12.530469,170.74225,-0.00015687663,0.015612453,39.97557
29.98,12.530498,170.86664,-0.00015775114,0.015516311,39.975468
29.99,12.530528,170.99069,-0.00015774835,0.015420437,39.975346
30.0,12.530553,171.11433,-0.00015845429,0.015324444,39.975235
30.01,12.530567,171.23755,-0.00015872065,0.015228927,39.975124
30.02,12.53058,171.36024,-0.00015823264,0.0151358545,39.975006
30.03,12.530584,171.48248,-0.00015808456,0.015041709,39.974915
30.04,12.530581,171.60408,-0.00015702844,0.014948279,39.974808
30.05,12.530569,171.72511,-0.0001555644,0.014853507,39.974697
30.06,12.530556,171.84547,-0.0001542382,0.014763206,39.97461
30.07,12.530527,171.96526,-0.00015163701,0.014672071,39.97451
30.08,12.530491,172.08429,-0.00014875364,0.014580935,39.974403
30.09,12.530453,172.2026,-0.00014577433,0.0144912,39.97432
30.1,12.530397,172.31999,-0.00014196709,0.014402211,39.97422
30.11,12.530333,172.43666,-0.00013678987,0.014316648,39.974144
30.12,12.530258,172.5524,-0.00013173092,0.014226705,39.97407
30.13,12.530169,172.66725,-0.0001254566,0.014135659,39.973988
30.14,12.530072,172.78114,-0.00011864677,0.014050007,39.97392
30.15,12.5299635,172.89398,-0.000111284666,0.013960183,39.973866
30.16,12.529841,173.00581,-0.00010329299,0.013878405,39.97379
30.17,12.529706,173.11664,-9.373482e-05,0.013790429,39.973736
30.18,12.529559,173.22636,-8.366071e-05,0.0137069225,39.97369
30.19,12.529395,173.33487,-7.253885e-05,0.013620019,39.97365
30.2,12.5292225,173.44225,-6.0443766e-05,0.013537884,39.97361
30.21,12.529032,173.54843,-4.732795e-05,0.013457239,39.973587
30.22,12.528831,173.65337,-3.378745e-05,0.013372064,39.973557
30.23,12.528611,173.75711,-1.885742e-05,0.013288021,39.973534
30.24,12.528385,173.85947,-3.5641715e-06,0.013205886,39.973507
30.25,12.528136,173.9606,1.3813376e-05,0.013124287,39.973507
30.26,12.527882,174.06044,3.141444e-05,0.013043106,39.97351
30.27,12.52761,174.1588,4.98835e-05,0.0129598975,39.97352
30.28,12.52732,174.25583,6.976258e-05,0.012879074,39.973526
30.29,12.52702,174.35153,9.0483576e-05,0.012799978,39.973545
30.3,12.5267105,174.44579,0.00011184346,0.012717247,39.973564
30.31,12.5263815,174.5386,0.00013452116,0.012639999,39.973595
30.32,12.526043,174.62999,0.00015808921,0.012563825,39.973625
30.33,12.525683,174.71999,0.00018254295,0.012481749,39.97366
30.34,12.525321,174.80844,0.00020783488,0.012402952,39.973717
30.35,12.524943,174.89552,0.00023402087,0.012324929,39.97377
30.36,12.524553,174.98103,0.00026090816,0.012243748,39.97383
30.37,12.524154,175.06511,0.00028874632,0.012166917,39.973892
30.38,12.523741,175.14777,0.00031727646,0.012087643,39.97395
30.39,12.523314,175.22887,0.00034644827,0.012007117,39.974033
30.4,12.5228815,175.30858,0.0003771186,0.011930168,39.974113
30.41,12.522442,175.38673,0.0004080478,0.01184994,39.974194
30.42,12.521986,175.46346,0.00043947436,0.011772215,39.974285
30.43,12.521525,175.53868,0.0004717419,0.011695206,39.974373
30.44,12.521054,175.61249,0.00050479826,0.011614382,39.97447
30.45,12.520576,175.68488,0.0005379664,0.011535883,39.974567
30.46,12.520092,175.75574,0.0005720239,0.011455536,39.974678
30.47,12.519599,175.82518,0.000606169,0.011377931,39.974777
30.48,12.519101,175.89316,0.0006413469,0.011296749,39.974903
30.49,12.5185995,175.9598,0.0006762687,0.011217058,39.975006
30.5,12.51809,176.02502,0.00071198493,0.011136174,39.97512
30.51,12.517572,176.0888,0.0007476574,0.011047304,39.975266
30.52,12.517054,176.15126,0.0007844055,0.010971606,39.975357
30.53,12.51653,176.21236,0.00082073826,0.01088798,39.97549
30.54,12.516002,176.27211,0.0008576466,0.010801613,39.97562
30.55,12.515477,176.33052,0.0008946033,0.010721028,39.97574
30.56,12.514944,176.38762,0.0009314306,0.010640025,39.97586
30.57,12.514412,176.44347,0.00096871145,0.010554194,39.975998
30.58,12.513883,176.49802,0.0010059085,0.010467172,39.976135
30.59,12.513342,176.5513,0.0010431716,0.0103827715,39.976276
30.6,12.512811,176.60336,0.0010803044,0.010296166,39.97639
30.61,12.512275,176.65416,0.0011173598,0.010209441,39.976524
30.62,12.511739,176.70378,0.0011547422,0.010120392,39.976658
30.63,12.511204,176.75227,0.0011916868,0.010031819,39.97679
30.64,12.510671,176.79956,0.0012286399,0.009944618,39.976917
30.65,12.51014,176.84569,0.001265143,0.009852111,39.977043
30.66,12.509614,176.89072,0.0013016406,0.009760678,39.97718
30.67,12.509086,176.93466,0.0013380563,0.009667993,39.977303
30.68,12.508559,176.97763,0.0013741506,0.009572744,39.977448
30.69,12.50804,177.01938,0.0014100103,0.0094819665,39.977573
30.7,12.50752,177.06018,0.001445517,0.009389222,39.9777
30.71,12.507008,177.09991,0.0014807386,0.009290397,39.97783
30.72,12.506498,177.13869,0.0015155729,0.009189308,39.977947
30.73,12.50599,177.17645,0.0015497701,0.009093404,39.978073
30.74,12.505489,177.21333,0.0015840409,0.008994818,39.978184
30.75,12.504991,177.24918,0.0016176337,0.008894384,39.978302
30.76,12.5045,177.2842,0.0016511381,0.008791566,39.978416
30.77,12.504013,177.3183,0.0016839085,0.008690357,39.97855
30.78,12.503528,177.35144,0.0017163474,0.008590043,39.978653
30.79,12.503053,177.38385,0.0017481679,0.008485556,39.978767
30.8,12.502581,177.4154,0.0017798925,0.008378506,39.978874
30.81,12.502111,177.44608,0.0018107602,0.008271515,39.978977
30.82,12.501652,177.476,0.0018411856,0.008163154,39.979088
30.83,12.501197,177.50516,0.0018710904,0.008054674,39.979183
30.84,12.50075,177.53345,0.0019005854,0.007944107,39.97928
30.85,12.500303,177.56105,0.0019291528,0.007832706,39.979393
30.86,12.499868,177.58792,0.0019576512,0.007718444,39.979477
30.87,12.499438,177.61421,0.001985656,0.0076072216,39.979565
30.88,12.499016,177.6396,0.0020126104,0.0074892044,39.979664
30.89,12.498596,177.66446,0.0020392388,0.0073753595,39.979744
30.9,12.498185,177.68863,0.002065517,0.0072556734,39.97983
30.91,12.497781,177.7121,0.002090942,0.0071375966,39.97991
30.92,12.497377,177.73497,0.0021159137,0.007015884,39.97999
30.93,12.496984,177.75723,0.0021403087,0.0068950653,39.980057
30.94,12.496598,177.7789,0.0021642996,0.0067720413,39.98013
30.95,12.496222,177.79997,0.002187362,0.0066429377,39.9802
30.96,12.495847,177.82047,0.0022102017,0.0065196157,39.980267
30.97,12.49548,177.84045,0.002232124,0.006394863,39.98033
30.98,12.495113,177.85986,0.0022539133,0.0062642694,39.98038
30.99,12.494761,177.87881,0.0022747852,0.006139636,39.98045
31.0,12.494415,177.89722,0.0022949474,0.006005764,39.980503
31.01,12.49407,177.91504,0.0023148712,0.0058789253,39.980553
31.02,12.493733,177.93251,0.002333939,0.0057433844,39.980614
31.03,12.493407,177.94942,0.0023525031,0.005610287,39.98065
31.04,12.493081,177.96588,0.0023707403,0.005474329,39.9807
31.05,12.4927635,177.98192,0.0023879623,0.0053365827,39.980717
31.06,12.492447,177.99753,0.0024046293,0.0051956177,39.980774
31.07,12.492142,178.01263,0.0024212888,0.005056083,39.9808
31.08,12.491847,178.0274,0.0024368977,0.0049183965,39.980835
31.09,12.49155,178.0417,0.0024522105,0.0047748685,39.980858
31.1,12.491259,178.0557,0.0024666125,0.0046283007,39.98089
31.11,12.490976,178.0693,0.0024808086,0.0044882298,39.980915
31.12,12.490701,178.08241,0.0024944423,0.004340291,39.98093
31.13,12.490426,178.09528,0.002507451,0.004187286,39.980953
31.14,12.490162,178.10777,0.0025200928,0.0040394664,39.98095
31.15,12.489898,178.11989,0.002531982,0.0038945675,39.980976
31.16,12.489644,178.13173,0.0025433935,0.0037394762,39.980984
31.17,12.4893875,178.14319,0.0025541335,0.0035845041,39.98099
31.18,12.4891405,178.15434,0.002564298,0.003431797,39.981003
31.19,12.488901,178.16522,0.002574348,0.0032783747,39.980988
31.2,12.488664,178.1757,0.0025835456,0.003117323,39.980988
31.21,12.488432,178.18604,0.002592438,0.002958417,39.980988
31.22,12.488207,178.19594,0.00260102,0.0027999878,39.980972
31.23,12.487982,178.20569,0.0026087333,0.0026366115,39.980976
31.24,12.487765,178.21515,0.0026162174,0.002474606,39.98095
31.25,12.487555,178.22432,0.0026229257,0.002305746,39.980953
31.26,12.487347,178.23318,0.0026293462,0.0021407008,39.980934
31.27,12.487142,178.24184,0.002635086,0.0019737482,39.9809
31.28,12.486944,178.25029,0.0026407903,0.0018046498,39.98089
31.29,12.486744,178.2585,0.0026457831,0.001635313,39.98086
31.3,12.486552,178.26643,0.0026506484,0.0014625788,39.980835
31.31,12.486367,178.27422,0.0026542926,0.0012877584,39.980797
31.32,12.486183,178.28171,0.0026582228,0.00111413,39.980785
31.33,12.485998,178.28905,0.0026611928,0.00093740225,39.98075
31.34,12.485825,178.29617,0.0026642038,0.00076413155,39.980705
31.35,12.485648,178.30309,0.0026664082,0.0005850792,39.980682
31.36,12.485476,178.30974,0.0026684143,0.0004030466,39.980633
31.37,12.485316,178.31633,0.0026697004,0.00021833181,39.9806
31.38,12.485148,178.32266,0.0026711216,3.6239624e-05,39.980553
31.39,12.484991,178.32884,0.0026717065,-0.0001475215,39.980495
31.4,12.484836,178.33482,0.002671918,-0.00033283234,39.98045
31.41,12.48468,178.34067,0.0026717465,-0.00052422285,39.980404
31.42,12.48453,178.3463,0.0026715063,-0.0007122159,39.98035
31.43,12.484389,178.35178,0.0026704948,-0.00090259314,39.980293
31.44,12.484245,178.3572,0.0026692972,-0.0010957718,39.980232
31.45,12.484098,178.36229,0.0026675444,-0.0012866259,39.980183
31.46,12.483962,178.36736,0.0026656454,-0.0014870763,39.980118
31.47,12.483828,178.3723,0.002663265,-0.0016832948,39.980057
31.48,12.483694,178.37704,0.0026603872,-0.0018812418,39.979992
31.49,12.4835615,178.38167,0.0026574153,-0.0020823479,39.979927
31.5,12.483436,178.38615,0.0026536854,-0.0022853017,39.979862
31.51,12.483311,178.39053,0.0026500532,-0.002489388,39.9798
31.52,12.483184,178.39479,0.002645621,-0.0026941895,39.979713
31.53,12.483068,178.39882,0.0026411777,-0.0028979182,39.979637
31.54,12.482949,178.40291,0.0026366375,-0.0031059384,39.979576
31.55,12.482831,178.40671,0.0026314883,-0.0033161044,39.9795
31.56,12.482717,178.41046,0.0026257355,-0.0035266876,39.979416
31.57,12.482607,178.41414,0.0026197527,-0.0037436485,39.979332
31.58,12.482494,178.41771,0.002613633,-0.003954053,39.979256
31.59,12.482389,178.4211,0.0026073195,-0.0041742325,39.979168
31.6,12.482283,178.42447,0.0026000887,-0.0043929815,39.979088
31.61,12.482177,178.42773,0.002593238,-0.004609406,39.979004
31.62,12.482074,178.43085,0.0025859363,-0.0048307776,39.978912
31.63,12.481974,178.43387,0.0025780546,-0.0050566196,39.978825
31.64,12.481874,178.43681,0.0025698664,-0.0052820444,39.97872
31.65,12.481778,178.4397,0.0025616558,-0.0055063963,39.97863
31.66,12.481686,178.44244,0.0025527459,-0.0057361126,39.978535
31.67,12.48159,178.44519,0.002544118,-0.005961895,39.97843
31.68,12.481496,178.4478,0.0025348384,-0.0061970353,39.97834
31.69,12.481407,178.4503,0.0025254125,-0.0064324737,39.97825
31.7,12.481314,178.45276,0.0025154157,-0.006665051,39.978138
31.71,12.481228,178.45512,0.0025051758,-0.006904483,39.978043
31.72,12.481143,178.45746,0.0024948502,-0.007142782,39.977924
31.73,12.481055,178.45966,0.0024841735,-0.007378876,39.97783
31.74,12.480971,178.46176,0.002473154,-0.0076230764,39.977715
31.75,12.48089,178.46385,0.0024621245,-0.007867992,39.977604
31.76,12.480805,178.46591,0.0024506813,-0.008112729,39.977497
31.77,12.480729,178.46791,0.0024389345,-0.008358538,39.977383
31.78,12.480648,178.46973,0.0024266504,-0.008608222,39.977276
31.79,12.480567,178.47157,0.002414639,-0.008859217,39.977158
31.8,12.480493,178.4733,0.0024021482,-0.0091122985,39.977024
31.81,12.480415,178.475,0.0023891758,-0.009369612,39.97691
31.82,12.480339,178.47665,0.002376332,-0.0096283555,39.976803
31.83,12.480268,178.4783,0.002362891,-0.009885013,39.97669
31.84,12.480194,178.47975,0.0023492295,-0.010144293,39.976555
31.85,12.48012,178.4812,0.0023357784,-0.010409653,39.976425
31.86,12.480051,178.48267,0.0023217322,-0.010672748,39.976307
31.87,12.4799795,178.48405,0.0023071794,-0.010939896,39.976173
31.88,12.479908,178.48537,0.0022926629,-0.011206329,39.976044
31.89,12.479838,178.48666,0.0022777664,-0.011475921,39.975925
31.9,12.479769,178.48781,0.002262623,-0.011748731,39.97578
31.91,12.479703,178.489,0.002247584,-0.0120232105,39.975655
31.92,12.479632,178.49014,0.0022321083,-0.012299538,39.975506
31.93,12.479567,178.49123,0.002216288,-0.012575448,39.975376
31.94,12.479501,178.49223,0.0022004582,-0.01285851,39.975258
31.95,12.479435,178.4932,0.0021840082,-0.013138413,39.975105
31.96,12.479371,178.49419,0.002167468,-0.013424337,39.97496
31.97,12.479308,178.4951,0.0021507842,-0.013708949,39.97482
31.98,12.479245,178.49597,0.002133591,-0.013999522,39.974678
31.99,12.479178,178.49683,0.0021166839,-0.014287055,39.974537
32.0,12.479113,178.49757,0.0020990428,-0.014583826,39.97439
32.01,12.479056,178.49837,0.0020816065,-0.01487577,39.97424
32.02,12.478994,178.49905,0.0020636367,-0.015174925,39.9741
32.03,12.478932,178.49979,0.0020452822,-0.015471518,39.973934
32.04,12.478871,178.50043,0.0020271763,-0.015773177,39.97379
32.05,12.478813,178.50102,0.0020083822,-0.016079307,39.97363
32.06,12.478751,178.5016,0.0019897083,-0.016384363,39.973476
32.07,12.47869,178.50206,0.0019705798,-0.016691685,39.973324
32.08,12.47863,178.50258,0.0019516209,-0.016999543,39.973164
32.09,12.478572,178.50313,0.0019322596,-0.017311513,39.97302
32.1,12.478513,178.50351,0.001912253,-0.017626047,39.972847
32.11,12.478452,178.50403,0.0018925583,-0.01794231,39.97268
32.12,12.478395,178.50432,0.001872235,-0.018259466,39.972515
32.13,12.478335,178.50473,0.001851812,-0.018582523,39.97236
32.14,12.478279,178.50505,0.0018312335,-0.018906653,39.972187
32.15,12.47822,178.50533,0.0018104594,-0.019229531,39.972023
32.16,12.478162,178.50562,0.0017894134,-0.019558072,39.97185
32.17,12.478107,178.50584,0.0017682416,-0.019890487,39.97168
32.18,12.478049,178.50603,0.0017467653,-0.020222902,39.9715
32.19,12.477991,178.50626,0.001724829,-0.020556629,39.97134
32.2,12.47793,178.50641,0.0017032046,-0.02089554,39.971157
32.21,12.477878,178.50656,0.0016811611,-0.021238029,39.97098
32.22,12.477818,178.5067,0.0016585886,-0.021576464,39.970806
32.23,12.477765,178.50674,0.0016361615,-0.021923184,39.97062
32.24,12.477705,178.50676,0.0016131839,-0.022271812,39.97044
32.25,12.477648,178.5068,0.001590211,-0.022619665,39.97025
32.26,12.4775915,178.50688,0.0015668664,-0.022972167,39.970078
32.27,12.477539,178.5069,0.0015435833,-0.023328304,39.96989
32.28,12.477482,178.50684,0.0015198188,-0.023679376,39.969704
32.29,12.477423,178.50682,0.0014961166,-0.024042249,39.96952
32.3,12.477368,178.5067,0.0014718082,-0.024404883,39.96932
32.31,12.477314,178.50667,0.001447605,-0.024769783,39.96914
32.32,12.477253,178.50648,0.001422897,-0.025136352,39.96894
32.33,12.477199,178.50642,0.0013983315,-0.025508821,39.96875
32.34,12.477139,178.50623,0.0013731606,-0.025881648,39.968548
32.35,12.477087,178.50603,0.0013479618,-0.026256204,39.968357
32.36,12.477029,178.50581,0.0013224874,-0.02663213,39.968143
32.37,12.476973,178.50568,0.0012970464,-0.027014256,39.96795
32.38,12.476912,178.50543,0.0012710104,-0.02739799,39.96775
32.39,12.476858,178.50517,0.0012448337,-0.027783215,39.967545
32.4,12.476801,178.5049,0.0012184177,-0.028172433,39.967335
32.41,12.476745,178.50461,0.0011919532,-0.028560996,39.967133
32.42,12.476688,178.50429,0.0011654431,-0.028957307,39.966927
32.43,12.476626,178.50395,0.0011380995,-0.029353738,39.966705
32.44,12.47657,178.5036,0.0011110222,-0.029756188,39.966496
32.45,12.476511,178.50323,0.0010837633,-0.030156374,39.96629
32.46,12.476454,178.50288,0.001055995,-0.030562758,39.966076
32.47,12.476394,178.50253,0.0010279464,-0.030970216,39.965843
32.48,12.476339,178.50208,0.0009999191,-0.031380057,39.96564
32.49,12.47628,178.50163,0.00097163394,-0.031794548,39.965412
32.5,12.476221,178.50117,0.0009429222,-0.0322116,39.965183
32.51,12.476159,178.50076,0.00091417786,-0.032634735,39.96498
32.52,12.476106,178.50026,0.00088489335,-0.03305739,39.96474
32.53,12.476042,178.49977,0.00085566845,-0.033480167,39.964527
32.54,12.475988,178.49924,0.00082635414,-0.0339095,39.964302
32.55,12.4759245,178.4987,0.00079644006,-0.03433931,39.964058
32.56,12.475865,178.49821,0.0007666303,-0.03477311,39.96384
32.57,12.475805,178.49763,0.0007364331,-0.03521514,39.963593
32.58,12.475748,178.49707,0.00070620235,-0.035652697,39.963364
32.59,12.475683,178.49646,0.0006755665,-0.036095023,39.963127
32.6,12.475623,178.4959,0.0006443998,-0.036540568,39.962887
32.61,12.47556,178.49529,0.0006131837,-0.03699565,39.96265
32.62,12.475501,178.49464,0.0005821241,-0.037443757,39.9624
32.63,12.475436,178.494,0.0005504079,-0.037899315,39.962162
32.64,12.475375,178.49335,0.0005184896,-0.03836155,39.961918
32.65,12.475312,178.49265,0.00048660208,-0.038824916,39.961662
32.66,12.475251,178.49203,0.00045427028,-0.03928846,39.961426
32.67,12.475191,178.49127,0.0004218081,-0.03975755,39.961174
32.68,12.475124,178.49059,0.00038893335,-0.04023254,39.96091
32.69,12.475064,178.4898,0.0003560232,-0.040709436,39.960663
32.7,12.474999,178.4891,0.00032272562,-0.041185677,39.96041
32.71,12.474933,178.48837,0.00028943736,-0.041670084,39.96015
32.72,12.474871,178.4876,0.00025549252,-0.04215306,39.959892
32.73,12.474806,178.4868,0.00022126827,-0.042641938,39.959633
32.74,12.474739,178.48598,0.00018721167,-0.04313624,39.959373
32.75,12.474675,178.48518,0.00015253108,-0.043631077,39.95909
32.76,12.47461,178.48444,0.00011788402,-0.044132233,39.95884
32.77,12.474544,178.4836,8.304883e-05,-0.044628978,39.958565
32.78,12.474477,178.48273,4.769489e-05,-0.04513681,39.9583
32.79,12.47441,178.48189,1.21304765e-05,-0.045646608,39.958023
32.8,12.474344,178.48097,-2.3366883e-05,-0.046156287,39.957745
32.81,12.474275,178.4801,-5.9414655e-05,-0.0466789,39.957466
32.82,12.474212,178.47923,-9.549782e-05,-0.047198117,39.95719
32.83,12.474139,178.47833,-0.00013201032,-0.047719836,39.956917
32.84,12.474069,178.47737,-0.00016892608,-0.04824853,39.956623
32.85,12.474004,178.47643,-0.00020596012,-0.04877627,39.95635
32.86,12.473929,178.47551,-0.0002433192,-0.049313366,39.956062
32.87,12.473863,178.47455,-0.000280316,-0.049851418,39.955772
32.88,12.473793,178.47362,-0.00031845178,-0.050392628,39.95547
32.89,12.473722,178.47258,-0.00035641715,-0.0509398,39.955196
32.9,12.473651,178.4716,-0.00039490126,-0.051490664,39.9549
32.91,12.47358,178.47064,-0.00043347757,-0.05204147,39.95459
32.92,12.47351,178.46954,-0.00047222245,-0.052598298,39.95429
32.93,12.473436,178.4685,-0.0005113138,-0.053161085,39.953995
32.94,12.473365,178.4675,-0.0005509546,-0.05372691,39.953682
32.95,12.473295,178.46646,-0.00059034396,-0.054292023,39.95338
32.96,12.473219,178.4654,-0.00063041784,-0.054864824,39.95307
32.97,12.473142,178.46426,-0.00067063514,-0.05544275,39.952763
32.98,12.473069,178.46317,-0.00071094744,-0.056023657,39.95245
32.99,12.47299,178.46214,-0.0007517012,-0.05660689,39.952145
33.0,12.4729185,178.46098,-0.0007927036,-0.05719328,39.951824
33.01,12.472845,178.45987,-0.0008339742,-0.057786047,39.951496
33.02,12.472768,178.45874,-0.00087550376,-0.058383048,39.951176
33.03,12.47269,178.45753,-0.0009172829,-0.058982313,39.950848
33.04,12.47261,178.45639,-0.0009593265,-0.059587657,39.95054
33.05,12.472534,178.45525,-0.0010019504,-0.06019509,39.950207
33.06,12.472454,178.45409,-0.001044455,-0.06080699,39.949883
33.07,12.472373,178.45284,-0.0010875463,-0.061424553,39.949547
33.08,12.472296,178.45163,-0.001130702,-0.06204456,39.949207
33.09,12.472218,178.45038,-0.0011742758,-0.062666535,39.948875
33.1,12.472135,178.44916,-0.0012183757,-0.063296914,39.948544
33.11,12.472055,178.44794,-0.0012622597,-0.06393391,39.94818
33.12,12.471976,178.44666,-0.0013067536,-0.064572334,39.947853
33.13,12.471892,178.44543,-0.0013516825,-0.0652138,39.94751
33.14,12.471812,178.44412,-0.0013965899,-0.065859795,39.947163
33.15,12.471727,178.44283,-0.0014416454,-0.066509604,39.946808
33.16,12.471643,178.44153,-0.0014874078,-0.06716657,39.946453
33.17,12.4715605,178.44028,-0.0015332103,-0.067825735,39.946114
33.18,12.471478,178.4389,-0.0015793759,-0.06848836,39.94575
33.19,12.471395,178.43753,-0.0016258825,-0.06915903,39.94539
33.2,12.471305,178.43613,-0.00167262,-0.0698334,39.94502
33.21,12.471223,178.43483,-0.0017199339,-0.0705111,39.944653
33.22,12.471136,178.43341,-0.0017672237,-0.0711897,39.944286
33.23,12.4710455,178.43208,-0.0018149968,-0.07188225,39.943924
33.24,12.470961,178.43068,-0.0018629311,-0.07257038,39.943554
33.25,12.470874,178.4293,-0.0019113794,-0.07327014,39.943176
33.26,12.470783,178.42783,-0.0019599246,-0.07396889,39.942795
33.27,12.470699,178.42642,-0.0020088656,-0.07467455,39.94243
33.28,12.470607,178.42494,-0.0020583402,-0.07538664,39.94203
33.29,12.470516,178.42348,-0.0021081287,-0.076097906,39.941658
33.3,12.470427,178.42197,-0.0021576863,-0.07681924,39.941273
33.31,12.470335,178.42047,-0.0022079078,-0.077543974,39.940872
33.32,12.470241,178.41895,-0.0022588233,-0.078278005,39.94048
33.33,12.47015,178.41743,-0.0023094965,-0.07901049,39.940086
33.34,12.470058,178.41591,-0.0023608496,-0.07975042,39.93968
33.35,12.469962,178.4144,-0.0024125874,-0.08049083,39.939297
33.36,12.469871,178.4129,-0.0024643028,-0.081243396,39.938877
33.37,12.469774,178.41136,-0.0025164662,-0.081994295,39.938477
33.38,12.469678,178.40979,-0.0025689425,-0.08275646,39.93806
33.39,12.469582,178.40816,-0.002622,-0.08352178,39.937656
33.4,12.469486,178.40656,-0.002675009,-0.084291995,39.937244
33.41,12.469389,178.40498,-0.002728588,-0.08506632,39.93682
33.42,12.469291,178.40335,-0.002782574,-0.085844815,39.936405
33.43,12.469189,178.40169,-0.0028366335,-0.086628854,39.935978
33.44,12.469091,178.40005,-0.0028911307,-0.08742058,39.93557
33.45,12.468992,178.39842,-0.0029462809,-0.0882172,39.93514
33.46,12.468889,178.39676,-0.0030014003,-0.08901733,39.934704
33.47,12.468792,178.39507,-0.0030569797,-0.089823246,39.93427
33.48,12.468693,178.39334,-0.0031130621,-0.090634525,39.93383
33.49,12.468585,178.39163,-0.003169395,-0.0914492,39.933388
33.5,12.468484,178.38995,-0.0032258509,-0.09227264,39.93295
33.51,12.468382,178.38817,-0.0032829428,-0.093097985,39.9325
33.52,12.468278,178.3864,-0.0033402815,-0.09393209,39.93205
33.53,12.468173,178.38466,-0.0033981018,-0.094771326,39.931595
33.54,12.468067,178.3829,-0.0034561306,-0.09561437,39.93114
33.55,12.46796,178.38112,-0.0035147471,-0.09646428,39.93068
33.56,12.467855,178.37929,-0.0035733683,-0.09731823,39.930218
33.57,12.467747,178.37749,-0.003632662,-0.098178744,39.92975
33.58,12.46764,178.37567,-0.0036923494,-0.09904587,39.929287
33.59,12.467526,178.37384,-0.0037521385,-0.09991902,39.928818
33.6,12.467422,178.37196,-0.0038126688,-0.1007961,39.928352
33.61,12.46731,178.37006,-0.0038731676,-0.10167611,39.927876
33.62,12.467196,178.36823,-0.0039342986,-0.10257006,39.927383
33.63,12.467087,178.36633,-0.0039956495,-0.10346484,39.9269
33.64,12.466975,178.36444,-0.0040575936,-0.1043672,39.926422
33.65,12.466861,178.36255,-0.0041197417,-0.10527003,39.925934
33.66,12.466747,178.36061,-0.004182296,-0.106184244,39.925446
33.67,12.46663,178.35863,-0.0042451527,-0.10710615,39.924942
33.68,12.466518,178.3567,-0.0043085106,-0.10803038,39.924454
33.69,12.4664,178.35472,-0.004372282,-0.10895729,39.923946
33.7,12.466282,178.3527,-0.004436096,-0.10989714,39.923443
33.71,12.466168,178.35071,-0.0045009106,-0.11083841,39.922935
33.72,12.466048,178.34865,-0.004565755,-0.11178726,39.922432
33.73,12.465931,178.34662,-0.004631007,-0.112743914,39.92191
33.74,12.465811,178.3446,-0.0046965815,-0.11370486,39.9214
33.75,12.465688,178.34254,-0.0047629625,-0.11467463,39.92087
33.76,12.465565,178.34047,-0.004829278,-0.11564833,39.920353
33.77,12.4654455,178.33842,-0.0048963297,-0.116627276,39.919827
33.78,12.465322,178.33626,-0.0049635936,-0.11761272,39.919292
33.79,12.465199,178.33414,-0.00503128,-0.11860561,39.918747
33.8,12.465079,178.33203,-0.005099509,-0.11960262,39.9182
33.81,12.464953,178.32994,-0.005167922,-0.12061387,39.91768
33.82,12.464826,178.32773,-0.0052369013,-0.121625066,39.91713
33.83,12.464701,178.32553,-0.005306503,-0.12264234,39.916573
33.84,12.464572,178.32338,-0.0053763054,-0.12366933,39.916027
33.85,12.464444,178.32118,-0.005446568,-0.124703825,39.91548
33.86,12.464318,178.31897,-0.005517265,-0.12574065,39.914906
33.87,12.464187,178.31673,-0.005588388,-0.12678534,39.914333
33.88,12.464052,178.3145,-0.0056595635,-0.12784094,39.913776
33.89,12.463922,178.3122,-0.005731616,-0.12889731,39.913204
33.9,12.463792,178.3099,-0.0058039203,-0.12996489,39.912643
33.91,12.463659,178.3076,-0.005876614,-0.1310355,39.912045
33.92,12.463525,178.30528,-0.0059501138,-0.13211632,39.911476
33.93,12.463392,178.30302,-0.0060235094,-0.13320154,39.9109
33.94,12.463254,178.30063,-0.006097844,-0.13429594,39.91031
33.95,12.463116,178.2983,-0.006172303,-0.13539892,39.90972
33.96,12.462983,178.29588,-0.0062474217,-0.13650483,39.90911
33.97,12.462844,178.29353,-0.006322747,-0.13761848,39.908516
33.98,12.462706,178.29115,-0.006398769,-0.1387428,39.9079
33.99,12.462566,178.28867,-0.006475283,-0.13986886,39.907295
34.0,12.462423,178.28632,-0.006552106,-0.14100498,39.906693
34.01,12.462285,178.28383,-0.006629316,-0.14214718,39.906063
34.02,12.462145,178.28137,-0.0067068115,-0.1432969,39.905453
34.03,12.462001,178.27888,-0.0067851823,-0.14445537,39.904827
34.04,12.461856,178.27641,-0.0068636425,-0.14561999,39.904198
34.05,12.461712,178.27386,-0.006943019,-0.1467948,39.903564
34.06,12.461565,178.27132,-0.0070225764,-0.1479705,39.90293
34.07,12.461422,178.26877,-0.00710259,-0.14916575,39.90229
34.08,12.461272,178.2662,-0.0071830843,-0.15035641,39.90164
34.09,12.461126,178.26364,-0.0072639585,-0.15155506,39.901005
34.1,12.46098,178.26102,-0.0073454566,-0.1527667,39.900345
34.11,12.460828,178.2584,-0.007427616,-0.15398824,39.899693
34.12,12.460674,178.25578,-0.007510124,-0.15521091,39.899036
34.13,12.460519,178.25313,-0.007593086,-0.15644383,39.89837
34.14,12.460366,178.25052,-0.007676553,-0.15768492,39.8977
34.15,12.460213,178.24779,-0.007760698,-0.15893543,39.897022
34.16,12.46006,178.2451,-0.007844547,-0.16018927,39.896343
34.17,12.459907,178.24239,-0.0079298,-0.16145223,39.89565
34.18,12.459747,178.23964,-0.008015219,-0.16272432,39.894962
34.19,12.459591,178.23692,-0.008100761,-0.16400665,39.894283
34.2,12.459435,178.23416,-0.008187132,-0.16529334,39.893604
34.21,12.459269,178.23138,-0.008274296,-0.16659307,39.8929
34.22,12.459113,178.22859,-0.0083617475,-0.16789919,39.892193
34.23,12.458951,178.22575,-0.008449722,-0.16921079,39.891487
34.24,12.458791,178.22295,-0.00853819,-0.17053294,39.89077
34.25,12.458625,178.22008,-0.008627018,-0.17186171,39.890057
34.26,12.45846,178.2172,-0.00871638,-0.17320031,39.889328
34.27,12.458298,178.21425,-0.008806355,-0.17454392,39.888603
34.28,12.458129,178.21138,-0.008897036,-0.1759001,39.887882
34.29,12.457964,178.2085,-0.008988254,-0.17726505,39.88714
34.3,12.457794,178.2055,-0.009079469,-0.17862993,39.88641
34.31,12.4576235,178.20251,-0.00917165,-0.18001032,39.885662
34.32,12.457457,178.19954,-0.009264091,-0.18139946,39.884907
34.33,12.457286,178.19652,-0.009357456,-0.18279386,39.884163
34.34,12.45711,178.19353,-0.009450948,-0.18419969,39.883404
34.35,12.456939,178.19044,-0.009545162,-0.18561369,39.88264
34.36,12.456764,178.18741,-0.00963998,-0.18703675,39.88187
34.37,12.456589,178.1843,-0.009735288,-0.18846738,39.8811
34.38,12.456411,178.18124,-0.009831106,-0.18990803,39.880325
34.39,12.456237,178.1781,-0.009927703,-0.1913557,39.879547
34.4,12.456058,178.17506,-0.010024585,-0.19281554,39.878754
34.41,12.455879,178.1719,-0.01012186,-0.19428182,39.877964
34.42,12.455696,178.16867,-0.010220073,-0.19575584,39.87717
34.43,12.455514,178.16553,-0.010318758,-0.19724566,39.87638
34.44,12.45533,178.16231,-0.010417892,-0.19874,39.875584
34.45,12.45515,178.15906,-0.010517739,-0.20024318,39.874767
34.46,12.454963,178.15582,-0.010617897,-0.20175534,39.87395
34.47,12.45478,178.15253,-0.010718714,-0.2032767,39.87313
34.48,12.454589,178.14919,-0.010820402,-0.20480883,39.8723
34.49,12.454403,178.1459,-0.010922147,-0.20635033,39.871468
34.5,12.454212,178.14256,-0.011024907,-0.20790106,39.87064
34.51,12.4540205,178.13927,-0.011128185,-0.20945692,39.869797
34.52,12.453835,178.13588,-0.011231653,-0.2110269,39.868946
34.53,12.453639,178.13248,-0.011336245,-0.21260625,39.868107
34.54,12.453445,178.12904,-0.01144156,-0.21419871,39.867237
34.55,12.45325,178.12566,-0.011546934,-0.21579158,39.866386
34.56,12.453053,178.12215,-0.011653218,-0.21739948,39.86551
34.57,12.452855,178.11867,-0.011759864,-0.21901888,39.86464
34.58,12.452659,178.11516,-0.011866979,-0.2206431,39.86376
34.59,12.452461,178.11163,-0.011975018,-0.22228402,39.862873
34.6,12.452259,178.10811,-0.012083486,-0.22393,39.861996
34.61,12.452062,178.10455,-0.012192754,-0.22558308,39.861103
34.62,12.451852,178.10101,-0.012302393,-0.22725248,39.860203
34.63,12.451646,178.09734,-0.012412947,-0.2289275,39.85929
34.64,12.451446,178.09378,-0.012523945,-0.23061347,39.858383
34.65,12.451237,178.0901,-0.01263551,-0.23231399,39.85747
34.66,12.451033,178.08647,-0.012747662,-0.23402274,39.85656
34.67,12.450821,178.08278,-0.012860568,-0.23573798,39.855625
34.68,12.450612,178.07907,-0.01297424,-0.23746634,39.8547
34.69,12.4504,178.07529,-0.013088161,-0.239205,39.853764
34.7,12.450187,178.07146,-0.013203146,-0.24095464,39.85282
34.71,12.449974,178.06778,-0.013318252,-0.24271017,39.851868
34.72,12.449756,178.06395,-0.0134345535,-0.24448067,39.850914
34.73,12.449541,178.06012,-0.013551004,-0.2462607,39.84995
34.74,12.449323,178.05627,-0.013668351,-0.24804997,39.848988
34.75,12.449106,178.05249,-0.013786342,-0.24985236,39.848015
34.76,12.448886,178.04858,-0.013904918,-0.25166196,39.847042
34.77,12.448666,178.0446,-0.014024047,-0.25348657,39.846058
34.78,12.448445,178.04066,-0.014144227,-0.25532013,39.845074
34.79,12.448219,178.03674,-0.014264775,-0.25716674,39.84408
34.8,12.447993,178.03275,-0.01438605,-0.25902104,39.843082
34.81,12.447767,178.02875,-0.014508037,-0.2608881,39.842075
34.82,12.447538,178.02472,-0.014630642,-0.26276487,39.84105
34.83,12.447311,178.0207,-0.014753889,-0.26465642,39.84004
34.84,12.447081,178.01659,-0.014878044,-0.26655257,39.839012
34.85,12.446846,178.01247,-0.015002638,-0.26846355,39.83799
34.86,12.446616,178.00836,-0.015127765,-0.27038813,39.836937
34.87,12.44638,178.00417,-0.015253736,-0.27231956,39.83591
34.88,12.446147,178.00005,-0.0153804235,-0.2742663,39.834854
34.89,12.44591,177.9958,-0.0155077595,-0.27621865,39.833805
34.9,12.445676,177.99161,-0.015636036,-0.27819014,39.832756
34.91,12.4454365,177.98738,-0.015764467,-0.28017104,39.83168
34.92,12.445193,177.98312,-0.015893985,-0.28215957,39.8306
34.93,12.444951,177.97878,-0.016024223,-0.28416353,39.829525
34.94,12.44471,177.97447,-0.016154943,-0.286178,39.828438
34.95,12.444462,177.97011,-0.016286697,-0.28820336,39.827354
34.96,12.444216,177.96576,-0.016418952,-0.290237,39.826252
34.97,12.443967,177.96136,-0.016551962,-0.2922917,39.825146
34.98,12.443718,177.95692,-0.016685823,-0.29435462,39.82403
34.99,12.443467,177.95245,-0.016820285,-0.29642928,39.822918
35.0,12.443221,177.94801,-0.016955405,-0.29851627,39.82179
35.01,12.442964,177.94351,-0.01709114,-0.30061072,39.82066
35.02,12.442706,177.93896,-0.017227916,-0.302724,39.81952
35.03,12.442452,177.93445,-0.017365145,-0.30484414,39.818367
35.04,12.442195,177.92981,-0.017503245,-0.30698085,39.817223
35.05,12.441936,177.92525,-0.017642166,-0.30912888,39.81606
35.06,12.441674,177.9206,-0.017781816,-0.31128758,39.814903
35.07,12.441413,177.91595,-0.017922074,-0.31345892,39.813732
35.08,12.441154,177.91124,-0.01806304,-0.31564456,39.81255
35.09,12.440886,177.90652,-0.018205032,-0.3178435,39.81137
35.1,12.440622,177.90187,-0.018347463,-0.32005113,39.810184
35.11,12.44035,177.89705,-0.018491164,-0.32227355,39.808983
35.12,12.440083,177.89227,-0.018635208,-0.32450926,39.807766
35.13,12.439809,177.88747,-0.018779913,-0.32675737,39.806576
35.14,12.439541,177.88264,-0.018925782,-0.3290187,39.805347
35.15,12.439261,177.87776,-0.019072257,-0.33129323,39.804115
35.16,12.438987,177.87285,-0.0192191,-0.333578,39.802887
35.17,12.438713,177.86789,-0.019367315,-0.33587933,39.801655
35.18,12.438436,177.86295,-0.019516006,-0.33819288,39.800396
35.19,12.438154,177.85797,-0.019665604,-0.34051633,39.79915
35.2,12.437874,177.85298,-0.019815816,-0.34285724,39.79789
35.21,12.437589,177.84789,-0.019967163,-0.3452136,39.79662
35.22,12.437308,177.84283,-0.02011911,-0.3475803,39.795338
35.23,12.437021,177.83774,-0.020271698,-0.34995776,39.794052
35.24,12.436734,177.83263,-0.020425173,-0.3523497,39.79276
35.25,12.436442,177.82748,-0.020579746,-0.3547609,39.791485
35.26,12.436153,177.82225,-0.020735024,-0.35718095,39.79017
35.27,12.435862,177.81706,-0.020890897,-0.3596145,39.78886
35.28,12.435569,177.8118,-0.021047385,-0.36205816,39.787537
35.29,12.435268,177.80658,-0.02120526,-0.36452013,39.786224
35.3,12.434971,177.80128,-0.021363428,-0.36699653,39.784878
35.31,12.434679,177.79593,-0.02152281,-0.36948603,39.78354
35.32,12.434378,177.79059,-0.021682875,-0.37198937,39.782192
35.33,12.434074,177.78514,-0.021843793,-0.37450737,39.780834
35.34,12.433766,177.7798,-0.022005493,-0.3770411,39.77947
35.35,12.433463,177.7743,-0.022168042,-0.37958467,39.778095
35.36,12.433157,177.76883,-0.022331605,-0.38214612,39.776714
35.37,12.432848,177.76326,-0.022496013,-0.3847164,39.77532
35.38,12.43254,177.75778,-0.022660991,-0.3873099,39.773937
35.39,12.432225,177.75224,-0.022827009,-0.3899123,39.772522
35.4,12.431911,177.74663,-0.02299408,-0.39252943,39.771114
35.41,12.431597,177.741,-0.023161495,-0.39516425,39.76969
35.42,12.431279,177.73537,-0.023329819,-0.3978073,39.76827
35.43,12.430963,177.72964,-0.023499439,-0.4004693,39.76684
35.44,12.430642,177.72394,-0.023669725,-0.40314478,39.765392
35.45,12.43032,177.71817,-0.023841264,-0.40583807,39.763947
35.46,12.429995,177.71236,-0.024012985,-0.40854585,39.762478
35.47,12.42967,177.7065,-0.02418601,-0.41126758,39.76101
35.48,12.429339,177.7007,-0.024359649,-0.41400087,39.75955
35.49,12.429012,177.69482,-0.024534551,-0.41675323,39.75806
35.5,12.428679,177.68893,-0.024710083,-0.41951984,39.75658
35.51,12.428347,177.68297,-0.024886666,-0.42229944,39.75507
35.52,12.428014,177.677,-0.025064206,-0.42509955,39.753563
35.53,12.427677,177.671,-0.025242442,-0.4279071,39.75205
35.54,12.42734,177.66496,-0.025421636,-0.43073606,39.750515
35.55,12.426996,177.65883,-0.025601747,-0.43357944,39.748985
35.56,12.426657,177.65271,-0.025782855,-0.43644118,39.747448
35.57,12.4263115,177.64659,-0.02596482,-0.439313,39.745888
35.58,12.425965,177.64043,-0.026147803,-0.44220322,39.744347
35.59,12.425624,177.6342,-0.026331486,-0.44510633,39.74278
35.6,12.425271,177.62798,-0.026516238,-0.44802898,39.741203
35.61,12.424921,177.62166,-0.026702141,-0.45096856,39.739628
35.62,12.424566,177.61531,-0.026888492,-0.4539206,39.73802
35.63,12.424217,177.60902,-0.027076347,-0.45688814,39.736427
35.64,12.423856,177.60266,-0.027264757,-0.4598766,39.734818
35.65,12.423501,177.59625,-0.02745404,-0.4628781,39.7332
35.66,12.423141,177.5898,-0.027644476,-0.46589702,39.73157
35.67,12.422778,177.58334,-0.027835937,-0.46892595,39.729935
35.68,12.422412,177.5768,-0.028028315,-0.4719813,39.72829
35.69,12.422048,177.57025,-0.028221646,-0.47504628,39.726643
35.7,12.42168,177.56367,-0.028416036,-0.47813332,39.72497
35.71,12.421309,177.557,-0.028611122,-0.48123044,39.7233
35.72,12.4209385,177.5504,-0.028807199,-0.4843468,39.72162
35.73,12.420561,177.54375,-0.029004483,-0.48747867,39.719933
35.74,12.420189,177.53697,-0.029202761,-0.49063092,39.718224
35.75,12.419809,177.53026,-0.029401852,-0.49380392,39.716522
35.76,12.419432,177.52342,-0.029601915,-0.4969825,39.71482
35.77,12.419051,177.5166,-0.029803319,-0.5001834,39.713097
35.78,12.418666,177.50974,-0.030005215,-0.5034018,39.711346
35.79,12.4182825,177.50285,-0.030208344,-0.5066381,39.70961
35.8,12.417891,177.49586,-0.03041249,-0.50988835,39.70785
35.81,12.417501,177.48894,-0.03061754,-0.51316184,39.706093
35.82,12.417111,177.48192,-0.03082387,-0.51644605,39.70432
35.83,12.416719,177.47487,-0.03103106,-0.51975626,39.70254
35.84,12.416325,177.46777,-0.031239202,-0.5230735,39.700752
35.85,12.415923,177.46068,-0.031448483,-0.5264142,39.698944
35.86,12.4155245,177.4535,-0.031658582,-0.52977103,39.697147
35.87,12.415123,177.4463,-0.031869866,-0.5331462,39.69532
35.88,12.41472,177.43906,-0.03208235,-0.53654,39.69349
35.89,12.414314,177.4318,-0.032295868,-0.53995174,39.691647
35.9,12.413908,177.42447,-0.03251008,-0.54337996,39.689808
35.91,12.413493,177.41714,-0.032725744,-0.54682726,39.68795
35.92,12.413084,177.40974,-0.032941967,-0.5502921,39.686073
35.93,12.412668,177.40231,-0.033159636,-0.5537718,39.684204
35.94,12.412251,177.39484,-0.03337822,-0.557275,39.68232
35.95,12.411834,177.38736,-0.033598244,-0.56079644,39.680424
35.96,12.411409,177.37978,-0.033818863,-0.5643324,39.678513
35.97,12.410991,177.37221,-0.034040563,-0.5678838,39.676586
35.98,12.410566,177.36461,-0.03426344,-0.5714645,39.674667
35.99,12.410139,177.357,-0.03448748,-0.57505995,39.67273
36.0,12.409706,177.34924,-0.034712568,-0.5786689,39.670784
36.01,12.409275,177.3415,-0.034939006,-0.5822976,39.668827
36.02,12.408839,177.33376,-0.03516625,-0.58594674,39.66686
36.03,12.408404,177.32594,-0.03539446,-0.5896173,39.664883
36.04,12.407965,177.31808,-0.035623886,-0.59330577,39.6629
36.05,12.407525,177.31018,-0.035854198,-0.59700924,39.660896
36.06,12.407081,177.30226,-0.036086194,-0.6007331,39.658875
36.07,12.406638,177.29424,-0.036319092,-0.6044788,39.65688
36.08,12.406189,177.28621,-0.03655295,-0.60824376,39.65484
36.09,12.405739,177.27823,-0.0367876,-0.6120234,39.652794
36.1,12.405287,177.27011,-0.037023894,-0.61582834,39.650753
36.11,12.404835,177.26195,-0.037261397,-0.6196515,39.648693
36.12,12.404377,177.25377,-0.03749975,-0.6234916,39.646614
36.13,12.403918,177.24554,-0.037739344,-0.6273524,39.64454
36.14,12.40346,177.23729,-0.03798016,-0.6312327,39.642452
36.15,12.402995,177.229,-0.038221784,-0.6351369,39.640343
36.16,12.402531,177.22061,-0.038464822,-0.6390546,39.638233
36.17,12.402062,177.21225,-0.038708933,-0.6429954,39.63611
36.18,12.401591,177.20383,-0.03895425,-0.64695495,39.63397
36.19,12.401121,177.19536,-0.03920065,-0.6509339,39.631832
36.2,12.400646,177.1868,-0.039448492,-0.6549366,39.629673
36.21,12.4001665,177.17825,-0.039697424,-0.6589562,39.627502
36.22,12.399688,177.16965,-0.03994725,-0.6629965,39.625317
36.23,12.399205,177.16106,-0.040198438,-0.66705686,39.623135
36.24,12.39872,177.15231,-0.04045085,-0.67114323,39.62094
36.25,12.398233,177.14365,-0.04070425,-0.6752425,39.61872
36.26,12.397744,177.13484,-0.040959112,-0.67936593,39.61651
36.27,12.397254,177.12599,-0.0412151,-0.6835087,39.614273
36.28,12.396758,177.11714,-0.041472085,-0.6876734,39.612022
36.29,12.396258,177.10823,-0.041730188,-0.69185644,39.60976
36.3,12.395764,177.09929,-0.041990332,-0.69606394,39.607494
36.31,12.395261,177.09032,-0.04225094,-0.70029444,39.605213
36.32,12.394753,177.08127,-0.04251299,-0.7045403,39.602924
36.33,12.394249,177.07225,-0.042776115,-0.70881027,39.600624
36.34,12.393743,177.06308,-0.043040626,-0.7130999,39.598305
36.35,12.39323,177.05397,-0.043306157,-0.71741074,39.595978
36.36,12.3927145,177.04471,-0.04357318,-0.72174364,39.593647
36.37,12.392197,177.03548,-0.043841064,-0.72609586,39.591297
36.38,12.391679,177.02614,-0.044110917,-0.7304743,39.588943
36.39,12.391155,177.0168,-0.044381134,-0.7348713,39.58657
36.4,12.390631,177.00743,-0.04465341,-0.7392897,39.584187
36.41,12.390106,176.998,-0.044926666,-0.7437331,39.5818
36.42,12.389581,176.98848,-0.045200832,-0.74819285,39.57938
36.43,12.389045,176.97894,-0.045476213,-0.7526782,39.57698
36.44,12.388509,176.96936,-0.04575322,-0.75718194,39.57453
36.45,12.387973,176.95972,-0.046031706,-0.76171607,39.572098
36.46,12.387433,176.95004,-0.046311185,-0.7662639,39.569645
36.47,12.386888,176.94038,-0.046591796,-0.7708382,39.56717
36.48,12.386344,176.9306,-0.046873964,-0.7754294,39.5647
36.49,12.385797,176.92079,-0.04715749,-0.7800512,39.562214
36.5,12.385245,176.91095,-0.047441855,-0.7846903,39.55971
36.51,12.384691,176.90105,-0.047728047,-0.7893515,39.557198
36.52,12.384134,176.89102,-0.048015118,-0.79403585,39.554672
36.53,12.383577,176.88109,-0.048303753,-0.79874367,39.55213
36.54,12.383018,176.87103,-0.048593834,-0.8034763,39.54958
36.55,12.38245,176.86093,-0.048885196,-0.8082308,39.547028
36.56,12.381884,176.85075,-0.049177825,-0.81300956,39.544445
36.57,12.381316,176.84055,-0.049471483,-0.8178033,39.541855
36.58,12.380745,176.83032,-0.049766883,-0.82262725,39.53926
36.59,12.38017,176.82005,-0.050063454,-0.827473,39.536644
36.6,12.379592,176.8097,-0.050361447,-0.83233994,39.534027
36.61,12.379014,176.79926,-0.050660715,-0.8372379,39.53138
36.62,12.3784275,176.78882,-0.050961025,-0.84215075,39.52874
36.63,12.37784,176.77837,-0.051263183,-0.84708613,39.52607
36.64,12.377252,176.76784,-0.05156654,-0.8520492,39.523403
36.65,12.376663,176.75719,-0.05187118,-0.8570357,39.520706
36.66,12.376067,176.74658,-0.052177176,-0.86204463,39.518005
36.67,12.375472,176.7359,-0.052484363,-0.867078,39.515305
36.68,12.374868,176.72516,-0.052793562,-0.8721368,39.512558
36.69,12.374267,176.71439,-0.05310353,-0.8772153,39.50982
36.7,12.373659,176.70354,-0.05341532,-0.8823213,39.50707
36.71,12.373052,176.69266,-0.05372809,-0.88744885,39.504307
36.72,12.372437,176.68173,-0.054042853,-0.8926049,39.501526
36.73,12.371821,176.67065,-0.05435829,-0.89778227,39.498737
36.74,12.371207,176.65967,-0.0546756,-0.90298456,39.495922
36.75,12.370588,176.64856,-0.054994367,-0.9082081,39.493114
36.76,12.369964,176.63744,-0.055314243,-0.9134602,39.490276
36.77,12.369339,176.62624,-0.055635534,-0.9187365,39.48744
36.78,12.368709,176.61504,-0.055958346,-0.9240336,39.48458
36.79,12.368075,176.60364,-0.056282684,-0.92935747,39.4817
36.8,12.367441,176.59232,-0.056608737,-0.9347102,39.47882
36.81,12.366802,176.5809,-0.05693564,-0.9400837,39.475918
36.82,12.36616,176.56941,-0.057264224,-0.9454822,39.473007
36.83,12.365521,176.55792,-0.057594612,-0.95090824,39.47009
36.84,12.364872,176.54639,-0.057925954,-0.95635444,39.46714
36.85,12.364222,176.53474,-0.058258817,-0.9618301,39.464195
36.86,12.363567,176.52307,-0.05859349,-0.9673297,39.461224
36.87,12.36291,176.51135,-0.05892922,-0.9728524,39.45825
36.88,12.362253,176.49959,-0.059266396,-0.9784058,39.455254
36.89,12.361589,176.48776,-0.059605494,-0.9839781,39.452255
36.9,12.360925,176.47583,-0.059945755,-0.9895838,39.449223
36.91,12.360255,176.46391,-0.060287103,-0.9952062,39.446198
36.92,12.359585,176.45198,-0.06063039,-1.0008609,39.44315
36.93,12.3589115,176.43988,-0.060975567,-1.0065379,39.440083
36.94,12.358232,176.4278,-0.061322138,-1.01225,39.437008
36.95,12.357552,176.41559,-0.061670043,-1.0179782,39.433918
36.96,12.35687,176.40341,-0.062019005,-1.0237312,39.43081
36.97,12.356181,176.39113,-0.062370032,-1.0295184,39.427685
36.98,12.355487,176.37883,-0.06272218,-1.0353243,39.424553
36.99,12.354796,176.36641,-0.06307619,-1.0411563,39.421413
37.0,12.3541,176.35394,-0.06343153,-1.0470223,39.41825
37.01,12.353399,176.34149,-0.06378854,-1.0529087,39.415077
37.02,12.352695,176.3289,-0.06414719,-1.0588226,39.41187
37.03,12.351989,176.31638,-0.06450702,-1.0647635,39.408684
37.04,12.351279,176.30377,-0.064869165,-1.0707309,39.40546
37.05,12.350564,176.29103,-0.065231964,-1.076724,39.402233
37.06,12.349848,176.27823,-0.06559683,-1.082746,39.398968
37.07,12.349125,176.26541,-0.065963015,-1.0887933,39.395714
37.08,12.348411,176.25253,-0.06633092,-1.094872,39.392437
37.09,12.34768,176.2396,-0.066700146,-1.1009738,39.389145
37.1,12.346951,176.22653,-0.06707113,-1.1070998,39.38584
37.11,12.34622,176.2135,-0.06744381,-1.1132579,39.38252
37.12,12.345481,176.20041,-0.067818075,-1.1194386,39.379185
37.13,12.344742,176.18723,-0.0681937,-1.1256568,39.375835
37.14,12.343998,176.17403,-0.06857112,-1.1318924,39.372467
37.15,12.343255,176.1607,-0.06895002,-1.1381617,39.369083
37.16,12.342504,176.14737,-0.069330506,-1.1444542,39.36569
37.17,12.341751,176.13394,-0.06971287,-1.150774,39.362278
37.18,12.340996,176.12051,-0.07009674,-1.1571233,39.358852
37.19,12.340234,176.10696,-0.070481874,-1.1634967,39.355423
37.2,12.339472,176.09341,-0.07086919,-1.1699064,39.35195
37.21,12.338704,176.0798,-0.07125788,-1.1763401,39.348495
37.22,12.337932,176.06607,-0.07164829,-1.1828008,39.345
37.23,12.337161,176.05229,-0.07204018,-1.1892884,39.341503
37.24,12.336385,176.0385,-0.07243385,-1.1958103,39.33799
37.25,12.335603,176.02458,-0.07282879,-1.2023554,39.334454
37.26,12.334823,176.01068,-0.073225886,-1.208925,39.330917
37.27,12.334031,175.9967,-0.07362442,-1.2155294,39.327335
37.28,12.33324,175.9826,-0.074024625,-1.2221584,39.32377
37.29,12.332445,175.96848,-0.07442672,-1.2288218,39.320183
37.3,12.33165,175.95432,-0.07483031,-1.235508,39.31656
37.31,12.330848,175.9401,-0.07523538,-1.2422252,39.312943
37.32,12.330044,175.92575,-0.07564246,-1.2489712,39.309303
37.33,12.32923,175.91139,-0.07605095,-1.2557461,39.305645
37.34,12.328422,175.89699,-0.07646163,-1.2625511,39.30198
37.35,12.327606,175.8825,-0.07687352,-1.2693818,39.298294
37.36,12.326783,175.86795,-0.07728734,-1.2762473,39.294586
37.37,12.325959,175.85336,-0.07770306,-1.2831364,39.29087
37.38,12.325136,175.83865,-0.07812027,-1.2900579,39.287136
37.39,12.3243065,175.82394,-0.078539126,-1.2970104,39.283382
37.4,12.323469,175.80911,-0.07895998,-1.3039887,39.279625
37.41,12.32263,175.7943,-0.07938232,-1.3110001,39.275837
37.42,12.321794,175.77937,-0.079806246,-1.3180342,39.272038
37.43,12.320942,175.76436,-0.08023226,-1.3251066,39.268223
37.44,12.320095,175.74933,-0.0806597,-1.332202,39.2644
37.45,12.319242,175.73424,-0.081089646,-1.33933,39.260548
37.46,12.318387,175.71906,-0.08152024,-1.3464851,39.256683
37.47,12.317525,175.7038,-0.08195317,-1.353677,39.252792
37.48,12.316665,175.68854,-0.0823878,-1.3608942,39.24891
37.49,12.315793,175.67314,-0.08282438,-1.3681419,39.245003
37.5,12.314921,175.65778,-0.08326246,-1.3754175,39.241066
37.51,12.314051,175.64221,-0.08370232,-1.3827286,39.23712
37.52,12.313168,175.62668,-0.08414412,-1.3900669,39.233162
37.53,12.312286,175.6111,-0.08458799,-1.3974364,39.22919
37.54,12.311397,175.59535,-0.085033454,-1.4048388,39.225193
37.55,12.310509,175.57968,-0.08548029,-1.4122658,39.221172
37.56,12.309613,175.5638,-0.08592958,-1.4197273,39.217155
37.57,12.308716,175.54796,-0.0863805,-1.4272177,39.213108
37.58,12.307812,175.53198,-0.08683306,-1.4347391,39.209053
37.59,12.306907,175.51593,-0.08728743,-1.4422963,39.20497
37.6,12.305998,175.4999,-0.087743714,-1.4498763,39.20088
37.61,12.30508,175.4838,-0.08820185,-1.4574931,39.196766
37.62,12.304166,175.46758,-0.088661954,-1.465141,39.19264
37.63,12.303241,175.45131,-0.08912355,-1.4728205,39.188496
37.64,12.302316,175.43497,-0.089586884,-1.4805272,39.18434
37.65,12.301389,175.41858,-0.0900527,-1.4882724,39.180176
37.66,12.300453,175.40205,-0.090519935,-1.4960394,39.17597
37.67,12.299517,175.38553,-0.09098906,-1.5038412,39.17175
37.68,12.298575,175.36893,-0.09146052,-1.511678,39.16752
37.69,12.297629,175.35226,-0.09193333,-1.5195436,39.163265
37.7,12.296681,175.33548,-0.09240834,-1.5274427,39.159004
37.71,12.295723,175.31871,-0.09288495,-1.5353718,39.154736
37.72,12.294769,175.30179,-0.09336368,-1.543333,39.150436
37.73,12.293803,175.2849,-0.09384424,-1.551326,39.146114
37.74,12.292838,175.26788,-0.0943268,-1.5593536,39.141785
37.75,12.291871,175.25084,-0.09481094,-1.5674067,39.137444
37.76,12.290897,175.23367,-0.09529678,-1.5754955,39.133068
37.77,12.289919,175.21648,-0.0957854,-1.5836172,39.128685
37.78,12.288937,175.19916,-0.096275516,-1.5917735,39.12428
37.79,12.28795,175.18182,-0.09676729,-1.5999599,39.11986
37.8,12.286962,175.16438,-0.09726138,-1.6081781,39.115417
37.81,12.285967,175.1469,-0.09775742,-1.6164289,39.110966
37.82,12.2849655,175.12935,-0.09825508,-1.6247098,39.106487
37.83,12.283965,175.11172,-0.09875495,-1.6330304,39.102
37.84,12.282954,175.09404,-0.099256724,-1.6413767,39.09749
37.85,12.281944,175.07626,-0.09976015,-1.6497574,39.092964
37.86,12.28093,175.05846,-0.10026579,-1.6581707,39.088413
37.87,12.279907,175.04054,-0.1007736,-1.6666193,39.083862
37.88,12.278882,175.02255,-0.10128316,-1.6751034,39.07929
37.89,12.277858,175.00449,-0.10179484,-1.6836109,39.07468
37.9,12.276824,174.98639,-0.10230853,-1.6921635,39.07007
37.91,12.275786,174.96814,-0.10282371,-1.7007372,39.065437
37.92,12.274743,174.94995,-0.10334134,-1.7093492,39.06079
37.93,12.273704,174.93161,-0.10386082,-1.7179966,39.056114
37.94,12.27265,174.91322,-0.10438211,-1.7266791,39.051426
37.95,12.271597,174.89474,-0.104906015,-1.7353904,39.046726
37.96,12.270534,174.87619,-0.10543147,-1.744134,39.042004
37.97,12.269471,174.8576,-0.10595917,-1.7529142,39.03725
37.98,12.268404,174.83893,-0.10648882,-1.7617276,39.032494
37.99,12.267334,174.82013,-0.1070204,-1.7705755,39.027702
38.0,12.266256,174.80128,-0.107554026,-1.7794559,39.02292
38.01,12.265176,174.78238,-0.10808982,-1.7883697,39.01811
38.02,12.264091,174.76341,-0.10862752,-1.7973199,39.01327
38.03,12.263,174.7444,-0.10916736,-1.8063014,39.008423
38.04,12.261907,174.72523,-0.10970913,-1.8153157,39.003555
38.05,12.260807,174.70609,-0.1102532,-1.8243675,38.99866
38.06,12.259706,174.6868,-0.11079913,-1.8334537,38.99375
38.07,12.258597,174.66747,-0.11134718,-1.8425689,38.98883
38.08,12.257491,174.64807,-0.1118976,-1.8517253,38.98388
38.09,12.25637,174.62859,-0.11244955,-1.8609126,38.978912
38.1,12.25525,174.60904,-0.11300377,-1.8701303,38.973927
38.11,12.254125,174.58939,-0.1135604,-1.8793895,38.96893
38.12,12.252994,174.56973,-0.114119,-1.8886793,38.963905
38.13,12.251859,174.54991,-0.11467976,-1.898006,38.95887
38.14,12.250724,174.53008,-0.11524225,-1.9073651,38.95381
38.15,12.24958,174.51013,-0.11580721,-1.9167633,38.94874
38.16,12.24843,174.49013,-0.11637422,-1.9261918,38.94363
38.17,12.247277,174.47008,-0.11694286,-1.9356487,38.938522
38.18,12.2461195,174.44987,-0.117514215,-1.9451554,38.933395
38.19,12.244956,174.42969,-0.11808755,-1.9546871,38.928238
38.2,12.243788,174.40944,-0.118663035,-1.9642572,38.923073
38.21,12.24262,174.38904,-0.11924074,-1.9738629,38.91788
38.22,12.241446,174.3686,-0.11982059,-1.9835043,38.912674
38.23,12.240261,174.34804,-0.1204023,-1.9931781,38.907448
38.24,12.239076,174.32742,-0.1209866,-2.0028849,38.902195
38.25,12.237885,174.30676,-0.12157249,-2.012631,38.89693
38.26,12.2366905,174.28601,-0.12216123,-2.0224116,38.891655
38.27,12.235492,174.26518,-0.122751586,-2.032229,38.88635
38.28,12.234287,174.24428,-0.12334404,-2.0420768,38.881012
38.29,12.233076,174.2233,-0.12393939,-2.0519664,38.87567
38.3,12.231862,174.20224,-0.12453646,-2.0618904,38.87031
38.31,12.230642,174.1811,-0.12513562,-2.0718472,38.86492
38.32,12.229419,174.15993,-0.12573725,-2.0818436,38.859528
38.33,12.22819,174.13861,-0.1263412,-2.0918736,38.85409
38.34,12.226958,174.1173,-0.12694709,-2.1019382,38.84866
38.35,12.225722,174.09587,-0.12755519,-2.1120398,38.84321
38.36,12.224479,174.07428,-0.12816557,-2.122179,38.83773
38.37,12.223231,174.05276,-0.12877817,-2.1323516,38.832222
38.38,12.221978,174.03108,-0.12939292,-2.1425595,38.826702
38.39,12.220722,174.00928,-0.1300099,-2.1528063,38.82115
38.4,12.219458,173.98747,-0.13062939,-2.1630905,38.815598
38.41,12.218193,173.96559,-0.13125074,-2.1734037,38.810013
38.42,12.216923,173.94359,-0.13187456,-2.1837628,38.804424
38.43,12.21564,173.92154,-0.13250086,-2.1941552,38.798794
38.44,12.214361,173.89938,-0.13312897,-2.2045786,38.793175
38.45,12.213074,173.87721,-0.13375972,-2.2150483,38.78751
38.46,12.2117815,173.85486,-0.13439254,-2.2255456,38.781826
38.47,12.210486,173.83252,-0.13502784,-2.2360837,38.776127
38.48,12.209184,173.81009,-0.13566516,-2.2466574,38.770416
38.49,12.207872,173.78752,-0.13630489,-2.2572665,38.764675
38.5,12.206563,173.76494,-0.13694683,-2.2679157,38.75891
38.51,12.205246,173.74225,-0.13759077,-2.278599,38.753147
38.52,12.203923,173.71948,-0.13823777,-2.289322,38.74734
38.53,12.202599,173.69666,-0.13888657,-2.300075,38.74153
38.54,12.2012615,173.6737,-0.1395377,-2.3108695,38.735683
38.55,12.199925,173.65071,-0.14019129,-2.3217065,38.729828
38.56,12.1985855,173.62764,-0.1408472,-2.3325756,38.723953
38.57,12.197237,173.60445,-0.14150502,-2.3434775,38.718044
38.58,12.195885,173.58124,-0.14216563,-2.354424,38.71214
38.59,12.194529,173.55789,-0.14282838,-2.3654034,38.706196
38.6,12.193162,173.53447,-0.14349358,-2.3764164,38.70023
38.61,12.191795,173.51102,-0.14416163,-2.3874779,38.694252
38.62,12.190424,173.48743,-0.14483088,-2.3985665,38.688255
38.63,12.189044,173.46379,-0.14550327,-2.4096987,38.68223
38.64,12.187662,173.44005,-0.14617783,-2.4208646,38.676205
38.65,12.186273,173.41628,-0.14685506,-2.432072,38.670124
38.66,12.184877,173.39241,-0.14753418,-2.44331,38.664055
38.67,12.183481,173.36838,-0.14821571,-2.4545834,38.65795
38.68,12.182071,173.34435,-0.14890003,-2.4659097,38.651833
38.69,12.180664,173.32025,-0.14958623,-2.4772604,38.645683
38.7,12.17925,173.296,-0.15027519,-2.4886546,38.63952
38.71,12.17783,173.27171,-0.15096636,-2.5000842,38.633327
38.72,12.176406,173.24733,-0.1516603,-2.5115552,38.62713
38.73,12.174973,173.22287,-0.15235594,-2.523061,38.620888
38.74,12.173534,173.19835,-0.15305462,-2.5346048,38.614643
38.75,12.172094,173.17375,-0.15375514,-2.54619,38.608383
38.76,12.170647,173.14902,-0.15445846,-2.5578067,38.6021
38.77,12.169196,173.12425,-0.15516432,-2.569466,38.59578
38.78,12.167741,173.09935,-0.15587246,-2.5811603,38.58946
38.79,12.166279,173.07443,-0.15658316,-2.5928965,38.58311
38.8,12.164809,173.04938,-0.15729603,-2.6046655,38.57674
38.81,12.163336,173.02429,-0.15801185,-2.6164799,38.570343
38.82,12.161858,172.99908,-0.15872934,-2.6283283,38.563927
38.83,12.16037,172.97377,-0.15944974,-2.6402135,38.557495
38.84,12.158881,172.94844,-0.16017231,-2.6521413,38.551044
38.85,12.157388,172.92302,-0.1608977,-2.6641026,38.544567
38.86,12.155882,172.89746,-0.16162527,-2.6761038,38.53807
38.87,12.154381,172.87187,-0.16235554,-2.6881435,38.531548
38.88,12.15287,172.84618,-0.1630883,-2.7002292,38.525017
38.89,12.151352,172.82037,-0.1638232,-2.7123444,38.51845
38.9,12.149827,172.79453,-0.16456114,-2.7245033,38.511864
38.91,12.1483,172.76862,-0.16530094,-2.7366943,38.505272
38.92,12.146766,172.74252,-0.16604331,-2.748928,38.498657
38.93,12.1452265,172.71642,-0.16678853,-2.7612057,38.492
38.94,12.143683,172.69025,-0.16753632,-2.773512,38.485355
38.95,12.142133,172.66396,-0.16828634,-2.7858613,38.47865
38.96,12.140578,172.6376,-0.16903885,-2.7982512,38.471947
38.97,12.139018,172.61113,-0.16979425,-2.8106804,38.465206
38.98,12.137449,172.5846,-0.17055151,-2.8231468,38.45847
38.99,12.135879,172.558,-0.17131187,-2.8356504,38.451683
39.0,12.134298,172.53127,-0.17207435,-2.8481944,38.444904
39.01,12.132714,172.50449,-0.17283955,-2.8607762,38.438084
39.02,12.131127,172.4776,-0.17360741,-2.8734016,38.43125
39.03,12.129534,172.45068,-0.17437796,-2.8860629,38.424397
39.04,12.127932,172.42363,-0.17515074,-2.8987637,38.41751
39.05,12.126327,172.39651,-0.17592593,-2.9115024,38.410618
39.06,12.124715,172.36926,-0.17670397,-2.9242852,38.403694
39.07,12.123098,172.34198,-0.17748451,-2.9371,38.39675
39.08,12.121471,172.31458,-0.17826773,-2.9499617,38.38979
39.09,12.119842,172.28714,-0.1790532,-2.9628556,38.382793
39.1,12.118212,172.25958,-0.17984106,-2.9757879,38.375805
39.11,12.1165695,172.23192,-0.18063234,-2.988766,38.36875
39.12,12.114925,172.20418,-0.18142565,-3.0017805,38.361717
39.13,12.113266,172.17639,-0.18222138,-3.0148313,38.35465
39.14,12.111615,172.14854,-0.1830201,-3.027928,38.347553
39.15,12.109955,172.12053,-0.18382137,-3.041062,38.34043
39.16,12.108281,172.09245,-0.18462473,-3.0542333,38.333305
39.17,12.106606,172.06427,-0.18543123,-3.067442,38.326145
39.18,12.104922,172.03604,-0.18624012,-3.0806935,38.31896
39.19,12.103238,172.00772,-0.1870516,-3.0939834,38.311768
39.2,12.101549,171.97931,-0.187866,-3.1073139,38.304535
39.21,12.099848,171.95084,-0.18868232,-3.1206813,38.297287
39.22,12.098143,171.92226,-0.18950205,-3.1340983,38.290028
39.23,12.096436,171.89357,-0.19032404,-3.1475425,38.282738
39.24,12.09472,171.8648,-0.19114849,-3.161035,38.275433
39.25,12.0929985,171.83592,-0.1919758,-3.174559,38.2681
39.26,12.091269,171.807,-0.19280574,-3.1881282,38.260742
39.27,12.0895405,171.77797,-0.19363853,-3.2017422,38.25337
39.28,12.087799,171.74892,-0.1944739,-3.2153862,38.24598
39.29,12.086052,171.7197,-0.19531164,-3.2290752,38.23855
39.3,12.084302,171.69041,-0.19615208,-3.2428029,38.231117
39.31,12.082546,171.66104,-0.19699518,-3.2565722,38.22366
39.32,12.080778,171.63162,-0.19784142,-3.2703774,38.21617
39.33,12.079013,171.60208,-0.19868976,-3.284224,38.20866
39.34,12.077241,171.57245,-0.19954067,-3.2981114,38.20113
39.35,12.075457,171.54276,-0.20039463,-3.312035,38.193592
39.36,12.07367,171.5129,-0.20125146,-3.3260062,38.186012
39.37,12.071881,171.483,-0.20211034,-3.3400097,38.17842
39.38,12.070082,171.45303,-0.20297252,-3.3540604,38.17081
39.39,12.068279,171.42296,-0.20383672,-3.368145,38.163177
39.4,12.066465,171.39279,-0.20470439,-3.3822815,38.15551
39.41,12.064648,171.36253,-0.20557417,-3.3964405,38.14783
39.42,12.062826,171.33226,-0.20644672,-3.4106472,38.140137
39.43,12.060994,171.30185,-0.20732239,-3.4249,38.132404
39.44,12.059165,171.27133,-0.20819995,-3.4391785,38.124653
39.45,12.057319,171.24072,-0.20908126,-3.4535136,38.116882
39.46,12.055474,171.21005,-0.20996442,-3.4678764,38.109097
39.47,12.05362,171.17924,-0.21085116,-3.48229,38.101273
39.48,12.051762,171.14844,-0.21173972,-3.4967318,38.093452
39.49,12.049897,171.1175,-0.21263182,-3.511228,38.085587
39.5,12.048029,171.08646,-0.21352626,-3.525755,38.077713
39.51,12.046154,171.05528,-0.2144229,-3.540317,38.06982
39.52,12.044268,171.0241,-0.21532308,-3.554933,38.061882
39.53,12.042376,170.99284,-0.21622545,-3.5695786,38.053955
39.54,12.040479,170.9614,-0.21713121,-3.584272,38.04598
39.55,12.038582,170.92996,-0.21803905,-3.5990014,38.037987
39.56,12.036673,170.89833,-0.21895014,-3.6137729,38.029964
39.57,12.034758,170.86667,-0.21986395,-3.6285858,38.021942
39.58,12.03284,170.83496,-0.2207802,-3.6434402,38.013878
39.59,12.030913,170.80316,-0.2216991,-3.658327,38.0058
39.6,12.028976,170.77122,-0.222621,-3.673255,37.997696
39.61,12.027038,170.73921,-0.22354585,-3.6882305,37.989582
39.62,12.025094,170.70709,-0.2244733,-3.7032423,37.981438
39.63,12.023144,170.67487,-0.22540371,-3.7182946,37.973267
39.64,12.021186,170.64262,-0.22633642,-3.7333856,37.96507
39.65,12.019225,170.61026,-0.22727281,-3.748527,37.95687
39.66,12.017256,170.57782,-0.22821076,-3.7636957,37.94864
39.67,12.015277,170.54527,-0.22915217,-3.7789097,37.94037
39.68,12.013295,170.5126,-0.23009662,-3.7941723,37.9321
39.69,12.011307,170.47987,-0.23104344,-3.8094625,37.923798
39.7,12.009312,170.4471,-0.2319935,-3.8248034,37.91547
39.71,12.00731,170.41418,-0.2329456,-3.8401723,37.907127
39.72,12.005303,170.38123,-0.23390113,-3.8555937,37.898766
39.73,12.003294,170.34814,-0.23485929,-3.87105,37.890373
39.74,12.001271,170.31494,-0.2358204,-3.8865528,37.88197
39.75,11.999245,170.28168,-0.23678392,-3.9020905,37.87353
39.76,11.997211,170.24835,-0.2377503,-3.917664,37.865078
39.77,11.995173,170.21494,-0.23871998,-3.9332829,37.856606
39.78,11.993127,170.18138,-0.23969217,-3.9489436,37.848087
39.79,11.9910755,170.1478,-0.24066739,-3.9646492,37.839577
39.8,11.989017,170.11409,-0.2416452,-3.9803886,37.831028
39.81,11.986953,170.08025,-0.24262603,-3.9961739,37.822464
39.82,11.984881,170.04643,-0.24360932,-4.011991,37.81387
39.83,11.982804,170.01244,-0.24459584,-4.0278583,37.80526
39.84,11.9807205,169.97835,-0.24558468,-4.0437527,37.79664
39.85,11.978635,169.9442,-0.24657674,-4.0596967,37.78797
39.86,11.976541,169.90996,-0.24757208,-4.075686,37.779297
39.87,11.974435,169.87564,-0.24856944,-4.0917068,37.7706
39.88,11.972325,169.84119,-0.2495703,-4.107777,37.761864
39.89,11.97021,169.80667,-0.25057358,-4.1238785,37.753128
39.9,11.968087,169.77208,-0.25158003,-4.1400304,37.74436
39.91,11.965964,169.73735,-0.25258863,-4.1562104,37.73557
39.92,11.96383,169.70265,-0.25360096,-4.1724377,37.726757
39.93,11.961687,169.66772,-0.25461593,-4.1887093,37.717926
39.94,11.95954,169.6328,-0.25563344,-4.2050138,37.709064
39.95,11.957386,169.59772,-0.25665432,-4.2213655,37.700184
39.96,11.955226,169.56256,-0.2576774,-4.237754,37.691288
39.97,11.953062,169.52736,-0.25870386,-4.254183,37.682358
39.98,11.95089,169.492,-0.25973308,-4.2706513,37.673412
39.99,11.9487095,169.45657,-0.26076546,-4.28717,37.66446
40.0,11.946522,169.42113,-0.2618002,-4.3037176,37.655453
40.01,11.94433,169.38553,-0.26283774,-4.320303,37.64645
40.02,11.942131,169.34984,-0.2638787,-4.3369417,37.637405
40.03,11.93993,169.31406,-0.26492217,-4.353611,37.62836
40.04,11.937716,169.27818,-0.26596895,-4.370326,37.61927
40.05,11.935498,169.24223,-0.26701814,-4.3870797,37.61017
40.06,11.933271,169.20622,-0.26807043,-4.4038734,37.601044
40.07,11.931045,169.17012,-0.2691255,-4.420704,37.591904
40.08,11.928806,169.13383,-0.27018353,-4.4375796,37.58275
40.09,11.926559,169.09755,-0.27124456,-4.454497,37.573547
40.1,11.924313,169.06114,-0.27230823,-4.471445,37.564335
40.11,11.922052,169.02466,-0.2733752,-4.4884496,37.555107
40.12,11.919787,168.98808,-0.2744448,-4.505485,37.545845
40.13,11.917521,168.95139,-0.27551728,-4.522566,37.536556
40.14,11.915246,168.91464,-0.27659264,-4.539677,37.527252
40.15,11.91296,168.87778,-0.2776714,-4.5568385,37.51794
40.16,11.910671,168.84082,-0.2787525,-4.5740337,37.50859
40.17,11.908374,168.8038,-0.27983627,-4.59127,37.49923
40.18,11.9060755,168.7667,-0.28092372,-4.608546,37.489834
40.19,11.903765,168.72948,-0.28201362,-4.6258645,37.480423
40.2,11.901446,168.69218,-0.28310677,-4.643232,37.470993
40.21,11.89913,168.6548,-0.28420237,-4.660625,37.46152
40.22,11.896795,168.6173,-0.28530148,-4.678072,37.45204
40.23,11.894459,168.57973,-0.28640276,-4.695548,37.442554
40.24,11.892117,168.5421,-0.28750765,-4.7130675,37.433025
40.25,11.889769,168.50429,-0.28861523,-4.730628,37.423473
40.26,11.887417,168.46648,-0.28972548,-4.74823,37.413906
40.27,11.885052,168.42856,-0.2908392,-4.7658706,37.404312
40.28,11.882681,168.39053,-0.29195508,-4.7835474,37.39471
40.29,11.880312,168.35242,-0.29307443,-4.801269,37.38507
40.3,11.877929,168.31421,-0.2941969,-4.8190355,37.375416
40.31,11.87554,168.27592,-0.29532197,-4.8368382,37.365734
40.32,11.873146,168.23758,-0.29644996,-4.8546762,37.356037
40.33,11.870742,168.1991,-0.29758102,-4.872561,37.346317
40.34,11.868339,168.16054,-0.29871467,-4.8904786,37.336563
40.35,11.865922,168.12186,-0.29985166,-4.908433,37.326794
40.36,11.8635,168.08316,-0.3009914,-4.9264464,37.31701
40.37,11.8610735,168.04433,-0.30213404,-4.94448,37.307198
40.38,11.858637,168.00539,-0.3032802,-4.9625683,37.297356
40.39,11.856195,167.96638,-0.30442867,-4.9806867,37.287514
40.4,11.853748,167.92726,-0.30558038,-4.9988484,37.277637
40.41,11.851297,167.88812,-0.30673483,-5.017051,37.267742
40.42,11.848833,167.84883,-0.30789185,-5.035291,37.257816
40.43,11.846367,167.80943,-0.30905288,-5.0535727,37.247868
40.44,11.843893,167.76997,-0.3102161,-5.0718913,37.237923
40.45,11.841413,167.73041,-0.31138235,-5.090255,37.227924
40.46,11.838923,167.6908,-0.31255174,-5.1086545,37.217922
40.47,11.836429,167.65105,-0.31372368,-5.127101,37.207882
40.48,11.833929,167.61125,-0.31489918,-5.145577,37.19783
40.49,11.831421,167.57133,-0.3160773,-5.164105,37.18776
40.5,11.828908,167.5314,-0.31725806,-5.182657,37.17767
40.51,11.826387,167.49129,-0.31844208,-5.2012534,37.167538
40.52,11.823862,167.4511,-0.3196294,-5.2198973,37.1574
40.53,11.821329,167.41083,-0.32081923,-5.238574,37.14724
40.54,11.81879,167.37051,-0.32201242,-5.2572927,37.137047
40.55,11.81624,167.33006,-0.32320797,-5.276048,37.12685
40.56,11.813686,167.28957,-0.32440728,-5.294853,37.116623
40.57,11.811127,167.24892,-0.32560876,-5.313685,37.106373
40.58,11.80856,167.2082,-0.3268138,-5.332564,37.096104
40.59,11.805986,167.1674,-0.32802126,-5.3514824,37.085804
40.6,11.803406,167.12656,-0.32923177,-5.3704333,37.075493
40.61,11.800818,167.08557,-0.33044565,-5.389428,37.06516
40.62,11.798224,167.04448,-0.33166212,-5.4084616,37.054806
40.63,11.795625,167.00334,-0.33288154,-5.427537,37.044407
40.64,11.793021,166.96213,-0.33410403,-5.4466443,37.03402
40.65,11.790406,166.92075,-0.3353303,-5.4658036,37.023594
40.66,11.787784,166.87936,-0.33655816,-5.4849887,37.01315
40.67,11.785161,166.83786,-0.33778924,-5.504218,37.002678
40.68,11.782524,166.79626,-0.33902407,-5.523494,36.99219
40.69,11.779882,166.75458,-0.34026104,-5.5428,36.981693
40.7,11.777237,166.71281,-0.3415017,-5.562148,36.97115
40.71,11.774585,166.67096,-0.34274474,-5.581536,36.9606
40.72,11.771923,166.62901,-0.34399137,-5.6009665,36.950016
40.73,11.769258,166.58696,-0.34524,-5.6204257,36.93943
40.74,11.766584,166.54482,-0.34649253,-5.6399336,36.928818
40.75,11.763901,166.50262,-0.34774736,-5.659471,36.918167
40.76,11.761216,166.46034,-0.34900555,-5.679056,36.907513
40.77,11.758524,166.41791,-0.3502669,-5.6986833,36.89682
40.78,11.755821,166.37544,-0.35153052,-5.718334,36.886124
40.79,11.753116,166.33287,-0.35279778,-5.7380342,36.875397
40.8,11.750405,166.29019,-0.3540678,-5.7577744,36.86466
40.81,11.747678,166.24753,-0.35534075,-5.777555,36.853886
40.82,11.744957,166.20465,-0.35661668,-5.797369,36.8431
40.83,11.742225,166.16173,-0.35789558,-5.817223,36.832287
40.84,11.739482,166.11877,-0.35917696,-5.837113,36.821465
40.85,11.736736,166.07571,-0.36046174,-5.85704,36.810616
40.86,11.733982,166.03247,-0.36174953,-5.8770103,36.79972
40.87,11.731225,165.98918,-0.36304003,-5.8970194,36.788834
40.88,11.728456,165.94585,-0.36433402,-5.917065,36.777912
40.89,11.725684,165.9024,-0.36563042,-5.937152,36.76698
40.9,11.722903,165.85889,-0.36693022,-5.9572773,36.75602
40.91,11.720117,165.81529,-0.36823237,-5.9774356,36.74504
40.92,11.717325,165.77159,-0.36953825,-5.997643,36.734035
40.93,11.714524,165.72777,-0.3708466,-6.0178804,36.723015
40.94,11.711719,165.68387,-0.37215745,-6.038146,36.71197
40.95,11.708905,165.63994,-0.3734723,-6.0584655,36.70091
40.96,11.706086,165.5959,-0.3747896,-6.0788183,36.68982
40.97,11.703259,165.55173,-0.37610957,-6.0992126,36.67872
40.98,11.700425,165.5075,-0.37743276,-6.1196404,36.66758
40.99,11.697585,165.46323,-0.37875938,-6.14011,36.656433
41.0,11.694739,165.41881,-0.38008845,-6.1606092,36.645256
41.01,11.691887,165.3743,-0.38142002,-6.181152,36.634075
41.02,11.689029,165.32977,-0.38275573,-6.2017374,36.622856
41.03,11.686161,165.28511,-0.3840933,-6.222352,36.61163
41.04,11.683289,165.24037,-0.38543394,-6.2430053,36.600372
41.05,11.6804085,165.19553,-0.38677797,-6.2637033,36.589104
41.06,11.677523,165.15063,-0.38812524,-6.2844396,36.5778
41.07,11.674633,165.10562,-0.38947493,-6.3052053,36.566494
41.08,11.671734,165.06053,-0.39082766,-6.3260155,36.55515
41.09,11.668828,165.01537,-0.39218318,-6.3468575,36.5438
41.1,11.665918,164.97014,-0.3935416,-6.367737,36.53242
41.11,11.662996,164.92474,-0.39490342,-6.3886633,36.521023
41.12,11.66007,164.87936,-0.3962675,-6.4096155,36.5096
41.13,11.65714,164.83382,-0.39763546,-6.430618,36.498154
41.14,11.6542015,164.78821,-0.3990059,-6.4516454,36.486687
41.15,11.651257,164.74255,-0.40037918,-6.472718,36.475212
41.16,11.648307,164.69678,-0.40175474,-6.493818,36.463722
41.17,11.645349,164.65092,-0.4031342,-6.5149603,36.452194
41.18,11.642382,164.60498,-0.40451697,-6.5361495,36.44064
41.19,11.639409,164.55896,-0.40590134,-6.557366,36.42909
41.2,11.636431,164.5128,-0.40728965,-6.578621,36.417496
41.21,11.633447,164.46664,-0.40868038,-6.5999117,36.4059
41.22,11.630456,164.42035,-0.41007465,-6.621243,36.394268
41.23,11.627461,164.37404,-0.411471,-6.642607,36.382637
41.24,11.624457,164.32756,-0.41287094,-6.664015,36.37096
41.25,11.621444,164.28107,-0.41427335,-6.6854477,36.359272
41.26,11.618431,164.23447,-0.41567835,-6.706923,36.347572
41.27,11.615402,164.18774,-0.41708744,-6.728438,36.335842
41.28,11.612373,164.14091,-0.4184987,-6.7499895,36.324097
41.29,11.609338,164.09407,-0.41991296,-6.771572,36.31234
41.3,11.606295,164.04715,-0.42133027,-6.7931995,36.30055
41.31,11.603243,164.00008,-0.4227504,-6.814856,36.288734
41.32,11.600185,163.95296,-0.42417356,-6.836557,36.276917
41.33,11.597124,163.90579,-0.4255996,-6.85829,36.265064
41.34,11.594053,163.85847,-0.42702833,-6.880056,36.253197
41.35,11.59098,163.81111,-0.42845973,-6.901861,36.241314
41.36,11.587898,163.76364,-0.42989412,-6.923695,36.229397
41.37,11.58481,163.71611,-0.43133223,-6.9455757,36.21747
41.38,11.581715,163.6685,-0.43277293,-6.9674945,36.205524
41.39,11.578616,163.6208,-0.43421608,-6.989443,36.193554
41.4,11.575505,163.57298,-0.4356627,-7.0114355,36.181564
41.41,11.572389,163.52518,-0.4371115,-7.0334473,36.16956
41.42,11.569268,163.47725,-0.43856332,-7.055504,36.15753
41.43,11.56614,163.42918,-0.4400186,-7.0776033,36.14549
41.44,11.563009,163.38109,-0.44147637,-7.0997295,36.133423
41.45,11.559866,163.33284,-0.44293705,-7.1218934,36.121338
41.46,11.556719,163.28462,-0.4444002,-7.144093,36.10923
41.47,11.553564,163.23628,-0.44586703,-7.166335,36.0971
41.48,11.550407,163.18782,-0.44733632,-7.1886024,36.084953
41.49,11.54724,163.13928,-0.44880885,-7.2109146,36.07279
41.5,11.5440645,163.09071,-0.4502839,-7.23326,36.060608
41.51,11.540892,163.04198,-0.45176125,-7.255624,36.04841
41.52,11.537703,162.9932,-0.4532425,-7.278043,36.03618
41.53,11.534513,162.94438,-0.45472637,-7.3004904,36.02393
41.54,11.531315,162.89543,-0.45621294,-7.3229814,36.011673
41.55,11.52811,162.84645,-0.4577021,-7.345493,35.999393
41.56,11.5249,162.79735,-0.4591946,-7.3680515,35.987095
41.57,11.521684,162.74817,-0.46068934,-7.3906355,35.974785
41.58,11.518457,162.69888,-0.46218807,-7.4132686,35.962437
41.59,11.515228,162.64957,-0.4636888,-7.4359217,35.950077
41.6,11.511994,162.60014,-0.46519223,-7.4586205,35.937695
41.61,11.50875,162.55074,-0.46669874,-7.4813433,35.925304
41.62,11.505502,162.5011,-0.468208,-7.5041037,35.91289
41.63,11.502245,162.45143,-0.46972045,-7.526909,35.90044
41.64,11.498984,162.4017,-0.47123545,-7.549736,35.888
41.65,11.495718,162.35188,-0.47275382,-7.572604,35.87551
41.66,11.492443,162.302,-0.47427458,-7.5955105,35.863037
41.67,11.489164,162.25201,-0.47579736,-7.618434,35.85052
41.68,11.485879,162.20197,-0.4773241,-7.641409,35.837986
41.69,11.482585,162.15184,-0.47885323,-7.6644135,35.825447
41.7,11.479284,162.10161,-0.48038605,-7.687455,35.812866
41.71,11.475979,162.05132,-0.4819206,-7.710531,35.80028
41.72,11.472667,162.00093,-0.48345846,-7.7336416,35.787678
41.73,11.469353,161.9505,-0.48499838,-7.7567797,35.77506
41.74,11.466024,161.89996,-0.48654246,-7.7799587,35.7624
41.75,11.462696,161.84938,-0.48808807,-7.8031626,35.749744
41.76,11.459357,161.79868,-0.48963705,-7.8264046,35.737076
41.77,11.456017,161.74788,-0.49118903,-7.8496847,35.724358
41.78,11.452668,161.69708,-0.4927428,-7.8729906,35.71165
41.79,11.449313,161.64615,-0.49430117,-7.896346,35.69891
41.8,11.44595,161.59512,-0.49586067,-7.919713,35.68615
41.81,11.442585,161.54407,-0.49742386,-7.9431267,35.67337
41.82,11.43921,161.49294,-0.4989896,-7.9665737,35.660587
41.83,11.435831,161.4417,-0.5005581,-7.9900494,35.64778
41.84,11.432444,161.3904,-0.50212896,-8.013564,35.63495
41.85,11.429054,161.33897,-0.5037027,-8.0371,35.6221
41.86,11.425653,161.28755,-0.5052802,-8.060688,35.609238
41.87,11.422253,161.23605,-0.50686,-8.084299,35.59635
41.88,11.418842,161.18439,-0.5084421,-8.107944,35.58345
41.89,11.415421,161.13272,-0.510027,-8.131617,35.570526
41.9,11.411996,161.08096,-0.5116157,-8.155335,35.557594
41.91,11.408566,161.02907,-0.513206,-8.179078,35.544624
41.92,11.405134,160.97717,-0.5147989,-8.20284,35.531666
41.93,11.401692,160.92517,-0.51639515,-8.226659,35.518673
41.94,11.398245,160.87314,-0.5179939,-8.250493,35.505665
41.95,11.3947935,160.82094,-0.51959556,-8.274367,35.49263
41.96,11.391337,160.76872,-0.5212002,-8.298275,35.479595
41.97,11.38787,160.7164,-0.5228076,-8.322219,35.46652
41.98,11.384397,160.66408,-0.5244171,-8.346185,35.453438
41.99,11.38092,160.61157,-0.5260302,-8.370199,35.440334
42.0,11.377436,160.55907,-0.5276453,-8.394226,35.427223
42.01,11.373947,160.50648,-0.5292626,-8.418291,35.41409
42.02,11.370454,160.4538,-0.53088415,-8.442398,35.400936
42.03,11.366951,160.40106,-0.53250736,-8.466525,35.387768
42.04,11.363445,160.3482,-0.5341332,-8.490691,35.37458
42.05,11.35993,160.29533,-0.53576225,-8.514882,35.361374
42.06,11.356412,160.24237,-0.53739405,-8.53912,35.348145
42.07,11.352889,160.18927,-0.5390281,-8.563377,35.334904
42.08,11.349357,160.13615,-0.5406655,-8.587673,35.32165
42.09,11.3458185,160.08296,-0.54230475,-8.611992,35.308376
42.1,11.342276,160.02971,-0.5439472,-8.636341,35.295086
42.11,11.338724,159.97636,-0.5455922,-8.6607275,35.28177
42.12,11.335172,159.92297,-0.54723984,-8.685144,35.26844
42.13,11.33161,159.86946,-0.54889023,-8.709595,35.255096
42.14,11.328044,159.81587,-0.5505432,-8.734078,35.241734
42.15,11.3244705,159.76228,-0.5521996,-8.758592,35.22835
42.16,11.320899,159.70856,-0.55385745,-8.783133,35.21497
42.17,11.317311,159.6548,-0.55551845,-8.807701,35.201553
42.18,11.313717,159.60092,-0.55718243,-8.832314,35.188114
42.19,11.310126,159.54701,-0.5588487,-8.856944,35.174667
42.2,11.306521,159.49298,-0.560518,-8.881613,35.16121
42.21,11.302919,159.439,-0.562189,-8.906302,35.147728
42.22,11.299305,159.38481,-0.5638638,-8.931042,35.134224
42.23,11.295685,159.3306,-0.56554055,-8.955795,35.120716
42.24,11.292059,159.2763,-0.56722057,-8.98059,35.107178
42.25,11.288432,159.22194,-0.56890243,-9.005407,35.093636
42.26,11.284792,159.16754,-0.57058734,-9.030249,35.080063
42.27,11.281152,159.11304,-0.5722751,-9.055137,35.066483
42.28,11.277505,159.05843,-0.57396483,-9.080043,35.05289
42.29,11.27385,159.00383,-0.5756582,-9.10499,35.03927
42.3,11.270193,158.94913,-0.5773528,-9.1299515,35.025654
42.31,11.266529,158.89433,-0.57905143,-9.15496,35.011986
42.32,11.2628565,158.83951,-0.58075154,-9.17999,34.998333
42.33,11.259179,158.78459,-0.58245486,-9.205052,34.984646
42.34,11.255498,158.72957,-0.5841605,-9.230145,34.97096
42.35,11.251809,158.6745,-0.58586836,-9.255256,34.957245
42.36,11.2481165,158.61932,-0.5875794,-9.280412,34.94352
42.37,11.24442,158.56422,-0.58929265,-9.305585,34.929775
42.38,11.240717,158.5089,-0.59100884,-9.330798,34.916008
42.39,11.237004,158.45357,-0.5927274,-9.356034,34.902233
42.4,11.233289,158.39816,-0.59444886,-9.381309,34.888435
42.41,11.229569,158.3427,-0.5961724,-9.406608,34.874626
42.42,11.225844,158.28719,-0.5978985,-9.43192,34.8608
42.43,11.222113,158.23154,-0.5996274,-9.457274,34.846954
42.44,11.21837,158.17586,-0.6013585,-9.48266,34.8331
42.45,11.214626,158.12015,-0.60309315,-9.508081,34.81921
42.46,11.210881,158.06429,-0.60482925,-9.533519,34.805332
42.47,11.207126,158.00844,-0.6065681,-9.558994,34.791428
42.48,11.203369,157.95245,-0.6083094,-9.584491,34.777504
42.49,11.1996,157.89648,-0.6100539,-9.6100235,34.763565
42.5,11.195833,157.84038,-0.6118001,-9.635575,34.749622
42.51,11.192056,157.78423,-0.6135492,-9.661165,34.735657
42.52,11.18827,157.72798,-0.61530095,-9.686779,34.721676
42.53,11.1844845,157.67169,-0.6170551,-9.712419,34.70767
42.54,11.180689,157.6153,-0.61881256,-9.738096,34.693653
42.55,11.176898,157.5589,-0.6205708,-9.76379,34.67963
42.56,11.173093,157.50244,-0.6223327,-9.789522,34.665577
42.57,11.169282,157.44589,-0.62409675,-9.815276,34.651535
42.58,11.165467,157.38925,-0.6258637,-9.841063,34.637436
42.59,11.161649,157.33264,-0.62763214,-9.86687,34.623352
42.6,11.1578245,157.27583,-0.62940395,-9.892706,34.60924
42.61,11.153991,157.21901,-0.63117856,-9.918581,34.595116
42.62,11.150156,157.16216,-0.6329543,-9.944472,34.580982
42.63,11.146315,157.10518,-0.6347336,-9.970397,34.566822
42.64,11.142475,157.04816,-0.6365146,-9.996341,34.55267
42.65,11.13862,156.9911,-0.63829875,-10.022321,34.538486
42.66,11.134762,156.93396,-0.6400852,-10.048331,34.524284
42.67,11.130902,156.87675,-0.64187366,-10.074356,34.510082
42.68,11.127034,156.8195,-0.6436649,-10.100414,34.49585
42.69,11.123163,156.76218,-0.64545834,-10.126499,34.48161
42.7,11.119284,156.70473,-0.6472547,-10.152621,34.467342
42.71,11.115401,156.64731,-0.6490529,-10.178759,34.453083
42.72,11.111513,156.58972,-0.6508541,-10.204927,34.438793
42.73,11.10762,156.5322,-0.65265703,-10.231114,34.42449
42.74,11.103723,156.4745,-0.654463,-10.257341,34.410175
42.75,11.099816,156.41684,-0.6562706,-10.283583,34.39585
42.76,11.09591,156.35902,-0.6580813,-10.309854,34.381504
42.77,11.091994,156.3012,-0.65989447,-10.33616,34.36715
42.78,11.088076,156.24333,-0.66170937,-10.36248,34.352776
42.79,11.084152,156.18535,-0.6635274,-10.388839,34.338383
42.8,11.080223,156.12729,-0.6653476,-10.415222,34.323986
42.81,11.07629,156.06923,-0.6671699,-10.441631,34.30956
42.82,11.07235,156.01105,-0.6689946,-10.4680605,34.295135
42.83,11.068405,155.95287,-0.67082196,-10.494519,34.280697
42.84,11.064451,155.89458,-0.672651,-10.521,34.266243
42.85,11.060499,155.83627,-0.67448276,-10.547508,34.251774
42.86,11.05654,155.77782,-0.6763175,-10.574049,34.23728
42.87,11.052579,155.71939,-0.6781536,-10.600601,34.222786
42.88,11.048604,155.66086,-0.67999315,-10.627196,34.208256
42.89,11.044628,155.60228,-0.6818339,-10.653802,34.193737
42.9,11.040649,155.54366,-0.68367803,-10.680445,34.1792
42.91,11.036666,155.48497,-0.6855232,-10.707105,34.164642
42.92,11.032676,155.42624,-0.6873711,-10.733785,34.150074
42.93,11.028681,155.36734,-0.68922216,-10.7605095,34.13549
42.94,11.024682,155.30853,-0.69107455,-10.787243,34.12089
42.95,11.020677,155.24954,-0.6929304,-10.814022,34.106274
42.96,11.016669,155.19058,-0.69478774,-10.840801,34.091652
42.97,11.0126505,155.1315,-0.6966475,-10.867621,34.077023
42.98,11.008635,155.07236,-0.6985095,-10.894458,34.06237
42.99,11.004611,155.01317,-0.7003741,-10.921324,34.047703
43.0,11.000585,154.95401,-0.7022396,-10.948203,34.033024
43.01,10.996548,154.8947,-0.704109,-10.975115,34.01834
43.02,10.992509,154.83533,-0.70598024,-11.002066,34.003624
43.03,10.98847,154.77597,-0.707853,-11.029018,33.98892
43.04,10.984416,154.71646,-0.7097295,-11.056014,33.974182
43.05,10.980364,154.65697,-0.71160674,-11.083011,33.95944
43.06,10.976311,154.59734,-0.71348774,-11.110059,33.944675
43.07,10.972247,154.53773,-0.71536976,-11.137113,33.929913
43.08,10.968178,154.478,-0.7172546,-11.164199,33.915123
43.09,10.964109,154.41826,-0.71914184,-11.191314,33.900326
43.1,10.960034,154.35849,-0.72103,-11.2184305,33.88553
43.11,10.955952,154.29861,-0.72292113,-11.245585,33.8707
43.12,10.951865,154.23868,-0.7248146,-11.272764,33.855865
43.13,10.947773,154.17867,-0.7267109,-11.299972,33.841015
43.14,10.943682,154.11865,-0.72860825,-11.327195,33.82616
43.15,10.939578,154.05856,-0.730509,-11.354447,33.81128
43.16,10.935475,153.99844,-0.73241115,-11.38172,33.7964
43.17,10.931368,153.9382,-0.7343153,-11.409008,33.78151
43.18,10.92725,153.87794,-0.7362227,-11.436335,33.766586
43.19,10.923138,153.81769,-0.73813057,-11.463661,33.751667
43.2,10.91901,153.7573,-0.7400423,-11.491034,33.736732
43.21,10.914887,153.69685,-0.7419551,-11.518423,33.721786
43.22,10.910752,153.63638,-0.74387074,-11.545843,33.70682
43.23,10.906614,153.57588,-0.7457877,-11.57326,33.69185
43.24,10.902476,153.51523,-0.7477082,-11.600728,33.67687
43.25,10.898333,153.4546,-0.749629,-11.628194,33.661877
43.26,10.894183,153.39394,-0.75155276,-11.655698,33.646862
43.27,10.890026,153.33319,-0.75347984,-11.683233,33.63184
43.28,10.885866,153.27242,-0.75540763,-11.710773,33.616814
43.29,10.881704,153.2115,-0.7573386,-11.738345,33.60176
43.3,10.877538,153.1506,-0.7592707,-11.765934,33.5867
43.31,10.873363,153.08966,-0.7612052,-11.79355,33.571632
43.32,10.869187,153.02864,-0.7631416,-11.821186,33.556553
43.33,10.865007,152.96754,-0.7650809,-11.84885,33.541462
43.34,10.860821,152.90645,-0.7670216,-11.876526,33.52636
43.35,10.856633,152.84528,-0.768964,-11.904217,33.511253
43.36,10.852437,152.78404,-0.77090985,-11.931947,33.49612
43.37,10.848241,152.72276,-0.77285683,-11.959692,33.480976
43.38,10.844032,152.66145,-0.77480584,-11.987458,33.465824
43.39,10.83983,152.60008,-0.7767575,-12.015245,33.45066
43.4,10.835619,152.53859,-0.77871114,-12.043064,33.435486
43.41,10.831404,152.47713,-0.78066605,-12.070886,33.420303
43.42,10.827187,152.41566,-0.782623,-12.098733,33.405113
43.43,10.82296,152.35402,-0.7845833,-12.12661,33.3899
43.44,10.818731,152.29242,-0.78654397,-12.154495,33.374687
43.45,10.814501,152.23068,-0.7885085,-12.182422,33.35945
43.46,10.810265,152.16895,-0.7904738,-12.210362,33.3442
43.47,10.80602,152.10718,-0.79244184,-12.238319,33.328945
43.48,10.801776,152.04535,-0.79441106,-12.266294,33.313686
43.49,10.797526,151.98343,-0.7963832,-12.294297,33.298405
43.5,10.793272,151.92154,-0.7983558,-12.322304,33.283127
43.51,10.789014,151.85953,-0.80033225,-12.350346,33.267826
43.52,10.784754,151.79745,-0.80230993,-12.378413,33.25252
43.53,10.780489,151.73538,-0.8042895,-12.406495,33.23719
43.54,10.776219,151.67323,-0.80627114,-12.434596,33.22187
43.55,10.771946,151.61108,-0.80825484,-12.46271,33.206528
43.56,10.767664,151.54886,-0.8102411,-12.490866,33.191177
43.57,10.763384,151.48657,-0.8122279,-12.519022,33.175816
43.58,10.759098,151.42426,-0.81421787,-12.547202,33.16044
43.59,10.754806,151.3619,-0.8162092,-12.575401,33.145058
43.6,10.750512,151.2995,-0.81820285,-12.603625,33.12966
43.61,10.746216,151.23698,-0.82019913,-12.631872,33.114258
43.62,10.741913,151.17448,-0.8221953,-12.660126,33.09884
43.63,10.737609,151.11191,-0.824195,-12.688407,33.083412
43.64,10.733299,151.04929,-0.8261959,-12.7167015,33.06799
43.65,10.728981,150.98666,-0.82820004,-12.74503,33.052525
43.66,10.724664,150.92392,-0.83020496,-12.773373,33.037075
43.67,10.720343,150.8612,-0.8322109,-12.801717,33.021618
43.68,10.716019,150.79842,-0.8342208,-12.830102,33.006134
43.69,10.711692,150.73553,-0.8362311,-12.858486,32.990646
43.7,10.707356,150.6726,-0.8382447,-12.886908,32.975147
43.71,10.703019,150.60974,-0.84025836,-12.915334,32.959652
43.72,10.698679,150.5467,-0.8422757,-12.943796,32.944126
43.73,10.69433,150.48375,-0.8442936,-12.972268,32.9286
43.74,10.689983,150.42064,-0.8463143,-13.000761,32.913063
43.75,10.685629,150.35753,-0.84833646,-13.029269,32.89752
43.76,10.681274,150.29436,-0.8503598,-13.057787,32.881966
43.77,10.676913,150.23117,-0.85238636,-13.086338,32.86639
43.78,10.672546,150.1679,-0.854414,-13.114912,32.85081
43.79,10.6681795,150.10463,-0.8564437,-13.143492,32.835236
43.8,10.663811,150.0413,-0.85847425,-13.172082,32.819645
43.81,10.659431,149.97787,-0.8605091,-13.200717,32.804035
43.82,10.655056,149.91444,-0.8625435,-13.229344,32.788414
43.83,10.650672,149.851,-0.86458087,-13.258,32.772793
43.84,10.646289,149.78745,-0.8666188,-13.286668,32.757164
43.85,10.641899,149.72392,-0.86865926,-13.315358,32.741516
43.86,10.637504,149.66032,-0.870702,-13.344079,32.725872
43.87,10.633108,149.59666,-0.87274593,-13.372793,32.7102
43.88,10.628706,149.53297,-0.87479234,-13.401541,32.69453
43.89,10.624302,149.4693,-0.8768397,-13.430303,32.678856
43.9,10.619894,149.40549,-0.8788888,-13.459075,32.663166
43.91,10.615482,149.34167,-0.88094026,-13.487875,32.647472
43.92,10.611068,149.27785,-0.8829932,-13.516683,32.63176
43.93,10.606649,149.21391,-0.8850484,-13.545518,32.616047
43.94,10.60223,149.15001,-0.887105,-13.57436,32.600323
43.95,10.597802,149.08604,-0.8891636,-13.603228,32.58459
43.96,10.593374,149.02203,-0.8912233,-13.632105,32.568848
43.97,10.588943,148.95793,-0.89328563,-13.661011,32.5531
43.98,10.584505,148.89384,-0.89534974,-13.689919,32.537334
43.99,10.580067,148.82968,-0.89741516,-13.718861,32.52156
44.0,10.575622,148.7655,-0.8994816,-13.747793,32.505787
44.01,10.571174,148.70132,-0.9015505,-13.776769,32.49001
44.02,10.566723,148.63704,-0.9036219,-13.805753,32.47421
44.03,10.562273,148.57275,-0.90569377,-13.834746,32.458405
44.04,10.5578165,148.50839,-0.9077679,-13.863761,32.44259
44.05,10.553355,148.44398,-0.9098434,-13.892794,32.42677
44.06,10.548892,148.37956,-0.91192096,-13.921833,32.410934
44.07,10.544428,148.31511,-0.9140001,-13.950903,32.395103
44.08,10.539953,148.2506,-0.9160814,-13.97999,32.379253
44.09,10.535482,148.1861,-0.918163,-14.009066,32.36341
44.1,10.531006,148.12148,-0.9202471,-14.03818,32.34754
44.11,10.526523,148.05687,-0.9223338,-14.067314,32.331676
44.12,10.522043,147.99219,-0.9244207,-14.096445,32.315796
44.13,10.517555,147.92757,-0.9265098,-14.125607,32.29991
44.14,10.513065,147.86278,-0.9286005,-14.154773,32.28402
44.15,10.508573,147.79803,-0.9306934,-14.183969,32.268112
44.16,10.504078,147.73323,-0.9327869,-14.213168,32.252205
44.17,10.499579,147.66837,-0.9348827,-14.242376,32.23629
44.18,10.495073,147.60349,-0.93698007,-14.27162,32.22036
44.19,10.490568,147.53864,-0.9390788,-14.30086,32.204426
44.2,10.486057,147.4736,-0.9411804,-14.330144,32.188477
44.21,10.481549,147.40862,-0.94328165,-14.359411,32.17254
44.22,10.477032,147.34358,-0.94538677,-14.388714,32.156578
44.23,10.472514,147.27858,-0.9474907,-14.418003,32.140614
44.24,10.467992,147.21344,-0.94959813,-14.447335,32.124645
44.25,10.463465,147.14828,-0.9517072,-14.47668,32.10866
44.26,10.458943,147.08318,-0.95381665,-14.50602,32.092678
44.27,10.454407,147.01794,-0.9559286,-14.535386,32.076683
44.28,10.449876,146.95271,-0.95804185,-14.564766,32.060688
44.29,10.44534,146.8874,-0.9601571,-14.594162,32.044666
44.3,10.440801,146.82213,-0.9622733,-14.623577,32.028652
44.31,10.436256,146.75676,-0.96439224,-14.653006,32.012627
44.32,10.431711,146.69139,-0.96651095,-14.682442,31.996593
44.33,10.42716,146.62596,-0.96863264,-14.711894,31.980555
44.34,10.422609,146.56052,-0.97075415,-14.741349,31.964514
44.35,10.418057,146.49503,-0.9728783,-14.770824,31.94847
44.36,10.413499,146.4295,-0.97500443,-14.800323,31.932402
44.37,10.40894,146.36395,-0.9771315,-14.829832,31.916348
44.38,10.404374,146.29839,-0.9792616,-14.859366,31.90026
44.39,10.399811,146.23274,-0.9813908,-14.88888,31.884195
44.4,10.395236,146.1671,-0.98352313,-14.918439,31.868097
44.41,10.390664,146.1014,-0.98565596,-14.948001,31.852013
44.42,10.386092,146.03569,-0.98779106,-14.977568,31.835903
44.43,10.381514,145.96992,-0.9899275,-15.007161,31.819796
44.44,10.376933,145.90414,-0.9920644,-15.036756,31.803688
44.45,10.37235,145.83835,-0.9942048,-15.066379,31.787567
44.46,10.3677635,145.77248,-0.9963452,-15.096007,31.771439
44.47,10.363174,145.70659,-0.99848825,-15.125646,31.755302
44.48,10.3585825,145.6407,-1.0006309,-15.155291,31.73916
44.49,10.35399,145.57472,-1.0027766,-15.18497,31.723013
44.5,10.349391,145.50876,-1.0049227,-15.214638,31.706861
44.51,10.34479,145.44272,-1.0070709,-15.244331,31.690706
44.52,10.340188,145.37674,-1.0092202,-15.274033,31.674538
44.53,10.335582,145.31065,-1.0113714,-15.303751,31.658375
44.54,10.330977,145.24457,-1.013524,-15.3334875,31.642193
44.55,10.3263645,145.17838,-1.0156773,-15.363222,31.626009
44.56,10.32175,145.11226,-1.017833,-15.392978,31.60981
44.57,10.317135,145.04604,-1.019989,-15.422733,31.59363
44.58,10.312514,144.9798,-1.0221479,-15.452529,31.577414
44.59,10.307893,144.91359,-1.0243068,-15.4823065,31.561209
44.6,10.303268,144.84727,-1.0264678,-15.512103,31.545
44.61,10.298643,144.78098,-1.0286298,-15.541919,31.528774
44.62,10.294016,144.71465,-1.0307938,-15.571744,31.512552
44.63,10.289382,144.64824,-1.0329586,-15.601584,31.496313
44.64,10.284747,144.58186,-1.0351247,-15.631425,31.480085
44.65,10.280108,144.51544,-1.0372933,-15.6613,31.463837
44.66,10.275471,144.44897,-1.0394615,-15.691155,31.447584
44.67,10.27083,144.38248,-1.0416324,-15.721042,31.431337
44.68,10.266187,144.31598,-1.0438039,-15.750939,31.415068
44.69,10.2615385,144.24942,-1.0459765,-15.780841,31.398808
44.7,10.256888,144.18286,-1.0481519,-15.810767,31.382528
44.71,10.252238,144.11629,-1.0503277,-15.840688,31.36626
44.72,10.247582,144.0496,-1.0525049,-15.870627,31.349977
44.73,10.242928,143.98296,-1.0546832,-15.900577,31.333689
44.74,10.238268,143.91629,-1.0568632,-15.930541,31.31739
44.75,10.2336035,143.8496,-1.0590448,-15.960523,31.301092
44.76,10.22894,143.78284,-1.0612266,-15.990497,31.284792
44.77,10.224276,143.7161,-1.0634104,-16.020481,31.268492
44.78,10.219607,143.64929,-1.0655953,-16.050486,31.252174
44.79,10.214934,143.5825,-1.0677822,-16.080511,31.23585
44.8,10.21026,143.51567,-1.0699693,-16.110521,31.219538
44.81,10.205587,143.4488,-1.0721587,-16.140566,31.2032
44.82,10.200908,143.38188,-1.0743488,-16.170595,31.186861
44.83,10.196228,143.31494,-1.0765399,-16.200666,31.170523
44.84,10.191545,143.248,-1.0787328,-16.230732,31.154171
44.85,10.18686,143.18105,-1.0809268,-16.2608,31.137827
44.86,10.182172,143.11404,-1.0831225,-16.290892,31.121473
44.87,10.177481,143.04703,-1.0853187,-16.320986,31.10512
44.88,10.172788,142.97995,-1.0875169,-16.351093,31.088749
44.89,10.168096,142.91287,-1.0897157,-16.381218,31.072384
44.9,10.163402,142.8458,-1.0919167,-16.411337,31.05601
44.91,10.158704,142.77869,-1.0941174,-16.441463,31.039627
44.92,10.154004,142.71156,-1.0963191,-16.471596,31.023264
44.93,10.1493025,142.64438,-1.0985242,-16.50177,31.00686
44.94,10.144596,142.57716,-1.1007288,-16.531921,30.990482
44.95,10.139887,142.50996,-1.1029353,-16.562098,30.97408
44.96,10.135179,142.44267,-1.1051427,-16.59228,30.957685
44.97,10.1304655,142.37538,-1.1073523,-16.622484,30.941261
44.98,10.125753,142.30815,-1.1095619,-16.652676,30.924866
44.99,10.121036,142.24081,-1.1117733,-16.682894,30.90845
45.0,10.11632,142.1735,-1.1139853,-16.71311,30.892033
45.01,10.1116,142.10616,-1.1161981,-16.743326,30.875614
45.02,10.10688,142.03874,-1.1184133,-16.773573,30.85919
45.03,10.102158,141.97136,-1.1206286,-16.803804,30.842754
45.04,10.09743,141.90393,-1.122847,-16.834076,30.826315
45.05,10.092704,141.8365,-1.1250639,-16.864326,30.809887
45.06,10.087973,141.769,-1.1272839,-16.894606,30.793447
45.07,10.083243,141.70154,-1.1295038,-16.924875,30.776999
45.08,10.078509,141.63397,-1.1317258,-16.955177,30.760536
45.09,10.073772,141.56648,-1.1339481,-16.985468,30.7441
45.1,10.069035,141.49892,-1.1361719,-17.015768,30.727636
45.11,10.064294,141.43134,-1.1383973,-17.046082,30.71117
45.12,10.059552,141.36374,-1.1406231,-17.076405,30.69471
45.13,10.054808,141.29608,-1.1428512,-17.106747,30.678236
45.14,10.050068,141.22849,-1.1450782,-17.137072,30.661762
45.15,10.045314,141.16077,-1.1473088,-17.167423,30.64528
45.16,10.040569,141.09314,-1.1495391,-17.197779,30.628803
45.17,10.035819,141.02545,-1.15177,-17.228134,30.612322
45.18,10.031064,140.95769,-1.1540028,-17.258509,30.595842
45.19,10.026308,140.88995,-1.1562364,-17.288881,30.57936
45.2,10.021552,140.82219,-1.158472,-17.319265,30.562853
45.21,10.016795,140.75441,-1.1607074,-17.349659,30.54636
45.22,10.012034,140.68661,-1.162945,-17.380064,30.52985
45.23,10.007274,140.6188,-1.1651827,-17.410465,30.513351
45.24,10.00251,140.55093,-1.1674217,-17.440872,30.49684
45.25,9.9977455,140.48306,-1.1696619,-17.4713,30.480337
45.26,9.992978,140.4152,-1.1719023,-17.501713,30.463829
45.27,9.98821,140.34729,-1.1741453,-17.532166,30.447302
45.28,9.983439,140.2794,-1.1763878,-17.562593,30.430788
45.29,9.978667,140.21146,-1.1786327,-17.593061,30.414253
45.3,9.973892,140.14351,-1.1808784,-17.623514,30.397732
45.31,9.969113,140.07552,-1.1831251,-17.653984,30.381197
45.32,9.964339,140.00754,-1.1853719,-17.684446,30.364676
45.33,9.959556,139.93956,-1.1876209,-17.714933,30.348127
45.34,9.954778,139.87152,-1.1898698,-17.745413,30.331593
45.35,9.949998,139.80353,-1.1921184,-17.775879,30.31506
45.36,9.945213,139.73544,-1.1943715,-17.806389,30.298513
45.37,9.940429,139.66737,-1.1966228,-17.836891,30.28197
45.38,9.935637,139.59924,-1.1988776,-17.867414,30.265417
45.39,9.930848,139.53114,-1.2011315,-17.897923,30.248863
45.4,9.926058,139.463,-1.2033871,-17.928453,30.23231
45.41,9.921268,139.39487,-1.205643,-17.958982,30.215752
45.42,9.916477,139.32674,-1.2078996,-17.98951,30.199198
45.43,9.911675,139.25856,-1.2101586,-18.020063,30.182621
45.44,9.906889,139.19038,-1.2124168,-18.050592,30.166077
45.45,9.902082,139.12213,-1.2146779,-18.081148,30.149504
45.46,9.897286,139.05392,-1.2169384,-18.1117,30.132933
45.47,9.892484,138.98566,-1.2192005,-18.14227,30.116356
45.48,9.887683,138.91743,-1.2214631,-18.172844,30.099787
45.49,9.882876,138.84914,-1.2237278,-18.203428,30.0832
45.5,9.87807,138.78084,-1.2259926,-18.234013,30.066618
45.51,9.873265,138.71259,-1.2282579,-18.264587,30.050037
45.52,9.868456,138.64427,-1.2305245,-18.295183,30.033464
45.53,9.8636465,138.57596,-1.2327918,-18.325779,30.01688
45.54,9.858831,138.5076,-1.2350597,-18.356388,30.000282
45.55,9.854023,138.43929,-1.2373288,-18.386984,29.983702
45.56,9.849206,138.37085,-1.2395998,-18.417614,29.967098
45.57,9.844392,138.30247,-1.2418708,-18.448223,29.950506
45.58,9.839574,138.23407,-1.2441435,-18.478851,29.933907
45.59,9.834753,138.16568,-1.2464156,-18.509478,29.917315
45.6,9.829939,138.09723,-1.248689,-18.5401,29.90072
45.61,9.825116,138.02876,-1.2509643,-18.570747,29.884113
45.62,9.820297,137.96036,-1.2532386,-18.601381,29.867514
45.63,9.815471,137.89186,-1.2555152,-18.632032,29.850903
45.64,9.810646,137.82343,-1.257793,-18.662697,29.8343
45.65,9.805819,137.75491,-1.2600712,-18.693352,29.817686
45.66,9.800992,137.68636,-1.2623497,-18.724022,29.801071
45.67,9.796163,137.61789,-1.2646286,-18.754671,29.784464
45.68,9.791332,137.54935,-1.2669095,-18.78535,29.76785
45.69,9.786501,137.48079,-1.269191,-18.816025,29.751234
45.7,9.78167,137.41226,-1.2714732,-18.84671,29.734617
45.71,9.776837,137.34369,-1.273756,-18.877386,29.718
45.72,9.772001,137.27509,-1.2760401,-18.908081,29.70138
45.73,9.767164,137.20653,-1.2783247,-18.93877,29.684753
45.74,9.762329,137.1379,-1.2806104,-18.96947,29.668125
45.75,9.75749,137.06929,-1.2828964,-19.00017,29.651512
45.76,9.75265,137.00067,-1.2851828,-19.030865,29.634884
45.77,9.74781,136.932,-1.2874709,-19.061579,29.618252
45.78,9.742967,136.86337,-1.2897598,-19.092304,29.601633
45.79,9.738128,136.79472,-1.2920488,-19.123007,29.584997
45.8,9.733281,136.72606,-1.294339,-19.15373,29.568369
45.81,9.728432,136.6574,-1.2966304,-19.184464,29.551727
45.82,9.72359,136.5887,-1.298922,-19.215187,29.535105
45.83,9.718741,136.51993,-1.3012146,-19.245913,29.518465
45.84,9.713894,136.45126,-1.3035074,-19.27665,29.501823
45.85,9.709047,136.38258,-1.3058001,-19.307371,29.485205
45.86,9.704194,136.31386,-1.3080953,-19.33812,29.46856
45.87,9.699344,136.24509,-1.3103907,-19.36886,29.451921
45.88,9.694491,136.17632,-1.3126875,-19.399616,29.435274
45.89,9.689638,136.10756,-1.3149835,-19.430357,29.418642
45.9,9.684783,136.03877,-1.3172824,-19.461126,29.401997
45.91,9.679928,135.97002,-1.3195804,-19.49188,29.38536
45.92,9.675071,135.90128,-1.3218788,-19.522623,29.368723
45.93,9.670212,135.83247,-1.3241788,-19.553387,29.352076
45.94,9.665355,135.76366,-1.3264793,-19.584146,29.335428
45.95,9.660497,135.69484,-1.3287802,-19.614922,29.318794
45.96,9.655635,135.62602,-1.3310817,-19.64569,29.30215
45.97,9.650774,135.55717,-1.3333849,-19.676474,29.285501
45.98,9.645909,135.48833,-1.335688,-19.707245,29.268848
45.99,9.641048,135.4195,-1.3379917,-19.738022,29.25221
46.0,9.636184,135.3506,-1.3402975,-19.76881,29.235552
46.01,9.63132,135.2818,-1.3426018,-19.799585,29.218924
46.02,9.626452,135.2129,-1.3449081,-19.830383,29.202263
46.03,9.62159,135.14404,-1.3472142,-19.861153,29.185621
46.04,9.616721,135.07515,-1.3495215,-19.89196,29.168972
46.05,9.611854,135.00626,-1.3518296,-19.922739,29.152319
46.06,9.606982,134.93736,-1.354138,-19.953537,29.135672
46.07,9.602115,134.86845,-1.3564476,-19.984335,29.119015
46.08,9.597243,134.79955,-1.3587575,-20.015133,29.102377
46.09,9.59237,134.73064,-1.3610675,-20.045927,29.085722
46.1,9.5875,134.6617,-1.3633783,-20.076725,29.069065
46.11,9.582627,134.59279,-1.365691,-20.107533,29.052418
46.12,9.577753,134.52386,-1.3680018,-20.138336,29.035774
46.13,9.572876,134.45488,-1.3703163,-20.169157,29.019114
46.14,9.568003,134.38597,-1.3726292,-20.199947,29.002472
46.15,9.563123,134.31697,-1.3749442,-20.230776,28.985813
46.16,9.55825,134.24802,-1.3772584,-20.261581,28.96916
46.17,9.553372,134.17911,-1.3795731,-20.292395,28.952522
46.18,9.548492,134.1101,-1.3818897,-20.323208,28.935863
46.19,9.543614,134.04114,-1.3842058,-20.354017,28.919214
46.2,9.538736,133.97212,-1.3865231,-20.384846,28.902563
46.21,9.533854,133.90314,-1.3888407,-20.415655,28.885914
46.22,9.528973,133.83415,-1.3911598,-20.446484,28.869267
46.23,9.524094,133.76517,-1.3934778,-20.477303,28.852617
46.24,9.519207,133.69612,-1.3957988,-20.508127,28.835964
46.25,9.514325,133.62715,-1.3981181,-20.538952,28.819319
46.26,9.509442,133.55812,-1.4004385,-20.569777,28.802673
46.27,9.504558,133.48912,-1.4027597,-20.600597,28.786022
46.28,9.499675,133.4201,-1.4050815,-20.63143,28.769373
46.29,9.49479,133.35106,-1.4074036,-20.66225,28.752724
46.3,9.4899025,133.28206,-1.4097259,-20.693077,28.736078
46.31,9.485015,133.213,-1.4120502,-20.723911,28.719429
46.32,9.48013,133.14395,-1.414373,-20.754732,28.702795
46.33,9.47524,133.07489,-1.4166987,-20.785582,28.686138
46.34,9.470353,133.00589,-1.4190227,-20.816397,28.6695
46.35,9.4654665,132.93686,-1.4213479,-20.84722,28.652859
46.36,9.460576,132.86778,-1.4236739,-20.87806,28.636213
46.37,9.455688,132.79877,-1.426,-20.90888,28.619572
46.38,9.450797,132.7297,-1.4283276,-20.939718,28.602928
46.39,9.4459095,132.66066,-1.4306545,-20.970545,28.586296
46.4,9.441014,132.59158,-1.4329824,-21.00139,28.569645
46.41,9.436124,132.52255,-1.435311,-21.032219,28.553015
46.42,9.431232,132.45346,-1.4376398,-21.063047,28.536373
46.43,9.426337,132.38437,-1.4399699,-21.093893,28.519733
46.44,9.421448,132.31532,-1.4422988,-21.124704,28.5031
46.45,9.416552,132.24626,-1.4446298,-21.155548,28.486462
46.46,9.41166,132.17723,-1.4469599,-21.186363,28.46983
46.47,9.406765,132.10808,-1.4492923,-21.21722,28.453194
46.48,9.401871,132.03905,-1.4516236,-21.248043,28.43656
46.49,9.396975,131.96994,-1.4539562,-21.27889,28.419924
46.5,9.39208,131.9009,-1.4562882,-21.309702,28.403305
46.51,9.387185,131.83183,-1.4586205,-21.340527,28.386667
46.52,9.382288,131.76274,-1.4609549,-21.371368,28.370037
46.53,9.377391,131.69365,-1.463288,-21.402197,28.35341
46.54,9.372497,131.62457,-1.4656225,-21.43302,28.33679
46.55,9.367597,131.55545,-1.4679574,-21.463852,28.32016
46.56,9.362698,131.48642,-1.470294,-21.494692,28.303535
46.57,9.357801,131.41731,-1.4726285,-21.52551,28.286919
46.58,9.352902,131.34819,-1.474965,-21.556337,28.2703
46.59,9.348005,131.27911,-1.4773012,-21.587156,28.25368
46.6,9.343107,131.21004,-1.4796382,-21.617973,28.237062
46.61,9.338207,131.14095,-1.4819757,-21.648808,28.220446
46.62,9.333311,131.07191,-1.4843122,-21.679625,28.203835
46.63,9.328407,131.00279,-1.4866511,-21.710459,28.187214
46.64,9.323508,130.9337,-1.4889895,-21.741283,28.170593
46.65,9.318607,130.86462,-1.4913287,-21.7721,28.153986
46.66,9.31371,130.79553,-1.4936677,-21.802916,28.137388
46.67,9.308809,130.72646,-1.4960067,-21.83373,28.120785
46.68,9.303908,130.65738,-1.498347,-21.864544,28.104158
46.69,9.299011,130.58833,-1.500687,-21.895351,28.087566
46.7,9.294106,130.51923,-1.5030285,-21.926184,28.07096
46.71,9.289206,130.45013,-1.5053695,-21.95699,28.054356
46.72,9.284304,130.38104,-1.5077112,-21.987808,28.037758
46.73,9.279403,130.31201,-1.5100524,-22.018606,28.02117
46.74,9.2745,130.24289,-1.5123955,-22.049425,28.004564
46.75,9.2696,130.17384,-1.514737,-22.080223,27.987976
46.76,9.264697,130.1048,-1.5170794,-22.11102,27.971386
46.77,9.259793,130.0357,-1.5194227,-22.14183,27.954794
46.78,9.254892,129.96661,-1.5217665,-22.172626,27.938213
46.79,9.249989,129.89755,-1.524111,-22.203428,27.921614
46.8,9.245087,129.82855,-1.526454,-22.23422,27.905043
46.81,9.240185,129.75946,-1.5287988,-22.265028,27.888456
46.82,9.235285,129.69041,-1.5311428,-22.295801,27.871883
46.83,9.230379,129.62132,-1.5334885,-22.326603,27.855299
46.84,9.225474,129.55232,-1.535834,-22.357397,27.838718
46.85,9.220574,129.48328,-1.5381792,-22.388174,27.822145
46.86,9.2156725,129.4142,-1.5405257,-22.418962,27.805573
46.87,9.21077,129.34521,-1.5428706,-22.449734,27.789011
46.88,9.205863,129.27615,-1.5452181,-22.480526,27.772438
46.89,9.20096,129.20709,-1.5475649,-22.511303,27.755867
46.9,9.19606,129.13806,-1.5499119,-22.54208,27.739313
46.91,9.191155,129.06905,-1.5522593,-22.572842,27.722752
46.92,9.186255,129.0,-1.5546067,-22.603611,27.706194
46.93,9.181348,128.93097,-1.5569546,-22.634394,27.689629
46.94,9.17645,128.862,-1.5593023,-22.665144,27.673086
46.95,9.171545,128.79294,-1.5616517,-22.695923,27.656527
46.96,9.166644,128.72395,-1.564,-22.72666,27.639992
46.97,9.1617365,128.65494,-1.566349,-22.757439,27.623425
46.98,9.156836,128.58594,-1.568698,-22.788183,27.606897
46.99,9.151932,128.5169,-1.5710479,-22.818941,27.590342
47.0,9.147027,128.44792,-1.5733978,-22.849697,27.5738
47.01,9.142129,128.379,-1.575746,-22.880424,27.557274
47.02,9.137226,128.30998,-1.5780969,-22.911175,27.540741
47.03,9.132323,128.24101,-1.5804467,-22.94191,27.524206
47.04,9.127419,128.17201,-1.5827985,-22.972652,27.507673
47.05,9.122518,128.10304,-1.5851493,-23.003395,27.491148
47.06,9.117612,128.03409,-1.5875008,-23.034124,27.474611
47.07,9.112713,127.96511,-1.5898498,-23.064835,27.458113
47.08,9.10781,127.89614,-1.5922029,-23.095572,27.441578
47.09,9.10291,127.82719,-1.5945554,-23.126297,27.425068
47.1,9.098008,127.758286,-1.596906,-23.157011,27.408554
47.11,9.093103,127.68932,-1.5992589,-23.187729,27.392042
47.12,9.088205,127.62039,-1.6016105,-23.21844,27.375536
47.13,9.0833025,127.55145,-1.6039635,-23.249157,27.359026
47.14,9.078402,127.48255,-1.6063155,-23.279852,27.342531
47.15,9.0735035,127.41362,-1.6086686,-23.31056,27.32603
47.16,9.0686035,127.34471,-1.6110208,-23.341244,27.309534
47.17,9.063702,127.27584,-1.6133736,-23.37194,27.293043
47.18,9.058804,127.20695,-1.6157275,-23.402628,27.276552
47.19,9.053902,127.138054,-1.6180809,-23.43332,27.260067
47.2,9.049004,127.069145,-1.6204355,-23.464008,27.243578
47.21,9.044102,127.00027,-1.6227884,-23.494673,27.227098
47.22,9.039205,126.9314,-1.6251428,-23.525366,27.21062
47.23,9.034307,126.86255,-1.6274967,-23.556028,27.194147
47.24,9.0294075,126.793724,-1.6298505,-23.586695,27.177673
47.25,9.024508,126.72485,-1.6322052,-23.617353,27.161203
47.26,9.019614,126.65605,-1.634559,-23.64801,27.144745
47.27,9.014714,126.58717,-1.6369144,-23.67867,27.128279
47.28,9.00982,126.51838,-1.6392682,-23.709312,27.111826
47.29,9.00492,126.449554,-1.6416243,-23.739971,27.095356
47.3,9.000025,126.38076,-1.6439781,-23.770609,27.078917
47.31,8.995129,126.31194,-1.6463339,-23.801247,27.062454
47.32,8.990231,126.24315,-1.6486887,-23.831875,27.046013
47.33,8.9853325,126.17436,-1.6510444,-23.862518,27.029564
47.34,8.980442,126.10558,-1.6533995,-23.893137,27.01313
47.35,8.975546,126.03682,-1.6557546,-23.923748,26.9967
47.36,8.970654,125.96808,-1.65811,-23.954361,26.980267
47.37,8.965758,125.89933,-1.6604661,-23.984972,26.963835
47.38,8.960863,125.830574,-1.6628219,-24.015596,26.9474
47.39,8.955971,125.761856,-1.6651784,-24.046186,26.930983
47.4,8.951074,125.69308,-1.6675347,-24.076803,26.914549
47.41,8.946183,125.62436,-1.6698904,-24.107399,26.898144
47.42,8.94129,125.55567,-1.6722461,-24.137966,26.881735
47.43,8.936401,125.486984,-1.6746024,-24.168552,26.865318
47.44,8.931509,125.4183,-1.6769586,-24.199131,26.84892
47.45,8.926617,125.34958,-1.6793153,-24.229712,26.83252
47.46,8.921731,125.28095,-1.6816705,-24.260271,26.816122
47.47,8.916836,125.21227,-1.6840281,-24.290855,26.799715
47.48,8.911947,125.14363,-1.686384,-24.321398,26.783337
47.49,8.907057,125.07494,-1.6887416,-24.351969,26.766943
47.5,8.90217,125.006355,-1.691097,-24.382507,26.750568
47.51,8.8972845,124.93772,-1.6934539,-24.413048,26.734188
47.52,8.892392,124.869064,-1.6958113,-24.443598,26.717802
47.53,8.887507,124.80049,-1.6981676,-24.474125,26.701435
47.54,8.882621,124.731865,-1.7005248,-24.504662,26.685064
47.55,8.877737,124.66333,-1.7028811,-24.535172,26.668705
47.56,8.8728485,124.59471,-1.7052381,-24.565704,26.652342
47.57,8.867965,124.52613,-1.707595,-24.596214,26.63598
47.58,8.86308,124.45761,-1.709952,-24.62671,26.619637
47.59,8.858196,124.38906,-1.7123085,-24.657215,26.603287
47.6,8.8533125,124.32056,-1.7146652,-24.687706,26.58694
47.61,8.848427,124.251976,-1.7170228,-24.718216,26.570591
47.62,8.843548,124.18353,-1.7193788,-24.748695,26.554264
47.63,8.838663,124.11497,-1.7217364,-24.779188,26.537916
47.64,8.833783,124.04647,-1.7240932,-24.809649,26.521595
47.65,8.8289,123.97801,-1.7264503,-24.840128,26.505264
47.66,8.824022,123.90954,-1.7288066,-24.870584,26.488941
47.67,8.819147,123.84114,-1.7311628,-24.901026,26.472637
47.68,8.814263,123.772644,-1.7335203,-24.93149,26.456318
47.69,8.809387,123.70424,-1.7358763,-24.961931,26.44001
47.7,8.804509,123.635796,-1.7382334,-24.992374,26.423706
47.71,8.799632,123.56739,-1.7405913,-25.022814,26.4074
47.72,8.794754,123.49898,-1.7429475,-25.053242,26.3911
47.73,8.789879,123.43059,-1.7453038,-25.083664,26.374811
47.74,8.785005,123.362236,-1.7476606,-25.114084,26.358524
47.75,8.78013,123.29386,-1.7500166,-25.144493,26.342241
47.76,8.775258,123.22551,-1.7523729,-25.17488,26.325972
47.77,8.770384,123.15717,-1.7547299,-25.205294,26.30968
47.78,8.7655115,123.088844,-1.7570859,-25.235676,26.293417
47.79,8.760639,123.02055,-1.7594428,-25.266077,26.277147
47.8,8.755771,122.95225,-1.7617985,-25.296442,26.260883
47.81,8.750897,122.88391,-1.7641557,-25.326828,26.244625
47.82,8.746032,122.81563,-1.7665122,-25.35721,26.228369
47.83,8.7411585,122.747375,-1.7688677,-25.387548,26.21212
47.84,8.736293,122.67913,-1.7712232,-25.417902,26.195873
47.85,8.731421,122.61089,-1.7735798,-25.448261,26.179634
47.86,8.726556,122.54266,-1.7759353,-25.478605,26.1634
47.87,8.721689,122.47445,-1.778291,-25.508936,26.147167
47.88,8.716826,122.406235,-1.7806469,-25.539265,26.130941
47.89,8.711962,122.338066,-1.7830019,-25.569576,26.11472
47.9,8.707096,122.26989,-1.7853582,-25.599907,26.0985
47.91,8.702235,122.20174,-1.7877134,-25.63021,26.082287
47.92,8.697373,122.13359,-1.7900684,-25.660511,26.06608
47.93,8.692511,122.06542,-1.792424,-25.690815,26.049866
47.94,8.687652,121.997345,-1.7947781,-25.72109,26.033682
47.95,8.682789,121.92921,-1.7971338,-25.751387,26.017471
47.96,8.677932,121.86115,-1.7994881,-25.781652,26.001287
47.97,8.673073,121.793015,-1.8018434,-25.811924,25.985094
47.98,8.668217,121.72499,-1.8041972,-25.84217,25.96892
47.99,8.663359,121.65693,-1.8065517,-25.87244,25.952734
48.0,8.6585045,121.588905,-1.808906,-25.902676,25.93657
48.01,8.653651,121.52094,-1.8112596,-25.932903,25.920416
48.02,8.648793,121.45287,-1.813615,-25.963167,25.904228
48.03,8.643942,121.384895,-1.8159682,-25.993382,25.888088
48.04,8.639091,121.3169,-1.8183223,-26.023605,25.871927
48.05,8.63424,121.24895,-1.8206754,-26.053812,25.855783
48.06,8.629384,121.18096,-1.8230298,-26.084026,25.839636
48.07,8.624537,121.11307,-1.8253815,-26.114212,25.823494
48.08,8.619686,121.045105,-1.8277365,-26.144417,25.80736
48.09,8.614839,120.97721,-1.8300892,-26.1746,25.791233
48.1,8.609992,120.90932,-1.8324407,-26.204763,25.775116
48.11,8.605145,120.84143,-1.8347945,-26.234941,25.75899
48.12,8.600302,120.773605,-1.8371458,-26.265099,25.742886
48.13,8.595457,120.705734,-1.8394991,-26.295254,25.726768
48.14,8.590612,120.637924,-1.8418512,-26.325405,25.710669
48.15,8.585769,120.570076,-1.8442031,-26.355545,25.694567
48.16,8.580927,120.502304,-1.846555,-26.385674,25.678482
48.17,8.576088,120.43452,-1.8489058,-26.415787,25.662386
48.18,8.571249,120.36675,-1.8512579,-26.445906,25.646297
48.19,8.56641,120.29899,-1.8536088,-26.476015,25.630226
48.2,8.561572,120.23127,-1.85596,-26.506117,25.614147
48.21,8.556734,120.16351,-1.858311,-26.53622,25.59808
48.22,8.551897,120.095764,-1.8606622,-26.56631,25.582012
48.23,8.547064,120.02811,-1.8630123,-26.596382,25.565956
48.24,8.542227,119.96044,-1.8653626,-26.62646,25.549904
48.25,8.537397,119.89281,-1.8677117,-26.656511,25.533857
48.26,8.532563,119.82518,-1.870061,-26.68656,25.517817
48.27,8.527733,119.757545,-1.872412,-26.716612,25.501776
48.28,8.5229025,119.68995,-1.8747599,-26.746649,25.48574
48.29,8.518072,119.62232,-1.87711,-26.776686,25.469713
48.3,8.513246,119.55476,-1.8794576,-26.806696,25.453695
48.31,8.508416,119.48719,-1.8818077,-26.836731,25.437675
48.32,8.503592,119.41968,-1.8841555,-26.866724,25.421663
48.33,8.498766,119.35212,-1.886504,-26.89673,25.405659
48.34,8.49394,119.284615,-1.888852,-26.92672,25.389656
48.35,8.48912,119.21711,-1.8911998,-26.956703,25.373661
48.36,8.484296,119.14962,-1.8935473,-26.986685,25.357676
48.37,8.479478,119.0822,-1.8958935,-27.016636,25.34169
48.38,8.474656,119.01472,-1.8982418,-27.046614,25.325703
48.39,8.46984,118.94734,-1.900587,-27.076544,25.309742
48.4,8.465019,118.87989,-1.9029349,-27.1065,25.293762
48.41,8.460202,118.8125,-1.9052808,-27.136433,25.2778
48.42,8.455388,118.74515,-1.9076259,-27.166353,25.261835
48.43,8.450573,118.67782,-1.9099721,-27.196268,25.24589
48.44,8.445763,118.610466,-1.9123166,-27.226181,25.229944
48.45,8.4409485,118.54313,-1.9146612,-27.256067,25.214008
48.46,8.436137,118.47586,-1.917007,-27.285969,25.198061
48.47,8.431325,118.408554,-1.9193523,-27.315853,25.18213
48.48,8.426517,118.34126,-1.9216962,-27.345728,25.166204
48.49,8.421706,118.274025,-1.92404,-27.375593,25.15029
48.5,8.4169035,118.2068,-1.926383,-27.405443,25.13438
48.51,8.4121,118.13957,-1.9287266,-27.435291,25.118471
48.52,8.407292,118.072365,-1.9310699,-27.465143,25.102562
48.53,8.402489,118.0052,-1.9334127,-27.494968,25.086676
48.54,8.397687,117.93803,-1.9357556,-27.524801,25.070782
48.55,8.392887,117.87092,-1.9380974,-27.554613,25.05489
48.56,8.388084,117.80376,-1.9404389,-27.58442,25.039011
48.57,8.383289,117.73668,-1.9427811,-27.614208,25.023144
48.58,8.3784895,117.669586,-1.9451231,-27.644009,25.007256
48.59,8.373695,117.60253,-1.9474617,-27.673767,24.991411
48.6,8.368897,117.53548,-1.9498038,-27.703547,24.975544
48.61,8.364104,117.46843,-1.9521444,-27.733309,24.9597
48.62,8.359312,117.40145,-1.9544833,-27.763052,24.943851
48.63,8.354521,117.33445,-1.956824,-27.792797,24.92801
48.64,8.34973,117.267456,-1.9591628,-27.822538,24.912176
48.65,8.344941,117.20051,-1.9615018,-27.852259,24.896347
48.66,8.340151,117.133545,-1.9638402,-27.881987,24.880522
48.67,8.335368,117.06669,-1.9661782,-27.911673,24.864714
48.68,8.330581,116.99975,-1.9685168,-27.941385,24.848892
48.69,8.325796,116.93289,-1.9708537,-27.971052,24.833101
48.7,8.3210125,116.86603,-1.9731907,-28.000736,24.817299
48.71,8.316232,116.79921,-1.9755275,-28.030413,24.8015
48.72,8.31145,116.732376,-1.9778655,-28.060083,24.78571
48.73,8.306672,116.66556,-1.9802012,-28.089725,24.769932
48.74,8.301891,116.59878,-1.9825372,-28.119375,24.754152
48.75,8.297114,116.53204,-1.9848717,-28.149006,24.73839
48.76,8.292343,116.46532,-1.9872062,-28.17861,24.722635
48.77,8.287565,116.39855,-1.9895426,-28.208244,24.70687
48.78,8.282793,116.33185,-1.9918762,-28.237848,24.69111
48.79,8.278023,116.26519,-1.9942096,-28.267437,24.675367
48.8,8.2732525,116.19852,-1.9965438,-28.297022,24.659634
48.81,8.26848,116.13188,-1.9988769,-28.326605,24.643894
48.82,8.263716,116.06526,-2.0012097,-28.356169,24.628168
48.83,8.258947,115.99864,-2.003543,-28.385725,24.612448
48.84,8.254184,115.93207,-2.0058744,-28.415277,24.596731
48.85,8.249419,115.86551,-2.0082064,-28.444809,24.581018
48.86,8.2446575,115.79897,-2.010538,-28.474346,24.565311
48.87,8.239898,115.73246,-2.0128677,-28.503855,24.54963
48.88,8.235134,115.66595,-2.015199,-28.533375,24.533932
48.89,8.230378,115.59949,-2.017529,-28.562864,24.518251
48.9,8.225618,115.533005,-2.019859,-28.592371,24.502562
48.91,8.220866,115.46659,-2.0221877,-28.621834,24.486898
48.92,8.216114,115.40019,-2.0245163,-28.651299,24.471233
48.93,8.211357,115.33376,-2.0268452,-28.680775,24.455568
48.94,8.206605,115.267395,-2.0291724,-28.710218,24.439915
48.95,8.201853,115.20105,-2.0315008,-28.73966,24.424269
48.96,8.197104,115.13474,-2.0338275,-28.769083,24.408627
48.97,8.192359,115.068405,-2.0361545,-28.798498,24.392994
48.98,8.187611,115.002075,-2.0384812,-28.827929,24.377361
48.99,8.182866,114.93582,-2.0408075,-28.857334,24.361736
49.0,8.178123,114.86958,-2.0431325,-28.886723,24.346119
49.01,8.173383,114.803375,-2.0454566,-28.91609,24.330519
49.02,8.168639,114.73717,-2.047782,-28.945475,24.31491
49.03,8.163901,114.67099,-2.0501053,-28.974813,24.299314
49.04,8.159159,114.60482,-2.0524297,-29.004183,24.283722
49.05,8.154426,114.53866,-2.0547538,-29.033527,24.268133
49.06,8.149689,114.47254,-2.0570762,-29.062862,24.252556
49.07,8.144958,114.406456,-2.0593982,-29.092169,24.236988
49.08,8.140223,114.34036,-2.061721,-29.12149,24.221409
49.09,8.135491,114.27432,-2.0640428,-29.150791,24.205853
49.1,8.130763,114.20829,-2.0663624,-29.180069,24.190308
49.11,8.126034,114.14229,-2.0686824,-29.209349,24.174763
49.12,8.121309,114.07632,-2.0710032,-29.238626,24.15922
49.13,8.116584,114.010315,-2.073323,-29.26788,24.14368
49.14,8.111861,113.944374,-2.0756416,-29.297121,24.128164
49.15,8.107136,113.878426,-2.0779612,-29.326372,24.112633
49.16,8.102417,113.81255,-2.080279,-29.355587,24.097124
49.17,8.097695,113.74668,-2.082596,-29.38481,24.081614
49.18,8.09298,113.6808,-2.0849142,-29.414028,24.066109
49.19,8.0882635,113.614975,-2.0872302,-29.443218,24.05062
49.2,8.083548,113.549164,-2.0895474,-29.472406,24.03513
49.21,8.078835,113.483376,-2.0918627,-29.50158,24.019648
49.22,8.074123,113.417595,-2.0941784,-29.530754,24.00417
49.23,8.069412,113.35187,-2.0964923,-29.5599,23.9887
49.24,8.064703,113.28612,-2.0988076,-29.589052,23.973242
49.25,8.059996,113.22043,-2.101121,-29.618181,23.957785
49.26,8.055289,113.15479,-2.1034338,-29.647297,23.942343
49.27,8.050585,113.089134,-2.1057465,-29.676407,23.926899
49.28,8.045883,113.02346,-2.10806,-29.705517,23.911463
49.29,8.041181,112.95787,-2.1103714,-29.734612,23.896029
49.3,8.036481,112.89229,-2.1126819,-29.763695,23.880606
49.31,8.031781,112.82668,-2.114993,-29.792757,23.865192
49.32,8.027085,112.7612,-2.117303,-29.821815,23.849787
49.33,8.02239,112.69566,-2.1196136,-29.850866,23.834372
49.34,8.017694,112.63016,-2.1219223,-29.879906,23.818983
49.35,8.013005,112.56471,-2.1242309,-29.908926,23.803589
49.36,8.008312,112.49924,-2.12654,-29.937956,23.788208
49.37,8.003624,112.43383,-2.128847,-29.96695,23.772831
49.38,7.998938,112.36842,-2.1311538,-29.99594,23.757458
49.39,7.9942527,112.30306,-2.133461,-30.024923,23.742107
49.4,7.9895673,112.23769,-2.1357667,-30.053894,23.726748
49.41,7.984883,112.172356,-2.1380723,-30.082863,23.711401
49.42,7.980204,112.10708,-2.1403768,-30.111814,23.696064
49.43,7.9755254,112.04182,-2.1426806,-30.140738,23.680723
49.44,7.9708447,111.97655,-2.144985,-30.169672,23.665392
49.45,7.966166,111.91131,-2.1472886,-30.198599,23.650068
49.46,7.9614925,111.84611,-2.1495914,-30.227495,23.634762
49.47,7.9568195,111.78089,-2.151894,-30.256393,23.619444
49.48,7.952146,111.71572,-2.1541965,-30.285278,23.604153
49.49,7.9474773,111.65058,-2.1564958,-30.314144,23.588861
49.5,7.9428086,111.58547,-2.1587968,-30.343006,23.57357
49.51,7.9381423,111.52041,-2.1610966,-30.371855,23.558289
49.52,7.933475,111.45529,-2.163397,-30.400702,23.543013
49.53,7.9288125,111.390236,-2.1656952,-30.42953,23.52775
49.54,7.9241486,111.32523,-2.167994,-30.458353,23.512482
49.55,7.919489,111.260254,-2.1702917,-30.487156,23.497221
49.56,7.914829,111.1953,-2.172589,-30.515947,23.481981
49.57,7.910175,111.130356,-2.174885,-30.544735,23.46674
49.58,7.905516,111.06542,-2.1771817,-30.573505,23.45151
49.59,7.9008646,111.00054,-2.179476,-30.602259,23.436285
49.6,7.8962116,110.93565,-2.1817713,-30.631014,23.42107
49.61,7.8915586,110.87076,-2.184066,-30.659758,23.405851
49.62,7.886909,110.80599,-2.18636,-30.688477,23.39065
49.63,7.882263,110.74116,-2.1886528,-30.717201,23.375448
49.64,7.877617,110.67638,-2.1909454,-30.745897,23.36026
49.65,7.872975,110.61165,-2.193237,-30.77459,23.345081
49.66,7.868331,110.546906,-2.195528,-30.80327,23.329906
49.67,7.8636913,110.48219,-2.1978192,-30.831945,23.314735
49.68,7.8590546,110.417534,-2.2001095,-30.860598,23.299572
49.69,7.854412,110.35288,-2.2023993,-30.889244,23.284414
49.7,7.849779,110.28824,-2.2046878,-30.917877,23.269268
49.71,7.8451457,110.22364,-2.2069757,-30.946499,23.254128
49.72,7.8405123,110.15907,-2.2092636,-30.975113,23.238997
49.73,7.8358817,110.09453,-2.2115507,-31.003716,23.223866
49.74,7.8312507,110.029976,-2.2138376,-31.0323,23.208735
49.75,7.8266253,109.96549,-2.216123,-31.060875,23.193632
49.76,7.8220015,109.90106,-2.218408,-31.089432,23.178528
49.77,7.817376,109.83657,-2.2206933,-31.117994,23.163427
49.78,7.8127537,109.77211,-2.222977,-31.146534,23.14833
49.79,7.808132,109.70772,-2.2252603,-31.175062,23.133242
49.8,7.8035164,109.64337,-2.227543,-31.203577,23.11817
49.81,7.798898,109.579,-2.229825,-31.232086,23.103094
49.82,7.794282,109.5147,-2.232106,-31.26057,23.088041
49.83,7.789666,109.45037,-2.2343884,-31.289087,23.07297
49.84,7.7850556,109.38611,-2.2366672,-31.317545,23.057926
49.85,7.780446,109.32191,-2.2389467,-31.345997,23.04289
49.86,7.7758365,109.257645,-2.241226,-31.374447,23.027851
49.87,7.771231,109.19344,-2.2435045,-31.40288,23.012829
49.88,7.7666245,109.12928,-2.2457829,-31.431313,22.997799
49.89,7.7620225,109.06513,-2.2480597,-31.459724,22.982792
49.9,7.75742,109.00097,-2.250336,-31.488121,22.967777
49.91,7.752822,108.936935,-2.2526104,-31.516495,22.952787
49.92,7.7482243,108.872856,-2.254886,-31.544884,22.937796
49.93,7.743626,108.80884,-2.2571604,-31.57323,22.922813
49.94,7.739033,108.74483,-2.2594345,-31.601585,22.907831
49.95,7.734442,108.6808,-2.261708,-31.62994,22.892866
49.96,7.7298527,108.61686,-2.2639797,-31.658253,22.877907
49.97,7.7252607,108.55289,-2.2662523,-31.686577,22.862947
49.98,7.7206736,108.48898,-2.2685225,-31.714874,22.848
49.99,7.7160883,108.42508,-2.2707937,-31.743183,22.833052
50.0,7.7115064,108.36127,-2.2730627,-31.771446,22.818125
50.01,7.706924,108.29747,-2.2753313,-31.799717,22.803205
50.02,7.7023425,108.23362,-2.2776003,-31.827976,22.78828
50.03,7.6977654,108.169846,-2.2798684,-31.856216,22.773369
50.04,7.693187,108.106064,-2.282136,-31.884453,22.758457
50.05,7.688615,108.04236,-2.2844012,-31.912666,22.743572
50.06,7.6840405,107.97865,-2.2866676,-31.94088,22.728676
50.07,7.6794696,107.91498,-2.2889328,-31.96907,22.713795
50.08,7.6748996,107.851326,-2.291197,-31.997246,22.698917
50.09,7.670331,107.78768,-2.2934604,-32.02542,22.684044
50.1,7.66577,107.724144,-2.2957227,-32.053562,22.669197
50.11,7.6612043,107.66051,-2.297986,-32.081722,22.65434
50.12,7.65664,107.59702,-2.3002467,-32.10985,22.6395
50.13,7.652082,107.533485,-2.3025079,-32.137974,22.624657
50.14,7.6475244,107.47001,-2.3047678,-32.16608,22.609835
50.15,7.6429677,107.40656,-2.3070278,-32.19418,22.595003
50.16,7.6384144,107.34312,-2.3092859,-32.222256,22.580183
50.17,7.6338606,107.279724,-2.3115442,-32.25032,22.565386
50.18,7.6293087,107.21632,-2.3138018,-32.278393,22.550577
50.19,7.62476,107.15297,-2.316058,-32.30643,22.535788
50.2,7.6202145,107.08963,-2.3183138,-32.334473,22.52101
50.21,7.615667,107.02634,-2.32057,-32.3625,22.506218
50.22,7.611123,106.963066,-2.3228242,-32.390503,22.491447
50.23,7.606582,106.89984,-2.325078,-32.4185,22.476688
50.24,7.602041,106.836586,-2.327332,-32.44649,22.461918
50.25,7.597503,106.77345,-2.3295822,-32.47445,22.44719
50.26,7.5929685,106.710266,-2.3318343,-32.5024,22.432442
50.27,7.588432,106.64711,-2.3340862,-32.530365,22.417707
50.28,7.5839024,106.58401,-2.336336,-32.558277,22.402977
50.29,7.579372,106.520935,-2.338585,-32.586205,22.388262
50.3,7.5748434,106.457886,-2.340834,-32.614124,22.373556
50.31,7.5703154,106.394844,-2.3430822,-32.642017,22.358849
50.32,7.5657907,106.33188,-2.3453288,-32.66989,22.344156
50.33,7.5612664,106.26887,-2.3475764,-32.69778,22.329458
50.34,7.5567474,106.20594,-2.3498213,-32.725628,22.314785
50.35,7.5522285,106.14303,-2.3520668,-32.75348,22.30011
50.36,7.54771,106.0801,-2.3543112,-32.781322,22.285437
50.37,7.5431952,106.01729,-2.3565538,-32.80912,22.270788
50.38,7.5386815,105.95443,-2.358797,-32.836937,22.256136
50.39,7.5341697,105.89164,-2.3610396,-32.864735,22.241488
50.4,7.529659,105.82883,-2.3632815,-32.892517,22.226852
50.41,7.525152,105.766106,-2.3655224,-32.920284,22.21223
50.42,7.5206475,105.70339,-2.3677616,-32.94804,22.197609
50.43,7.5161414,105.64066,-2.3700001,-32.97578,22.18299
50.44,7.511642,105.57802,-2.3722389,-33.00352,22.168392
50.45,7.507139,105.515366,-2.374477,-33.031246,22.153786
50.46,7.5026417,105.452774,-2.3767135,-33.05893,22.139198
50.47,7.498145,105.3902,-2.3789492,-33.086643,22.124617
50.48,7.4936514,105.32764,-2.3811843,-33.114315,22.11005
50.49,7.489158,105.2651,-2.3834198,-33.141987,22.095486
50.5,7.4846706,105.20264,-2.3856528,-33.169636,22.080915
50.51,7.4801817,105.14013,-2.3878856,-33.19727,22.066364
50.52,7.4756966,105.077675,-2.3901181,-33.2249,22.051825
50.53,7.47121,105.015274,-2.3923492,-33.252518,22.037283
50.54,7.466726,104.95285,-2.394581,-33.280132,22.022745
50.55,7.4622483,104.890526,-2.3968098,-33.307713,22.008226
50.56,7.457766,104.82816,-2.3990402,-33.335304,21.993711
50.57,7.4532924,104.76591,-2.4012675,-33.362843,21.97922
50.58,7.4488144,104.7036,-2.4034963,-33.39041,21.964706
50.59,7.444343,104.641396,-2.405722,-33.417927,21.950232
50.6,7.439873,104.57915,-2.4079473,-33.445465,21.935741
50.61,7.4354033,104.51698,-2.4101722,-33.472965,21.921274
50.62,7.4309387,104.454834,-2.4123964,-33.50046,21.906807
50.63,7.4264708,104.392685,-2.4146214,-33.527958,21.89234
50.64,7.422008,104.330574,-2.4168437,-33.555428,21.87789
50.65,7.41755,104.26852,-2.4190652,-33.58289,21.86345
50.66,7.413088,104.20645,-2.4212868,-33.61033,21.849014
50.67,7.4086313,104.14444,-2.4235075,-33.637768,21.834583
50.68,7.4041753,104.08245,-2.4257274,-33.66519,21.820158
50.69,7.399723,104.02049,-2.427946,-33.6926,21.80574
50.7,7.3952694,103.958565,-2.4301639,-33.71999,21.791342
50.71,7.390823,103.896645,-2.432381,-33.74736,21.776945
50.72,7.386373,103.83478,-2.434599,-33.774746,21.76254
50.73,7.38193,103.77292,-2.4368138,-33.8021,21.748167
50.74,7.377486,103.71113,-2.4390285,-33.82943,21.733797
50.75,7.373045,103.64934,-2.4412425,-33.856762,21.719425
50.76,7.368607,103.5876,-2.443455,-33.88406,21.705076
50.77,7.3641686,103.52585,-2.4456685,-33.911377,21.690716
50.78,7.359735,103.46416,-2.447879,-33.93866,21.676373
50.79,7.3553,103.40248,-2.4500906,-33.96595,21.662035
50.8,7.3508673,103.34084,-2.4523003,-33.993202,21.647701
50.81,7.34644,103.27923,-2.4545097,-34.020447,21.633392
50.82,7.342014,103.21764,-2.4567173,-34.04768,21.61908
50.83,7.3375893,103.15608,-2.458925,-34.07491,21.604774
50.84,7.3331656,103.09458,-2.4611313,-34.102116,21.59048
50.85,7.328746,103.033066,-2.4633372,-34.129307,21.576193
50.86,7.324326,102.97159,-2.4655428,-34.15649,21.561909
50.87,7.3199067,102.91017,-2.4677467,-34.183662,21.547634
50.88,7.315493,102.84875,-2.4699495,-34.210815,21.53337
50.89,7.3110814,102.787346,-2.4721515,-34.237953,21.519115
50.9,7.30667,102.72601,-2.4743545,-34.265087,21.50486
50.91,7.3022614,102.66467,-2.4765549,-34.292194,21.490622
50.92,7.297854,102.60343,-2.4787552,-34.3193,21.476393
50.93,7.2934475,102.542145,-2.4809542,-34.346394,21.462158
50.94,7.289046,102.480896,-2.4831522,-34.37346,21.447947
50.95,7.284645,102.41972,-2.4853506,-34.40053,21.433725
50.96,7.280248,102.35853,-2.487547,-34.427578,21.419518
50.97,7.275848,102.29734,-2.4897437,-34.454624,21.405325
50.98,7.2714562,102.23628,-2.4919372,-34.481636,21.391153
50.99,7.267063,102.17516,-2.4941323,-34.508656,21.37696
51.0,7.2626743,102.114105,-2.496325,-34.53564,21.362793
51.01,7.2582836,102.05307,-2.4985173,-34.56262,21.34863
51.02,7.253898,101.99209,-2.500709,-34.58959,21.334475
51.03,7.249514,101.931114,-2.5029004,-34.61655,21.320326
51.04,7.2451315,101.87018,-2.50509,-34.643482,21.30619
51.05,7.2407513,101.80929,-2.5072792,-34.670414,21.292055
51.06,7.236374,101.7484,-2.5094674,-34.69733,21.277937
51.07,7.2319975,101.68753,-2.5116549,-34.72423,21.263819
51.08,7.227623,101.62673,-2.513841,-34.751106,21.249706
51.09,7.223252,101.56595,-2.5160265,-34.777985,21.235611
51.1,7.2188797,101.50517,-2.5182111,-34.804832,21.221523
51.11,7.214514,101.44444,-2.5203946,-34.83168,21.207434
51.12,7.21015,101.38374,-2.5225775,-34.858517,21.193361
51.13,7.2057858,101.32306,-2.5247598,-34.885334,21.179289
51.14,7.2014236,101.26241,-2.526942,-34.912136,21.16523
51.15,7.197067,101.201836,-2.5291214,-34.93893,21.151175
51.16,7.1927085,101.14123,-2.5313008,-34.965706,21.137127
51.17,7.1883554,101.08073,-2.5334787,-34.992455,21.123104
51.18,7.1839986,101.020164,-2.535658,-35.01923,21.10907
51.19,7.1796484,100.95966,-2.5378344,-35.04596,21.095049
51.2,7.1752987,100.899216,-2.5400107,-35.072678,21.081032
51.21,7.170951,100.83874,-2.542186,-35.099392,21.067028
51.22,7.1666064,100.77835,-2.54436,-35.126087,21.053034
51.23,7.1622634,100.71799,-2.5465336,-35.15277,21.03904
51.24,7.1579237,100.65766,-2.5487056,-35.17944,21.025064
51.25,7.153587,100.59736,-2.550877,-35.206085,21.011087
51.26,7.149253,100.53708,-2.5530472,-35.232727,20.99713
51.27,7.1449146,100.4768,-2.5552175,-35.259357,20.983166
51.28,7.140582,100.41659,-2.557387,-35.285965,20.969221
51.29,7.136253,100.35638,-2.559555,-35.312576,20.955276
51.3,7.131925,100.29626,-2.5617218,-35.33916,20.94135
51.31,7.127599,100.23611,-2.5638883,-35.365726,20.927423
51.32,7.123278,100.176025,-2.566053,-35.392277,20.913513
51.33,7.1189537,100.11594,-2.5682175,-35.41884,20.89959
51.34,7.1146374,100.0559,-2.570382,-35.44536,20.885698
51.35,7.110318,99.99591,-2.572544,-35.471874,20.871805
51.36,7.106003,99.93591,-2.5747056,-35.498375,20.857918
51.37,7.101688,99.875946,-2.5768669,-35.524864,20.844038
51.38,7.09738,99.816055,-2.5790267,-35.551353,20.830168
51.39,7.0930705,99.75618,-2.581185,-35.577797,20.816309
51.4,7.0887623,99.6963,-2.5833435,-35.60425,20.802462
51.41,7.08446,99.63649,-2.585501,-35.630676,20.788618
51.42,7.0801587,99.57669,-2.5876567,-35.657093,20.774778
51.43,7.0758576,99.51693,-2.589812,-35.6835,20.760952
51.44,7.07156,99.45719,-2.5919664,-35.709892,20.747128
51.45,7.067263,99.397484,-2.5941205,-35.73629,20.733316
51.46,7.0629706,99.33781,-2.596273,-35.762638,20.719519
51.47,7.058679,99.27814,-2.598425,-35.78899,20.705715
51.48,7.054391,99.21855,-2.6005754,-35.815327,20.691927
51.49,7.0501,99.158936,-2.602726,-35.84165,20.678143
51.5,7.0458145,99.0994,-2.6048753,-35.86796,20.664366
51.51,7.0415325,99.03992,-2.6070225,-35.89425,20.65061
51.52,7.037251,98.98039,-2.6091704,-35.92054,20.63685
51.53,7.0329757,98.920975,-2.6113155,-35.946785,20.62311
51.54,7.0286946,98.86149,-2.6134622,-35.97306,20.609356
51.55,7.024422,98.802124,-2.6156054,-35.9993,20.595638
51.56,7.0201497,98.74275,-2.6177502,-36.02552,20.581903
51.57,7.015881,98.68342,-2.6198914,-36.051716,20.56819
51.58,7.011612,98.62409,-2.622034,-36.07793,20.55448
51.59,7.007347,98.56485,-2.624174,-36.10411,20.540785
51.6,7.0030837,98.50561,-2.6263142,-36.13027,20.52709
51.61,6.9988217,98.44639,-2.6284535,-36.156433,20.513407
51.62,6.994561,98.387184,-2.6305904,-36.182568,20.499733
51.63,6.990307,98.32804,-2.632728,-36.208706,20.486065
51.64,6.986051,98.268936,-2.6348631,-36.234806,20.47241
51.65,6.981797,98.20981,-2.6369987,-36.260906,20.45875
51.66,6.977549,98.150795,-2.6391325,-36.286976,20.445116
51.67,6.973301,98.09175,-2.6412656,-36.313053,20.431482
51.68,6.9690504,98.03274,-2.643399,-36.339134,20.417847
51.69,6.9648094,97.97379,-2.6455297,-36.365154,20.404232
51.7,6.960567,97.91483,-2.6476603,-36.39118,20.390615
51.71,6.9563293,97.85599,-2.6497884,-36.417187,20.377022
51.72,6.952088,97.797035,-2.6519186,-36.443195,20.363417
51.73,6.9478545,97.73824,-2.654046,-36.46918,20.349833
51.74,6.9436216,97.67938,-2.6561728,-36.49515,20.33625
51.75,6.939391,97.62065,-2.6582978,-36.521095,20.322693
51.76,6.9351625,97.561874,-2.660423,-36.54706,20.309116
51.77,6.930936,97.50315,-2.6625462,-36.572987,20.295572
51.78,6.926712,97.44451,-2.664668,-36.59888,20.282026
51.79,6.92249,97.38584,-2.6667912,-36.62479,20.268484
51.8,6.9182677,97.32723,-2.6689124,-36.65068,20.25496
51.81,6.9140515,97.26861,-2.6710315,-36.67655,20.24144
51.82,6.9098377,97.21007,-2.6731505,-36.702415,20.227924
51.83,6.9056234,97.15152,-2.675269,-36.728256,20.214413
51.84,6.901412,97.09303,-2.6773858,-36.754086,20.200922
51.85,6.8972034,97.0346,-2.6795008,-36.779903,20.18743
51.86,6.8929954,96.97611,-2.6816175,-36.805706,20.173944
51.87,6.8887925,96.917725,-2.6837313,-36.83149,20.160471
51.88,6.8845906,96.859344,-2.685844,-36.85726,20.147013
51.89,6.880391,96.80101,-2.6879556,-36.883022,20.13356
51.9,6.876192,96.74268,-2.6900673,-36.908775,20.120106
51.91,6.8719964,96.684456,-2.692177,-36.934486,20.106672
51.92,6.8678026,96.62616,-2.6942868,-36.960205,20.093237
51.93,6.863613,96.56794,-2.6963959,-36.985928,20.079807
51.94,6.859423,96.50975,-2.6985025,-37.011597,20.066391
51.95,6.8552356,96.4516,-2.7006092,-37.037273,20.052988
51.96,6.8510523,96.39347,-2.7027147,-37.06294,20.039583
51.97,6.846868,96.335396,-2.7048204,-37.08859,20.026188
51.98,6.8426886,96.27734,-2.7069228,-37.114223,20.01281
51.99,6.8385105,96.21928,-2.7090256,-37.139847,19.999435
52.0,6.8343353,96.16133,-2.711126,-37.165436,19.986074
52.01,6.830163,96.10336,-2.7132268,-37.191017,19.972708
52.02,6.82599,96.045425,-2.715326,-37.216583,19.959364
52.03,6.8218226,95.98753,-2.7174249,-37.24215,19.946024
52.04,6.8176537,95.92966,-2.7195234,-37.267693,19.93269
52.05,6.813492,95.87181,-2.7216194,-37.29322,19.919355
52.06,6.809327,95.81397,-2.7237155,-37.31874,19.906034
52.07,6.805167,95.7562,-2.7258098,-37.34425,19.892729
52.08,6.801008,95.69846,-2.727904,-37.36973,19.879429
52.09,6.796854,95.640755,-2.729997,-37.39521,19.866137
52.1,6.792701,95.58311,-2.7320874,-37.420666,19.85285
52.11,6.788549,95.52543,-2.7341793,-37.44612,19.839571
52.12,6.784399,95.46782,-2.736268,-37.471542,19.826307
52.13,6.7802544,95.41021,-2.7383573,-37.496967,19.813044
52.14,6.7761087,95.35266,-2.7404444,-37.522358,19.799784
52.15,6.771968,95.29511,-2.7425318,-37.547756,19.786545
52.16,6.767825,95.23763,-2.7446172,-37.573128,19.773306
52.17,6.763689,95.18019,-2.7467031,-37.59849,19.760078
52.18,6.7595534,95.12277,-2.7487867,-37.623844,19.74686
52.19,6.755421,95.0654,-2.750868,-37.649155,19.733652
52.2,6.7512903,95.00798,-2.7529511,-37.67448,19.72044
52.21,6.7471604,94.95066,-2.7550306,-37.699783,19.707243
52.22,6.743034,94.893364,-2.7571118,-37.72507,19.694052
52.23,6.7389083,94.8361,-2.7591898,-37.750347,19.68088
52.24,6.7347865,94.77884,-2.761269,-37.775604,19.667704
52.25,6.7306695,94.721664,-2.763345,-37.800842,19.654549
52.26,6.7265525,94.664474,-2.7654195,-37.826065,19.641394
52.27,6.722435,94.607346,-2.7674947,-37.85129,19.628242
52.28,6.718324,94.55022,-2.7695684,-37.87647,19.61511
52.29,6.714211,94.49313,-2.7716424,-37.90167,19.60197
52.3,6.710104,94.43611,-2.7737138,-37.926853,19.588854
52.31,6.7059975,94.37907,-2.7757845,-37.952,19.57574
52.32,6.701894,94.3221,-2.777854,-37.977158,19.562632
52.33,6.697791,94.265144,-2.7799232,-38.002285,19.549534
52.34,6.6936917,94.2082,-2.7819908,-38.0274,19.536448
52.35,6.6895947,94.15136,-2.7840571,-38.052494,19.523365
52.36,6.685497,94.09446,-2.7861235,-38.07758,19.510286
52.37,6.681407,94.03767,-2.7881877,-38.10265,19.497232
52.38,6.677317,93.98085,-2.7902513,-38.1277,19.48417
52.39,6.6732287,93.92411,-2.7923145,-38.152752,19.471119
52.4,6.6691413,93.867386,-2.7943769,-38.177765,19.458078
52.41,6.6650596,93.810684,-2.7964358,-38.202774,19.445053
52.42,6.6609774,93.75404,-2.7984962,-38.22778,19.43203
52.43,6.6569004,93.6974,-2.8005545,-38.25276,19.419012
52.44,6.65282,93.640785,-2.8026128,-38.27773,19.406006
52.45,6.648748,93.58423,-2.8046675,-38.302708,19.393005
52.46,6.6446733,93.52768,-2.8067245,-38.327618,19.380018
52.47,6.6406035,93.47117,-2.8087797,-38.352562,19.367025
52.48,6.636535,93.41473,-2.8108327,-38.37746,19.35406
52.49,6.6324697,93.35828,-2.8128853,-38.40237,19.341085
52.5,6.6284084,93.30186,-2.8149362,-38.427254,19.32813
52.51,6.624348,93.24547,-2.8169868,-38.45211,19.315182
52.52,6.620287,93.18912,-2.8190374,-38.476986,19.302235
52.53,6.6162324,93.132835,-2.8210843,-38.50182,19.289305
52.54,6.612179,93.07653,-2.823132,-38.526634,19.27638
52.55,6.608127,93.020294,-2.8251784,-38.55145,19.263464
52.56,6.6040754,92.96409,-2.8272233,-38.576244,19.250553
52.57,6.6000276,92.90788,-2.8292677,-38.60102,19.237648
52.58,6.5959835,92.85174,-2.8313117,-38.625797,19.224752
52.59,6.591941,92.79565,-2.8333535,-38.65054,19.211874
52.6,6.5879016,92.739555,-2.8353944,-38.675274,19.198997
52.61,6.5838623,92.683495,-2.8374348,-38.699997,19.186125
52.62,6.5798273,92.627464,-2.8394744,-38.72471,19.173271
52.63,6.575793,92.571465,-2.8415122,-38.74942,19.160412
52.64,6.571764,92.51552,-2.843548,-38.77409,19.147575
52.65,6.56773,92.459564,-2.8455853,-38.798744,19.134735
52.66,6.5637074,92.4037,-2.8476193,-38.823406,19.121922
52.67,6.559681,92.34786,-2.8496532,-38.848022,19.109093
52.68,6.555659,92.292015,-2.8516874,-38.87266,19.096281
52.69,6.551641,92.23623,-2.8537183,-38.89726,19.083477
52.7,6.54762,92.18043,-2.8557494,-38.921864,19.070683
52.71,6.5436063,92.12469,-2.8577783,-38.946438,19.0579
52.72,6.539592,92.06899,-2.859808,-38.970997,19.045116
52.73,6.535584,92.013336,-2.8618352,-38.99554,19.03235
52.74,6.531577,91.95771,-2.8638625,-39.020077,19.019592
52.75,6.5275693,91.9021,-2.8658879,-39.044598,19.006834
52.76,6.5235634,91.846535,-2.8679128,-39.06909,18.994093
52.77,6.519565,91.79099,-2.8699346,-39.093586,18.981352
52.78,6.5155663,91.73546,-2.8719578,-39.11807,18.968628
52.79,6.511567,91.67997,-2.8739808,-39.142544,18.9559
52.8,6.507572,91.62454,-2.8760014,-39.166985,18.943178
52.81,6.503578,91.56913,-2.8780205,-39.191425,18.93048
52.82,6.49959,91.51376,-2.880038,-39.21583,18.91779
52.83,6.4956,91.458405,-2.882056,-39.240234,18.905094
52.84,6.491616,91.40308,-2.8840709,-39.264626,18.89242
52.85,6.487634,91.34781,-2.886086,-39.28899,18.879757
52.86,6.483652,91.29254,-2.8881004,-39.31336,18.867085
52.87,6.4796753,91.23736,-2.8901129,-39.33769,18.85443
52.88,6.475697,91.18216,-2.8921251,-39.36203,18.841784
52.89,6.471722,91.12702,-2.8941362,-39.386345,18.829142
52.9,6.467753,91.0719,-2.8961456,-39.410645,18.816513
52.91,6.4637823,91.01681,-2.8981555,-39.43493,18.803892
52.92,6.4598184,90.96177,-2.900162,-39.459183,18.791286
52.93,6.4558506,90.906715,-2.902169,-39.483448,18.778671
52.94,6.451888,90.85175,-2.9041739,-39.507694,18.766075
52.95,6.4479275,90.796745,-2.9061794,-39.53192,18.753483
52.96,6.443971,90.74187,-2.9081829,-39.556137,18.740896
52.97,6.440014,90.68692,-2.910186,-39.58034,18.728325
52.98,6.4360642,90.632095,-2.912187,-39.604507,18.715765
52.99,6.4321103,90.57728,-2.914187,-39.62868,18.703205
53.0,6.428161,90.52245,-2.9161866,-39.652855,18.690655
53.01,6.4242144,90.4677,-2.9181852,-39.676987,18.678104
53.02,6.420273,90.41298,-2.9201818,-39.7011,18.665585
53.03,6.4163303,90.35828,-2.9221778,-39.72522,18.653057
53.04,6.4123898,90.30362,-2.924173,-39.74931,18.640543
53.05,6.4084544,90.24895,-2.9261675,-39.773403,18.628038
53.06,6.404517,90.19435,-2.928161,-39.79747,18.61553
53.07,6.400587,90.13981,-2.930153,-39.82153,18.603037
53.08,6.3966527,90.08523,-2.9321434,-39.845573,18.590551
53.09,6.392731,90.03077,-2.9341328,-39.86959,18.578083
53.1,6.388804,89.97628,-2.9361215,-39.89358,18.565613
53.11,6.3848796,89.921814,-2.938109,-39.917587,18.55316
53.12,6.380959,89.86744,-2.9400957,-39.941566,18.540703
53.13,6.3770394,89.81304,-2.9420807,-39.96553,18.52826
53.14,6.3731246,89.75872,-2.9440641,-39.98947,18.515827
53.15,6.3692093,89.70436,-2.94605,-40.013428,18.503393
53.16,6.365298,89.65012,-2.9480314,-40.03734,18.49098
53.17,6.3613887,89.59587,-2.9500122,-40.061237,18.478575
53.18,6.357479,89.541664,-2.9519923,-40.08514,18.466167
53.19,6.3535795,89.48749,-2.9539697,-40.10899,18.453783
53.2,6.349675,89.43334,-2.9559488,-40.132877,18.441397
53.21,6.3457727,89.37919,-2.9579265,-40.15673,18.429014
53.22,6.3418746,89.32511,-2.9599025,-40.180553,18.41664
53.23,6.3379817,89.27107,-2.9618762,-40.20437,18.404285
53.24,6.3340855,89.21702,-2.9638515,-40.22819,18.391928
53.25,6.330198,89.16307,-2.9658227,-40.251965,18.379591
53.26,6.32631,89.10914,-2.9677944,-40.275726,18.367249
53.27,6.322422,89.055176,-2.9697647,-40.2995,18.354918
53.28,6.318538,89.0013,-2.9717345,-40.323235,18.342598
53.29,6.3146567,88.947426,-2.9737022,-40.346966,18.330288
53.3,6.310779,88.89362,-2.9756694,-40.370678,18.317984
53.31,6.3068986,88.83978,-2.977637,-40.3944,18.30568
53.32,6.3030276,88.78609,-2.9796014,-40.418076,18.293407
53.33,6.2991514,88.732315,-2.9815657,-40.441757,18.281115
53.34,6.295284,88.67865,-2.9835284,-40.465412,18.26885
53.35,6.2914166,88.62497,-2.9854898,-40.48905,18.256586
53.36,6.28755,88.57138,-2.9874501,-40.512676,18.244331
53.37,6.2836876,88.51778,-2.989409,-40.53629,18.232084
53.38,6.279827,88.46418,-2.9913685,-40.5599,18.219843
53.39,6.2759714,88.410706,-2.993325,-40.583477,18.207623
53.4,6.2721114,88.357155,-2.9952822,-40.60705,18.195387
53.41,6.268258,88.30369,-2.997237,-40.630585,18.18318
53.42,6.26441,88.250275,-2.999191,-40.65413,18.17097
53.43,6.260559,88.19686,-3.0011446,-40.677673,18.158772
53.44,6.256713,88.14349,-3.0030963,-40.70116,18.146591
53.45,6.252867,88.09015,-3.0050473,-40.724674,18.134403
53.46,6.249025,88.03684,-3.0069976,-40.74815,18.12223
53.47,6.245184,87.98356,-3.0089471,-40.77162,18.11006
53.48,6.24135,87.930336,-3.0108929,-40.795063,18.097912
53.49,6.2375145,87.87712,-3.0128405,-40.818504,18.085756
53.5,6.2336807,87.82397,-3.014786,-40.841923,18.073618
53.51,6.229851,87.77081,-3.0167298,-40.865326,18.061485
53.52,6.2260222,87.717674,-3.0186741,-40.88874,18.049356
53.53,6.222198,87.66466,-3.020615,-40.91209,18.037249
53.54,6.218375,87.6116,-3.022556,-40.935463,18.025137
53.55,6.2145524,87.558586,-3.0244963,-40.95882,18.013039
53.56,6.2107325,87.50559,-3.0264368,-40.982155,18.000933
53.57,6.2069173,87.45265,-3.0283737,-41.005474,17.988853
53.58,6.2031016,87.39972,-3.0303113,-41.02878,17.976776
53.59,6.1992893,87.34685,-3.032247,-41.052074,17.964706
53.6,6.1954813,87.29403,-3.03418,-41.075344,17.95265
53.61,6.191673,87.241165,-3.0361152,-41.098618,17.940596
53.62,6.187869,87.18841,-3.0380466,-41.121857,17.928558
53.63,6.1840677,87.13564,-3.039977,-41.145084,17.916523
53.64,6.180268,87.082954,-3.041908,-41.1683,17.904497
53.65,6.176467,87.03025,-3.0438385,-41.19152,17.89247
53.66,6.1726723,86.977585,-3.0457654,-41.21469,17.880465
53.67,6.168882,86.92501,-3.0476925,-41.23786,17.868464
53.68,6.1650896,86.87238,-3.0496192,-41.26103,17.856466
53.69,6.1613,86.819824,-3.0515435,-41.284184,17.84448
53.7,6.157512,86.76728,-3.0534675,-41.30732,17.832499
53.71,6.1537294,86.71483,-3.0553894,-41.33043,17.820532
53.72,6.149949,86.66235,-3.0573108,-41.353527,17.808561
53.73,6.146169,86.609924,-3.059231,-41.376602,17.796608
53.74,6.1423936,86.55754,-3.06115,-41.399677,17.784664
53.75,6.138617,86.505165,-3.0630693,-41.422726,17.77272
53.76,6.134846,86.45284,-3.064986,-41.445786,17.760794
53.77,6.1310735,86.40055,-3.066901,-41.468803,17.748873
53.78,6.127306,86.34827,-3.0688167,-41.491825,17.736958
53.79,6.12354,86.296036,-3.0707304,-41.51482,17.725052
53.8,6.1197805,86.24385,-3.0726423,-41.537796,17.71315
53.81,6.1160192,86.19171,-3.074555,-41.56077,17.70126
53.82,6.1122613,86.139565,-3.0764651,-41.583725,17.689383
53.83,6.1085024,86.08743,-3.0783746,-41.606667,17.67751
53.84,6.1047497,86.035385,-3.0802824,-41.629593,17.66564
53.85,6.100998,85.98332,-3.0821903,-41.6525,17.653778
53.86,6.0972486,85.93134,-3.084096,-41.675392,17.641935
53.87,6.093502,85.87939,-3.0860002,-41.698277,17.630096
53.88,6.0897584,85.82743,-3.0879054,-41.721138,17.61826
53.89,6.0860186,85.775536,-3.089807,-41.74399,17.606434
53.9,6.0822763,85.72367,-3.091709,-41.766815,17.594618
53.91,6.078539,85.67182,-3.0936096,-41.789646,17.582806
53.92,6.074805,85.620026,-3.095508,-41.81245,17.57101
53.93,6.071072,85.56822,-3.0974066,-41.835262,17.559214
53.94,6.0673423,85.516495,-3.099304,-41.85802,17.54743
53.95,6.063614,85.464806,-3.1011992,-41.88079,17.535652
53.96,6.0598893,85.41314,-3.1030948,-41.903545,17.523884
53.97,6.0561643,85.36145,-3.1049898,-41.92629,17.51212
53.98,6.0524426,85.30985,-3.106882,-41.949005,17.500374
53.99,6.048724,85.258255,-3.1087735,-41.971703,17.488625
54.0,6.045008,85.206665,-3.1106653,-41.99441,17.476881
54.01,6.041296,85.155235,-3.1125534,-42.017056,17.465162
54.02,6.037582,85.10369,-3.1144428,-42.039745,17.453438
54.03,6.033872,85.052246,-3.1163297,-42.06239,17.441727
54.04,6.0301657,85.00085,-3.1182156,-42.08501,17.430017
54.05,6.0264626,84.94947,-3.1201,-42.107624,17.418327
54.06,6.022758,84.898125,-3.1219847,-42.130234,17.406637
54.07,6.0190597,84.8468,-3.1238658,-42.152824,17.394958
54.08,6.0153613,84.79547,-3.1257486,-42.175407,17.383276
54.09,6.011667,84.74425,-3.12763,-42.197956,17.371616
54.1,6.0079756,84.69303,-3.1295078,-42.220497,17.359962
54.11,6.004282,84.64179,-3.1313877,-42.243042,17.348307
54.12,6.0005927,84.59067,-3.1332645,-42.26554,17.336672
54.13,5.996906,84.53952,-3.1351414,-42.288063,17.32503
54.14,5.993224,84.488434,-3.1370153,-42.31054,17.313416
54.15,5.989541,84.437355,-3.1388907,-42.33301,17.301794
54.16,5.9858623,84.38634,-3.1407633,-42.35547,17.290186
54.17,5.982186,84.33534,-3.1426342,-42.377907,17.278587
54.18,5.9785094,84.28438,-3.1445034,-42.40035,17.266998
54.19,5.9748397,84.23347,-3.1463737,-42.422752,17.255419
54.2,5.9711685,84.18255,-3.148242,-42.445156,17.24383
54.21,5.967501,84.13168,-3.1501095,-42.467525,17.23227
54.22,5.9638357,84.080826,-3.1519759,-42.489918,17.220701
54.23,5.9601727,84.030045,-3.1538408,-42.512257,17.209152
54.24,5.956514,83.979294,-3.1557043,-42.534615,17.197609
54.25,5.9528556,83.928535,-3.1575673,-42.55693,17.186075
54.26,5.949201,83.87784,-3.1594276,-42.579224,17.174547
54.27,5.9455466,83.82715,-3.1612885,-42.601536,17.163023
54.28,5.9418926,83.77652,-3.1631484,-42.62382,17.151508
54.29,5.9382453,83.725914,-3.1650076,-42.646095,17.140007
54.3,5.9346,83.67533,-3.1668637,-42.668335,17.12851
54.31,5.9309545,83.62477,-3.1687207,-42.69057,17.117022
54.32,5.9273133,83.574265,-3.1705759,-42.712803,17.105536
54.33,5.9236703,83.523796,-3.1724293,-42.735023,17.094059
54.34,5.9200373,83.473404,-3.1742806,-42.757187,17.082605
54.35,5.9164023,83.422935,-3.176134,-42.77938,17.071146
54.36,5.9127674,83.37255,-3.177985,-42.801567,17.059694
54.37,5.9091396,83.32225,-3.1798332,-42.823692,17.048254
54.38,5.905511,83.27192,-3.1816814,-42.845844,17.036821
54.39,5.9018817,83.221596,-3.183528,-42.867966,17.02539
54.4,5.8982606,83.17134,-3.1853752,-42.89009,17.013975
54.41,5.894639,83.12115,-3.18722,-42.912167,17.002573
54.42,5.8910217,83.07095,-3.1890643,-42.93425,16.99117
54.43,5.8874025,83.0208,-3.1909053,-42.956303,16.979774
54.44,5.883792,82.97068,-3.192747,-42.978374,16.968391
54.45,5.8801794,82.9206,-3.1945882,-43.000404,16.957012
54.46,5.8765697,82.870575,-3.1964276,-43.0224,16.94565
54.47,5.8729634,82.82051,-3.198265,-43.04442,16.934284
54.48,5.869358,82.77053,-3.2001023,-43.066418,16.922926
54.49,5.8657546,82.72054,-3.2019398,-43.088398,16.91158
54.5,5.862155,82.67063,-3.2037733,-43.110348,16.900244
54.51,5.8585606,82.620735,-3.205606,-43.1323,16.88892
54.52,5.8549623,82.57086,-3.207439,-43.154232,16.877592
54.53,5.8513713,82.52104,-3.2092702,-43.176144,16.866282
54.54,5.8477774,82.47121,-3.2111018,-43.19806,16.854967
54.55,5.844192,82.42148,-3.2129304,-43.21995,16.843676
54.56,5.8406034,82.37172,-3.214759,-43.241833,16.832384
54.57,5.837019,82.32202,-3.216586,-43.26369,16.821096
54.58,5.8334374,82.27235,-3.2184112,-43.28553,16.809828
54.59,5.82986,82.22274,-3.2202365,-43.30737,16.798563
54.6,5.8262844,82.173134,-3.22206,-43.329174,16.78731
54.61,5.8227086,82.123535,-3.2238824,-43.350998,16.77605
54.62,5.8191357,82.074005,-3.2257042,-43.37277,16.764807
54.63,5.8155656,82.02449,-3.2275238,-43.39455,16.753574
54.64,5.811999,81.97502,-3.2293427,-43.416306,16.742348
54.65,5.8084292,81.925545,-3.2311616,-43.43807,16.731121
54.66,5.8048706,81.87616,-3.2329772,-43.459778,16.71992
54.67,5.8013096,81.8268,-3.2347932,-43.481495,16.708715
54.68,5.79775,81.77745,-3.2366083,-43.5032,16.697517
54.69,5.794195,81.728134,-3.2384214,-43.524864,16.686333
54.7,5.7906394,81.67883,-3.2402349,-43.546574,16.675146
54.71,5.7870903,81.629616,-3.242045,-43.568214,16.663982
54.72,5.783538,81.58035,-3.2438557,-43.589867,16.65281
54.73,5.7799926,81.5312,-3.2456648,-43.61149,16.641659
54.74,5.7764487,81.482025,-3.2474718,-43.633106,16.630512
54.75,5.772906,81.43291,-3.2492788,-43.654697,16.619375
54.76,5.7693667,81.38382,-3.251084,-43.67629,16.60824
54.77,5.765829,81.33475,-3.2528903,-43.697865,16.59711
54.78,5.7622924,81.28571,-3.2546926,-43.71943,16.585997
54.79,5.75876,81.23675,-3.256495,-43.740986,16.574883
54.8,5.755228,81.187775,-3.258297,-43.7625,16.563786
54.81,5.7517033,81.138824,-3.2600968,-43.784023,16.552696
54.82,5.748176,81.089966,-3.2618945,-43.805504,16.54161
54.83,5.7446513,81.04108,-3.2636924,-43.827003,16.530527
54.84,5.7411313,80.992256,-3.2654893,-43.848476,16.519457
54.85,5.7376127,80.943474,-3.2672844,-43.869904,16.5084
54.86,5.734095,80.894684,-3.2690797,-43.891365,16.497341
54.87,5.7305818,80.84594,-3.2708733,-43.912792,16.486294
54.88,5.727068,80.79722,-3.2726653,-43.934208,16.475254
54.89,5.7235613,80.74858,-3.2744553,-43.9556,16.464231
54.9,5.720049,80.69993,-3.2762456,-43.97699,16.453201
54.91,5.716544,80.65129,-3.278035,-43.998375,16.442184
54.92,5.713045,80.60276,-3.2798204,-44.019703,16.431187
54.93,5.709544,80.55419,-3.281609,-44.041058,16.420181
54.94,5.7060456,80.50572,-3.283393,-44.062374,16.409195
54.95,5.7025504,80.457214,-3.285178,-44.0837,16.398207
54.96,5.6990557,80.40875,-3.2869608,-44.105,16.38723
54.97,5.6955633,80.36032,-3.2887437,-44.126286,16.376257
54.98,5.692076,80.311935,-3.290524,-44.14754,16.365305
54.99,5.688588,80.26361,-3.2923043,-44.168804,16.354345
55.0,5.685104,80.21531,-3.294082,-44.190052,16.343407
55.01,5.681621,80.16699,-3.29586,-44.211266,16.332466
55.02,5.6781425,80.11874,-3.2976358,-44.23247,16.321539
55.03,5.674664,80.07053,-3.2994115,-44.253677,16.310617
55.04,5.6711917,80.02231,-3.3011858,-44.274864,16.2997
55.05,5.6677175,79.97418,-3.3029585,-44.29602,16.288797
55.06,5.664244,79.92602,-3.304732,-44.317204,16.277893
55.07,5.660779,79.87796,-3.3065004,-44.338314,16.267012
55.08,5.65731,79.82986,-3.308272,-44.35945,16.256119
55.09,5.6538496,79.78184,-3.3100393,-44.380547,16.245253
55.1,5.6503882,79.73385,-3.3118055,-44.401653,16.234386
55.11,5.646926,79.68586,-3.3135736,-44.422737,16.223522
55.12,5.643472,79.63792,-3.3153384,-44.4438,16.212673
55.13,5.640016,79.59006,-3.3171024,-44.46487,16.201828
55.14,5.6365623,79.542145,-3.3188658,-44.485916,16.190987
55.15,5.6331134,79.49429,-3.3206277,-44.506943,16.18016
55.16,5.629667,79.446526,-3.3223872,-44.52794,16.169342
55.17,5.6262217,79.39874,-3.3241475,-44.548946,16.158537
55.18,5.622779,79.35099,-3.3259056,-44.569927,16.147724
55.19,5.619341,79.30331,-3.327661,-44.590878,16.136932
55.2,5.6158986,79.25559,-3.3294196,-44.611847,16.126135
55.21,5.612462,79.20794,-3.3311732,-44.63279,16.115356
55.22,5.6090274,79.160324,-3.3329277,-44.653713,16.104574
55.23,5.6055984,79.11274,-3.3346798,-44.67463,16.093815
55.24,5.6021686,79.0652,-3.3364325,-44.695534,16.083052
55.25,5.598742,79.017685,-3.338183,-44.716404,16.072308
55.26,5.5953183,78.97021,-3.3399308,-44.737263,16.061565
55.27,5.5918946,78.922714,-3.3416798,-44.758125,16.050827
55.28,5.588475,78.87529,-3.3434272,-44.778965,16.040096
55.29,5.585058,78.82791,-3.3451724,-44.799793,16.029377
55.3,5.5816417,78.780525,-3.3469176,-44.820602,16.018665
55.31,5.5782285,78.73319,-3.348662,-44.8414,16.007956
55.32,5.574817,78.6859,-3.350405,-44.862186,15.997259
55.33,5.5714083,78.63862,-3.3521461,-44.88297,15.986574
55.34,5.5680013,78.591385,-3.3538857,-44.903713,15.975892
55.35,5.5646005,78.5442,-3.3556247,-44.924435,15.965218
55.36,5.5611973,78.49699,-3.3573627,-44.945175,15.954546
55.37,5.557795,78.449875,-3.3591006,-44.96589,15.94389
55.38,5.5544,78.40279,-3.3608363,-44.98658,15.933237
55.39,5.551006,78.35568,-3.362571,-45.00728,15.922598
55.4,5.5476127,78.30863,-3.3643038,-45.02792,15.91196
55.41,5.54422,78.26163,-3.3660364,-45.048584,15.901333
55.42,5.540833,78.21462,-3.367768,-45.06922,15.890711
55.43,5.5374465,78.16768,-3.3694992,-45.08986,15.880093
55.44,5.534066,78.1208,-3.3712275,-45.110462,15.869497
55.45,5.5306816,78.07388,-3.372956,-45.131073,15.858891
55.46,5.5273046,78.027054,-3.374682,-45.151653,15.848307
55.47,5.5239277,77.98021,-3.3764093,-45.172226,15.837718
55.48,5.520554,77.933426,-3.3781319,-45.192772,15.827149
55.49,5.517182,77.88664,-3.3798563,-45.213333,15.816574
55.5,5.513812,77.83993,-3.3815787,-45.233845,15.806021
55.51,5.510444,77.79325,-3.3832989,-45.254353,15.795463
55.52,5.5070786,77.74655,-3.3850207,-45.27487,15.784916
55.53,5.5037165,77.699905,-3.3867388,-45.295357,15.774385
55.54,5.500356,77.65333,-3.3884573,-45.315815,15.763853
55.55,5.4969964,77.60676,-3.3901742,-45.33629,15.753332
55.56,5.49364,77.56022,-3.39189,-45.356724,15.742818
55.57,5.490287,77.5137,-3.3936036,-45.37715,15.732318
55.58,5.486935,77.46723,-3.3953166,-45.397556,15.721815
55.59,5.4835873,77.420784,-3.397029,-45.417965,15.711326
55.6,5.4802384,77.37437,-3.3987393,-45.438347,15.700845
55.61,5.4768925,77.327995,-3.4004505,-45.45872,15.690366
55.62,5.47355,77.28164,-3.4021595,-45.47908,15.679897
55.63,5.4702106,77.23533,-3.403866,-45.499424,15.669437
55.64,5.4668736,77.18903,-3.405573,-45.51976,15.658985
55.65,5.463538,77.14276,-3.407279,-45.540066,15.648537
55.66,5.460204,77.09653,-3.4089832,-45.560375,15.638099
55.67,5.4568734,77.05036,-3.4106853,-45.58064,15.627671
55.68,5.4535437,77.00418,-3.412389,-45.60093,15.617243
55.69,5.4502172,76.95808,-3.4140887,-45.621193,15.60683
55.7,5.446892,76.91199,-3.415789,-45.641434,15.596424
55.71,5.443571,76.865875,-3.4174879,-45.661663,15.586024
55.72,5.4402494,76.819824,-3.4191856,-45.68189,15.575629
55.73,5.4369335,76.77385,-3.4208822,-45.702087,15.565243
55.74,5.433617,76.727875,-3.4225774,-45.722275,15.554864
55.75,5.430304,76.68195,-3.4242723,-45.74245,15.544498
55.76,5.4269958,76.63604,-3.4259632,-45.7626,15.534141
55.77,5.4236856,76.59017,-3.4276567,-45.78276,15.523783
55.78,5.4203806,76.5443,-3.4293473,-45.802887,15.5134325
55.79,5.4170747,76.49847,-3.4310374,-45.82301,15.503096
55.8,5.413774,76.45269,-3.4327254,-45.84313,15.492756
55.81,5.410475,76.40693,-3.4344134,-45.863213,15.482432
55.82,5.4071784,76.36122,-3.4360988,-45.88329,15.472119
55.83,5.4038825,76.31554,-3.4377847,-45.903347,15.461805
55.84,5.400591,76.26989,-3.439469,-45.9234,15.451507
55.85,5.397299,76.22424,-3.4411519,-45.94343,15.44121
55.86,5.3940115,76.17866,-3.4428332,-45.963448,15.430924
55.87,5.3907256,76.13309,-3.444514,-45.98345,15.420647
55.88,5.3874416,76.087524,-3.4461946,-46.003456,15.410372
55.89,5.3841605,76.04205,-3.4478729,-46.023426,15.400113
55.9,5.38088,75.99657,-3.4495509,-46.043407,15.389848
55.91,5.3776045,75.95112,-3.4512255,-46.06335,15.3796015
55.92,5.3743315,75.90574,-3.4529004,-46.083275,15.369362
55.93,5.3710575,75.86033,-3.4545753,-46.103195,15.359123
55.94,5.367788,75.81501,-3.4562485,-46.123096,15.348897
55.95,5.364519,75.76967,-3.4579206,-46.14302,15.338677
55.96,5.3612556,75.724365,-3.4595902,-46.162907,15.328465
55.97,5.3579893,75.67914,-3.4612608,-46.18276,15.318259
55.98,5.35473,75.63391,-3.4629283,-46.202614,15.308061
55.99,5.3514705,75.5887,-3.464596,-46.222454,15.29787
56.0,5.348214,75.54356,-3.4662619,-46.242268,15.287696
56.01,5.3449597,75.498436,-3.4679258,-46.26209,15.277516
56.02,5.3417077,75.45333,-3.4695911,-46.281887,15.267346
56.03,5.338458,75.408264,-3.4712534,-46.301666,15.25719
56.04,5.335209,75.36319,-3.4729161,-46.321445,15.247032
56.05,5.331963,75.3182,-3.4745772,-46.3412,15.236883
56.06,5.328721,75.27324,-3.4762363,-46.360943,15.22675
56.07,5.3254814,75.228294,-3.4778936,-46.38067,15.2166195
56.08,5.322241,75.18341,-3.4795508,-46.400387,15.206497
56.09,5.3190055,75.13851,-3.4812076,-46.420074,15.196388
56.1,5.3157706,75.09364,-3.4828625,-46.43977,15.186272
56.11,5.312537,75.04884,-3.4845166,-46.45944,15.176172
56.12,5.3093104,75.00405,-3.486169,-46.479103,15.166079
56.13,5.306081,74.959274,-3.487821,-46.49874,15.155993
56.14,5.3028545,74.914536,-3.4894722,-46.518387,15.145909
56.15,5.2996325,74.869865,-3.491121,-46.538006,15.135844
56.16,5.296415,74.82522,-3.4927678,-46.5576,15.125784
56.17,5.2931943,74.780556,-3.4944158,-46.577175,15.115726
56.18,5.2899776,74.73596,-3.4960613,-46.596756,15.105675
56.19,5.2867646,74.69139,-3.4977067,-46.616318,15.0956335
56.2,5.2835507,74.646835,-3.4993505,-46.63587,15.085599
56.21,5.280342,74.60233,-3.5009935,-46.65541,15.075574
56.22,5.277135,74.55786,-3.5026355,-46.674934,15.065547
56.23,5.27393,74.51343,-3.5042753,-46.694427,15.055541
56.24,5.2707253,74.46898,-3.505915,-46.713924,15.045532
56.25,5.2675276,74.42463,-3.507552,-46.733395,15.035541
56.26,5.264329,74.38029,-3.5091903,-46.752857,15.025554
56.27,5.2611313,74.33593,-3.510826,-46.772324,15.015565
56.28,5.2579384,74.29163,-3.5124605,-46.791756,15.00559
56.29,5.2547455,74.24735,-3.5140953,-46.81118,14.995621
56.3,5.2515564,74.20314,-3.5157278,-46.830597,14.985661
56.31,5.248368,74.158936,-3.5173588,-46.849983,14.97571
56.32,5.245184,74.11476,-3.5189903,-46.869377,14.965762
56.33,5.2420006,74.07062,-3.5206208,-46.88875,14.955821
56.34,5.238821,74.02653,-3.5222466,-46.908077,14.945895
56.35,5.2356434,73.98244,-3.5238736,-46.927418,14.935972
56.36,5.2324657,73.9384,-3.5254996,-46.946774,14.926055
56.37,5.22929,73.89437,-3.5271246,-46.966084,14.9161415
56.38,5.226119,73.85038,-3.5287485,-46.985374,14.906241
56.39,5.222951,73.806435,-3.5303707,-47.00466,14.896349
56.4,5.2197843,73.762535,-3.5319922,-47.023926,14.886465
56.41,5.216619,73.71862,-3.533613,-47.043186,14.876584
56.42,5.213456,73.67475,-3.5352318,-47.062428,14.866707
56.43,5.2102933,73.63091,-3.5368505,-47.081665,14.856844
56.44,5.2071366,73.58712,-3.5384676,-47.10088,14.846986
56.45,5.203978,73.54333,-3.5400846,-47.1201,14.837132
56.46,5.200825,73.49962,-3.5416977,-47.139275,14.827294
56.47,5.1976733,73.45589,-3.5433128,-47.15846,14.817451
56.48,5.194526,73.41224,-3.544925,-47.177605,14.80763
56.49,5.1913757,73.36857,-3.5465364,-47.196774,14.797799
56.5,5.18823,73.32494,-3.548147,-47.215904,14.78799
56.51,5.1850896,73.28137,-3.549755,-47.23502,14.778191
56.52,5.1819487,73.237816,-3.5513642,-47.254128,14.768385
56.53,5.1788096,73.1943,-3.5529716,-47.273235,14.758594
56.54,5.175672,73.150795,-3.554577,-47.292316,14.748805
56.55,5.172536,73.10729,-3.556183,-47.311394,14.739026
56.56,5.1694074,73.063896,-3.557786,-47.330425,14.72926
56.57,5.1662765,73.02051,-3.559389,-47.34948,14.719499
56.58,5.163149,72.9771,-3.5609899,-47.36851,14.709737
56.59,5.160023,72.93377,-3.5625906,-47.387512,14.699988
56.6,5.156899,72.890465,-3.564188,-47.406506,14.690246
56.61,5.1537786,72.847145,-3.5657897,-47.425503,14.6805105
56.62,5.15066,72.80391,-3.5673845,-47.444477,14.670784
56.63,5.147543,72.760666,-3.5689821,-47.463432,14.661066
56.64,5.1444297,72.71751,-3.5705764,-47.482365,14.651351
56.65,5.141316,72.67434,-3.5721705,-47.50132,14.641642
56.66,5.1382055,72.631195,-3.5737624,-47.520218,14.631946
56.67,5.1351,72.5881,-3.5753536,-47.53912,14.622255
56.68,5.1319933,72.54503,-3.576944,-47.558014,14.612573
56.69,5.1288896,72.50199,-3.5785348,-47.576893,14.602895
56.7,5.1257873,72.45895,-3.580124,-47.595776,14.59322
56.71,5.1226892,72.416,-3.5817091,-47.61462,14.583562
56.72,5.1195917,72.373024,-3.5832965,-47.633457,14.573902
56.73,5.1164975,72.330124,-3.5848815,-47.65227,14.564259
56.74,5.1134057,72.28724,-3.5864637,-47.67109,14.554619
56.75,5.1103144,72.244385,-3.5880475,-47.68988,14.544984
56.76,5.107227,72.20156,-3.5896287,-47.70865,14.53536
56.77,5.104141,72.15877,-3.5912094,-47.727436,14.525736
56.78,5.101058,72.115974,-3.5927885,-47.74619,14.516128
56.79,5.0979757,72.07326,-3.5943663,-47.76493,14.506523
56.8,5.0948954,72.030556,-3.5959442,-47.783653,14.496926
56.81,5.0918183,71.98788,-3.5975204,-47.80236,14.48733
56.82,5.088745,71.94523,-3.5990942,-47.82106,14.47775
56.83,5.085672,71.90259,-3.6006703,-47.83977,14.468167
56.84,5.0826015,71.86003,-3.6022425,-47.85843,14.458603
56.85,5.079532,71.81746,-3.6038132,-47.87711,14.449039
56.86,5.0764647,71.77495,-3.6053843,-47.895756,14.439481
56.87,5.0734015,71.73246,-3.606954,-47.91438,14.429937
56.88,5.070341,71.689964,-3.608522,-47.933,14.420395
56.89,5.067281,71.64755,-3.6100893,-47.951584,14.410869
56.9,5.064224,71.60514,-3.6116552,-47.970207,14.401338
56.91,5.0611687,71.56275,-3.61322,-47.988773,14.391819
56.92,5.0581155,71.520424,-3.614784,-48.00734,14.382311
56.93,5.0550613,71.47807,-3.6163483,-48.025906,14.372798
56.94,5.0520153,71.435814,-3.6179094,-48.04445,14.363302
56.95,5.048966,71.393555,-3.6194706,-48.062992,14.353808
56.96,5.0459228,71.351326,-3.6210299,-48.08149,14.344324
56.97,5.04288,71.30911,-3.622589,-48.09999,14.334848
56.98,5.03984,71.26697,-3.624146,-48.118473,14.325378
56.99,5.0368,71.22481,-3.6257026,-48.13695,14.3159075
57.0,5.0337663,71.182724,-3.627257,-48.155407,14.306465
57.01,5.0307336,71.14064,-3.6288116,-48.173855,14.297011
57.02,5.0277023,71.09862,-3.6303635,-48.192287,14.287573
57.03,5.0246716,71.05659,-3.6319165,-48.210705,14.278142
57.04,5.0216427,71.014595,-3.633467,-48.229103,14.268709
57.05,5.01862,70.97266,-3.6350172,-48.247498,14.25929
57.06,5.0155954,70.9307,-3.6365666,-48.26589,14.249868
57.07,5.012576,70.88882,-3.638113,-48.284245,14.24047
57.08,5.0095572,70.846954,-3.6396608,-48.302616,14.231065
57.09,5.0065413,70.80512,-3.6412053,-48.320953,14.221678
57.1,5.0035243,70.76329,-3.64275,-48.339283,14.21229
57.11,5.000514,70.72152,-3.644293,-48.357605,14.202912
57.12,4.9975038,70.67976,-3.6458344,-48.375893,14.193544
57.13,4.994494,70.63803,-3.6473765,-48.39419,14.184177
57.14,4.991491,70.59638,-3.6489158,-48.41244,14.174823
57.15,4.9884863,70.55471,-3.650455,-48.430714,14.165469
57.16,4.9854856,70.513084,-3.651993,-48.448948,14.15613
57.17,4.9824867,70.47149,-3.6535296,-48.46719,14.146795
57.18,4.979489,70.42991,-3.6550648,-48.48541,14.1374655
57.19,4.976494,70.38838,-3.656599,-48.503613,14.128144
57.2,4.973502,70.34685,-3.6581323,-48.521812,14.118827
57.21,4.970511,70.3054,-3.6596646,-48.539997,14.109521
57.22,4.967524,70.26392,-3.6611962,-48.558147,14.100222
57.23,4.964536,70.222496,-3.6627269,-48.57631,14.090924
57.24,4.9615507,70.18111,-3.664256,-48.594467,14.081635
57.25,4.95857,70.13975,-3.6657836,-48.61258,14.072358
57.26,4.9555893,70.09841,-3.6673098,-48.630703,14.0630865
57.27,4.9526124,70.05712,-3.6688359,-48.648796,14.053818
57.28,4.949637,70.015854,-3.670361,-48.666897,14.04456
57.29,4.946663,69.9746,-3.6718838,-48.684956,14.03531
57.3,4.9436913,69.933395,-3.6734056,-48.703026,14.026066
57.31,4.9407225,69.89219,-3.6749282,-48.721073,14.016825
57.32,4.9377546,69.85102,-3.6764486,-48.739117,14.007589
57.33,4.9347906,69.80993,-3.6779673,-48.757133,13.998373
57.34,4.9318275,69.76883,-3.6794865,-48.775146,13.989156
57.35,4.928868,69.72777,-3.681002,-48.793137,13.97995
57.36,4.9259086,69.68671,-3.682518,-48.81114,13.970741
57.37,4.9229527,69.64573,-3.684033,-48.829098,13.961546
57.38,4.9199977,69.604744,-3.6855464,-48.847054,13.952355
57.39,4.917046,69.56379,-3.6870599,-48.86499,13.9431715
57.4,4.914095,69.52283,-3.6885717,-48.882935,13.933993
57.41,4.911148,69.48198,-3.690083,-48.90085,13.924828
57.42,4.9082036,69.44112,-3.6915898,-48.918728,13.91567
57.43,4.9052577,69.40028,-3.6931,-48.936646,13.906508
57.44,4.9023166,69.35946,-3.694607,-48.954525,13.897362
57.45,4.899378,69.31871,-3.6961133,-48.972393,13.888223
57.46,4.89644,69.27796,-3.6976192,-48.990242,13.8790865
57.47,4.8935046,69.23726,-3.6991236,-49.008087,13.869959
57.48,4.8905716,69.19657,-3.7006252,-49.025883,13.860844
57.49,4.8876405,69.15591,-3.7021282,-49.043724,13.851727
57.5,4.884713,69.11527,-3.7036283,-49.061504,13.842618
57.51,4.881786,69.07469,-3.7051275,-49.07929,13.833524
57.52,4.878863,69.034134,-3.706627,-49.097065,13.824428
57.53,4.8759384,68.99361,-3.7081242,-49.114826,13.81534
57.54,4.873019,68.95309,-3.7096205,-49.13258,13.806265
57.55,4.870102,68.9126,-3.711116,-49.15032,13.7971945
57.56,4.867184,68.87213,-3.7126112,-49.16804,13.788125
57.57,4.8642693,68.83171,-3.7141051,-49.185753,13.779062
57.58,4.861359,68.79133,-3.7155967,-49.20345,13.770014
57.59,4.8584485,68.75098,-3.717087,-49.221134,13.760964
57.6,4.8555408,68.71064,-3.7185776,-49.23878,13.75193
57.61,4.8526354,68.67032,-3.720066,-49.25645,13.742902
57.62,4.8497334,68.63007,-3.7215538,-49.27408,13.733876
57.63,4.8468304,68.589806,-3.723041,-49.291714,13.724861
57.64,4.8439307,68.54961,-3.7245271,-49.309345,13.715848
57.65,4.8410354,68.50941,-3.726011,-49.326935,13.706848
57.66,4.8381376,68.46923,-3.727495,-49.344547,13.69784
57.67,4.835247,68.429115,-3.7289767,-49.362114,13.688857
57.68,4.8323555,68.389,-3.7304587,-49.37969,13.6798725
57.69,4.829466,68.34893,-3.7319393,-49.397243,13.670893
57.7,4.82658,68.30889,-3.733419,-49.41477,13.661928
57.71,4.823695,68.26889,-3.734896,-49.432297,13.6529665
57.72,4.820813,68.228905,-3.7363734,-49.44981,13.644009
57.73,4.817932,68.188934,-3.7378507,-49.467323,13.635059
57.74,4.815053,68.149,-3.7393253,-49.484833,13.626111
57.75,4.812179,68.10912,-3.740799,-49.50228,13.617182
57.76,4.809304,68.06924,-3.742272,-49.519745,13.608254
57.77,4.806432,68.0294,-3.7437437,-49.537193,13.599329
57.78,4.8035617,67.98956,-3.7452147,-49.554646,13.590408
57.79,4.8006935,67.9498,-3.7466853,-49.57207,13.581505
57.8,4.7978296,67.91006,-3.748152,-49.589462,13.572605
57.81,4.7949657,67.870316,-3.7496212,-49.60687,13.563706
57.82,4.7921042,67.83063,-3.751088,-49.62426,13.554815
57.83,4.7892423,67.79093,-3.7525537,-49.641647,13.545929
57.84,4.786389,67.75132,-3.754017,-49.658993,13.537062
57.85,4.783532,67.711716,-3.7554808,-49.676342,13.528193
57.86,4.780678,67.67211,-3.7569432,-49.693684,13.519329
57.87,4.777828,67.63256,-3.7584033,-49.710995,13.510475
57.88,4.774977,67.59302,-3.7598639,-49.72829,13.50163
57.89,4.7721324,67.55356,-3.7613225,-49.745598,13.492787
57.9,4.769286,67.514084,-3.7627811,-49.762882,13.48395
57.91,4.7664437,67.474625,-3.7642386,-49.780155,13.475123
57.92,4.7636027,67.43523,-3.765694,-49.797417,13.466304
57.93,4.7607646,67.39585,-3.7671485,-49.814644,13.457486
57.94,4.7579274,67.35649,-3.7686028,-49.831882,13.44868
57.95,4.7550936,67.31716,-3.770054,-49.849106,13.439877
57.96,4.752263,67.2779,-3.7715046,-49.866295,13.431087
57.97,4.749432,67.238625,-3.7729554,-49.883503,13.4222975
57.98,4.746601,67.199356,-3.7744064,-49.900677,13.413512
57.99,4.7437763,67.16017,-3.775854,-49.91786,13.404744
58.0,4.7409525,67.121,-3.7773015,-49.93501,13.395977
58.01,4.738132,67.08184,-3.7787476,-49.95215,13.387215
58.02,4.7353096,67.04271,-3.7801938,-49.96929,13.378455
58.03,4.7324924,67.003624,-3.7816381,-49.9864,13.36971
58.04,4.729676,66.96452,-3.783081,-50.003517,13.360966
58.05,4.7268634,66.9255,-3.7845232,-50.020596,13.352236
58.06,4.7240496,66.88648,-3.7859647,-50.03768,13.343505
58.07,4.7212415,66.84753,-3.7874036,-50.05474,13.334786
58.08,4.718432,66.80854,-3.7888427,-50.071808,13.326072
58.09,4.715629,66.76964,-3.7902796,-50.088833,13.317364
58.1,4.7128253,66.73075,-3.7917166,-50.105858,13.308666
58.11,4.710023,66.69189,-3.7931526,-50.122883,13.299966
58.12,4.707224,66.65304,-3.7945876,-50.139896,13.291284
58.13,4.704427,66.61423,-3.7960207,-50.15688,13.2825985
58.14,4.7016306,66.57544,-3.7974544,-50.173862,13.273926
58.15,4.6988373,66.53667,-3.7988863,-50.190826,13.265252
58.16,4.6960473,66.49798,-3.8003151,-50.207767,13.256601
58.17,4.6932583,66.459274,-3.8017464,-50.224705,13.24794
58.18,4.690472,66.42062,-3.8031733,-50.241642,13.239294
58.19,4.687685,66.381966,-3.8046014,-50.258564,13.23065
58.2,4.684902,66.34334,-3.8060277,-50.275475,13.222013
58.21,4.6821218,66.30479,-3.8074517,-50.292343,13.21339
58.22,4.6793423,66.2662,-3.8088772,-50.30923,13.204767
58.23,4.676566,66.22769,-3.8102996,-50.326096,13.196153
58.24,4.6737895,66.189186,-3.8117213,-50.342953,13.187545
58.25,4.6710186,66.15069,-3.8131418,-50.35979,13.17894
58.26,4.668248,66.11227,-3.814563,-50.37661,13.170346
58.27,4.6654787,66.073875,-3.8159819,-50.393433,13.161755
58.28,4.662711,66.03547,-3.8173993,-50.41023,13.153172
58.29,4.6599493,65.997116,-3.8188155,-50.427013,13.144601
58.3,4.657186,65.9588,-3.8202322,-50.44379,13.136033
58.31,4.6544237,65.92046,-3.8216467,-50.46057,13.1274605
58.32,4.6516666,65.88221,-3.8230608,-50.477303,13.118911
58.33,4.648909,65.843956,-3.8244734,-50.494057,13.110356
58.34,4.646156,65.80574,-3.8258846,-50.510784,13.101818
58.35,4.643403,65.76755,-3.827295,-50.527485,13.093282
58.36,4.6406507,65.72937,-3.8287053,-50.544212,13.084745
58.37,4.637905,65.69126,-3.830113,-50.56089,13.076228
58.38,4.635157,65.65314,-3.8315208,-50.57758,13.067708
58.39,4.6324124,65.61504,-3.8329282,-50.59423,13.059199
58.4,4.62967,65.57699,-3.834333,-50.610893,13.050693
58.41,4.6269293,65.53899,-3.835737,-50.62753,13.042196
58.42,4.624193,65.50101,-3.8371403,-50.64415,13.033709
58.43,4.621458,65.46304,-3.8385422,-50.66076,13.025226
58.44,4.6187224,65.425095,-3.8399432,-50.67737,13.0167465
58.45,4.6159897,65.38719,-3.8413436,-50.69395,13.008271
58.46,4.6132603,65.34929,-3.8427439,-50.710537,12.999802
58.47,4.61053,65.31144,-3.8441408,-50.727108,12.991347
58.48,4.6078053,65.27362,-3.8455374,-50.74365,12.982898
58.49,4.605082,65.23583,-3.8469334,-50.76018,12.974454
58.5,4.6023602,65.19805,-3.8483288,-50.77671,12.966013
58.51,4.5996394,65.16031,-3.849722,-50.79323,12.957583
58.52,4.5969224,65.12258,-3.851115,-50.809734,12.949158
58.53,4.5942073,65.08492,-3.8525062,-50.826214,12.940741
58.54,4.591492,65.04723,-3.8538976,-50.84271,12.932322
58.55,4.5887814,65.00961,-3.855288,-50.859173,12.923921
58.56,4.586069,64.972,-3.8566766,-50.87564,12.915519
58.57,4.5833635,64.93442,-3.8580635,-50.89207,12.907123
58.58,4.580654,64.896866,-3.8594508,-50.90851,12.898731
58.59,4.5779505,64.85936,-3.860837,-50.924927,12.89035
58.6,4.5752516,64.82187,-3.8622203,-50.94132,12.881981
58.61,4.5725484,64.78438,-3.863605,-50.95771,12.873605
58.62,4.5698524,64.74698,-3.8649867,-50.974083,12.865252
58.63,4.5671544,64.70954,-3.8663685,-50.990467,12.856892
58.64,4.564462,64.672195,-3.867749,-51.006813,12.848547
58.65,4.5617704,64.63481,-3.869128,-51.02317,12.840205
58.66,4.559079,64.59749,-3.870507,-51.03947,12.831873
58.67,4.556392,64.56021,-3.871884,-51.055794,12.823544
58.68,4.5537057,64.5229,-3.8732617,-51.07212,12.815213
58.69,4.5510235,64.48568,-3.874635,-51.088398,12.806899
58.7,4.5483403,64.44844,-3.87601,-51.10469,12.798588
58.71,4.545662,64.41126,-3.8773828,-51.120937,12.790284
58.72,4.5429835,64.3741,-3.878755,-51.137215,12.781987
58.73,4.5403075,64.33697,-3.8801258,-51.153454,12.773698
58.74,4.537632,64.29984,-3.881496,-51.16968,12.765415
58.75,4.5349607,64.262764,-3.8828657,-51.185905,12.757131
58.76,4.532292,64.22573,-3.884233,-51.20211,12.748866
58.77,4.5296235,64.188705,-3.8856013,-51.218304,12.740597
58.78,4.5269585,64.1517,-3.8869665,-51.234505,12.732336
58.79,4.5242953,64.114746,-3.8883317,-51.250664,12.724086
58.8,4.521631,64.07778,-3.889696,-51.26683,12.715836
58.81,4.5189714,64.040886,-3.891059,-51.282978,12.707597
58.82,4.5163126,64.00399,-3.8924205,-51.299118,12.699365
58.83,4.5136547,63.967087,-3.8937829,-51.315258,12.691129
58.84,4.5110035,63.93029,-3.8951414,-51.33134,12.682914
58.85,4.508351,63.89347,-3.896501,-51.34745,12.674701
58.86,4.505699,63.85668,-3.897859,-51.363544,12.666487
58.87,4.5030513,63.819946,-3.8992157,-51.379616,12.65829
58.88,4.500404,63.783195,-3.9005718,-51.39568,12.650092
58.89,4.4977627,63.746544,-3.9019263,-51.411713,12.641907
58.9,4.4951186,63.70984,-3.9032807,-51.427753,12.633718
58.91,4.492479,63.673218,-3.9046326,-51.443794,12.625546
58.92,4.4898405,63.63658,-3.9059854,-51.459812,12.617369
58.93,4.487203,63.600006,-3.907336,-51.475807,12.609209
58.94,4.48457,63.56343,-3.9086857,-51.4918,12.601051
58.95,4.481935,63.5269,-3.9100347,-51.507797,12.5928955
58.96,4.4793057,63.49038,-3.911381,-51.523746,12.584749
58.97,4.476676,63.453896,-3.912729,-51.539715,12.576609
58.98,4.4740496,63.417442,-3.9140747,-51.555645,12.568478
58.99,4.4714265,63.381042,-3.9154189,-51.571568,12.560353
59.0,4.4688034,63.344635,-3.9167628,-51.587486,12.552235
59.01,4.466183,63.308273,-3.918105,-51.603394,12.544121
59.02,4.4635644,63.271927,-3.9194467,-51.61928,12.536012
59.03,4.460947,63.23561,-3.9207876,-51.63516,12.527908
59.04,4.4583335,63.199318,-3.922128,-51.651035,12.519815
59.05,4.455721,63.163048,-3.9234662,-51.666878,12.5117235
59.06,4.453109,63.126816,-3.924804,-51.68274,12.50364
59.07,4.450501,63.090614,-3.9261394,-51.69856,12.495566
59.08,4.4478936,63.054413,-3.9274755,-51.714397,12.4874935
59.09,4.445289,63.01828,-3.9288096,-51.730213,12.479431
59.1,4.4426847,62.98214,-3.9301448,-51.74599,12.471374
59.11,4.4400845,62.946037,-3.9314766,-51.761784,12.46332
59.12,4.4374857,62.909966,-3.932806,-51.77755,12.455278
59.13,4.4348884,62.87391,-3.9341385,-51.79333,12.447238
59.14,4.432294,62.83789,-3.9354675,-51.80906,12.439205
59.15,4.4296994,62.801888,-3.9367964,-51.824825,12.431177
59.16,4.427109,62.765945,-3.9381232,-51.840527,12.42316
59.17,4.4245195,62.729996,-3.93945,-51.856255,12.415144
59.18,4.42193,62.694054,-3.9407763,-51.871967,12.407131
59.19,4.419346,62.658173,-3.9421008,-51.88765,12.399132
59.2,4.4167614,62.622307,-3.9434247,-51.903328,12.391132
59.21,4.41418,62.586494,-3.9447465,-51.918976,12.383146
59.22,4.4116006,62.550674,-3.946068,-51.934643,12.375161
59.23,4.4090223,62.514885,-3.9473884,-51.950294,12.367183
59.24,4.4064455,62.47914,-3.9487076,-51.96592,12.359211
59.25,4.4038744,62.443443,-3.950026,-51.981525,12.351246
59.26,4.4013,62.407707,-3.9513445,-51.997143,12.343285
59.27,4.3987303,62.372017,-3.9526603,-52.012768,12.335336
59.28,4.3961625,62.33641,-3.953975,-52.028316,12.327392
59.29,4.3935947,62.30076,-3.9552906,-52.0439,12.319451
59.3,4.3910327,62.265182,-3.9566033,-52.059452,12.311519
59.31,4.3884697,62.229607,-3.9579167,-52.075016,12.303587
59.32,4.385909,62.194084,-3.959228,-52.090557,12.295662
59.33,4.38335,62.15856,-3.9605386,-52.106075,12.287745
59.34,4.3807936,62.123062,-3.9618475,-52.121586,12.279843
59.35,4.3782396,62.08763,-3.963157,-52.137085,12.27194
59.36,4.375687,62.052193,-3.9644651,-52.152565,12.264038
59.37,4.373136,62.01677,-3.9657707,-52.16804,12.256148
59.38,4.3705854,61.981377,-3.9670768,-52.183514,12.248258
59.39,4.368039,61.946014,-3.9683805,-52.198963,12.240382
59.4,4.3654947,61.910713,-3.9696841,-52.2144,12.232511
59.41,4.3629518,61.875397,-3.9709864,-52.229843,12.224644
59.42,4.360411,61.840126,-3.972287,-52.24525,12.216783
59.43,4.357869,61.80488,-3.9735882,-52.26068,12.208928
59.44,4.3553333,61.769653,-3.9748883,-52.276066,12.201078
59.45,4.352799,61.73446,-3.9761884,-52.29145,12.193238
59.46,4.3502645,61.699287,-3.9774847,-52.306816,12.1854
59.47,4.34773,61.6641,-3.9787838,-52.322197,12.177561
59.48,4.345202,61.629013,-3.9800768,-52.33754,12.1697445
59.49,4.3426743,61.593918,-3.981372,-52.352867,12.161924
59.5,4.3401484,61.55886,-3.9826653,-52.3682,12.154114
59.51,4.337626,61.52384,-3.983957,-52.383503,12.146309
59.52,4.3351016,61.488792,-3.985249,-52.39882,12.138503
59.53,4.332583,61.45382,-3.9865413,-52.41409,12.130717
59.54,4.330063,61.41887,-3.987831,-52.42938,12.122925
59.55,4.327547,61.383926,-3.989119,-52.44464,12.115146
59.56,4.325032,61.34903,-3.990407,-52.45988,12.107366
59.57,4.322521,61.314163,-3.991693,-52.475132,12.099604
59.58,4.320009,61.279266,-3.9929786,-52.490376,12.091836
59.59,4.317502,61.244476,-3.9942641,-52.50559,12.084079
59.6,4.314995,61.20968,-3.9955473,-52.52079,12.076327
59.61,4.3124895,61.174873,-3.9968305,-52.535995,12.068582
59.62,4.309986,61.140152,-3.9981117,-52.551174,12.0608425
59.63,4.3074827,61.105377,-3.9993935,-52.566357,12.053102
59.64,4.3049836,61.07068,-4.0006733,-52.581516,12.045373
59.65,4.302486,61.036026,-4.001952,-52.596657,12.037658
59.66,4.29999,61.00139,-4.0032296,-52.611813,12.029938
59.67,4.2974977,60.96678,-4.0045066,-52.626945,12.022232
59.68,4.2950044,60.93215,-4.0057836,-52.64205,12.014522
59.69,4.2925167,60.89763,-4.0070577,-52.657146,12.006837
59.7,4.2900276,60.863052,-4.008332,-52.67226,11.999134
59.71,4.287541,60.82853,-4.0096045,-52.687332,11.99145
59.72,4.285056,60.794044,-4.0108767,-52.702404,11.983772
59.73,4.2825747,60.759575,-4.0121484,-52.717453,11.976099
59.74,4.280093,60.72513,-4.0134187,-52.732506,11.968426
59.75,4.277615,60.69072,-4.014687,-52.747547,11.960772
59.76,4.2751393,60.65635,-4.0159554,-52.762577,11.953109
59.77,4.2726636,60.621986,-4.017222,-52.77757,11.945465
59.78,4.270192,60.58767,-4.0184884,-52.79257,11.937822
59.79,4.26772,60.553337,-4.0197535,-52.80756,11.9301815
59.8,4.26525,60.519043,-4.021018,-52.822544,11.922546
59.81,4.262783,60.484787,-4.0222816,-52.837517,11.914921
59.82,4.260318,60.450577,-4.0235434,-52.85247,11.907305
59.83,4.257852,60.416336,-4.0248065,-52.867416,11.899687
59.84,4.2553926,60.38217,-4.026065,-52.882343,11.892082
59.85,4.2529325,60.348022,-4.027325,-52.897263,11.884478
59.86,4.2504716,60.313873,-4.0285835,-52.912174,11.87688
59.87,4.248017,60.27977,-4.0298405,-52.92709,11.869288
59.88,4.245564,60.245705,-4.031098,-52.941967,11.861705
59.89,4.2431097,60.211655,-4.032352,-52.956837,11.854125
59.9,4.240658,60.17762,-4.0336075,-52.971703,11.846555
59.91,4.238211,60.14363,-4.034861,-52.986546,11.838985
59.92,4.2357635,60.109657,-4.0361137,-53.001396,11.831426
59.93,4.233318,60.0757,-4.037365,-53.016243,11.823867
59.94,4.230876,60.041786,-4.038615,-53.03105,11.816323
59.95,4.228433,60.00789,-4.039866,-53.04586,11.808777
59.96,4.2259936,59.974014,-4.041114,-53.06064,11.801238
59.97,4.223555,59.940147,-4.042364,-53.075428,11.793706
59.98,4.22112,59.906334,-4.043609,-53.090214,11.786178
59.99,4.218686,59.872536,-4.044856,-53.10498,11.778658
60.0,4.216255,59.838783,-4.0461,-53.119717,11.771148
