t,w,W,x,y,z
0.0,0.07102919,6.6280365e-05,3.851398,24.310297,0.6040096
0.01,0.07123229,-2.6106834e-05,3.8508372,24.308428,0.60537106
0.02,0.07143736,-7.6413155e-05,3.8502727,24.306526,0.60673547
0.03,0.07164495,-8.237362e-05,3.8497036,24.3046,0.60810363
0.04,0.071854696,-4.0233135e-05,3.8491287,24.302637,0.60947555
0.05,0.07206653,4.0233135e-05,3.848551,24.30065,0.6108506
0.06,0.0722806,0.00016206503,3.8479693,24.298634,0.61223036
0.07,0.07249673,0.0003219247,3.8473814,24.296589,0.6136125
0.08,0.07271467,0.00052011013,3.846791,24.294512,0.6149995
0.09,0.07293479,0.00075370073,3.8461967,24.292398,0.6163902
0.1,0.07315671,0.0010240078,3.8455985,24.29026,0.6177847
0.11,0.07338072,0.0013299584,3.8449953,24.288103,0.6191831
0.12,0.07360658,0.0016658902,3.8443882,24.28591,0.6205868
0.13,0.07383403,0.0020337105,3.8437777,24.283686,0.621994
0.14,0.074063234,0.0024368167,3.8431644,24.281446,0.6234052
0.15,0.0742944,0.0028638244,3.8425465,24.279175,0.6248221
0.16,0.07452753,0.0033248067,3.8419256,24.276869,0.62624234
0.17,0.07476146,0.0038108826,3.8413002,24.274542,0.6276671
0.18,0.07499744,0.004325688,3.840672,24.272192,0.629097
0.19,0.0752352,0.004863143,3.84004,24.26982,0.6305313
0.2,0.075474404,0.005427122,3.8394046,24.267412,0.6319704
0.21,0.07571456,0.006016612,3.8387682,24.264984,0.6334136
0.22,0.075956404,0.0066273212,3.8381255,24.262537,0.63486236
0.23,0.07619978,0.0072609186,3.837482,24.260052,0.6363162
0.24,0.07644428,0.00791496,3.8368351,24.25755,0.6377744
0.25,0.07669009,0.008591235,3.8361838,24.25503,0.63923776
0.26,0.07693753,0.00928694,3.835531,24.25248,0.6407057
0.27,0.077185646,0.00999999,3.8348742,24.249908,0.6421789
0.28,0.07743487,0.010731578,3.8342135,24.247313,0.6436571
0.29,0.07768556,0.011482894,3.8335526,24.2447,0.64514023
0.3,0.07793702,0.012247741,3.8328886,24.242056,0.6466291
0.31,0.07818991,0.013033569,3.8322213,24.23939,0.64812267
0.32,0.078443676,0.013829231,3.8315506,24.236717,0.6496209
0.33,0.078698084,0.014640093,3.8308802,24.234009,0.65112555
0.34,0.078953564,0.015468895,3.8302052,24.23129,0.652634
0.35,0.07921002,0.01630801,3.829529,24.228544,0.65414846
0.36,0.079467036,0.01715976,3.8288486,24.225786,0.6556674
0.37,0.07972507,0.018024743,3.8281674,24.223003,0.6571929
0.38,0.07998388,0.01890415,3.8274837,24.22021,0.65872234
0.39,0.08024345,0.019789577,3.826798,24.217386,0.6602579
0.4,0.08050354,0.020688117,3.8261104,24.21455,0.661798
0.41,0.080764286,0.021594524,3.8254204,24.211693,0.66334385
0.42,0.08102605,0.022513807,3.8247273,24.208824,0.6648951
0.43,0.081287995,0.02343893,3.8240328,24.205933,0.66645163
0.44,0.08155079,0.024377465,3.8233373,24.203014,0.6680135
0.45,0.08181399,0.025320113,3.8226397,24.200108,0.66958046
0.46,0.0820778,0.02627045,3.8219407,24.197168,0.6711521
0.47,0.08234216,0.027230263,3.821239,24.194212,0.6727306
0.48,0.082607105,0.028196514,3.8205354,24.19124,0.67431355
0.49,0.08287237,0.029169977,3.81983,24.188253,0.675902
0.5,0.083138034,0.030148447,3.8191235,24.18526,0.67749596
0.51,0.08340447,0.031133294,3.818414,24.182241,0.6790944
0.52,0.083670735,0.032123208,3.8177035,24.179203,0.6806998
0.53,0.08393785,0.03311968,3.8169916,24.176174,0.6823092
0.54,0.08420568,0.0341233,3.8162782,24.173111,0.68392456
0.55,0.08447333,0.035127282,3.8155622,24.170042,0.6855449
0.56,0.08474144,0.03613901,3.8148472,24.166964,0.687171
0.57,0.085009605,0.037151873,3.8141282,24.163868,0.6888019
0.58,0.085278735,0.038170397,3.8134086,24.160753,0.6904381
0.59,0.08554746,0.039192677,3.8126867,24.157639,0.69208044
0.6,0.08581689,0.040217757,3.8119645,24.154505,0.6937271
0.61,0.08608644,0.04124725,3.81124,24.151363,0.6953794
0.62,0.08635652,0.042279422,3.8105145,24.148209,0.6970367
0.63,0.08662695,0.04331404,3.809787,24.145052,0.6987
0.64,0.08689751,0.044350505,3.8090591,24.141867,0.7003678
0.65,0.08716826,0.04539144,3.808329,24.138683,0.70204127
0.66,0.08743937,0.04643333,3.8075979,24.135487,0.7037198
0.67,0.08771098,0.047480047,3.8068647,24.13228,0.7054039
0.68,0.087982446,0.048526347,3.8061318,24.129063,0.7070927
0.69,0.08825439,0.04957235,3.8053958,24.125837,0.70878726
0.7,0.08852661,0.050626576,3.8046587,24.1226,0.71048695
0.71,0.08879904,0.05167836,3.8039203,24.11936,0.7121914
0.72,0.08907156,0.052731812,3.8031814,24.1161,0.7139012
0.73,0.08934486,0.05378884,3.8024404,24.11284,0.71561664
0.74,0.08961776,0.054844677,3.8016973,24.109566,0.7173366
0.75,0.08989133,0.055901587,3.800954,24.106283,0.7190619
0.76,0.09016531,0.056962907,3.8002088,24.103004,0.72079283
0.77,0.09043937,0.05802393,3.7994623,24.099709,0.7225285
0.78,0.09071356,0.059087157,3.798714,24.096407,0.7242689
0.79,0.09098823,0.06015241,3.797964,24.093086,0.7260148
0.8,0.09126347,0.061215937,3.7972138,24.089767,0.72776586
0.81,0.09153863,0.062277853,3.796461,24.08644,0.7295218
0.82,0.09181383,0.06334537,3.7957072,24.083101,0.7312835
0.83,0.09208995,0.06441349,3.7949512,24.079763,0.7330495
0.84,0.092366286,0.06548196,3.7941957,24.076408,0.73482025
0.85,0.092642754,0.066550136,3.7934372,24.073055,0.73659676
0.86,0.09291965,0.06761962,3.7926776,24.069695,0.7383779
0.87,0.09319695,0.0686878,3.7919164,24.06633,0.74016386
0.88,0.09347483,0.06976396,3.791153,24.062939,0.74195576
0.89,0.09375277,0.070831776,3.790389,24.059557,0.74375165
0.9,0.09403114,0.07190591,3.7896235,24.056171,0.7455534
0.91,0.09431014,0.072978616,3.7888567,24.05277,0.7473598
0.92,0.094589494,0.07405174,3.7880876,24.049364,0.74917096
0.93,0.0948688,0.0751279,3.7873154,24.045956,0.7509874
0.94,0.09514934,0.0762046,3.7865438,24.042542,0.7528089
0.95,0.09542979,0.07727909,3.78577,24.039116,0.7546349
0.96,0.09571066,0.078356326,3.7849944,24.035683,0.75646627
0.97,0.09599221,0.079434454,3.7842164,24.032251,0.7583026
0.98,0.09627426,0.08051193,3.7834387,24.028805,0.7601432
0.99,0.09655681,0.08159101,3.782658,24.025352,0.7619895
1.0,0.09683971,0.082671225,3.7818742,24.0219,0.7638406
1.01,0.097123325,0.083749354,3.7810907,24.018436,0.76569647
1.02,0.097407326,0.084830046,3.7803051,24.014969,0.7675575
1.03,0.09769203,0.08591312,3.779517,24.0115,0.76942295
1.04,0.0979771,0.08699298,3.7787266,24.00802,0.77129364
1.05,0.098262936,0.088076234,3.7779346,24.004534,0.7731696
1.06,0.09854925,0.08916044,3.7771418,24.001034,0.7750495
1.07,0.09883639,0.090245366,3.7763462,23.997545,0.77693534
1.08,0.099123895,0.09133202,3.775549,23.994045,0.77882546
1.09,0.09941237,0.09241563,3.77475,23.99053,0.7807208
1.1,0.09970136,0.09350473,3.7739482,23.98701,0.7826213
1.11,0.09999074,0.09459305,3.7731457,23.983494,0.78452635
1.12,0.100280926,0.09567952,3.7723393,23.979958,0.7864361
1.13,0.10057205,0.09676862,3.7715323,23.97642,0.7883509
1.14,0.100863814,0.09785837,3.7707224,23.972887,0.7902709
1.15,0.10115594,0.09894997,3.769911,23.969336,0.79219604
1.16,0.10144889,0.10004139,3.7690978,23.965778,0.79412544
1.17,0.10174294,0.10113335,3.768281,23.962223,0.7960603
1.18,0.10203764,0.10222876,3.7674627,23.958662,0.79800004
1.19,0.10233314,0.10332382,3.766642,23.955074,0.799944
1.2,0.10262911,0.10441792,3.7658203,23.9515,0.80189353
1.21,0.102926046,0.10551494,3.7649953,23.94791,0.8038479
1.22,0.103223965,0.106613636,3.7641687,23.944313,0.8058074
1.23,0.10352263,0.107712924,3.7633383,23.940712,0.8077716
1.24,0.10382216,0.10881156,3.7625084,23.93711,0.80974126
1.25,0.104122475,0.10991347,3.7616732,23.933493,0.8117155
1.26,0.10442361,0.11101353,3.7608368,23.929865,0.8136945
1.27,0.10472602,0.11211479,3.7599988,23.926243,0.81567913
1.28,0.10502848,0.113221526,3.759157,23.922607,0.8176679
1.29,0.10533261,0.1143294,3.7583144,23.91897,0.8196626
1.3,0.10563737,0.11543441,3.757468,23.915318,0.82166123
1.31,0.105942726,0.11654365,3.7566202,23.911674,0.82366604
1.32,0.10624951,0.117649555,3.7557688,23.908003,0.8256758
1.33,0.10655734,0.11876047,3.7549162,23.90433,0.8276898
1.34,0.106865674,0.119871974,3.7540603,23.900656,0.82970935
1.35,0.10717507,0.12098634,3.7532022,23.896973,0.831734
1.36,0.107485786,0.12209916,3.752341,23.89328,0.8337639
1.37,0.10779716,0.12321669,3.7514765,23.88958,0.8357989
1.38,0.10810973,0.12433219,3.7506115,23.885866,0.83783835
1.39,0.10842341,0.1254515,3.7497423,23.882158,0.83988386
1.4,0.10873796,0.12657088,3.7488716,23.878437,0.8419333
1.41,0.10905346,0.12769079,3.747998,23.8747,0.8439899
1.42,0.10936992,0.12881315,3.7471209,23.870964,0.8460505
1.43,0.109687805,0.1299398,3.7462423,23.867222,0.84811586
1.44,0.11000626,0.13106364,3.7453592,23.86346,0.8501868
1.45,0.110326424,0.13219124,3.7444766,23.859703,0.85226333
1.46,0.110647276,0.13332063,3.7435875,23.855936,0.85434496
1.47,0.11096884,0.13444942,3.7426982,23.852158,0.85643125
1.48,0.11129223,0.13558257,3.7418053,23.848362,0.85852367
1.49,0.11161636,0.13671762,3.74091,23.84457,0.86062074
1.5,0.11194156,0.13785231,3.7400112,23.840763,0.8627235
1.51,0.11226824,0.13898885,3.73911,23.836954,0.8648319
1.52,0.11259596,0.14012796,3.7382064,23.833126,0.866945
1.53,0.1129244,0.14126807,3.7373006,23.829298,0.86906356
1.54,0.11325416,0.14241081,3.7363908,23.825466,0.871188
1.55,0.11358537,0.14355391,3.7354777,23.821623,0.873318
1.56,0.11391771,0.1447035,3.7345624,23.817759,0.87545264
1.57,0.11425097,0.14584684,3.7336452,23.813896,0.87759316
1.58,0.114585444,0.1469981,3.7327235,23.810019,0.8797393
1.59,0.11492112,0.14814979,3.7317994,23.80614,0.8818897
1.6,0.11525795,0.14930105,3.7308726,23.802248,0.8840474
1.61,0.11559634,0.1504569,3.7299433,23.798353,0.88620996
1.62,0.11593561,0.15161473,3.729011,23.794436,0.8883779
1.63,0.11627591,0.15277511,3.7280757,23.79052,0.8905518
1.64,0.1166178,0.15393561,3.7271373,23.78659,0.8927311
1.65,0.116960436,0.15510106,3.726196,23.782646,0.8949158
1.66,0.11730461,0.15626478,3.7252522,23.778704,0.89710635
1.67,0.11764999,0.15743172,3.7243054,23.774744,0.8993022
1.68,0.11799674,0.15860134,3.7233543,23.770777,0.90150416
1.69,0.118344456,0.1597758,3.7224011,23.76679,0.9037128
1.7,0.1186935,0.16094655,3.721445,23.76281,0.90592575
1.71,0.119043946,0.16212362,3.7204864,23.758812,0.9081455
1.72,0.119395465,0.1633026,3.719524,23.75481,0.9103701
1.73,0.11974847,0.16448486,3.718559,23.750788,0.912601
1.74,0.120102525,0.16566408,3.7175918,23.746767,0.91483676
1.75,0.12045795,0.16685188,3.716619,23.742735,0.91708004
1.76,0.12081453,0.16804028,3.7156458,23.738682,0.9193285
1.77,0.12117241,0.1692295,3.7146692,23.734634,0.92158276
1.78,0.121531606,0.17042202,3.7136893,23.730555,0.9238435
1.79,0.12189205,0.1716165,3.7127063,23.72648,0.9261093
1.8,0.1222537,0.17281365,3.7117193,23.722383,0.928381
1.81,0.12261681,0.17401284,3.7107303,23.718296,0.93066007
1.82,0.122981116,0.17521518,3.7097387,23.714188,0.9329439
1.83,0.12334709,0.17641854,3.7087436,23.710064,0.93523455
1.84,0.12371403,0.17762882,3.7077448,23.705935,0.9375311
1.85,0.12408176,0.1788348,3.7067435,23.70179,0.9398332
1.86,0.124451324,0.1800474,3.705739,23.69763,0.9421424
1.87,0.12482208,0.18126386,3.7047317,23.693468,0.9444574
1.88,0.12519437,0.18247962,3.7037215,23.6893,0.9467785
1.89,0.12556776,0.1837011,3.7027066,23.685122,0.9491058
1.9,0.12594254,0.18492341,3.7016912,23.680916,0.95143956
1.91,0.12631857,0.1861502,3.7006717,23.676712,0.9537788
1.92,0.12669565,0.18737721,3.6996484,23.672493,0.9561253
1.93,0.12707439,0.18860841,3.6986222,23.668262,0.9584779
1.94,0.12745424,0.18984228,3.6975935,23.664019,0.9608369
1.95,0.12783545,0.19107896,3.696563,23.659765,0.9632023
1.96,0.1282181,0.19231874,3.6955266,23.655502,0.9655743
1.97,0.1286022,0.19356138,3.6944888,23.65123,0.96795225
1.98,0.1289873,0.19480604,3.6934474,23.646948,0.97033644
1.99,0.12937367,0.19605428,3.6924028,23.642643,0.9727278
2.0,0.12976176,0.19730222,3.6913552,23.638329,0.9751258
2.01,0.13015066,0.1985569,3.690305,23.634012,0.97752935
2.02,0.13054104,0.19981438,3.6892514,23.629677,0.9799403
2.03,0.13093293,0.20107383,3.688194,23.625334,0.9823581
2.04,0.1313262,0.20233554,3.6871345,23.620972,0.9847817
2.05,0.13172027,0.20360178,3.6860707,23.616602,0.9872125
2.06,0.13211642,0.20487249,3.685005,23.612232,0.9896498
2.07,0.1325133,0.20614278,3.6839366,23.607826,0.99209404
2.08,0.1329121,0.20741767,3.6828637,23.60343,0.99454486
2.09,0.13331185,0.20869517,3.6817899,23.599018,0.99700236
2.1,0.13371271,0.20997477,3.6807106,23.59458,0.99946666
2.11,0.134115,0.21126068,3.6796281,23.59014,1.0019381
2.12,0.13451892,0.21254724,3.6785445,23.58569,1.0044163
2.13,0.1349238,0.21383667,3.6774554,23.581217,1.0069007
2.14,0.1353299,0.2151295,3.6763654,23.57674,1.0093927
2.15,0.13573784,0.21642613,3.675271,23.572245,1.0118917
2.16,0.13614704,0.21772784,3.674174,23.567747,1.0143975
2.17,0.13655724,0.21903145,3.6730733,23.563227,1.0169102
2.18,0.1369688,0.22033566,3.6719708,23.558697,1.0194302
2.19,0.13738187,0.2216475,3.6708634,23.554163,1.0219572
2.2,0.13779627,0.22295797,3.6697533,23.549614,1.0244912
2.21,0.13821174,0.22427553,3.6686416,23.545038,1.027032
2.22,0.13862902,0.22559512,3.6675255,23.540455,1.0295796
2.23,0.13904738,0.22691953,3.6664069,23.535866,1.0321355
2.24,0.1394669,0.22824568,3.6652844,23.531263,1.034698
2.25,0.13988777,0.2295723,3.6641593,23.52665,1.0372671
2.26,0.14031006,0.23090744,3.6630309,23.522017,1.0398445
2.27,0.14073373,0.23224348,3.661899,23.517374,1.0424287
2.28,0.14115845,0.23358107,3.6607647,23.512718,1.0450191
2.29,0.14158486,0.23492748,3.6596267,23.508047,1.0476189
2.3,0.14201276,0.23627508,3.6584852,23.503365,1.050225
2.31,0.14244135,0.2376228,3.6573422,23.498672,1.0528384
2.32,0.14287156,0.23897815,3.6561942,23.493952,1.0554594
2.33,0.14330338,0.24033433,3.6550448,23.489235,1.058088
2.34,0.14373618,0.24169683,3.6538908,23.484497,1.0607237
2.35,0.1441702,0.24305874,3.6527345,23.479746,1.0633667
2.36,0.14460596,0.24442858,3.6515744,23.474993,1.0660175
2.37,0.14504279,0.24579984,3.650412,23.470211,1.0686762
2.38,0.14548083,0.2471748,3.6492462,23.46542,1.0713422
2.39,0.14592035,0.24855334,3.6480768,23.460619,1.0740156
2.4,0.14636137,0.24993807,3.6469038,23.455801,1.0766973
2.41,0.14680316,0.25132096,3.645729,23.450975,1.0793852
2.42,0.14724669,0.25271076,3.644551,23.446125,1.0820823
2.43,0.1476913,0.25410414,3.643369,23.44127,1.0847865
2.44,0.14813766,0.25550205,3.642183,23.436401,1.0874981
2.45,0.14858487,0.25690275,3.6409957,23.431513,1.0902178
2.46,0.14903395,0.25830922,3.6398041,23.426622,1.0929453
2.47,0.14948371,0.2597182,3.6386104,23.421711,1.0956802
2.48,0.14993507,0.26112875,3.6374118,23.416773,1.0984237
2.49,0.15038785,0.26254353,3.6362119,23.41183,1.1011746
2.5,0.15084185,0.26396522,3.6350083,23.40688,1.103933
2.51,0.15129735,0.26538858,3.6338007,23.401913,1.1066998
2.52,0.15175395,0.26681554,3.6325915,23.396927,1.1094742
2.53,0.15221192,0.26824605,3.6313753,23.391926,1.1122569
2.54,0.15267156,0.26968253,3.63016,23.38692,1.1150482
2.55,0.15313178,0.27112037,3.6289415,23.381893,1.1178459
2.56,0.15359387,0.272562,3.6277173,23.376854,1.1206522
2.57,0.15405701,0.27401182,3.6264925,23.3718,1.1234672
2.58,0.15452135,0.27546218,3.625263,23.36673,1.1262898
2.59,0.1549877,0.27691546,3.6240299,23.361647,1.1291214
2.6,0.15545473,0.27837694,3.6227944,23.356552,1.1319597
2.61,0.15592316,0.27983856,3.6215556,23.35143,1.134807
2.62,0.15639341,0.28130573,3.6203125,23.346312,1.1376616
2.63,0.1568645,0.28277743,3.6190667,23.341171,1.1405259
2.64,0.15733664,0.28424975,3.6178176,23.336016,1.1433973
2.65,0.15781088,0.2857328,3.6165667,23.330845,1.1462781
2.66,0.15828602,0.2872163,3.6153111,23.325665,1.1491659
2.67,0.15876243,0.28870314,3.6140528,23.320457,1.1520625
2.68,0.15924042,0.29019374,3.6127908,23.31525,1.1549675
2.69,0.15971948,0.29168823,3.6115265,23.31001,1.1578809
2.7,0.16019994,0.29319206,3.6102583,23.304781,1.1608025
2.71,0.160682,0.2946953,3.6089866,23.299517,1.1637325
2.72,0.1611647,0.2962052,3.6077118,23.294247,1.1666704
2.73,0.16164921,0.29771706,3.6064353,23.288954,1.1696178
2.74,0.16213503,0.29923585,3.6051536,23.283653,1.172573
2.75,0.1626219,0.3007555,3.6038706,23.278326,1.1755369
2.76,0.16311036,0.30228183,3.6025817,23.273,1.1785092
2.77,0.1636005,0.3038127,3.601291,23.26765,1.1814898
2.78,0.16409148,0.30534756,3.599997,23.262281,1.1844802
2.79,0.16458409,0.30688724,3.5986989,23.256903,1.187478
2.8,0.16507775,0.30843073,3.5973995,23.251507,1.1904844
2.81,0.16557299,0.30998006,3.5960944,23.246096,1.1934998
2.82,0.16606943,0.31153405,3.5947878,23.240671,1.1965241
2.83,0.16656725,0.31309122,3.5934765,23.23523,1.1995568
2.84,0.16706647,0.31465405,3.5921636,23.22978,1.2025976
2.85,0.1675667,0.31622034,3.590846,23.224308,1.2056482
2.86,0.16806856,0.31779206,3.589526,23.218824,1.2087064
2.87,0.16857173,0.31936857,3.5882018,23.21332,1.2117745
2.88,0.1690764,0.3209521,3.586875,23.207802,1.2148504
2.89,0.16958211,0.3225364,3.5855443,23.202267,1.2179354
2.9,0.1700895,0.32412666,3.58421,23.19672,1.2210294
2.91,0.1705982,0.32572448,3.5828733,23.191156,1.2241322
2.92,0.17110805,0.32732382,3.5815322,23.185566,1.227244
2.93,0.17161934,0.32892928,3.580189,23.179977,1.2303644
2.94,0.17213184,0.33054072,3.5788417,23.174366,1.2334936
2.95,0.17264602,0.33215556,3.5774908,23.168734,1.2366325
2.96,0.17316121,0.33377853,3.5761366,23.163094,1.2397794
2.97,0.17367825,0.33540213,3.57478,23.157433,1.2429354
2.98,0.17419623,0.33703458,3.5734184,23.151762,1.2461005
2.99,0.17471558,0.3386698,3.5720544,23.146069,1.2492748
3.0,0.17523646,0.3403097,3.570687,23.140366,1.2524579
3.01,0.17575875,0.34195864,3.569316,23.13464,1.2556505
3.02,0.17628226,0.34361094,3.5679426,23.1289,1.2588518
3.03,0.17680727,0.34526697,3.5665643,23.123148,1.2620617
3.04,0.17733358,0.3469313,3.5651822,23.117369,1.2652813
3.05,0.17786145,0.34859905,3.5637977,23.111582,1.2685102
3.06,0.17839035,0.3502718,3.5624094,23.105783,1.2717476
3.07,0.17892066,0.35194844,3.561018,23.099962,1.2749944
3.08,0.17945272,0.3536341,3.5596225,23.094122,1.2782505
3.09,0.17998599,0.35532755,3.558225,23.08827,1.281516
3.1,0.18052061,0.35702395,3.556823,23.082397,1.2847904
3.11,0.18105671,0.35872567,3.5554173,23.076517,1.2880743
3.12,0.18159424,0.36043307,3.5540078,23.070612,1.2913667
3.13,0.18213323,0.362146,3.5525968,23.0647,1.2946689
3.14,0.18267345,0.36386397,3.5511796,23.05876,1.2979801
3.15,0.18321502,0.36559132,3.54976,23.052807,1.3013009
3.16,0.18375814,0.3673233,3.5483382,23.046844,1.304631
3.17,0.18430296,0.36905858,3.546912,23.040863,1.30797
3.18,0.18484893,0.37080267,3.5454817,23.034857,1.3113189
3.19,0.18539621,0.3725531,3.5440476,23.028835,1.3146764
3.2,0.18594496,0.37430918,3.542611,23.02281,1.3180444
3.21,0.1864952,0.3760684,3.5411704,23.016756,1.3214211
3.22,0.18704697,0.37783834,3.5397255,23.010693,1.3248069
3.23,0.18760006,0.37961367,3.538278,23.004602,1.3282021
3.24,0.18815473,0.38139462,3.5368273,22.998499,1.3316073
3.25,0.18871081,0.38318282,3.5353718,22.992384,1.3350222
3.26,0.18926802,0.38497692,3.5339134,22.98625,1.3384461
3.27,0.18982711,0.38677758,3.5324514,22.980097,1.3418791
3.28,0.19038722,0.38858595,3.530985,22.973927,1.3453224
3.29,0.19094916,0.3904008,3.5295162,22.967741,1.3487741
3.3,0.19151266,0.3922207,3.528042,22.961533,1.3522365
3.31,0.19207714,0.39404827,3.5265667,22.95532,1.3557075
3.32,0.19264348,0.3958825,3.5250862,22.949076,1.3591893
3.33,0.19321129,0.39772695,3.5236025,22.942831,1.3626794
3.34,0.19378053,0.39957428,3.5221155,22.93655,1.3661796
3.35,0.19435121,0.4014303,3.520623,22.930264,1.3696891
3.36,0.19492346,0.40329376,3.5191286,22.923962,1.3732089
3.37,0.19549711,0.40516597,3.517631,22.917639,1.3767371
3.38,0.19607227,0.40704158,3.5161288,22.911293,1.3802757
3.39,0.19664897,0.40892735,3.514622,22.904943,1.3838243
3.4,0.19722699,0.41081902,3.513114,22.898563,1.387382
3.41,0.1978068,0.41271776,3.5116007,22.892164,1.39095
3.42,0.19838814,0.41462365,3.5100825,22.885757,1.3945273
3.43,0.1989709,0.41654167,3.5085628,22.879335,1.3981141
3.44,0.19955501,0.41846266,3.5070374,22.872898,1.4017111
3.45,0.20014092,0.42039242,3.5055103,22.866426,1.405317
3.46,0.20072827,0.42233232,3.503978,22.859953,1.4089335
3.47,0.2013172,0.42427525,3.5024421,22.853453,1.4125592
3.48,0.20190768,0.42623118,3.500902,22.846937,1.4161948
3.49,0.20249958,0.42819482,3.4993591,22.840412,1.4198407
3.5,0.20309289,0.43016022,3.4978108,22.833857,1.4234953
3.51,0.20368795,0.43214005,3.496261,22.827288,1.4271613
3.52,0.20428513,0.4341265,3.4947069,22.820705,1.4308356
3.53,0.20488313,0.43612176,3.493148,22.814102,1.4345204
3.54,0.20548323,0.43812418,3.4915857,22.807478,1.4382149
3.55,0.20608453,0.44013476,3.4900203,22.800835,1.4419191
3.56,0.20668747,0.44215444,3.4884503,22.794184,1.4456332
3.57,0.20729211,0.44418392,3.4868762,22.787514,1.4493573
3.58,0.20789824,0.44621998,3.4852982,22.780813,1.4530919
3.59,0.20850599,0.4482664,3.4837172,22.774109,1.4568355
3.6,0.20911533,0.45031947,3.4821322,22.76737,1.4605892
3.61,0.20972668,0.45238388,3.4805427,22.760632,1.464353
3.62,0.21033913,0.45445532,3.4789493,22.753872,1.4681269
3.63,0.21095362,0.45653477,3.4773529,22.747093,1.4719102
3.64,0.21156909,0.45862535,3.4757524,22.740286,1.4757031
3.65,0.21218725,0.46072254,3.4741464,22.733467,1.4795078
3.66,0.21280636,0.46283105,3.472538,22.726635,1.4833214
3.67,0.2134271,0.46494776,3.4709246,22.719776,1.4871446
3.68,0.21404943,0.46707246,3.4693096,22.712906,1.490978
3.69,0.21467368,0.4692078,3.4676888,22.706015,1.4948218
3.7,0.21529959,0.47135422,3.4660645,22.699108,1.4986748
3.71,0.21592698,0.4735088,3.4644356,22.69218,1.5025384
3.72,0.21655627,0.47567236,3.4628026,22.685234,1.5064124
3.73,0.21718724,0.47784683,3.4611676,22.678272,1.510296
3.74,0.2178196,0.48002836,3.4595273,22.671286,1.5141894
3.75,0.21845393,0.48222217,3.4578815,22.66428,1.5180935
3.76,0.21908996,0.48442304,3.4562333,22.657263,1.5220076
3.77,0.21972767,0.48663515,3.4545815,22.650219,1.5259316
3.78,0.220367,0.48885688,3.4529252,22.643166,1.5298655
3.79,0.22100821,0.49108818,3.4512634,22.636091,1.5338101
3.8,0.221651,0.49332875,3.4495997,22.628992,1.5377641
3.81,0.22229563,0.49558264,3.4479306,22.621893,1.5417296
3.82,0.2229418,0.497843,3.4462593,22.614761,1.5457034
3.83,0.22359,0.50011593,3.444582,22.607609,1.5496883
3.84,0.22423995,0.5023962,3.4429011,22.600447,1.5536835
3.85,0.22489136,0.50468826,3.4412162,22.593254,1.5576887
3.86,0.22554469,0.5069931,3.4395268,22.586052,1.5617043
3.87,0.2261997,0.50930566,3.4378338,22.578833,1.5657299
3.88,0.22685666,0.51163083,3.436138,22.571579,1.5697659
3.89,0.22751535,0.51396286,3.4344366,22.564323,1.5738117
3.9,0.22817568,0.51630485,3.4327295,22.557035,1.5778683
3.91,0.22883816,0.51866204,3.431023,22.549747,1.5819348
3.92,0.22950225,0.5210249,3.4293075,22.542429,1.5860116
3.93,0.23016796,0.5234014,3.427589,22.535088,1.5900991
3.94,0.2308356,0.5257877,3.4258668,22.527737,1.594196
3.95,0.23150504,0.5281863,3.424141,22.520355,1.598304
3.96,0.23217648,0.5305944,3.422412,22.512953,1.6024222
3.97,0.23284952,0.53301233,3.420677,22.505547,1.6065506
3.98,0.23352475,0.53544253,3.4189382,22.498112,1.6106892
3.99,0.23420186,0.53788394,3.417195,22.49066,1.6148388
4.0,0.23487997,0.5403319,3.4154477,22.483189,1.6189978
4.01,0.23556097,0.54279804,3.413698,22.475697,1.6231674
4.02,0.23624325,0.5452707,3.411942,22.468191,1.6273476
4.03,0.2369277,0.547755,3.4101815,22.460659,1.6315384
4.04,0.23761371,0.55025053,3.4084177,22.45312,1.6357391
4.05,0.23830199,0.5527569,3.4066496,22.445549,1.6399503
4.06,0.23899208,0.55527425,3.4048774,22.437956,1.6441725
4.07,0.23968364,0.55780447,3.4031007,22.430355,1.6484046
4.08,0.24037749,0.5603438,3.40132,22.422735,1.6526469
4.09,0.24107312,0.5628934,3.399535,22.415083,1.6568999
4.1,0.24177057,0.5654562,3.397745,22.407421,1.6611638
4.11,0.24247012,0.56803083,3.395951,22.399738,1.6654384
4.12,0.24317195,0.5706154,3.3941529,22.39204,1.6697232
4.13,0.24387535,0.573213,3.3923504,22.38431,1.6740178
4.14,0.2445805,0.57582104,3.390544,22.37657,1.678324
4.15,0.24528773,0.5784403,3.3887334,22.368807,1.6826396
4.16,0.2459973,0.5810713,3.3869178,22.36103,1.6869673
4.17,0.2467085,0.5837126,3.385098,22.353222,1.6913047
4.18,0.24742144,0.58636564,3.3832738,22.345406,1.6956524
4.19,0.24813661,0.5890318,3.3814445,22.33756,1.7000107
4.2,0.24885379,0.5917077,3.3796108,22.329708,1.7043803
4.21,0.24957308,0.5943961,3.3777754,22.321814,1.7087598
4.22,0.2502941,0.5970932,3.3759325,22.313925,1.7131506
4.23,0.25101712,0.5998026,3.3740869,22.305998,1.7175514
4.24,0.25174233,0.6025255,3.3722372,22.298067,1.7219628
4.25,0.2524696,0.6052586,3.3703818,22.290102,1.7263855
4.26,0.25319862,0.60800564,3.3685231,22.282135,1.7308189
4.27,0.2539298,0.61076236,3.3666594,22.274124,1.7352624
4.28,0.2546632,0.61352956,3.3647919,22.266098,1.7397181
4.29,0.25539842,0.6163082,3.3629196,22.258062,1.7441828
4.3,0.25613558,0.6190989,3.3610425,22.250004,1.7486588
4.31,0.25687513,0.62190306,3.359162,22.241928,1.7531457
4.32,0.2576167,0.62471604,3.3572764,22.23382,1.7576437
4.33,0.2583602,0.6275396,3.3553853,22.225695,1.7621514
4.34,0.25910544,0.6303773,3.3534906,22.217552,1.7666708
4.35,0.25985312,0.63322735,3.3515916,22.20939,1.7712005
4.36,0.260603,0.6360868,3.3496883,22.201218,1.7757418
4.37,0.2613545,0.6389565,3.347779,22.193005,1.7802937
4.38,0.2621086,0.64183915,3.3458667,22.18478,1.7848567
4.39,0.26286465,0.64473367,3.3439498,22.176535,1.7894295
4.4,0.2636227,0.6476381,3.3420289,22.168276,1.7940136
4.41,0.26438275,0.6505572,3.340102,22.159996,1.7986101
4.42,0.2651452,0.65348387,3.3381717,22.15169,1.8032162
4.43,0.2659096,0.65642315,3.3362365,22.143364,1.8078339
4.44,0.26667625,0.6593743,3.3342977,22.13501,1.8124621
4.45,0.26744488,0.6623374,3.3323522,22.126644,1.8171017
4.46,0.26821575,0.6653112,3.330403,22.118265,1.8217518
4.47,0.2689888,0.66829467,3.3284502,22.109858,1.8264128
4.48,0.26976418,0.6712895,3.3264925,22.101423,1.8310856
4.49,0.2705414,0.6742995,3.3245287,22.092974,1.8357689
4.5,0.27132052,0.6773147,3.3225622,22.084501,1.8404626
4.51,0.27210233,0.68034565,3.3205914,22.076014,1.8451694
4.52,0.27288628,0.6833866,3.3186145,22.067495,1.8498856
4.53,0.2736723,0.68643713,3.3166335,22.058971,1.8546135
4.54,0.27446043,0.68950063,3.3146484,22.050411,1.8593524
4.55,0.27525055,0.69257265,3.312658,22.041843,1.8641022
4.56,0.27604336,0.69565886,3.3106637,22.033236,1.8688639
4.57,0.27683794,0.6987534,3.3086638,22.02462,1.8736368
4.58,0.27763504,0.7018597,3.30666,22.015982,1.8784204
4.59,0.27843437,0.7049757,3.3046508,22.007326,1.8832158
4.6,0.2792356,0.70810217,3.3026383,21.99864,1.8880218
4.61,0.28003934,0.71124315,3.3006198,21.989937,1.8928399
4.62,0.28084555,0.71439135,3.2985985,21.981218,1.897669
4.63,0.28165346,0.7175508,3.296571,21.97247,1.9025095
4.64,0.2824637,0.7207207,3.2945383,21.963705,1.9073607
4.65,0.2832763,0.7239023,3.292502,21.954922,1.9122244
4.66,0.28409114,0.72709155,3.2904608,21.946106,1.9170988
4.67,0.28490832,0.73029476,3.2884147,21.937279,1.9219849
4.68,0.28572753,0.7335064,3.2863648,21.928425,1.926882
4.69,0.28654924,0.7367284,3.2843091,21.91955,1.9317906
4.7,0.28737304,0.739961,3.28225,21.910652,1.9367106
4.71,0.28819916,0.74320656,3.2801847,21.901731,1.9416428
4.72,0.2890277,0.7464589,3.278116,21.8928,1.9465854
4.73,0.28985876,0.7497203,3.2760415,21.88384,1.9515407
4.74,0.29069158,0.7529942,3.2739627,21.874863,1.9565071
4.75,0.29152703,0.7562784,3.2718782,21.86585,1.9614849
4.76,0.29236448,0.7595718,3.26979,21.856825,1.9664748
4.77,0.2932045,0.7628735,3.2676966,21.847776,1.9714758
4.78,0.29404646,0.76618665,3.2655985,21.838709,1.9764892
4.79,0.29489154,0.7695101,3.2634966,21.829615,1.9815125
4.8,0.29573813,0.77284235,3.2613895,21.820496,1.9865497
4.81,0.2965871,0.7761851,3.259278,21.811361,1.9915972
4.82,0.29743907,0.7795335,3.2571604,21.802206,1.9966576
4.83,0.2982925,0.7828965,3.255039,21.793018,2.0017297
4.84,0.299149,0.7862661,3.2529125,21.783823,2.0068123
4.85,0.30000722,0.7896449,3.2507813,21.774593,2.0119073
4.86,0.30086836,0.7930357,3.2486446,21.765347,2.0170143
4.87,0.30173138,0.7964323,3.2465045,21.75608,2.0221324
4.88,0.30259705,0.79983926,3.244358,21.74679,2.0272639
4.89,0.30346513,0.803257,3.2422078,21.737476,2.032406
4.9,0.30433547,0.8066817,3.2400525,21.728128,2.0375605
4.91,0.30520803,0.8101165,3.2378929,21.718775,2.0427265
4.92,0.30608344,0.8135607,3.2357273,21.709394,2.047906
4.93,0.30696055,0.81701124,3.2335575,21.699995,2.0530956
4.94,0.30784056,0.82047206,3.2313836,21.690565,2.0582988
4.95,0.30872265,0.82394063,3.2292047,21.681116,2.063513
4.96,0.3096074,0.8274189,3.2270198,21.671642,2.0687401
4.97,0.31049424,0.8309055,3.2248306,21.662144,2.0739784
4.98,0.3113836,0.83440256,3.2226365,21.652636,2.0792296
4.99,0.31227556,0.83790344,3.220439,21.643091,2.084492
5.0,0.3131697,0.8414166,3.2182336,21.633528,2.0897675
5.01,0.31406635,0.8449377,3.2160263,21.623943,2.0950541
5.02,0.31496546,0.84846514,3.2138124,21.614328,2.1003544
5.03,0.31586683,0.8520006,3.2115936,21.604708,2.1056664
5.04,0.31677067,0.85554314,3.2093706,21.595045,2.11099
5.05,0.31767675,0.8590952,3.2071445,21.585367,2.1163266
5.06,0.31858557,0.86265755,3.2049105,21.575663,2.121675
5.07,0.31949687,0.8662244,3.2026725,21.565947,2.127036
5.08,0.32041058,0.8698001,3.2004292,21.556187,2.13241
5.09,0.32132667,0.87338257,3.1981819,21.546421,2.1377957
5.1,0.32224518,0.8769763,3.1959295,21.536625,2.1431935
5.11,0.32316595,0.8805718,3.193672,21.526817,2.1486049
5.12,0.32408968,0.8841792,3.1914103,21.516973,2.154028
5.13,0.3250152,0.8877918,3.1891425,21.507113,2.159463
5.14,0.32594362,0.8914138,3.1868699,21.497223,2.1649113
5.15,0.32687446,0.8950422,3.1845934,21.487309,2.1703727
5.16,0.3278077,0.8986762,3.1823106,21.47738,2.1758456
5.17,0.32874343,0.9023181,3.1800234,21.467422,2.1813319
5.18,0.32968193,0.90596855,3.177732,21.457438,2.1868305
5.19,0.33062238,0.90962523,3.1754353,21.447433,2.192342
5.2,0.33156592,0.91328776,3.1731346,21.437403,2.197866
5.21,0.3325115,0.91695535,3.170827,21.427351,2.2034028
5.22,0.33345976,0.9206351,3.1685147,21.41727,2.2089527
5.23,0.3344103,0.92431796,3.1661987,21.40717,2.214515
5.24,0.3353636,0.92800593,3.163877,21.397049,2.2200894
5.25,0.33631945,0.9317052,3.1615493,21.386902,2.2256777
5.26,0.33727756,0.93540823,3.159219,21.37673,2.2312787
5.27,0.3382382,0.93911827,3.1568818,21.366535,2.2368917
5.28,0.33920154,0.94283575,3.1545405,21.356316,2.2425182
5.29,0.34016716,0.94655824,3.1521943,21.346066,2.248158
5.3,0.34113577,0.95028645,3.1498427,21.335804,2.2538104
5.31,0.34210637,0.9540222,3.1474862,21.325518,2.2594764
5.32,0.34307966,0.95776385,3.1451247,21.315195,2.265155
5.33,0.3440556,0.9615101,3.1427572,21.304857,2.270846
5.34,0.34503415,0.9652659,3.1403863,21.294493,2.27655
5.35,0.346015,0.969024,3.1380095,21.284101,2.2822678
5.36,0.34699866,0.9727926,3.1356294,21.27369,2.2879987
5.37,0.34798482,0.97656274,3.1332433,21.263252,2.293743
5.38,0.3489734,0.98034066,3.130852,21.252794,2.2994993
5.39,0.3499644,0.9841247,3.128455,21.242304,2.3052695
5.4,0.35095832,0.98791414,3.1260536,21.231802,2.3110533
5.41,0.35195452,0.9917096,3.1236465,21.221262,2.3168502
5.42,0.35295373,0.9955106,3.121235,21.210709,2.322659
5.43,0.35395518,0.999319,3.1188195,21.200123,2.3284829
5.44,0.35495934,1.0031296,3.1163988,21.189518,2.3343194
5.45,0.35596567,1.0069472,3.113971,21.178886,2.3401692
5.46,0.35697508,1.0107702,3.1115394,21.168215,2.3460326
5.47,0.35798705,1.0145988,3.109103,21.15754,2.3519087
5.48,0.3590016,1.0184352,3.106661,21.146832,2.3577988
5.49,0.3600186,1.0222749,3.1042156,21.136099,2.3637028
5.5,0.36103836,1.0261192,3.1017644,21.125343,2.3696203
5.51,0.3620608,1.0299729,3.0993066,21.11456,2.3755517
5.52,0.36308524,1.0338267,3.0968454,21.103754,2.3814945
5.53,0.36411294,1.0376884,3.0943778,21.092924,2.3874533
5.54,0.365143,1.0415537,3.0919075,21.082067,2.3934236
5.55,0.3661759,1.0454272,3.0894306,21.071184,2.3994083
5.56,0.36721113,1.049305,3.0869472,21.06028,2.4054072
5.57,0.36824915,1.0531877,3.0844615,21.049345,2.4114194
5.58,0.36928964,1.0570747,3.0819693,21.038393,2.417445
5.59,0.37033308,1.060969,3.0794723,21.02741,2.423485
5.6,0.37137878,1.0648671,3.07697,21.016403,2.429537
5.61,0.37242752,1.0687722,3.0744636,21.005367,2.4356048
5.62,0.37347883,1.0726794,3.0719516,20.99431,2.4416862
5.63,0.37453294,1.0765958,3.0694344,20.983234,2.4477804
5.64,0.37558955,1.0805115,3.0669117,20.972122,2.453889
5.65,0.37664872,1.0844388,3.0643852,20.960999,2.460011
5.66,0.37771052,1.0883675,3.0618527,20.949827,2.4661477
5.67,0.3787752,1.0923033,3.059315,20.938646,2.4722977
5.68,0.3798426,1.0962428,3.0567722,20.927433,2.4784622
5.69,0.38091245,1.1001875,3.0542252,20.916195,2.48464
5.7,0.38198522,1.1041392,3.051672,20.904934,2.490832
5.71,0.38306066,1.1080929,3.0491142,20.89366,2.4970384
5.72,0.3841386,1.1120526,3.0465515,20.882338,2.5032592
5.73,0.38521963,1.1160207,3.0439835,20.871008,2.509493
5.74,0.3863029,1.1199925,3.04141,20.859642,2.5157413
5.75,0.38738936,1.1239673,3.0388339,20.848251,2.5220032
5.76,0.38847804,1.1279504,3.0362506,20.836836,2.5282805
5.77,0.38956973,1.1319357,3.0336623,20.825397,2.5345707
5.78,0.39066425,1.1359283,3.031068,20.813934,2.540876
5.79,0.39176124,1.1399237,3.0284712,20.802439,2.5471942
5.8,0.39286134,1.1439285,3.0258687,20.79092,2.5535285
5.81,0.39396378,1.1479355,3.0232596,20.779377,2.5598748
5.82,0.39506936,1.1519499,3.0206456,20.767813,2.566238
5.83,0.39617732,1.1559682,3.0180268,20.756212,2.5726135
5.84,0.39728838,1.1599916,3.015404,20.744595,2.5790043
5.85,0.3984021,1.1640196,3.0127757,20.732952,2.585409
5.86,0.39951852,1.1680567,3.0101418,20.72127,2.5918267
5.87,0.40063778,1.1720977,3.0075028,20.709578,2.5982604
5.88,0.4017597,1.1761394,3.0048587,20.697847,2.604708
5.89,0.40288463,1.1801958,3.0022116,20.6861,2.61117
5.9,0.40401226,1.1842508,2.9995565,20.674326,2.617648
5.91,0.40514237,1.1883126,2.9968982,20.662523,2.6241388
5.92,0.40627563,1.1923809,2.9942334,20.65068,2.6306443
5.93,0.40741166,1.1964543,2.991564,20.63883,2.637165
5.94,0.4085506,1.2005333,2.9888902,20.626945,2.6437
5.95,0.40969196,1.204619,2.9862108,20.615042,2.6502483
5.96,0.41083673,1.2087151,2.983526,20.603117,2.6568131
5.97,0.41198415,1.2128105,2.9808373,20.591146,2.6633914
5.98,0.41313446,1.2169151,2.9781427,20.57916,2.6699836
5.99,0.41428733,1.2210237,2.9754438,20.56714,2.6765919
6.0,0.41544342,1.2251419,2.9727385,20.555103,2.6832142
6.01,0.41660172,1.2292619,2.9700298,20.54304,2.6898508
6.02,0.41776344,1.2333913,2.9673142,20.530943,2.696503
6.03,0.41892785,1.2375243,2.9645948,20.518822,2.7031693
6.04,0.42009503,1.2416626,2.9618692,20.506674,2.7098496
6.05,0.42126554,1.245811,2.9591393,20.494509,2.7165463
6.06,0.4224385,1.2499648,2.9564047,20.482306,2.7232573
6.07,0.42361444,1.2541242,2.9536657,20.470078,2.729982
6.08,0.42479354,1.2582922,2.9509203,20.457825,2.7367215
6.09,0.42597526,1.262464,2.9481697,20.445547,2.7434769
6.1,0.42715988,1.2666451,2.945414,20.433245,2.750247
6.11,0.42834765,1.2708342,2.9426546,20.420902,2.7570329
6.12,0.42953792,1.2750267,2.939889,20.408556,2.7638316
6.13,0.43073165,1.2792282,2.9371188,20.396162,2.7706459
6.14,0.4319279,1.2834357,2.9343426,20.383753,2.777474
6.15,0.43312734,1.2876511,2.9315622,20.371315,2.784319
6.16,0.43432975,1.2918725,2.9287775,20.358849,2.7911787
6.17,0.43553492,1.2961029,2.9259868,20.346357,2.798052
6.18,0.43674302,1.3003402,2.9231904,20.333838,2.8049412
6.19,0.43795416,1.3045864,2.9203904,20.321291,2.8118455
6.2,0.43916842,1.3088357,2.9175847,20.308714,2.818764
6.21,0.44038558,1.3130951,2.9147737,20.296116,2.8256989
6.22,0.44160557,1.317363,2.9119577,20.283495,2.8326483
6.23,0.44282877,1.3216419,2.9091358,20.270838,2.839612
6.24,0.44405484,1.3259254,2.9063113,20.25815,2.8465917
6.25,0.44528413,1.3302147,2.9034808,20.245451,2.8535857
6.26,0.44651636,1.3345165,2.900644,20.232714,2.8605947
6.27,0.4477515,1.3388233,2.8978043,20.219952,2.8676195
6.28,0.44898957,1.3431396,2.8949564,20.20716,2.874659
6.29,0.45023105,1.3474643,2.8921065,20.194347,2.8817139
6.3,0.45147556,1.3518002,2.8892508,20.181507,2.8887832
6.31,0.45272276,1.3561392,2.886389,20.168633,2.8958688
6.32,0.45397294,1.3604903,2.883523,20.155731,2.9029684
6.33,0.45522645,1.3648497,2.8806517,20.142805,2.9100842
6.34,0.45648295,1.3692176,2.8777761,20.129852,2.917215
6.35,0.45774257,1.3735956,2.8748949,20.11688,2.9243608
6.36,0.45900527,1.377982,2.872008,20.103868,2.9315217
6.37,0.46027097,1.38238,2.8691177,20.090841,2.938697
6.38,0.46153975,1.3867868,2.8662217,20.07778,2.9458888
6.39,0.46281162,1.391198,2.8633199,20.064693,2.9530954
6.4,0.46408677,1.3956227,2.8604136,20.051575,2.9603179
6.41,0.465365,1.4000583,2.8575022,20.03844,2.9675543
6.42,0.46664622,1.4045031,2.854586,20.025265,2.9748075
6.43,0.4679306,1.4089572,2.851665,20.012074,2.9820745
6.44,0.4692183,1.4134176,2.8487387,19.998842,2.9893577
6.45,0.470509,1.4178951,2.845807,19.985592,2.9966562
6.46,0.4718029,1.4223795,2.8428721,19.972315,3.0039697
6.47,0.47309986,1.4268731,2.8399296,19.959003,3.011299
6.48,0.4744001,1.4313805,2.8369842,19.945673,3.0186422
6.49,0.47570375,1.4358957,2.8340325,19.932312,3.026003
6.5,0.47700998,1.4404194,2.831077,19.91892,3.0333767
6.51,0.4783196,1.4449584,2.8281157,19.905504,3.0407684
6.52,0.47963238,1.449506,2.8251493,19.892056,3.048174
6.53,0.48094893,1.454067,2.822178,19.878588,3.0555952
6.54,0.4822682,1.45864,2.8192031,19.86509,3.0630314
6.55,0.48359045,1.4632211,2.8162222,19.85156,3.0704825
6.56,0.48491648,1.4678154,2.8132358,19.838009,3.0779498
6.57,0.48624533,1.4724197,2.8102448,19.824429,3.0854328
6.58,0.48757768,1.4770374,2.807249,19.810822,3.0929306
6.59,0.4889131,1.481669,2.8042483,19.79718,3.1004438
6.6,0.49025196,1.4863082,2.8012419,19.783514,3.107973
6.61,0.49159384,1.4909612,2.798232,19.769823,3.115518
6.62,0.49293923,1.4956255,2.7952156,19.75611,3.1230764
6.63,0.49428776,1.5003042,2.792195,19.74236,3.1306522
6.64,0.49563906,1.5049921,2.78917,19.728579,3.1382422
6.65,0.49699426,1.5096958,2.7861397,19.71478,3.1458485
6.66,0.4983526,1.514411,2.7831032,19.70095,3.1534698
6.67,0.49971452,1.5191387,2.7800632,19.687098,3.1611068
6.68,0.5010792,1.5238775,2.777018,19.673206,3.168759
6.69,0.5024476,1.5286329,2.7739685,19.659296,3.1764276
6.7,0.5038191,1.5333987,2.7709126,19.64535,3.1841094
6.71,0.5051939,1.5381815,2.7678523,19.631384,3.1918085
6.72,0.5065721,1.5429759,2.7647884,19.617386,3.1995232
6.73,0.5079536,1.5477824,2.7617168,19.603363,3.207253
6.74,0.50933886,1.5526035,2.7586427,19.58931,3.214998
6.75,0.5107269,1.5574389,2.755563,19.575222,3.222758
6.76,0.51211876,1.5622867,2.7524774,19.561117,3.230535
6.77,0.5135136,1.5671498,2.7493892,19.546978,3.2383265
6.78,0.51491195,1.5720274,2.7462955,19.532814,3.2461333
6.79,0.51631373,1.5769148,2.7431948,19.518623,3.253956
6.8,0.51771885,1.5818222,2.7400916,19.5044,3.2617948
6.81,0.5191276,1.5867436,2.7369814,19.49015,3.2696488
6.82,0.52053934,1.5916772,2.7338681,19.475874,3.2775168
6.83,0.52195466,1.5966259,2.7307494,19.461567,3.285402
6.84,0.5233734,1.6015899,2.727625,19.447237,3.2933025
6.85,0.5247954,1.6065698,2.7244966,19.432886,3.3012176
6.86,0.5262211,1.6115669,2.7213628,19.41849,3.3091478
6.87,0.5276501,1.6165735,2.7182252,19.40407,3.3170938
6.88,0.52908266,1.6215987,2.715081,19.389631,3.325057
6.89,0.5305184,1.6266379,2.7119327,19.37516,3.333033
6.9,0.53195775,1.6316924,2.7087805,19.360655,3.3410277
6.91,0.53340036,1.6367655,2.705623,19.346132,3.349035
6.92,0.53484684,1.6418521,2.7024603,19.331573,3.3570602
6.93,0.53629667,1.6469572,2.699294,19.316994,3.3650982
6.94,0.5377495,1.6520731,2.696121,19.302372,3.3731542
6.95,0.5392064,1.6572114,2.6929436,19.287737,3.381224
6.96,0.54066664,1.6623627,2.689762,19.273062,3.3893082
6.97,0.5421302,1.6675287,2.6865747,19.258368,3.3974102
6.98,0.54359734,1.6727145,2.6833844,19.243647,3.405527
6.99,0.54506797,1.6779149,2.6801884,19.228888,3.4136593
7.0,0.5465422,1.6831286,2.6769865,19.214104,3.4218073
7.01,0.5480203,1.6883659,2.6737802,19.199295,3.429971
7.02,0.5495013,1.693619,2.6705704,19.184458,3.4381485
7.03,0.5509858,1.6988857,2.6673539,19.169588,3.4463437
7.04,0.55247414,1.7041733,2.6641338,19.154697,3.4545522
7.05,0.55396616,1.7094743,2.6609082,19.139774,3.462778
7.06,0.5554615,1.7147958,2.6576786,19.12482,3.4710178
7.07,0.5569607,1.7201335,2.654444,19.109842,3.479274
7.08,0.5584629,1.7254868,2.651205,19.09483,3.4875453
7.09,0.5599692,1.7308593,2.6479611,19.079798,3.4958308
7.1,0.56147885,1.7362505,2.6447113,19.064734,3.5041332
7.11,0.56299204,1.7416596,2.641458,19.049639,3.51245
7.12,0.56450886,1.7470865,2.6382,19.03452,3.520783
7.13,0.56602913,1.7525287,2.6349368,19.019365,3.5291317
7.14,0.5675532,1.7579906,2.6316695,19.004189,3.5374954
7.15,0.56908077,1.7634723,2.6283958,18.988987,3.545874
7.16,0.5706118,1.7689686,2.6251187,18.97375,3.554268
7.17,0.5721469,1.7744882,2.6218371,18.958487,3.5626779
7.18,0.5736854,1.7800248,2.6185503,18.943182,3.571104
7.19,0.5752271,1.7855791,2.6152585,18.927874,3.5795443
7.2,0.5767733,1.7911524,2.6119628,18.912529,3.5879993
7.21,0.5783223,1.7967439,2.6086612,18.897146,3.59647
7.22,0.5798756,1.8023558,2.605356,18.88174,3.6049566
7.23,0.5814319,1.8079813,2.6020453,18.86631,3.6134589
7.24,0.5829925,1.813631,2.598731,18.85085,3.6219761
7.25,0.58455646,1.8193024,2.595411,18.835361,3.6305099
7.26,0.58612376,1.8249873,2.5920877,18.819828,3.6390576
7.27,0.5876949,1.8306936,2.5887585,18.804285,3.647619
7.28,0.5892701,1.8364193,2.585425,18.788717,3.6561985
7.29,0.59084886,1.8421638,2.582086,18.773106,3.664793
7.3,0.59243095,1.8479311,2.5787435,18.757473,3.673401
7.31,0.59401715,1.8537161,2.5753968,18.741808,3.6820247
7.32,0.59560704,1.8595212,2.5720437,18.72612,3.6906648
7.33,0.59720004,1.8653429,2.5686874,18.710403,3.699319
7.34,0.5987971,1.8711877,2.5653262,18.694653,3.7079897
7.35,0.6003981,1.8770527,2.5619605,18.67888,3.7166739
7.36,0.6020026,1.8829356,2.55859,18.66307,3.7253754
7.37,0.6036108,1.8888414,2.555215,18.647238,3.7340906
7.38,0.6052228,1.8947661,2.5518353,18.631382,3.7428217
7.39,0.60683846,1.9007108,2.5484507,18.615492,3.7515676
7.4,0.6084579,1.9066743,2.5450628,18.599575,3.7603285
7.41,0.6100811,1.9126629,2.5416684,18.583622,3.769106
7.42,0.61170787,1.9186679,2.5382702,18.567648,3.777896
7.43,0.6133387,1.9246914,2.5348685,18.551645,3.7867024
7.44,0.6149736,1.9307427,2.531461,18.535608,3.7955248
7.45,0.6166112,1.9368076,2.5280502,18.519543,3.804362
7.46,0.6182536,1.9428972,2.5246334,18.503464,3.8132143
7.47,0.6198989,1.9490082,2.521214,18.487343,3.8220809
7.48,0.6215484,1.9551384,2.5177882,18.471191,3.830963
7.49,0.62320167,1.9612862,2.5143588,18.455019,3.83986
7.5,0.6248588,1.9674618,2.5109246,18.43881,3.8487737
7.51,0.62652004,1.9736551,2.5074866,18.422575,3.8577008
7.52,0.6281844,1.979866,2.504043,18.406315,3.8666422
7.53,0.62985265,1.9861006,2.5005953,18.390028,3.8756013
7.54,0.631525,1.9923588,2.4971442,18.37371,3.8845732
7.55,0.63320124,1.9986386,2.4936872,18.35736,3.893562
7.56,0.6348809,2.0049326,2.4902272,18.340979,3.9025636
7.57,0.6365647,2.0112581,2.4867609,18.324581,3.911581
7.58,0.63825214,2.0176005,2.4832928,18.308146,3.920614
7.59,0.6399432,2.0239625,2.479818,18.29168,3.9296625
7.6,0.6416384,2.030345,2.4763403,18.275188,3.9387233
7.61,0.6433378,2.0367534,2.472857,18.25867,3.9478016
7.62,0.6450405,2.0431812,2.4693708,18.242128,3.9568937
7.63,0.6467473,2.049633,2.4658792,18.225544,3.9660006
7.64,0.64845747,2.0561051,2.4623833,18.208944,3.9751236
7.65,0.65017194,2.062598,2.4588833,18.192305,3.984261
7.66,0.6518905,2.0691123,2.4553785,18.175642,3.9934123
7.67,0.65361255,2.0756512,2.4518697,18.158953,4.0025806
7.68,0.65533835,2.0822086,2.4483569,18.142231,4.011761
7.69,0.65706867,2.0887904,2.4448402,18.12549,4.0209584
7.7,0.65880173,2.0953932,2.441317,18.108706,4.030169
7.71,0.6605394,2.1020155,2.4377928,18.091902,4.0393953
7.72,0.662281,2.108665,2.4342623,18.075071,4.0486355
7.73,0.6640262,2.115336,2.4307275,18.058203,4.0578914
7.74,0.6657758,2.122024,2.4271884,18.041315,4.0671616
7.75,0.6675288,2.1287377,2.4236467,18.024393,4.076448
7.76,0.66928625,2.1354737,2.4200983,18.00744,4.085749
7.77,0.671047,2.14223,2.416547,17.99047,4.095063
7.78,0.6728119,2.1490119,2.412992,17.973467,4.104392
7.79,0.67458063,2.1558132,2.4094324,17.956432,4.1137366
7.8,0.6763536,2.1626377,2.4058685,17.939365,4.1230955
7.81,0.67813015,2.1694868,2.4023006,17.922272,4.1324687
7.82,0.67991096,2.1763554,2.3987286,17.905155,4.141857
7.83,0.681695,2.1832438,2.3951528,17.888002,4.1512585
7.84,0.68348336,2.1901588,2.3915725,17.870825,4.160676
7.85,0.68527585,2.1970968,2.387988,17.853628,4.1701093
7.86,0.6870724,2.2040586,2.3843997,17.836388,4.1795545
7.87,0.68887234,2.211038,2.3808062,17.81913,4.189017
7.88,0.69067687,2.2180412,2.3772094,17.80184,4.1984916
7.89,0.6924847,2.2250695,2.3736095,17.784525,4.207983
7.9,0.6942973,2.232119,2.3700047,17.767172,4.2174883
7.91,0.69611293,2.2391887,2.3663962,17.749798,4.2270064
7.92,0.69793296,2.2462811,2.3627837,17.732384,4.2365403
7.93,0.69975746,2.2534022,2.3591664,17.714958,4.246089
7.94,0.70158505,2.2605395,2.3555448,17.697495,4.255652
7.95,0.70341736,2.2677052,2.351922,17.680004,4.265228
7.96,0.7052533,2.2748876,2.3482924,17.662487,4.27482
7.97,0.7070932,2.2820954,2.3446598,17.644943,4.284426
7.98,0.70893717,2.2893252,2.3410232,17.627367,4.294047
7.99,0.71078503,2.2965798,2.337383,17.609762,4.3036814
8.0,0.71263695,2.3038547,2.3337383,17.592134,4.313332
8.01,0.71449316,2.3111525,2.3300898,17.574478,4.3229957
8.02,0.71635336,2.3184736,2.3264387,17.556782,4.3326726
8.03,0.7182172,2.325819,2.3227823,17.539072,4.3423657
8.04,0.7200856,2.333187,2.319123,17.52133,4.3520727
8.05,0.72195756,2.3405762,2.31546,17.503555,4.3617926
8.06,0.7238336,2.3479872,2.3117921,17.485754,4.3715286
8.07,0.72571397,2.3554215,2.308121,17.467924,4.3812776
8.08,0.7275979,2.362883,2.304446,17.450064,4.3910413
8.09,0.72948605,2.3703623,2.3007677,17.432186,4.4008183
8.1,0.73137856,2.3778677,2.297085,17.414268,4.4106116
8.11,0.73327464,2.3853917,2.2933993,17.396328,4.420417
8.12,0.73517454,2.3929403,2.2897096,17.378357,4.4302382
8.13,0.73707956,2.4005165,2.2860162,17.360367,4.4400725
8.14,0.738988,2.4081116,2.2823193,17.342333,4.449921
8.15,0.74090004,2.4157295,2.2786188,17.324287,4.459783
8.16,0.74281716,2.4233692,2.2749147,17.306204,4.4696593
8.17,0.7447377,2.4310327,2.2712066,17.28809,4.4795523
8.18,0.74666256,2.4387195,2.267495,17.269958,4.4894576
8.19,0.74859124,2.4464302,2.2637804,17.251791,4.499376
8.2,0.7505245,2.4541621,2.2600613,17.233599,4.5093093
8.21,0.7524614,2.4619179,2.2563396,17.21538,4.519256
8.22,0.7544027,2.469697,2.2526138,17.19712,4.529218
8.23,0.7563475,2.4774969,2.2488847,17.178854,4.5391917
8.24,0.75829715,2.4853215,2.2451513,17.160547,4.549182
8.25,0.7602505,2.4931667,2.2414155,17.142216,4.5591855
8.26,0.7622082,2.501038,2.2376752,17.123852,4.5692034
8.27,0.7641698,2.5089319,2.2339327,17.105467,4.5792327
8.28,0.7661351,2.5168457,2.2301862,17.087051,4.5892773
8.29,0.76810557,2.5247848,2.2264361,17.068611,4.599336
8.3,0.77007973,2.5327463,2.2226825,17.050135,4.6094103
8.31,0.77205753,2.540727,2.2189262,17.03164,4.619496
8.32,0.77403986,2.5487354,2.2151668,17.013117,4.629595
8.33,0.7760262,2.5567656,2.2114034,16.99456,4.63971
8.34,0.7780169,2.5648174,2.207637,16.975983,4.649837
8.35,0.7800119,2.5728967,2.2038674,16.957378,4.659978
8.36,0.78201044,2.5809927,2.200094,16.93874,4.670134
8.37,0.7840136,2.5891123,2.196318,16.920082,4.680301
8.38,0.7860208,2.597258,2.1925383,16.901388,4.6904845
8.39,0.788032,2.605422,2.1887553,16.882675,4.7006803
8.4,0.7900475,2.6136148,2.1849694,16.86393,4.710891
8.41,0.7920672,2.6218262,2.181181,16.845158,4.721114
8.42,0.794091,2.6300628,2.1773884,16.82636,4.73135
8.43,0.79611933,2.638321,2.1735933,16.807537,4.741601
8.44,0.79815155,2.6466007,2.1697946,16.788683,4.751865
8.45,0.8001878,2.6549008,2.1659935,16.769804,4.7621427
8.46,0.8022285,2.663232,2.1621897,16.750895,4.7724357
8.47,0.8042736,2.6715794,2.1583812,16.731962,4.7827396
8.48,0.8063223,2.6799498,2.1545713,16.713001,4.7930584
8.49,0.80837554,2.688347,2.1507578,16.694014,4.803388
8.5,0.81043357,2.696763,2.1469414,16.674997,4.813734
8.51,0.81249523,2.7052054,2.1431215,16.655954,4.824093
8.52,0.8145609,2.7136674,2.139299,16.63689,4.834465
8.53,0.81663096,2.7221508,2.1354744,16.617798,4.8448505
8.54,0.8187051,2.7306576,2.131647,16.598675,4.8552475
8.55,0.82078356,2.7391906,2.127815,16.579523,4.8656597
8.56,0.82286674,2.7477455,2.123981,16.560356,4.876086
8.57,0.8249537,2.75632,2.120145,16.541155,4.8865223
8.58,0.8270444,2.764919,2.1163054,16.521921,4.8969755
8.59,0.8291402,2.7735438,2.1124637,16.502666,4.90744
8.6,0.83123976,2.7821865,2.1086183,16.483387,4.9179177
8.61,0.83334345,2.79085,2.104771,16.464083,4.9284096
8.62,0.8354518,2.7995412,2.100921,16.444754,4.938914
8.63,0.8375647,2.8082552,2.097067,16.425392,4.9494314
8.64,0.83968127,2.8169854,2.0932114,16.406008,4.959964
8.65,0.8418021,2.8257463,2.089353,16.38659,4.9705067
8.66,0.8439274,2.8345277,2.0854926,16.367155,4.981063
8.67,0.8460571,2.8433294,2.0816286,16.347698,4.9916334
8.68,0.8481906,2.852155,2.0777626,16.328207,5.002214
8.69,0.8503288,2.860998,2.0738945,16.308693,5.012813
8.7,0.85247153,2.86987,2.0700233,16.289146,5.02342
8.71,0.85461825,2.8787627,2.0661497,16.269585,5.034044
8.72,0.8567692,2.887679,2.062273,16.249989,5.044677
8.73,0.8589242,2.8966157,2.0583944,16.23037,5.0553246
8.74,0.8610841,2.9055748,2.054514,16.210724,5.0659866
8.75,0.86324817,2.9145577,2.0506296,16.19105,5.07666
8.76,0.86541605,2.9235632,2.046744,16.17136,5.0873456
8.77,0.8675885,2.9325905,2.0428567,16.15164,5.098043
8.78,0.8697656,2.9416428,2.038966,16.131899,5.1087523
8.79,0.87194645,2.9507113,2.0350733,16.112123,5.1194797
8.8,0.87413186,2.9598074,2.0311787,16.092325,5.130217
8.81,0.8763218,2.968924,2.0272808,16.072502,5.1409664
8.82,0.8785155,2.9780602,2.023382,16.05265,5.1517286
8.83,0.8807143,2.9872246,2.0194802,16.032778,5.1625032
8.84,0.88291705,2.9964101,2.0155766,16.012886,5.1732907
8.85,0.8851244,3.0056164,2.0116694,15.992959,5.1840925
8.86,0.8873354,3.014846,2.0077624,15.973017,5.194904
8.87,0.8895509,3.0240922,2.0038521,15.953037,5.205729
8.88,0.8917718,3.0333683,1.9999392,15.933042,5.216569
8.89,0.8939964,3.042667,1.9960245,15.91302,5.2274184
8.9,0.8962247,3.0519836,1.9921082,15.892974,5.2382803
8.91,0.8984578,3.0613227,1.9881892,15.872898,5.249154
8.92,0.9006955,3.070688,1.9842697,15.852806,5.260042
8.93,0.9029374,3.0800734,1.980347,15.832683,5.2709413
8.94,0.9051838,3.08948,1.9764237,15.812538,5.281853
8.95,0.9074346,3.0989103,1.9724963,15.792371,5.292776
8.96,0.9096895,3.1083598,1.968569,15.772173,5.303712
8.97,0.9119488,3.1178343,1.9646382,15.751948,5.314663
8.98,0.91421247,3.12733,1.9607065,15.731714,5.3256226
8.99,0.91648096,3.136849,1.956773,15.711448,5.336594
9.0,0.91875315,3.1463885,1.9528377,15.691155,5.347579
9.01,0.9210304,3.1559546,1.9489002,15.670842,5.3585763
9.02,0.92331177,3.165537,1.9449618,15.650504,5.3695865
9.03,0.92559737,3.1751463,1.9410213,15.630147,5.380606
9.04,0.9278876,3.184779,1.9370787,15.609761,5.391639
9.05,0.9301822,3.194428,1.9331338,15.589348,5.402687
9.06,0.9324811,3.2041016,1.9291891,15.568911,5.4137425
9.07,0.9347844,3.2137966,1.9252418,15.548455,5.4248095
9.08,0.93709224,3.2235153,1.9212929,15.527976,5.4358926
9.09,0.93940425,3.2332547,1.9173429,15.507472,5.446984
9.1,0.94172084,3.2430196,1.9133908,15.486941,5.4580874
9.11,0.9440417,3.2528021,1.9094375,15.466396,5.4692035
9.12,0.9463669,3.2626112,1.9054828,15.44582,5.480333
9.13,0.94869745,3.2724402,1.901526,15.4252205,5.4914703
9.14,0.95103157,3.282289,1.8975687,15.404602,5.502623
9.15,0.9533702,3.2921636,1.8936099,15.38396,5.513786
9.16,0.95571315,3.3020575,1.8896488,15.363296,5.5249596
9.17,0.9580612,3.3119755,1.885687,15.3426075,5.536146
9.18,0.96041304,3.3219142,1.8817238,15.321894,5.5473433
9.19,0.96276957,3.3318763,1.8777597,15.301165,5.5585513
9.2,0.9651304,3.3418617,1.8737938,15.280404,5.56977
9.21,0.9674956,3.351867,1.8698261,15.259623,5.5810027
9.22,0.9698658,3.3618917,1.8658582,15.238824,5.5922456
9.23,0.9722399,3.3719401,1.8618886,15.218004,5.6034994
9.24,0.9746183,3.3820145,1.8579191,15.197157,5.614764
9.25,0.9770016,3.3921084,1.8539467,15.176289,5.626042
9.26,0.9793891,3.4022236,1.8499739,15.155394,5.63733
9.27,0.9817817,3.412365,1.846,15.134487,5.648629
9.28,0.9841778,3.422521,1.8420248,15.113551,5.6599374
9.29,0.9865788,3.4327044,1.8380494,15.092592,5.671258
9.3,0.98898447,3.4429073,1.8340719,15.071616,5.682591
9.31,0.9913946,3.4531376,1.8300937,15.050617,5.693936
9.32,0.99380857,3.4633825,1.8261151,15.029596,5.705286
9.33,0.9962275,3.4736571,1.8221356,15.008554,5.7166533
9.34,0.9986509,3.4839473,1.8181547,14.987492,5.7280273
9.35,1.0010786,3.4942603,1.8141724,14.9664,5.739417
9.36,1.0035107,3.5045972,1.8101907,14.945294,5.7508125
9.37,1.005948,3.5149567,1.8062074,14.924167,5.7622213
9.38,1.0083891,3.5253425,1.8022231,14.903019,5.7736406
9.39,1.0108347,3.5357423,1.7982382,14.881849,5.785069
9.4,1.0132853,3.5461652,1.794253,14.860656,5.7965097
9.41,1.0157393,3.5566132,1.7902656,14.839447,5.8079615
9.42,1.0181991,3.5670817,1.7862791,14.81821,5.819423
9.43,1.0206625,3.5775757,1.7822918,14.796955,5.830895
9.44,1.0231309,3.5880868,1.7783031,14.775685,5.8423753
9.45,1.0256034,3.5986226,1.7743142,14.754388,5.853869
9.46,1.0280801,3.6091807,1.7703247,14.73308,5.8653693
9.47,1.0305622,3.6197624,1.7663348,14.71174,5.8768864
9.48,1.0330482,3.6303594,1.762345,14.69038,5.8884063
9.49,1.0355393,3.640986,1.7583535,14.66901,5.8999424
9.5,1.0380343,3.6516318,1.7543621,14.647614,5.911486
9.51,1.0405341,3.662301,1.7503697,14.626197,5.923039
9.52,1.0430386,3.6729944,1.7463769,14.604762,5.9346027
9.53,1.045547,3.6837027,1.7423853,14.583307,5.9461756
9.54,1.0480603,3.694439,1.7383908,14.561831,5.957762
9.55,1.0505784,3.7051942,1.7343978,14.540337,5.9693556
9.56,1.0531003,3.7159743,1.730404,14.518824,5.98096
9.57,1.0556269,3.726772,1.7264103,14.497288,5.992572
9.58,1.058158,3.7376,1.7224157,14.475741,6.0041957
9.59,1.0606941,3.7484438,1.7184218,14.454163,6.015829
9.6,1.0632347,3.759315,1.7144263,14.432574,6.027472
9.61,1.065779,3.770203,1.7104316,14.410969,6.039123
9.62,1.0683284,3.7811186,1.7064369,14.389342,6.0507846
9.63,1.0708826,3.7920506,1.7024418,14.367689,6.062456
9.64,1.0734411,3.803009,1.6984457,14.346022,6.07414
9.65,1.0760032,3.8139887,1.6944505,14.324339,6.085828
9.66,1.078571,3.8249884,1.6904547,14.302632,6.0975285
9.67,1.0811433,3.8360133,1.6864597,14.280913,6.109237
9.68,1.0837196,3.8470602,1.682464,14.259168,6.120956
9.69,1.0863001,3.858129,1.6784698,14.237415,6.1326814
9.7,1.088886,3.869221,1.6744736,14.21564,6.14442
9.71,1.091476,3.880331,1.6704785,14.193837,6.1561675
9.72,1.0940707,3.8914673,1.666484,14.172028,6.1679215
9.73,1.0966696,3.9026241,1.6624886,14.150194,6.1796837
9.74,1.0992733,3.9138064,1.6584936,14.128348,6.1914587
9.75,1.1018814,3.9250116,1.6544997,14.106482,6.2032385
9.76,1.1044942,3.9362373,1.6505048,14.084598,6.2150307
9.77,1.1071113,3.9474876,1.6465116,14.0626955,6.2268286
9.78,1.109733,3.9587533,1.6425174,14.040778,6.238638
9.79,1.1123598,3.9700515,1.6385236,14.018845,6.2504544
9.8,1.1149904,3.981369,1.6345311,13.996885,6.2622805
9.81,1.117626,3.992706,1.6305388,13.9749155,6.274113
9.82,1.1202654,4.004064,1.6265463,13.95293,6.285954
9.83,1.1229098,4.0154495,1.6225547,13.930929,6.297807
9.84,1.1255591,4.0268593,1.6185625,13.908911,6.3096676
9.85,1.1282127,4.038287,1.614572,13.886874,6.321533
9.86,1.1308701,4.049735,1.6105815,13.864821,6.3334093
9.87,1.1335326,4.0612116,1.606592,13.842749,6.345293
9.88,1.1362001,4.072709,1.6026026,13.820661,6.3571854
9.89,1.1388716,4.084232,1.5986136,13.798557,6.3690853
9.9,1.1415483,4.095773,1.5946262,13.776443,6.380994
9.91,1.1442286,4.107338,1.5906392,13.754311,6.3929095
9.92,1.1469138,4.118925,1.5866518,13.732155,6.4048347
9.93,1.1496038,4.130538,1.5826656,13.7099905,6.4167657
9.94,1.1522979,4.142174,1.5786802,13.687809,6.428706
9.95,1.1549966,4.1538315,1.5746958,13.665611,6.4406548
9.96,1.1577001,4.165515,1.570712,13.643399,6.4526086
9.97,1.1604079,4.1772175,1.5667294,13.62117,6.464572
9.98,1.1631202,4.1889443,1.5627474,13.59893,6.4765425
9.99,1.1658373,4.200694,1.5587664,13.576665,6.4885187
10.0,1.1685591,4.212468,1.554786,13.554396,6.5005054
10.01,1.1712852,4.22426,1.5508066,13.532105,6.5124984
10.02,1.1740158,4.23608,1.546828,13.509799,6.5244994
10.03,1.176751,4.2479258,1.542851,13.487487,6.536505
10.04,1.1794907,4.2597914,1.538875,13.465152,6.5485177
10.05,1.182235,4.271682,1.5348992,13.442801,6.5605416
10.06,1.1849836,4.283596,1.5309244,13.420441,6.5725713
10.07,1.1877367,4.2955303,1.5269523,13.398063,6.584604
10.08,1.1904945,4.307492,1.5229799,13.375675,6.5966473
10.09,1.193257,4.3194747,1.5190088,13.353275,6.6086974
10.1,1.1960241,4.3314824,1.5150393,13.330863,6.620753
10.11,1.1987953,4.3435135,1.5110707,13.308425,6.6328144
10.12,1.2015709,4.355564,1.5071044,13.285978,6.6448817
10.13,1.2043514,4.367642,1.5031381,13.26352,6.6569595
10.14,1.2071368,4.379747,1.499173,13.241045,6.669041
10.15,1.2099261,4.3918676,1.4952099,13.21856,6.6811323
10.16,1.2127198,4.4040174,1.4912487,13.196065,6.693228
10.17,1.2155188,4.416188,1.4872872,13.173552,6.7053294
10.18,1.2183217,4.428385,1.4833279,13.151025,6.7174373
10.19,1.221129,4.440605,1.4793705,13.128486,6.7295465
10.2,1.2239408,4.4528475,1.4754146,13.105936,6.741668
10.21,1.2267579,4.4651184,1.4714595,13.083373,6.753795
10.22,1.2295791,4.4774075,1.4675062,13.060799,6.765929
10.23,1.232405,4.489725,1.4635551,13.038212,6.7780647
10.24,1.235235,4.502063,1.4596043,13.015607,6.7902102
10.25,1.23807,4.514432,1.4556564,12.992998,6.8023586
10.26,1.240909,4.5268188,1.451709,12.970371,6.8145127
10.27,1.2437527,4.539236,1.4477639,12.947734,6.826674
10.28,1.2466009,4.551669,1.4438215,12.925087,6.8388395
10.29,1.2494533,4.564128,1.4398795,12.902425,6.851012
10.3,1.2523109,4.5766187,1.4359394,12.879751,6.863188
10.31,1.2551728,4.589131,1.4320015,12.857072,6.8753734
10.32,1.2580382,4.60166,1.4280645,12.8343725,6.887558
10.33,1.2609094,4.614224,1.4241304,12.81167,6.899751
10.34,1.2637849,4.626808,1.4201976,12.78895,6.9119506
10.35,1.2666649,4.639418,1.4162667,12.766221,6.924153
10.36,1.2695489,4.6520476,1.412338,12.7434845,6.9363604
10.37,1.2724371,4.664708,1.4084113,12.720735,6.948575
10.38,1.2753305,4.677392,1.4044862,12.697974,6.960791
10.39,1.278229,4.690099,1.4005638,12.675203,6.9730134
10.4,1.2811304,4.702832,1.3966433,12.652423,6.9852405
10.41,1.2840376,4.7155914,1.3927237,12.629631,6.9974732
10.42,1.2869486,4.7283764,1.3888077,12.6068325,7.0097075
10.43,1.2898644,4.7411833,1.3848926,12.584015,7.0219517
10.44,1.2927849,4.754015,1.3809808,12.561198,7.034195
10.45,1.2957087,4.7668734,1.3770704,12.538367,7.0464435
10.46,1.2986381,4.779764,1.3731626,12.515522,7.0586977
10.47,1.3015724,4.7926702,1.3692569,12.492671,7.0709553
10.48,1.3045101,4.805603,1.365354,12.469813,7.0832167
10.49,1.3074529,4.8185644,1.3614521,12.446942,7.095484
10.5,1.3103997,4.8315506,1.3575537,12.42406,7.1077538
10.51,1.3133514,4.8445606,1.3536568,12.401175,7.120027
10.52,1.3163073,4.857601,1.3497634,12.378276,7.1323047
10.53,1.3192676,4.8706646,1.3458716,12.355379,7.144583
10.54,1.3222328,4.883752,1.3419825,12.33246,7.1568694
10.55,1.3252015,4.8968678,1.3380959,12.30954,7.1691566
10.56,1.3281754,4.9100056,1.334212,12.286607,7.18145
10.57,1.3311536,4.923175,1.3303303,12.263669,7.193741
10.58,1.3341365,4.936369,1.3264517,12.240722,7.2060394
10.59,1.3371242,4.949587,1.322575,12.217764,7.2183447
10.6,1.3401153,4.9628305,1.3187011,12.194801,7.2306476
10.61,1.3431107,4.9761,1.3148304,12.171833,7.242955
10.62,1.3461113,4.989403,1.310962,12.148853,7.2552648
10.63,1.3491157,5.0027227,1.3070965,12.12587,7.2675796
10.64,1.3521255,5.016077,1.3032334,12.102874,7.279895
10.65,1.3551393,5.0294514,1.2993731,12.079872,7.292214
10.66,1.3581574,5.042858,1.295516,12.056869,7.304538
10.67,1.3611797,5.056284,1.2916619,12.033849,7.316861
10.68,1.3642075,5.069745,1.2878095,12.010825,7.32919
10.69,1.3672383,5.083228,1.2839605,11.987805,7.3415194
10.7,1.3702742,5.096739,1.2801149,11.964766,7.3538513
10.71,1.3733151,5.110277,1.2762723,11.941724,7.3661833
10.72,1.3763586,5.1238394,1.2724317,11.918676,7.37852
10.73,1.3794082,5.137432,1.2685953,11.895626,7.3908563
10.74,1.3824613,5.1510553,1.2647617,11.872565,7.4031982
10.75,1.3855189,5.1647005,1.2609305,11.8495,7.415539
10.76,1.3885816,5.1783752,1.2571032,11.826431,7.4278827
10.77,1.3916483,5.1920767,1.2532784,11.8033495,7.4402304
10.78,1.3947185,5.205805,1.2494569,11.780266,7.4525785
10.79,1.3977937,5.2195644,1.2456391,11.757185,7.4649267
10.8,1.4008741,5.233347,1.2418239,11.734088,7.4772787
10.81,1.4039581,5.247158,1.2380118,11.710984,7.4896317
10.82,1.4070464,5.2610006,1.234204,11.687885,7.5019836
10.83,1.4101392,5.27487,1.2303985,11.664777,7.5143404
10.84,1.4132361,5.288762,1.226597,11.641664,7.5266967
10.85,1.4163378,5.302684,1.2227982,11.618541,7.5390544
10.86,1.4194434,5.316633,1.2190033,11.59542,7.5514116
10.87,1.4225534,5.330615,1.2152114,11.57229,7.5637727
10.88,1.4256682,5.3446207,1.2114235,11.549165,7.5761294
10.89,1.4287869,5.3586607,1.207639,11.52603,7.588493
10.9,1.43191,5.3727236,1.2038578,11.502892,7.6008544
10.91,1.4350376,5.38682,1.2000804,11.479751,7.613215
10.92,1.4381695,5.40094,1.1963059,11.456601,7.62558
10.93,1.4413059,5.4150896,1.1925354,11.433451,7.6379433
10.94,1.4444458,5.4292707,1.1887687,11.410303,7.6503043
10.95,1.4475905,5.4434776,1.1850054,11.387145,7.6626687
10.96,1.4507399,5.457715,1.1812458,11.363983,7.6750345
10.97,1.4538931,5.47198,1.1774898,11.340821,7.687399
10.98,1.45705,5.4862757,1.1737382,11.31766,7.699764
10.99,1.4602123,5.500598,1.1699901,11.29449,7.7121263
11.0,1.4633794,5.5149527,1.1662452,11.271319,7.724491
11.01,1.466549,5.52934,1.162505,11.248148,7.736856
11.02,1.4697232,5.543751,1.1587682,11.224971,7.749218
11.03,1.4729024,5.5581884,1.1550354,11.201795,7.7615805
11.04,1.4760863,5.5726595,1.1513063,11.178613,7.773945
11.05,1.4792739,5.587161,1.147581,11.155435,7.786309
11.06,1.4824654,5.6016912,1.14386,11.132255,7.7986712
11.07,1.4856611,5.616254,1.1401435,11.109073,7.811031
11.08,1.4888613,5.6308413,1.1364304,11.085881,7.8233933
11.09,1.4920655,5.645464,1.1327213,11.062697,7.835754
11.1,1.4952745,5.6601143,1.1290165,11.039505,7.8481116
11.11,1.4984874,5.6747932,1.1253161,11.01632,7.860469
11.12,1.5017043,5.6895037,1.1216193,10.993131,7.8728237
11.13,1.5049256,5.7042484,1.1179265,10.969939,7.8851814
11.14,1.5081517,5.719017,1.114239,10.946747,7.897534
11.15,1.5113804,5.7338142,1.1105552,10.9235525,7.909885
11.16,1.5146146,5.7486486,1.1068752,10.900362,7.922239
11.17,1.5178529,5.7635145,1.1031998,10.877173,7.9345884
11.18,1.5210949,5.778405,1.0995286,10.853982,7.946937
11.19,1.524341,5.793332,1.0958624,10.8307905,7.959282
11.2,1.5275916,5.8082886,1.0921999,10.807593,7.9716268
11.21,1.5308465,5.8232746,1.0885421,10.784406,7.9839683
11.22,1.5341058,5.838293,1.0848883,10.761214,7.9963107
11.23,1.5373683,5.853344,1.0812397,10.738027,8.008647
11.24,1.5406352,5.8684187,1.0775955,10.714833,8.0209875
11.25,1.543907,5.8835344,1.0739554,10.691649,8.033318
11.26,1.5471823,5.898675,1.0703195,10.668461,8.045651
11.27,1.5504619,5.91385,1.0666894,10.645276,8.057981
11.28,1.5537452,5.929058,1.0630627,10.622095,8.070309
11.29,1.5570328,5.944292,1.0594412,10.59891,8.082631
11.3,1.5603243,5.959564,1.0558242,10.575731,8.094956
11.31,1.5636208,5.974861,1.052212,10.552549,8.107276
11.32,1.5669206,5.990196,1.0486051,10.529377,8.119589
11.33,1.570225,6.005563,1.0450019,10.506197,8.131904
11.34,1.5735334,6.020958,1.0414041,10.483025,8.144217
11.35,1.5768455,6.0363884,1.0378107,10.459856,8.156522
11.36,1.5801613,6.0518436,1.0342221,10.43669,8.168828
11.37,1.5834817,6.067341,1.0306387,10.413525,8.1811285
11.38,1.5868062,6.0828705,1.0270597,10.390367,8.193427
11.39,1.5901346,6.098425,1.0234866,10.367203,8.205723
11.4,1.5934662,6.1140194,1.0199184,10.344056,8.218009
11.41,1.5968033,6.1296415,1.0163536,10.320898,8.2303
11.42,1.6001432,6.145299,1.0127954,10.29775,8.242582
11.43,1.6034876,6.160989,1.0092415,10.274602,8.254864
11.44,1.6068358,6.176711,1.0056926,10.251464,8.2671385
11.45,1.6101885,6.1924677,1.0021491,10.228328,8.27941
11.46,1.6135448,6.2082586,0.99861044,10.20519,8.291682
11.47,1.6169051,6.224082,0.9950771,10.182065,8.303944
11.48,1.6202699,6.239937,0.9915495,10.158945,8.316204
11.49,1.6236376,6.255825,0.98802567,10.135821,8.32846
11.5,1.6270099,6.2717466,0.98450786,10.112708,8.3407135
11.51,1.6303861,6.2876987,0.9809953,10.089598,8.352959
11.52,1.633766,6.30369,0.9774873,10.066491,8.365203
11.53,1.6371495,6.3197184,0.9739861,10.043395,8.3774395
11.54,1.6405375,6.3357744,0.9704889,10.020296,8.389675
11.55,1.6439294,6.351863,0.96699834,9.9972105,8.401903
11.56,1.6473256,6.3679914,0.9635116,9.974126,8.414127
11.57,1.650725,6.3841467,0.9600312,9.951044,8.426346
11.58,1.6541278,6.400341,0.9565557,9.927974,8.438562
11.59,1.657536,6.416568,0.9530857,9.904911,8.450768
11.6,1.6609464,6.432829,0.94962144,9.881849,8.462973
11.61,1.664361,6.4491243,0.9461625,9.858797,8.475173
11.62,1.6677806,6.465452,0.9427091,9.835746,8.487365
11.63,1.6712033,6.48182,0.9392614,9.812705,8.499554
11.64,1.6746298,6.4982204,0.93581957,9.789675,8.511732
11.65,1.6780599,6.514655,0.93238324,9.766651,8.523911
11.66,1.6814939,6.5311203,0.9289515,9.743626,8.536084
11.67,1.6849316,6.5476227,0.92552626,9.720617,8.548251
11.68,1.6883737,6.564163,0.9221065,9.697611,8.56041
11.69,1.6918193,6.580735,0.91869223,9.674613,8.572564
11.7,1.695268,6.5973454,0.9152846,9.651626,8.584712
11.71,1.6987215,6.613989,0.91188174,9.628642,8.596855
11.72,1.7021778,6.630665,0.9084851,9.60567,8.608988
11.73,1.7056385,6.64738,0.905094,9.582701,8.621118
11.74,1.7091031,6.66413,0.90170884,9.559746,8.633243
11.75,1.7125711,6.680917,0.89833,9.536797,8.645359
11.76,1.7160426,6.6977367,0.8949562,9.513856,8.657469
11.77,1.7195181,6.714592,0.8915885,9.490924,8.669574
11.78,1.7229968,6.7314844,0.88822675,9.468,8.68167
11.79,1.7264798,6.748413,0.8848706,9.445087,8.693762
11.8,1.7299668,6.765377,0.8815212,9.422179,8.705846
11.81,1.7334564,6.7823753,0.8781776,9.399289,8.717922
11.82,1.7369496,6.799406,0.87484,9.376402,8.729989
11.83,1.7404473,6.8164825,0.8715083,9.353529,8.742054
11.84,1.7439489,6.8335915,0.86818236,9.330661,8.754111
11.85,1.747453,6.8507338,0.8648628,9.307808,8.766159
11.86,1.7509613,6.8679113,0.8615492,9.28496,8.778199
11.87,1.7544733,6.885128,0.85824156,9.262127,8.7902355
11.88,1.7579888,6.902382,0.85493994,9.239299,8.802263
11.89,1.7615083,6.919674,0.85164505,9.216484,8.81428
11.9,1.765031,6.9369993,0.8483558,9.193681,8.826292
11.91,1.7685565,6.954358,0.8450732,9.170889,8.838298
11.92,1.7720865,6.971752,0.8417971,9.148104,8.850293
11.93,1.7756203,6.989196,0.8385262,9.125335,8.862283
11.94,1.779157,7.0066643,0.83526254,9.102577,8.87426
11.95,1.7826972,7.024173,0.83200496,9.079827,8.886232
11.96,1.786241,7.041725,0.8287537,9.057096,8.8982
11.97,1.789789,7.059305,0.8255077,9.0343685,8.910154
11.98,1.7933402,7.076929,0.82226914,9.011656,8.922106
11.99,1.7968941,7.0945864,0.81903666,8.98896,8.934042
12.0,1.800452,7.11228,0.8158109,8.966268,8.945975
12.01,1.8040135,7.1300087,0.81259155,8.943593,8.957898
12.02,1.8075777,7.1477804,0.8093786,8.92093,8.969812
12.03,1.8111463,7.1655903,0.80617195,8.898282,8.981716
12.04,1.814718,7.1834326,0.8029715,8.875645,8.993615
12.05,1.8182932,7.201314,0.79977757,8.853016,9.005505
12.06,1.8218724,7.2192326,0.7965902,8.830407,9.0173855
12.07,1.8254538,7.2371874,0.79340994,8.80781,9.029254
12.08,1.8290389,7.255185,0.7902354,8.785225,9.0411215
12.09,1.8326277,7.2732162,0.7870678,8.7626505,9.052971
12.1,1.83622,7.2912884,0.7839074,8.740099,9.064814
12.11,1.8398144,7.309394,0.7807529,8.717558,9.076649
12.12,1.8434136,7.327544,0.77760583,8.695032,9.088473
12.13,1.8470154,7.345728,0.774464,8.672515,9.1002865
12.14,1.8506211,7.363945,0.77132887,8.65001,9.112098
12.15,1.8542295,7.382207,0.76820177,8.627526,9.123893
12.16,1.8578418,7.400508,0.7650807,8.605062,9.13568
12.17,1.861457,7.418848,0.7619669,8.582601,9.147457
12.18,1.8650756,7.4372196,0.75885904,8.56016,9.159228
12.19,1.8686969,7.4556293,0.7557584,8.537735,9.170985
12.2,1.8723223,7.474078,0.75266397,8.515323,9.182733
12.21,1.8759503,7.49257,0.7495772,8.492929,9.194469
12.22,1.8795822,7.511098,0.7464963,8.470545,9.2062
12.23,1.883217,7.52967,0.74342304,8.448189,9.21792
12.24,1.886855,7.548273,0.740356,8.425837,9.229628
12.25,1.8904965,7.5669165,0.737296,8.403507,9.241327
12.26,1.8941407,7.5856,0.7342428,8.381191,9.253014
12.27,1.897788,7.6043215,0.73119706,8.358897,9.264689
12.28,1.9014388,7.623082,0.7281577,8.336607,9.276357
12.29,1.905093,7.641879,0.7251251,8.314345,9.288014
12.3,1.9087502,7.660719,0.7220993,8.292092,9.299659
12.31,1.9124103,7.679591,0.71908104,8.269859,9.311295
12.32,1.9160731,7.69851,0.7160698,8.24765,9.322916
12.33,1.9197396,7.7174625,0.7130649,8.22545,9.334533
12.34,1.9234091,7.736456,0.7100673,8.203269,9.346136
12.35,1.9270816,7.7554903,0.7070767,8.181105,9.357724
12.36,1.9307573,7.774561,0.7040936,8.158964,9.369307
12.37,1.9344356,7.7936707,0.70111704,8.136835,9.380877
12.38,1.9381182,7.8128223,0.69814724,8.114723,9.392438
12.39,1.9418024,7.8320103,0.6951852,8.092636,9.403982
12.4,1.94549,7.851244,0.69223005,8.070565,9.415516
12.41,1.9491813,7.8705072,0.6892819,8.048508,9.427039
12.42,1.9528743,7.8898087,0.6863406,8.026469,9.438554
12.43,1.9565717,7.9091663,0.6834061,8.004454,9.450057
12.44,1.9602708,7.928545,0.68048036,7.982459,9.461545
12.45,1.9639729,7.947974,0.6775603,7.9604807,9.473023
12.46,1.9676793,7.967433,0.67464757,7.938518,9.484492
12.47,1.9713877,7.9869413,0.6717421,7.9165792,9.495944
12.48,1.9750992,8.006484,0.66884434,7.89466,9.50739
12.49,1.978814,8.026064,0.6659528,7.872754,9.518821
12.5,1.9825313,8.045692,0.66306937,7.850874,9.530238
12.51,1.986251,8.065353,0.66019297,7.829015,9.541648
12.52,1.9899741,8.085059,0.6573234,7.8071733,9.553041
12.53,1.9936996,8.104799,0.6544618,7.785355,9.564421
12.54,1.9974284,8.124578,0.6516068,7.7635527,9.575795
12.55,2.0011606,8.144399,0.6487588,7.74177,9.587154
12.56,2.0048945,8.164263,0.64591867,7.72001,9.598497
12.57,2.0086315,8.184161,0.6430864,7.6982756,9.609828
12.58,2.0123723,8.2041025,0.6402605,7.6765556,9.621148
12.59,2.0161147,8.224086,0.63744205,7.6548605,9.632454
12.6,2.0198607,8.244104,0.63463074,7.633179,9.643751
12.61,2.0236082,8.264164,0.6318272,7.6115284,9.655033
12.62,2.02736,8.284263,0.62903106,7.589899,9.666304
12.63,2.0311139,8.304406,0.6262419,7.568287,9.677563
12.64,2.03487,8.324589,0.62346023,7.5466976,9.688807
12.65,2.0386295,8.344801,0.6206856,7.5251274,9.700036
12.66,2.0423913,8.365064,0.61791897,7.5035834,9.711255
12.67,2.0461552,8.3853655,0.6151594,7.4820614,9.722461
12.68,2.0499232,8.405707,0.6124073,7.4605618,9.733648
12.69,2.053693,8.426085,0.609663,7.439086,9.744827
12.7,2.057466,8.446504,0.6069249,7.4176264,9.755994
12.71,2.0612411,8.466967,0.6041953,7.3961945,9.767144
12.72,2.065019,8.48747,0.6014727,7.3747864,9.778282
12.73,2.0687985,8.508003,0.59875786,7.3533974,9.789408
12.74,2.0725818,8.528591,0.5960507,7.33204,9.800517
12.75,2.0763674,8.549212,0.5933498,7.3106976,9.811615
12.76,2.0801563,8.569875,0.59065723,7.2893796,9.8227
12.77,2.0839465,8.590571,0.5879722,7.2680864,9.833769
12.78,2.0877392,8.611316,0.58529454,7.24682,9.844825
12.79,2.091535,8.632095,0.58262354,7.225572,9.855866
12.8,2.095334,8.652919,0.5799612,7.2043495,9.866896
12.81,2.099134,8.67378,0.5773061,7.183158,9.877913
12.82,2.1029377,8.694682,0.5746583,7.1619835,9.888909
12.83,2.106743,8.715632,0.5720181,7.140838,9.899892
12.84,2.1105506,8.736607,0.5693849,7.1197124,9.91087
12.85,2.1143615,8.757634,0.5667595,7.0986123,9.921829
12.86,2.1181738,8.778694,0.56414187,7.07754,9.93277
12.87,2.12199,8.799804,0.5615317,7.0564904,9.9437
12.88,2.1258078,8.820946,0.558929,7.035465,9.954613
12.89,2.1296277,8.842127,0.5563338,7.0144634,9.965516
12.9,2.1334498,8.863353,0.55374616,6.9934936,9.976397
12.91,2.1372745,8.88462,0.55116606,6.9725475,9.987274
12.92,2.1411016,8.905919,0.5485937,6.9516215,9.99813
12.93,2.1449313,8.92727,0.54602826,6.930727,10.008967
12.94,2.148764,8.948657,0.54347104,6.9098587,10.019794
12.95,2.1525972,8.970084,0.5409215,6.8890166,10.030606
12.96,2.1564338,8.991548,0.53837883,6.868197,10.041404
12.97,2.1602721,9.013062,0.5358445,6.847406,10.052183
12.98,2.1641126,9.034605,0.53331757,6.826644,10.062951
12.99,2.1679554,9.056197,0.53079736,6.8059025,10.073703
13.0,2.171802,9.077829,0.5282853,6.7851906,10.08444
13.01,2.1756487,9.09949,0.5257815,6.7645044,10.095164
13.02,2.1794994,9.1212015,0.5232842,6.743844,10.105869
13.03,2.1833515,9.142951,0.5207947,6.723212,10.116564
13.04,2.1872048,9.164739,0.5183136,6.7026105,10.127236
13.05,2.1910615,9.186567,0.5158388,6.682028,10.137897
13.06,2.1949196,9.208442,0.5133721,6.66148,10.148544
13.07,2.1987798,9.230351,0.5109139,6.640964,10.15917
13.08,2.202643,9.252308,0.5084624,6.6204715,10.1697855
13.09,2.2065072,9.2743,0.50601864,6.6000037,10.180386
13.1,2.2103744,9.296329,0.5035823,6.579562,10.190966
13.11,2.2142427,9.318403,0.50115424,6.5591564,10.201531
13.12,2.218114,9.340521,0.4987331,6.5387745,10.212082
13.13,2.2219868,9.362664,0.4963195,6.518416,10.222616
13.14,2.2258615,9.384864,0.49391437,6.498095,10.233138
13.15,2.2297385,9.407095,0.49151608,6.4777985,10.243644
13.16,2.2336173,9.429365,0.48912567,6.457529,10.254129
13.17,2.2374983,9.451683,0.4867428,6.4372916,10.264598
13.18,2.241381,9.474035,0.48436707,6.4170814,10.275055
13.19,2.2452655,9.49643,0.48199952,6.396897,10.285495
13.2,2.2491524,9.518867,0.47963914,6.3767457,10.295918
13.21,2.2530406,9.541345,0.4772866,6.3566203,10.306325
13.22,2.2569308,9.563862,0.474942,6.336533,10.316713
13.23,2.2608237,9.586417,0.47260472,6.3164673,10.327087
13.24,2.2647173,9.609014,0.4702753,6.296434,10.337443
13.25,2.2686138,9.631652,0.46795306,6.2764277,10.347786
13.26,2.272511,9.654323,0.46563828,6.256453,10.358111
13.27,2.2764118,9.677045,0.4633311,6.236507,10.368421
13.28,2.2803113,9.699796,0.4610322,6.2165933,10.378711
13.29,2.2842152,9.722594,0.4587403,6.1967087,10.388985
13.3,2.2881205,9.745436,0.456456,6.176858,10.399241
13.31,2.2920272,9.768313,0.45417917,6.1570272,10.409482
13.32,2.2959354,9.79123,0.45191067,6.1372423,10.419707
13.33,2.299845,9.81419,0.44964942,6.1174774,10.429914
13.34,2.3037565,9.83719,0.44739565,6.097744,10.440102
13.35,2.3076718,9.860226,0.4451488,6.0780416,10.450278
13.36,2.311586,9.883302,0.4429108,6.058374,10.460433
13.37,2.315503,9.906427,0.44067928,6.0387406,10.470573
13.38,2.3194213,9.929584,0.43845555,6.0191283,10.480694
13.39,2.323342,9.952787,0.4362396,5.999552,10.490804
13.4,2.327263,9.976026,0.43403146,5.980009,10.50089
13.41,2.331186,9.999305,0.43183047,5.9604974,10.51096
13.42,2.335111,10.022622,0.42963734,5.9410143,10.52101
13.43,2.3390372,10.045981,0.4274513,5.9215627,10.531054
13.44,2.3429654,10.069384,0.42527336,5.902149,10.541066
13.45,2.3468945,10.092826,0.42310253,5.882759,10.551069
13.46,2.3508255,10.1163025,0.4209392,5.8634033,10.561053
13.47,2.3547578,10.139822,0.41878343,5.8440833,10.571016
13.48,2.358691,10.163384,0.41663563,5.8247943,10.580968
13.49,2.362627,10.186976,0.41449496,5.8055353,10.590897
13.5,2.3665638,10.210622,0.4123624,5.7863135,10.600811
13.51,2.3705015,10.234303,0.410236,5.7671185,10.610708
13.52,2.374441,10.258021,0.4081181,5.747958,10.620585
13.53,2.3783815,10.281776,0.40600812,5.7288322,10.630447
13.54,2.382324,10.305583,0.4039052,5.7097397,10.640287
13.55,2.3862681,10.329416,0.40180972,5.6906767,10.650112
13.56,2.3902128,10.353306,0.3997212,5.671649,10.659918
13.57,2.3941588,10.37722,0.3976406,5.6526537,10.669707
13.58,2.3981063,10.401174,0.39556777,5.6336923,10.67948
13.59,2.402055,10.425169,0.39350215,5.6147614,10.689229
13.6,2.4060051,10.449221,0.39144373,5.595868,10.698963
13.61,2.4099565,10.473291,0.3893933,5.577008,10.708676
13.62,2.4139087,10.497412,0.38734964,5.558175,10.718378
13.63,2.4178627,10.521567,0.3853143,5.539385,10.728058
13.64,2.4218168,10.545766,0.38328558,5.520624,10.737715
13.65,2.4257731,10.570007,0.3812646,5.501895,10.74736
13.66,2.4297302,10.594282,0.3792509,5.483203,10.756987
13.67,2.433689,10.618599,0.37724462,5.4645405,10.766592
13.68,2.4376485,10.642952,0.37524593,5.445917,10.776181
13.69,2.4416087,10.66735,0.37325475,5.4273267,10.785749
13.7,2.4455705,10.69179,0.371271,5.4087706,10.7953
13.71,2.4495332,10.7162695,0.36929446,5.390253,10.804833
13.72,2.4534972,10.740782,0.3673249,5.3717613,10.814349
13.73,2.4574618,10.765341,0.36536336,5.353313,10.82384
13.74,2.4614275,10.789931,0.36340916,5.334893,10.833318
13.75,2.465394,10.8145685,0.36146203,5.3165083,10.84278
13.76,2.4693618,10.839244,0.35952216,5.298159,10.852216
13.77,2.4733305,10.863955,0.35758975,5.2798457,10.861637
13.78,2.4773,10.888706,0.35566458,5.2615647,10.871039
13.79,2.4812703,10.913501,0.35374698,5.243321,10.880423
13.8,2.4852428,10.938334,0.35183632,5.2251134,10.889787
13.81,2.489215,10.963207,0.3499331,5.2069373,10.899132
13.82,2.4931884,10.988121,0.3480373,5.1888022,10.908457
13.83,2.497162,11.01307,0.34614903,5.1706996,10.917765
13.84,2.501137,11.038065,0.34426796,5.1526327,10.927054
13.85,2.505112,11.063087,0.3423938,5.134599,10.936322
13.86,2.5090878,11.088158,0.34052706,5.1166053,10.94557
13.87,2.5130653,11.113267,0.3386678,5.098642,10.9548025
13.88,2.5170438,11.138422,0.33681548,5.080719,10.964018
13.89,2.5210233,11.163599,0.33497012,5.0628276,10.973211
13.9,2.5250022,11.188839,0.3331324,5.0449786,10.982379
13.91,2.5289824,11.214095,0.33130163,5.0271564,10.991534
13.92,2.5329628,11.239404,0.32947823,5.009376,11.000672
13.93,2.5369442,11.264756,0.3276621,4.9916353,11.009784
13.94,2.5409265,11.2901325,0.32585326,4.9739227,11.018884
13.95,2.544909,11.315558,0.32405123,4.9562497,11.027957
13.96,2.5488923,11.341023,0.32225642,4.9386144,11.037018
13.97,2.552876,11.366526,0.3204688,4.921013,11.046057
13.98,2.55686,11.392067,0.3186888,4.9034524,11.055073
13.99,2.5608456,11.417649,0.31691527,4.8859205,11.064074
14.0,2.564831,11.44327,0.3151489,4.868427,11.073051
14.01,2.5688179,11.468928,0.31339002,4.8509765,11.082011
14.02,2.5728037,11.494633,0.31163803,4.833557,11.090957
14.03,2.5767906,11.520363,0.30989334,4.816177,11.099872
14.04,2.5807784,11.546146,0.30815586,4.7988386,11.108775
14.05,2.584766,11.5719595,0.30642468,4.781527,11.1176605
14.06,2.5887542,11.597816,0.30470142,4.764258,11.126519
14.07,2.5927436,11.623712,0.3029843,4.747023,11.135366
14.08,2.596732,11.649651,0.3012752,4.729828,11.144181
14.09,2.6007216,11.675628,0.29957265,4.7126713,11.152987
14.1,2.6047118,11.70164,0.29787695,4.6955476,11.161771
14.11,2.6087015,11.727687,0.2961882,4.678466,11.170533
14.12,2.6126914,11.753781,0.29450685,4.6614156,11.1792755
14.13,2.616683,11.779914,0.29283285,4.644408,11.187999
14.14,2.620674,11.80608,0.29116485,4.627433,11.196704
14.15,2.624665,11.832288,0.28950426,4.6104994,11.205384
14.16,2.628657,11.858538,0.28785053,4.5936,11.214051
14.17,2.6326485,11.884826,0.28620318,4.57674,11.2226925
14.18,2.63664,11.911147,0.28456375,4.5599146,11.231318
14.19,2.6406329,11.937511,0.28293103,4.5431347,11.239922
14.2,2.6446245,11.963918,0.2813049,4.5263863,11.248505
14.21,2.6486168,11.990364,0.27968556,4.5096745,11.257072
14.22,2.6526098,12.016847,0.27807307,4.4930015,11.265613
14.23,2.6566021,12.043367,0.27646762,4.476369,11.274137
14.24,2.6605942,12.069921,0.274869,4.45977,11.282639
14.25,2.6645875,12.096524,0.27327716,4.443209,11.291125
14.26,2.6685798,12.123163,0.27169245,4.426693,11.299585
14.27,2.6725721,12.149843,0.2701141,4.4102106,11.308029
14.28,2.676565,12.17655,0.26854274,4.3937645,11.316447
14.29,2.6805577,12.20332,0.2669778,4.37736,11.324852
14.3,2.6845505,12.230111,0.26542038,4.3609915,11.333235
14.31,2.6885438,12.256947,0.26386887,4.3446593,11.341598
14.32,2.6925356,12.283816,0.2623248,4.3283696,11.349939
14.33,2.6965282,12.310725,0.26078734,4.3121166,11.358257
14.34,2.7005203,12.337674,0.25925642,4.295902,11.366558
14.35,2.704514,12.364669,0.25773206,4.279721,11.374841
14.36,2.7085052,12.391695,0.25621483,4.2635846,11.3831
14.37,2.7124972,12.418757,0.25470385,4.2474823,11.391337
14.38,2.716489,12.445868,0.25319946,4.231422,11.399562
14.39,2.7204812,12.473017,0.2517022,4.2153964,11.407758
14.4,2.724471,12.500199,0.2502114,4.199415,11.415937
14.41,2.7284625,12.527419,0.24872698,4.183464,11.424098
14.42,2.7324533,12.554686,0.24724923,4.167559,11.432237
14.43,2.736445,12.581987,0.2457784,4.1516886,11.440351
14.44,2.740434,12.609331,0.2443141,4.135861,11.448446
14.45,2.7444248,12.636707,0.24285583,4.120068,11.456523
14.46,2.7484143,12.664124,0.24140452,4.104311,11.46458
14.47,2.752403,12.691582,0.23995951,4.0885973,11.472616
14.48,2.756392,12.719072,0.23852159,4.0729227,11.480631
14.49,2.7603812,12.746614,0.2370898,4.0572863,11.488623
14.5,2.7643685,12.7741785,0.23566465,4.0416875,11.496598
14.51,2.7683566,12.801798,0.23424569,4.0261273,11.504553
14.52,2.772344,12.829452,0.23283304,4.0106044,11.512485
14.53,2.7763298,12.857138,0.23142722,3.9951231,11.5204
14.54,2.7803164,12.88487,0.2300278,3.9796777,11.52829
14.55,2.7843022,12.912641,0.22863474,3.964275,11.5361595
14.56,2.7882888,12.940452,0.2272483,3.948909,11.54401
14.57,2.7922728,12.968297,0.22586817,3.933585,11.551837
14.58,2.7962568,12.996174,0.22449414,3.9182947,11.559649
14.59,2.8002405,13.024104,0.22312705,3.9030504,11.567435
14.6,2.8042238,13.052072,0.22176538,3.8878384,11.575205
14.61,2.808205,13.080062,0.22041081,3.8726661,11.582949
14.62,2.812188,13.108107,0.21906239,3.8575358,11.590677
14.63,2.8161685,13.1361885,0.21772009,3.842442,11.598382
14.64,2.8201494,13.164299,0.21638414,3.8273835,11.606069
14.65,2.8241286,13.192455,0.2150551,3.8123758,11.613731
14.66,2.828108,13.220658,0.21373145,3.7973979,11.621377
14.67,2.8320858,13.2488985,0.2124148,3.782464,11.629001
14.68,2.836064,13.277168,0.21110353,3.7675622,11.636604
14.69,2.8400402,13.305483,0.2097992,3.7527065,11.644181
14.7,2.8440173,13.333832,0.20850052,3.7378871,11.651742
14.71,2.8479922,13.362225,0.2072085,3.723109,11.659282
14.72,2.851967,13.3906555,0.20592235,3.7083654,11.666804
14.73,2.8559406,13.419122,0.20464258,3.693665,11.674304
14.74,2.8599136,13.447634,0.20336896,3.6790025,11.681781
14.75,2.8638854,13.476182,0.2021015,3.6643791,11.689239
14.76,2.8678572,13.504759,0.20083979,3.649792,11.696676
14.77,2.8718271,13.533387,0.19958432,3.6352475,11.704092
14.78,2.875796,13.56205,0.198335,3.6207442,11.711483
14.79,2.8797643,13.590751,0.19709171,3.6062748,11.718864
14.8,2.8837316,13.619491,0.19585446,3.5918465,11.726215
14.81,2.8876982,13.648278,0.19462335,3.57746,11.733549
14.82,2.8916633,13.677087,0.19339812,3.5631075,11.740858
14.83,2.8956282,13.705957,0.19217932,3.5488026,11.748155
14.84,2.8995922,13.734844,0.1909657,3.534527,11.7554245
14.85,2.9035535,13.763782,0.18975878,3.5202973,11.7626705
14.86,2.907516,13.792758,0.18855777,3.5061066,11.769902
14.87,2.9114757,13.821769,0.18736248,3.4919503,11.777113
14.88,2.915435,13.8508215,0.18617272,3.4778314,11.7843
14.89,2.9193933,13.87992,0.18498965,3.4637632,11.791468
14.9,2.9233496,13.9090395,0.18381223,3.4497247,11.7986145
14.91,2.9273057,13.938207,0.18264022,3.4357257,11.805738
14.92,2.931261,13.967424,0.18147427,3.4217703,11.812844
14.93,2.9352152,13.996661,0.18031421,3.407849,11.819927
14.94,2.9391658,14.0259495,0.17916031,3.393974,11.826993
14.95,2.9431174,14.055271,0.17801188,3.3801308,11.834036
14.96,2.9470673,14.08464,0.17686938,3.3663294,11.841056
14.97,2.9510155,14.114043,0.17573284,3.3525689,11.84806
14.98,2.954963,14.1434765,0.1746019,3.3388448,11.855039
14.99,2.95891,14.172959,0.17347626,3.325159,11.862002
15.0,2.9628546,14.202482,0.1723571,3.3115165,11.868942
15.01,2.966798,14.232044,0.17124301,3.2979074,11.875865
15.02,2.9707403,14.261632,0.17013487,3.2843425,11.882755
15.03,2.9746802,14.291273,0.16903281,3.270813,11.889638
15.04,2.9786203,14.320944,0.16793549,3.2573245,11.896499
15.05,2.9825583,14.350663,0.16684449,3.2438745,11.903331
15.06,2.9864957,14.380418,0.16575933,3.2304635,11.910147
15.07,2.9904306,14.410204,0.16467959,3.2170956,11.9169445
15.08,2.994364,14.440041,0.1636053,3.2037618,11.923714
15.09,2.9982977,14.469903,0.16253662,3.1904645,11.930471
15.1,3.002228,14.499815,0.1614734,3.1772118,11.937204
15.11,3.0061576,14.529756,0.16041584,3.1639965,11.943916
15.12,3.010085,14.55975,0.15936397,3.1508193,11.950607
15.13,3.0140114,14.58977,0.15831743,3.1376812,11.957279
15.14,3.0179374,14.619837,0.15727626,3.12458,11.963934
15.15,3.02186,14.649938,0.156241,3.1115217,11.970565
15.16,3.0257823,14.680078,0.15521067,3.0984955,11.977177
15.17,3.0297022,14.710269,0.15418622,3.085518,11.98376
15.18,3.0336223,14.740481,0.1531671,3.07257,11.990332
15.19,3.0375395,14.770738,0.15215322,3.0596638,11.9968815
15.2,3.0414546,14.801043,0.15114486,3.0467992,12.003412
15.21,3.0453682,14.831373,0.15014203,3.0339696,12.00992
15.22,3.049281,14.861747,0.14914459,3.021178,12.016407
15.23,3.0531905,14.892168,0.14815252,3.0084317,12.022872
15.24,3.0571,14.92262,0.14716534,2.995719,12.02932
15.25,3.0610077,14.953113,0.14618358,2.983041,12.03575
15.26,3.064914,14.98364,0.14520738,2.9704049,12.042156
15.27,3.0688174,15.0142145,0.14423649,2.9578123,12.048537
15.28,3.0727193,15.044828,0.14327033,2.9452536,12.054906
15.29,3.0766196,15.075469,0.1423103,2.9327302,12.0612545
15.3,3.0805175,15.106161,0.1413547,2.920251,12.067575
15.31,3.0844145,15.136884,0.14040485,2.9078066,12.073878
15.32,3.0883095,15.167647,0.1394601,2.8954053,12.080163
15.33,3.0922027,15.198452,0.1385203,2.8830354,12.086431
15.34,3.096094,15.22929,0.13758558,2.8707082,12.092671
15.35,3.099984,15.260178,0.13665605,2.8584168,12.098899
15.36,3.103871,15.291095,0.13573198,2.846166,12.105097
15.37,3.1077573,15.322058,0.13481273,2.8339524,12.111283
15.38,3.1116405,15.35306,0.13389893,2.8217793,12.117445
15.39,3.1155224,15.384092,0.13299003,2.809644,12.123589
15.4,3.1194026,15.4151745,0.13208589,2.7975435,12.129709
15.41,3.1232805,15.446283,0.13118695,2.7854817,12.135811
15.42,3.1271567,15.47744,0.13029316,2.7734601,12.141897
15.43,3.1310315,15.508632,0.12940423,2.761475,12.14796
15.44,3.1349034,15.539859,0.12852046,2.7495248,12.154001
15.45,3.1387725,15.571131,0.1276417,2.7376215,12.160023
15.46,3.1426406,15.602435,0.12676752,2.7257466,12.166025
15.47,3.1465077,15.633796,0.12589891,2.7139158,12.1720085
15.48,3.1503718,15.665179,0.1250347,2.7021217,12.177967
15.49,3.154233,15.696599,0.12417547,2.6903636,12.183911
15.5,3.1580944,15.728074,0.12332095,2.6786432,12.189835
15.51,3.1619518,15.759574,0.12247121,2.6669567,12.1957445
15.52,3.165807,15.791112,0.12162716,2.6553154,12.20162
15.53,3.1696608,15.822697,0.120786935,2.6437056,12.207484
15.54,3.1735132,15.854316,0.1199524,2.6321375,12.213327
15.55,3.177362,15.885974,0.11912234,2.6206064,12.219153
15.56,3.1812093,15.917668,0.118296765,2.6091087,12.224954
15.57,3.1850553,15.949407,0.11747668,2.5976555,12.23074
15.58,3.1888974,15.981176,0.11666019,2.5862322,12.236503
15.59,3.1927385,16.012993,0.11584914,2.5748525,12.2422495
15.6,3.1965773,16.044847,0.11504281,2.5635047,12.247976
15.61,3.2004123,16.07674,0.1142411,2.5522003,12.253678
15.62,3.2042472,16.10867,0.11344373,2.5409245,12.259369
15.63,3.2080789,16.140635,0.1126514,2.5296955,12.26503
15.64,3.2119086,16.172647,0.1118636,2.5184968,12.270675
15.65,3.2157347,16.20469,0.11108064,2.5073416,12.276306
15.66,3.2195604,16.236774,0.11030215,2.4962184,12.281916
15.67,3.2233822,16.268902,0.109528154,2.4851313,12.287499
15.68,3.2272036,16.301058,0.10875882,2.4740806,12.293071
15.69,3.2310205,16.333263,0.10799382,2.4630725,12.29862
15.7,3.2348363,16.365501,0.10723346,2.452096,12.304149
15.71,3.2386491,16.397781,0.10647774,2.44116,12.309656
15.72,3.24246,16.430096,0.10572623,2.430257,12.3151455
15.73,3.2462685,16.462448,0.10497937,2.4193878,12.320621
15.74,3.2500741,16.494848,0.10423741,2.4085639,12.326073
15.75,3.2538793,16.527277,0.10349923,2.3977723,12.331506
15.76,3.2576797,16.559753,0.10276575,2.3870187,12.336919
15.77,3.2614777,16.592262,0.10203685,2.376302,12.342315
15.78,3.2652736,16.624811,0.101311915,2.3656185,12.347689
15.79,3.2690673,16.657393,0.10059135,2.3549697,12.353047
15.8,3.2728586,16.690008,0.09987562,2.3443608,12.358387
15.81,3.276649,16.722685,0.09916387,2.3337862,12.3637
15.82,3.2804334,16.755383,0.09845668,2.323253,12.369002
15.83,3.284218,16.788115,0.09775388,2.3127518,12.374278
15.84,3.2879996,16.8209,0.09705485,2.3022876,12.37954
15.85,3.2917778,16.853718,0.09636028,2.2918556,12.384784
15.86,3.2955534,16.88657,0.095670216,2.281463,12.390011
15.87,3.2993276,16.919466,0.09498429,2.2711089,12.395209
15.88,3.3030984,16.952396,0.09430252,2.260786,12.4004
15.89,3.3068664,16.985367,0.093624994,2.2505012,12.4055605
15.9,3.3106308,17.018368,0.092951424,2.240253,12.4107065
15.91,3.3143952,17.051424,0.09228225,2.2300375,12.415839
15.92,3.3181558,17.084513,0.0916169,2.2198615,12.420947
15.93,3.3219125,17.11764,0.090956114,2.209717,12.426043
15.94,3.325667,17.150787,0.09029953,2.1996093,12.431111
15.95,3.32942,17.183996,0.08964667,2.18954,12.436168
15.96,3.333169,17.21723,0.08899782,2.1795046,12.441199
15.97,3.3369172,17.250511,0.088353045,2.169501,12.446224
15.98,3.3406606,17.283825,0.087712646,2.1595416,12.45122
15.99,3.3444014,17.31717,0.08707601,2.149606,12.4562
16.0,3.3481407,17.350565,0.08644327,2.1397128,12.461158
16.01,3.3518765,17.383995,0.08581453,2.1298504,12.466105
16.02,3.3556104,17.417467,0.08518982,2.1200252,12.471028
16.03,3.35934,17.450962,0.08456934,2.110237,12.475931
16.04,3.363068,17.484509,0.08395238,2.1004775,12.480822
16.05,3.3667922,17.518082,0.08333953,2.0907595,12.485691
16.06,3.3705137,17.551708,0.08273069,2.081078,12.490538
16.07,3.3742332,17.585356,0.08212521,2.0714207,12.495372
16.08,3.3779483,17.619051,0.08152414,2.061808,12.500186
16.09,3.3816621,17.652782,0.08092661,2.0522249,12.504985
16.1,3.3853724,17.686552,0.08033329,2.0426776,12.509761
16.11,3.389081,17.720377,0.07974339,2.0331674,12.514525
16.12,3.3927846,17.754206,0.079157524,2.0236874,12.519263
16.13,3.3964853,17.788094,0.07857519,2.014245,12.523989
16.14,3.4001858,17.822018,0.07799702,2.0048382,12.528695
16.15,3.4038813,17.855968,0.07742202,1.9954607,12.533378
16.16,3.4075735,17.889967,0.07685112,1.9861206,12.538051
16.17,3.4112632,17.924,0.076283544,1.9768132,12.542704
16.18,3.4149501,17.958075,0.07572039,1.9675398,12.5473385
16.19,3.418634,17.99219,0.07516031,1.9583044,12.551955
16.2,3.4223137,18.02633,0.074603856,1.9490981,12.556554
16.21,3.425992,18.060509,0.07405138,1.9399294,12.5611315
16.22,3.4296665,18.094734,0.073502176,1.9307911,12.565695
16.23,3.4333384,18.12899,0.072956756,1.9216884,12.570239
16.24,3.4370077,18.163286,0.072414994,1.9126178,12.574766
16.25,3.4406729,18.197626,0.071876556,1.9035821,12.579278
16.26,3.4443362,18.231993,0.07134196,1.8945822,12.583769
16.27,3.4479942,18.266397,0.07081043,1.8856107,12.588246
16.28,3.4516506,18.300844,0.07028302,1.8766748,12.592706
16.29,3.4553041,18.335331,0.06975848,1.8677756,12.597144
16.3,3.458954,18.369846,0.06923801,1.858903,12.601566
16.31,3.4626002,18.404396,0.06872063,1.8500661,12.605969
16.32,3.466244,18.438992,0.06820662,1.8412695,12.610356
16.33,3.4698853,18.47363,0.06769605,1.8324928,12.614734
16.34,3.4735227,18.508303,0.067189015,1.8237591,12.619082
16.35,3.4771576,18.543003,0.06668542,1.8150538,12.623418
16.36,3.4807882,18.577747,0.066185005,1.8063844,12.62774
16.37,3.484416,18.612528,0.06568841,1.7977448,12.632038
16.38,3.4880414,18.647337,0.06519452,1.7891384,12.636322
16.39,3.4916625,18.682184,0.06470439,1.780565,12.640591
16.4,3.4952796,18.71708,0.064217396,1.772029,12.64484
16.41,3.498895,18.752,0.06373373,1.7635195,12.649071
16.42,3.5025065,18.786972,0.06325334,1.7550449,12.65329
16.43,3.5061145,18.821966,0.062776096,1.7466003,12.657489
16.44,3.509719,18.857012,0.06230228,1.7381958,12.661667
16.45,3.5133214,18.89208,0.061831713,1.7298124,12.6658325
16.46,3.5169184,18.92718,0.06136417,1.7214687,12.669988
16.47,3.5205133,18.962324,0.0608999,1.7131543,12.674113
16.48,3.5241048,18.997515,0.060438648,1.7048712,12.678228
16.49,3.527692,19.03273,0.05998073,1.6966214,12.682325
16.5,3.531278,19.067987,0.059525594,1.6884015,12.686411
16.51,3.5348597,19.103275,0.05907392,1.6802148,12.690469
16.52,3.5384376,19.138601,0.05862538,1.672058,12.694527
16.53,3.5420127,19.173977,0.05817999,1.66394,12.698555
16.54,3.5455835,19.20937,0.057737596,1.6558465,12.702569
16.55,3.549151,19.2448,0.05729811,1.6477885,12.706564
16.56,3.552716,19.280281,0.056861684,1.639761,12.710547
16.57,3.5562766,19.315783,0.05642814,1.6317607,12.714516
16.58,3.5598338,19.351334,0.0559979,1.6237997,12.718465
16.59,3.5633886,19.386911,0.055570435,1.6158634,12.7224
16.6,3.5669382,19.422533,0.055146076,1.6079606,12.726313
16.61,3.570486,19.45818,0.054724634,1.6000872,12.730218
16.62,3.5740304,19.49387,0.054306094,1.5922474,12.7340975
16.63,3.5775678,19.529589,0.053890437,1.5844423,12.7379675
16.64,3.5811055,19.56535,0.0534778,1.576658,12.741818
16.65,3.5846384,19.601154,0.053067874,1.5689093,12.745655
16.66,3.5881674,19.636986,0.052661233,1.5611975,12.749479
16.67,3.5916939,19.672855,0.052257214,1.5535088,12.753278
16.68,3.5952137,19.708748,0.051855832,1.545855,12.757068
16.69,3.5987353,19.744682,0.0514571,1.5382236,12.76084
16.7,3.6022484,19.780668,0.051061835,1.5306283,12.764595
16.71,3.6057603,19.816662,0.05066891,1.5230662,12.768335
16.72,3.6092663,19.852707,0.050278995,1.5155324,12.7720585
16.73,3.6127713,19.888792,0.04989161,1.5080295,12.775767
16.74,3.6162724,19.9249,0.049507223,1.5005534,12.77946
16.75,3.6197686,19.961058,0.04912539,1.4931093,12.783142
16.76,3.623262,19.99726,0.048746478,1.4857018,12.7868
16.77,3.6267526,20.03347,0.04836988,1.4783114,12.790446
16.78,3.6302373,20.069721,0.04799595,1.4709563,12.794076
16.79,3.6337197,20.106012,0.047624934,1.4636333,12.797692
16.8,3.6371994,20.14234,0.04725672,1.4563415,12.801292
16.81,3.6406732,20.178694,0.046890713,1.4490753,12.804875
16.82,3.6441443,20.215092,0.04652746,1.4418374,12.808446
16.83,3.6476104,20.251524,0.046167128,1.4346335,12.811995
16.84,3.651075,20.287992,0.045809183,1.4274576,12.815532
16.85,3.6545339,20.324503,0.045454074,1.4203154,12.819052
16.86,3.6579905,20.361025,0.045100793,1.4131913,12.822563
16.87,3.6614432,20.397608,0.044750538,1.4061085,12.826057
16.88,3.6648903,20.434202,0.04440307,1.3990508,12.829534
16.89,3.6683357,20.470837,0.044057652,1.3920196,12.832996
16.9,3.6717758,20.507515,0.04371481,1.3850191,12.83644
16.91,3.6752133,20.544222,0.04337476,1.3780458,12.839872
16.92,3.678646,20.58097,0.043036938,1.3711025,12.843288
16.93,3.6820757,20.617735,0.042701647,1.3641895,12.846689
16.94,3.6855004,20.654549,0.042368867,1.3573053,12.850074
16.95,3.6889224,20.691397,0.042038076,1.3504457,12.853449
16.96,3.6923392,20.728273,0.041710004,1.343621,12.856804
16.97,3.695753,20.765179,0.041384295,1.3368205,12.860151
16.98,3.6991646,20.802135,0.041060857,1.3300463,12.863474
16.99,3.702569,20.839111,0.040740028,1.3233079,12.866791
17.0,3.705972,20.876137,0.04042141,1.3165939,12.870085
17.01,3.7093685,20.91318,0.040105436,1.3099065,12.873369
17.02,3.7127633,20.95027,0.03979118,1.3032471,12.876636
17.03,3.7161546,20.987394,0.03947964,1.2966182,12.87989
17.04,3.7195408,21.024534,0.039170105,1.290014,12.883129
17.05,3.722922,21.061708,0.03886308,1.2834402,12.886354
17.06,3.726301,21.098928,0.038558394,1.2768955,12.889566
17.07,3.7296746,21.136198,0.038255632,1.2703797,12.89276
17.08,3.7330458,21.173471,0.037955433,1.2638854,12.89594
17.09,3.736412,21.210787,0.03765695,1.2574184,12.899112
17.1,3.7397754,21.24814,0.037361316,1.2509855,12.902263
17.11,3.7431333,21.285532,0.037067622,1.2445776,12.905403
17.12,3.7464883,21.32295,0.036775675,1.2381938,12.908529
17.13,3.749837,21.360394,0.036486268,1.2318416,12.911637
17.14,3.7531843,21.397882,0.036199395,1.2255169,12.914733
17.15,3.7565258,21.435392,0.035914145,1.219215,12.917816
17.16,3.7598646,21.472961,0.03563118,1.2129452,12.920885
17.17,3.7631986,21.510542,0.035350285,1.206698,12.923942
17.18,3.7665284,21.548153,0.035071272,1.2004824,12.92698
17.19,3.7698545,21.585814,0.034794565,1.1942893,12.930001
17.2,3.7731764,21.623495,0.03452009,1.1881254,12.933019
17.21,3.7764945,21.661215,0.034247793,1.1819918,12.936015
17.22,3.779808,21.698963,0.033976942,1.1758798,12.939006
17.23,3.7831168,21.736744,0.033708334,1.1697938,12.941975
17.24,3.7864225,21.774548,0.033441648,1.1637338,12.944929
17.25,3.7897232,21.812399,0.033177048,1.1577039,12.947877
17.26,3.7930212,21.850273,0.03291444,1.151696,12.950806
17.27,3.7963128,21.888199,0.032654017,1.14572,12.953718
17.28,3.7996018,21.926138,0.032395564,1.1397676,12.956621
17.29,3.802887,21.964115,0.032138716,1.1338415,12.959516
17.3,3.8061664,22.002132,0.031884085,1.127943,12.96239
17.31,3.809443,22.040173,0.03163157,1.1220671,12.965255
17.32,3.8127153,22.078238,0.03138036,1.116219,12.9681015
17.33,3.8159835,22.116356,0.031131309,1.1103946,12.970939
17.34,3.819246,22.154486,0.030884415,1.1045988,12.97376
17.35,3.8225064,22.19266,0.030638617,1.0988274,12.976568
17.36,3.8257613,22.230864,0.030395616,1.0930797,12.979367
17.37,3.8290126,22.269102,0.03015386,1.087364,12.982152
17.38,3.8322582,22.307367,0.029914197,1.0816686,12.98492
17.39,3.8355012,22.345663,0.029676203,1.0759959,12.987677
17.4,3.8387384,22.383999,0.029440094,1.0703565,12.990418
17.41,3.8419728,22.422358,0.029205874,1.0647336,12.993149
17.42,3.8452027,22.460747,0.028973222,1.0591421,12.995867
17.43,3.8484278,22.499178,0.028742243,1.0535719,12.998574
17.44,3.8516488,22.537636,0.028513502,1.0480331,13.001268
17.45,3.854865,22.576136,0.028286032,1.0425098,13.003941
17.46,3.8580775,22.614643,0.02806091,1.0370183,13.006613
17.47,3.8612852,22.653193,0.027836673,1.0315508,13.009266
17.48,3.8644903,22.691782,0.027614787,1.0261052,13.011905
17.49,3.8676884,22.730385,0.027394304,1.0206878,13.014531
17.5,3.8708844,22.76904,0.027175456,1.0152923,13.017148
17.51,3.8740745,22.80771,0.026958333,1.0099221,13.019749
17.52,3.8772612,22.846416,0.026742812,1.0045731,13.022339
17.53,3.8804426,22.88516,0.02652928,0.9992533,13.02492
17.54,3.8836193,22.923939,0.026317134,0.99395674,13.027485
17.55,3.8867934,22.96274,0.026106764,0.98868847,13.030033
17.56,3.8899627,23.00157,0.025897764,0.9834341,13.032576
17.57,3.8931267,23.040424,0.02569053,0.978211,13.035102
17.58,3.8962858,23.079325,0.025484825,0.97301275,13.037621
17.59,3.8994415,23.118246,0.025280736,0.9678311,13.040123
17.6,3.9025934,23.157196,0.025078122,0.96268326,13.042615
17.61,3.9057407,23.196194,0.024877384,0.95755035,13.045094
17.62,3.9088833,23.23521,0.024677936,0.95244426,13.047561
17.63,3.9120202,23.274246,0.024479827,0.9473647,13.050014
17.64,3.915153,23.313332,0.024283478,0.94230855,13.052455
17.65,3.918283,23.352436,0.02408869,0.9372716,13.054889
17.66,3.9214084,23.391575,0.023895454,0.9322598,13.057306
17.67,3.9245281,23.430746,0.023703594,0.9272719,13.059718
17.68,3.9276435,23.469952,0.02351288,0.92230743,13.06211
17.69,3.9307551,23.509184,0.023324035,0.9173605,13.064491
17.7,3.933863,23.548433,0.023136903,0.9124441,13.066862
17.71,3.9369636,23.58772,0.022950869,0.907549,13.069219
17.72,3.9400616,23.62704,0.02276605,0.9026781,13.0715685
17.73,3.943155,23.666393,0.022583116,0.89783025,13.073903
17.74,3.9462435,23.705778,0.022401351,0.8930044,13.076225
17.75,3.949328,23.745178,0.022221066,0.88819546,13.078544
17.76,3.9524078,23.784626,0.022042047,0.8834162,13.080843
17.77,3.955485,23.824108,0.02186456,0.8786604,13.083129
17.78,3.9585552,23.863596,0.021688595,0.8739184,13.08541
17.79,3.961621,23.903133,0.021513544,0.86920655,13.087674
17.8,3.9646838,23.942694,0.021340117,0.8645164,13.089929
17.81,3.9677405,23.982283,0.021168187,0.85984755,13.092173
17.82,3.9707935,24.021887,0.020997338,0.8551952,13.094405
17.83,3.973842,24.061548,0.020827968,0.8505759,13.096624
17.84,3.9768848,24.101221,0.020659983,0.84597063,13.098838
17.85,3.979923,24.140923,0.02049318,0.84139055,13.101034
17.86,3.9829583,24.180662,0.020327795,0.8368315,13.103218
17.87,3.9859886,24.22043,0.020163607,0.8322921,13.105398
17.88,3.9890132,24.260221,0.02000087,0.8277798,13.107562
17.89,3.9920342,24.300049,0.019838896,0.8232869,13.1097145
17.9,3.9950504,24.339897,0.01967882,0.8188165,13.11186
17.91,3.9980612,24.379784,0.019519655,0.81436616,13.113988
17.92,4.0010695,24.419697,0.019361671,0.80993265,13.116108
17.93,4.0040717,24.459644,0.019204946,0.80552876,13.118216
17.94,4.0070696,24.49961,0.01904971,0.8011436,13.120319
17.95,4.010063,24.539608,0.018895436,0.7967759,13.122406
17.96,4.013051,24.579626,0.018742366,0.7924349,13.124486
17.97,4.0160356,24.619686,0.01859046,0.78811115,13.126549
17.98,4.019014,24.659773,0.018439887,0.7838107,13.128604
17.99,4.02199,24.699883,0.018290488,0.779531,13.130653
18.0,4.0249596,24.740028,0.018142413,0.7752703,13.132684
18.01,4.0279255,24.780201,0.017995108,0.7710313,13.134711
18.02,4.0308867,24.820408,0.017849134,0.76681656,13.136724
18.03,4.033841,24.860632,0.01770421,0.7626159,13.138724
18.04,4.036794,24.900896,0.017560638,0.7584403,13.140721
18.05,4.039741,24.941168,0.017417936,0.7542875,13.142699
18.06,4.042683,24.981485,0.0172767,0.75014955,13.144669
18.07,4.045622,25.021832,0.017136438,0.7460334,13.146632
18.08,4.0485544,25.0622,0.016996983,0.7419405,13.1485815
18.09,4.051482,25.102592,0.016858924,0.7378654,13.150522
18.1,4.054407,25.143023,0.01672196,0.73381346,13.15245
18.11,4.0573254,25.183483,0.016585894,0.7297818,13.154374
18.12,4.060241,25.223976,0.016450996,0.72576505,13.156284
18.13,4.0631495,25.264465,0.016317338,0.72177243,13.158188
18.14,4.0660553,25.305014,0.01618457,0.7178033,13.160074
18.15,4.0689545,25.345585,0.016052937,0.71384555,13.16195
18.16,4.071851,25.386171,0.0159222,0.70991117,13.163822
18.17,4.0747414,25.426792,0.015792549,0.7059936,13.165684
18.18,4.0776286,25.467457,0.015663793,0.70210594,13.16753
18.19,4.080511,25.508137,0.015535806,0.69822615,13.169373
18.2,4.0833874,25.548841,0.015409386,0.6943715,13.171202
18.21,4.086259,25.589561,0.015283762,0.69053304,13.17302
18.22,4.0891266,25.630327,0.015159343,0.6867176,13.174831
18.23,4.0919886,25.671122,0.01503541,0.682922,13.17663
18.24,4.094848,25.711939,0.014912782,0.67914325,13.178422
18.25,4.097701,25.752789,0.014791222,0.6753844,13.180203
18.26,4.10055,25.79366,0.014670447,0.6716421,13.181974
18.27,4.1033945,25.834568,0.0145504605,0.66792095,13.183738
18.28,4.1062336,25.875484,0.014431674,0.66422087,13.185489
18.29,4.109069,25.916431,0.014313989,0.6605355,13.187231
18.3,4.111898,25.95742,0.014196709,0.6568719,13.188967
18.31,4.114723,25.998432,0.014080772,0.65322727,13.19069
18.32,4.117543,26.039465,0.013965629,0.6495989,13.192404
18.33,4.1203604,26.080538,0.013851233,0.6459904,13.194114
18.34,4.1231713,26.121614,0.01373794,0.6423986,13.1958065
18.35,4.1259766,26.162748,0.0136257205,0.6388308,13.197493
18.36,4.1287794,26.203888,0.013513932,0.63527614,13.19917
18.37,4.131577,26.245056,0.013403172,0.63174146,13.200839
18.38,4.1343675,26.286243,0.013293544,0.6282224,13.2025
18.39,4.137155,26.327478,0.013184722,0.624729,13.204147
18.4,4.139937,26.368736,0.013076493,0.6212486,13.205791
18.41,4.142716,26.410013,0.012969433,0.61778456,13.207418
18.42,4.1454887,26.451307,0.012863214,0.61433697,13.2090435
18.43,4.1482577,26.492653,0.012757311,0.6109134,13.210659
18.44,4.151022,26.53401,0.012653105,0.60750496,13.212264
18.45,4.1537795,26.575405,0.0125492755,0.60411215,13.213858
18.46,4.156534,26.6168,0.012445946,0.6007379,13.215445
18.47,4.1592836,26.658245,0.012343817,0.5973878,13.217022
18.48,4.162028,26.699722,0.012242251,0.5940466,13.218591
18.49,4.1647687,26.741209,0.012141973,0.5907299,13.220154
18.5,4.1675034,26.782726,0.012042296,0.5874239,13.221704
18.51,4.170234,26.824272,0.011943084,0.58413845,13.223248
18.52,4.1729593,26.86585,0.011844851,0.58087224,13.224786
18.53,4.1756816,26.907446,0.011747389,0.57761574,13.226307
18.54,4.1783977,26.94907,0.011650704,0.57438415,13.227831
18.55,4.1811075,26.990719,0.011554954,0.5711703,13.22934
18.56,4.183815,27.032385,0.01145987,0.5679683,13.230839
18.57,4.1865163,27.074095,0.011365527,0.56478804,13.232325
18.58,4.1892138,27.11583,0.011271594,0.56162226,13.233813
18.59,4.191907,27.157581,0.011179145,0.5584718,13.235287
18.6,4.194594,27.199362,0.011086751,0.55534136,13.236753
18.61,4.1972785,27.24118,0.010995852,0.5522238,13.2382145
18.62,4.199955,27.283005,0.010904679,0.54912555,13.239658
18.63,4.2026286,27.324871,0.010814886,0.546044,13.241104
18.64,4.2052965,27.36674,0.010725922,0.54297864,13.242537
18.65,4.207962,27.40866,0.0106373355,0.53992796,13.243961
18.66,4.21062,27.450596,0.010549498,0.53689307,13.245382
18.67,4.213274,27.492573,0.010462207,0.53387517,13.246788
18.68,4.2159233,27.534554,0.010375879,0.5308742,13.248194
18.69,4.2185693,27.576555,0.010290343,0.52788633,13.249585
18.7,4.22121,27.618614,0.010205285,0.5249221,13.250969
18.71,4.223844,27.660667,0.010121158,0.52197367,13.252348
18.72,4.2264743,27.702759,0.010037549,0.51903284,13.253722
18.73,4.2290998,27.744873,0.009954416,0.5161156,13.255078
18.74,4.231722,27.787027,0.009872172,0.5132095,13.256433
18.75,4.234338,27.82919,0.009790487,0.5103213,13.25778
18.76,4.2369485,27.871382,0.009709333,0.5074456,13.259116
18.77,4.239557,27.913597,0.009629085,0.5045875,13.260445
18.78,4.242157,27.955847,0.009549466,0.50174534,13.261772
18.79,4.2447553,27.99812,0.0094703715,0.49892372,13.263085
18.8,4.2473474,28.04041,0.00939177,0.4961057,13.264391
18.81,4.2499356,28.082731,0.009314237,0.49331278,13.265689
18.82,4.2525167,28.12507,0.009236858,0.49053407,13.266985
18.83,4.2550955,28.16744,0.009160337,0.48777017,13.26827
18.84,4.257669,28.20984,0.009084525,0.48501953,13.269548
18.85,4.2602377,28.252256,0.009009165,0.48228243,13.270816
18.86,4.2628007,28.294699,0.008934516,0.47955996,13.272079
18.87,4.2653613,28.337177,0.008860573,0.47685802,13.273333
18.88,4.2679152,28.379667,0.008786874,0.4741677,13.274578
18.89,4.270465,28.422188,0.008713833,0.47149503,13.27582
18.9,4.2730083,28.464733,0.008641727,0.46883327,13.277052
18.91,4.275549,28.507317,0.008570093,0.4661876,13.278279
18.92,4.2780848,28.549898,0.008498724,0.46355405,13.279496
18.93,4.280614,28.592543,0.008428361,0.46094233,13.280706
18.94,4.2831407,28.635187,0.008358042,0.4583407,13.281911
18.95,4.285662,28.677845,0.008288662,0.45574912,13.28311
18.96,4.288178,28.720531,0.008220144,0.45317838,13.284301
18.97,4.29069,28.763256,0.008151733,0.4506191,13.285483
18.98,4.2931967,28.806004,0.008083902,0.4480761,13.28666
18.99,4.2956986,28.848776,0.008016645,0.44554743,13.287828
19.0,4.2981963,28.89156,0.0079502165,0.44303083,13.288991
19.01,4.3006883,28.934387,0.007883934,0.44052672,13.290141
19.02,4.3031764,28.97723,0.007818411,0.4380408,13.291291
19.03,4.3056583,29.020088,0.00775347,0.4355703,13.292434
19.04,4.308138,29.062975,0.0076888027,0.4331044,13.293568
19.05,4.3106103,29.105885,0.0076250867,0.4306579,13.294693
19.06,4.313081,29.14884,0.00756165,0.42823136,13.2958145
19.07,4.3155437,29.19179,0.0074985106,0.42581153,13.296931
19.08,4.3180017,29.234783,0.007436089,0.42340863,13.298036
19.09,4.3204575,29.2778,0.0073743365,0.42101702,13.299135
19.1,4.322909,29.320835,0.007313069,0.41863695,13.300234
19.11,4.325353,29.3639,0.007252178,0.41627482,13.301321
19.12,4.327794,29.406982,0.007191654,0.41391963,13.302402
19.13,4.3302293,29.450087,0.007131565,0.41158617,13.303473
19.14,4.3326597,29.493229,0.00707227,0.40926114,13.304545
19.15,4.335086,29.53638,0.007013461,0.40694815,13.305601
19.16,4.3375077,29.579565,0.0069548395,0.40465257,13.30666
19.17,4.3399234,29.622772,0.0068971463,0.40237117,13.307708
19.18,4.3423376,29.665998,0.0068395617,0.40009594,13.308754
19.19,4.3447447,29.709257,0.006782834,0.39784026,13.309786
19.2,4.347146,29.752546,0.0067260335,0.395598,13.310816
19.21,4.3495445,29.795834,0.0066701574,0.39336416,13.311837
19.22,4.3519382,29.839167,0.0066144806,0.391143,13.312855
19.23,4.3543267,29.882504,0.006559212,0.3889355,13.313869
19.24,4.356711,29.925888,0.006504987,0.38674077,13.314874
19.25,4.3590884,29.969284,0.0064507364,0.38455984,13.315872
19.26,4.3614655,30.01271,0.0063973223,0.38239133,13.316861
19.27,4.363834,30.05615,0.006343674,0.38023332,13.317851
19.28,4.366199,30.099619,0.0062907864,0.37809196,13.318833
19.29,4.368559,30.143112,0.00623854,0.37596163,13.319806
19.3,4.3709145,30.186619,0.00618644,0.3738383,13.32077
19.31,4.3732657,30.23016,0.006135056,0.37173,13.32174
19.32,4.3756113,30.273718,0.0060840775,0.3696382,13.322694
19.33,4.3779526,30.31731,0.006033306,0.36755577,13.323647
19.34,4.38029,30.360916,0.0059832605,0.3654838,13.324591
19.35,4.3826222,30.404558,0.0059335753,0.36342904,13.325527
19.36,4.384949,30.448217,0.005883825,0.36138123,13.326462
19.37,4.3872733,30.49189,0.0058347858,0.35934943,13.32739
19.38,4.3895907,30.535578,0.005786307,0.3573254,13.328313
19.39,4.391905,30.579323,0.0057383487,0.3553166,13.329223
19.4,4.3942137,30.623062,0.0056906124,0.35331708,13.330136
19.41,4.3965178,30.66684,0.0056433375,0.35132945,13.331041
19.42,4.3988175,30.710638,0.0055963728,0.34935677,13.331939
19.43,4.401112,30.754452,0.005549708,0.3473892,13.332834
19.44,4.403403,30.7983,0.0055036033,0.34543866,13.333721
19.45,4.4056873,30.842173,0.005457863,0.3434966,13.334604
19.46,4.4079685,30.886051,0.0054127597,0.34156954,13.3354845
19.47,4.410244,30.929962,0.0053676777,0.33965078,13.336352
19.48,4.4125156,30.973907,0.0053233495,0.33774638,13.337218
19.49,4.414782,31.017857,0.0052786577,0.33584955,13.338078
19.5,4.417046,31.061834,0.0052349754,0.33396703,13.338939
19.51,4.419303,31.105846,0.005191865,0.3320928,13.339787
19.52,4.421556,31.14986,0.0051488704,0.33023283,13.340629
19.53,4.4238048,31.193922,0.0051060133,0.32838348,13.341468
19.54,4.4260483,31.237984,0.0050641233,0.3265413,13.342298
19.55,4.428287,31.282078,0.005021962,0.3247122,13.343127
19.56,4.430522,31.326199,0.0049806256,0.32289535,13.343952
19.57,4.4327526,31.370338,0.004939048,0.32109052,13.34477
19.58,4.434977,31.414509,0.004898413,0.31929162,13.345585
19.59,4.437197,31.458696,0.004858022,0.31750688,13.34639
19.6,4.439414,31.502903,0.004817646,0.3157344,13.347193
19.61,4.4416256,31.547136,0.004778085,0.3139704,13.347991
19.62,4.4438314,31.59139,0.004738704,0.3122152,13.348782
19.63,4.446034,31.63566,0.0046993257,0.31047398,13.349572
19.64,4.4482317,31.679962,0.0046608695,0.30873966,13.350354
19.65,4.450424,31.724289,0.0046226243,0.3070159,13.3511305
19.66,4.452612,31.768625,0.004584497,0.3053036,13.351907
19.67,4.4547963,31.812998,0.0045466707,0.30360255,13.352673
19.68,4.4569764,31.85739,0.004509265,0.30191597,13.353437
19.69,4.4591503,31.90179,0.0044723637,0.3002342,13.354192
19.7,4.4613204,31.946224,0.0044356077,0.29856086,13.354945
19.71,4.4634852,31.990673,0.004399183,0.29690078,13.355695
19.72,4.4656467,32.035164,0.0043631494,0.29525125,13.356438
19.73,4.467804,32.079666,0.004327329,0.2936109,13.357174
19.74,4.4699554,32.12418,0.00429232,0.29197782,13.35791
19.75,4.4721026,32.168728,0.0042572054,0.2903604,13.358641
19.76,4.474246,32.213303,0.004222307,0.288746,13.3593645
19.77,4.476384,32.257893,0.0041878037,0.2871469,13.360082
19.78,4.4785175,32.302498,0.0041539604,0.2855563,13.3608
19.79,4.4806466,32.34714,0.0041200784,0.28397197,13.361507
19.8,4.4827704,32.391785,0.004086511,0.2823992,13.362221
19.81,4.48489,32.436466,0.004053356,0.28084034,13.36292
19.82,4.4870057,32.48117,0.004020568,0.2792831,13.363615
19.83,4.489116,32.52588,0.0039879223,0.2777413,13.364308
19.84,4.491223,32.57062,0.00395564,0.2762079,13.364999
19.85,4.4933257,32.61539,0.003923407,0.27468285,13.36568
19.86,4.4954224,32.660187,0.0038918275,0.27316767,13.366359
19.87,4.497515,32.704998,0.0038603274,0.27165955,13.367033
19.88,4.4996037,32.749813,0.0038292054,0.27016348,13.367705
19.89,4.501687,32.794662,0.0037984326,0.26867884,13.36837
19.9,4.5037665,32.839535,0.003768147,0.2671977,13.369032
19.91,4.5058417,32.884457,0.0037375642,0.2657305,13.36969
19.92,4.507911,32.929363,0.003707855,0.2642675,13.370341
19.93,4.5099773,32.974297,0.0036780126,0.26281866,13.370991
19.94,4.512038,33.019264,0.0036488818,0.26137418,13.371637
19.95,4.514096,33.06426,0.0036197947,0.25994232,13.372274
19.96,4.516147,33.10924,0.003590691,0.25851533,13.372915
19.97,4.5181947,33.154263,0.0035619633,0.25709856,13.373546
19.98,4.52024,33.19932,0.0035339314,0.25569472,13.374173
19.99,4.522277,33.244392,0.0035057645,0.25429538,13.374797
20.0,4.5243125,33.289482,0.0034779515,0.2529044,13.375416
20.01,4.5263424,33.3346,0.003450513,0.25152415,13.376033
20.02,4.5283666,33.37972,0.0034234468,0.250153,13.376644
20.03,4.5303893,33.424877,0.0033964533,0.24878612,13.3772545
20.04,4.532406,33.47007,0.003369771,0.24743432,13.3778515
20.05,4.534417,33.51525,0.0033432804,0.24608457,13.378458
20.06,4.5364256,33.560474,0.0033169165,0.24474567,13.379052
20.07,4.5384283,33.605705,0.0032910584,0.24341309,13.3796425
20.08,4.5404277,33.650974,0.003265581,0.24209076,13.380228
20.09,4.542422,33.696255,0.0032400917,0.24077922,13.380816
20.1,4.5444107,33.74156,0.0032149823,0.23947275,13.381399
20.11,4.5463977,33.78689,0.0031899298,0.23817724,13.381972
20.12,4.548379,33.832226,0.003165476,0.23688456,13.382549
20.13,4.550355,33.877598,0.0031408807,0.23560417,13.383115
20.14,4.552327,33.922962,0.0031169,0.23433062,13.383679
20.15,4.554295,33.968388,0.0030930936,0.23306406,13.38424
20.16,4.556259,34.01381,0.0030691857,0.23180836,13.384796
20.17,4.558219,34.059258,0.0030457275,0.23056063,13.38535
20.18,4.5601726,34.10474,0.0030223895,0.2293154,13.385903
20.19,4.562122,34.150227,0.0029995497,0.2280814,13.386451
20.2,4.564068,34.19575,0.0029767044,0.22685656,13.386991
20.21,4.5660114,34.241257,0.0029542139,0.22563583,13.38753
20.22,4.5679474,34.28681,0.0029320372,0.2244237,13.388065
20.23,4.5698805,34.33238,0.0029098094,0.22321749,13.388598
20.24,4.5718102,34.378,0.0028880788,0.2220248,13.389131
20.25,4.573733,34.42362,0.0028664907,0.22083989,13.389654
20.26,4.575652,34.469246,0.0028451448,0.21965626,13.390172
20.27,4.577568,34.514904,0.0028239833,0.21848533,13.390693
20.28,4.5794797,34.560596,0.0028029187,0.21731886,13.391206
20.29,4.581387,34.60629,0.0027823485,0.21615869,13.391717
20.3,4.583288,34.651997,0.0027616397,0.21500641,13.392228
20.31,4.585186,34.69773,0.002741416,0.21386185,13.392724
20.32,4.5870795,34.743484,0.00272148,0.21272641,13.393229
20.33,4.5889697,34.78928,0.0027012043,0.21159646,13.393729
20.34,4.5908556,34.835075,0.0026817946,0.21047455,13.394222
20.35,4.592736,34.880905,0.0026622973,0.20936203,13.394711
20.36,4.5946107,34.926746,0.0026430786,0.20825213,13.3952
20.37,4.5964837,34.972614,0.002624127,0.20715186,13.395684
20.38,4.5983505,35.018486,0.0026052212,0.20605537,13.396164
20.39,4.600215,35.06438,0.002586836,0.20496967,13.396642
20.4,4.6020737,35.110306,0.002568366,0.20388775,13.397117
20.41,4.603929,35.156254,0.0025500515,0.20281509,13.397591
20.42,4.6057796,35.202217,0.0025321115,0.20174822,13.398058
20.43,4.607626,35.248203,0.002514435,0.20068847,13.3985195
20.44,4.6094675,35.29419,0.002496697,0.19963092,13.398983
20.45,4.6113057,35.340225,0.0024792096,0.1985892,13.399442
20.46,4.6131377,35.386253,0.0024619931,0.1975477,13.399895
20.47,4.6149683,35.432335,0.0024452498,0.1965129,13.40035
20.48,4.6167936,35.478405,0.0024282178,0.19548605,13.400796
20.49,4.6186147,35.52451,0.0024113422,0.19446638,13.40124
20.5,4.6204305,35.57065,0.0023951614,0.193456,13.401688
20.51,4.6222434,35.616783,0.0023787012,0.19244716,13.402126
20.52,4.6240516,35.662933,0.002362525,0.19144389,13.402563
20.53,4.6258545,35.70913,0.002346428,0.19045046,13.402998
20.54,4.6276536,35.755333,0.002330755,0.18946213,13.403428
20.55,4.6294503,35.80156,0.0023155157,0.18848374,13.403851
20.56,4.6312404,35.84779,0.0022999737,0.18750507,13.404282
20.57,4.6330266,35.894054,0.0022847299,0.18653446,13.404702
20.58,4.6348104,35.940323,0.0022696927,0.18557373,13.40512
20.59,4.63659,35.986633,0.0022549955,0.1846166,13.40554
20.6,4.6383643,36.032948,0.0022402452,0.18366656,13.405953
20.61,4.6401334,36.07929,0.0022256924,0.18272087,13.406363
20.62,4.6418996,36.12565,0.0022114478,0.18178514,13.406767
20.63,4.6436605,36.172016,0.0021972852,0.18084967,13.407178
20.64,4.645418,36.218426,0.002183172,0.1799213,13.407578
20.65,4.6471725,36.264828,0.0021693418,0.17899968,13.407979
20.66,4.6489215,36.311268,0.002155983,0.17808759,13.408375
20.67,4.6506667,36.357727,0.0021422738,0.17717877,13.408771
20.68,4.652406,36.404205,0.0021290444,0.1762738,13.409158
20.69,4.6541443,36.45069,0.0021159966,0.1753761,13.409546
20.7,4.655876,36.497227,0.002102809,0.17448826,13.409934
20.71,4.657605,36.543743,0.0020900136,0.17360085,13.410318
20.72,4.65933,36.590286,0.002077248,0.1727226,13.410696
20.73,4.66105,36.636864,0.0020647347,0.1718474,13.411076
20.74,4.662765,36.68344,0.0020523667,0.17097574,13.41145
20.75,4.6644783,36.73007,0.0020403247,0.1701154,13.411821
20.76,4.6661863,36.776688,0.0020281477,0.16925761,13.412193
20.77,4.6678886,36.823345,0.0020163087,0.16840282,13.4125595
20.78,4.66959,36.87001,0.0020045554,0.16755557,13.412919
20.79,4.6712837,36.916687,0.0019929158,0.16671506,13.413281
20.8,4.6729755,36.963387,0.0019813627,0.16588022,13.413643
20.81,4.674662,37.0101,0.0019701058,0.16504966,13.413998
20.82,4.6763463,37.05686,0.0019589504,0.16422302,13.414355
20.83,4.678026,37.10362,0.001948013,0.16340145,13.414708
20.84,4.6797004,37.150383,0.0019368762,0.16259104,13.415057
20.85,4.6813717,37.19719,0.0019263551,0.16178104,13.4154005
20.86,4.683038,37.243996,0.001915575,0.16097654,13.4157505
20.87,4.6847005,37.290836,0.0019051321,0.16017371,13.416086
20.88,4.6863594,37.337677,0.0018951362,0.15938218,13.416426
20.89,4.6880145,37.384556,0.0018846774,0.1585913,13.416766
20.9,4.689666,37.431442,0.0018748334,0.15781026,13.417097
20.91,4.6913137,37.47835,0.0018650023,0.15703458,13.417432
20.92,4.692955,37.52528,0.0018549971,0.15625674,13.41776
20.93,4.6945944,37.572224,0.001845438,0.15548511,13.418092
20.94,4.6962285,37.61918,0.0018359395,0.15472525,13.41842
20.95,4.6978583,37.666187,0.001826549,0.15396598,13.418735
20.96,4.699486,37.713158,0.0018169442,0.1532115,13.419058
20.97,4.7011085,37.76018,0.0018080175,0.15245956,13.419377
20.98,4.702726,37.807213,0.001799101,0.15171567,13.41969
20.99,4.7043405,37.854294,0.0017900411,0.15097623,13.420003
21.0,4.705951,37.901337,0.001781363,0.15024135,13.420311
21.01,4.7075577,37.948452,0.0017727036,0.1495086,13.420626
21.02,4.709161,37.99556,0.0017644241,0.14878523,13.420928
21.03,4.710758,38.042683,0.0017559165,0.14806801,13.421237
21.04,4.7123537,38.089825,0.0017479202,0.1473508,13.421537
21.05,4.7139444,38.13699,0.0017395075,0.14663841,13.421837
21.06,4.71553,38.18417,0.0017315801,0.14593114,13.422134
21.07,4.717112,38.231365,0.001723554,0.14522904,13.42243
21.08,4.7186923,38.278572,0.0017158771,0.14452986,13.422725
21.09,4.7202654,38.325817,0.0017081937,0.1438373,13.423016
21.1,4.7218385,38.37307,0.0017004572,0.14314896,13.423306
21.11,4.7234044,38.420334,0.0016932162,0.14246449,13.423591
21.12,4.7249675,38.467636,0.0016856547,0.14178526,13.423879
21.13,4.726527,38.514915,0.0016786437,0.14110553,13.424159
21.14,4.7280807,38.56225,0.0016715946,0.14043757,13.424447
21.15,4.7296333,38.60959,0.0016645724,0.13977137,13.42472
21.16,4.7311807,38.65695,0.0016576238,0.13910551,13.424995
21.17,4.7327247,38.70433,0.0016509704,0.13844472,13.425272
21.18,4.734263,38.751717,0.0016443226,0.13779287,13.425542
21.19,4.735799,38.799133,0.0016375603,0.13714379,13.425817
21.2,4.737331,38.846546,0.0016310653,0.13649517,13.426082
21.21,4.7388587,38.89399,0.0016246876,0.13585524,13.426348
21.22,4.7403812,38.941452,0.0016184039,0.13521731,13.426617
21.23,4.7419043,38.988926,0.0016120253,0.13458654,13.426873
21.24,4.74342,39.03643,0.0016063564,0.13395628,13.427135
21.25,4.744931,39.083946,0.0016005002,0.13332587,13.427397
21.26,4.7464404,39.13149,0.0015945612,0.13270691,13.42765
21.27,4.7479434,39.179028,0.0015887218,0.13209029,13.427908
21.28,4.7494454,39.226604,0.0015829625,0.13147788,13.428157
21.29,4.750942,39.27419,0.0015775589,0.13086691,13.428413
21.3,4.7524357,39.321777,0.0015717801,0.13026422,13.428661
21.31,4.753924,39.36939,0.0015665479,0.12965763,13.428907
21.32,4.7554107,39.41703,0.0015609972,0.12906188,13.429149
21.33,4.7568927,39.464672,0.0015558675,0.12846443,13.429396
21.34,4.758371,39.51235,0.0015509427,0.12787734,13.429636
21.35,4.759845,39.560036,0.0015456835,0.12729266,13.4298725
21.36,4.761314,39.607716,0.0015409626,0.12670554,13.430111
21.37,4.7627816,39.65545,0.0015361486,0.12612541,13.4303465
21.38,4.764243,39.70317,0.0015312331,0.12555331,13.430581
21.39,4.7657037,39.75092,0.00152623,0.124982,13.430814
21.4,4.7671585,39.79868,0.0015218966,0.124412216,13.431045
21.41,4.7686095,39.846474,0.001517266,0.12384588,13.431272
21.42,4.770056,39.89428,0.0015129112,0.12328756,13.431498
21.43,4.7715006,39.942093,0.001508696,0.122728735,13.431723
21.44,4.7729406,39.989914,0.0015043467,0.12217352,13.431948
21.45,4.7743764,40.03778,0.0015004463,0.121625766,13.432166
21.46,4.7758083,40.08564,0.001496057,0.121078946,13.432389
21.47,4.7772384,40.1335,0.0014919536,0.12053493,13.432607
21.48,4.778665,40.181408,0.001488165,0.1199939,13.432822
21.49,4.780085,40.229332,0.001484137,0.11945912,13.433034
21.5,4.7815027,40.277252,0.0014802264,0.11892618,13.433252
21.51,4.7829175,40.325203,0.0014764564,0.11839549,13.43346
21.52,4.7843266,40.37317,0.0014726939,0.1178698,13.433667
21.53,4.7857337,40.42114,0.0014689583,0.117345065,13.433875
21.54,4.7871366,40.46915,0.0014654938,0.11682728,13.434087
21.55,4.7885346,40.517147,0.0014618896,0.11630996,13.434284
21.56,4.789931,40.565178,0.001458752,0.115797594,13.434492
21.57,4.791322,40.61322,0.0014553713,0.11528694,13.434694
21.58,4.7927117,40.661274,0.0014520697,0.114779904,13.434891
21.59,4.794096,40.709328,0.0014492078,0.114277974,13.435089
21.6,4.7954764,40.757435,0.0014458289,0.113773294,13.435285
21.61,4.796854,40.805542,0.001442696,0.11327849,13.43548
21.62,4.7982273,40.85367,0.0014400324,0.112784036,13.435672
21.63,4.799597,40.901794,0.0014368678,0.112291254,13.435863
21.64,4.8009634,40.94996,0.0014339816,0.11180663,13.436057
21.65,4.8023252,40.99812,0.001431156,0.111324236,13.436242
21.66,4.8036838,41.046303,0.0014286265,0.11084182,13.436427
21.67,4.805038,41.09451,0.0014257804,0.110358685,13.436617
21.68,4.8063912,41.14272,0.0014231624,0.10988652,13.436796
21.69,4.8077407,41.190956,0.0014204839,0.10940845,13.436981
21.7,4.8090835,41.239185,0.0014180131,0.10894134,13.437158
21.71,4.8104243,41.287445,0.0014157007,0.10847546,13.43734
21.72,4.8117633,41.33572,0.0014131004,0.10801269,13.437514
21.73,4.8130956,41.384007,0.0014107721,0.107549906,13.437695
21.74,4.8144274,41.432316,0.0014084158,0.10709374,13.437867
21.75,4.815753,41.480633,0.001406515,0.10663615,13.43804
21.76,4.8170753,41.528976,0.0014042854,0.10618411,13.438214
21.77,4.8183947,41.57733,0.0014022365,0.10573374,13.438379
21.78,4.8197117,41.6257,0.0013999501,0.105289765,13.438551
21.79,4.8210225,41.674065,0.0013978556,0.1048441,13.438719
21.8,4.8223324,41.72246,0.001396168,0.1044045,13.438882
21.81,4.8236365,41.770878,0.001394284,0.10396589,13.439048
21.82,4.824939,41.819298,0.001391938,0.10353256,13.439211
21.83,4.8262362,41.86774,0.0013901591,0.1030939,13.43937
21.84,4.827532,41.916187,0.0013887677,0.10266116,13.439529
21.85,4.828823,41.964657,0.0013868222,0.10223346,13.439692
21.86,4.83011,42.013138,0.0013849502,0.10180836,13.439845
21.87,4.8313956,42.06165,0.001383733,0.101388,13.440001
21.88,4.8326755,42.110157,0.001382024,0.10096769,13.440155
21.89,4.8339515,42.15868,0.0013804613,0.10055077,13.440305
21.9,4.835226,42.20722,0.0013788603,0.10013281,13.440456
21.91,4.8364944,42.255783,0.0013775462,0.09972701,13.440612
21.92,4.8377614,42.304348,0.001375977,0.099314086,13.440757
21.93,4.839025,42.352936,0.001374823,0.098906115,13.440904
21.94,4.840286,42.401535,0.001373224,0.0985007,13.441052
21.95,4.841541,42.450157,0.0013718829,0.09810048,13.441198
21.96,4.842793,42.49877,0.0013706302,0.09770199,13.4413395
21.97,4.8440437,42.5474,0.0013695601,0.097301885,13.441483
21.98,4.845288,42.596066,0.0013681827,0.09690677,13.441624
21.99,4.8465304,42.644733,0.0013671676,0.09651731,13.441761
22.0,4.8477693,42.69342,0.0013661264,0.09612578,13.441896
22.01,4.849006,42.742115,0.0013649091,0.09574019,13.442037
22.02,4.8502393,42.79084,0.0013639573,0.09535451,13.442172
22.03,4.851466,42.839558,0.0013629915,0.09497028,13.442307
22.04,4.8526907,42.8883,0.0013620127,0.094586246,13.442437
22.05,4.8539133,42.937042,0.0013612462,0.09420971,13.44257
22.06,4.855132,42.985813,0.0013602572,0.09383436,13.4426985
22.07,4.8563466,43.034595,0.0013592476,0.093458235,13.442831
22.08,4.8575573,43.083378,0.0013584243,0.093085155,13.442962
22.09,4.8587675,43.13219,0.001357384,0.09271743,13.443085
22.1,4.859972,43.181007,0.0013567619,0.09235403,13.4432125
22.11,4.861173,43.229855,0.0013560038,0.091989264,13.443336
22.12,4.8623724,43.278694,0.0013552001,0.09162601,13.443456
22.13,4.863567,43.32753,0.0013546059,0.09126142,13.443575
22.14,4.864757,43.376423,0.0013539735,0.09090118,13.443706
22.15,4.8659463,43.425297,0.0013532201,0.09055185,13.44382
22.16,4.8671303,43.4742,0.0013525691,0.09019628,13.443935
22.17,4.8683133,43.523125,0.001352015,0.089844,13.444053
22.18,4.8694906,43.57205,0.0013514375,0.089492284,13.444171
22.19,4.870665,43.620983,0.0013508024,0.08914253,13.444284
22.2,4.8718376,43.66994,0.00135017,0.08879992,13.444395
22.21,4.8730044,43.71891,0.0013497658,0.08845463,13.444511
22.22,4.8741693,43.767876,0.0013496289,0.0881115,13.444621
22.23,4.8753333,43.81688,0.0013488987,0.0877776,13.444729
22.24,4.8764887,43.865875,0.0013484992,0.08743601,13.444842
22.25,4.8776445,43.914906,0.0013482617,0.08710214,13.444945
22.26,4.878797,43.963936,0.0013475837,0.08676941,13.445055
22.27,4.8799453,44.01296,0.0013473677,0.08643719,13.445157
22.28,4.881089,44.062023,0.0013468536,0.08610612,13.445264
22.29,4.882232,44.11109,0.0013466738,0.08578032,13.445366
22.3,4.88337,44.160156,0.0013463255,0.08545431,13.445471
22.31,4.884506,44.209263,0.0013459763,0.08512982,13.445571
22.32,4.8856387,44.25836,0.0013455981,0.084806174,13.445668
22.33,4.8867664,44.307457,0.0013455776,0.084486544,13.445767
22.34,4.8878927,44.35661,0.0013455562,0.0841694,13.445865
22.35,4.889015,44.405758,0.0013449695,0.08385216,13.445962
22.36,4.890136,44.45492,0.0013447152,0.08353876,13.4460535
22.37,4.8912506,44.50406,0.0013444629,0.083225265,13.446149
22.38,4.8923645,44.553246,0.0013443762,0.08291358,13.446244
22.39,4.893471,44.602444,0.0013442487,0.08260535,13.446338
22.4,4.894579,44.651653,0.0013439981,0.0822945,13.446426
22.41,4.8956823,44.70085,0.0013439562,0.08198999,13.446515
22.42,4.8967814,44.75008,0.0013438137,0.08168824,13.446605
22.43,4.8978786,44.799328,0.0013437448,0.08138782,13.446692
22.44,4.8989716,44.848568,0.0013435725,0.081085645,13.446778
22.45,4.9000645,44.89784,0.0013433499,0.0807882,13.446865
22.46,4.9011507,44.9471,0.0013434412,0.080490194,13.446949
22.47,4.9022346,44.99639,0.0013435073,0.08019214,13.447031
22.48,4.903315,45.045677,0.0013433862,0.07990329,13.447114
22.49,4.904394,45.094997,0.0013432307,0.07961311,13.447202
22.5,4.9054685,45.14432,0.0013431916,0.079318,13.447271
22.51,4.906541,45.193645,0.0013433378,0.07903119,13.447355
22.52,4.907609,45.24299,0.0013430109,0.078746706,13.447437
22.53,4.908674,45.29235,0.001343267,0.078458145,13.447511
22.54,4.909736,45.341713,0.0013432177,0.078180045,13.447591
22.55,4.9107966,45.391098,0.0013432205,0.07789459,13.447668
22.56,4.9118514,45.44047,0.0013430621,0.077616304,13.447736
22.57,4.9129043,45.48988,0.0013433276,0.077333085,13.447815
22.58,4.9139543,45.539284,0.0013429997,0.07705756,13.447885
22.59,4.915001,45.588707,0.0013432875,0.07678592,13.447963
22.6,4.9160447,45.638157,0.0013433285,0.0765109,13.448028
22.61,4.917086,45.687607,0.0013432773,0.07623595,13.448098
22.62,4.918122,45.73706,0.0013433751,0.075968124,13.448164
22.63,4.919157,45.786514,0.0013434412,0.07569577,13.448233
22.64,4.920188,45.83598,0.0013433499,0.0754273,13.448299
22.65,4.9212165,45.88548,0.001343539,0.075160936,13.448364
22.66,4.922241,45.934982,0.0013433928,0.074894235,13.448429
22.67,4.923264,45.9845,0.0013435921,0.07463483,13.448495
22.68,4.924283,46.034008,0.0013436731,0.07437592,13.448557
22.69,4.9252987,46.083534,0.0013435977,0.07410986,13.448617
22.7,4.9263115,46.133076,0.0013438612,0.07385327,13.448682
22.71,4.9273214,46.18263,0.0013440577,0.073593974,13.448741
22.72,4.9283295,46.2322,0.0013439246,0.07333797,13.448802
22.73,4.9293327,46.281754,0.0013439693,0.073083915,13.448859
22.74,4.9303365,46.33135,0.001344013,0.07283374,13.448917
22.75,4.9313316,46.380943,0.0013442012,0.07257845,13.448969
22.76,4.9323297,46.430542,0.0013439981,0.072331905,13.449029
22.77,4.9333205,46.480164,0.0013442943,0.07207747,13.44908
22.78,4.9343095,46.529793,0.0013442542,0.071831934,13.449136
22.79,4.9352956,46.57941,0.0013441192,0.0715846,13.449191
22.8,4.9362783,46.629063,0.0013443837,0.07134418,13.449245
22.81,4.937261,46.678703,0.0013444023,0.07109458,13.449294
22.82,4.938237,46.728374,0.0013443045,0.070854194,13.449347
22.83,4.939211,46.77803,0.0013445243,0.07061323,13.449394
22.84,4.940185,46.82774,0.001344474,0.070372455,13.449444
22.85,4.9411516,46.87743,0.0013446407,0.07013493,13.449491
22.86,4.942119,46.92712,0.0013447898,0.069897294,13.449536
22.87,4.9430795,46.976852,0.0013448084,0.06966148,13.449586
22.88,4.9440384,47.02655,0.0013448251,0.069428295,13.449631
22.89,4.944997,47.076294,0.0013448969,0.06919785,13.449675
22.9,4.94595,47.126038,0.0013450189,0.06896192,13.449723
22.91,4.946902,47.1758,0.0013449248,0.06873161,13.449762
22.92,4.947849,47.225555,0.0013449863,0.06849761,13.4498
22.93,4.9487953,47.275345,0.0013448484,0.06827271,13.449845
22.94,4.9497375,47.325108,0.0013450189,0.06804852,13.449881
22.95,4.9506774,47.374893,0.0013450468,0.06782042,13.4499235
22.96,4.951613,47.424675,0.0013450682,0.06759481,13.4499655
22.97,4.9525466,47.4745,0.0013454268,0.067372486,13.450001
22.98,4.9534774,47.524326,0.0013451986,0.067149684,13.450037
22.99,4.954405,47.574146,0.0013450319,0.06692894,13.450072
23.0,4.9553304,47.623966,0.001344922,0.06670985,13.450109
23.01,4.9562526,47.67381,0.0013449742,0.06648952,13.450148
23.02,4.957174,47.723675,0.0013449239,0.06627114,13.450182
23.03,4.95809,47.773552,0.0013448941,0.066054456,13.450211
23.04,4.959003,47.823418,0.0013449797,0.065837674,13.450249
23.05,4.959915,47.87328,0.0013449909,0.065627895,13.450279
23.06,4.9608226,47.92319,0.0013451008,0.06541346,13.450304
23.07,4.9617276,47.973083,0.0013448624,0.06520203,13.4503355
23.08,4.9626307,48.02298,0.0013445141,0.06499163,13.450365
23.09,4.9635296,48.072895,0.0013446873,0.06478084,13.4503975
23.1,4.9644284,48.122818,0.0013445858,0.06457268,13.450424
23.11,4.9653225,48.172756,0.0013446407,0.06436524,13.450454
23.12,4.9662123,48.222687,0.001344502,0.06415778,13.450475
23.13,4.9671016,48.27264,0.0013446016,0.06395514,13.450503
23.14,4.967988,48.32261,0.0013441201,0.063749574,13.450529
23.15,4.96887,48.372574,0.0013442729,0.0635456,13.450551
23.16,4.9697514,48.42255,0.0013440065,0.06334734,13.450578
23.17,4.97063,48.472523,0.0013439963,0.06314416,13.450596
23.18,4.9715037,48.522522,0.0013437159,0.06294263,13.45062
23.19,4.9723754,48.57252,0.0013436675,0.06274372,13.450644
23.2,4.973244,48.62253,0.0013433183,0.0625475,13.45066
23.21,4.974112,48.672543,0.0013433415,0.0623493,13.450682
23.22,4.9749756,48.72258,0.0013432046,0.06215528,13.450704
23.23,4.9758387,48.772575,0.0013429523,0.061960474,13.450722
23.24,4.976697,48.822628,0.0013428349,0.061766215,13.450738
23.25,4.9775524,48.872677,0.0013424605,0.06157285,13.450751
23.26,4.978405,48.922733,0.0013422631,0.061379455,13.450773
23.27,4.9792557,48.972794,0.0013419734,0.061190687,13.450784
23.28,4.980104,49.02286,0.0013418831,0.061000906,13.450804
23.29,4.9809484,49.072945,0.0013417089,0.060810503,13.450816
23.3,4.9817896,49.123005,0.0013413047,0.06062166,13.450827
23.31,4.9826317,49.173096,0.0013411529,0.060434785,13.450843
23.32,4.9834676,49.22322,0.0013407646,0.060251053,13.450855
23.33,4.9843016,49.273323,0.0013405364,0.06006702,13.450866
23.34,4.985133,49.32344,0.0013401741,0.059878245,13.450879
23.35,4.9859633,49.373558,0.0013399897,0.05969631,13.450885
23.36,4.9867887,49.42368,0.0013395883,0.05951491,13.450897
23.37,4.9876127,49.47383,0.0013393452,0.05933167,13.450904
23.38,4.9884353,49.52397,0.001339173,0.059155196,13.450918
23.39,4.989252,49.574123,0.0013384717,0.058973752,13.450919
23.4,4.9900684,49.62428,0.0013381327,0.058793545,13.450927
23.41,4.990882,49.674454,0.0013378635,0.05861727,13.450936
23.42,4.991693,49.724644,0.001337626,0.058442283,13.450944
23.43,4.9925013,49.774807,0.0013369722,0.05826275,13.450949
23.44,4.993306,49.825005,0.0013368027,0.05808925,13.4509535
23.45,4.99411,49.875183,0.001336202,0.05791542,13.450955
23.46,4.9949102,49.925377,0.0013361443,0.05774209,13.450958
23.47,4.9957085,49.975586,0.0013357233,0.057570312,13.450957
23.48,4.9965034,50.025803,0.0013351105,0.05740199,13.450963
23.49,4.997295,50.076035,0.001334833,0.057229728,13.450962
23.5,4.9980865,50.12626,0.0013342658,0.057057824,13.450965
23.51,4.9988728,50.176502,0.0013339836,0.056890275,13.450963
23.52,4.9996576,50.22673,0.0013333466,0.056720287,13.450964
23.53,5.0004406,50.27698,0.0013328595,0.056555644,13.450962
23.54,5.0012193,50.327255,0.0013325522,0.0563894,13.450965
23.55,5.001998,50.377495,0.0013318723,0.056223206,13.450962
23.56,5.0027733,50.42776,0.0013314402,0.056059267,13.450955
23.57,5.003544,50.478024,0.0013309382,0.055894725,13.450952
23.58,5.004314,50.528316,0.0013302397,0.05573444,13.4509535
23.59,5.005082,50.57859,0.0013297154,0.055568904,13.450942
23.6,5.0058455,50.628895,0.0013292823,0.055407576,13.450942
23.61,5.006608,50.679184,0.0013286956,0.055244837,13.450931
23.62,5.007368,50.729507,0.0013280995,0.055089027,13.450928
23.63,5.0081244,50.77982,0.001327293,0.05493036,13.450921
23.64,5.0088806,50.830124,0.0013267761,0.054771647,13.450914
23.65,5.0096316,50.880444,0.0013262639,0.054615676,13.450906
23.66,5.0103817,50.930782,0.0013257777,0.054456826,13.450894
23.67,5.011127,50.981117,0.0013251798,0.054301653,13.450887
23.68,5.0118732,51.031445,0.0013243537,0.054146066,13.450878
23.69,5.012615,51.0818,0.0013238816,0.053993564,13.4508705
23.7,5.0133567,51.132153,0.0013233246,0.053840842,13.450855
23.71,5.014095,51.18253,0.0013226075,0.05368719,13.450844
23.72,5.0148296,51.232864,0.0013219398,0.053536467,13.450833
23.73,5.0155606,51.28324,0.0013211798,0.05338506,13.450824
23.74,5.016292,51.333637,0.0013203854,0.053234175,13.45081
23.75,5.0170193,51.38399,0.0013199924,0.05308281,13.450797
23.76,5.017744,51.434376,0.0013192222,0.052936137,13.450779
23.77,5.018468,51.484787,0.001318669,0.052788425,13.450766
23.78,5.019187,51.535183,0.0013177516,0.052636772,13.45075
23.79,5.0199065,51.585587,0.0013171937,0.052493196,13.450734
23.8,5.02062,51.635967,0.0013163965,0.05234635,13.450718
23.81,5.021335,51.68639,0.0013156859,0.05220285,13.450701
23.82,5.022045,51.736835,0.0013147239,0.052055657,13.450686
23.83,5.022754,51.78723,0.001314085,0.051911738,13.450668
23.84,5.0234594,51.83766,0.0013132375,0.051771756,13.450647
23.85,5.0241647,51.888103,0.0013126796,0.051629175,13.450632
23.86,5.0248647,51.938564,0.001311685,0.05148498,13.450613
23.87,5.0255632,51.988987,0.0013109948,0.051346656,13.450593
23.88,5.0262623,52.03942,0.0013100337,0.051205095,13.450573
23.89,5.026954,52.089897,0.0013092933,0.051066227,13.450552
23.9,5.027647,52.14034,0.0013085017,0.050928336,13.450531
23.91,5.0283365,52.190815,0.0013076933,0.050790783,13.450511
23.92,5.029022,52.24128,0.001306776,0.050651982,13.450489
23.93,5.029709,52.291767,0.0013060318,0.050516415,13.450469
23.94,5.030391,52.342236,0.0013051173,0.050381795,13.450444
23.95,5.0310717,52.392735,0.0013042074,0.050245646,13.450422
23.96,5.031749,52.443203,0.0013034949,0.050111663,13.450397
23.97,5.032425,52.493694,0.0013027154,0.0499749,13.45037
23.98,5.0330987,52.544212,0.0013017291,0.04984076,13.450345
23.99,5.03377,52.59471,0.0013008639,0.049714137,13.450323
24.0,5.0344386,52.64521,0.0013001561,0.04957495,13.450295
24.01,5.0351048,52.695713,0.0012991019,0.049446177,13.450268
24.02,5.03577,52.746235,0.0012981594,0.04932034,13.450239
24.03,5.036432,52.79677,0.0012975903,0.049188685,13.450217
24.04,5.0370913,52.84728,0.0012965398,0.049057387,13.45019
24.05,5.037748,52.89781,0.0012954697,0.04892789,13.450159
24.06,5.0384035,52.94832,0.0012946045,0.048800893,13.450132
24.07,5.0390563,52.998882,0.0012937915,0.048672818,13.450105
24.08,5.039706,53.04943,0.0012926478,0.048547734,13.450076
24.09,5.0403547,53.099968,0.0012917221,0.048419915,13.450043
24.1,5.0410013,53.150505,0.0012908224,0.04829488,13.450011
24.11,5.0416465,53.201084,0.0012899023,0.04817264,13.4499855
24.12,5.042287,53.251644,0.0012889979,0.04804607,13.449953
24.13,5.042926,53.302193,0.0012881383,0.04792381,13.449925
24.14,5.0435634,53.352768,0.0012871614,0.047804095,13.449892
24.15,5.0442,53.403355,0.0012864359,0.04767987,13.449859
24.16,5.0448318,53.453922,0.0012851106,0.04755546,13.449828
24.17,5.0454617,53.504482,0.0012844615,0.04743805,13.449792
24.18,5.046092,53.555073,0.0012834547,0.047319163,13.449761
24.19,5.0467167,53.605663,0.0012822943,0.04719413,13.449719
24.2,5.04734,53.656246,0.0012813611,0.047077134,13.449689
24.21,5.047962,53.706833,0.0012804652,0.046958312,13.449657
24.22,5.0485816,53.757427,0.0012794882,0.04684188,13.449623
24.23,5.0491996,53.808037,0.0012785597,0.04672428,13.449585
24.24,5.049814,53.85866,0.0012775268,0.046608943,13.4495535
24.25,5.0504284,53.909267,0.0012766607,0.046491906,13.449514
24.26,5.0510397,53.959846,0.0012755608,0.04637719,13.449481
24.27,5.0516467,54.01048,0.001274649,0.046260778,13.449445
24.28,5.052254,54.061104,0.0012736125,0.046149243,13.449404
24.29,5.0528593,54.111725,0.0012725545,0.04603358,13.449364
24.3,5.0534616,54.16236,0.0012717303,0.045923807,13.449328
24.31,5.054062,54.21298,0.00127069,0.045810275,13.44929
24.32,5.054659,54.263626,0.0012696739,0.04569623,13.449251
24.33,5.055257,54.314266,0.0012688087,0.045588028,13.449215
24.34,5.0558496,54.364902,0.0012678327,0.045474928,13.449174
24.35,5.0564413,54.415543,0.0012665084,0.045364223,13.449132
24.36,5.0570307,54.466187,0.0012657735,0.04525796,13.4491
24.37,5.057618,54.51685,0.001264736,0.04514785,13.449054
24.38,5.0582037,54.56751,0.0012638206,0.045038417,13.449013
24.39,5.0587893,54.61813,0.0012627663,0.044929396,13.44897
24.4,5.0593686,54.668797,0.0012616841,0.044821955,13.448928
24.41,5.0599484,54.719467,0.0012607155,0.044715803,13.448888
24.42,5.060525,54.77013,0.0012597675,0.04461414,13.448843
24.43,5.0611014,54.820805,0.0012587951,0.04450868,13.448806
24.44,5.061674,54.871494,0.0012578359,0.044405196,13.448758
24.45,5.062244,54.922173,0.0012567034,0.044299286,13.448716
24.46,5.0628114,54.972847,0.0012560887,0.044195898,13.448671
24.47,5.0633807,55.023502,0.0012550661,0.044089172,13.4486265
24.48,5.063944,55.074173,0.0012539746,0.043989293,13.448588
24.49,5.064507,55.124893,0.001253197,0.04388665,13.448537
24.5,5.0650682,55.175575,0.0012521725,0.04378339,13.448495
24.51,5.065628,55.226276,0.001251162,0.043686748,13.44845
24.52,5.0661836,55.27697,0.001250254,0.043583497,13.448407
24.53,5.0667377,55.327686,0.0012493571,0.043481242,13.4483595
24.54,5.067291,55.378384,0.0012482358,0.04338559,13.448313
24.55,5.0678415,55.429058,0.0012474721,0.04328612,13.448265
24.56,5.0683904,55.47978,0.0012464961,0.04318891,13.448219
24.57,5.068938,55.530487,0.0012454716,0.043090407,13.448177
24.58,5.069479,55.581207,0.0012444677,0.04299266,13.448125
24.59,5.0700245,55.631916,0.001243474,0.042898826,13.448076
24.6,5.0705643,55.682632,0.0012427792,0.042801663,13.448033
24.61,5.0711036,55.733356,0.0012418544,0.042706773,13.447981
24.62,5.07164,55.78407,0.0012409072,0.0426089,13.447933
24.63,5.072174,55.834793,0.0012399079,0.042517323,13.4478855
24.64,5.072706,55.88553,0.0012390967,0.042423993,13.447838
24.65,5.0732374,55.936256,0.0012381272,0.04232762,13.447788
24.66,5.0737667,55.986984,0.0012373328,0.042235915,13.44774
24.67,5.074293,56.03773,0.0012364704,0.04214406,13.447689
24.68,5.0748186,56.088463,0.0012356061,0.042054527,13.447638
24.69,5.0753407,56.13919,0.0012345854,0.041964836,13.447592
24.7,5.075863,56.18996,0.0012338553,0.04187194,13.447537
24.71,5.0763803,56.240685,0.0012329482,0.041780297,13.447484
24.72,5.076899,56.29143,0.0012319675,0.04169114,13.447435
24.73,5.077414,56.342186,0.0012314608,0.041602336,13.447382
24.74,5.077927,56.39295,0.0012304988,0.04151783,13.44733
24.75,5.0784373,56.443684,0.0012298087,0.041425746,13.447278
24.76,5.078948,56.49444,0.0012287442,0.041341204,13.4472275
24.77,5.0794544,56.545216,0.0012283074,0.04125289,13.447176
24.78,5.0799603,56.59596,0.0012274971,0.041168578,13.447122
24.79,5.080465,56.646732,0.0012267558,0.0410816,13.447069
24.8,5.080968,56.697502,0.0012257779,0.04099548,13.447021
24.81,5.0814667,56.74825,0.0012250412,0.04090999,13.446963
24.82,5.081966,56.79902,0.0012244275,0.040828116,13.446913
24.83,5.0824604,56.849796,0.0012235036,0.040740263,13.446855
24.84,5.082957,56.900574,0.0012227232,0.04066015,13.446799
24.85,5.0834484,56.951344,0.0012220815,0.0405751,13.446749
24.86,5.0839386,57.00213,0.0012214584,0.040495668,13.4466915
24.87,5.084429,57.052902,0.0012207096,0.040415496,13.446639
24.88,5.0849137,57.103687,0.0012202282,0.04033208,13.446581
24.89,5.0853996,57.15446,0.0012192084,0.040252183,13.446525
24.9,5.0858836,57.205242,0.0012188461,0.040170476,13.44647
24.91,5.0863657,57.256042,0.0012180321,0.04009189,13.44641
24.92,5.0868454,57.30684,0.0012172842,0.040012695,13.446358
24.93,5.087323,57.35763,0.0012167059,0.03993408,13.446303
24.94,5.087798,57.408417,0.0012161052,0.039856996,13.446249
24.95,5.0882726,57.459225,0.0012153573,0.039779127,13.446188
24.96,5.0887437,57.509995,0.001214874,0.039702382,13.44613
24.97,5.089215,57.5608,0.0012142695,0.03962317,13.446075
24.98,5.0896826,57.611595,0.001213965,0.03954642,13.446019
24.99,5.0901504,57.662434,0.0012131939,0.039471447,13.445959
25.0,5.0906143,57.713215,0.001212596,0.039397307,13.445901
25.01,5.091079,57.764038,0.0012121107,0.03932207,13.445844
25.02,5.09154,57.814835,0.0012115799,0.039247222,13.445787
25.03,5.0920005,57.865646,0.001211022,0.039173007,13.4457245
25.04,5.0924573,57.916454,0.0012105964,0.039101932,13.445668
25.05,5.092915,57.967262,0.0012101224,0.039030246,13.445609
25.06,5.093369,58.018085,0.0012096614,0.038959056,13.445552
25.07,5.093822,58.068897,0.0012092646,0.03888405,13.445494
25.08,5.0942736,58.11972,0.0012090262,0.03881244,13.445431
25.09,5.094722,58.170536,0.0012084153,0.038743168,13.4453745
25.1,5.0951705,58.221382,0.0012080707,0.038670894,13.4453125
25.11,5.095615,58.27219,0.0012076125,0.038601354,13.445257
25.12,5.09606,58.323032,0.001207307,0.03853305,13.445197
25.13,5.0964994,58.373837,0.0012067761,0.038466036,13.445134
25.14,5.096941,58.424644,0.0012065219,0.038395777,13.445072
25.15,5.097381,58.4755,0.0012062928,0.03832787,13.445015
25.16,5.0978174,58.52632,0.0012060553,0.038258463,13.444946
25.17,5.098252,58.57715,0.001205748,0.038191684,13.444892
25.18,5.0986857,58.628002,0.0012055775,0.038127944,13.444832
25.19,5.0991178,58.678837,0.0012053456,0.03806319,13.44477
25.2,5.099548,58.729675,0.0012049489,0.03799628,13.44471
25.21,5.099977,58.78049,0.0012046881,0.03792905,13.444646
25.22,5.100404,58.831356,0.0012044339,0.037866402,13.444586
25.23,5.100827,58.88217,0.001204337,0.03780172,13.444522
25.24,5.1012535,58.933037,0.0012041563,0.03773871,13.444459
25.25,5.1016726,58.98389,0.0012040893,0.037675224,13.444399
25.26,5.102094,59.034756,0.0012040669,0.03761254,13.444333
25.27,5.102512,59.085587,0.00120397,0.037551712,13.444273
25.28,5.1029296,59.13644,0.0012038415,0.03748651,13.44421
25.29,5.103345,59.18729,0.0012038024,0.037429493,13.444149
25.3,5.1037583,59.238136,0.0012036674,0.03736373,13.444083
25.31,5.104169,59.288986,0.0012036655,0.037305344,13.444016
25.32,5.10458,59.33985,0.0012036478,0.03724843,13.44396
25.33,5.104989,59.390713,0.001203659,0.037188683,13.443895
25.34,5.105396,59.441563,0.001203605,0.037127312,13.443832
25.35,5.105802,59.492443,0.0012036953,0.037068326,13.443763
25.36,5.1062036,59.54331,0.0012036543,0.037011035,13.443705
25.37,5.1066055,59.59419,0.0012038052,0.036954015,13.443638
25.38,5.107006,59.645027,0.0012038816,0.036893733,13.443579
25.39,5.107404,59.69587,0.0012040008,0.03683815,13.443509
25.4,5.107803,59.746754,0.0012044078,0.03678107,13.443448
25.41,5.108197,59.797634,0.0012043919,0.036727633,13.443381
25.42,5.1085916,59.84851,0.0012046136,0.036673814,13.443316
25.43,5.108984,59.899395,0.0012047049,0.03661291,13.443252
25.44,5.1093755,59.950268,0.001204865,0.03656407,13.443191
25.45,5.109764,60.00113,0.0012051463,0.03650549,13.44312
25.46,5.1101522,60.052013,0.00120553,0.036453668,13.443055
25.47,5.110538,60.102898,0.0012055784,0.036399037,13.442992
25.48,5.110922,60.15377,0.0012059323,0.036348518,13.442927
25.49,5.1113048,60.20467,0.0012062835,0.0362936,13.442862
25.5,5.111686,60.255543,0.0012065507,0.036244664,13.442797
25.51,5.1120653,60.30641,0.0012069251,0.036190912,13.44273
25.52,5.112445,60.357307,0.0012072129,0.03613865,13.442662
25.53,5.11282,60.408207,0.0012079235,0.036089677,13.442598
25.54,5.1131945,60.459103,0.0012081107,0.036040585,13.442533
25.55,5.113568,60.50998,0.0012087869,0.035990566,13.442464
25.56,5.1139436,60.560883,0.0012092069,0.035944134,13.442398
25.57,5.114311,60.611763,0.0012096595,0.035892863,13.44233
25.58,5.1146803,60.662674,0.0012100777,0.03584061,13.442264
25.59,5.115049,60.71359,0.0012107454,0.03579617,13.442199
25.6,5.1154146,60.76449,0.0012111897,0.035746362,13.442135
25.61,5.115777,60.815384,0.0012119962,0.035701357,13.442066
25.62,5.1161427,60.866272,0.0012126518,0.03565409,13.4419985
25.63,5.1165023,60.91719,0.0012129173,0.03560836,13.441934
25.64,5.116862,60.968098,0.0012136614,0.03556273,13.441865
25.65,5.1172214,61.018986,0.001214534,0.035516128,13.441798
25.66,5.117577,61.06992,0.0012152744,0.035470165,13.44173
25.67,5.1179323,61.120834,0.0012160083,0.035428252,13.441663
25.68,5.1182876,61.17173,0.0012164079,0.03538197,13.441595
25.69,5.1186404,61.222664,0.0012173718,0.03533873,13.441526
25.7,5.1189895,61.27356,0.0012182351,0.035295743,13.441459
25.71,5.119341,61.32448,0.0012190528,0.035252716,13.441397
25.72,5.119686,61.375397,0.0012196805,0.035210464,13.441326
25.73,5.1200333,61.426315,0.0012206752,0.03516658,13.44126
25.74,5.1203785,61.47723,0.001221464,0.0351261,13.441184
25.75,5.1207213,61.52816,0.0012224726,0.03508391,13.44112
25.76,5.121064,61.579082,0.0012234906,0.035041817,13.4410515
25.77,5.121405,61.630005,0.0012241472,0.034999743,13.440979
25.78,5.121744,61.680954,0.0012252498,0.03496258,13.440913
25.79,5.1220813,61.73188,0.0012262659,0.03492254,13.440845
25.8,5.122417,61.782806,0.0012274059,0.034884788,13.440777
25.81,5.1227517,61.83373,0.0012282385,0.03484191,13.440711
25.82,5.1230855,61.884674,0.0012290999,0.034805845,13.440642
25.83,5.1234207,61.93563,0.0012305174,0.034769733,13.440573
25.84,5.1237497,61.986565,0.0012315186,0.03473328,13.440509
25.85,5.12408,62.037514,0.0012328969,0.03469299,13.4404335
25.86,5.124406,62.088432,0.0012339735,0.034658212,13.440372
25.87,5.1247325,62.139378,0.0012349607,0.034617387,13.440298
25.88,5.125059,62.190327,0.0012363074,0.03458258,13.440229
25.89,5.1253815,62.24128,0.0012374688,0.03454781,13.440158
25.9,5.1257033,62.292225,0.0012386004,0.03451184,13.44009
25.91,5.126025,62.343193,0.0012400867,0.034475215,13.440022
25.92,5.1263433,62.39411,0.001241263,0.034439962,13.439949
25.93,5.1266613,62.445103,0.0012427224,0.034404907,13.43988
25.94,5.126979,62.49606,0.0012439648,0.03437389,13.439814
25.95,5.127294,62.547,0.0012452379,0.034338757,13.439747
25.96,5.127609,62.59796,0.0012467531,0.034306135,13.439672
25.97,5.127921,62.648933,0.0012480533,0.034273587,13.439606
25.98,5.1282325,62.69989,0.0012495248,0.034239244,13.43953
25.99,5.128542,62.75087,0.001250824,0.034211006,13.439466
26.0,5.12885,62.801834,0.001252573,0.0341779,13.439398
26.01,5.129158,62.85282,0.0012539169,0.034146506,13.439325
26.02,5.129463,62.903763,0.0012555486,0.034115087,13.439256
26.03,5.1297674,62.954758,0.0012570852,0.034082804,13.439186
26.04,5.1300726,63.00573,0.0012584804,0.03405605,13.439119
26.05,5.1303725,63.056698,0.0012600506,0.034021724,13.439044
26.06,5.1306734,63.1077,0.0012617484,0.03399182,13.438975
26.07,5.130973,63.15868,0.001263449,0.033965502,13.438907
26.08,5.1312714,63.209667,0.0012650471,0.033934586,13.438834
26.09,5.1315675,63.26065,0.0012666639,0.033907022,13.438766
26.1,5.1318607,63.311653,0.0012685237,0.033877432,13.438698
26.11,5.1321564,63.362633,0.0012702653,0.03385176,13.438626
26.12,5.1324496,63.41364,0.0012718774,0.033820838,13.438556
26.13,5.13274,63.464607,0.0012736702,0.03379702,13.438482
26.14,5.1330304,63.515614,0.0012755301,0.033770345,13.438409
26.15,5.133319,63.5666,0.0012773126,0.033743348,13.438344
26.16,5.1336074,63.617607,0.0012791809,0.033715397,13.438271
26.17,5.1338916,63.668633,0.0012809709,0.03369127,13.438202
26.18,5.134177,63.719646,0.0012828801,0.033665214,13.438128
26.19,5.134462,63.770653,0.0012847316,0.033638988,13.438059
26.2,5.134743,63.82167,0.0012866445,0.03361505,13.437992
26.21,5.1350245,63.87267,0.0012887139,0.03358839,13.437918
26.22,5.1353035,63.923676,0.0012906352,0.033567138,13.43785
26.23,5.1355824,63.974724,0.001292712,0.03354211,13.437779
26.24,5.135859,64.02575,0.0012945887,0.033522353,13.437712
26.25,5.136135,64.07676,0.0012965612,0.03349568,13.437641
26.26,5.136412,64.1278,0.0012986353,0.03347217,13.437567
26.27,5.1366844,64.178825,0.0013007466,0.033449385,13.437495
26.28,5.1369557,64.22986,0.0013030432,0.033427056,13.437427
26.29,5.1372266,64.28088,0.0013048127,0.0334036,13.437352
26.3,5.137496,64.331924,0.0013070963,0.03338347,13.437285
26.31,5.137766,64.38297,0.001309298,0.03336105,13.437216
26.32,5.138034,64.434,0.0013113488,0.03334133,13.437139
26.33,5.1383004,64.485054,0.0013137516,0.033319455,13.437072
26.34,5.1385627,64.5361,0.001316037,0.033301763,13.437001
26.35,5.1388283,64.58715,0.0013180822,0.033279553,13.436926
26.36,5.139092,64.6382,0.0013202215,0.033258755,13.436856
26.37,5.1393514,64.68927,0.0013225405,0.03324001,13.436788
26.38,5.1396136,64.74032,0.0013250299,0.033220585,13.436714
26.39,5.1398697,64.79139,0.0013270965,0.03320025,13.4366455
26.4,5.140128,64.84245,0.0013296911,0.03318324,13.436575
26.41,5.1403847,64.89354,0.0013318835,0.03316383,13.4365
26.42,5.140639,64.94457,0.0013341475,0.033142928,13.436429
26.43,5.1408944,64.995674,0.0013366621,0.033128217,13.436357
26.44,5.141147,65.04675,0.0013390006,0.033111416,13.43629
26.45,5.141397,65.09783,0.0013415264,0.033092514,13.436215
26.46,5.141648,65.14888,0.0013437811,0.033074383,13.436144
26.47,5.1418977,65.2,0.0013462948,0.03305991,13.436076
26.48,5.142146,65.25107,0.0013486585,0.0330433,13.436007
26.49,5.142394,65.30218,0.0013512336,0.033025164,13.43593
26.5,5.1426387,65.353264,0.0013538282,0.033010773,13.435861
26.51,5.1428843,65.404366,0.0013562804,0.032993484,13.435789
26.52,5.1431274,65.45546,0.0013589542,0.032976694,13.435715
26.53,5.1433697,65.506584,0.0013616392,0.032964237,13.435648
26.54,5.14361,65.55769,0.0013640132,0.03294793,13.435572
26.55,5.143852,65.60877,0.0013666274,0.032935943,13.435504
26.56,5.1440907,65.659904,0.0013689622,0.0329186,13.4354315
26.57,5.144328,65.711006,0.0013717487,0.032902136,13.435359
26.58,5.144565,65.762146,0.0013745409,0.03288938,13.435288
26.59,5.1448007,65.81326,0.0013771467,0.032876372,13.435216
26.6,5.1450367,65.864395,0.0013796343,0.032863654,13.435145
26.61,5.145269,65.915535,0.0013826359,0.03284749,13.435077
26.62,5.1455016,65.96667,0.0013850452,0.032835487,13.435003
26.63,5.1457324,66.01779,0.001387828,0.032820635,13.434932
26.64,5.1459618,66.06895,0.0013905969,0.032808665,13.434857
26.65,5.14619,66.120094,0.0013931738,0.032796137,13.434785
26.66,5.146419,66.171234,0.0013961252,0.032783847,13.434721
26.67,5.146647,66.22241,0.0013987934,0.03277003,13.434647
26.68,5.1468716,66.273544,0.0014016079,0.03276058,13.434575
26.69,5.1470957,66.32471,0.0014044065,0.0327484,13.434505
26.7,5.1473207,66.375854,0.0014073327,0.03273621,13.434434
26.71,5.1475415,66.42705,0.001410041,0.032723203,13.434362
26.72,5.147764,66.47819,0.0014130576,0.032713387,13.434289
26.73,5.147984,66.529396,0.0014157575,0.032705225,13.434222
26.74,5.148202,66.58057,0.0014188169,0.032693323,13.434148
26.75,5.1484203,66.63176,0.0014215102,0.032681182,13.434081
26.76,5.1486382,66.68294,0.0014243964,0.032671835,13.434007
26.77,5.1488523,66.734116,0.0014272416,0.032662474,13.433936
26.78,5.1490684,66.78532,0.0014300281,0.032650113,13.433862
26.79,5.1492805,66.83652,0.0014333148,0.032638725,13.433789
26.8,5.1494946,66.88774,0.0014359597,0.032633215,13.433718
26.81,5.149707,66.93893,0.0014388124,0.03262107,13.433646
26.82,5.149917,66.990135,0.0014420049,0.03261382,13.4335785
26.83,5.150128,67.04136,0.0014446834,0.032603417,13.433502
26.84,5.1503344,67.09257,0.0014477251,0.03259464,13.4334345
26.85,5.150541,67.14381,0.0014506727,0.032587096,13.433364
26.86,5.150748,67.19503,0.0014535217,0.03257695,13.43329
26.87,5.150954,67.24626,0.0014567152,0.032571133,13.433217
26.88,5.1511602,67.297516,0.00145947,0.03255749,13.43315
26.89,5.151363,67.348755,0.0014626402,0.032553487,13.433078
26.9,5.1515646,67.39998,0.0014656242,0.032544363,13.433003
26.91,5.151765,67.451225,0.0014686054,0.032534547,13.432933
26.92,5.1519666,67.502464,0.0014717178,0.032526914,13.432862
26.93,5.1521664,67.553734,0.0014749123,0.032521054,13.432791
26.94,5.1523633,67.60499,0.0014778068,0.032512907,13.432719
26.95,5.1525598,67.656265,0.0014806781,0.03250508,13.432646
26.96,5.152756,67.70752,0.0014837785,0.032496672,13.432577
26.97,5.152952,67.758804,0.0014867755,0.03249194,13.432508
26.98,5.1531463,67.810104,0.0014897864,0.03248373,13.432433
26.99,5.1533394,67.86138,0.0014927564,0.032476947,13.432365
27.0,5.1535316,67.912674,0.0014959686,0.03246962,13.43229
27.01,5.153723,67.963974,0.001499339,0.032463558,13.432219
27.02,5.1539135,68.01527,0.0015021414,0.032457266,13.43215
27.03,5.154101,68.066574,0.0015053134,0.03244895,13.432077
27.04,5.1542897,68.11789,0.0015083449,0.032442834,13.432007
27.05,5.154478,68.16919,0.0015114415,0.032436848,13.431937
27.06,5.1546645,68.2205,0.0015143882,0.03243014,13.431863
27.07,5.154849,68.27183,0.0015176199,0.032424737,13.431793
27.08,5.1550336,68.32314,0.0015203794,0.032418832,13.431722
27.09,5.1552167,68.37451,0.0015236381,0.03241119,13.431652
27.1,5.155399,68.42583,0.0015267245,0.032405775,13.431582
27.11,5.1555815,68.47716,0.0015299972,0.032401107,13.43151
27.12,5.155762,68.52853,0.0015329085,0.032395825,13.431438
27.13,5.1559405,68.57985,0.0015360005,0.032389082,13.431368
27.14,5.1561184,68.63122,0.0015388792,0.032382436,13.431295
27.15,5.156296,68.6826,0.0015421659,0.032380268,13.431224
27.16,5.1564736,68.73394,0.0015451591,0.03237236,13.431154
27.17,5.1566477,68.78533,0.0015482251,0.03236649,13.431086
27.18,5.156822,68.83671,0.0015513999,0.03235868,13.431009
27.19,5.1569977,68.88809,0.0015542414,0.03235558,13.430942
27.2,5.1571693,68.93951,0.0015573893,0.032348488,13.430867
27.21,5.1573434,68.99087,0.0015604915,0.03234525,13.430798
27.22,5.1575136,69.04227,0.0015636254,0.032337617,13.430728
27.23,5.1576834,69.093666,0.0015665144,0.03233423,13.430658
27.24,5.1578517,69.14507,0.0015698038,0.032330006,13.430584
27.25,5.158019,69.19649,0.0015725903,0.032323223,13.430513
27.26,5.158188,69.247925,0.0015758583,0.032316428,13.430445
27.27,5.1583543,69.29934,0.0015788786,0.03231558,13.430373
27.28,5.1585174,69.35079,0.0015821084,0.032307316,13.430298
27.29,5.1586847,69.40223,0.0015849862,0.032304954,13.430232
27.3,5.1588464,69.45362,0.0015880624,0.03229881,13.430162
27.31,5.159009,69.50509,0.0015910249,0.032292005,13.430091
27.32,5.1591706,69.55656,0.0015941532,0.03228824,13.430021
27.33,5.159332,69.60802,0.0015968569,0.032285392,13.42995
27.34,5.1594934,69.65946,0.0015999945,0.03227531,13.429878
27.35,5.159651,69.71094,0.0016031498,0.032274738,13.4298115
27.36,5.1598096,69.76243,0.0016060229,0.0322676,13.429737
27.37,5.159966,69.81391,0.0016088849,0.03226134,13.429668
27.38,5.160121,69.86538,0.0016119955,0.032255374,13.429595
27.39,5.160278,69.91686,0.0016147671,0.032251738,13.429527
27.4,5.160433,69.96837,0.0016178433,0.03224339,13.429451
27.41,5.1605854,70.0199,0.0016208291,0.032237913,13.429382
27.42,5.160738,70.071396,0.0016237162,0.032235555,13.429315
27.43,5.1608887,70.12291,0.0016266266,0.03223104,13.429242
27.44,5.1610403,70.174416,0.0016296078,0.032225054,13.429178
27.45,5.1611915,70.22595,0.0016323347,0.032220285,13.429104
27.46,5.1613398,70.277466,0.0016354909,0.0322153,13.429033
27.47,5.1614885,70.32901,0.0016382076,0.032205675,13.428961
27.48,5.161634,70.38056,0.0016408544,0.03220224,13.42889
27.49,5.161782,70.43212,0.0016438719,0.032197565,13.42882
27.5,5.1619253,70.48365,0.0016466687,0.03219138,13.428755
27.51,5.162073,70.53524,0.0016497048,0.03218682,13.428681
27.52,5.1622143,70.58681,0.0016522771,0.03217781,13.428612
27.53,5.16236,70.63835,0.0016551707,0.032172494,13.428543
27.54,5.1625004,70.68992,0.0016578836,0.032168485,13.42847
27.55,5.1626425,70.741516,0.001660482,0.03216039,13.428401
27.56,5.1627817,70.79312,0.0016635247,0.03215764,13.428331
27.57,5.1629214,70.84473,0.0016661854,0.0321487,13.428264
27.58,5.1630616,70.896324,0.0016688406,0.032141875,13.428191
27.59,5.1631966,70.94793,0.0016715676,0.03213584,13.428121
27.6,5.1633353,70.99954,0.0016742973,0.032130107,13.42805
27.61,5.1634707,71.05117,0.0016767662,0.032122698,13.427979
27.62,5.1636057,71.10281,0.001679684,0.03211747,13.427911
27.63,5.163741,71.15441,0.0016821343,0.032110397,13.427839
27.64,5.1638737,71.206085,0.0016846377,0.03210309,13.427772
27.65,5.164005,71.25772,0.0016874736,0.032093413,13.427699
27.66,5.1641397,71.30939,0.001689801,0.032089986,13.427631
27.67,5.16427,71.36102,0.0016924376,0.032081716,13.427564
27.68,5.1644,71.4127,0.0016949736,0.032072756,13.427491
27.69,5.1645293,71.464355,0.0016975403,0.03206848,13.427426
27.7,5.1646576,71.516045,0.0016999096,0.032058854,13.427354
27.71,5.1647854,71.56773,0.0017024959,0.032050643,13.427285
27.72,5.1649127,71.61941,0.0017050114,0.032044686,13.427215
27.73,5.1650386,71.67108,0.0017075501,0.03203598,13.427139
27.74,5.1651626,71.7228,0.001709871,0.032028094,13.427075
27.75,5.1652856,71.774506,0.0017123157,0.032017108,13.427005
27.76,5.1654115,71.826225,0.0017145434,0.032011036,13.426942
27.77,5.1655335,71.87795,0.0017169556,0.0320022,13.426865
27.78,5.165656,71.929665,0.0017194822,0.031993687,13.426801
27.79,5.165776,71.981384,0.0017219409,0.031984575,13.426729
27.8,5.165897,72.03312,0.0017238511,0.031973127,13.426654
27.81,5.166014,72.084854,0.0017261701,0.031965345,13.426592
27.82,5.1661334,72.136604,0.0017285421,0.03195459,13.4265175
27.83,5.1662526,72.18836,0.0017309329,0.031948246,13.42645
27.84,5.166369,72.24013,0.0017327806,0.03193888,13.426382
27.85,5.166483,72.291916,0.0017349925,0.03192787,13.426315
27.86,5.1666,72.343666,0.0017371206,0.031918716,13.426246
27.87,5.1667137,72.39544,0.0017393855,0.031907618,13.426179
27.88,5.1668277,72.447235,0.0017413078,0.03189569,13.426103
27.89,5.1669407,72.49903,0.0017433865,0.031886708,13.426036
27.9,5.167052,72.550835,0.0017456003,0.031876706,13.42597
27.91,5.1671643,72.60261,0.0017473577,0.03186218,13.425902
27.92,5.167275,72.65445,0.001749685,0.031853452,13.425834
27.93,5.167384,72.706245,0.0017513381,0.031839613,13.425766
27.94,5.167493,72.75807,0.0017535882,0.031830218,13.4256935
27.95,5.167599,72.80991,0.0017554825,0.031817585,13.425626
27.96,5.167707,72.86171,0.0017572781,0.031806335,13.425555
27.97,5.1678133,72.913574,0.0017588865,0.031794056,13.425488
27.98,5.16792,72.965385,0.0017609755,0.03178169,13.425421
27.99,5.1680236,73.01726,0.0017628651,0.031770304,13.425353
28.0,5.1681304,73.069084,0.0017647268,0.03175728,13.425282
28.01,5.16823,73.12098,0.0017664479,0.03174329,13.425214
28.02,5.1683345,73.17283,0.0017683599,0.031729914,13.425146
28.03,5.1684356,73.224724,0.0017696647,0.03172023,13.42508
28.04,5.168537,73.27657,0.0017715087,0.031704053,13.42501
28.05,5.1686344,73.32847,0.0017730687,0.031689115,13.424942
28.06,5.168733,73.38035,0.001774854,0.031676415,13.4248705
28.07,5.1688347,73.432236,0.0017764801,0.0316621,13.424809
28.08,5.168931,73.484184,0.0017778026,0.031646904,13.424742
28.09,5.1690273,73.536064,0.0017794557,0.031632204,13.424671
28.1,5.1691213,73.58796,0.0017807987,0.031616606,13.424602
28.11,5.1692195,73.63989,0.0017825412,0.031601857,13.424536
28.12,5.1693106,73.691826,0.0017838608,0.03158576,13.424466
28.13,5.1694064,73.74374,0.0017851088,0.0315716,13.424398
28.14,5.1694984,73.7957,0.0017865645,0.031552777,13.4243355
28.15,5.169591,73.84762,0.0017878106,0.031537566,13.424266
28.16,5.169682,73.89957,0.0017894153,0.031521566,13.424199
28.17,5.169773,73.951515,0.0017905431,0.031506106,13.424129
28.18,5.169862,74.00347,0.0017917929,0.031488102,13.424065
28.19,5.169951,74.05546,0.0017930502,0.0314696,13.423993
28.2,5.17004,74.10737,0.0017943531,0.031454153,13.423928
28.21,5.1701283,74.15936,0.0017954838,0.03143374,13.4238615
28.22,5.170213,74.21135,0.0017966498,0.03141793,13.423794
28.23,5.170301,74.26333,0.0017978167,0.0313999,13.423726
28.24,5.170385,74.3153,0.0017986642,0.031380568,13.423657
28.25,5.170471,74.367294,0.0018000016,0.03136053,13.423591
28.26,5.1705537,74.419266,0.0018008724,0.031341564,13.423526
28.27,5.170636,74.471275,0.001801677,0.031322323,13.423459
28.28,5.170719,74.5233,0.0018028468,0.031302482,13.423387
28.29,5.1707983,74.57532,0.0018035723,0.03128457,13.423323
28.3,5.1708803,74.62731,0.0018045362,0.0312647,13.423257
28.31,5.170961,74.67933,0.0018056836,0.031245142,13.423192
28.32,5.17104,74.731346,0.0018063029,0.031223487,13.423123
28.33,5.1711164,74.783356,0.0018069856,0.031204302,13.423055
28.34,5.171194,74.83542,0.0018080296,0.031184353,13.422996
28.35,5.171272,74.88743,0.0018085511,0.031160247,13.422925
28.36,5.171346,74.93948,0.0018093372,0.031139258,13.422854
28.37,5.171422,74.991516,0.0018100329,0.031118423,13.422789
28.38,5.1714973,75.04356,0.001810574,0.031096179,13.422727
28.39,5.171571,75.09563,0.0018113144,0.03107148,13.422665
28.4,5.1716413,75.147644,0.0018118871,0.031053603,13.422591
28.41,5.1717143,75.19976,0.0018124022,0.031028941,13.422527
28.42,5.1717863,75.251816,0.001812825,0.03100507,13.422462
28.43,5.1718564,75.30386,0.001813367,0.030983824,13.422397
28.44,5.171926,75.35594,0.0018138941,0.030957665,13.422328
28.45,5.171995,75.407974,0.0018142443,0.030932631,13.422262
28.46,5.1720643,75.46008,0.0018146969,0.030910566,13.422197
28.47,5.172132,75.51213,0.0018148897,0.03088395,13.42213
28.48,5.1721983,75.56423,0.0018152734,0.030860163,13.422067
28.49,5.1722646,75.6163,0.001815727,0.03083641,13.422001
28.5,5.172329,75.668396,0.0018157568,0.030808568,13.421936
28.51,5.172394,75.7205,0.0018161554,0.03078458,13.421868
28.52,5.1724586,75.77259,0.0018163538,0.030759912,13.421806
28.53,5.1725206,75.82469,0.0018164776,0.030732628,13.421738
28.54,5.1725836,75.87676,0.001816784,0.030707486,13.421677
28.55,5.172644,75.92886,0.001816907,0.030680723,13.421611
28.56,5.1727066,75.98098,0.0018170243,0.030650496,13.421543
28.57,5.1727657,76.03309,0.0018171147,0.030625671,13.421477
28.58,5.172826,76.08516,0.0018168641,0.030596312,13.4214115
28.59,5.172886,76.137276,0.0018168902,0.030569162,13.4213505
28.6,5.1729426,76.189415,0.0018170523,0.030542675,13.421284
28.61,5.172999,76.241516,0.0018169759,0.030515563,13.421217
28.62,5.1730566,76.29363,0.0018170644,0.030486256,13.421155
28.63,5.1731105,76.34575,0.0018165736,0.03045715,13.421091
28.64,5.173166,76.397865,0.0018167524,0.030430533,13.421023
28.65,5.1732206,76.450005,0.0018166183,0.030400485,13.420964
28.66,5.1732745,76.502106,0.0018163947,0.030372314,13.4208975
28.67,5.1733294,76.554245,0.001816133,0.030342251,13.420829
28.68,5.1733813,76.60634,0.0018158974,0.030309506,13.420766
28.69,5.173432,76.658485,0.0018156581,0.030281,13.420701
28.7,5.1734805,76.71059,0.0018152175,0.030249983,13.420641
28.71,5.1735315,76.7627,0.00181513,0.030223597,13.420574
28.72,5.1735787,76.81481,0.0018146755,0.03018852,13.420509
28.73,5.1736307,76.86694,0.0018141745,0.030159086,13.420447
28.74,5.173677,76.919075,0.0018138746,0.030126967,13.420381
28.75,5.173723,76.97121,0.0018136324,0.030098505,13.4203205
28.76,5.1737695,77.02333,0.0018129973,0.030064039,13.420257
28.77,5.1738167,77.07544,0.0018128473,0.030033648,13.420192
28.78,5.173861,77.12756,0.0018121898,0.030002434,13.420128
28.79,5.173902,77.17967,0.001811645,0.029967804,13.420065
28.8,5.173949,77.2318,0.0018109754,0.029937062,13.420001
28.81,5.1739893,77.28393,0.0018106019,0.029904507,13.41994
28.82,5.174031,77.336006,0.0018100701,0.029871758,13.419876
28.83,5.1740746,77.388145,0.0018094098,0.029837955,13.419812
28.84,5.174112,77.44026,0.0018089293,0.029805612,13.419751
28.85,5.174154,77.49239,0.0018082103,0.029772025,13.419682
28.86,5.1741924,77.54448,0.0018076291,0.0297396,13.419621
28.87,5.1742306,77.596596,0.0018070061,0.029703226,13.419558
28.88,5.174268,77.64866,0.0018062796,0.029672079,13.419499
28.89,5.1743064,77.700806,0.0018054266,0.029637404,13.419436
28.9,5.1743426,77.75289,0.0018046573,0.029602453,13.419372
28.91,5.1743755,77.80497,0.0018041264,0.029569983,13.419312
28.92,5.174413,77.85708,0.0018031904,0.02953365,13.419244
28.93,5.174448,77.909164,0.0018023737,0.02950016,13.419187
28.94,5.1744804,77.96126,0.0018018847,0.029464282,13.419125
28.95,5.1745124,78.013336,0.001801013,0.029430386,13.419062
28.96,5.1745453,78.06543,0.0018001404,0.029394373,13.419
28.97,5.174575,78.117485,0.0017993236,0.029360704,13.418936
28.98,5.1746073,78.16957,0.0017986214,0.029325433,13.418871
28.99,5.174638,78.22167,0.0017977292,0.029291954,13.418812
29.0,5.174667,78.27372,0.001796688,0.029255532,13.418749
29.01,5.174696,78.325775,0.0017959327,0.029221874,13.41869
29.02,5.174723,78.37782,0.0017950684,0.029185317,13.418627
29.03,5.1747494,78.42986,0.0017941138,0.029147085,13.418563
29.04,5.174778,78.4819,0.0017931797,0.029111903,13.418505
29.05,5.174804,78.53391,0.0017922092,0.0290742,13.418442
29.06,5.174828,78.585976,0.0017917193,0.029039714,13.418379
29.07,5.1748514,78.63796,0.001790436,0.029004142,13.418315
29.08,5.1748767,78.69001,0.0017897254,0.028969407,13.418256
29.09,5.1748996,78.74202,0.0017889217,0.028931823,13.418196
29.1,5.174921,78.79399,0.0017875619,0.02889644,13.418132
29.11,5.174944,78.84602,0.00178691,0.028859533,13.41807
29.12,5.1749644,78.898,0.0017857589,0.028823715,13.418008
29.13,5.1749864,78.94998,0.0017847819,0.028788757,13.417949
29.14,5.175005,79.00195,0.0017837528,0.028751835,13.41789
29.15,5.1750245,79.05392,0.0017829733,0.02871706,13.417828
29.16,5.175042,79.10588,0.0017819563,0.028678212,13.417767
29.17,5.175061,79.157845,0.0017813006,0.02864401,13.4177065
29.18,5.175079,79.20977,0.0017800955,0.02861007,13.417646
29.19,5.1750946,79.26168,0.0017789593,0.028568488,13.4175825
29.2,5.1751103,79.313614,0.0017781686,0.028535627,13.417521
29.21,5.1751256,79.3655,0.0017773006,0.028496668,13.417463
29.22,5.175142,79.41741,0.0017761495,0.028461222,13.417401
29.23,5.175154,79.46933,0.0017754417,0.028427802,13.417344
29.24,5.1751666,79.521194,0.0017742673,0.028389726,13.417279
29.25,5.17518,79.57308,0.0017733863,0.028354075,13.417219
29.26,5.175192,79.62495,0.0017725313,0.02831661,13.417159
29.27,5.1752024,79.67676,0.0017715413,0.028284978,13.417102
29.28,5.1752124,79.72862,0.0017705979,0.02824805,13.417043
29.29,5.175225,79.780464,0.0017698472,0.028211042,13.416977
29.3,5.1752343,79.83226,0.0017689671,0.028175838,13.41692
29.31,5.175244,79.88405,0.0017680814,0.028141525,13.416857
29.32,5.175251,79.93585,0.0017671725,0.028107665,13.4168
29.33,5.1752586,79.98762,0.0017663594,0.02807308,13.4167385
29.34,5.1752653,80.039406,0.0017654682,0.028039407,13.416679
29.35,5.1752706,80.09114,0.001764874,0.028001547,13.41662
29.36,5.175276,80.14286,0.0017639557,0.02796828,13.416561
29.37,5.175282,80.194595,0.0017631417,0.027934216,13.416498
29.38,5.1752863,80.246284,0.0017625121,0.027900267,13.416439
29.39,5.175291,80.29798,0.0017616758,0.027865518,13.416383
29.4,5.175295,80.34964,0.0017610909,0.027832367,13.41632
29.41,5.1752977,80.40133,0.0017604167,0.027800161,13.416261
29.42,5.175299,80.45299,0.00175953,0.027766317,13.416202
29.43,5.1753006,80.504585,0.0017590839,0.02773498,13.416142
29.44,5.1753006,80.55622,0.0017584059,0.027701668,13.416081
29.45,5.1753,80.60782,0.0017580278,0.027669694,13.4160185
29.46,5.1753016,80.65939,0.0017570453,0.027638119,13.415965
29.47,5.175299,80.71096,0.0017566569,0.027606927,13.415901
29.48,5.175299,80.7625,0.0017562928,0.027573787,13.415843
29.49,5.175297,80.814026,0.0017558718,0.027542155,13.415783
29.5,5.1752944,80.86554,0.0017553894,0.027514376,13.415723
29.51,5.1752906,80.91702,0.0017549349,0.027482953,13.415663
29.52,5.175287,80.9685,0.0017545791,0.027453028,13.415607
29.53,5.1752815,81.01997,0.0017542206,0.027423266,13.415546
29.54,5.175277,81.07137,0.0017539281,0.027393036,13.415491
29.55,5.1752725,81.122795,0.0017535053,0.02736757,13.415427
29.56,5.175267,81.17422,0.0017534029,0.02733815,13.415372
29.57,5.175259,81.22559,0.0017532902,0.027309123,13.415313
29.58,5.175252,81.276924,0.0017529195,0.027281769,13.415252
29.59,5.1752453,81.32823,0.0017528553,0.027255356,13.415192
29.6,5.175236,81.37954,0.0017527621,0.027227502,13.415137
29.61,5.1752276,81.43084,0.0017528422,0.027203444,13.415074
29.62,5.175217,81.48212,0.0017528599,0.027175412,13.415013
29.63,5.175208,81.53335,0.0017529111,0.02715256,13.414963
29.64,5.175195,81.58459,0.001753022,0.027128205,13.414899
29.65,5.175186,81.635765,0.0017532064,0.027103912,13.414838
29.66,5.1751747,81.68695,0.0017534597,0.027077783,13.414777
29.67,5.175162,81.738106,0.0017535193,0.027056009,13.41472
29.68,5.175149,81.789215,0.0017539067,0.027033642,13.414667
29.69,5.175138,81.84033,0.0017543426,0.027014297,13.414602
29.7,5.175123,81.891396,0.0017549358,0.026994314,13.414541
29.71,5.1751084,81.942444,0.0017551277,0.02696979,13.414483
29.72,5.175094,81.99346,0.0017557209,0.026952215,13.414429
29.73,5.1750774,82.04447,0.0017562928,0.026931908,13.414368
29.74,5.1750627,82.09544,0.0017569056,0.026912924,13.414308
29.75,5.175046,82.14638,0.0017577736,0.026896033,13.41425
29.76,5.1750293,82.1973,0.0017584683,0.026876606,13.41419
29.77,5.175015,82.24821,0.001759259,0.026861537,13.414125
29.78,5.174996,82.299065,0.0017601149,0.026844356,13.414072
29.79,5.1749773,82.349915,0.0017613443,0.02683112,13.414007
29.8,5.174958,82.40069,0.0017623929,0.02681683,13.413955
29.81,5.1749396,82.45147,0.0017634165,0.026804172,13.41389
29.82,5.17492,82.502205,0.0017646318,0.026791103,13.413834
29.83,5.174898,82.55293,0.0017658463,0.026778765,13.413775
29.84,5.1748786,82.60362,0.001767084,0.026766583,13.413713
29.85,5.1748576,82.654274,0.0017682891,0.026756067,13.413654
29.86,5.174839,82.704895,0.001769824,0.02674459,13.413597
29.87,5.1748137,82.75549,0.001771383,0.026739009,13.41354
29.88,5.1747932,82.80607,0.0017728796,0.026729349,13.413476
29.89,5.1747713,82.85656,0.0017747041,0.026722867,13.413417
29.9,5.1747465,82.90705,0.0017765006,0.026716515,13.41336
29.91,5.1747227,82.95751,0.0017783465,0.026713297,13.413299
29.92,5.1746974,83.007965,0.0017802194,0.026707321,13.413237
29.93,5.174674,83.05834,0.0017821845,0.026703056,13.413178
29.94,5.17465,83.10869,0.0017844848,0.026700888,13.413121
29.95,5.1746244,83.15905,0.001786449,0.026700739,13.413061
29.96,5.174598,83.209335,0.0017887298,0.026698526,13.413001
29.97,5.1745706,83.259544,0.0017911522,0.026699949,13.412938
29.98,5.174545,83.30975,0.00179369,0.026700627,13.41288
29.99,5.174518,83.35997,0.0017962065,0.026704662,13.41282
30.0,5.174491,83.410095,0.001798735,0.026707008,13.412759
30.01,5.1744633,83.460236,0.0018015774,0.026713576,13.412698
30.02,5.1744356,83.5103,0.0018044086,0.026720397,13.4126425
30.03,5.174405,83.56033,0.001807142,0.026725333,13.412575
30.04,5.174378,83.610344,0.0018101344,0.026732504,13.412519
30.05,5.1743484,83.660286,0.001813407,0.026742592,13.41246
30.06,5.1743193,83.71018,0.0018165689,0.02675274,13.4124
30.07,5.174289,83.760056,0.0018197624,0.02676354,13.412337
30.08,5.174257,83.80992,0.0018231515,0.026777547,13.412278
30.09,5.174227,83.8597,0.0018269569,0.026791591,13.412218
30.1,5.1741967,83.90944,0.0018302854,0.026807461,13.412161
30.11,5.1741643,83.95917,0.0018340042,0.026820395,13.412094
30.12,5.1741333,84.00883,0.0018381588,0.026841097,13.412036
30.13,5.1741,84.05848,0.0018419204,0.026860002,13.411975
30.14,5.1740685,84.108055,0.0018459763,0.026878871,13.41191
30.15,5.1740355,84.15759,0.0018501412,0.026896752,13.411845
30.16,5.174,84.2071,0.0018545119,0.026923683,13.411789
30.17,5.1739664,84.25657,0.0018586619,0.026944805,13.411728
30.18,5.173933,84.305954,0.00186323,0.026970614,13.411666
30.19,5.173898,84.35535,0.0018680645,0.026997793,13.411603
30.2,5.173865,84.40467,0.0018727193,0.027026415,13.411546
30.21,5.173831,84.45393,0.0018777112,0.027056292,13.411479
30.22,5.1737943,84.503174,0.0018823706,0.02708498,13.41142
30.23,5.1737595,84.55237,0.0018873969,0.027117014,13.4113655
30.24,5.1737227,84.601494,0.0018925117,0.027151272,13.411296
30.25,5.173687,84.65059,0.0018980186,0.027183864,13.41123
30.26,5.1736493,84.69963,0.0019035637,0.027220603,13.41117
30.27,5.1736164,84.74861,0.0019092113,0.02725999,13.411107
30.28,5.1735773,84.797615,0.001914951,0.027300585,13.411045
30.29,5.17354,84.84647,0.0019206386,0.027340643,13.410981
30.3,5.173502,84.895325,0.0019268589,0.027385514,13.410919
30.31,5.1734657,84.94414,0.0019326946,0.02742732,13.410856
30.32,5.173427,84.992905,0.0019390294,0.027471434,13.4107895
30.33,5.1733894,85.0416,0.0019453354,0.027519435,13.410727
30.34,5.1733537,85.090225,0.0019520549,0.027568579,13.410665
30.35,5.1733136,85.13884,0.0019583404,0.027617596,13.410601
30.36,5.173274,85.18741,0.0019653635,0.02767114,13.410535
30.37,5.173232,85.235886,0.0019721454,0.027723998,13.410475
30.38,5.1731944,85.28435,0.0019790772,0.027778406,13.410406
30.39,5.1731577,85.332695,0.0019863714,0.02783668,13.410341
30.4,5.1731143,85.38108,0.0019937623,0.027893841,13.410282
30.41,5.173076,85.429344,0.002001143,0.027955573,13.410215
30.42,5.173033,85.47759,0.0020087315,0.0280178,13.410151
30.43,5.1729946,85.525764,0.0020166244,0.028081533,13.410084
30.44,5.1729536,85.573875,0.002024508,0.028147046,13.410022
30.45,5.172912,85.62193,0.0020324346,0.028213054,13.409955
30.46,5.1728716,85.66998,0.0020406237,0.028281633,13.409887
30.47,5.1728296,85.71789,0.002048999,0.028355543,13.409828
30.48,5.172788,85.76582,0.0020574955,0.028426442,13.409761
30.49,5.172748,85.81366,0.0020660935,0.028502334,13.409694
30.5,5.1727047,85.86144,0.0020748423,0.028575704,13.409628
30.51,5.172663,85.90914,0.0020837896,0.02865563,13.409564
30.52,5.1726227,85.95684,0.002093099,0.02873617,13.409496
30.53,5.17258,86.004456,0.0021021767,0.028814897,13.4094305
30.54,5.1725373,86.05198,0.0021117954,0.02889844,13.40936
30.55,5.1724935,86.09949,0.0021213088,0.028986443,13.409292
30.56,5.172453,86.14694,0.0021309964,0.029073264,13.409224
30.57,5.1724105,86.1943,0.0021407781,0.029162671,13.409161
30.58,5.172365,86.2416,0.0021509621,0.029255208,13.40909
30.59,5.172321,86.28886,0.0021608286,0.029344946,13.409023
30.6,5.172279,86.33607,0.002171441,0.029442035,13.408955
30.61,5.1722355,86.38319,0.0021819267,0.029538747,13.408891
30.62,5.172191,86.43026,0.0021927375,0.029637773,13.40882
30.63,5.1721478,86.477295,0.0022035232,0.029737327,13.40875
30.64,5.1721063,86.5242,0.002214388,0.029842306,13.408682
30.65,5.1720605,86.5711,0.0022258544,0.02994657,13.408613
30.66,5.172018,86.61794,0.002237143,0.030056234,13.408544
30.67,5.1719723,86.66467,0.0022484567,0.030162495,13.408479
30.68,5.17193,86.7114,0.0022602314,0.030276384,13.408404
30.69,5.171885,86.758,0.0022720462,0.030388862,13.408333
30.7,5.1718407,86.804535,0.0022841413,0.030504148,13.408263
30.71,5.1717954,86.85107,0.002296391,0.030623294,13.408196
30.72,5.17175,86.89749,0.0023088306,0.030743115,13.408128
30.73,5.1717076,86.94381,0.0023212815,0.03086488,13.4080515
30.74,5.171663,86.990166,0.0023339624,0.03098829,13.407985
30.75,5.1716156,87.03637,0.0023467112,0.031112239,13.407915
30.76,5.1715746,87.082565,0.0023598578,0.031242914,13.407841
30.77,5.1715283,87.12868,0.0023731617,0.03137293,13.407769
30.78,5.171484,87.174675,0.002386569,0.031506307,13.407697
30.79,5.171439,87.22069,0.0024002343,0.03164126,13.40763
30.8,5.1713934,87.266556,0.002414112,0.031779107,13.407558
30.81,5.1713486,87.31239,0.0024276907,0.03191601,13.407483
30.82,5.1713057,87.35816,0.0024419148,0.03205919,13.407408
30.83,5.1712575,87.40382,0.0024563782,0.032203183,13.407339
30.84,5.171214,87.44943,0.0024707494,0.03234931,13.407264
30.85,5.1711698,87.495026,0.002485603,0.032498438,13.40719
30.86,5.1711264,87.540504,0.0025003413,0.03264761,13.407118
30.87,5.17108,87.58592,0.0025153104,0.0328009,13.407046
30.88,5.171034,87.631256,0.002530544,0.03295639,13.406971
30.89,5.1709895,87.67651,0.0025460776,0.033114623,13.4068985
30.9,5.1709456,87.72176,0.0025616195,0.03327334,13.406823
30.91,5.1709,87.76685,0.0025772182,0.033435818,13.406748
30.92,5.170855,87.8119,0.0025930982,0.033600535,13.4066725
30.93,5.1708097,87.856895,0.002609455,0.033766083,13.406598
30.94,5.170765,87.90182,0.0026257262,0.03393497,13.406521
30.95,5.170721,87.94664,0.002642382,0.03410898,13.406447
30.96,5.1706758,87.99139,0.002658924,0.034280743,13.406368
30.97,5.170632,88.0361,0.0026758574,0.03445747,13.406298
30.98,5.170584,88.08073,0.0026927367,0.034637023,13.406222
30.99,5.1705422,88.12526,0.002710227,0.034818258,13.406142
31.0,5.1704984,88.169754,0.0027275598,0.035001285,13.406065
31.01,5.170451,88.21413,0.0027453303,0.03518788,13.405989
31.02,5.170408,88.25844,0.0027631149,0.035376225,13.405913
31.03,5.1703634,88.30272,0.0027809925,0.035566352,13.405834
31.04,5.1703196,88.34686,0.0027995147,0.035759583,13.405763
31.05,5.170275,88.39095,0.0028176801,0.03595396,13.405677
31.06,5.1702323,88.435,0.0028365059,0.036153145,13.4056015
31.07,5.1701865,88.47893,0.0028551482,0.036352053,13.405524
31.08,5.1701427,88.5228,0.0028740792,0.036556434,13.405449
31.09,5.1700974,88.56659,0.002893148,0.03676215,13.405366
31.1,5.170052,88.61029,0.0029125176,0.036968954,13.405289
31.11,5.1700096,88.65394,0.0029321034,0.03717915,13.40521
31.12,5.1699653,88.69751,0.002951852,0.03739356,13.4051285
31.13,5.1699224,88.740974,0.0029718168,0.037604935,13.40505
31.14,5.169877,88.784355,0.0029918374,0.03782711,13.404971
31.15,5.1698375,88.82771,0.0030124998,0.0380457,13.404891
31.16,5.169792,88.87093,0.0030329265,0.038268812,13.404811
31.17,5.169749,88.91412,0.003053531,0.03849311,13.404727
31.18,5.1697035,88.957184,0.0030745445,0.038722325,13.404649
31.19,5.1696644,89.0002,0.0030954303,0.038951807,13.404566
31.2,5.1696205,89.043144,0.003116766,0.0391832,13.404488
31.21,5.1695776,89.085976,0.0031383103,0.03942014,13.404403
31.22,5.1695347,89.12876,0.003160067,0.03965618,13.4043255
31.23,5.169492,89.17143,0.003182019,0.03989718,13.404241
31.24,5.16945,89.214035,0.003203977,0.040138725,13.404156
31.25,5.1694093,89.25662,0.0032261526,0.040384784,13.404077
31.26,5.1693664,89.299065,0.0032486469,0.04063449,13.403992
31.27,5.1693234,89.3414,0.0032714726,0.040885296,13.4039135
31.28,5.1692834,89.383736,0.0032942304,0.04113875,13.403827
31.29,5.1692405,89.42593,0.0033174297,0.041395467,13.403747
31.3,5.169199,89.46805,0.003340302,0.041650772,13.403661
31.31,5.169158,89.510086,0.0033640256,0.04191252,13.403576
31.32,5.169116,89.55205,0.0033877166,0.042178392,13.403491
31.33,5.169075,89.59391,0.003411334,0.04243972,13.403412
31.34,5.1690335,89.63572,0.003435364,0.0427099,13.403321
31.35,5.168993,89.677444,0.003459653,0.04298221,13.403239
31.36,5.168953,89.71907,0.0034841541,0.043255106,13.403156
31.37,5.1689143,89.76064,0.0035087382,0.043532338,13.403075
31.38,5.1688747,89.80212,0.0035334695,0.043809354,13.4029875
31.39,5.168833,89.8435,0.0035584206,0.044087883,13.402904
31.4,5.168794,89.88479,0.0035834853,0.04437517,13.402817
31.41,5.1687555,89.92605,0.003608997,0.044662084,13.402729
31.42,5.1687145,89.96713,0.0036344975,0.044948433,13.402643
31.43,5.168676,90.0082,0.003660162,0.04523885,13.402555
31.44,5.1686373,90.04919,0.0036862213,0.045536008,13.40247
31.45,5.1685977,90.090065,0.0037124278,0.045831107,13.402381
31.46,5.1685615,90.13089,0.003738829,0.04613335,13.402298
31.47,5.168521,90.171585,0.0037653577,0.046433017,13.402208
31.48,5.1684833,90.21222,0.0037919842,0.046735797,13.4021225
31.49,5.168445,90.2528,0.0038187169,0.047044657,13.402033
31.5,5.168407,90.29325,0.003845891,0.047354586,13.401949
31.51,5.1683726,90.33362,0.0038730847,0.047666356,13.401862
31.52,5.168335,90.373924,0.0039007608,0.04797984,13.401773
31.53,5.1682944,90.41413,0.0039284546,0.04829823,13.401686
31.54,5.1682606,90.45427,0.003956423,0.048617773,13.401597
31.55,5.1682234,90.49428,0.003984687,0.04894055,13.401506
31.56,5.168188,90.53424,0.0040125903,0.049264405,13.401416
31.57,5.1681495,90.5741,0.004041085,0.04959235,13.40133
31.58,5.168116,90.61393,0.0040696515,0.04992053,13.401244
31.59,5.1680803,90.6536,0.004098675,0.05025701,13.401154
31.6,5.168043,90.693214,0.004127484,0.050590098,13.401064
31.61,5.168006,90.73274,0.0041567297,0.05092838,13.400971
31.62,5.167972,90.7722,0.0041860337,0.051268756,13.400883
31.63,5.1679397,90.811554,0.0042156214,0.051609945,13.400792
31.64,5.167906,90.850845,0.0042453576,0.051956225,13.400702
31.65,5.167869,90.89004,0.004275133,0.052305114,13.400611
31.66,5.167836,90.92913,0.0043053045,0.052654896,13.400519
31.67,5.1678042,90.96813,0.004335556,0.053009085,13.400429
31.68,5.167769,91.00706,0.004365978,0.05336447,13.400339
31.69,5.167735,91.0459,0.0043967334,0.053720992,13.400246
31.7,5.1677017,91.084656,0.004427548,0.05408222,13.400157
31.71,5.1676702,91.12333,0.0044584568,0.054442436,13.400063
31.72,5.1676383,91.16191,0.0044898624,0.05481111,13.399974
31.73,5.1676035,91.20042,0.0045211734,0.055177964,13.39988
31.74,5.167573,91.238815,0.004552487,0.055547975,13.399791
31.75,5.167543,91.27714,0.004584204,0.055920646,13.399702
31.76,5.1675096,91.31536,0.0046162056,0.056297217,13.399612
31.77,5.1674805,91.35352,0.0046482803,0.056673862,13.399518
31.78,5.16745,91.39158,0.0046807304,0.057056114,13.3994255
31.79,5.167418,91.42955,0.0047131646,0.057438716,13.399334
31.8,5.167387,91.46743,0.004745624,0.05782445,13.399242
31.81,5.1673574,91.50526,0.0047785034,0.058211245,13.399147
31.82,5.167329,91.54296,0.0048114657,0.05860343,13.399051
31.83,5.167299,91.58059,0.0048444397,0.058994334,13.398962
31.84,5.1672688,91.61816,0.004877892,0.05939105,13.398868
31.85,5.167241,91.65561,0.004911224,0.059786484,13.398779
31.86,5.167212,91.69297,0.0049450123,0.060186133,13.39868
31.87,5.1671853,91.73025,0.004978849,0.060588457,13.398587
31.88,5.167155,91.76744,0.005012676,0.060994998,13.398497
31.89,5.167128,91.804565,0.0050467732,0.061401345,13.398399
31.9,5.1671014,91.84159,0.005081078,0.06181194,13.39831
31.91,5.167073,91.87852,0.0051154676,0.06222202,13.398215
31.92,5.1670465,91.91537,0.005150384,0.0626367,13.398121
31.93,5.1670194,91.95211,0.005185113,0.063055664,13.398028
31.94,5.1669946,91.98878,0.005220164,0.063474774,13.39793
31.95,5.1669664,92.0254,0.0052551827,0.06389469,13.397841
31.96,5.1669416,92.06189,0.0052905777,0.064320534,13.397746
31.97,5.166917,92.09832,0.0053257956,0.06474705,13.397647
31.98,5.166891,92.134636,0.0053614317,0.065172575,13.3975525
31.99,5.1668673,92.17086,0.005397364,0.06560554,13.397458
32.0,5.1668434,92.20702,0.005433177,0.06603901,13.397368
32.01,5.1668167,92.24308,0.005469472,0.06647527,13.39727
32.02,5.1667933,92.279045,0.005505542,0.06691411,13.397176
32.03,5.166769,92.31497,0.0055419686,0.06735288,13.397082
32.04,5.166748,92.35076,0.0055786725,0.06779742,13.39699
32.05,5.1667237,92.38648,0.005615103,0.06824039,13.3968935
32.06,5.1667013,92.42211,0.005652091,0.06868708,13.396798
32.07,5.166678,92.45766,0.005689354,0.06913729,13.396702
32.08,5.1666565,92.49313,0.0057262043,0.069587834,13.396607
32.09,5.166634,92.528496,0.005763611,0.07004321,13.396517
32.1,5.166612,92.56377,0.005801186,0.07049978,13.396416
32.11,5.1665926,92.598976,0.0058386945,0.0709596,13.396324
32.12,5.16657,92.63411,0.005876528,0.07141874,13.396228
32.13,5.1665516,92.66913,0.005914398,0.07188292,13.396137
32.14,5.16653,92.704056,0.005952401,0.07234762,13.396039
32.15,5.166508,92.73893,0.0059905536,0.072815426,13.395946
32.16,5.16649,92.7737,0.0060287127,0.07328247,13.395846
32.17,5.1664696,92.80838,0.006067326,0.073756374,13.395752
32.18,5.16645,92.84298,0.006105993,0.07422905,13.3956585
32.19,5.1664324,92.87745,0.00614455,0.074704275,13.39556
32.2,5.1664143,92.91191,0.006183558,0.07518489,13.395467
32.21,5.1663957,92.946236,0.006222696,0.07566302,13.395375
32.22,5.166381,92.98049,0.0062617827,0.076145925,13.395278
32.23,5.16636,93.01464,0.006301086,0.07663094,13.39518
32.24,5.1663423,93.04872,0.0063406457,0.07711747,13.395087
32.25,5.166327,93.08273,0.006380204,0.07760807,13.39499
32.26,5.16631,93.11664,0.0064197374,0.078099236,13.394896
32.27,5.166292,93.150444,0.006459694,0.07859016,13.394801
32.28,5.166277,93.18418,0.006499454,0.07908329,13.394707
32.29,5.1662617,93.21788,0.006539537,0.079581216,13.39461
32.3,5.166246,93.25142,0.0065798596,0.08008007,13.394515
32.31,5.16623,93.2849,0.0066199503,0.08058083,13.394422
32.32,5.166216,93.31831,0.0066604363,0.08108292,13.394323
32.33,5.166203,93.35161,0.0067013204,0.08159059,13.39423
32.34,5.166188,93.38485,0.0067417473,0.082097225,13.3941345
32.35,5.1661744,93.41798,0.0067826533,0.08260678,13.394036
32.36,5.166161,93.45104,0.00682353,0.083117224,13.393944
32.37,5.166146,93.48403,0.006864624,0.08363035,13.393847
32.38,5.166135,93.516945,0.0069058663,0.08414608,13.393752
32.39,5.1661215,93.54971,0.006947161,0.084662475,13.393659
32.4,5.166108,93.58246,0.0069884867,0.08518118,13.393563
32.41,5.1660967,93.61508,0.007029968,0.08570109,13.393467
32.42,5.166087,93.64764,0.0070716883,0.08622519,13.393373
32.43,5.1660743,93.68013,0.007113307,0.08674993,13.393279
32.44,5.1660633,93.712494,0.0071553155,0.087277055,13.393184
32.45,5.1660533,93.7448,0.007197178,0.08780578,13.393086
32.46,5.1660414,93.77703,0.007239169,0.08833388,13.39299
32.47,5.1660337,93.80916,0.0072811753,0.08886653,13.392899
32.48,5.1660213,93.841225,0.0073238015,0.08940009,13.392801
32.49,5.166013,93.87317,0.0073660365,0.08993735,13.392706
32.5,5.1660028,93.90509,0.0074085803,0.09047328,13.3926115
32.51,5.165995,93.93689,0.0074512996,0.09101516,13.392522
32.52,5.165985,93.96863,0.0074938512,0.09155581,13.392428
32.53,5.165977,94.000244,0.0075365882,0.09209727,13.392333
32.54,5.165969,94.03179,0.007579369,0.09264413,13.392237
32.55,5.165964,94.06325,0.007622426,0.093189634,13.392149
32.56,5.165955,94.09464,0.0076655764,0.093738645,13.392052
32.57,5.1659474,94.125984,0.007708844,0.094288215,13.391959
32.58,5.1659417,94.1572,0.007751896,0.094840534,13.391859
32.59,5.1659336,94.18836,0.0077953176,0.09539283,13.391769
32.6,5.165927,94.219376,0.007838613,0.095948204,13.391673
32.61,5.1659236,94.250374,0.007882354,0.096506976,13.391579
32.62,5.165917,94.28125,0.007925801,0.09706362,13.39149
32.63,5.165911,94.31211,0.007969623,0.09762433,13.391398
32.64,5.165909,94.34284,0.008013427,0.09818627,13.391301
32.65,5.1659036,94.37348,0.008057343,0.09875138,13.391208
32.66,5.165897,94.40405,0.0081011765,0.09931411,13.391117
32.67,5.165892,94.43455,0.008145086,0.09988238,13.391024
32.68,5.165889,94.46497,0.008189326,0.10045131,13.390934
32.69,5.1658874,94.49532,0.008233583,0.10102128,13.390839
32.7,5.1658826,94.52556,0.008277636,0.101592034,13.390748
32.71,5.165878,94.55573,0.008322052,0.102164485,13.390649
32.72,5.1658773,94.58582,0.008366747,0.10273981,13.390563
32.73,5.1658764,94.61581,0.00841126,0.10331676,13.390471
32.74,5.165875,94.64576,0.008455804,0.103895165,13.390382
32.75,5.1658716,94.67564,0.008500273,0.10447356,13.390289
32.76,5.1658697,94.70537,0.008544921,0.10505448,13.390196
32.77,5.1658688,94.73509,0.008589758,0.10563708,13.390105
32.78,5.1658673,94.76469,0.008634534,0.106218725,13.390014
32.79,5.165868,94.79422,0.008679577,0.10680513,13.389922
32.8,5.165868,94.82371,0.008724794,0.10739498,13.389836
32.81,5.1658664,94.85304,0.008769591,0.10798213,13.389745
32.82,5.1658688,94.88237,0.008814796,0.10857178,13.38965
32.83,5.1658688,94.911606,0.008859979,0.10916293,13.389561
32.84,5.1658697,94.94072,0.008905174,0.10975465,13.389467
32.85,5.165872,94.969795,0.0089503545,0.11034901,13.38938
32.86,5.1658726,94.99878,0.00899565,0.110943474,13.38929
32.87,5.165875,95.02769,0.009041205,0.111540124,13.389199
32.88,5.1658745,95.05653,0.009086598,0.11213836,13.3891115
32.89,5.1658773,95.085266,0.009132145,0.112736136,13.389019
32.9,5.165882,95.11398,0.009177713,0.113337815,13.388933
32.91,5.165884,95.142525,0.009223448,0.113939196,13.388842
32.92,5.1658883,95.17109,0.009269042,0.114543214,13.388754
32.93,5.16589,95.19953,0.00931479,0.11514798,13.388667
32.94,5.165895,95.2279,0.00936053,0.115752935,13.388575
32.95,5.1658964,95.25618,0.009406143,0.116359755,13.38849
32.96,5.1659017,95.28436,0.009451989,0.116969965,13.3884
32.97,5.165907,95.31255,0.009498303,0.117578745,13.388314
32.98,5.165911,95.34059,0.009544029,0.118191004,13.388223
32.99,5.165917,95.368576,0.009590056,0.11880359,13.388138
33.0,5.1659207,95.39652,0.009636309,0.11941647,13.388049
33.01,5.1659255,95.42433,0.009681983,0.120029494,13.387963
33.02,5.165934,95.452095,0.009728104,0.12064639,13.38788
33.03,5.1659393,95.47978,0.0097745545,0.121263094,13.387791
33.04,5.165946,95.50738,0.009820277,0.121880285,13.387706
33.05,5.165953,95.53494,0.00986673,0.122499466,13.387619
33.06,5.1659594,95.562386,0.009913055,0.123121366,13.387533
33.07,5.1659675,95.5898,0.009959455,0.12374255,13.387444
33.08,5.165975,95.617096,0.01000555,0.124365546,13.387358
33.09,5.165983,95.64431,0.010052165,0.12498949,13.387274
33.1,5.1659904,95.67149,0.010098398,0.12561381,13.387191
33.11,5.1659985,95.69853,0.0101449,0.12623848,13.387106
33.12,5.1660075,95.72558,0.010191143,0.12686682,13.387017
33.13,5.166017,95.75253,0.010237611,0.12749541,13.386938
33.14,5.166026,95.779396,0.010284229,0.12812322,13.386849
33.15,5.166034,95.80621,0.010330581,0.12875395,13.386766
33.16,5.1660447,95.83292,0.010377146,0.12938419,13.386683
33.17,5.1660523,95.859566,0.010423781,0.13001877,13.386597
33.18,5.1660643,95.88614,0.010470357,0.13065146,13.386518
33.19,5.166075,95.91264,0.0105168205,0.13128455,13.3864355
33.2,5.166087,95.93911,0.01056351,0.13192114,13.386352
33.21,5.1660967,95.96545,0.0106101865,0.13255623,13.386268
33.22,5.1661086,95.99176,0.010656599,0.13319269,13.386187
33.23,5.166117,96.01795,0.010703351,0.13383092,13.386102
33.24,5.16613,96.04413,0.010749876,0.13447192,13.386023
33.25,5.166141,96.07017,0.010796677,0.1351101,13.38594
33.26,5.166155,96.09615,0.010843478,0.13575085,13.385858
33.27,5.1661644,96.12213,0.010889964,0.13639194,13.385781
33.28,5.1661773,96.147964,0.010936731,0.1370351,13.385697
33.29,5.1661906,96.173775,0.010983268,0.13767745,13.38562
33.3,5.166203,96.19946,0.011030207,0.1383223,13.385538
33.31,5.166217,96.22516,0.011077024,0.13896821,13.385456
33.32,5.16623,96.25074,0.011123738,0.13961434,13.385376
33.33,5.1662426,96.27626,0.011170418,0.14026274,13.385296
33.34,5.1662583,96.30171,0.011217023,0.14090897,13.385223
33.35,5.1662717,96.32705,0.011263741,0.14155704,13.385141
33.36,5.1662874,96.352356,0.011310618,0.14220755,13.385059
33.37,5.1663027,96.37759,0.011357126,0.14285716,13.384985
33.38,5.1663146,96.402756,0.011403974,0.14350796,13.384904
33.39,5.1663313,96.42785,0.011450707,0.14415988,13.384828
33.4,5.166349,96.452896,0.011497358,0.14481178,13.384751
33.41,5.1663613,96.4778,0.01154415,0.14546421,13.384672
33.42,5.166378,96.50269,0.011590818,0.1461197,13.384593
33.43,5.1663914,96.52754,0.011637527,0.14677286,13.384518
33.44,5.166411,96.5523,0.011684109,0.1474275,13.384443
33.45,5.1664267,96.57699,0.011730671,0.14808357,13.384366
33.46,5.166444,96.60159,0.01177747,0.14874047,13.384289
33.47,5.16646,96.626144,0.011824109,0.14939861,13.384218
33.48,5.1664786,96.65065,0.011870713,0.15005463,13.384141
33.49,5.1664934,96.67505,0.011917463,0.15071484,13.384065
33.5,5.1665125,96.69941,0.011964207,0.15137327,13.383989
33.51,5.1665277,96.72369,0.012010675,0.15203357,13.383915
33.52,5.166548,96.74793,0.012057139,0.15269354,13.383841
33.53,5.166566,96.77205,0.012103871,0.15335643,13.383767
33.54,5.1665835,96.79615,0.01215035,0.15401763,13.383696
33.55,5.1666017,96.82015,0.012197153,0.15468013,13.383616
33.56,5.166621,96.8441,0.012243442,0.15534253,13.383544
33.57,5.1666403,96.86797,0.012289959,0.15600537,13.383471
33.58,5.166661,96.89181,0.012336403,0.15666956,13.383401
33.59,5.166679,96.91555,0.012382682,0.15733275,13.38333
33.6,5.1666985,96.93925,0.012429182,0.15799919,13.38326
33.61,5.1667194,96.9629,0.012475652,0.15866542,13.383189
33.62,5.166738,96.986465,0.012521812,0.1593312,13.383116
33.63,5.1667595,97.00995,0.012568298,0.15999976,13.383048
33.64,5.1667786,97.03335,0.01261452,0.16066423,13.382971
33.65,5.1667976,97.056755,0.012660952,0.16133188,13.382901
33.66,5.16682,97.08005,0.012707171,0.16200125,13.382832
33.67,5.1668396,97.10332,0.012753326,0.16266859,13.382763
33.68,5.1668606,97.12644,0.012799433,0.16333717,13.382693
33.69,5.1668854,97.14956,0.012845689,0.1640082,13.382624
33.7,5.166904,97.17264,0.012891938,0.16467848,13.382557
33.71,5.1669273,97.1956,0.012937817,0.16534752,13.382487
33.72,5.166947,97.218544,0.012983956,0.16602048,13.382421
33.73,5.1669683,97.24142,0.013029949,0.16669026,13.382349
33.74,5.1669927,97.264206,0.013076011,0.16736227,13.382282
33.75,5.167015,97.28697,0.013122049,0.16803506,13.382218
33.76,5.1670365,97.30959,0.013168113,0.16870582,13.382153
33.77,5.1670594,97.33222,0.013213877,0.16937864,13.382082
33.78,5.1670814,97.354774,0.0132594155,0.17005149,13.382019
33.79,5.167104,97.377266,0.0133051695,0.17072588,13.381953
33.8,5.16713,97.39973,0.013351132,0.17140014,13.381885
33.81,5.1671524,97.42206,0.013396734,0.1720731,13.381816
33.82,5.1671767,97.44435,0.0134425,0.1727486,13.381752
33.83,5.1672006,97.46661,0.0134880375,0.17342302,13.381689
33.84,5.1672263,97.48881,0.013533586,0.17409882,13.381627
33.85,5.1672473,97.51091,0.013579147,0.17477223,13.381563
33.86,5.167273,97.533005,0.0136246,0.17544824,13.3815
33.87,5.1672974,97.555,0.013670219,0.17612615,13.3814335
33.88,5.1673217,97.57694,0.013715609,0.17680135,13.381366
33.89,5.167347,97.5988,0.013760902,0.1774781,13.38131
33.9,5.167372,97.62065,0.013805862,0.17815426,13.381246
33.91,5.1673965,97.6424,0.013851113,0.1788316,13.381181
33.92,5.1674223,97.66407,0.01389654,0.17950827,13.38112
33.93,5.167449,97.68575,0.013941723,0.18018675,13.381062
33.94,5.167473,97.70732,0.013986717,0.1808641,13.380998
33.95,5.1675005,97.72886,0.014031443,0.1815424,13.380935
33.96,5.1675234,97.75033,0.01407658,0.18222043,13.380878
33.97,5.16755,97.77172,0.014121792,0.1829009,13.380817
33.98,5.1675777,97.79309,0.0141663775,0.18357834,13.380761
33.99,5.167605,97.814384,0.014211175,0.18425661,13.380697
34.0,5.1676307,97.83562,0.014256128,0.18493596,13.380636
34.01,5.16766,97.856766,0.014300829,0.18561414,13.380579
34.02,5.1676846,97.87792,0.014345408,0.18629378,13.380521
34.03,5.167712,97.89897,0.0143899815,0.1869732,13.380465
34.04,5.167739,97.91997,0.014434453,0.1876531,13.380406
34.05,5.1677685,97.940956,0.014479085,0.18833217,13.380349
34.06,5.1677947,97.961815,0.014523408,0.18901104,13.380291
34.07,5.167819,97.98262,0.014567794,0.18969196,13.380236
34.08,5.167848,98.00341,0.014611961,0.19037215,13.380175
34.09,5.1678777,98.024155,0.014656143,0.19105245,13.380118
34.1,5.167905,98.0448,0.014700336,0.19173196,13.380057
34.11,5.1679335,98.06539,0.014744565,0.19241276,13.380008
34.12,5.1679626,98.08593,0.014788503,0.19309296,13.379952
34.13,5.167991,98.10646,0.014832392,0.19377393,13.379898
34.14,5.1680193,98.12691,0.01487628,0.19445357,13.379842
34.15,5.1680493,98.14727,0.01492025,0.19513406,13.379786
34.16,5.1680775,98.16762,0.014963838,0.19581445,13.379733
34.17,5.1681056,98.18789,0.015007749,0.19649607,13.379677
34.18,5.168133,98.20809,0.015051242,0.19717588,13.379625
34.19,5.1681647,98.22825,0.015094752,0.1978566,13.379576
34.2,5.168193,98.24834,0.015138029,0.19853777,13.379522
34.21,5.168221,98.26844,0.015181727,0.19921897,13.379465
34.22,5.168254,98.28844,0.0152250435,0.1998992,13.379416
34.23,5.1682835,98.30838,0.015268296,0.20057991,13.379365
34.24,5.168312,98.328285,0.01531155,0.20126173,13.379314
34.25,5.1683426,98.34808,0.015354712,0.20194125,13.379264
34.26,5.168374,98.36788,0.015397765,0.20262247,13.37921
34.27,5.168402,98.38765,0.015440811,0.20330352,13.379163
34.28,5.1684346,98.40729,0.015483586,0.20398313,13.379115
34.29,5.168464,98.42693,0.015526504,0.20466372,13.379061
34.3,5.1684937,98.44651,0.015569347,0.20534454,13.379006
34.31,5.1685257,98.46601,0.015611973,0.2060258,13.378958
34.32,5.1685567,98.48551,0.0156543,0.20670465,13.378911
34.33,5.168587,98.50492,0.015697284,0.20738518,13.378864
34.34,5.1686196,98.52424,0.015739748,0.20806476,13.378815
34.35,5.1686487,98.54356,0.015782133,0.20874535,13.378763
34.36,5.1686807,98.56281,0.015824242,0.20942642,13.37872
34.37,5.1687117,98.58207,0.015866496,0.21010578,13.378673
34.38,5.1687436,98.60117,0.015908856,0.21078607,13.378626
34.39,5.1687756,98.620285,0.015950916,0.21146578,13.378578
34.4,5.1688075,98.63933,0.015992826,0.2121453,13.378533
34.41,5.168841,98.65835,0.016034944,0.21282613,13.378485
34.42,5.168872,98.677284,0.016076602,0.21350509,13.378442
34.43,5.168903,98.69619,0.016118325,0.21418312,13.378396
34.44,5.1689367,98.715004,0.016160034,0.21486187,13.378347
34.45,5.1689672,98.73383,0.016201468,0.21554169,13.37831
34.46,5.169002,98.75258,0.01624328,0.2162196,13.378261
34.47,5.1690335,98.771286,0.016284512,0.21689847,13.3782215
34.48,5.1690664,98.78991,0.016326087,0.21757731,13.378174
34.49,5.1691,98.80852,0.01636725,0.21825513,13.378129
34.5,5.1691337,98.827034,0.01640825,0.21893218,13.378091
34.51,5.1691666,98.84553,0.016449677,0.21961138,13.378043
34.52,5.1691995,98.86402,0.016490543,0.22028908,13.377998
34.53,5.169231,98.88239,0.01653144,0.22096533,13.377961
34.54,5.1692657,98.90074,0.016572446,0.22164321,13.377918
34.55,5.1692996,98.91904,0.016613184,0.22232217,13.377877
34.56,5.169332,98.93727,0.016653618,0.2229982,13.377836
34.57,5.1693635,98.95552,0.016694251,0.22367382,13.377796
34.58,5.1693974,98.973656,0.016734805,0.22435042,13.377755
34.59,5.1694326,98.99175,0.016775217,0.22502753,13.377716
34.6,5.169465,99.009796,0.016815644,0.22570199,13.377676
34.61,5.1695,99.02779,0.016855966,0.22637847,13.377635
34.62,5.169534,99.04576,0.016896036,0.22705424,13.3776
34.63,5.169568,99.06368,0.016936043,0.22773018,13.377557
34.64,5.1696014,99.08154,0.016976118,0.22840312,13.377522
34.65,5.169635,99.09934,0.017015941,0.22907922,13.377481
34.66,5.169668,99.11714,0.017055625,0.22975284,13.377446
34.67,5.169706,99.13484,0.017095566,0.23042762,13.377403
34.68,5.169738,99.152504,0.017134989,0.23110011,13.377366
34.69,5.169772,99.1701,0.017174687,0.23177403,13.377333
34.7,5.169809,99.1877,0.017214032,0.23244786,13.377294
34.71,5.169845,99.20523,0.01725341,0.23312101,13.377259
34.72,5.1698775,99.22275,0.017292723,0.23379317,13.377218
34.73,5.1699133,99.24019,0.017331876,0.2344656,13.377187
34.74,5.1699476,99.25756,0.01737111,0.23513931,13.3771515
34.75,5.1699815,99.27491,0.017409874,0.23580945,13.377114
34.76,5.1700177,99.29218,0.017449088,0.23648176,13.377079
34.77,5.170053,99.30946,0.01748767,0.23715317,13.377047
34.78,5.1700873,99.326706,0.017526593,0.23782372,13.3770075
34.79,5.170124,99.343834,0.017564947,0.23849437,13.376978
34.8,5.1701603,99.36098,0.017603531,0.23916349,13.376945
34.81,5.1701946,99.37804,0.017642163,0.23983437,13.376908
34.82,5.170231,99.39506,0.017680217,0.2405029,13.37688
34.83,5.1702642,99.41204,0.017718561,0.24117261,13.376849
34.84,5.1703014,99.428955,0.01775672,0.24184072,13.37681
34.85,5.170337,99.445854,0.017794872,0.24250934,13.376779
34.86,5.170373,99.46272,0.017832715,0.24317703,13.376751
34.87,5.170409,99.47953,0.017870719,0.2438451,13.376717
34.88,5.1704435,99.49627,0.017908614,0.24451262,13.376685
34.89,5.1704803,99.51301,0.017946023,0.24517953,13.376655
34.9,5.170517,99.52965,0.017983746,0.24584556,13.376624
34.91,5.1705527,99.546265,0.018021377,0.2465117,13.376595
34.92,5.1705894,99.56284,0.018058568,0.24717748,13.376565
34.93,5.1706243,99.57941,0.018095978,0.24784306,13.376539
34.94,5.170664,99.59588,0.01813324,0.24850777,13.376506
34.95,5.1706986,99.61236,0.018170225,0.24917182,13.376479
34.96,5.1707344,99.62878,0.018207295,0.24983615,13.376448
34.97,5.170772,99.64515,0.01824437,0.250501,13.376422
34.98,5.1708083,99.66145,0.01828111,0.2511651,13.376394
34.99,5.1708446,99.67772,0.018317794,0.2518271,13.376361
35.0,5.170881,99.694,0.018354371,0.25248846,13.37634
35.01,5.1709194,99.71017,0.018390987,0.2531515,13.37631
35.02,5.170956,99.7263,0.018427465,0.25381368,13.376285
35.03,5.1709914,99.74244,0.018463679,0.2544732,13.376259
35.04,5.1710277,99.75851,0.018500045,0.25513393,13.376229
35.05,5.171065,99.77452,0.018536184,0.25579616,13.376205
35.06,5.1711044,99.790504,0.018572133,0.25645518,13.376176
35.07,5.171139,99.80646,0.018608108,0.25711375,13.376155
35.08,5.171176,99.82237,0.018644173,0.25777304,13.376127
35.09,5.1712136,99.83822,0.01867991,0.2584317,13.376103
35.1,5.171251,99.85402,0.018715493,0.25908956,13.376077
35.11,5.1712923,99.86979,0.01875106,0.25974724,13.376057
35.12,5.1713247,99.88554,0.018786505,0.26040462,13.376031
35.13,5.1713624,99.90123,0.01882197,0.26106015,13.376006
35.14,5.1713996,99.91691,0.018857222,0.2617167,13.375983
35.15,5.1714377,99.93252,0.018892445,0.26237267,13.375961
35.16,5.1714773,99.9481,0.01892749,0.263028,13.375937
35.17,5.171511,99.963554,0.018962396,0.2636827,13.375918
35.18,5.171549,99.979065,0.018997442,0.2643371,13.375895
35.19,5.1715875,99.99456,0.019032128,0.26499125,13.375871
35.2,5.171625,100.00997,0.019066866,0.26564357,13.375851
35.21,5.1716633,100.02534,0.019101499,0.2662976,13.375829
35.22,5.1716995,100.04068,0.01913593,0.26694843,13.375809
35.23,5.1717396,100.055954,0.01917021,0.26760095,13.375784
35.24,5.171777,100.07121,0.01920447,0.2682526,13.375767
35.25,5.171814,100.0864,0.019238595,0.26890308,13.375745
35.26,5.171852,100.1016,0.01927263,0.2695534,13.375724
35.27,5.171889,100.11669,0.019306736,0.2702019,13.375699
35.28,5.1719284,100.131836,0.019340593,0.27085194,13.375681
35.29,5.171968,100.14688,0.019374534,0.27150044,13.375667
35.3,5.1720037,100.1619,0.01940803,0.27214837,13.375648
35.31,5.1720414,100.176865,0.01944178,0.27279618,13.375627
35.32,5.172082,100.19181,0.019475315,0.27344328,13.375616
35.33,5.172118,100.20674,0.019508705,0.27409002,13.375591
35.34,5.1721573,100.22154,0.019541932,0.2747363,13.375573
35.35,5.1721945,100.2364,0.019575043,0.27538106,13.375554
35.36,5.172234,100.2512,0.019608228,0.27602708,13.3755455
35.37,5.1722703,100.265915,0.019641278,0.27667052,13.375524
35.38,5.17231,100.280594,0.019674247,0.2773155,13.375505
35.39,5.172348,100.29529,0.019706873,0.27795652,13.375489
35.4,5.1723857,100.30991,0.019739669,0.27860096,13.375476
35.41,5.172424,100.32454,0.019772211,0.27924228,13.375459
35.42,5.1724634,100.33904,0.019804776,0.27988365,13.375442
35.43,5.1724997,100.353615,0.019837268,0.280526,13.375426
35.44,5.1725407,100.36807,0.019869529,0.2811645,13.375411
35.45,5.1725793,100.38251,0.019901708,0.28180566,13.375399
35.46,5.1726174,100.396935,0.019933911,0.28244436,13.37538
35.47,5.172655,100.41132,0.019965902,0.28308406,13.375367
35.48,5.172693,100.42563,0.01999774,0.28372177,13.375355
35.49,5.1727333,100.439964,0.020029427,0.28436,13.3753395
35.5,5.1727705,100.45421,0.020061154,0.28499657,13.375326
35.51,5.172808,100.468445,0.020092856,0.28563344,13.375316
35.52,5.1728477,100.4826,0.020124173,0.28626963,13.3752985
35.53,5.172886,100.49676,0.020155773,0.28690416,13.375284
35.54,5.1729274,100.51087,0.020187173,0.28753975,13.375273
35.55,5.1729665,100.52499,0.020218251,0.288174,13.375264
35.56,5.173003,100.53902,0.020249505,0.28880763,13.375251
35.57,5.1730413,100.553024,0.020280333,0.2894404,13.375238
35.58,5.1730804,100.56699,0.020311452,0.2900722,13.375227
35.59,5.1731224,100.58093,0.020342128,0.2907034,13.375215
35.6,5.173157,100.594826,0.020372946,0.2913348,13.375204
35.61,5.1731973,100.60871,0.020403393,0.29196614,13.375192
35.62,5.173236,100.622505,0.020433886,0.2925962,13.37518
35.63,5.1732755,100.63635,0.020464562,0.2932258,13.375173
35.64,5.1733136,100.65009,0.020494755,0.29385486,13.375161
35.65,5.1733537,100.663795,0.020524936,0.29448304,13.375152
35.66,5.173394,100.67749,0.020555113,0.2951107,13.375141
35.67,5.1734295,100.69113,0.020584976,0.29573616,13.375129
35.68,5.17347,100.70479,0.020615052,0.29636395,13.375125
35.69,5.1735096,100.71838,0.02064478,0.29698864,13.375115
35.7,5.173549,100.73192,0.020674577,0.29761365,13.375109
35.71,5.1735883,100.74545,0.020704273,0.29823807,13.375099
35.72,5.173627,100.75893,0.020733876,0.2988627,13.375092
35.73,5.173664,100.77236,0.020763015,0.2994855,13.375084
35.74,5.173704,100.78577,0.020792533,0.30010724,13.3750725
35.75,5.173742,100.799164,0.020821763,0.30073145,13.375066
35.76,5.1737814,100.81254,0.020850837,0.30135223,13.375057
35.77,5.173821,100.825836,0.020879883,0.30197218,13.3750515
35.78,5.17386,100.83912,0.020908957,0.302593,13.375044
35.79,5.173898,100.85236,0.020937772,0.303212,13.37504
35.8,5.1739388,100.86559,0.0209665,0.30383044,13.375032
35.81,5.1739745,100.87874,0.020995133,0.30444872,13.375028
35.82,5.174017,100.89191,0.021023784,0.30506632,13.375024
35.83,5.1740565,100.90501,0.021052107,0.30568326,13.375017
35.84,5.174095,100.91811,0.021080554,0.3062991,13.375012
35.85,5.174134,100.93112,0.021108963,0.3069151,13.375005
35.86,5.1741734,100.944145,0.021136928,0.3075297,13.374998
35.87,5.1742134,100.95717,0.02116499,0.30814382,13.374995
35.88,5.174252,100.97011,0.021192977,0.3087579,13.37499
35.89,5.1742897,100.98305,0.021220855,0.30937126,13.374988
35.9,5.1743293,100.995895,0.021248745,0.30998382,13.374981
35.91,5.1743693,101.00876,0.0212765,0.31059447,13.37498
35.92,5.17441,101.021576,0.02130394,0.31120533,13.374975
35.93,5.1744475,101.03441,0.021331482,0.31181568,13.374971
35.94,5.174486,101.04715,0.021358736,0.31242552,13.374971
35.95,5.1745243,101.059845,0.021386102,0.31303582,13.374966
35.96,5.174566,101.072556,0.021413535,0.3136439,13.374966
35.97,5.174605,101.085236,0.02144052,0.31425184,13.374965
35.98,5.1746426,101.09784,0.021467596,0.31485868,13.374961
35.99,5.174684,101.11047,0.021494392,0.31546617,13.374954
36.0,5.174722,101.12303,0.02152149,0.3160704,13.374957
36.01,5.1747613,101.135506,0.021548014,0.31667632,13.374955
36.02,5.1748,101.14802,0.021574661,0.31728026,13.374956
36.03,5.1748405,101.16055,0.021601247,0.31788373,13.374953
36.04,5.174879,101.17301,0.021627737,0.31848827,13.37495
36.05,5.174917,101.185394,0.02165401,0.31908947,13.37495
36.06,5.174957,101.19779,0.021680284,0.31969076,13.374953
36.07,5.1749954,101.21013,0.021706501,0.3202931,13.374952
36.08,5.175036,101.22246,0.021732505,0.3208919,13.3749485
36.09,5.1750746,101.234726,0.02175852,0.3214935,13.374951
36.1,5.1751127,101.24697,0.021784484,0.32209113,13.374949
36.11,5.1751523,101.25925,0.021810038,0.32268983,13.37495
36.12,5.175192,101.271416,0.021835867,0.32328746,13.374954
36.13,5.17523,101.2836,0.02186153,0.32388455,13.374953
36.14,5.175269,101.295715,0.021887066,0.32448244,13.374952
36.15,5.1753087,101.30784,0.021912444,0.32507727,13.374956
36.16,5.1753483,101.31989,0.021937814,0.32567158,13.374957
36.17,5.175389,101.33196,0.0219631,0.3262654,13.374959
36.18,5.1754255,101.34399,0.021988243,0.32686028,13.37496
36.19,5.175466,101.35594,0.022013173,0.32745203,13.374964
36.2,5.175505,101.36793,0.022038149,0.32804585,13.374965
36.21,5.1755443,101.379875,0.02206311,0.32863632,13.374967
36.22,5.175585,101.391754,0.02208808,0.3292278,13.37497
36.23,5.1756206,101.40363,0.022112522,0.32981798,13.374973
36.24,5.175658,101.415474,0.022137353,0.33040825,13.374973
36.25,5.175699,101.427315,0.022161711,0.33099645,13.374983
36.26,5.175739,101.43907,0.022185972,0.3315839,13.374986
36.27,5.1757812,101.45083,0.02221056,0.33217233,13.374986
36.28,5.1758165,101.46256,0.02223472,0.33275777,13.3749895
36.29,5.175856,101.47426,0.022258863,0.3333439,13.374996
36.3,5.1758947,101.48592,0.022282895,0.33392972,13.375001
36.31,5.175934,101.49761,0.02230674,0.33451432,13.375001
36.32,5.175973,101.50916,0.022330645,0.3350991,13.375011
36.33,5.1760106,101.52077,0.022354448,0.3356825,13.375014
36.34,5.1760507,101.53229,0.022378385,0.33626416,13.375021
36.35,5.1760883,101.543816,0.022401828,0.3368461,13.375025
36.36,5.176131,101.55534,0.022425175,0.33742782,13.375032
36.37,5.17617,101.56681,0.022448828,0.33800805,13.375034
36.38,5.176207,101.57826,0.022472054,0.33858815,13.37504
36.39,5.176245,101.58964,0.022495378,0.3391675,13.375045
36.4,5.1762877,101.60107,0.022518653,0.33974472,13.375051
36.41,5.1763244,101.61243,0.022541497,0.340323,13.375061
36.42,5.176363,101.623726,0.022564687,0.3409,13.375069
36.43,5.1764,101.635056,0.022587512,0.3414766,13.375073
36.44,5.1764407,101.646355,0.022610277,0.34205163,13.37508
36.45,5.1764793,101.65758,0.022633068,0.34262758,13.375085
36.46,5.1765194,101.668785,0.022655606,0.34320104,13.375092
36.47,5.176557,101.68,0.022678364,0.34377447,13.375102
36.48,5.1765947,101.69115,0.022700846,0.34434703,13.375107
36.49,5.1766353,101.70231,0.022723135,0.34492093,13.3751135
36.5,5.1766744,101.71341,0.022745285,0.34549093,13.37512
36.51,5.176712,101.72451,0.022767749,0.3460615,13.3751335
36.52,5.1767507,101.735565,0.022789728,0.34663197,13.375139
36.53,5.17679,101.74658,0.022811832,0.34720212,13.37515
36.54,5.1768274,101.757576,0.022833662,0.34776935,13.375158
36.55,5.1768656,101.76859,0.022855688,0.34833783,13.375163
36.56,5.1769056,101.779526,0.022877436,0.3489051,13.375177
36.57,5.1769443,101.790436,0.022899136,0.3494718,13.375184
36.58,5.176983,101.80135,0.022920761,0.35003737,13.375197
36.59,5.17702,101.81221,0.022942184,0.35060254,13.375207
36.6,5.177061,101.82308,0.022963624,0.35116604,13.375214
36.61,5.1770983,101.83389,0.022985222,0.35173067,13.375223
36.62,5.1771383,101.84469,0.023006227,0.35229316,13.375232
36.63,5.177176,101.85546,0.023027379,0.35285592,13.375246
36.64,5.1772156,101.86619,0.02304869,0.35341677,13.375256
36.65,5.1772513,101.876915,0.023069728,0.35397804,13.37526
36.66,5.1772904,101.88761,0.023090571,0.35453725,13.375275
36.67,5.17733,101.89824,0.023111498,0.35509625,13.375288
36.68,5.1773667,101.90892,0.023132216,0.35565695,13.375298
36.69,5.1774077,101.919525,0.023153048,0.35621464,13.375307
36.7,5.177444,101.930115,0.02317348,0.3567717,13.375318
36.71,5.1774845,101.94068,0.023194063,0.35732776,13.375331
36.72,5.1775236,101.951225,0.02321444,0.3578841,13.375339
36.73,5.177561,101.96174,0.02323494,0.35843962,13.375352
36.74,5.177597,101.97222,0.023255117,0.3589934,13.3753605
36.75,5.1776357,101.98266,0.023275308,0.3595473,13.375375
36.76,5.1776752,101.99312,0.023295587,0.36010033,13.375386
36.77,5.177716,102.003525,0.023315508,0.36065283,13.375401
36.78,5.1777515,102.01394,0.023335371,0.36120436,13.375412
36.79,5.1777906,102.0243,0.023355447,0.361755,13.375426
36.8,5.1778283,102.03465,0.023375247,0.36230442,13.37544
36.81,5.1778665,102.044975,0.023395155,0.3628553,13.37545
36.82,5.1779046,102.05524,0.023414688,0.36340362,13.375461
36.83,5.1779437,102.065506,0.023434166,0.3639517,13.375478
36.84,5.17798,102.07576,0.023453664,0.36449894,13.375487
36.85,5.178019,102.08594,0.023473095,0.3650445,13.375506
36.86,5.178057,102.096146,0.023492362,0.3655908,13.375516
36.87,5.1780953,102.10634,0.023511747,0.3661372,13.375532
36.88,5.1781316,102.11645,0.02353081,0.36668068,13.375544
36.89,5.178172,102.126595,0.023549937,0.36722517,13.375555
36.9,5.1782107,102.136665,0.023568936,0.367769,13.375572
36.91,5.178247,102.14673,0.023587853,0.3683102,13.3755865
36.92,5.1782856,102.15679,0.02360696,0.36885253,13.375601
36.93,5.178323,102.166824,0.02362564,0.3693926,13.375617
36.94,5.1783586,102.1768,0.023644347,0.36993378,13.375628
36.95,5.1783996,102.18681,0.023663001,0.37047303,13.3756485
36.96,5.1784368,102.19679,0.023681473,0.37101245,13.375662
36.97,5.1784744,102.20667,0.02369995,0.37154993,13.375674
36.98,5.1785126,102.21661,0.023718476,0.37208703,13.375689
36.99,5.1785493,102.22643,0.023736626,0.37262398,13.375706
37.0,5.178588,102.23635,0.023754897,0.37316012,13.375718
37.01,5.1786256,102.24616,0.02377315,0.37369445,13.375738
37.02,5.1786623,102.25598,0.023791159,0.37422878,13.3757515
37.03,5.1786995,102.26579,0.023809172,0.37476346,13.375768
37.04,5.17874,102.27552,0.023827296,0.37529743,13.375784
37.05,5.178776,102.28526,0.0238451,0.37582907,13.375799
37.06,5.178813,102.29498,0.02386288,0.37636042,13.375814
37.07,5.178849,102.30471,0.023880705,0.3768922,13.375832
37.08,5.1788883,102.31439,0.023898471,0.37742317,13.375849
37.09,5.1789284,102.32399,0.023916136,0.37795198,13.375869
37.1,5.178965,102.33363,0.023933593,0.37848014,13.375882
37.11,5.1790013,102.34327,0.023950756,0.3790092,13.375904
37.12,5.179039,102.35283,0.023968343,0.3795363,13.37592
37.13,5.1790757,102.36245,0.023985554,0.38006383,13.375937
37.14,5.179114,102.37196,0.024002727,0.38058966,13.375953
37.15,5.179152,102.38149,0.024019914,0.38111448,13.37597
37.16,5.179188,102.39096,0.024037,0.38163927,13.375987
37.17,5.179225,102.40042,0.024054047,0.38216326,13.376005
37.18,5.1792617,102.40989,0.024070878,0.38268647,13.376025
37.19,5.179299,102.41931,0.024087792,0.38320956,13.376039
37.2,5.179337,102.42872,0.024104744,0.38373148,13.376059
37.21,5.1793733,102.4381,0.024121381,0.3842528,13.376075
37.22,5.179411,102.44747,0.024138153,0.3847727,13.376092
37.23,5.1794486,102.456795,0.024154648,0.38529247,13.37611
37.24,5.179485,102.46615,0.024171196,0.38581088,13.37613
37.25,5.1795225,102.475426,0.024187505,0.38632926,13.376151
37.26,5.1795588,102.48474,0.02420409,0.38684782,13.37617
37.27,5.179596,102.49397,0.024220277,0.3873646,13.376189
37.28,5.179632,102.50322,0.024236564,0.3878805,13.376205
37.29,5.1796694,102.51241,0.024252746,0.38839573,13.376223
37.3,5.17971,102.521576,0.024268776,0.38890982,13.3762455
37.31,5.179744,102.53077,0.024284858,0.389424,13.376264
37.32,5.179783,102.5399,0.024300897,0.38993898,13.376285
37.33,5.179817,102.54905,0.024316784,0.39045078,13.376304
37.34,5.1798553,102.55812,0.024332544,0.39096168,13.37632
37.35,5.1798925,102.56724,0.024348408,0.3914735,13.376341
37.36,5.1799283,102.576294,0.024364054,0.39198405,13.376364
37.37,5.179966,102.585335,0.024379812,0.39249387,13.376384
37.38,5.1800017,102.59433,0.024395175,0.39300367,13.376406
37.39,5.1800385,102.603386,0.024410816,0.39351276,13.376423
37.4,5.180075,102.61233,0.024426173,0.39401925,13.376442
37.41,5.1801114,102.62129,0.024441667,0.39452738,13.376464
37.42,5.1801476,102.63022,0.02445693,0.39503345,13.376483
37.43,5.180184,102.63916,0.024472227,0.39553893,13.376509
37.44,5.1802225,102.648056,0.024487313,0.3960439,13.376524
37.45,5.180257,102.656906,0.02450262,0.39654878,13.376546
37.46,5.1802936,102.66577,0.02451744,0.3970512,13.376568
37.47,5.1803303,102.67461,0.024532516,0.39755452,13.376587
37.48,5.1803656,102.68345,0.024547357,0.3980565,13.376607
37.49,5.1804028,102.69223,0.02456231,0.3985583,13.376632
37.5,5.1804395,102.70098,0.024577059,0.39905918,13.376648
37.51,5.1804743,102.70978,0.024591662,0.39955905,13.376674
37.52,5.1805115,102.7185,0.024606455,0.40005943,13.376698
37.53,5.1805477,102.72721,0.02462118,0.40055782,13.376716
37.54,5.180585,102.73591,0.024635678,0.4010554,13.376739
37.55,5.1806207,102.744576,0.024650127,0.40155357,13.376757
37.56,5.1806545,102.75324,0.024664639,0.4020486,13.376784
37.57,5.1806912,102.76189,0.024678985,0.4025453,13.376803
37.58,5.1807294,102.77048,0.024693135,0.40304074,13.376824
37.59,5.180763,102.77906,0.02470737,0.4035354,13.376846
37.6,5.1808033,102.78767,0.024721593,0.40402865,13.37687
37.61,5.1808376,102.79623,0.024735657,0.40452245,13.376888
37.62,5.1808715,102.80475,0.024749666,0.40501446,13.376917
37.63,5.180908,102.813286,0.024763767,0.40550667,13.376933
37.64,5.180945,102.821754,0.024777595,0.40599796,13.376957
37.65,5.1809807,102.830246,0.024791341,0.40648738,13.376981
37.66,5.181017,102.8387,0.024805373,0.40697876,13.377003
37.67,5.181049,102.84717,0.024819123,0.40746677,13.377023
37.68,5.181087,102.85553,0.024832826,0.40795586,13.37705
37.69,5.1811233,102.863976,0.024846356,0.40844354,13.377072
37.7,5.181158,102.87235,0.02485995,0.4089306,13.377095
37.71,5.1811934,102.88074,0.024873335,0.40941653,13.377123
37.72,5.1812296,102.88907,0.024886865,0.4099024,13.377142
37.73,5.1812644,102.8974,0.024900263,0.4103877,13.37717
37.74,5.1812997,102.905716,0.024913475,0.41087097,13.3771925
37.75,5.1813335,102.914,0.02492677,0.41135505,13.377214
37.76,5.181372,102.922226,0.024940144,0.41183892,13.377235
37.77,5.181407,102.93049,0.024953086,0.41232073,13.377261
37.78,5.181442,102.938736,0.02496628,0.41280204,13.377288
37.79,5.1814756,102.94694,0.024979442,0.41328335,13.377312
37.8,5.181514,102.955124,0.024992364,0.41376367,13.377332
37.81,5.181546,102.96332,0.025005374,0.41424337,13.377356
37.82,5.1815844,102.97149,0.0250182,0.4147225,13.377377
37.83,5.1816177,102.97966,0.025031075,0.4152005,13.377403
37.84,5.1816535,102.98773,0.025043692,0.41567847,13.377431
37.85,5.18169,102.99586,0.025056446,0.41615462,13.377452
37.86,5.181723,103.003944,0.025069134,0.41662976,13.377481
37.87,5.1817594,103.01205,0.0250818,0.4171053,13.377505
37.88,5.1817946,103.02005,0.0250942,0.41758057,13.377531
37.89,5.1818295,103.02812,0.025106866,0.41805485,13.377554
37.9,5.1818666,103.0361,0.025119115,0.41852805,13.377577
37.91,5.181899,103.04408,0.025131434,0.41900137,13.377604
37.92,5.1819353,103.05203,0.025143862,0.41947228,13.377624
37.93,5.181969,103.060036,0.025156077,0.41994488,13.377655
37.94,5.1820045,103.06795,0.025168473,0.4204161,13.377678
37.95,5.1820393,103.07591,0.025180425,0.42088595,13.377706
37.96,5.1820745,103.08379,0.025192605,0.42135507,13.377726
37.97,5.1821074,103.09168,0.025204698,0.4218237,13.377753
37.98,5.182143,103.09953,0.025216801,0.42229143,13.377778
37.99,5.182179,103.1074,0.025228564,0.42275947,13.377804
38.0,5.182212,103.115234,0.025240675,0.42322582,13.37783
38.01,5.1822476,103.12309,0.02525244,0.423692,13.377853
38.02,5.182283,103.13087,0.025264218,0.42415822,13.377884
38.03,5.1823153,103.13864,0.025276033,0.42462194,13.377909
38.04,5.18235,103.14641,0.025287718,0.4250867,13.3779335
38.05,5.182386,103.154144,0.025299393,0.42555007,13.377958
38.06,5.1824183,103.16185,0.025310773,0.42601243,13.377981
38.07,5.182453,103.1696,0.025322434,0.42647502,13.378007
38.08,5.1824865,103.177284,0.025333878,0.42693666,13.378032
38.09,5.1825237,103.18497,0.025345344,0.4273969,13.378062
38.1,5.182558,103.192635,0.025356762,0.4278575,13.37809
38.11,5.182592,103.200264,0.025368068,0.4283168,13.3781185
38.12,5.182626,103.20788,0.025379434,0.42877546,13.378141
38.13,5.1826587,103.215485,0.02539038,0.42923343,13.378166
38.14,5.182694,103.223114,0.02540182,0.42969114,13.378195
38.15,5.182727,103.23072,0.02541295,0.43014804,13.37822
38.16,5.182762,103.23825,0.02542403,0.43060368,13.378247
38.17,5.1827955,103.24577,0.025435211,0.43105933,13.378274
38.18,5.1828313,103.253334,0.025446141,0.431514,13.378303
38.19,5.1828647,103.26081,0.025457006,0.43196926,13.378329
38.2,5.182898,103.26833,0.025467668,0.43242222,13.378354
38.21,5.1829305,103.27574,0.025478773,0.4328747,13.378382
38.22,5.1829658,103.283264,0.025489382,0.43332735,13.378406
38.23,5.182999,103.290695,0.025500081,0.43377918,13.378433
38.24,5.183034,103.29811,0.02551103,0.4342313,13.378464
38.25,5.183068,103.30553,0.02552161,0.43468007,13.3784895
38.26,5.1830993,103.31295,0.025532268,0.43513012,13.378512
38.27,5.183134,103.32028,0.025542751,0.43557966,13.378542
38.28,5.183169,103.32767,0.025553547,0.4360283,13.378571
38.29,5.183202,103.33503,0.025563922,0.43647465,13.378593
38.3,5.183236,103.34236,0.025574252,0.4369227,13.378622
38.31,5.18327,103.349655,0.025584549,0.43736917,13.378654
38.32,5.183302,103.35697,0.025595153,0.4378151,13.378679
38.33,5.1833367,103.364296,0.025605379,0.43826035,13.378705
38.34,5.183372,103.3715,0.025615562,0.4387042,13.378736
38.35,5.1834025,103.37878,0.025625793,0.43914872,13.378758
38.36,5.183438,103.386024,0.025635768,0.43959206,13.378791
38.37,5.18347,103.393234,0.025645982,0.44003516,13.378816
38.38,5.1835036,103.4004,0.025656302,0.44047686,13.378842
38.39,5.183536,103.40759,0.025666347,0.44091755,13.378869
38.4,5.1835694,103.41477,0.025676087,0.44135842,13.378902
38.41,5.1836023,103.421936,0.025685932,0.44179785,13.378926
38.42,5.183637,103.42903,0.025696121,0.44223747,13.378954
38.43,5.183669,103.43617,0.02570569,0.442677,13.378986
38.44,5.183702,103.443306,0.025715817,0.4431145,13.379013
38.45,5.183735,103.45038,0.025725268,0.44355264,13.379039
38.46,5.1837697,103.45745,0.025735028,0.44398937,13.379072
38.47,5.183802,103.46451,0.025744759,0.44442582,13.379096
38.48,5.183833,103.47159,0.025754407,0.44486174,13.379125
38.49,5.183865,103.47859,0.025763862,0.44529575,13.379154
38.5,5.183901,103.48561,0.025773462,0.44572982,13.37918
38.51,5.1839333,103.4926,0.025783092,0.4461638,13.379211
38.52,5.1839666,103.49958,0.025792643,0.44659686,13.37924
38.53,5.184,103.50656,0.025801972,0.44702932,13.37927
38.54,5.184031,103.51354,0.025811413,0.4474616,13.379296
38.55,5.184064,103.520485,0.025820654,0.4478922,13.379325
38.56,5.184098,103.527374,0.025830049,0.44832265,13.379354
38.57,5.18413,103.534294,0.025839128,0.44875336,13.379382
38.58,5.184161,103.54123,0.025848448,0.44918263,13.37941
38.59,5.1841946,103.54807,0.025857523,0.4496116,13.379438
38.6,5.1842265,103.55493,0.025866713,0.450039,13.379471
38.61,5.184261,103.5618,0.025875848,0.45046696,13.3794985
38.62,5.184293,103.56863,0.025884923,0.45089325,13.379524
38.63,5.1843224,103.575455,0.025894042,0.4513196,13.379554
38.64,5.184356,103.58225,0.02590296,0.45174563,13.379584
38.65,5.1843886,103.58905,0.025911815,0.45216966,13.379613
38.66,5.184423,103.59579,0.025920715,0.4525947,13.379644
38.67,5.1844535,103.60256,0.02592973,0.4530182,13.379674
38.68,5.184485,103.60936,0.025938481,0.45344213,13.379697
38.69,5.184519,103.61606,0.02594751,0.45386538,13.379736
38.7,5.1845517,103.62277,0.025956023,0.45428628,13.379762
38.71,5.1845837,103.629486,0.025964767,0.45470747,13.379787
38.72,5.184612,103.636185,0.02597326,0.45512855,13.37982
38.73,5.1846457,103.64284,0.025982067,0.45554778,13.379847
38.74,5.1846805,103.64951,0.025990643,0.45596793,13.37988
38.75,5.1847105,103.65615,0.025999438,0.45638624,13.379905
38.76,5.1847425,103.6628,0.026007745,0.45680395,13.379935
38.77,5.1847715,103.66941,0.026016356,0.4572222,13.379971
38.78,5.1848063,103.675964,0.026024746,0.45763987,13.379996
38.79,5.1848373,103.682594,0.026033211,0.45805568,13.380021
38.8,5.18487,103.68919,0.026041558,0.4584718,13.380053
38.81,5.184902,103.69571,0.02604994,0.45888722,13.380083
38.82,5.184934,103.702255,0.026058275,0.45930102,13.380113
38.83,5.1849637,103.708824,0.026066346,0.45971528,13.380142
38.84,5.1849976,103.71532,0.026074708,0.46012893,13.380173
38.85,5.1850305,103.72181,0.0260829,0.46054146,13.3802
38.86,5.1850605,103.72833,0.026090987,0.46095395,13.380231
38.87,5.1850905,103.7348,0.026099224,0.46136516,13.380259
38.88,5.185123,103.741264,0.026107349,0.4617767,13.380292
38.89,5.185155,103.74771,0.026115447,0.46218643,13.3803215
38.9,5.185185,103.75415,0.026123494,0.46259663,13.38035
38.91,5.185219,103.76059,0.026131451,0.4630056,13.380383
38.92,5.1852517,103.766975,0.02613929,0.46341464,13.38041
38.93,5.185281,103.77334,0.0261474,0.46382248,13.380438
38.94,5.1853113,103.779724,0.026155308,0.46423036,13.380472
38.95,5.185343,103.786125,0.026163304,0.4646369,13.380502
38.96,5.1853733,103.79249,0.026170988,0.46504307,13.380531
38.97,5.185406,103.79883,0.026178787,0.46544793,13.380561
38.98,5.1854367,103.80513,0.026186492,0.46585324,13.380591
38.99,5.1854687,103.81148,0.026194435,0.46625793,13.380621
39.0,5.1854973,103.81775,0.026201975,0.46666214,13.380653
39.01,5.1855283,103.824036,0.026209649,0.46706507,13.380683
39.02,5.1855626,103.8303,0.026217278,0.46746716,13.380711
39.03,5.185591,103.83661,0.02622503,0.4678698,13.380743
39.04,5.1856227,103.84281,0.026232485,0.46827048,13.380773
39.05,5.185654,103.84903,0.026239865,0.4686713,13.380805
39.06,5.1856847,103.85529,0.026247535,0.46907243,13.380836
39.07,5.1857147,103.861465,0.02625497,0.46947217,13.380865
39.08,5.185747,103.86768,0.026262425,0.4698709,13.380892
39.09,5.185778,103.87387,0.026269792,0.47027025,13.380926
39.1,5.1858106,103.880005,0.026277084,0.47066855,13.380957
39.11,5.1858416,103.88617,0.026284507,0.4710651,13.380984
39.12,5.185868,103.89232,0.026291952,0.47146145,13.381017
39.13,5.185901,103.89846,0.02629916,0.47185785,13.381047
39.14,5.1859303,103.904564,0.026306294,0.47225398,13.381078
39.15,5.185962,103.91062,0.026313728,0.47264957,13.381105
39.16,5.1859927,103.91677,0.02632089,0.47304365,13.381138
39.17,5.1860213,103.92284,0.026327934,0.4734372,13.381171
39.18,5.1860533,103.928925,0.026335176,0.47383085,13.381198
39.19,5.1860824,103.93497,0.026342127,0.47422418,13.38123
39.2,5.1861143,103.94096,0.026349224,0.4746158,13.381259
39.21,5.186144,103.94701,0.026356343,0.475008,13.38129
39.22,5.186176,103.95304,0.026363395,0.47539887,13.38132
39.23,5.1862054,103.959045,0.026370546,0.47578984,13.381354
39.24,5.1862354,103.96502,0.026377413,0.47617915,13.381386
39.25,5.1862655,103.971,0.026384242,0.4765679,13.381417
39.26,5.1862936,103.97696,0.026391119,0.47695705,13.381444
39.27,5.186328,103.9829,0.026398037,0.47734556,13.381477
39.28,5.1863556,103.98884,0.026404748,0.47773278,13.381507
39.29,5.186387,103.99476,0.02641175,0.47812054,13.3815365
39.3,5.1864147,104.00066,0.026418485,0.47850707,13.381569
39.31,5.1864448,104.00659,0.026425306,0.4788924,13.381602
39.32,5.1864743,104.01249,0.026432037,0.4792777,13.381632
39.33,5.186505,104.01834,0.026438687,0.47966212,13.3816595
39.34,5.186538,104.0242,0.02644524,0.4800465,13.381691
39.35,5.186565,104.03006,0.02645205,0.48043057,13.381723
39.36,5.1865945,104.035904,0.026458688,0.48081362,13.381754
39.37,5.186625,104.04173,0.02646527,0.48119593,13.381788
39.38,5.1866565,104.04756,0.026472004,0.48157862,13.381818
39.39,5.186684,104.053375,0.026478589,0.48196036,13.3818445
39.4,5.186713,104.059135,0.026485115,0.48234102,13.381881
39.41,5.1867466,104.06494,0.026491549,0.482722,13.381913
39.42,5.186773,104.07069,0.026498113,0.4831011,13.381942
39.43,5.1868043,104.076454,0.026504358,0.48348016,13.381971
39.44,5.186834,104.082214,0.026510833,0.48385912,13.382004
39.45,5.186863,104.08794,0.026517218,0.48423755,13.382028
39.46,5.186892,104.09367,0.026523653,0.48461455,13.382063
39.47,5.186922,104.09936,0.026530143,0.48499152,13.382093
39.48,5.1869526,104.105064,0.026536213,0.48536822,13.382127
39.49,5.1869817,104.11074,0.026542604,0.4857438,13.382158
39.5,5.18701,104.116425,0.02654874,0.48611984,13.382188
39.51,5.1870403,104.12207,0.026555084,0.48649403,13.38222
39.52,5.1870685,104.12768,0.02656145,0.48686823,13.382251
39.53,5.187097,104.13336,0.026567573,0.48724225,13.382283
39.54,5.187125,104.13897,0.026573736,0.48761547,13.382314
39.55,5.1871567,104.14459,0.026579887,0.48798865,13.382344
39.56,5.1871877,104.15018,0.026585989,0.4883605,13.382379
39.57,5.1872134,104.15579,0.026592191,0.4887321,13.382407
39.58,5.1872435,104.161385,0.026598305,0.4891032,13.38244
39.59,5.187272,104.16694,0.02660431,0.48947328,13.382469
39.6,5.187302,104.17251,0.026610337,0.48984358,13.3825
39.61,5.1873317,104.17803,0.026616175,0.49021238,13.382533
39.62,5.1873593,104.18357,0.02662246,0.49058124,13.382561
39.63,5.1873865,104.1891,0.026628353,0.49094978,13.382597
39.64,5.1874185,104.19458,0.026634298,0.49131757,13.3826275
39.65,5.187447,104.2001,0.026640022,0.4916844,13.382659
39.66,5.1874766,104.20559,0.02664611,0.4920516,13.382686
39.67,5.187503,104.211044,0.02665176,0.49241754,13.382726
39.68,5.1875315,104.21653,0.0266577,0.49278283,13.382752
39.69,5.187563,104.22198,0.026663631,0.49314818,13.382783
39.7,5.1875906,104.2274,0.026669439,0.49351284,13.382817
39.71,5.187619,104.232864,0.026675183,0.49387679,13.38285
39.72,5.187647,104.23829,0.026680939,0.49424055,13.382875
39.73,5.187676,104.24369,0.026686676,0.49460337,13.382908
39.74,5.1877046,104.249115,0.026692513,0.49496582,13.382943
39.75,5.187733,104.254486,0.026698105,0.49532837,13.382971
39.76,5.1877627,104.2599,0.026703686,0.49568957,13.383002
39.77,5.1877904,104.26522,0.026709383,0.49604982,13.383033
39.78,5.187818,104.27057,0.02671514,0.4964101,13.383066
39.79,5.1878467,104.27592,0.026720544,0.49677038,13.383094
39.8,5.1878753,104.28126,0.026726153,0.49712956,13.383132
39.81,5.187903,104.2866,0.026731823,0.49748814,13.3831625
39.82,5.1879306,104.29188,0.026737377,0.49784723,13.383188
39.83,5.1879582,104.297195,0.026742999,0.4982046,13.383222
39.84,5.1879888,104.30246,0.026748713,0.4985611,13.383251
39.85,5.1880183,104.30776,0.026753902,0.49891794,13.383288
39.86,5.188042,104.313,0.026759375,0.4992741,13.383319
39.87,5.1880717,104.31827,0.026764765,0.49963018,13.38335
39.88,5.1881013,104.32355,0.026770424,0.4999854,13.383379
39.89,5.1881275,104.32875,0.026775744,0.50033945,13.383411
39.9,5.188157,104.33397,0.026781142,0.50069284,13.383443
39.91,5.188186,104.3392,0.026786692,0.5010472,13.383475
39.92,5.188213,104.344406,0.026791783,0.5014003,13.383502
39.93,5.1882424,104.34962,0.026797246,0.5017531,13.383537
39.94,5.18827,104.35482,0.026802568,0.5021053,13.383566
39.95,5.1882973,104.35994,0.026807904,0.5024568,13.383599
39.96,5.1883254,104.36515,0.026813168,0.5028074,13.383628
39.97,5.1883516,104.37029,0.026818551,0.50315815,13.383662
39.98,5.1883807,104.37541,0.02682374,0.5035075,13.383695
39.99,5.1884084,104.38057,0.026828982,0.50385743,13.383727
40.0,5.188435,104.385666,0.026834145,0.50420624,13.383755
40.01,5.188464,104.390785,0.02683937,0.5045544,13.383788
40.02,5.188492,104.39589,0.026844624,0.50490344,13.383824
40.03,5.188518,104.400986,0.026849601,0.5052495,13.383854
40.04,5.188546,104.40606,0.026854737,0.5055974,13.383888
40.05,5.188574,104.41112,0.026859999,0.5059438,13.383912
40.06,5.1886024,104.41621,0.026865061,0.5062896,13.383945
40.07,5.1886277,104.421234,0.026869934,0.5066347,13.38398
40.08,5.188657,104.426285,0.026875105,0.5069799,13.384008
40.09,5.1886835,104.43129,0.026880268,0.5073238,13.38404
40.1,5.188711,104.436325,0.026885217,0.5076683,13.384072
40.11,5.1887383,104.44132,0.026890289,0.50801104,13.384102
40.12,5.188765,104.44633,0.026895378,0.5083542,13.384135
40.13,5.1887918,104.45134,0.026900325,0.50869745,13.384167
40.14,5.1888204,104.45633,0.026905386,0.5090391,13.384195
40.15,5.188847,104.46124,0.026910324,0.5093804,13.384229
40.16,5.1888742,104.4662,0.0269152,0.5097206,13.384261
40.17,5.188904,104.47116,0.026920013,0.51006114,13.384296
40.18,5.188929,104.47606,0.026924979,0.5104022,13.384323
40.19,5.188957,104.48103,0.026929941,0.51074135,13.384355
40.2,5.188983,104.48594,0.026934769,0.51107997,13.384389
40.21,5.1890116,104.49087,0.026939675,0.5114184,13.384419
40.22,5.189038,104.49574,0.026944662,0.51175594,13.384449
40.23,5.189065,104.500656,0.026949435,0.51209444,13.384482
40.24,5.189091,104.50554,0.026954263,0.51243097,13.384514
40.25,5.189119,104.5104,0.026958935,0.51276755,13.384542
40.26,5.189144,104.51527,0.02696373,0.5131038,13.384577
40.27,5.1891727,104.52013,0.026968393,0.51343924,13.384605
40.28,5.1891985,104.524925,0.026973268,0.513775,13.384635
40.29,5.189223,104.529785,0.026977904,0.5141091,13.384669
40.3,5.1892533,104.5346,0.026982645,0.5144432,13.384701
40.31,5.18928,104.53939,0.026987521,0.5147762,13.384735
40.32,5.189307,104.544174,0.026992174,0.51511043,13.384763
40.33,5.1893334,104.54901,0.026996963,0.5154429,13.384796
40.34,5.189359,104.553795,0.027001522,0.5157746,13.384828
40.35,5.1893854,104.55856,0.02700619,0.5161065,13.38486
40.36,5.1894097,104.563324,0.027011065,0.51643765,13.38489
40.37,5.1894383,104.568085,0.027015433,0.51676786,13.384917
40.38,5.189464,104.572815,0.027020158,0.5170986,13.38495
40.39,5.1894913,104.57756,0.027024783,0.5174285,13.384988
40.4,5.1895185,104.58229,0.027029347,0.5177571,13.385016
40.41,5.1895437,104.58698,0.027033933,0.5180867,13.385047
40.42,5.189572,104.59175,0.02703835,0.51841474,13.385076
40.43,5.189595,104.596436,0.027043022,0.51874334,13.385108
40.44,5.189625,104.601135,0.027047563,0.51906943,13.385141
40.45,5.1896496,104.60579,0.027051985,0.519397,13.385174
40.46,5.1896753,104.61044,0.027056593,0.51972276,13.3852
40.47,5.189702,104.615135,0.027061116,0.5200495,13.385229
40.48,5.1897283,104.61976,0.027065665,0.52037513,13.3852625
40.49,5.1897545,104.624405,0.027070187,0.5206999,13.385298
40.5,5.189782,104.62906,0.027074471,0.52102435,13.385327
40.51,5.189805,104.63366,0.027078867,0.52134806,13.38536
40.52,5.189833,104.638275,0.027083412,0.5216723,13.385389
40.53,5.1898603,104.64292,0.027087778,0.5219952,13.385419
40.54,5.1898837,104.64751,0.027092092,0.52231807,13.385456
40.55,5.189912,104.652084,0.02709657,0.5226399,13.385477
40.56,5.189937,104.65663,0.02710088,0.52296215,13.385515
40.57,5.189963,104.661255,0.027105253,0.5232833,13.385547
40.58,5.189987,104.66579,0.027109768,0.5236046,13.385579
40.59,5.1900134,104.67037,0.027114086,0.5239253,13.385607
40.6,5.19004,104.6749,0.027118381,0.52424425,13.385638
40.61,5.190066,104.67943,0.027122546,0.5245634,13.38567
40.62,5.190091,104.683945,0.027126998,0.5248831,13.385706
40.63,5.1901183,104.68845,0.027131274,0.52520144,13.385735
40.64,5.1901426,104.69296,0.027135806,0.525519,13.385764
40.65,5.1901684,104.69744,0.027140127,0.52583694,13.385793
40.66,5.1901984,104.70196,0.027144212,0.5261544,13.385825
40.67,5.190221,104.70645,0.02714848,0.52647084,13.385857
40.68,5.1902466,104.710915,0.027152967,0.5267873,13.385889
40.69,5.1902714,104.71537,0.027157282,0.5271031,13.38592
40.7,5.1902966,104.719826,0.02716115,0.52741826,13.385951
40.71,5.190322,104.72428,0.02716535,0.5277328,13.385984
40.72,5.1903477,104.72872,0.02716975,0.5280482,13.386011
40.73,5.190372,104.73311,0.027173933,0.52836204,13.386043
40.74,5.1903977,104.73759,0.0271781,0.5286754,13.386076
40.75,5.1904244,104.74202,0.02718218,0.52898806,13.386105
40.76,5.1904488,104.74637,0.027186409,0.5293012,13.386136
40.77,5.1904736,104.75074,0.027190667,0.52961224,13.3861685
40.78,5.190499,104.75518,0.027194655,0.52992475,13.3862
40.79,5.190524,104.75956,0.027198916,0.5302365,13.386229
40.8,5.1905513,104.76394,0.02720286,0.5305474,13.386257
40.81,5.1905775,104.76827,0.027206998,0.5308575,13.386288
40.82,5.190601,104.77262,0.027211221,0.5311675,13.386322
40.83,5.190625,104.77695,0.02721529,0.53147715,13.386355
40.84,5.19065,104.78132,0.027219336,0.53178567,13.386381
40.85,5.1906776,104.785645,0.027223447,0.5320943,13.386411
40.86,5.190701,104.78995,0.027227525,0.5324029,13.386446
40.87,5.190725,104.794266,0.02723165,0.53271013,13.386478
40.88,5.1907525,104.79856,0.027235484,0.53301746,13.386509
40.89,5.190775,104.80285,0.027239688,0.5333243,13.386538
40.9,5.1908026,104.80715,0.027243685,0.5336308,13.386566
40.91,5.1908274,104.81141,0.027247768,0.53393763,13.3866
40.92,5.1908507,104.815704,0.027251843,0.53424287,13.38663
40.93,5.1908755,104.819954,0.02725568,0.5345483,13.386661
40.94,5.1909,104.82423,0.02725986,0.5348526,13.38669
40.95,5.190924,104.82845,0.027263993,0.535157,13.386721
40.96,5.190949,104.83268,0.027267763,0.5354604,13.38675
40.97,5.1909747,104.83688,0.027271792,0.5357645,13.386783
40.98,5.190999,104.84114,0.027275821,0.5360669,13.386814
40.99,5.1910233,104.84534,0.027279798,0.5363696,13.386844
41.0,5.191049,104.84958,0.027283706,0.5366709,13.386876
41.01,5.191074,104.85375,0.02728768,0.53697306,13.386908
41.02,5.1910973,104.85793,0.027291652,0.53727454,13.386936
41.03,5.1911225,104.86209,0.027295636,0.5375752,13.386966
41.04,5.1911488,104.86626,0.027299456,0.53787565,13.386997
41.05,5.1911716,104.87046,0.02730329,0.5381754,13.387025
41.06,5.191195,104.87457,0.027307248,0.53847516,13.387056
41.07,5.19122,104.87877,0.027311314,0.53877366,13.387089
41.08,5.1912465,104.88288,0.027315285,0.53907263,13.387121
41.09,5.19127,104.887,0.027318884,0.5393713,13.387153
41.1,5.191293,104.89114,0.027322982,0.53966904,13.38718
41.11,5.19132,104.89522,0.02732693,0.53996634,13.387208
41.12,5.1913414,104.8994,0.02733042,0.54026276,13.387239
41.13,5.191367,104.90345,0.027334452,0.5405598,13.387271
41.14,5.191389,104.90755,0.02733837,0.5408551,13.387303
41.15,5.1914153,104.91165,0.027342059,0.5411515,13.387332
41.16,5.1914396,104.9157,0.027345806,0.5414467,13.387363
41.17,5.1914616,104.91978,0.027349751,0.5417411,13.387393
41.18,5.1914873,104.92384,0.027353533,0.54203624,13.387422
41.19,5.1915107,104.927864,0.027357496,0.5423307,13.387454
41.2,5.1915355,104.93193,0.027361477,0.5426233,13.3874855
41.21,5.1915593,104.93599,0.027365044,0.54291666,13.387517
41.22,5.1915817,104.939995,0.027368862,0.54320985,13.387547
41.23,5.191608,104.94402,0.027372789,0.5435017,13.387576
41.24,5.191631,104.94804,0.027376398,0.5437945,13.387603
41.25,5.191654,104.95206,0.027380235,0.5440855,13.387638
41.26,5.191681,104.956055,0.027383994,0.5443765,13.387664
41.27,5.191704,104.96003,0.027387835,0.54466707,13.387697
41.28,5.1917257,104.96401,0.027391588,0.54495716,13.387727
41.29,5.1917496,104.96802,0.027395261,0.54524744,13.387755
41.3,5.1917753,104.971985,0.027399227,0.5455373,13.387784
41.31,5.1918,104.97594,0.027402874,0.54582644,13.3878145
41.32,5.1918235,104.97988,0.027406352,0.54611415,13.387848
41.33,5.1918464,104.98385,0.027410382,0.5464029,13.387879
41.34,5.1918697,104.9878,0.02741396,0.5466911,13.387909
41.35,5.1918936,104.99173,0.027417729,0.5469786,13.387937
41.36,5.1919174,104.995636,0.027421607,0.5472649,13.387964
41.37,5.191942,104.99959,0.027425138,0.54755193,13.387999
41.38,5.1919646,105.00347,0.02742894,0.54783773,13.388028
41.39,5.191988,105.007355,0.027432542,0.5481241,13.388053
41.4,5.192012,105.01125,0.027436249,0.5484089,13.388086
41.41,5.1920366,105.01515,0.027439967,0.54869425,13.388114
41.42,5.1920595,105.01901,0.027443878,0.5489784,13.3881445
41.43,5.192082,105.022865,0.027447574,0.54926354,13.388174
41.44,5.1921034,105.02674,0.027451076,0.549547,13.388203
41.45,5.192129,105.03062,0.027454589,0.54983056,13.388233
41.46,5.1921515,105.03445,0.027458385,0.5501129,13.388266
41.47,5.1921754,105.038284,0.027461998,0.55039495,13.388295
41.48,5.1921973,105.042114,0.027465574,0.5506785,13.388327
41.49,5.19222,105.04597,0.027469303,0.5509601,13.38836
41.5,5.1922464,105.049805,0.027472982,0.5512411,13.388384
41.51,5.192269,105.05363,0.027476594,0.5515225,13.388417
41.52,5.1922903,105.05743,0.027480338,0.5518027,13.388445
41.53,5.192315,105.06121,0.027484085,0.5520829,13.388471
41.54,5.1923394,105.065025,0.027487535,0.552363,13.388505
41.55,5.192361,105.0688,0.027491137,0.5526423,13.3885355
41.56,5.1923823,105.07258,0.027494885,0.55292153,13.388565
41.57,5.192406,105.076355,0.027498499,0.5532006,13.388595
41.58,5.1924305,105.080124,0.02750215,0.55347735,13.388623
41.59,5.192453,105.08385,0.027505796,0.5537568,13.388649
41.6,5.192476,105.0876,0.02750933,0.5540335,13.388686
41.61,5.1925006,105.09136,0.027512835,0.5543106,13.388712
41.62,5.192522,105.095116,0.02751649,0.55458766,13.38874
41.63,5.192546,105.098854,0.027520232,0.55486387,13.38877
41.64,5.1925683,105.10255,0.027523657,0.5551394,13.388803
41.65,5.1925907,105.10626,0.027527321,0.55541486,13.388833
41.66,5.192615,105.10996,0.027530931,0.55569065,13.388859
41.67,5.192636,105.11364,0.02753434,0.55596524,13.388888
41.68,5.1926584,105.11736,0.027537964,0.5562392,13.388917
41.69,5.1926827,105.121086,0.027541652,0.5565137,13.388951
41.7,5.1927056,105.12473,0.027545255,0.55678713,13.388978
41.71,5.192728,105.12843,0.027548715,0.5570607,13.389003
41.72,5.19275,105.132095,0.02755227,0.5573334,13.389029
41.73,5.1927714,105.13572,0.027555779,0.5576056,13.389063
41.74,5.1927967,105.13939,0.027559385,0.5578777,13.389094
41.75,5.1928186,105.143036,0.027563136,0.5581495,13.38912
41.76,5.192839,105.14668,0.027566463,0.5584207,13.389145
41.77,5.192863,105.150314,0.027570173,0.5586915,13.389178
41.78,5.192884,105.15394,0.027573723,0.55896205,13.389207
41.79,5.192908,105.15758,0.027577251,0.55923235,13.389237
41.8,5.1929317,105.16119,0.027580664,0.5595024,13.389266
41.81,5.192954,105.164795,0.027584359,0.55977196,13.389297
41.82,5.192975,105.16836,0.027588073,0.5600407,13.389327
41.83,5.1929984,105.17199,0.027591366,0.56030947,13.389357
41.84,5.193022,105.17552,0.027595025,0.5605783,13.389382
41.85,5.1930428,105.179115,0.027598515,0.56084585,13.389409
41.86,5.1930666,105.182686,0.027602073,0.561113,13.389444
41.87,5.1930885,105.18629,0.02760546,0.56138057,13.38947
41.88,5.1931095,105.189804,0.027609043,0.56164706,13.389497
41.89,5.193133,105.19339,0.027612507,0.561914,13.389525
41.9,5.193153,105.196945,0.027616013,0.5621797,13.389557
41.91,5.193175,105.20046,0.027619697,0.5624455,13.389589
41.92,5.1931996,105.204025,0.027623147,0.56271124,13.389613
41.93,5.1932216,105.20753,0.027626716,0.56297576,13.389644
41.94,5.1932425,105.21104,0.027630206,0.56324023,13.389672
41.95,5.1932645,105.21453,0.02763379,0.56350505,13.389704
41.96,5.1932874,105.218094,0.027637206,0.56376845,13.38973
41.97,5.1933084,105.22156,0.027640857,0.56403226,13.389759
41.98,5.193331,105.22509,0.027644005,0.5642948,13.389789
41.99,5.1933546,105.22857,0.027647648,0.564558,13.389817
42.0,5.193373,105.23204,0.027651142,0.5648201,13.389846
42.01,5.193398,105.23548,0.02765489,0.5650824,13.389874
42.02,5.1934185,105.23896,0.027658094,0.565344,13.3899
42.03,5.193441,105.24241,0.027661808,0.5656051,13.389929
42.04,5.193465,105.24589,0.027665243,0.5658667,13.389956
42.05,5.193486,105.24931,0.027668681,0.5661269,13.389987
42.06,5.193508,105.25281,0.02767209,0.5663877,13.3900175
42.07,5.19353,105.25623,0.027675562,0.5666467,13.390041
42.08,5.193551,105.25966,0.02767931,0.56690705,13.390071
42.09,5.1935716,105.263084,0.027682811,0.5671661,13.3901005
42.1,5.193594,105.266495,0.027686208,0.5674243,13.390129
42.11,5.193615,105.269875,0.027689662,0.5676833,13.390158
42.12,5.193637,105.27332,0.027693123,0.5679411,13.390183
42.13,5.19366,105.27673,0.02769661,0.5681996,13.390214
42.14,5.1936817,105.28012,0.027700137,0.56845635,13.390239
42.15,5.1937013,105.28347,0.027703676,0.5687128,13.39027
42.16,5.1937246,105.28689,0.027707111,0.5689695,13.390301
42.17,5.1937475,105.290245,0.02771068,0.569226,13.390326
42.18,5.193767,105.293655,0.027714029,0.5694822,13.390354
42.19,5.193789,105.29698,0.027717635,0.569738,13.390381
42.2,5.193811,105.30033,0.02772091,0.56999314,13.390413
42.21,5.193831,105.30371,0.02772433,0.5702479,13.390439
42.22,5.1938524,105.30702,0.027727924,0.57050246,13.390469
42.23,5.193874,105.31039,0.02773143,0.57075703,13.390496
42.24,5.193897,105.3137,0.027735043,0.5710106,13.390521
42.25,5.1939173,105.317055,0.027738381,0.57126445,13.390551
42.26,5.1939383,105.320366,0.027741883,0.5715172,13.390577
42.27,5.1939588,105.32368,0.027745452,0.5717708,13.390605
42.28,5.1939816,105.326996,0.027748886,0.57202303,13.390633
42.29,5.194003,105.330315,0.027752493,0.572275,13.390665
42.3,5.194023,105.33358,0.027755722,0.5725263,13.390691
42.31,5.1940455,105.33684,0.027759288,0.5727779,13.39072
42.32,5.194065,105.34016,0.02776273,0.57302916,13.390745
42.33,5.1940866,105.34342,0.027766045,0.57327956,13.3907795
42.34,5.1941066,105.34671,0.027769659,0.5735305,13.3908
42.35,5.1941295,105.349945,0.027773257,0.57378036,13.390831
42.36,5.194151,105.3532,0.027776506,0.57403046,13.390859
42.37,5.194173,105.356514,0.027780004,0.5742795,13.390889
42.38,5.194194,105.35976,0.027783457,0.57452834,13.39091
42.39,5.1942124,105.36296,0.027787022,0.5747775,13.39094
42.4,5.194236,105.36619,0.027790397,0.57502556,13.390968
42.41,5.194256,105.36941,0.027794112,0.5752736,13.390998
42.42,5.1942773,105.37267,0.027797416,0.5755209,13.391023
42.43,5.1942987,105.375916,0.027800858,0.5757682,13.39105
42.44,5.1943197,105.379074,0.02780443,0.5760152,13.391077
42.45,5.19434,105.3823,0.027807929,0.57626265,13.391111
42.46,5.1943593,105.3855,0.027811356,0.57650846,13.391131
42.47,5.194383,105.38872,0.027814914,0.5767544,13.391162
42.48,5.1944027,105.391884,0.027818345,0.5769999,13.391188
42.49,5.1944222,105.39504,0.027821891,0.5772453,13.391217
42.5,5.1944437,105.39824,0.027825162,0.5774906,13.391244
42.51,5.1944647,105.40142,0.027828809,0.577735,13.391269
42.52,5.194486,105.40463,0.027832203,0.5779796,13.3913
42.53,5.1945057,105.40776,0.027835608,0.57822317,13.391329
42.54,5.194526,105.410904,0.027838998,0.57846653,13.391351
42.55,5.1945486,105.414055,0.027842648,0.57870996,13.391379
42.56,5.1945686,105.41721,0.027846135,0.5789536,13.391405
42.57,5.1945887,105.420334,0.027849521,0.5791959,13.391434
42.58,5.194608,105.42346,0.02785303,0.57943857,13.391459
42.59,5.19463,105.42663,0.027856424,0.5796801,13.391489
42.6,5.1946507,105.42971,0.027860079,0.57992154,13.391515
42.61,5.194672,105.432816,0.02786351,0.580163,13.3915415
42.62,5.19469,105.43596,0.027867064,0.58040416,13.391571
42.63,5.1947126,105.43907,0.027870666,0.58064514,13.391595
42.64,5.194736,105.44214,0.027874038,0.58088535,13.391622
42.65,5.1947536,105.44528,0.027877644,0.5811252,13.391648
42.66,5.194774,105.44834,0.027880967,0.58136505,13.39168
42.67,5.194794,105.45143,0.027884696,0.5816044,13.391702
42.68,5.1948156,105.45449,0.027888041,0.5818431,13.391733
42.69,5.194833,105.4576,0.02789145,0.5820819,13.391758
42.7,5.194855,105.460655,0.027894951,0.5823206,13.391788
42.71,5.1948743,105.46371,0.027898531,0.58255845,13.391814
42.72,5.1948967,105.46679,0.027901862,0.5827964,13.391841
42.73,5.194917,105.46984,0.027905457,0.5830335,13.391868
42.74,5.194935,105.47285,0.027908824,0.5832716,13.3918915
42.75,5.1949563,105.47593,0.027912457,0.5835084,13.39192
42.76,5.1949787,105.47898,0.027915973,0.58374405,13.391945
42.77,5.194996,105.48198,0.027919382,0.5839808,13.391971
42.78,5.195019,105.48499,0.02792285,0.58421713,13.391998
42.79,5.1950364,105.48801,0.027926285,0.58445156,13.392026
42.8,5.195059,105.491005,0.027929816,0.58468723,13.3920555
42.81,5.1950784,105.493996,0.027933493,0.5849219,13.39208
42.82,5.1950965,105.497025,0.027936857,0.585157,13.392108
42.83,5.195117,105.50006,0.027940538,0.585391,13.392132
42.84,5.1951375,105.503,0.027944218,0.58562523,13.392161
42.85,5.1951575,105.50602,0.02794746,0.58585846,13.392184
42.86,5.1951766,105.509,0.027951084,0.58609223,13.392213
42.87,5.195199,105.511955,0.027954508,0.5863249,13.392241
42.88,5.195217,105.51493,0.027958028,0.5865576,13.392265
42.89,5.195238,105.51788,0.027961489,0.5867899,13.392291
42.9,5.1952567,105.52084,0.027964972,0.587022,13.392316
42.91,5.195277,105.52379,0.027968578,0.5872534,13.392342
42.92,5.1952972,105.52674,0.027971998,0.58748513,13.392372
42.93,5.195316,105.52968,0.027975578,0.5877166,13.392397
42.94,5.1953363,105.53266,0.027979203,0.5879467,13.392421
42.95,5.195357,105.53557,0.027982645,0.588178,13.3924465
42.96,5.195375,105.53849,0.0279865,0.58840793,13.392472
42.97,5.1953974,105.54139,0.027989998,0.588637,13.392501
42.98,5.1954174,105.54436,0.027993374,0.5888672,13.392521
42.99,5.1954355,105.54728,0.027996939,0.5890968,13.392554
43.0,5.195456,105.55013,0.028000258,0.58932525,13.392582
43.01,5.195473,105.553085,0.02800386,0.5895547,13.392608
43.02,5.195494,105.55597,0.028007522,0.58978295,13.392631
43.03,5.1955147,105.55885,0.028011039,0.5900106,13.392654
43.04,5.1955333,105.561745,0.028014693,0.590238,13.39268
43.05,5.1955523,105.56461,0.028018173,0.5904661,13.392708
43.06,5.1955724,105.56748,0.028021626,0.59069264,13.392736
43.07,5.195593,105.57039,0.028025389,0.5909204,13.39276
43.08,5.1956124,105.57327,0.028028816,0.59114605,13.392785
43.09,5.195632,105.5761,0.028032377,0.59137297,13.39281
43.1,5.19565,105.578995,0.028035838,0.59159833,13.392834
43.11,5.195669,105.58178,0.02803943,0.5918242,13.392864
43.12,5.195688,105.58465,0.028043065,0.5920498,13.392891
43.13,5.195709,105.58746,0.028046634,0.59227496,13.392916
43.14,5.195728,105.59034,0.028049964,0.5924992,13.3929405
43.15,5.195746,105.59316,0.028053686,0.5927233,13.392964
43.16,5.1957664,105.596016,0.028057333,0.5929479,13.392988
43.17,5.195786,105.59888,0.028061002,0.5931718,13.393018
43.18,5.195805,105.60166,0.028064534,0.5933951,13.393037
43.19,5.195825,105.60445,0.028068148,0.59361845,13.393069
43.2,5.1958466,105.60726,0.028071668,0.5938415,13.393091
43.21,5.1958637,105.61003,0.02807533,0.59406406,13.393118
43.22,5.1958823,105.612854,0.028079078,0.59428674,13.393144
43.23,5.1959014,105.61568,0.02808242,0.59450835,13.393167
43.24,5.1959233,105.61844,0.028086036,0.59473044,13.393192
43.25,5.1959414,105.62119,0.028089661,0.5949516,13.393225
43.26,5.1959605,105.62402,0.028093435,0.5951722,13.393241
43.27,5.195979,105.62676,0.028096858,0.59539396,13.393271
43.28,5.195998,105.62956,0.028100397,0.59561485,13.393295
43.29,5.1960196,105.63232,0.02810406,0.5958347,13.393321
43.3,5.1960373,105.63505,0.028107762,0.5960551,13.393345
43.31,5.1960554,105.63782,0.028111242,0.5962742,13.3933735
43.32,5.1960745,105.64059,0.028114785,0.59649396,13.393395
43.33,5.1960945,105.64336,0.02811838,0.5967136,13.393421
43.34,5.1961126,105.64607,0.028122209,0.59693223,13.393449
43.35,5.1961327,105.648796,0.02812586,0.5971509,13.393471
43.36,5.1961513,105.65153,0.028129373,0.59736913,13.393496
43.37,5.19617,105.65424,0.028133195,0.5975867,13.393519
43.38,5.196188,105.65696,0.028136633,0.5978046,13.393543
43.39,5.1962075,105.6597,0.028140333,0.5980227,13.393572
43.4,5.196229,105.66242,0.028144028,0.598239,13.393596
43.41,5.1962442,105.66512,0.028147545,0.5984557,13.393624
43.42,5.1962633,105.667816,0.028151177,0.5986715,13.393647
43.43,5.1962843,105.67053,0.02815482,0.59888893,13.393669
43.44,5.196303,105.67322,0.028158601,0.59910464,13.393696
43.45,5.1963215,105.67591,0.028162062,0.59931993,13.3937235
43.46,5.196341,105.6786,0.028165843,0.59953517,13.393748
43.47,5.1963606,105.68124,0.02816945,0.5997513,13.39377
43.48,5.196378,105.6839,0.028173074,0.59996516,13.393797
43.49,5.1963973,105.686584,0.028176751,0.60018045,13.393821
43.5,5.196415,105.68924,0.028180681,0.60039544,13.393845
43.51,5.1964335,105.691925,0.028184228,0.6006081,13.39387
43.52,5.196451,105.694595,0.028187912,0.60082215,13.393894
43.53,5.1964703,105.69723,0.028191537,0.60103554,13.393915
43.54,5.1964884,105.69986,0.028195243,0.6012498,13.393939
43.55,5.196507,105.70249,0.028198998,0.60146224,13.393973
43.56,5.1965256,105.70518,0.028202757,0.6016749,13.3939905
43.57,5.1965456,105.70777,0.028206289,0.601887,13.394018
43.58,5.1965647,105.7104,0.028210077,0.6020988,13.39404
43.59,5.196582,105.71306,0.02821362,0.6023112,13.394067
43.6,5.196601,105.715706,0.02821749,0.6025221,13.394093
43.61,5.196618,105.71829,0.028221153,0.60273325,13.394119
43.62,5.1966357,105.72093,0.02822474,0.6029441,13.394136
43.63,5.1966543,105.72348,0.028228492,0.60315555,13.39416
43.64,5.1966724,105.726105,0.028232042,0.6033658,13.394186
43.65,5.196691,105.72872,0.028235987,0.6035755,13.394212
43.66,5.1967096,105.7313,0.028239675,0.6037855,13.394234
43.67,5.1967263,105.73389,0.028243419,0.603995,13.394257
43.68,5.196747,105.736496,0.028247084,0.6042041,13.394284
43.69,5.196765,105.73902,0.028250761,0.6044135,13.394308
43.7,5.1967835,105.74162,0.02825459,0.6046222,13.394329
43.71,5.1968026,105.74416,0.028258532,0.6048315,13.394355
43.72,5.196821,105.746735,0.028262261,0.60503966,13.394381
43.73,5.1968374,105.74934,0.028265815,0.60524684,13.3944
43.74,5.1968565,105.75187,0.028269507,0.605454,13.394429
43.75,5.1968746,105.754425,0.02827324,0.6056618,13.394451
43.76,5.1968923,105.75695,0.02827704,0.6058687,13.394475
43.77,5.196911,105.75956,0.028280955,0.6060757,13.394501
43.78,5.1969275,105.76208,0.028284475,0.6062821,13.394521
43.79,5.196947,105.7646,0.028288353,0.60648924,13.394547
43.8,5.196963,105.767136,0.02829225,0.6066944,13.394569
43.81,5.196983,105.76966,0.028295953,0.60690045,13.394597
43.82,5.197,105.77218,0.028299827,0.6071062,13.394616
43.83,5.1970196,105.77474,0.028303534,0.60731155,13.394643
43.84,5.1970367,105.77721,0.028307334,0.60751665,13.394665
43.85,5.1970544,105.77972,0.02831101,0.60772085,13.39469
43.86,5.1970735,105.78222,0.028315019,0.6079261,13.3947115
43.87,5.1970925,105.78472,0.028318763,0.6081297,13.394735
43.88,5.1971107,105.78725,0.028322466,0.60833377,13.394757
43.89,5.1971273,105.7897,0.028326217,0.60853744,13.394786
43.9,5.1971464,105.79219,0.028330036,0.60874045,13.394809
43.91,5.197163,105.79471,0.028334089,0.6089448,13.394833
43.92,5.1971827,105.797195,0.028337885,0.60914725,13.394855
43.93,5.1971984,105.79967,0.02834152,0.60934955,13.3948765
43.94,5.1972165,105.80213,0.028345395,0.60955197,13.394901
43.95,5.1972365,105.804596,0.028349161,0.6097543,13.394925
43.96,5.197251,105.807076,0.02835298,0.6099554,13.394944
43.97,5.197272,105.809525,0.028356913,0.6101573,13.394973
43.98,5.197289,105.81197,0.028360661,0.610359,13.394995
43.99,5.197305,105.814415,0.02836446,0.61056,13.395021
44.0,5.197324,105.81686,0.028368462,0.6107608,13.395042
44.01,5.1973424,105.81933,0.0283724,0.6109615,13.395062
44.02,5.197359,105.821754,0.028376125,0.611161,13.395086
44.03,5.1973777,105.824196,0.028380156,0.6113611,13.395116
44.04,5.1973944,105.826645,0.02838394,0.61156136,13.395131
44.05,5.1974125,105.82902,0.028387744,0.611761,13.395162
44.06,5.19743,105.83146,0.028391704,0.6119605,13.395183
44.07,5.1974473,105.83391,0.028395463,0.612159,13.3952
44.08,5.197465,105.83631,0.02839934,0.6123576,13.395227
44.09,5.1974826,105.83873,0.028403163,0.61255604,13.395248
44.1,5.1974993,105.841095,0.028407231,0.6127544,13.395274
44.11,5.197521,105.8435,0.028411072,0.61295223,13.395299
44.12,5.197533,105.84593,0.028414927,0.6131501,13.395314
44.13,5.1975546,105.848305,0.028418727,0.61334765,13.39534
44.14,5.197571,105.85069,0.02842262,0.61354494,13.395365
44.15,5.1975894,105.853096,0.028426621,0.613742,13.395389
44.16,5.197604,105.85547,0.028430574,0.61393845,13.395409
44.17,5.1976233,105.85784,0.0284346,0.6141352,13.3954315
44.18,5.1976404,105.86023,0.028438315,0.6143314,13.395454
44.19,5.197658,105.862625,0.02844229,0.61452734,13.39548
44.2,5.1976757,105.86496,0.028446235,0.6147234,13.395502
44.21,5.1976943,105.867325,0.028450277,0.6149185,13.395524
44.22,5.1977086,105.86969,0.028454069,0.61511433,13.39555
44.23,5.1977253,105.87207,0.028458137,0.61530846,13.395567
44.24,5.1977425,105.8744,0.028461978,0.6155031,13.395591
44.25,5.1977634,105.87676,0.028465826,0.61569834,13.395613
44.26,5.197781,105.87907,0.028469805,0.6158918,13.395636
44.27,5.1977973,105.88142,0.028473865,0.6160862,13.395657
44.28,5.1978154,105.88376,0.028477699,0.61627954,13.395679
44.29,5.1978316,105.88608,0.028481793,0.61647326,13.395704
44.3,5.1978474,105.888405,0.02848572,0.6166667,13.395724
44.31,5.1978664,105.890724,0.02848979,0.6168599,13.395748
44.32,5.197884,105.89305,0.028493814,0.6170521,13.395769
44.33,5.1979003,105.895386,0.028497588,0.61724454,13.395793
44.34,5.197915,105.89771,0.028501686,0.6174372,13.395815
44.35,5.1979313,105.89999,0.02850563,0.6176291,13.395839
44.36,5.197952,105.90229,0.028509531,0.61782104,13.395858
44.37,5.1979675,105.90461,0.0285136,0.6180125,13.395885
44.38,5.197985,105.90689,0.028517842,0.6182045,13.395903
44.39,5.1980047,105.909195,0.028521627,0.61839473,13.3959255
44.4,5.198019,105.91147,0.028525807,0.61858547,13.395948
44.41,5.1980352,105.91377,0.0285296,0.6187758,13.395967
44.42,5.198055,105.91604,0.028533544,0.6189661,13.395992
44.43,5.1980696,105.91832,0.02853759,0.6191562,13.396014
44.44,5.1980863,105.920616,0.028541774,0.6193463,13.396034
44.45,5.198104,105.92286,0.0285458,0.6195363,13.39606
44.46,5.19812,105.92513,0.028549869,0.61972535,13.39608
44.47,5.1981373,105.92739,0.028553907,0.6199144,13.396099
44.48,5.1981535,105.92961,0.028557926,0.62010366,13.396123
44.49,5.198171,105.931885,0.028561879,0.62029195,13.396144
44.5,5.198189,105.93414,0.02856595,0.62048084,13.396165
44.51,5.1982045,105.93639,0.028570026,0.62066907,13.396188
44.52,5.1982226,105.93863,0.02857428,0.6208565,13.396211
44.53,5.198238,105.94089,0.028578233,0.62104386,13.396231
44.54,5.198257,105.943115,0.028582156,0.6212321,13.396252
44.55,5.198272,105.94533,0.028586347,0.621419,13.3962755
44.56,5.1982894,105.9476,0.028590586,0.62160623,13.396297
44.57,5.1983056,105.94983,0.028594565,0.6217925,13.3963175
44.58,5.1983247,105.952034,0.02859857,0.62197906,13.3963375
44.59,5.19834,105.954216,0.028602801,0.62216544,13.396361
44.6,5.198356,105.956474,0.028606694,0.62235177,13.396383
44.61,5.198372,105.958664,0.028610867,0.62253785,13.396405
44.62,5.198389,105.96089,0.02861502,0.62272286,13.396426
44.63,5.1984076,105.96308,0.028619237,0.62290835,13.396449
44.64,5.1984224,105.96528,0.0286231,0.6230936,13.396471
44.65,5.1984386,105.96746,0.028627396,0.62327814,13.396491
44.66,5.1984553,105.96967,0.028631438,0.6234629,13.396512
44.67,5.1984735,105.971886,0.02863573,0.6236469,13.396535
44.68,5.198488,105.97403,0.02863976,0.623832,13.396554
44.69,5.1985044,105.976265,0.028643839,0.6240148,13.396578
44.7,5.1985216,105.97836,0.028648008,0.62419915,13.396602
44.71,5.19854,105.98061,0.028652176,0.6243826,13.396622
44.72,5.198555,105.98274,0.02865627,0.624566,13.396642
44.73,5.1985707,105.984924,0.028660353,0.6247489,13.396664
44.74,5.1985893,105.98711,0.02866469,0.6249318,13.396685
44.75,5.1986046,105.989265,0.028668772,0.6251146,13.396705
44.76,5.198621,105.99136,0.028672919,0.6252967,13.396729
44.77,5.198638,105.99356,0.02867721,0.62547934,13.396744
44.78,5.198654,105.9957,0.028681293,0.6256612,13.396763
44.79,5.198672,105.99789,0.02868561,0.62584305,13.396786
44.8,5.1986876,105.999985,0.028689757,0.6260246,13.396807
44.81,5.1987042,106.00215,0.028694034,0.6262054,13.3968315
44.82,5.19872,106.00428,0.028698053,0.6263865,13.396849
44.83,5.198737,106.00639,0.0287024,0.6265673,13.396873
44.84,5.1987534,106.00853,0.028706431,0.62674767,13.396892
44.85,5.198769,106.01068,0.028710637,0.626928,13.396913
44.86,5.1987844,106.0128,0.028715014,0.62710845,13.396935
44.87,5.198802,106.014885,0.028719094,0.62728876,13.396955
44.88,5.1988163,106.01701,0.028723385,0.62746763,13.396979
44.89,5.1988344,106.01911,0.028727673,0.62764746,13.396995
44.9,5.1988497,106.02125,0.0287318,0.6278263,13.3970175
44.91,5.198867,106.02335,0.028735973,0.62800545,13.3970375
44.92,5.198882,106.025444,0.02874026,0.6281845,13.397057
44.93,5.1988993,106.02754,0.028744452,0.6283623,13.397082
44.94,5.1989145,106.02964,0.028748926,0.6285408,13.397099
44.95,5.1989293,106.03169,0.028753102,0.6287192,13.397123
44.96,5.1989474,106.0338,0.02875727,0.62889725,13.39714
44.97,5.198962,106.03592,0.028761681,0.6290746,13.3971615
44.98,5.1989784,106.03799,0.028765943,0.6292521,13.397181
44.99,5.1989956,106.04005,0.028770085,0.6294292,13.397201
45.0,5.1990113,106.04209,0.028774377,0.62960654,13.397223
45.01,5.1990285,106.044205,0.028778635,0.629783,13.397245
45.02,5.1990438,106.04627,0.028783053,0.62996,13.397261
45.03,5.199058,106.04835,0.02878739,0.6301362,13.397283
45.04,5.1990757,106.05039,0.028791506,0.6303122,13.397307
45.05,5.199092,106.05244,0.028796073,0.6304883,13.397325
45.06,5.199108,106.054504,0.028800126,0.6306638,13.397345
45.07,5.199123,106.05655,0.028804418,0.6308399,13.3973675
45.08,5.1991396,106.0586,0.028808765,0.6310145,13.397387
45.09,5.1991544,106.060646,0.028813198,0.63118994,13.3974085
45.1,5.1991735,106.062675,0.028817471,0.63136494,13.3974285
45.11,5.1991873,106.06473,0.028821763,0.63153875,13.397444
45.12,5.1992044,106.06677,0.028826237,0.6317139,13.3974695
45.13,5.1992183,106.06876,0.028830417,0.631888,13.397489
45.14,5.199235,106.07084,0.028834678,0.63206166,13.397508
45.15,5.1992497,106.07286,0.028839152,0.6322353,13.397524
45.16,5.1992674,106.07487,0.028843459,0.6324091,13.397552
45.17,5.1992826,106.07692,0.028847873,0.63258266,13.397564
45.18,5.1992974,106.078896,0.028852187,0.63275576,13.39759
45.19,5.1993136,106.08092,0.02885655,0.6329287,13.397608
45.2,5.19933,106.08292,0.028860938,0.63310164,13.397627
45.21,5.199346,106.08495,0.028865088,0.6332737,13.397649
45.22,5.199363,106.086945,0.028869651,0.6334463,13.397668
45.23,5.1993775,106.08892,0.028873961,0.6336189,13.397688
45.24,5.1993914,106.090935,0.028878588,0.6337904,13.397708
45.25,5.199409,106.09291,0.028882854,0.6339618,13.397726
45.26,5.199424,106.09492,0.02888731,0.6341332,13.397751
45.27,5.199441,106.096886,0.028891545,0.63430417,13.397767
45.28,5.1994534,106.098885,0.028896201,0.6344754,13.397781
45.29,5.1994705,106.100845,0.028900638,0.6346468,13.397804
45.3,5.199486,106.10285,0.028904807,0.6348168,13.397827
45.31,5.199501,106.10478,0.02890937,0.63498753,13.397845
45.32,5.1995173,106.106804,0.028913632,0.63515747,13.397863
45.33,5.199533,106.10875,0.028918143,0.6353273,13.397885
45.34,5.1995487,106.1107,0.028922774,0.635498,13.397903
45.35,5.1995635,106.11271,0.028927047,0.6356673,13.3979225
45.36,5.199579,106.114624,0.028931554,0.6358365,13.397938
45.37,5.199595,106.1166,0.028935935,0.63600534,13.397961
45.38,5.199612,106.11851,0.028940443,0.63617426,13.397981
45.39,5.199627,106.1205,0.02894485,0.63634306,13.398001
45.4,5.1996436,106.12243,0.028949331,0.6365123,13.39802
45.41,5.1996574,106.1244,0.028953642,0.63668,13.398039
45.42,5.199673,106.12633,0.02895841,0.6368482,13.398055
45.43,5.1996894,106.12821,0.028962906,0.63701606,13.398078
45.44,5.1997037,106.13017,0.028967235,0.637184,13.398094
45.45,5.199716,106.13211,0.02897181,0.6373518,13.398113
45.46,5.1997347,106.13403,0.02897619,0.637519,13.398133
45.47,5.199748,106.13597,0.028980616,0.63768554,13.398157
45.48,5.199764,106.1379,0.0289853,0.6378528,13.398172
45.49,5.1997824,106.1398,0.028989598,0.6380198,13.398194
45.5,5.199795,106.14172,0.028994244,0.6381856,13.398208
45.51,5.19981,106.143654,0.02899877,0.63835275,13.398228
45.52,5.199825,106.14554,0.029003348,0.6385187,13.39825
45.53,5.1998415,106.147446,0.029007744,0.63868445,13.398267
45.54,5.199858,106.14934,0.029012423,0.63885015,13.398287
45.55,5.1998715,106.15124,0.029016897,0.6390161,13.398305
45.56,5.1998878,106.15311,0.029021375,0.63918155,13.39832
45.57,5.199901,106.155,0.02902598,0.6393466,13.398342
45.58,5.199918,106.15693,0.029030658,0.6395113,13.398365
45.59,5.1999316,106.15879,0.029034998,0.63967586,13.398378
45.6,5.1999497,106.1607,0.029039774,0.6398409,13.398401
45.61,5.199964,106.16257,0.029044036,0.64000475,13.398421
45.62,5.1999774,106.16444,0.029048696,0.6401693,13.398436
45.63,5.1999917,106.16632,0.029053483,0.6403331,13.398457
45.64,5.200008,106.16817,0.029057808,0.64049613,13.398476
45.65,5.200025,106.17005,0.02906249,0.6406599,13.3984995
45.66,5.200039,106.17195,0.02906704,0.64082354,13.3985195
45.67,5.2000537,106.17379,0.029071663,0.64098656,13.398535
45.68,5.2000704,106.17561,0.029076204,0.6411496,13.398552
45.69,5.200082,106.17756,0.029080816,0.6413124,13.39857
45.7,5.200099,106.179375,0.02908548,0.6414753,13.398588
45.71,5.2001157,106.18122,0.029089842,0.64163727,13.398607
45.72,5.2001295,106.18308,0.0290947,0.6417999,13.3986225
45.73,5.2001433,106.18491,0.029099163,0.64196146,13.398644
45.74,5.2001576,106.18676,0.029103875,0.64212334,13.398663
45.75,5.2001734,106.18861,0.02910861,0.64228565,13.398684
45.76,5.200187,106.190414,0.029113155,0.6424461,13.398705
45.77,5.200204,106.19225,0.029117797,0.6426072,13.398717
45.78,5.200218,106.19414,0.029122531,0.64276904,13.398734
45.79,5.200234,106.19595,0.029126942,0.6429292,13.398753
45.8,5.200247,106.19777,0.029131845,0.64308995,13.398771
45.81,5.2002635,106.19958,0.029136483,0.6432507,13.398791
45.82,5.200277,106.20141,0.02914105,0.64341086,13.3988085
45.83,5.2002926,106.20324,0.029145624,0.6435706,13.398831
45.84,5.200307,106.205025,0.029150285,0.64373076,13.398848
45.85,5.2003236,106.20683,0.029155023,0.6438902,13.398865
45.86,5.2003365,106.20866,0.029159632,0.6440503,13.398882
45.87,5.200353,106.21045,0.029164363,0.6442089,13.3989
45.88,5.2003665,106.21228,0.02916896,0.6443684,13.398915
45.89,5.2003827,106.21408,0.029173777,0.64452714,13.398934
45.9,5.200396,106.21584,0.029178537,0.64468586,13.39895
45.91,5.2004113,106.21766,0.02918312,0.6448443,13.398972
45.92,5.200426,106.219444,0.02918771,0.64500314,13.398987
45.93,5.2004404,106.22123,0.02919254,0.6451615,13.39901
45.94,5.2004547,106.22302,0.029197305,0.6453188,13.399027
45.95,5.2004685,106.224785,0.029202055,0.64547706,13.399046
45.96,5.2004857,106.2266,0.029206783,0.6456341,13.399058
45.97,5.2005014,106.22839,0.029211413,0.6457919,13.399079
45.98,5.200514,106.23013,0.029216278,0.6459491,13.399097
45.99,5.2005296,106.23193,0.029221047,0.6461064,13.399114
46.0,5.2005444,106.23371,0.029225823,0.6462627,13.399131
46.01,5.200558,106.235466,0.02923033,0.6464198,13.399153
46.02,5.2005734,106.2372,0.029235203,0.6465762,13.399165
46.03,5.2005887,106.23899,0.029240016,0.6467324,13.399187
46.04,5.200602,106.24075,0.029244691,0.6468883,13.399202
46.05,5.200616,106.24249,0.029249605,0.647045,13.39922
46.06,5.2006297,106.24423,0.02925421,0.6472003,13.39924
46.07,5.2006445,106.24599,0.029258996,0.6473556,13.399259
46.08,5.200661,106.24778,0.029263917,0.6475113,13.399279
46.09,5.2006745,106.24951,0.02926866,0.647667,13.399295
46.1,5.2006884,106.25123,0.02927341,0.64782137,13.399312
46.11,5.200702,106.25299,0.029278077,0.6479762,13.399327
46.12,5.2007184,106.2547,0.02928304,0.64813125,13.399344
46.13,5.200729,106.25645,0.029287737,0.6482858,13.399365
46.14,5.200746,106.25815,0.029292483,0.64843947,13.39938
46.15,5.2007613,106.259964,0.029297315,0.648594,13.3994
46.16,5.2007747,106.26165,0.029302198,0.64874804,13.399418
46.17,5.2007895,106.26335,0.029306948,0.6489014,13.399432
46.18,5.200803,106.26508,0.02931184,0.6490551,13.399447
46.19,5.200818,106.266785,0.029316708,0.6492083,13.3994665
46.2,5.200832,106.26853,0.029321458,0.64936155,13.399486
46.21,5.200847,106.27023,0.029326286,0.64951444,13.399502
46.22,5.2008615,106.27193,0.0293312,0.6496678,13.399516
46.23,5.2008758,106.27366,0.029336035,0.64982086,13.399537
46.24,5.200891,106.27535,0.029340837,0.6499722,13.399555
46.25,5.2009044,106.27702,0.029345624,0.65012485,13.39957
46.26,5.20092,106.27874,0.029350493,0.65027714,13.3995905
46.27,5.2009325,106.280426,0.02935544,0.65042984,13.399608
46.28,5.2009473,106.28216,0.02936026,0.6505813,13.399627
46.29,5.2009616,106.283844,0.029365156,0.65073234,13.399641
46.3,5.200976,106.285545,0.029370189,0.65088433,13.399657
46.31,5.2009916,106.2872,0.029374842,0.65103465,13.399673
46.32,5.201006,106.288956,0.02937977,0.65118647,13.399689
46.33,5.2010193,106.29058,0.029384699,0.6513372,13.399708
46.34,5.201033,106.29228,0.029389545,0.6514884,13.399726
46.35,5.2010465,106.29397,0.029394545,0.6516388,13.399736
46.36,5.2010617,106.29562,0.029399417,0.6517892,13.39976
46.37,5.201074,106.2973,0.029404476,0.6519397,13.399772
46.38,5.201086,106.298965,0.029409293,0.6520888,13.399792
46.39,5.2011023,106.30062,0.029414315,0.6522393,13.39981
46.4,5.201117,106.30227,0.029419087,0.65238845,13.399827
46.41,5.20113,106.30395,0.029424164,0.6525385,13.399843
46.42,5.201144,106.30562,0.029428858,0.6526875,13.3998575
46.43,5.201158,106.30726,0.029433765,0.6528365,13.399874
46.44,5.2011743,106.308945,0.029438823,0.6529857,13.399894
46.45,5.201185,106.31058,0.029443834,0.6531346,13.39991
46.46,5.2012014,106.31224,0.02944874,0.653283,13.399925
46.47,5.2012157,106.31387,0.029453665,0.65343183,13.39994
46.48,5.201227,106.31555,0.029458646,0.65358067,13.399958
46.49,5.2012415,106.31712,0.029463649,0.6537283,13.399973
46.5,5.2012577,106.31881,0.029468637,0.6538764,13.399989
46.51,5.2012725,106.32043,0.029473644,0.6540239,13.400007
46.52,5.201285,106.32207,0.029478434,0.6541716,13.400023
46.53,5.201299,106.32369,0.02948362,0.65431863,13.400042
46.54,5.2013125,106.325325,0.029488508,0.6544664,13.400058
46.55,5.2013264,106.32693,0.02949347,0.65461314,13.400076
46.56,5.2013397,106.32855,0.029498491,0.6547603,13.40009
46.57,5.201354,106.33024,0.02950345,0.6549074,13.400106
46.58,5.20137,106.33183,0.02950849,0.6550538,13.400123
46.59,5.201382,106.33344,0.02951356,0.6552001,13.400142
46.6,5.2013974,106.33504,0.029518448,0.6553464,13.400156
46.61,5.2014117,106.33666,0.029523402,0.6554923,13.400171
46.62,5.2014246,106.33827,0.02952867,0.6556384,13.40019
46.63,5.201437,106.339905,0.029533662,0.6557841,13.400205
46.64,5.2014527,106.341446,0.029538661,0.65592986,13.400222
46.65,5.201465,106.34308,0.029543523,0.6560751,13.400241
46.66,5.201478,106.344696,0.029548597,0.65622044,13.40025
46.67,5.201493,106.34627,0.029553555,0.65636575,13.400268
46.68,5.2015066,106.34788,0.029558744,0.6565106,13.400283
46.69,5.201521,106.349495,0.02956364,0.65665466,13.400304
46.7,5.201532,106.35103,0.02956893,0.6567992,13.40032
46.71,5.2015476,106.352646,0.02957388,0.6569445,13.400334
46.72,5.201562,106.3542,0.029579114,0.65708876,13.400351
46.73,5.201576,106.35579,0.029584084,0.6572325,13.400368
46.74,5.2015877,106.3574,0.029588968,0.6573765,13.400385
46.75,5.2016034,106.358955,0.029594202,0.6575204,13.4004
46.76,5.2016153,106.36053,0.029599331,0.657664,13.400414
46.77,5.201629,106.36212,0.029604536,0.6578076,13.400429
46.78,5.2016435,106.363686,0.029609539,0.6579508,13.400448
46.79,5.201658,106.36524,0.029614609,0.65809333,13.400463
46.8,5.201672,106.36683,0.029619623,0.6582364,13.400478
46.81,5.2016854,106.368385,0.029624611,0.6583789,13.400492
46.82,5.201699,106.36991,0.02962983,0.65852195,13.400505
46.83,5.2017107,106.3715,0.029634923,0.6586645,13.400525
46.84,5.201726,106.37306,0.029640097,0.6588065,13.40054
46.85,5.20174,106.374596,0.029645223,0.65894854,13.400558
46.86,5.201753,106.37617,0.029650245,0.65909016,13.400575
46.87,5.2017674,106.37772,0.029655244,0.65923256,13.400589
46.88,5.2017794,106.37925,0.029660758,0.65937394,13.400605
46.89,5.201793,106.38077,0.02966576,0.6595163,13.400619
46.9,5.201807,106.382385,0.029670738,0.65965676,13.400636
46.91,5.2018185,106.38389,0.029676106,0.6597984,13.400647
46.92,5.2018304,106.38542,0.029681057,0.6599392,13.400664
46.93,5.201845,106.38694,0.029686403,0.66007984,13.400682
46.94,5.2018604,106.38847,0.029691555,0.66022104,13.400701
46.95,5.201873,106.39002,0.029696684,0.66036147,13.400712
46.96,5.2018867,106.39154,0.029701877,0.6605017,13.400726
46.97,5.2018995,106.39306,0.029706921,0.6606418,13.400742
46.98,5.2019134,106.3946,0.029712066,0.66078234,13.400753
46.99,5.201926,106.39613,0.02971737,0.6609225,13.400775
47.0,5.2019405,106.39762,0.029722564,0.6610618,13.400789
47.01,5.201955,106.39912,0.029727843,0.6612013,13.400804
47.02,5.201966,106.40065,0.02973308,0.6613408,13.400816
47.03,5.201981,106.40216,0.02973799,0.66148,13.400832
47.04,5.201992,106.40369,0.029743373,0.6616187,13.40085
47.05,5.202008,106.40518,0.02974844,0.66175735,13.400866
47.06,5.2020206,106.406715,0.029753763,0.6618965,13.400879
47.07,5.2020335,106.40818,0.029758856,0.66203505,13.400898
47.08,5.202048,106.409676,0.029764015,0.6621734,13.400913
47.09,5.2020593,106.41121,0.029769316,0.66231155,13.400926
47.1,5.2020736,106.41273,0.029774498,0.6624499,13.400941
47.11,5.202089,106.41424,0.029779546,0.6625876,13.400957
47.12,5.2021008,106.41572,0.029785011,0.66272646,13.40097
47.13,5.202113,106.41719,0.029790241,0.6628638,13.400988
47.14,5.202128,106.41867,0.029795423,0.663001,13.400998
47.15,5.20214,106.42018,0.029800832,0.6631386,13.401014
47.16,5.2021513,106.42165,0.029805928,0.6632761,13.40103
47.17,5.2021656,106.42314,0.029811308,0.6634123,13.401049
47.18,5.202178,106.4246,0.029816553,0.66355014,13.401065
47.19,5.2021947,106.42607,0.029821906,0.66368663,13.401077
47.2,5.2022057,106.42755,0.02982695,0.6638235,13.401087
47.21,5.202218,106.42905,0.029832058,0.6639594,13.401109
47.22,5.202231,106.43049,0.029837329,0.6640957,13.401124
47.23,5.202242,106.43197,0.029842861,0.6642321,13.401135
47.24,5.202259,106.433464,0.029848076,0.66436803,13.401152
47.25,5.2022705,106.43491,0.029853508,0.66450423,13.401161
47.26,5.202283,106.43636,0.02985875,0.6646397,13.401182
47.27,5.2022967,106.4378,0.029864084,0.6647755,13.401193
47.28,5.20231,106.43927,0.02986921,0.66491085,13.40121
47.29,5.202323,106.44077,0.029874466,0.6650456,13.401225
47.3,5.202336,106.4422,0.029879808,0.6651807,13.401242
47.31,5.202349,106.44365,0.029885162,0.66531575,13.401252
47.32,5.2023616,106.44511,0.02989043,0.665451,13.401267
47.33,5.202374,106.44652,0.029895712,0.66558534,13.40128
47.34,5.202389,106.44798,0.02990108,0.66571987,13.401298
47.35,5.2023993,106.44942,0.029906247,0.665854,13.401317
47.36,5.2024126,106.45085,0.029911749,0.6659886,13.401328
47.37,5.202427,106.45234,0.02991717,0.66612184,13.401339
47.38,5.2024393,106.45372,0.029922478,0.6662566,13.401358
47.39,5.2024536,106.45518,0.029927753,0.66638994,13.401371
47.4,5.2024655,106.45664,0.029933013,0.6665242,13.4013815
47.41,5.202478,106.45801,0.029938512,0.6666571,13.401401
47.42,5.2024918,106.45944,0.029943854,0.6667905,13.401416
47.43,5.2025037,106.46085,0.029949326,0.66692376,13.401426
47.44,5.202519,106.46232,0.029954597,0.6670563,13.401444
47.45,5.202529,106.46375,0.029959891,0.6671894,13.401459
47.46,5.2025423,106.46514,0.029965345,0.66732186,13.401471
47.47,5.2025557,106.46656,0.029970579,0.6674547,13.4014845
47.48,5.2025695,106.467964,0.029976118,0.6675876,13.401502
47.49,5.2025785,106.46939,0.029981531,0.6677198,13.401514
47.5,5.202595,106.470795,0.02998697,0.66785187,13.401529
47.51,5.2026076,106.47223,0.029992212,0.667984,13.401543
47.52,5.2026196,106.47361,0.02999761,0.6681154,13.401555
47.53,5.202633,106.47501,0.030002918,0.6682472,13.401573
47.54,5.202644,106.47641,0.030008439,0.66837883,13.401585
47.55,5.2026567,106.47781,0.030013863,0.6685101,13.401601
47.56,5.202671,106.479225,0.030019358,0.66864187,13.401614
47.57,5.202682,106.4806,0.030024625,0.6687731,13.401629
47.58,5.202696,106.48201,0.030030146,0.66890347,13.401641
47.59,5.2027082,106.48344,0.030035503,0.66903377,13.401658
47.6,5.2027187,106.48479,0.030040901,0.66916513,13.4016695
47.61,5.202734,106.48619,0.030046273,0.66929525,13.401682
47.62,5.2027464,106.48758,0.030051649,0.6694258,13.401696
47.63,5.2027564,106.48894,0.030057326,0.66955614,13.401715
47.64,5.202773,106.49033,0.030062709,0.6696865,13.401727
47.65,5.2027855,106.49173,0.030067947,0.66981584,13.40174
47.66,5.202797,106.49311,0.03007349,0.66994584,13.401754
47.67,5.2028093,106.494484,0.030078843,0.67007554,13.40177
47.68,5.202822,106.49584,0.03008432,0.67020524,13.401785
47.69,5.2028356,106.49723,0.030089848,0.6703353,13.4017935
47.7,5.202847,106.498604,0.03009551,0.6704638,13.401808
47.71,5.2028613,106.49997,0.0301009,0.6705925,13.40182
47.72,5.202874,106.50133,0.03010635,0.67072153,13.401837
47.73,5.202886,106.50269,0.030111752,0.6708506,13.401846
47.74,5.2028985,106.50405,0.030117102,0.6709794,13.401865
47.75,5.2029095,106.50542,0.03012281,0.6711078,13.401878
47.76,5.202923,106.50676,0.030128188,0.6712357,13.401893
47.77,5.2029343,106.50811,0.030133758,0.6713648,13.401902
47.78,5.2029476,106.50946,0.030139253,0.67149234,13.401919
47.79,5.20296,106.51081,0.030144721,0.6716206,13.40193
47.8,5.202973,106.51218,0.03015013,0.6717488,13.401944
47.81,5.2029853,106.51353,0.0301556,0.6718763,13.40196
47.82,5.2029977,106.514915,0.030161195,0.67200416,13.401971
47.83,5.2030106,106.516205,0.03016686,0.67213124,13.401988
47.84,5.2030215,106.51757,0.030172218,0.67225844,13.401999
47.85,5.2030363,106.5189,0.030177575,0.6723853,13.402013
47.86,5.2030473,106.52024,0.030183204,0.6725122,13.402025
47.87,5.203061,106.52158,0.030188542,0.67263895,13.402043
47.88,5.203072,106.52293,0.030194387,0.67276585,13.402051
47.89,5.203084,106.52426,0.0301997,0.6728919,13.402067
47.9,5.203097,106.52559,0.03020525,0.6730189,13.402079
47.91,5.2031083,106.526924,0.030210953,0.67314535,13.402095
47.92,5.2031226,106.52823,0.030216362,0.67327136,13.402102
47.93,5.203132,106.52953,0.03022185,0.67339754,13.402122
47.94,5.2031465,106.53086,0.030227542,0.6735231,13.402137
47.95,5.2031584,106.53221,0.030232966,0.6736492,13.4021435
47.96,5.20317,106.53355,0.03023867,0.6737747,13.402162
47.97,5.2031817,106.53484,0.030244283,0.6739004,13.402175
47.98,5.203196,106.53618,0.030249722,0.67402554,13.402185
47.99,5.203209,106.537476,0.03025531,0.67415106,13.402201
48.0,5.2032204,106.53877,0.030260824,0.67427564,13.402214
48.01,5.203233,106.54011,0.030266505,0.674401,13.402225
48.02,5.2032447,106.54138,0.030271977,0.6745263,13.402241
48.03,5.2032585,106.54271,0.030277621,0.67465055,13.40225
48.04,5.2032685,106.54404,0.030283269,0.67477506,13.402267
48.05,5.2032814,106.5453,0.0302888,0.6748995,13.40228
48.06,5.2032957,106.5466,0.030294437,0.67502445,13.402289
48.07,5.203305,106.54789,0.030299917,0.67514765,13.402305
48.08,5.2033176,106.54919,0.03030559,0.67527217,13.402322
48.09,5.203331,106.55052,0.030311171,0.675396,13.402329
48.1,5.2033434,106.55178,0.030316807,0.6755194,13.402342
48.11,5.203356,106.55309,0.030322518,0.675643,13.402352
48.12,5.203366,106.55441,0.03032818,0.675767,13.402372
48.13,5.203379,106.55567,0.030333672,0.6758897,13.402384
48.14,5.203392,106.55694,0.030339304,0.6760129,13.402392
48.15,5.2034035,106.55822,0.03034497,0.6761363,13.402409
48.16,5.2034154,106.559525,0.030350525,0.67625964,13.402424
48.17,5.203427,106.5608,0.030356321,0.6763815,13.4024315
48.18,5.2034388,106.56207,0.030361768,0.6765046,13.402448
48.19,5.2034516,106.56336,0.03036753,0.67662716,13.402455
48.2,5.2034616,106.56461,0.030373085,0.67675006,13.402471
48.21,5.2034764,106.56591,0.030378692,0.6768726,13.402479
48.22,5.203488,106.56717,0.030384589,0.67699456,13.402494
48.23,5.203499,106.56845,0.030390099,0.6771162,13.40251
48.24,5.203513,106.569695,0.030395731,0.6772383,13.402522
48.25,5.2035246,106.57098,0.030401345,0.6773594,13.4025345
48.26,5.203533,106.57223,0.03040684,0.67748094,13.40255
48.27,5.203549,106.5735,0.030412491,0.6776027,13.402557
48.28,5.2035575,106.574745,0.030418385,0.6777241,13.402575
48.29,5.2035713,106.57601,0.030424003,0.6778455,13.402585
48.3,5.2035837,106.57728,0.030429747,0.67796683,13.4025955
48.31,5.2035947,106.57854,0.030435368,0.6780877,13.402611
48.32,5.2036076,106.57978,0.030441083,0.67820853,13.40262
48.33,5.2036195,106.58106,0.03044679,0.678329,13.402633
48.34,5.2036324,106.58225,0.030452304,0.6784495,13.402645
48.35,5.203644,106.583534,0.030458063,0.67857003,13.402656
48.36,5.203657,106.584785,0.030463718,0.6786905,13.402673
48.37,5.2036686,106.58603,0.030469563,0.6788106,13.402681
48.38,5.2036805,106.58727,0.03047527,0.67893076,13.402697
48.39,5.2036905,106.58851,0.030480828,0.6790513,13.402709
48.4,5.203701,106.58976,0.030486584,0.6791703,13.402722
48.41,5.203715,106.590996,0.030492254,0.67929053,13.402733
48.42,5.2037277,106.59219,0.03049801,0.67941,13.402741
48.43,5.203739,106.593445,0.03050379,0.67952996,13.40276
48.44,5.2037516,106.59471,0.03050952,0.67964894,13.402769
48.45,5.2037616,106.595894,0.030515242,0.6797687,13.402781
48.46,5.2037764,106.59715,0.030521091,0.6798874,13.402795
48.47,5.2037845,106.598335,0.030526582,0.6800063,13.402807
48.48,5.203797,106.59961,0.03053227,0.68012416,13.402818
48.49,5.2038083,106.60084,0.030538145,0.6802435,13.402831
48.5,5.2038198,106.60205,0.03054389,0.68036234,13.402843
48.51,5.2038326,106.60326,0.030549627,0.6804806,13.402858
48.52,5.2038445,106.60448,0.030555394,0.68059903,13.402865
48.53,5.203856,106.60568,0.030561127,0.68071723,13.40288
48.54,5.2038674,106.6069,0.030566927,0.68083537,13.402888
48.55,5.203879,106.60812,0.0305725,0.6809533,13.402903
48.56,5.203892,106.609344,0.030578282,0.68107086,13.402915
48.57,5.203903,106.61054,0.030584063,0.6811884,13.402929
48.58,5.2039146,106.611725,0.030590035,0.6813066,13.402939
48.59,5.2039256,106.61296,0.030595712,0.6814237,13.402949
48.6,5.20394,106.61418,0.030601487,0.68154055,13.402961
48.61,5.203949,106.61536,0.030607108,0.68165743,13.402977
48.62,5.2039595,106.61654,0.030613113,0.6817751,13.4029875
48.63,5.2039723,106.61773,0.03061866,0.681892,13.403003
48.64,5.203986,106.61896,0.030624501,0.6820088,13.4030075
48.65,5.2039957,106.62014,0.03063035,0.6821252,13.403024
48.66,5.2040076,106.62133,0.030636232,0.68224204,13.403032
48.67,5.2040195,106.622536,0.030642077,0.68235844,13.4030485
48.68,5.2040296,106.623726,0.030647796,0.6824746,13.403061
48.69,5.204043,106.62492,0.030653428,0.68259144,13.403067
48.7,5.204054,106.62607,0.030659296,0.6827069,13.403082
48.71,5.204066,106.6273,0.03066511,0.68282396,13.403094
48.72,5.2040772,106.628494,0.030671027,0.68293905,13.403107
48.73,5.204089,106.62966,0.030676756,0.68305486,13.403121
48.74,5.2040987,106.63084,0.030682601,0.6831702,13.403131
48.75,5.204111,106.63201,0.030688416,0.6832862,13.403141
48.76,5.204124,106.63318,0.030694272,0.683401,13.403155
48.77,5.204135,106.634384,0.030699968,0.68351614,13.403169
48.78,5.204144,106.63551,0.030705903,0.6836317,13.403177
48.79,5.204159,106.636734,0.030711722,0.6837462,13.40319
48.8,5.2041683,106.63788,0.030717738,0.6838618,13.403199
48.81,5.2041807,106.63907,0.030723289,0.68397635,13.403208
48.82,5.2041926,106.640205,0.030729339,0.68409044,13.40322
48.83,5.2042027,106.64141,0.030735064,0.6842056,13.40323
48.84,5.204215,106.64257,0.030741043,0.68431973,13.403245
48.85,5.2042284,106.64369,0.030746903,0.6844343,13.403254
48.86,5.204239,106.64491,0.030752718,0.68454856,13.403269
48.87,5.20425,106.64605,0.030758444,0.6846621,13.403281
48.88,5.2042603,106.64721,0.030764312,0.6847765,13.403289
48.89,5.2042727,106.64835,0.03077012,0.6848905,13.403301
48.9,5.204283,106.6495,0.030776042,0.6850033,13.403311
48.91,5.2042947,106.650696,0.030782096,0.6851175,13.403328
48.92,5.204306,106.651794,0.03078784,0.6852306,13.4033375
48.93,5.204317,106.65298,0.030793764,0.68534404,13.403349
48.94,5.20433,106.65411,0.03079952,0.6854574,13.403356
48.95,5.2043433,106.65524,0.030805457,0.68557006,13.403366
48.96,5.204352,106.65644,0.030811265,0.6856834,13.4033785
48.97,5.204364,106.65755,0.030817177,0.68579584,13.403392
48.98,5.204376,106.658676,0.030823093,0.6859095,13.403403
48.99,5.2043853,106.65982,0.030829117,0.6860218,13.403416
49.0,5.204398,106.660965,0.030835044,0.6861337,13.403427
49.01,5.204409,106.66212,0.030841,0.68624634,13.403438
49.02,5.2044206,106.663246,0.03084661,0.6863584,13.403444
49.03,5.2044334,106.66439,0.030852646,0.68647045,13.403461
49.04,5.2044425,106.665504,0.030858435,0.68658286,13.403472
49.05,5.204453,106.66664,0.030864488,0.6866946,13.4034815
49.06,5.2044654,106.66779,0.030870304,0.6868066,13.403493
49.07,5.204476,106.668884,0.030876372,0.686918,13.403504
49.08,5.204489,106.67004,0.030882195,0.6870305,13.403514
49.09,5.2044964,106.671165,0.030887987,0.6871414,13.403524
49.1,5.2045083,106.672264,0.03089397,0.6872529,13.403538
49.11,5.2045197,106.67341,0.03089979,0.6873641,13.403544
49.12,5.2045307,106.67453,0.030905925,0.6874755,13.403559
49.13,5.204545,106.675606,0.03091187,0.6875862,13.403569
49.14,5.204553,106.67674,0.030917738,0.687697,13.403577
49.15,5.204565,106.67786,0.030923642,0.6878077,13.403592
49.16,5.2045765,106.67899,0.030929651,0.6879185,13.4036
49.17,5.2045875,106.68005,0.030935496,0.68802935,13.403611
49.18,5.2045994,106.68124,0.030941494,0.68813926,13.403625
49.19,5.2046103,106.68231,0.030947436,0.6882497,13.403634
49.2,5.204621,106.68344,0.030953545,0.68836033,13.403642
49.21,5.20463,106.684494,0.030959174,0.6884703,13.403657
49.22,5.204642,106.68564,0.030965328,0.6885798,13.403669
49.23,5.2046523,106.686714,0.030971248,0.68868965,13.403676
49.24,5.2046666,106.68783,0.03097732,0.6887998,13.403687
49.25,5.2046766,106.688934,0.030983187,0.68890965,13.403697
49.26,5.2046857,106.69003,0.030988988,0.6890187,13.403709
49.27,5.2046976,106.69114,0.030995429,0.6891287,13.403718
49.28,5.2047076,106.69223,0.031001128,0.6892375,13.4037285
49.29,5.2047224,106.69335,0.031007178,0.68934757,13.403741
49.3,5.204734,106.694374,0.031013109,0.6894562,13.403751
49.31,5.2047434,106.6955,0.031019066,0.68956476,13.403761
49.32,5.204755,106.69657,0.031024769,0.6896735,13.403774
49.33,5.2047653,106.69767,0.031030916,0.68978274,13.403782
49.34,5.204775,106.69879,0.031036988,0.68989134,13.403793
49.35,5.2047877,106.699844,0.031042945,0.6899992,13.403804
49.36,5.204798,106.70091,0.03104898,0.6901082,13.403819
49.37,5.2048097,106.70203,0.03105506,0.6902164,13.403827
49.38,5.204821,106.70307,0.03106108,0.69032514,13.403836
49.39,5.20483,106.70416,0.031066999,0.6904328,13.40385
49.4,5.2048416,106.70526,0.031073038,0.69054055,13.403857
49.41,5.204855,106.706345,0.03107901,0.6906482,13.403869
49.42,5.204863,106.70739,0.031084895,0.69075674,13.403878
49.43,5.204876,106.708496,0.031090833,0.6908641,13.40389
49.44,5.204886,106.70956,0.031096976,0.6909715,13.403898
49.45,5.2048974,106.710594,0.031102952,0.69107896,13.403909
49.46,5.2049065,106.71167,0.031109154,0.69118655,13.403918
49.47,5.204919,106.71278,0.03111519,0.6912935,13.403932
49.48,5.204931,106.713806,0.031121124,0.6914007,13.403942
49.49,5.2049384,106.71489,0.031127114,0.69150746,13.403954
49.5,5.2049494,106.71591,0.03113313,0.69161487,13.403963
49.51,5.204961,106.71698,0.031139247,0.6917217,13.403971
49.52,5.204971,106.718056,0.031145118,0.69182754,13.403977
49.53,5.2049828,106.71914,0.03115132,0.6919346,13.403991
49.54,5.204994,106.72019,0.03115752,0.6920411,13.404
49.55,5.205003,106.721214,0.031163499,0.6921472,13.404014
49.56,5.205014,106.72228,0.031169381,0.6922535,13.404021
49.57,5.205027,106.72336,0.031175464,0.69235986,13.404032
49.58,5.205036,106.724365,0.031181417,0.6924658,13.404045
49.59,5.2050486,106.72544,0.031187609,0.6925718,13.404055
49.6,5.2050605,106.72648,0.031193689,0.6926774,13.404059
49.61,5.2050705,106.72755,0.031199671,0.6927832,13.404072
49.62,5.205081,106.72858,0.031205732,0.6928886,13.404082
49.63,5.2050915,106.72965,0.031211667,0.6929945,13.40409
49.64,5.2051015,106.73068,0.031217735,0.6930997,13.404104
49.65,5.2051125,106.73173,0.031223964,0.6932046,13.404112
49.66,5.205121,106.73275,0.031229869,0.69331,13.404123
49.67,5.205136,106.73382,0.031235993,0.6934157,13.404129
49.68,5.205144,106.734856,0.031242214,0.6935197,13.404143
49.69,5.205156,106.73585,0.031248204,0.69362545,13.404152
49.7,5.205166,106.73687,0.031254325,0.6937295,13.404162
49.71,5.205176,106.73794,0.031260308,0.6938341,13.404172
49.72,5.205188,106.73898,0.031266578,0.6939386,13.404181
49.73,5.205198,106.73999,0.031272616,0.6940439,13.40419
49.74,5.2052083,106.74105,0.031278793,0.6941482,13.404202
49.75,5.20522,106.74203,0.03128471,0.6942521,13.40421
49.76,5.20523,106.74306,0.03129072,0.6943561,13.4042225
49.77,5.20524,106.744064,0.031296976,0.69446003,13.404227
49.78,5.2052503,106.74513,0.031303007,0.69456387,13.404241
49.79,5.205263,106.746155,0.03130923,0.69466794,13.404254
49.8,5.205271,106.74716,0.031315193,0.6947717,13.404262
49.81,5.2052813,106.748184,0.031321213,0.69487494,13.404269
49.82,5.205292,106.749176,0.031327423,0.69497836,13.404278
49.83,5.205303,106.75024,0.031333517,0.6950819,13.40429
49.84,5.2053137,106.75123,0.031339705,0.6951854,13.404304
49.85,5.2053266,106.75229,0.031345703,0.6952883,13.404308
49.86,5.205337,106.75327,0.031351946,0.6953918,13.404318
49.87,5.2053466,106.75431,0.03135803,0.6954946,13.40433
49.88,5.205357,106.755325,0.031364016,0.69559723,13.404337
49.89,5.205367,106.756294,0.031370234,0.6957004,13.404345
49.9,5.205379,106.75728,0.03137643,0.69580287,13.404357
49.91,5.20539,106.7583,0.031382482,0.69590515,13.404369
49.92,5.2054,106.75932,0.031388633,0.69600785,13.404372
49.93,5.205411,106.7603,0.03139494,0.6961104,13.404388
49.94,5.205421,106.76132,0.031400938,0.69621253,13.404394
49.95,5.205431,106.7623,0.031407017,0.6963147,13.404404
49.96,5.205442,106.76331,0.031413097,0.6964167,13.404411
49.97,5.2054524,106.76433,0.0314192,0.6965189,13.404423
49.98,5.2054605,106.76531,0.031425327,0.69662106,13.404434
49.99,5.2054725,106.76633,0.031431682,0.69672304,13.404442
50.0,5.205483,106.76728,0.031437933,0.69682443,13.4044485
50.01,5.2054925,106.768295,0.031444028,0.69692606,13.404457
50.02,5.205503,106.76925,0.031450108,0.6970275,13.404469
50.03,5.205516,106.77025,0.031456184,0.69712865,13.404483
50.04,5.205525,106.77124,0.03146247,0.6972299,13.40449
50.05,5.205535,106.77224,0.031468645,0.6973316,13.404501
50.06,5.205547,106.773186,0.031474642,0.697432,13.4045105
50.07,5.2055564,106.77424,0.031480897,0.6975324,13.404516
50.08,5.205565,106.77518,0.031487066,0.69763404,13.404522
50.09,5.2055764,106.77617,0.031492915,0.6977347,13.404532
50.1,5.205587,106.77715,0.031499296,0.6978352,13.404542
50.11,5.2055955,106.77812,0.03150553,0.69793636,13.404552
50.12,5.2056065,106.77914,0.031511705,0.698036,13.404565
50.13,5.205619,106.7801,0.031518012,0.6981366,13.404578
50.14,5.2056274,106.78107,0.031524032,0.6982364,13.40458
50.15,5.2056375,106.782005,0.03153019,0.6983364,13.404591
50.16,5.20565,106.783005,0.031536505,0.69843763,13.404597
50.17,5.205658,106.784,0.031542644,0.6985365,13.404612
50.18,5.205668,106.784966,0.031548657,0.69863707,13.40462
50.19,5.2056785,106.785934,0.031554878,0.6987363,13.404624
50.2,5.205689,106.78687,0.031561047,0.6988363,13.404634
50.21,5.205702,106.78784,0.03156717,0.69893587,13.404644
50.22,5.2057095,106.78881,0.031573497,0.6990347,13.404654
50.23,5.205722,106.78977,0.03157976,0.6991343,13.404663
50.24,5.20573,106.79073,0.031585902,0.6992343,13.404673
50.25,5.205743,106.791664,0.031592116,0.6993331,13.404686
50.26,5.20575,106.79264,0.031598493,0.6994321,13.404689
50.27,5.2057624,106.79359,0.031604536,0.69953156,13.404697
50.28,5.2057714,106.79456,0.0316108,0.6996303,13.404709
50.29,5.2057815,106.795525,0.03161708,0.69972926,13.404719
50.3,5.2057905,106.79652,0.03162305,0.6998274,13.404728
50.31,5.205804,106.79744,0.031629432,0.69992644,13.404736
50.32,5.2058105,106.79841,0.03163563,0.7000244,13.404744
50.33,5.205823,106.79934,0.03164169,0.70012295,13.404753
50.34,5.2058334,106.800316,0.03164806,0.70022124,13.404764
50.35,5.2058425,106.80122,0.03165417,0.70031947,13.404769
50.36,5.2058535,106.80217,0.0316605,0.7004175,13.404783
50.37,5.2058625,106.803116,0.031666778,0.700516,13.40479
50.38,5.2058735,106.80407,0.031672955,0.70061404,13.404797
50.39,5.2058835,106.80503,0.03167908,0.7007119,13.404807
50.4,5.205892,106.805954,0.031685486,0.7008092,13.404812
50.41,5.205903,106.80691,0.031691503,0.70090646,13.404825
50.42,5.2059126,106.807846,0.031697817,0.70100474,13.404831
50.43,5.2059236,106.80876,0.031704072,0.7011023,13.4048395
50.44,5.205935,106.80971,0.031710442,0.70119935,13.404854
50.45,5.205945,106.81064,0.03171656,0.7012966,13.404857
50.46,5.205956,106.811554,0.031722754,0.7013938,13.404865
50.47,5.205965,106.81249,0.03172908,0.7014909,13.404876
50.48,5.2059736,106.813446,0.0317353,0.70158756,13.404887
50.49,5.2059855,106.814384,0.031741597,0.70168483,13.404894
50.5,5.2059937,106.81528,0.031748053,0.70178175,13.404902
50.51,5.2060056,106.816216,0.03175397,0.701878,13.404909
50.52,5.206014,106.817184,0.03176029,0.70197475,13.404918
50.53,5.2060237,106.81807,0.03176659,0.70207196,13.404927
50.54,5.2060337,106.81899,0.031772785,0.70216733,13.404938
50.55,5.206044,106.81995,0.031778965,0.70226413,13.404942
50.56,5.206054,106.820854,0.031785455,0.7023601,13.404957
50.57,5.2060666,106.82177,0.03179173,0.70245636,13.40496
50.58,5.206074,106.82271,0.0317978,0.70255214,13.404968
50.59,5.206086,106.82362,0.03180414,0.7026484,13.404977
50.6,5.206094,106.82453,0.031810343,0.70274365,13.404987
50.61,5.206104,106.825455,0.03181673,0.7028397,13.404996
50.62,5.206115,106.82637,0.031822782,0.70293504,13.4050045
50.63,5.206123,106.82728,0.031829186,0.7030307,13.405013
50.64,5.206136,106.82819,0.03183538,0.7031267,13.405018
50.65,5.206145,106.82913,0.031841744,0.7032224,13.405029
50.66,5.2061563,106.83006,0.03184814,0.7033175,13.405036
50.67,5.2061634,106.83093,0.03185439,0.70341253,13.405048
50.68,5.2061744,106.83183,0.031860627,0.7035074,13.405057
50.69,5.2061844,106.83273,0.031866856,0.7036028,13.405059
50.7,5.2061934,106.83363,0.031873226,0.7036975,13.405069
50.71,5.206203,106.83454,0.03187936,0.70379233,13.405085
50.72,5.2062125,106.83549,0.031885598,0.7038866,13.40509
50.73,5.2062235,106.836334,0.031891905,0.7039815,13.405097
50.74,5.2062335,106.83724,0.031898316,0.70407695,13.405106
50.75,5.206244,106.83818,0.031904563,0.7041712,13.405115
50.76,5.206253,106.839066,0.031910803,0.7042658,13.405125
50.77,5.206262,106.83995,0.03191727,0.70435953,13.405131
50.78,5.2062726,106.84084,0.03192357,0.7044536,13.405137
50.79,5.2062817,106.84175,0.031929683,0.7045474,13.405147
50.8,5.2062907,106.84262,0.031936172,0.7046422,13.405152
50.81,5.206301,106.84354,0.031942405,0.704736,13.405161
50.82,5.206313,106.84437,0.031948753,0.70482963,13.40517
50.83,5.20632,106.84526,0.031955063,0.70492387,13.405176
50.84,5.2063317,106.84617,0.031961273,0.70501745,13.405188
50.85,5.2063403,106.84709,0.031967632,0.70511043,13.405192
50.86,5.206351,106.84801,0.031974066,0.7052044,13.405202
50.87,5.2063627,106.84884,0.031980272,0.7052975,13.405213
50.88,5.206372,106.84975,0.031986624,0.70539117,13.40522
50.89,5.2063794,106.8506,0.031992953,0.7054839,13.405223
50.9,5.2063875,106.85153,0.031999264,0.705577,13.405235
50.91,5.2064,106.85237,0.03200576,0.7056707,13.405243
50.92,5.2064104,106.85324,0.03201203,0.7057632,13.405249
50.93,5.206419,106.85415,0.032018267,0.7058563,13.405253
50.94,5.2064276,106.855034,0.032024518,0.7059489,13.405262
50.95,5.2064385,106.8559,0.032030933,0.7060416,13.405273
50.96,5.2064476,106.85676,0.032037098,0.70613456,13.405284
50.97,5.2064595,106.857666,0.032043587,0.706227,13.40529
50.98,5.206468,106.85851,0.03204988,0.7063194,13.405294
50.99,5.206478,106.859406,0.032055963,0.70641077,13.405305
51.0,5.2064877,106.86026,0.03206252,0.70650375,13.405309
51.01,5.206497,106.86114,0.03206886,0.70659596,13.405324
51.02,5.206507,106.86201,0.03207536,0.7066876,13.405329
51.03,5.2065153,106.86287,0.032081496,0.7067797,13.405335
51.04,5.206527,106.86374,0.032087803,0.70687205,13.405344
51.05,5.2065353,106.86461,0.032094277,0.70696396,13.405354
51.06,5.206545,106.86547,0.032100577,0.7070552,13.40536
51.07,5.2065554,106.86627,0.032106824,0.7071474,13.405366
51.08,5.2065644,106.86715,0.03211334,0.7072385,13.405376
51.09,5.206574,106.86805,0.032119516,0.7073298,13.405384
51.1,5.206583,106.8689,0.032125935,0.70742095,13.405394
51.11,5.206594,106.8698,0.03213225,0.70751286,13.405397
51.12,5.206603,106.87064,0.03213858,0.70760435,13.405406
51.13,5.20661,106.87147,0.032145154,0.7076951,13.405412
51.14,5.2066216,106.872345,0.032151382,0.70778596,13.405422
51.15,5.2066307,106.87318,0.03215764,0.70787716,13.405433
51.16,5.2066426,106.87404,0.03216415,0.7079676,13.405439
51.17,5.20665,106.87492,0.03217043,0.7080587,13.405444
51.18,5.2066607,106.87574,0.03217679,0.7081492,13.405451
51.19,5.206668,106.876564,0.032183036,0.70824,13.405463
51.2,5.206679,106.877426,0.032189514,0.70833004,13.405471
51.21,5.2066894,106.87826,0.03219583,0.7084204,13.405474
51.22,5.2066984,106.87913,0.0322024,0.7085112,13.405479
51.23,5.206708,106.880005,0.032208476,0.7086012,13.405492
51.24,5.2067175,106.880844,0.03221507,0.70869166,13.4055
51.25,5.206727,106.88167,0.03222139,0.7087819,13.405505
51.26,5.206735,106.88252,0.032227803,0.70887107,13.405514
51.27,5.206745,106.883354,0.03223403,0.7089615,13.40552
51.28,5.206754,106.88417,0.03224073,0.7090514,13.405529
51.29,5.2067647,106.88502,0.03224684,0.70914114,13.405535
51.3,5.206774,106.885895,0.032253187,0.7092312,13.405542
51.31,5.206783,106.8867,0.03225974,0.70932084,13.40555
51.32,5.2067933,106.88752,0.032265984,0.7094103,13.40556
51.33,5.206801,106.8884,0.03227228,0.7094994,13.405563
51.34,5.206812,106.88922,0.032278832,0.709589,13.405575
51.35,5.2068214,106.89004,0.03228515,0.7096778,13.4055805
51.36,5.206829,106.89086,0.03229143,0.7097667,13.405588
51.37,5.2068396,106.89169,0.032297786,0.70985645,13.405597
51.38,5.2068477,106.89253,0.032304313,0.709945,13.4056
51.39,5.206859,106.89335,0.032310594,0.71003354,13.405608
51.4,5.206867,106.89418,0.03231699,0.7101227,13.405615
51.41,5.2068763,106.89501,0.032323424,0.71021175,13.405622
51.42,5.206887,106.89579,0.032329928,0.7103006,13.405631
51.43,5.206895,106.89664,0.0323363,0.71038896,13.405638
51.44,5.206904,106.89744,0.03234269,0.7104771,13.405646
51.45,5.206915,106.898285,0.03234899,0.7105656,13.405655
51.46,5.2069235,106.899124,0.03235557,0.7106544,13.405661
51.47,5.206932,106.899925,0.032361813,0.71074206,13.405666
51.48,5.2069416,106.900734,0.032368403,0.71083075,13.40567
51.49,5.206951,106.90159,0.032374557,0.7109189,13.405683
51.5,5.206962,106.90241,0.03238095,0.7110062,13.405688
51.51,5.2069693,106.90319,0.03238743,0.71109486,13.405699
51.52,5.2069793,106.90403,0.032393903,0.71118265,13.405706
51.53,5.2069883,106.90484,0.03240008,0.71127,13.40571
51.54,5.206999,106.90565,0.03240672,0.71135783,13.405717
51.55,5.2070074,106.90643,0.032413136,0.7114455,13.4057255
51.56,5.207019,106.907265,0.03241954,0.71153265,13.405731
51.57,5.2070265,106.90806,0.032425787,0.7116202,13.405737
51.58,5.207035,106.90886,0.03243238,0.7117079,13.4057455
51.59,5.2070465,106.90967,0.0324386,0.7117949,13.405751
51.6,5.2070546,106.91051,0.032445177,0.7118818,13.405758
51.61,5.2070646,106.91131,0.03245155,0.7119699,13.4057665
51.62,5.2070713,106.912125,0.032457888,0.7120559,13.405771
51.63,5.207082,106.91291,0.032464497,0.71214324,13.405779
51.64,5.2070913,106.91373,0.032470755,0.71223027,13.405786
51.65,5.207101,106.914505,0.032477275,0.71231735,13.40579
51.66,5.2071114,106.91535,0.032483775,0.71240425,13.405801
51.67,5.2071176,106.91611,0.032490138,0.71249026,13.405808
51.68,5.2071276,106.91689,0.032496594,0.7125768,13.405814
51.69,5.2071366,106.91769,0.032502897,0.7126633,13.405819
51.7,5.2071447,106.91847,0.032509465,0.71275,13.405831
51.71,5.207156,106.919304,0.032515846,0.7128365,13.405837
51.72,5.2071643,106.92009,0.032522168,0.71292216,13.405844
51.73,5.2071743,106.920876,0.032528758,0.7130081,13.405849
51.74,5.2071824,106.92169,0.032535005,0.7130944,13.405857
51.75,5.207192,106.9225,0.03254174,0.7131809,13.405869
51.76,5.2072024,106.92328,0.03254819,0.7132667,13.405867
51.77,5.2072105,106.92409,0.032554314,0.7133521,13.405878
51.78,5.207219,106.924835,0.03256075,0.71343803,13.405887
51.79,5.2072287,106.925606,0.03256716,0.7135233,13.405891
51.8,5.2072396,106.92638,0.03257376,0.7136093,13.405896
51.81,5.2072477,106.92718,0.032580063,0.7136944,13.405905
51.82,5.207255,106.92796,0.03258665,0.7137798,13.405912
51.83,5.207265,106.92877,0.03259293,0.71386606,13.405917
51.84,5.207273,106.92953,0.032599397,0.7139505,13.405924
51.85,5.2072845,106.93031,0.03260582,0.71403617,13.40593
51.86,5.2072926,106.931114,0.032612376,0.7141214,13.405935
51.87,5.2073,106.931885,0.032618802,0.7142059,13.405945
51.88,5.20731,106.93267,0.032625124,0.7142911,13.405952
51.89,5.207319,106.93343,0.03263157,0.714376,13.405953
51.9,5.207329,106.934204,0.032638125,0.7144608,13.405961
51.91,5.207336,106.93497,0.032644507,0.71454567,13.40597
51.92,5.207347,106.935776,0.032651167,0.71463054,13.405975
51.93,5.207357,106.93654,0.032657493,0.7147149,13.405986
51.94,5.207365,106.937294,0.032663867,0.71479976,13.40599
51.95,5.207374,106.93809,0.032670278,0.714884,13.405996
51.96,5.2073836,106.938866,0.032676924,0.7149682,13.406005
51.97,5.2073917,106.93964,0.032683276,0.71505284,13.406006
51.98,5.2074018,106.94037,0.03268977,0.7151367,13.406017
51.99,5.207409,106.941154,0.032696266,0.715221,13.406023
52.0,5.20742,106.94193,0.032702792,0.71530485,13.40603
52.01,5.2074285,106.94267,0.032709073,0.71538854,13.406036
52.02,5.2074385,106.94347,0.032715473,0.7154727,13.40604
52.03,5.2074466,106.944244,0.03272209,0.7155566,13.406045
52.04,5.207455,106.944984,0.032728635,0.7156403,13.4060545
52.05,5.2074637,106.945755,0.03273495,0.71572393,13.406061
52.06,5.207473,106.946526,0.032741282,0.7158071,13.406071
52.07,5.2074833,106.94729,0.032747917,0.71589124,13.406075
52.08,5.207491,106.94798,0.032754358,0.71597433,13.406078
52.09,5.2074986,106.94876,0.0327609,0.7160579,13.406087
52.1,5.207508,106.94957,0.032767113,0.71614045,13.406091
52.11,5.2075157,106.95029,0.03277382,0.71622425,13.406104
52.12,5.207526,106.95105,0.032780457,0.7163075,13.406106
52.13,5.207535,106.95175,0.032786835,0.7163901,13.406111
52.14,5.207545,106.952545,0.032793324,0.7164735,13.40612
52.15,5.2075515,106.953285,0.03279972,0.71655613,13.406126
52.16,5.20756,106.95404,0.03280631,0.71663934,13.406133
52.17,5.2075715,106.9548,0.032812644,0.7167216,13.4061365
52.18,5.207579,106.95555,0.032819133,0.7168036,13.406148
52.19,5.2075887,106.956276,0.032825477,0.7168872,13.406155
52.2,5.2075973,106.95703,0.03283209,0.7169695,13.406158
52.21,5.207604,106.95778,0.03283843,0.7170521,13.406166
52.22,5.2076144,106.95854,0.03284493,0.71713465,13.406167
52.23,5.207624,106.95932,0.03285146,0.71721655,13.4061775
52.24,5.207633,106.960014,0.032857973,0.71729875,13.406181
52.25,5.207639,106.960754,0.032864623,0.71738124,13.406187
52.26,5.2076507,106.96149,0.03287083,0.71746325,13.40619
52.27,5.2076597,106.962265,0.0328775,0.7175455,13.406202
52.28,5.2076683,106.963005,0.032883883,0.71762776,13.406209
52.29,5.207676,106.963715,0.032890454,0.7177092,13.406208
52.3,5.207686,106.964455,0.032896996,0.717791,13.4062195
52.31,5.2076955,106.96517,0.032903265,0.7178722,13.406229
52.32,5.207701,106.96596,0.032909766,0.7179538,13.406232
52.33,5.207712,106.966705,0.032916255,0.71803606,13.406239
52.34,5.2077208,106.967415,0.032922905,0.7181171,13.406245
52.35,5.207729,106.96813,0.032929253,0.7181983,13.406249
52.36,5.207738,106.96887,0.03293584,0.7182801,13.406257
52.37,5.2077465,106.9696,0.03294226,0.71836203,13.406261
52.38,5.207756,106.970314,0.032948975,0.7184425,13.406264
52.39,5.2077627,106.97106,0.032955352,0.7185242,13.406275
52.4,5.207772,106.971794,0.03296185,0.71860445,13.40628
52.41,5.207781,106.97251,0.032968257,0.71868515,13.406287
52.42,5.20779,106.97324,0.032974627,0.7187664,13.406292
52.43,5.207797,106.974,0.032981165,0.7188475,13.406298
52.44,5.2078075,106.97472,0.032987796,0.7189284,13.406302
52.45,5.2078166,106.97543,0.03299426,0.71900916,13.406311
52.46,5.207825,106.97616,0.033000764,0.7190893,13.406317
52.47,5.2078347,106.97689,0.033007193,0.71917033,13.406319
52.48,5.2078424,106.97763,0.033013884,0.7192503,13.406327
52.49,5.207849,106.97833,0.03302023,0.71933085,13.406333
52.5,5.207859,106.97906,0.03302673,0.7194114,13.406343
52.51,5.2078686,106.97975,0.03303321,0.7194912,13.406349
52.52,5.2078776,106.98045,0.033039626,0.7195713,13.406348
52.53,5.207885,106.981186,0.033046257,0.71965194,13.406358
52.54,5.207893,106.98193,0.03305279,0.71973175,13.406367
52.55,5.2079015,106.98263,0.033059277,0.71981174,13.406369
52.56,5.207911,106.983376,0.033065584,0.7198915,13.406376
52.57,5.2079186,106.98411,0.033072226,0.7199715,13.406382
52.58,5.2079277,106.98476,0.033078723,0.7200518,13.406386
52.59,5.207936,106.985466,0.033085227,0.7201314,13.406393
52.6,5.207946,106.98619,0.03309184,0.72021055,13.406402
52.61,5.207953,106.9869,0.033098143,0.7202904,13.406401
52.62,5.207962,106.987595,0.033104643,0.7203696,13.406412
52.63,5.207972,106.98834,0.033111263,0.72044873,13.406414
52.64,5.2079787,106.98906,0.033117928,0.720528,13.4064245
52.65,5.2079897,106.989746,0.033124316,0.72060776,13.406428
52.66,5.207996,106.99047,0.033130888,0.7206874,13.406429
52.67,5.2080054,106.99114,0.03313722,0.720766,13.406437
52.68,5.208014,106.991875,0.03314382,0.7208454,13.406444
52.69,5.208022,106.992584,0.03315046,0.7209238,13.406445
52.7,5.208031,106.99326,0.033156734,0.7210027,13.406456
52.71,5.2080393,106.993965,0.033163276,0.72108155,13.406465
52.72,5.2080483,106.99465,0.03316978,0.7211612,13.406468
52.73,5.2080555,106.99538,0.033176333,0.72123915,13.406472
52.74,5.208065,106.99605,0.03318288,0.72131824,13.40648
52.75,5.2080727,106.99676,0.03318951,0.72139615,13.406484
52.76,5.2080817,106.99748,0.033195782,0.72147506,13.4064865
52.77,5.2080917,106.99816,0.033202507,0.7215532,13.406495
52.78,5.208102,106.99884,0.033208847,0.72163165,13.4065
52.79,5.2081084,106.99955,0.03321576,0.7217104,13.406506
52.8,5.2081156,107.00025,0.033221975,0.7217881,13.406511
52.81,5.2081265,107.00093,0.03322841,0.72186685,13.406517
52.82,5.2081337,107.00162,0.033235095,0.721945,13.406518
52.83,5.208142,107.00233,0.033241518,0.72202194,13.406527
52.84,5.2081494,107.003,0.033248182,0.7221007,13.406529
52.85,5.208157,107.003654,0.03325452,0.7221781,13.406535
52.86,5.208168,107.0044,0.033261072,0.7222567,13.406548
52.87,5.2081747,107.005104,0.03326763,0.72233385,13.406549
52.88,5.208184,107.005806,0.033274125,0.72241205,13.406554
52.89,5.208194,107.00643,0.03328061,0.722489,13.40656
52.9,5.2081995,107.00712,0.033287257,0.72256696,13.406567
52.91,5.2082057,107.00781,0.033293705,0.7226443,13.406571
52.92,5.2082176,107.00849,0.033300307,0.72272193,13.406576
52.93,5.2082276,107.0092,0.03330671,0.7227987,13.406583
52.94,5.2082343,107.009834,0.033313297,0.7228761,13.406584
52.95,5.208242,107.01053,0.033319797,0.7229531,13.406594
52.96,5.2082505,107.01122,0.033326406,0.72303045,13.406598
52.97,5.208259,107.01192,0.033332963,0.7231078,13.406608
52.98,5.2082663,107.012596,0.03333937,0.7231844,13.406608
52.99,5.2082753,107.01327,0.033345994,0.7232615,13.406614
53.0,5.2082815,107.01397,0.033352397,0.7233383,13.40662
53.01,5.2082934,107.01462,0.033358935,0.7234152,13.406625
53.02,5.2083,107.0153,0.0333653,0.7234919,13.406628
53.03,5.208309,107.01597,0.033371978,0.7235684,13.406632
53.04,5.2083163,107.01665,0.033378582,0.72364527,13.40664
53.05,5.208325,107.01733,0.03338517,0.7237216,13.406647
53.06,5.2083344,107.01798,0.033391733,0.7237979,13.406656
53.07,5.2083435,107.018654,0.033398062,0.72387433,13.406659
53.08,5.2083516,107.01933,0.033404864,0.7239508,13.406661
53.09,5.2083583,107.01998,0.033410996,0.72402716,13.406671
53.1,5.2083664,107.02067,0.033417664,0.72410345,13.406674
53.11,5.208376,107.02138,0.033424348,0.72417927,13.406673
53.12,5.2083836,107.02199,0.033430647,0.7242556,13.406683
53.13,5.2083907,107.0227,0.03343716,0.72433144,13.406687
53.14,5.2084002,107.023346,0.033443943,0.7244071,13.406695
53.15,5.208409,107.02399,0.033450395,0.7244833,13.406703
53.16,5.208416,107.02466,0.033456936,0.7245585,13.406702
53.17,5.208427,107.02534,0.03346352,0.7246348,13.406708
53.18,5.2084336,107.026024,0.033470146,0.7247099,13.4067135
53.19,5.2084413,107.026634,0.033476666,0.7247861,13.40672
53.2,5.20845,107.027306,0.033483125,0.72486204,13.406725
53.21,5.2084584,107.02799,0.033489574,0.7249372,13.406732
53.22,5.2084675,107.02865,0.03349602,0.72501236,13.4067335
53.23,5.208474,107.0293,0.03350277,0.72508794,13.406737
53.24,5.2084813,107.02998,0.033509165,0.725163,13.406743
53.25,5.2084913,107.03062,0.033515815,0.72523785,13.406748
53.26,5.2084985,107.03122,0.0335223,0.7253137,13.406753
53.27,5.2085075,107.03192,0.033528898,0.7253881,13.406756
53.28,5.208516,107.03259,0.03353533,0.7254634,13.406762
53.29,5.2085233,107.03324,0.03354193,0.72553843,13.406771
53.3,5.2085333,107.03389,0.033548463,0.72561306,13.406776
53.31,5.2085404,107.03458,0.033554953,0.7256879,13.40678
53.32,5.208547,107.035194,0.033561587,0.7257626,13.406785
53.33,5.2085567,107.03586,0.033568107,0.72583735,13.40679
53.34,5.2085648,107.0365,0.033574607,0.72591215,13.406798
53.35,5.2085724,107.03716,0.033581108,0.72598684,13.4068
53.36,5.208583,107.037796,0.0335878,0.7260614,13.406805
53.37,5.208589,107.038475,0.03359421,0.726135,13.406806
53.38,5.208597,107.03912,0.033600893,0.72620976,13.406813
53.39,5.2086067,107.03974,0.033607323,0.7262843,13.406818
53.4,5.208613,107.04038,0.033613976,0.7263581,13.406822
53.41,5.2086215,107.041046,0.033620406,0.726432,13.406827
53.42,5.2086296,107.04166,0.03362702,0.7265066,13.406834
53.43,5.2086368,107.042305,0.033633452,0.72658074,13.40684
53.44,5.208646,107.04296,0.03363995,0.7266545,13.406843
53.45,5.2086544,107.04358,0.03364657,0.72672826,13.406846
53.46,5.208663,107.04428,0.033653073,0.726802,13.406851
53.47,5.208671,107.04487,0.033659663,0.7268768,13.406857
53.48,5.208677,107.04549,0.033666063,0.72694975,13.406861
53.49,5.208686,107.04615,0.033672784,0.7270231,13.406867
53.5,5.2086935,107.046814,0.03367945,0.7270976,13.406872
53.51,5.208703,107.04741,0.033685688,0.7271702,13.4068775
53.52,5.2087107,107.04805,0.033692546,0.7272445,13.406889
53.53,5.2087183,107.04865,0.033698916,0.7273175,13.406889
53.54,5.2087264,107.04937,0.033705518,0.7273904,13.40689
53.55,5.2087345,107.04998,0.033712033,0.727464,13.406895
53.56,5.208741,107.05059,0.033718605,0.72753733,13.406903
53.57,5.2087517,107.05125,0.033725135,0.7276105,13.406908
53.58,5.2087584,107.05185,0.03373163,0.72768384,13.406914
53.59,5.2087665,107.052475,0.033738192,0.727756,13.406918
53.6,5.2087717,107.05313,0.03374476,0.7278294,13.40692
53.61,5.2087817,107.05376,0.033751328,0.7279025,13.406923
53.62,5.2087917,107.054375,0.03375785,0.72797525,13.406926
53.63,5.2088,107.05504,0.033764407,0.728048,13.406934
53.64,5.2088046,107.05565,0.033770856,0.7281207,13.4069395
53.65,5.208816,107.05626,0.033777513,0.7281933,13.406942
53.66,5.2088213,107.05688,0.033783894,0.7282664,13.406949
53.67,5.2088304,107.0575,0.03379049,0.72833884,13.406956
53.68,5.2088366,107.05815,0.033797003,0.72841126,13.406957
53.69,5.208846,107.05877,0.033803448,0.72848344,13.406961
53.7,5.2088547,107.0594,0.03381023,0.7285561,13.406968
53.71,5.2088623,107.060005,0.03381659,0.7286284,13.406972
53.72,5.208867,107.06062,0.03382326,0.72870004,13.406976
53.73,5.2088776,107.06126,0.03382991,0.72877276,13.4069805
53.74,5.208888,107.06188,0.033836324,0.7288444,13.406983
53.75,5.2088957,107.0625,0.033842865,0.7289167,13.406989
53.76,5.2089024,107.06311,0.033849373,0.7289884,13.406995
53.77,5.2089095,107.06376,0.03385599,0.72905993,13.406999
53.78,5.2089167,107.06435,0.03386261,0.7291323,13.407004
53.79,5.2089252,107.06495,0.03386934,0.72920436,13.407006
53.8,5.208934,107.06558,0.033875648,0.7292759,13.407011
53.81,5.208944,107.066154,0.033882223,0.72934794,13.407016
53.82,5.2089477,107.066795,0.033888806,0.72941923,13.407019
53.83,5.2089562,107.06743,0.033895392,0.7294908,13.407024
53.84,5.208966,107.06802,0.03390173,0.72956234,13.407029
53.85,5.2089744,107.068634,0.03390824,0.72963357,13.407032
53.86,5.20898,107.06924,0.03391489,0.72970563,13.40704
53.87,5.208989,107.06989,0.033921592,0.72977644,13.407043
53.88,5.2089972,107.07045,0.033928055,0.7298474,13.407044
53.89,5.209006,107.071075,0.033934675,0.72991884,13.407051
53.9,5.209011,107.07171,0.033941016,0.72998977,13.407056
53.91,5.209019,107.07233,0.03394773,0.73006135,13.407061
53.92,5.2090282,107.072945,0.03395421,0.73013186,13.407065
53.93,5.2090364,107.0735,0.03396083,0.73020285,13.407071
53.94,5.209044,107.07415,0.033967294,0.73027354,13.407076
53.95,5.209054,107.074715,0.033973813,0.7303448,13.407079
53.96,5.2090583,107.07529,0.033980366,0.730415,13.407085
53.97,5.2090673,107.07592,0.033987053,0.7304861,13.407089
53.98,5.2090745,107.076515,0.0339934,0.7305566,13.407088
53.99,5.2090826,107.07713,0.03400002,0.73062706,13.407099
54.0,5.209088,107.077736,0.03400651,0.7306979,13.407099
54.01,5.2090983,107.07835,0.034013078,0.73076844,13.407104
54.02,5.2091055,107.07893,0.034019586,0.7308387,13.407106
54.03,5.209114,107.07951,0.034026265,0.7309092,13.407111
54.04,5.2091203,107.080086,0.034032825,0.7309792,13.40712
54.05,5.209129,107.08073,0.034039352,0.73105,13.407122
54.06,5.209136,107.08129,0.03404582,0.73111963,13.407125
54.07,5.209144,107.08192,0.03405247,0.73119015,13.407131
54.08,5.209152,107.08253,0.034058798,0.7312599,13.407136
54.09,5.2091594,107.08311,0.034065608,0.73132986,13.407138
54.1,5.209168,107.08368,0.03407202,0.7314,13.40714
54.11,5.2091746,107.08429,0.034078814,0.73146945,13.407147
54.12,5.2091846,107.08492,0.034085184,0.7315398,13.407145
54.13,5.209193,107.08549,0.0340917,0.73160934,13.407154
54.14,5.2091975,107.086044,0.034098037,0.73167896,13.407159
54.15,5.2092075,107.08667,0.034104798,0.73174834,13.407165
54.16,5.2092147,107.08726,0.034111343,0.7318181,13.407168
54.17,5.209223,107.08784,0.034117963,0.7318881,13.407173
54.18,5.2092304,107.08843,0.034124583,0.73195815,13.407174
54.19,5.2092366,107.089035,0.03413105,0.7320266,13.407179
54.2,5.209245,107.08962,0.03413763,0.73209643,13.407182
54.21,5.2092524,107.0902,0.03414401,0.73216546,13.407188
54.22,5.2092605,107.09082,0.03415063,0.73223484,13.40719
54.23,5.2092676,107.091385,0.034157254,0.7323041,13.407196
54.24,5.209275,107.09194,0.034163866,0.73237336,13.407199
54.25,5.2092824,107.09254,0.03417022,0.73244184,13.407206
54.26,5.2092915,107.093124,0.034176733,0.73251075,13.40721
54.27,5.209298,107.09367,0.034183305,0.73258,13.407208
54.28,5.209307,107.094284,0.03418995,0.73264885,13.407214
54.29,5.2093124,107.09487,0.0341965,0.7327177,13.407219
54.3,5.2093205,107.095436,0.034203082,0.7327872,13.407228
54.31,5.2093287,107.09599,0.03420961,0.73285556,13.407227
54.32,5.2093344,107.09661,0.034216177,0.7329239,13.407231
54.33,5.2093425,107.09717,0.034222543,0.73299235,13.407241
54.34,5.2093515,107.097725,0.0342292,0.7330612,13.407239
54.35,5.209359,107.098335,0.03423586,0.73313004,13.407239
54.36,5.209368,107.09889,0.03424228,0.73319775,13.407245
54.37,5.209374,107.09947,0.03424889,0.7332669,13.407251
54.38,5.209381,107.10004,0.03425538,0.733335,13.407257
54.39,5.2093873,107.10063,0.034261998,0.7334036,13.40726
54.4,5.2093964,107.10119,0.034268484,0.7334713,13.407267
54.41,5.209404,107.101776,0.03427497,0.7335394,13.407266
54.42,5.209411,107.10236,0.034281425,0.73360735,13.40727
54.43,5.2094197,107.10292,0.034288034,0.73367566,13.407273
54.44,5.209428,107.103485,0.034294687,0.7337434,13.40728
54.45,5.209435,107.10408,0.034301322,0.7338115,13.407283
54.46,5.20944,107.104614,0.034307703,0.7338795,13.407289
54.47,5.2094502,107.1052,0.03431417,0.73394716,13.407292
54.48,5.2094564,107.10576,0.034320965,0.73401517,13.407293
54.49,5.209465,107.10629,0.034327272,0.7340819,13.407296
54.5,5.209474,107.10691,0.034333676,0.7341501,13.407298
54.51,5.2094803,107.10747,0.03434051,0.73421794,13.407307
54.52,5.209486,107.10803,0.034346964,0.73428553,13.407308
54.53,5.2094946,107.10861,0.034353573,0.7343528,13.407318
54.54,5.209501,107.10913,0.034360107,0.7344201,13.407317
54.55,5.2095103,107.109726,0.03436669,0.7344877,13.407321
54.56,5.209519,107.110306,0.034373198,0.73455495,13.407322
54.57,5.209526,107.11086,0.03437972,0.73462224,13.40733
54.58,5.2095327,107.11145,0.0343863,0.7346898,13.407333
54.59,5.209541,107.11195,0.034392618,0.7347563,13.407333
54.6,5.209548,107.11253,0.034399416,0.7348234,13.407338
54.61,5.209554,107.11308,0.034405977,0.73489094,13.407344
54.62,5.209562,107.11363,0.0344123,0.7349579,13.407346
54.63,5.20957,107.11422,0.034418877,0.73502505,13.407355
54.64,5.209577,107.11476,0.034425408,0.73509157,13.407356
54.65,5.2095866,107.11531,0.034432154,0.73515856,13.407359
54.66,5.2095933,107.11589,0.03443856,0.7352253,13.407362
54.67,5.2095995,107.11647,0.034445025,0.7352921,13.407367
54.68,5.209608,107.117,0.03445169,0.7353588,13.407369
54.69,5.2096133,107.11754,0.034458276,0.73542523,13.407375
54.7,5.209621,107.118095,0.03446497,0.7354919,13.407375
54.71,5.209628,107.11864,0.03447127,0.7355582,13.407378
54.72,5.2096357,107.11925,0.034477897,0.73562497,13.407381
54.73,5.209645,107.11975,0.03448427,0.7356909,13.407386
54.74,5.209651,107.1203,0.03449105,0.7357576,13.40739
54.75,5.209658,107.12087,0.03449739,0.735824,13.407394
54.76,5.209668,107.12141,0.034503944,0.7358898,13.407401
54.77,5.2096734,107.12196,0.03451055,0.73595595,13.4074
54.78,5.209679,107.12254,0.034517124,0.7360222,13.407405
54.79,5.209689,107.1231,0.03452365,0.7360885,13.407409
54.8,5.2096972,107.12363,0.034529988,0.73615444,13.407413
54.81,5.2097034,107.124146,0.034536686,0.73622036,13.407414
54.82,5.20971,107.124695,0.03454309,0.736286,13.40742
54.83,5.209717,107.125275,0.03454961,0.7363517,13.407423
54.84,5.209724,107.12581,0.034556076,0.7364173,13.407424
54.85,5.2097325,107.12634,0.034562748,0.7364839,13.407431
54.86,5.20974,107.12686,0.034569275,0.7365492,13.407432
54.87,5.2097454,107.12746,0.034575906,0.7366142,13.407434
54.88,5.2097554,107.127945,0.03458237,0.7366807,13.407444
54.89,5.209761,107.12852,0.034588818,0.73674613,13.407442
54.9,5.209769,107.12905,0.034595385,0.7368114,13.407448
54.91,5.2097764,107.12958,0.034602072,0.7368772,13.40745
54.92,5.2097836,107.13014,0.034608528,0.7369419,13.4074545
54.93,5.2097898,107.13067,0.034614984,0.73700744,13.407457
54.94,5.2097974,107.13122,0.03462167,0.7370727,13.40746
54.95,5.209806,107.13176,0.034628082,0.7371381,13.407469
54.96,5.2098117,107.13228,0.03463465,0.7372033,13.407468
54.97,5.20982,107.132805,0.034641065,0.7372681,13.407474
54.98,5.209829,107.13332,0.03464779,0.73733324,13.407475
54.99,5.2098374,107.13388,0.034654208,0.7373982,13.40748
55.0,5.2098417,107.13444,0.034660786,0.7374637,13.40748
55.01,5.2098484,107.13494,0.034667186,0.73752856,13.407489
55.02,5.209856,107.13551,0.034673892,0.7375931,13.407493
55.03,5.2098627,107.13604,0.034680236,0.73765785,13.407491
55.04,5.2098713,107.13655,0.034687012,0.7377229,13.407493
55.05,5.2098784,107.1371,0.034693517,0.73778737,13.407498
55.06,5.2098856,107.13763,0.03469992,0.7378522,13.407499
55.07,5.2098947,107.13816,0.03470645,0.7379161,13.407507
55.08,5.2099,107.13869,0.034713056,0.73798126,13.407509
55.09,5.209906,107.13924,0.03471935,0.7380456,13.407511
55.1,5.2099147,107.13975,0.034725875,0.73810995,13.407516
55.11,5.209922,107.14026,0.034732517,0.7381738,13.407518
55.12,5.2099295,107.140785,0.034739193,0.73823816,13.407524
55.13,5.209935,107.141335,0.0347456,0.73830277,13.407525
55.14,5.209943,107.14184,0.034752075,0.73836726,13.407529
55.15,5.209951,107.14237,0.034758616,0.7384308,13.407535
55.16,5.2099586,107.142914,0.034765225,0.7384955,13.407537
55.17,5.209965,107.14342,0.0347718,0.73855925,13.407543
55.18,5.2099714,107.14395,0.03477822,0.73862326,13.40754
55.19,5.209978,107.14451,0.034784764,0.7386868,13.407546
55.2,5.2099876,107.14501,0.034791283,0.7387512,13.407549
55.21,5.2099934,107.14553,0.034797706,0.73881507,13.407553
55.22,5.2099986,107.14606,0.034804445,0.7388791,13.407556
55.23,5.210006,107.146576,0.03481073,0.73894274,13.407559
55.24,5.2100143,107.14708,0.03481703,0.73900616,13.407561
55.25,5.210021,107.14761,0.03482381,0.73906964,13.407565
55.26,5.2100277,107.14813,0.03483017,0.73913354,13.407574
55.27,5.210034,107.14865,0.03483686,0.7391971,13.407571
55.28,5.210044,107.14918,0.03484349,0.73926044,13.407577
55.29,5.21005,107.14969,0.034849845,0.73932385,13.407576
55.3,5.2100573,107.15022,0.034856416,0.7393876,13.40758
55.31,5.2100663,107.15074,0.034862902,0.739451,13.407583
55.32,5.2100716,107.15125,0.034869533,0.73951393,13.407586
55.33,5.2100806,107.1518,0.03487592,0.7395776,13.407587
55.34,5.2100854,107.15226,0.03488244,0.73964083,13.407592
55.35,5.2100945,107.152794,0.03488905,0.73970324,13.407592
55.36,5.2101,107.153305,0.034895357,0.73976624,13.407599
55.37,5.210107,107.15383,0.03490213,0.7398302,13.407602
55.38,5.210116,107.154366,0.034908462,0.7398925,13.407607
55.39,5.2101235,107.154854,0.034914892,0.7399558,13.40761
55.4,5.2101283,107.15531,0.03492138,0.74001855,13.407612
55.41,5.2101345,107.15586,0.034928154,0.7400816,13.407618
55.42,5.210143,107.156395,0.034934495,0.740144,13.407619
55.43,5.2101502,107.15685,0.034941006,0.7402068,13.407624
55.44,5.2101545,107.15739,0.034947496,0.74026954,13.407624
55.45,5.210163,107.15787,0.03495416,0.74033177,13.407628
55.46,5.210171,107.1584,0.03496062,0.7403952,13.407632
55.47,5.210179,107.1589,0.034967028,0.74045706,13.407636
55.48,5.2101846,107.15939,0.034973595,0.7405199,13.407634
55.49,5.210192,107.15992,0.03498004,0.74058235,13.407637
55.5,5.2102003,107.16044,0.03498673,0.7406448,13.407643
55.51,5.2102084,107.16096,0.034993205,0.740707,13.407647
55.52,5.210214,107.16145,0.03499953,0.7407694,13.407648
55.53,5.21022,107.16194,0.035006147,0.7408311,13.407654
55.54,5.210226,107.162476,0.035012696,0.7408939,13.407656
55.55,5.210234,107.16295,0.035018906,0.74095553,13.4076605
55.56,5.2102404,107.16344,0.035025503,0.74101764,13.407663
55.57,5.210248,107.163956,0.03503221,0.7410803,13.407667
55.58,5.210255,107.164474,0.03503865,0.7411427,13.407667
55.59,5.2102623,107.16495,0.035045255,0.74120367,13.407669
55.6,5.210268,107.165474,0.03505155,0.74126554,13.407671
55.61,5.210276,107.165955,0.03505824,0.7413276,13.407677
55.62,5.2102833,107.16644,0.035064746,0.7413898,13.407678
55.63,5.210291,107.16696,0.03507114,0.7414515,13.407681
55.64,5.210297,107.16746,0.035077542,0.74151284,13.407688
55.65,5.210305,107.16794,0.03508429,0.7415744,13.407684
55.66,5.2103124,107.16845,0.035090625,0.74163634,13.407688
55.67,5.210318,107.16895,0.035097223,0.7416984,13.407693
55.68,5.2103233,107.16944,0.03510363,0.7417591,13.407696
55.69,5.210331,107.16995,0.035110105,0.7418208,13.407698
55.7,5.2103386,107.170425,0.035116583,0.7418824,13.407699
55.71,5.210344,107.17096,0.03512318,0.74194366,13.407703
55.72,5.2103515,107.17143,0.03512971,0.74200493,13.407703
55.73,5.2103596,107.17193,0.035136137,0.74206626,13.407708
55.74,5.2103662,107.172386,0.03514273,0.742127,13.407709
55.75,5.2103744,107.17288,0.03514926,0.74218893,13.40771
55.76,5.2103806,107.17337,0.035155535,0.7422496,13.407719
55.77,5.2103877,107.17381,0.035162114,0.7423108,13.407718
55.78,5.2103934,107.17436,0.035168443,0.7423717,13.407726
55.79,5.210401,107.17486,0.035175066,0.7424326,13.407726
55.8,5.2104073,107.175354,0.03518143,0.7424938,13.407728
55.81,5.210414,107.175835,0.035188064,0.7425545,13.407731
55.82,5.2104225,107.17631,0.035194512,0.7426157,13.407734
55.83,5.210429,107.17683,0.035200983,0.7426761,13.407739
55.84,5.210437,107.17731,0.035207525,0.74273646,13.40774
55.85,5.2104435,107.17779,0.035213787,0.7427976,13.407743
55.86,5.210451,107.178276,0.035220396,0.74285847,13.407744
55.87,5.2104564,107.17873,0.03522689,0.7429187,13.407747
55.88,5.210463,107.17923,0.035233356,0.7429791,13.407749
55.89,5.210468,107.179695,0.035239853,0.7430401,13.407755
55.9,5.2104774,107.180176,0.035246324,0.7431007,13.407756
55.91,5.210483,107.18069,0.035252947,0.7431605,13.407759
55.92,5.21049,107.1812,0.035259407,0.74322104,13.407759
55.93,5.2104983,107.18167,0.035265792,0.74328154,13.407764
55.94,5.210503,107.182144,0.03527238,0.7433418,13.407766
55.95,5.2105093,107.18261,0.03527882,0.7434027,13.407771
55.96,5.2105165,107.1831,0.035285354,0.7434617,13.407772
55.97,5.210524,107.18356,0.03529154,0.74352187,13.407777
55.98,5.2105317,107.18404,0.035298124,0.74358225,13.407778
55.99,5.210539,107.184494,0.035304748,0.7436425,13.407782
56.0,5.210543,107.18504,0.03531124,0.74370265,13.407787
56.01,5.2105517,107.1855,0.035317585,0.7437623,13.407787
56.02,5.210558,107.18594,0.035324156,0.74382234,13.40779
56.03,5.210565,107.18642,0.035330493,0.74388224,13.407789
56.04,5.210571,107.18689,0.03533714,0.743942,13.407794
56.05,5.2105775,107.18739,0.035343565,0.7440018,13.407794
56.06,5.2105837,107.187874,0.035350055,0.74406135,13.407797
56.07,5.2105913,107.188324,0.035356455,0.7441213,13.4078
56.08,5.2105994,107.188805,0.035363063,0.7441806,13.407803
56.09,5.2106047,107.18932,0.035369366,0.7442406,13.4078045
56.1,5.2106123,107.189766,0.035375774,0.74429923,13.40781
56.11,5.210619,107.19022,0.03538232,0.7443595,13.407813
56.12,5.210625,107.190704,0.035388857,0.7444184,13.407814
56.13,5.210632,107.19118,0.035395343,0.74447787,13.407815
56.14,5.2106376,107.19165,0.035401754,0.74453723,13.407823
56.15,5.210645,107.19211,0.035408102,0.74459666,13.40782
56.16,5.2106524,107.19255,0.03541464,0.7446558,13.407821
56.17,5.210657,107.19305,0.03542102,0.744715,13.407826
56.18,5.2106647,107.193535,0.035427622,0.74477446,13.40783
56.19,5.210674,107.193985,0.03543394,0.7448336,13.407827
56.2,5.2106805,107.194466,0.03544063,0.7448925,13.407836
56.21,5.210687,107.19491,0.03544708,0.7449511,13.407831
56.22,5.210691,107.19541,0.0354533,0.7450105,13.407837
56.23,5.2107,107.195885,0.035460204,0.7450692,13.407839
56.24,5.2107058,107.196304,0.035466116,0.7451283,13.407839
56.25,5.2107115,107.19677,0.03547268,0.74518675,13.4078455
56.26,5.210718,107.197235,0.035479203,0.7452453,13.40785
56.27,5.2107244,107.19771,0.035485752,0.7453045,13.40785
56.28,5.2107334,107.198166,0.035492238,0.7453634,13.407852
56.29,5.210738,107.19867,0.035498742,0.74542177,13.407855
56.3,5.210746,107.19911,0.035505023,0.74548054,13.407857
56.31,5.210753,107.19958,0.035511702,0.74553907,13.407862
56.32,5.2107587,107.20005,0.03551794,0.7455978,13.407862
56.33,5.210766,107.2005,0.035524487,0.7456559,13.407861
56.34,5.2107706,107.20094,0.035530858,0.74571407,13.4078665
56.35,5.210778,107.201416,0.035537343,0.7457723,13.407868
56.36,5.210787,107.20187,0.035543747,0.7458304,13.407878
56.37,5.210793,107.20233,0.035550054,0.7458889,13.40788
56.38,5.210799,107.20279,0.03555681,0.7459474,13.407874
56.39,5.2108026,107.203255,0.035563115,0.74600595,13.407878
56.4,5.210811,107.20369,0.035569664,0.7460641,13.407882
56.41,5.21082,107.20419,0.03557611,0.74612206,13.407885
56.42,5.210825,107.20462,0.035582643,0.7461805,13.4078865
56.43,5.210831,107.205055,0.03558882,0.7462382,13.407891
56.44,5.2108374,107.20552,0.035595443,0.74629617,13.40789
56.45,5.210843,107.205986,0.035601698,0.7463546,13.407895
56.46,5.210851,107.20644,0.035608232,0.74641186,13.407895
56.47,5.2108583,107.2069,0.035614584,0.7464699,13.407899
56.48,5.210865,107.20737,0.035621073,0.74652785,13.407901
56.49,5.2108703,107.2078,0.035627466,0.74658513,13.407902
56.5,5.2108774,107.20823,0.03563408,0.74664295,13.4079075
56.51,5.2108827,107.20872,0.035640515,0.74670076,13.407904
56.52,5.210889,107.20915,0.035646994,0.74675864,13.407908
56.53,5.2108984,107.20961,0.035653323,0.7468161,13.407913
56.54,5.210905,107.21005,0.035659775,0.74687356,13.407915
56.55,5.210911,107.2105,0.035666272,0.74693054,13.407916
56.56,5.2109165,107.21092,0.0356727,0.7469884,13.407921
56.57,5.210923,107.21141,0.03567902,0.7470457,13.40792
56.58,5.2109275,107.211876,0.035685603,0.74710286,13.407924
56.59,5.2109365,107.21231,0.03569211,0.7471605,13.407926
56.6,5.2109427,107.21274,0.035698436,0.74721766,13.407926
56.61,5.2109494,107.2132,0.03570464,0.74727494,13.4079275
56.62,5.2109566,107.21364,0.03571126,0.74733233,13.407932
56.63,5.2109632,107.21408,0.035717502,0.7473893,13.407933
56.64,5.21097,107.21452,0.03572395,0.7474466,13.407938
56.65,5.2109756,107.21496,0.035730507,0.74750304,13.407939
56.66,5.2109838,107.21539,0.03573713,0.7475611,13.407943
56.67,5.210988,107.21584,0.035743408,0.74761766,13.40794
56.68,5.210994,107.21634,0.035749637,0.7476739,13.407945
56.69,5.2110023,107.21676,0.03575621,0.74773157,13.407945
56.7,5.211008,107.21723,0.03576272,0.747788,13.407951
56.71,5.2110157,107.21764,0.035769124,0.74784553,13.407948
56.72,5.2110224,107.21811,0.03577551,0.7479015,13.407952
56.73,5.2110276,107.21853,0.035781894,0.74795854,13.407952
56.74,5.2110343,107.21898,0.03578835,0.7480153,13.407957
56.75,5.2110415,107.219376,0.035794597,0.7480719,13.407962
56.76,5.2110467,107.21984,0.03580111,0.7481285,13.407964
56.77,5.211053,107.22031,0.035807684,0.7481849,13.4079685
56.78,5.21106,107.22075,0.03581389,0.74824107,13.407963
56.79,5.2110677,107.22118,0.035820376,0.74829763,13.407966
56.8,5.211073,107.22157,0.035826914,0.748354,13.4079685
56.81,5.2110796,107.22201,0.03583307,0.7484106,13.407972
56.82,5.211087,107.22245,0.03583968,0.74846643,13.407978
56.83,5.2110934,107.22289,0.035846014,0.74852335,13.407977
56.84,5.2110977,107.22335,0.035852406,0.7485794,13.407976
56.85,5.2111034,107.22377,0.03585886,0.74863535,13.407979
56.86,5.211111,107.22421,0.035865195,0.7486917,13.40798
56.87,5.211117,107.22465,0.035871916,0.7487481,13.407983
56.88,5.2111225,107.225105,0.03587796,0.748804,13.407984
56.89,5.211129,107.22551,0.0358844,0.7488601,13.4079895
56.9,5.211137,107.225975,0.03589077,0.74891543,13.407989
56.91,5.2111435,107.22642,0.035897177,0.7489717,13.407994
56.92,5.211151,107.22683,0.035903685,0.74902785,13.407994
56.93,5.2111564,107.227234,0.035909962,0.74908346,13.407994
56.94,5.2111626,107.227684,0.035916474,0.7491391,13.407999
56.95,5.2111692,107.2281,0.03592279,0.7491953,13.408
56.96,5.2111745,107.228546,0.035929218,0.7492511,13.407999
56.97,5.211181,107.22897,0.035935722,0.74930686,13.408007
56.98,5.2111883,107.22942,0.035942193,0.74936265,13.408009
56.99,5.211191,107.229836,0.035948616,0.7494184,13.40801
57.0,5.2111974,107.230286,0.03595476,0.7494734,13.408009
57.01,5.2112074,107.23071,0.035961263,0.74952924,13.4080105
57.02,5.2112155,107.23111,0.035967633,0.7495844,13.40801
57.03,5.2112193,107.23155,0.035974037,0.7496402,13.408017
57.04,5.211227,107.23196,0.035980392,0.7496951,13.408018
57.05,5.2112346,107.23239,0.035986718,0.7497506,13.408017
57.06,5.2112384,107.23278,0.035993185,0.74980575,13.408018
57.07,5.211245,107.233246,0.035999697,0.7498616,13.408025
57.08,5.211252,107.23366,0.03600595,0.7499167,13.408022
57.09,5.211257,107.234085,0.036012173,0.74997115,13.408027
57.1,5.211265,107.23451,0.03601876,0.75002706,13.408028
57.11,5.211271,107.23493,0.036025237,0.75008255,13.4080305
57.12,5.2112765,107.23535,0.03603149,0.7501366,13.408031
57.13,5.211284,107.235794,0.036037803,0.7501922,13.408037
57.14,5.2112885,107.23622,0.036044303,0.750247,13.408035
57.15,5.2112956,107.23664,0.036050554,0.75030226,13.408038
57.16,5.2113004,107.237076,0.036056932,0.75035685,13.408045
57.17,5.2113094,107.23751,0.03606324,0.7504116,13.408047
57.18,5.211314,107.23792,0.036069818,0.75046694,13.408046
57.19,5.211322,107.238335,0.03607629,0.7505217,13.408048
57.2,5.211326,107.23875,0.036082536,0.75057566,13.408049
57.21,5.211333,107.23917,0.036088996,0.7506307,13.408048
57.22,5.2113395,107.23956,0.036095258,0.75068504,13.4080515
57.23,5.2113447,107.23997,0.03610177,0.75074005,13.408054
57.24,5.2113523,107.240364,0.036108054,0.75079453,13.408053
57.25,5.2113585,107.24081,0.036114227,0.7508493,13.408055
57.26,5.2113633,107.241264,0.03612073,0.7509039,13.408062
57.27,5.2113714,107.24167,0.036127187,0.75095874,13.408058
57.28,5.211377,107.242096,0.036133498,0.7510127,13.40806
57.29,5.2113833,107.242455,0.036139797,0.7510664,13.408063
57.3,5.2113895,107.242874,0.036146197,0.75112116,13.408068
57.31,5.2113957,107.2433,0.03615271,0.75117594,13.40807
57.32,5.2114005,107.243744,0.03615897,0.75122964,13.408068
57.33,5.211408,107.24415,0.03616536,0.75128394,13.408069
57.34,5.211415,107.244545,0.036171753,0.75133854,13.408072
57.35,5.2114205,107.24499,0.036178112,0.7513924,13.408075
57.36,5.2114253,107.24538,0.036184363,0.751447,13.408074
57.37,5.211434,107.24579,0.036190845,0.7515008,13.408077
57.38,5.2114396,107.246185,0.036197223,0.75155467,13.408076
57.39,5.211445,107.24663,0.03620349,0.7516082,13.408082
57.4,5.2114506,107.24705,0.03620994,0.75166225,13.408078
57.41,5.211457,107.24745,0.036216065,0.75171655,13.408082
57.42,5.2114635,107.24784,0.036222532,0.75177,13.408084
57.43,5.2114697,107.24824,0.036228918,0.7518243,13.408086
57.44,5.211477,107.24866,0.036235206,0.75187784,13.408091
57.45,5.2114816,107.2491,0.036241308,0.7519315,13.4080925
57.46,5.2114882,107.24954,0.036248054,0.7519852,13.408096
57.47,5.211494,107.249916,0.036254335,0.7520387,13.408094
57.48,5.2115,107.25028,0.036260635,0.75209266,13.408095
57.49,5.2115083,107.25071,0.03626689,0.75214624,13.408093
57.5,5.211513,107.251114,0.036273226,0.75219893,13.408098
57.51,5.2115197,107.25151,0.03627978,0.75225306,13.408102
57.52,5.211526,107.25191,0.036285777,0.7523065,13.4081
57.53,5.2115307,107.25231,0.036292445,0.75235987,13.4081
57.54,5.21154,107.25272,0.036298793,0.7524135,13.408108
57.55,5.211546,107.253136,0.03630516,0.75246656,13.408109
57.56,5.2115507,107.25355,0.036311347,0.7525201,13.408111
57.57,5.211556,107.253944,0.036317844,0.7525733,13.408113
57.58,5.2115626,107.25436,0.036324058,0.75262624,13.408113
57.59,5.2115703,107.254745,0.03633035,0.7526796,13.408115
57.6,5.2115746,107.255165,0.03633671,0.7527328,13.408117
57.61,5.211581,107.25557,0.036342993,0.752786,13.408117
57.62,5.2115884,107.25597,0.036349654,0.7528389,13.408122
57.63,5.211592,107.256355,0.036355656,0.7528919,13.408121
57.64,5.2115984,107.25672,0.036362253,0.75294507,13.408124
57.65,5.211605,107.25713,0.036368288,0.7529982,13.408124
57.66,5.2116117,107.25754,0.03637481,0.75305086,13.408124
57.67,5.211618,107.25794,0.03638106,0.7531037,13.408129
57.68,5.211623,107.258354,0.036387354,0.75315624,13.408128
57.69,5.2116284,107.25874,0.03639393,0.75320953,13.408131
57.7,5.211637,107.259186,0.036400076,0.7532626,13.408127
57.71,5.2116413,107.25957,0.036406185,0.7533148,13.4081335
57.72,5.211645,107.25995,0.03641281,0.7533672,13.408137
57.73,5.211653,107.26035,0.03641902,0.7534202,13.408136
57.74,5.211661,107.26073,0.036425363,0.75347275,13.408136
57.75,5.2116675,107.26112,0.036431678,0.7535255,13.408137
57.76,5.2116723,107.26152,0.036437836,0.75357807,13.408139
57.77,5.211678,107.26192,0.036444217,0.7536305,13.408141
57.78,5.2116838,107.26232,0.03645062,0.7536829,13.40814
57.79,5.211689,107.26272,0.036456935,0.7537355,13.408144
57.8,5.2116947,107.26311,0.03646327,0.7537875,13.408148
57.81,5.2117023,107.26348,0.036469698,0.7538402,13.408148
57.82,5.2117066,107.2639,0.03647591,0.7538921,13.408149
57.83,5.211713,107.26427,0.036482085,0.7539443,13.408147
57.84,5.2117195,107.264694,0.03648855,0.75399655,13.408152
57.85,5.2117248,107.26507,0.036494806,0.7540489,13.408154
57.86,5.2117333,107.26546,0.03650102,0.7541009,13.4081545
57.87,5.2117367,107.26585,0.03650742,0.75415295,13.408153
57.88,5.211744,107.266205,0.036513656,0.7542046,13.408155
57.89,5.2117496,107.266594,0.036519844,0.75425684,13.408156
57.9,5.2117558,107.26698,0.036526255,0.754309,13.408161
57.91,5.211762,107.267365,0.036532514,0.7543611,13.408158
57.92,5.2117667,107.26779,0.036538813,0.75441265,13.408163
57.93,5.211774,107.268196,0.03654504,0.75446457,13.408164
57.94,5.21178,107.26858,0.036551476,0.7545162,13.408166
57.95,5.2117853,107.268936,0.03655779,0.7545683,13.408169
57.96,5.2117925,107.26933,0.03656414,0.7546207,13.408168
57.97,5.211798,107.269714,0.036570452,0.7546717,13.408168
57.98,5.2118053,107.270096,0.03657669,0.75472325,13.408173
57.99,5.2118096,107.27046,0.036583167,0.7547754,13.4081745
58.0,5.211814,107.27088,0.036589146,0.7548266,13.408178
58.01,5.2118225,107.27128,0.036595535,0.75487816,13.408179
58.02,5.2118263,107.27164,0.036601815,0.7549301,13.408179
58.03,5.211833,107.27205,0.036608107,0.75498176,13.408179
58.04,5.2118397,107.27242,0.036614284,0.755033,13.408179
58.05,5.211844,107.27278,0.036620714,0.75508434,13.408179
58.06,5.21185,107.273155,0.036626905,0.7551361,13.408182
58.07,5.2118587,107.27358,0.03663311,0.7551871,13.408185
58.08,5.211862,107.273964,0.03663951,0.7552381,13.408187
58.09,5.21187,107.274345,0.036645677,0.7552895,13.408189
58.1,5.211875,107.27475,0.036652107,0.75534064,13.408186
58.11,5.2118807,107.27507,0.036658317,0.7553923,13.408188
58.12,5.2118855,107.27546,0.0366646,0.75544345,13.408189
58.13,5.2118907,107.275856,0.03667092,0.7554946,13.408191
58.14,5.211897,107.27624,0.03667717,0.7555454,13.408193
58.15,5.2119064,107.2766,0.0366835,0.7555967,13.408195
58.16,5.2119102,107.277,0.03668959,0.75564766,13.408193
58.17,5.2119164,107.277374,0.036696054,0.755699,13.408196
58.18,5.2119207,107.27774,0.036702216,0.7557498,13.408196
58.19,5.211929,107.27812,0.036708537,0.7558007,13.408195
58.2,5.211935,107.27851,0.036714718,0.7558513,13.408199
58.21,5.211941,107.278854,0.03672104,0.7559023,13.408204
58.22,5.2119455,107.27926,0.03672722,0.75595266,13.408206
58.23,5.2119517,107.27962,0.03673367,0.7560038,13.408204
58.24,5.2119565,107.280014,0.036739774,0.75605434,13.408205
58.25,5.2119637,107.28039,0.03674624,0.7561056,13.408206
58.26,5.211968,107.28077,0.03675248,0.7561559,13.408208
58.27,5.2119746,107.28115,0.036758658,0.7562067,13.408206
58.28,5.211981,107.2815,0.036764942,0.75625676,13.408209
58.29,5.211986,107.281876,0.036771204,0.75630736,13.40821
58.3,5.2119913,107.28228,0.036777325,0.7563583,13.40821
58.31,5.211998,107.28262,0.036783736,0.7564085,13.408211
58.32,5.212003,107.283005,0.036789954,0.7564589,13.408214
58.33,5.212009,107.28335,0.036796283,0.7565094,13.408217
58.34,5.212014,107.28372,0.036802378,0.7565599,13.408218
58.35,5.2120185,107.28411,0.036808826,0.7566099,13.408216
58.36,5.2120256,107.284454,0.036814906,0.7566602,13.408224
58.37,5.212031,107.284874,0.03682103,0.75671065,13.408224
58.38,5.212038,107.28519,0.036827363,0.75676084,13.408225
58.39,5.2120457,107.28556,0.036833808,0.7568111,13.408222
58.4,5.21205,107.285934,0.036839943,0.7568615,13.408224
58.41,5.212055,107.2863,0.0368462,0.7569118,13.408224
58.42,5.2120643,107.2867,0.036852285,0.75696164,13.408227
58.43,5.2120686,107.28709,0.03685864,0.75701094,13.408229
58.44,5.212074,107.28744,0.036864746,0.75706124,13.40823
58.45,5.212081,107.28782,0.036871254,0.75711125,13.408232
58.46,5.212085,107.28818,0.03687737,0.7571616,13.40823
58.47,5.2120914,107.28854,0.036883388,0.7572112,13.408236
58.48,5.2120957,107.28892,0.036889985,0.75726146,13.408235
58.49,5.212102,107.28931,0.036896177,0.7573111,13.408234
58.5,5.2121086,107.289635,0.036902234,0.7573604,13.408238
58.51,5.212114,107.29001,0.036908645,0.75741065,13.408237
58.52,5.21212,107.29039,0.036914717,0.7574603,13.408238
58.53,5.2121253,107.29076,0.036921047,0.75750947,13.408239
58.54,5.21213,107.2911,0.03692721,0.7575595,13.408239
58.55,5.2121377,107.29148,0.036933552,0.7576094,13.408242
58.56,5.2121425,107.29185,0.036939587,0.7576586,13.408244
58.57,5.2121477,107.2922,0.036946002,0.7577086,13.408248
58.58,5.2121553,107.29256,0.03695199,0.7577579,13.408243
58.59,5.212161,107.29293,0.036958266,0.75780714,13.408245
58.6,5.2121663,107.29329,0.036964472,0.7578569,13.408251
58.61,5.212172,107.293655,0.036970913,0.7579067,13.408246
58.62,5.2121778,107.29403,0.036976837,0.75795525,13.40825
58.63,5.2121844,107.294365,0.03698312,0.758005,13.408248
58.64,5.2121887,107.29472,0.036989346,0.7580543,13.408253
58.65,5.212194,107.295074,0.036995698,0.7581035,13.408252
58.66,5.2121987,107.29544,0.03700191,0.7581531,13.40825
58.67,5.2122064,107.29578,0.03700794,0.75820196,13.408253
58.68,5.2122116,107.29615,0.037014447,0.7582509,13.408253
58.69,5.212217,107.29652,0.037020475,0.7583002,13.408257
58.7,5.212223,107.29686,0.037026785,0.75834894,13.408259
58.71,5.212228,107.29722,0.037032846,0.75839806,13.40826
58.72,5.212235,107.29763,0.037039194,0.75844747,13.408258
58.73,5.2122397,107.29797,0.037045244,0.75849664,13.408262
58.74,5.2122445,107.29832,0.037051436,0.75854564,13.408261
58.75,5.21225,107.29867,0.037057396,0.7585938,13.40826
58.76,5.2122555,107.29901,0.037063837,0.75864315,13.408263
58.77,5.212263,107.2994,0.03707016,0.7586918,13.408261
58.78,5.21227,107.2997,0.037076447,0.7587406,13.408266
58.79,5.212271,107.3001,0.03708261,0.75878954,13.408266
58.8,5.2122793,107.30045,0.037088882,0.7588383,13.408269
58.81,5.212284,107.30079,0.037094958,0.75888705,13.408266
58.82,5.2122912,107.30116,0.03710131,0.75893646,13.408269
58.83,5.212294,107.30151,0.037107304,0.75898457,13.408272
58.84,5.212302,107.30185,0.0371135,0.759033,13.408269
58.85,5.2123084,107.302216,0.037119567,0.7590814,13.408272
58.86,5.212312,107.30258,0.037125826,0.7591303,13.408272
58.87,5.2123175,107.3029,0.037132055,0.7591782,13.408273
58.88,5.212325,107.303246,0.037138253,0.7592269,13.408276
58.89,5.2123303,107.30362,0.037144557,0.7592758,13.408275
58.9,5.212338,107.30396,0.03715067,0.7593239,13.408276
58.91,5.2123423,107.30428,0.037156817,0.759372,13.408277
58.92,5.2123475,107.30464,0.03716289,0.75942075,13.408279
58.93,5.2123513,107.30503,0.037169054,0.75946844,13.4082775
58.94,5.21236,107.30536,0.03717521,0.7595171,13.408278
58.95,5.2123632,107.30571,0.037181493,0.7595658,13.40828
58.96,5.2123675,107.30606,0.03718755,0.7596134,13.40828
58.97,5.2123747,107.306404,0.03719386,0.75966144,13.408283
58.98,5.2123804,107.306725,0.037200052,0.7597101,13.408281
58.99,5.212386,107.30712,0.037206136,0.7597579,13.408283
59.0,5.2123895,107.30747,0.03721244,0.759806,13.408281
59.01,5.212398,107.307785,0.03721863,0.75985384,13.408287
59.02,5.212404,107.30814,0.03722479,0.7599021,13.408286
59.03,5.212409,107.30849,0.037230972,0.7599507,13.408288
59.04,5.2124104,107.308846,0.037236966,0.7599975,13.408291
59.05,5.2124186,107.30916,0.037243214,0.7600459,13.408292
59.06,5.212424,107.309525,0.037249457,0.7600937,13.408288
59.07,5.212429,107.309845,0.03725545,0.76014143,13.408289
59.08,5.2124357,107.3102,0.03726171,0.7601892,13.40829
59.09,5.212441,107.31058,0.03726781,0.76023734,13.408294
59.1,5.212448,107.31089,0.037273936,0.76028496,13.408294
59.11,5.212452,107.31124,0.037280183,0.7603323,13.4082985
59.12,5.212458,107.311584,0.037286464,0.76038015,13.408296
59.13,5.212465,107.311966,0.037292562,0.7604283,13.408298
59.14,5.2124677,107.31227,0.037298705,0.7604757,13.408295
59.15,5.2124763,107.312614,0.03730475,0.7605228,13.408297
59.16,5.2124786,107.31295,0.037310805,0.7605707,13.4082985
59.17,5.2124853,107.313255,0.037317,0.76061827,13.408299
59.18,5.212491,107.31363,0.037323166,0.76066583,13.408302
59.19,5.2124953,107.31399,0.037329398,0.76071304,13.408301
59.2,5.212503,107.31433,0.037335478,0.76076025,13.408306
59.21,5.2125077,107.31466,0.037341587,0.7608079,13.408306
59.22,5.2125125,107.31499,0.037347615,0.76085514,13.408303
59.23,5.212518,107.31532,0.0373539,0.7609023,13.408304
59.24,5.2125235,107.315636,0.037360024,0.76094943,13.408305
59.25,5.2125297,107.315994,0.03736615,0.7609969,13.408307
59.26,5.212535,107.31634,0.037372295,0.7610443,13.408307
59.27,5.212539,107.31671,0.03737845,0.76109135,13.408308
59.28,5.2125463,107.31705,0.037384447,0.7611383,13.408305
59.29,5.212552,107.31736,0.037390675,0.7611856,13.408307
59.3,5.2125564,107.31773,0.037396666,0.7612327,13.408312
59.31,5.2125626,107.31804,0.03740314,0.76127934,13.408309
59.32,5.2125664,107.3184,0.037409153,0.7613269,13.408309
59.33,5.2125745,107.31873,0.03741533,0.7613738,13.408311
59.34,5.2125793,107.31907,0.037421428,0.76142085,13.408312
59.35,5.2125854,107.319435,0.037427504,0.761468,13.408314
59.36,5.21259,107.319725,0.037433658,0.7615147,13.408311
59.37,5.2125955,107.32005,0.037439704,0.7615612,13.408312
59.38,5.2126,107.32038,0.03744593,0.76160794,13.408315
59.39,5.2126045,107.32072,0.037452094,0.761655,13.4083185
59.4,5.2126102,107.321014,0.037458055,0.76170146,13.408314
59.41,5.212615,107.321396,0.037464287,0.7617486,13.4083185
59.42,5.2126217,107.32172,0.037470367,0.7617945,13.408318
59.43,5.212626,107.32204,0.037476458,0.7618415,13.408321
59.44,5.212635,107.322365,0.037482698,0.7618888,13.408318
59.45,5.2126384,107.32269,0.037488554,0.7619349,13.408319
59.46,5.2126436,107.32305,0.0374948,0.76198167,13.408319
59.47,5.2126513,107.32337,0.037500992,0.76202786,13.408322
59.48,5.212654,107.3237,0.037506927,0.7620743,13.408319
59.49,5.2126603,107.32404,0.037513122,0.76212054,13.408322
59.5,5.212666,107.32436,0.03751899,0.76216704,13.40832
59.51,5.212671,107.32471,0.037525196,0.7622136,13.408326
59.52,5.2126756,107.325,0.03753139,0.7622602,13.408323
59.53,5.2126822,107.32536,0.03753742,0.7623058,13.408322
59.54,5.2126865,107.32571,0.037543718,0.762353,13.408326
59.55,5.2126923,107.32604,0.037549865,0.7623992,13.408325
59.56,5.212697,107.32633,0.037555788,0.76244545,13.408325
59.57,5.2127028,107.32667,0.03756202,0.7624916,13.408329
59.58,5.212709,107.32698,0.037567887,0.76253766,13.408329
59.59,5.2127137,107.32731,0.03757399,0.7625838,13.408333
59.6,5.2127194,107.32765,0.037580047,0.76263016,13.40833
59.61,5.212727,107.327965,0.037586156,0.7626763,13.408333
59.62,5.212733,107.32831,0.037592378,0.7627218,13.40833
59.63,5.2127376,107.32863,0.0375985,0.7627683,13.408331
59.64,5.212743,107.328964,0.03760446,0.76281404,13.408332
59.65,5.2127466,107.32929,0.037610628,0.76286036,13.408331
59.66,5.2127514,107.32961,0.037616868,0.76290596,13.408334
59.67,5.212756,107.32993,0.037622787,0.7629513,13.408333
59.68,5.2127614,107.33026,0.037628934,0.76299745,13.408335
59.69,5.2127686,107.33059,0.037634917,0.76304394,13.408335
59.7,5.2127724,107.33092,0.037640974,0.76308924,13.408336
59.71,5.212779,107.33124,0.037647065,0.76313496,13.408334
59.72,5.2127824,107.33156,0.037653126,0.76318055,13.408335
59.73,5.2127886,107.33189,0.037659265,0.76322633,13.408336
59.74,5.212794,107.33218,0.03766516,0.763272,13.408336
59.75,5.212799,107.33251,0.037671465,0.76331776,13.408339
59.76,5.212803,107.332825,0.037677515,0.76336366,13.408337
59.77,5.212808,107.33313,0.03768355,0.76340926,13.40834
59.78,5.212814,107.33345,0.037689615,0.7634545,13.408341
59.79,5.2128215,107.33376,0.037695635,0.7635002,13.408339
59.8,5.212827,107.33413,0.037701704,0.7635457,13.408341
59.81,5.212832,107.33446,0.037707716,0.7635906,13.4083395
59.82,5.212838,107.33479,0.03771399,0.76363623,13.408342
59.83,5.2128406,107.33511,0.0377199,0.76368195,13.408342
59.84,5.2128477,107.33543,0.037726097,0.76372737,13.408342
59.85,5.212853,107.335724,0.03773206,0.7637723,13.408341
59.86,5.2128596,107.336044,0.037738133,0.7638175,13.408344
59.87,5.2128644,107.33635,0.03774413,0.76386255,13.408346
59.88,5.2128687,107.33669,0.037750147,0.76390845,13.408346
59.89,5.2128744,107.337006,0.037756052,0.7639535,13.408347
59.9,5.21288,107.337326,0.03776212,0.76399803,13.408346
59.91,5.212886,107.337616,0.03776827,0.7640438,13.408345
59.92,5.2128897,107.337944,0.03777446,0.76408917,13.408343
59.93,5.2128954,107.338234,0.03778029,0.76413393,13.408347
59.94,5.2128987,107.33857,0.037786733,0.7641793,13.408346
59.95,5.212906,107.33887,0.037792448,0.7642238,13.408348
59.96,5.212909,107.3392,0.037798595,0.76426864,13.408348
59.97,5.212916,107.33948,0.037804533,0.764314,13.40835
59.98,5.212921,107.33983,0.03781085,0.764359,13.408349
59.99,5.212927,107.340126,0.03781658,0.7644044,13.408346
60.0,5.212933,107.34046,0.037822604,0.7644492,13.408351
