t,w,W,x,y,z
0.0,0.06004905,0.00011444092,5.629883,41.526226,0.06391683
0.01,0.060299035,0.0004913807,5.6286893,41.52392,0.06557807
0.02,0.060546592,0.0008765459,5.6274843,41.521564,0.067249715
0.03,0.060791697,0.0012674928,5.62627,41.519196,0.06892991
0.04,0.061033797,0.0016640425,5.625046,41.516773,0.07062009
0.05,0.061274316,0.0020680428,5.6238103,41.51433,0.072320476
0.06,0.061511446,0.002478063,5.6225657,41.511856,0.07403161
0.07,0.061746776,0.0028921366,5.621312,41.50937,0.075752094
0.08,0.06197873,0.0033124685,5.620049,41.506836,0.077481434
0.09,0.062208377,0.0037350059,5.6187763,41.50427,0.079219624
0.1,0.062435247,0.0041643977,5.6174946,41.50168,0.08096826
0.11,0.06265952,0.0046022534,5.6162057,41.49905,0.08272618
0.12,0.06288119,0.0050447583,5.6149073,41.496418,0.0844944
0.13,0.06309986,0.0054922104,5.6136017,41.49374,0.0862703
0.14,0.06331612,0.0059493184,5.6122875,41.491047,0.088057116
0.15,0.06353006,0.006405115,5.610966,41.488335,0.089851275
0.16,0.06374111,0.006871462,5.6096373,41.485584,0.091656506
0.17,0.06394989,0.0073467493,5.608302,41.482815,0.09347038
0.18,0.0641557,0.00782764,5.60696,41.48004,0.095291436
0.19,0.06435861,0.008316159,5.6056113,41.47722,0.09712228
0.2,0.064559825,0.008812785,5.604256,41.474384,0.09896244
0.21,0.06475861,0.009313464,5.6028953,41.471523,0.10081093
0.22,0.06495446,0.009824157,5.6015277,41.46866,0.10266808
0.23,0.06514863,0.0103446245,5.6001563,41.465763,0.10453349
0.24,0.06533966,0.010870755,5.5987773,41.46285,0.10640846
0.25,0.06552932,0.011408806,5.5973935,41.45991,0.10829006
0.26,0.06571658,0.011957526,5.5960054,41.456963,0.11018029
0.27,0.06590196,0.012515545,5.594612,41.45401,0.11207965
0.28,0.06608486,0.013083875,5.5932155,41.451015,0.11398564
0.29,0.06626627,0.013663769,5.5918136,41.448036,0.11590055
0.3,0.06644516,0.014253616,5.5904093,41.44502,0.117822155
0.31,0.06662287,0.014858663,5.5889983,41.441998,0.11975196
0.32,0.066798486,0.0154700875,5.5875845,41.438953,0.12168814
0.33,0.066973254,0.016090393,5.586166,41.435913,0.12363343
0.34,0.06714536,0.016730607,5.584746,41.432823,0.12558474
0.35,0.067316666,0.017381549,5.583322,41.42976,0.12754369
0.36,0.067486376,0.018044412,5.5818944,41.42667,0.12950942
0.37,0.06765486,0.018722355,5.5804653,41.423557,0.13148241
0.38,0.06782206,0.01941216,5.5790324,41.420452,0.13346173
0.39,0.06798823,0.020119429,5.577596,41.41734,0.13544776
0.4,0.06815358,0.020835876,5.5761595,41.41421,0.13744096
0.41,0.06831743,0.021567762,5.574719,41.411053,0.13943945
0.42,0.06848024,0.02231425,5.573276,41.40792,0.14144431
0.43,0.06864263,0.023076534,5.571831,41.404755,0.14345564
0.44,0.06880415,0.023854852,5.5703835,41.4016,0.1454724
0.45,0.06896506,0.024647355,5.568934,41.398415,0.14749624
0.46,0.06912494,0.02545321,5.567483,41.395233,0.14952555
0.47,0.06928441,0.026275814,5.566029,41.39206,0.15155946
0.48,0.069443576,0.027110875,5.5645742,41.388855,0.15360019
0.49,0.069602564,0.027962089,5.5631185,41.38565,0.15564498
0.5,0.06976052,0.028829694,5.5616603,41.382435,0.15769553
0.51,0.06991887,0.029714704,5.5601997,41.379227,0.15975338
0.52,0.07007663,0.030612648,5.5587397,41.376015,0.16181383
0.53,0.07023489,0.031524777,5.557276,41.372784,0.1638803
0.54,0.070392296,0.032455206,5.555812,41.369556,0.16595085
0.55,0.07055028,0.033403933,5.5543466,41.366302,0.16802756
0.56,0.070708096,0.034362078,5.552877,41.363068,0.17010862
0.57,0.070866086,0.0353359,5.55141,41.359825,0.17219426
0.58,0.07102413,0.036327243,5.549941,41.356567,0.17428419
0.59,0.07118259,0.037332535,5.548467,41.35329,0.17637941
0.6,0.07134125,0.038350344,5.546994,41.35003,0.17847887
0.61,0.07149981,0.039385915,5.5455184,41.346752,0.18058304
0.62,0.07165955,0.040434897,5.544042,41.343502,0.18269105
0.63,0.07181957,0.04149896,5.542566,41.340202,0.18480286
0.64,0.07197982,0.04257953,5.5410857,41.33692,0.18691958
0.65,0.07214019,0.04367155,5.539605,41.333622,0.18904026
0.66,0.07230148,0.044778287,5.5381236,41.330326,0.19116488
0.67,0.0724634,0.045897007,5.5366406,41.32703,0.19329481
0.68,0.07262613,0.04703033,5.5351534,41.32371,0.1954285
0.69,0.07278935,0.048178613,5.533667,41.320396,0.19756559
0.7,0.07295336,0.049335837,5.532179,41.317097,0.19970596
0.71,0.07311788,0.05050969,5.530686,41.313755,0.20185167
0.72,0.07328377,0.051697135,5.529195,41.310417,0.20400238
0.73,0.073449574,0.052892327,5.5277004,41.307087,0.20615572
0.74,0.07361699,0.05410427,5.5262046,41.30376,0.20831245
0.75,0.07378493,0.055324316,5.524707,41.300396,0.2104741
0.76,0.07395359,0.056555808,5.5232077,41.29705,0.21263953
0.77,0.07412328,0.057798505,5.521703,41.293682,0.21480799
0.78,0.07429432,0.059054017,5.520202,41.29032,0.21698204
0.79,0.07446604,0.06031829,5.5186954,41.286938,0.21915977
0.8,0.07463827,0.061594963,5.5171866,41.283573,0.22134016
0.81,0.07481193,0.062879086,5.515677,41.28018,0.22352615
0.82,0.074986815,0.06417358,5.514165,41.2768,0.22571552
0.83,0.075162284,0.065478206,5.5126495,41.273376,0.22790936
0.84,0.075338975,0.066788495,5.511132,41.26998,0.23010701
0.85,0.075516485,0.06811118,5.5096107,41.26655,0.23230895
0.86,0.07569556,0.06944311,5.508088,41.26314,0.23451474
0.87,0.07587488,0.07077974,5.506562,41.259705,0.23672533
0.88,0.07605619,0.07212716,5.505034,41.256252,0.23893881
0.89,0.07623819,0.0734784,5.503502,41.25282,0.24115789
0.9,0.07642095,0.07483846,5.50197,41.249355,0.24338081
0.91,0.076605335,0.076205194,5.5004315,41.245895,0.24560809
0.92,0.076790996,0.07757884,5.498893,41.242428,0.24783996
0.93,0.076977536,0.07895875,5.4973507,41.23894,0.2500758
0.94,0.077164754,0.0803439,5.4958043,41.23545,0.25231653
0.95,0.077353664,0.081733406,5.494257,41.231953,0.25456142
0.96,0.07754278,0.08313203,5.4927025,41.22845,0.256811
0.97,0.07773373,0.084528625,5.491148,41.224907,0.25906566
0.98,0.07792576,0.085935295,5.4895887,41.22138,0.26132494
0.99,0.07811911,0.087343335,5.4880266,41.217846,0.26358896
1.0,0.07831325,0.08875948,5.486463,41.214306,0.26585767
1.01,0.07850888,0.09017348,5.4848905,41.21075,0.2681301
1.02,0.07870525,0.09159607,5.4833193,41.207184,0.27040926
1.03,0.07890295,0.09301579,5.481743,41.203606,0.27269194
1.04,0.07910201,0.09444058,5.4801636,41.200016,0.27498072
1.05,0.079301424,0.0958699,5.4785795,41.19642,0.27727345
1.06,0.07950281,0.097298324,5.476993,41.1928,0.27957147
1.07,0.07970416,0.09872866,5.475401,41.18919,0.28187487
1.08,0.079907276,0.10016447,5.473807,41.185543,0.28418353
1.09,0.080111645,0.10159618,5.472207,41.1819,0.28649822
1.1,0.080316916,0.10302842,5.470605,41.178238,0.2888174
1.11,0.08052316,0.10446477,5.468998,41.174572,0.2911415
1.12,0.08073026,0.1058988,5.467388,41.170895,0.29347128
1.13,0.08093912,0.107335806,5.4657717,41.167206,0.29580665
1.14,0.081148624,0.1087721,5.464153,41.163506,0.2981472
1.15,0.08135969,0.11020553,5.462529,41.159798,0.30049422
1.16,0.08157088,0.11163759,5.460904,41.15608,0.30284658
1.17,0.08178297,0.11307073,5.4592714,41.152325,0.30520362
1.18,0.081996575,0.1145007,5.457636,41.14858,0.30756637
1.19,0.08221149,0.11592901,5.455996,41.144802,0.30993548
1.2,0.082426876,0.117355525,5.454351,41.141037,0.31231079
1.21,0.08264396,0.11878294,5.452704,41.137257,0.3146922
1.22,0.08286137,0.120204866,5.451053,41.133457,0.31707755
1.23,0.08307961,0.1216262,5.4493933,41.129642,0.31947112
1.24,0.08329861,0.123042285,5.4477315,41.12581,0.32186916
1.25,0.08351875,0.12445533,5.4460645,41.121983,0.32427284
1.26,0.08374044,0.12586588,5.4443946,41.11811,0.32668427
1.27,0.08396313,0.12727624,5.442719,41.114254,0.32910016
1.28,0.08418562,0.12867785,5.4410386,41.11038,0.33152324
1.29,0.08440955,0.13007766,5.439356,41.10649,0.33395192
1.3,0.08463462,0.13147575,5.4376674,41.10258,0.33638638
1.31,0.08486028,0.13286585,5.4359736,41.098682,0.33882752
1.32,0.085086785,0.13425648,5.4342756,41.09473,0.34127536
1.33,0.08531403,0.13563335,5.4325747,41.090797,0.34372848
1.34,0.08554202,0.13701338,5.430866,41.086838,0.34618834
1.35,0.08577106,0.13838434,5.4291553,41.082863,0.34865516
1.36,0.08600075,0.1397528,5.4274397,41.0789,0.35112736
1.37,0.08623169,0.14111489,5.4257193,41.074894,0.3536059
1.38,0.08646341,0.1424725,5.4239945,41.07088,0.35609204
1.39,0.08669539,0.1438219,5.4222646,41.06687,0.35858434
1.4,0.086928055,0.14516485,5.420528,41.06282,0.36108214
1.41,0.08716172,0.14650255,5.418791,41.05878,0.3635862
1.42,0.087396264,0.14783514,5.4170475,41.05471,0.36609852
1.43,0.08763139,0.14916146,5.4153004,41.050644,0.368616
1.44,0.0878671,0.15047842,5.4135456,41.046555,0.37114006
1.45,0.08810416,0.15179247,5.411789,41.042454,0.3736712
1.46,0.088341266,0.15309846,5.410029,41.038338,0.37620828
1.47,0.0885791,0.15439618,5.40826,41.034214,0.37875238
1.48,0.088817686,0.15568924,5.4064894,41.030064,0.38130286
1.49,0.089056164,0.15697354,5.404713,41.025917,0.3838597
1.5,0.08929658,0.15825278,5.4029336,41.021744,0.386424
1.51,0.08953745,0.15952301,5.401149,41.017548,0.38899416
1.52,0.08977797,0.16078544,5.3993583,41.013367,0.3915705
1.53,0.09001975,0.16204375,5.3975644,41.00917,0.39415503
1.54,0.09026207,0.16329038,5.3957644,41.004936,0.3967451
1.55,0.090504624,0.16453058,5.3939633,41.000698,0.39934194
1.56,0.090748504,0.1657638,5.392154,40.99647,0.40194565
1.57,0.09099239,0.16698796,5.3903427,40.992203,0.40455595
1.58,0.09123671,0.1682064,5.3885236,40.987938,0.40717307
1.59,0.091481715,0.16941398,5.3867044,40.983654,0.40979683
1.6,0.09172778,0.17061847,5.384877,40.979336,0.412427
1.61,0.09197362,0.17180961,5.3830476,40.97502,0.41506398
1.62,0.09222048,0.17299277,5.38121,40.9707,0.41770864
1.63,0.0924678,0.17417312,5.3793716,40.966366,0.42035866
1.64,0.09271545,0.17533958,5.377528,40.96201,0.4230156
1.65,0.09296355,0.17650348,5.3756795,40.95764,0.42568046
1.66,0.093212225,0.17765409,5.373828,40.95328,0.4283507
1.67,0.09346173,0.17880028,5.371968,40.94889,0.43102854
1.68,0.09371107,0.1799367,5.370108,40.94449,0.43371272
1.69,0.093961224,0.18106508,5.3682413,40.940067,0.43640387
1.7,0.09421232,0.1821847,5.3663716,40.93565,0.43910134
1.71,0.094462864,0.18329525,5.3644958,40.931213,0.44180578
1.72,0.09471414,0.18439996,5.3626175,40.926758,0.44451627
1.73,0.09496635,0.18549615,5.3607316,40.922283,0.44723386
1.74,0.09521848,0.18658185,5.3588443,40.917812,0.4499588
1.75,0.09547064,0.18765831,5.3569517,40.913315,0.4526896
1.76,0.095724255,0.18873113,5.3550563,40.908813,0.45542735
1.77,0.09597807,0.18979323,5.353154,40.90431,0.45817223
1.78,0.09623161,0.19084436,5.351249,40.8998,0.46092278
1.79,0.09648606,0.19189137,5.349341,40.89524,0.46368128
1.8,0.0967408,0.19293278,5.3474264,40.89069,0.4664452
1.81,0.09699632,0.19395745,5.3455086,40.886135,0.46921688
1.82,0.097251736,0.19498265,5.3435855,40.881546,0.4719962
1.83,0.097507715,0.19599658,5.341657,40.876976,0.4747806
1.84,0.097763985,0.196998,5.339727,40.872375,0.47757187
1.85,0.0980209,0.19799751,5.337794,40.867767,0.4803702
1.86,0.09827773,0.1989854,5.335852,40.863148,0.48317546
1.87,0.09853506,0.19996816,5.333907,40.8585,0.48598745
1.88,0.09879272,0.2009412,5.3319597,40.85387,0.48880562
1.89,0.09905133,0.20190883,5.330007,40.849197,0.49163032
1.9,0.09930971,0.20286703,5.3280516,40.84453,0.4944626
1.91,0.09956846,0.20381588,5.326091,40.839855,0.4973005
1.92,0.09982765,0.20475978,5.3241277,40.83516,0.500146
1.93,0.10008757,0.20569474,5.322159,40.83045,0.5029975
1.94,0.10034743,0.20662874,5.3201847,40.825737,0.5058565
1.95,0.10060759,0.20754945,5.3182077,40.821003,0.50872225
1.96,0.10086794,0.20846027,5.3162274,40.816273,0.5115938
1.97,0.101129144,0.20936745,5.314242,40.811516,0.51447237
1.98,0.101390794,0.21026474,5.312252,40.806767,0.5173572
1.99,0.1016527,0.21116006,5.31026,40.802002,0.5202497
2.0,0.10191405,0.21204513,5.3082623,40.797215,0.52314794
2.01,0.102176666,0.21292454,5.3062596,40.7924,0.52605426
2.02,0.102439195,0.21379662,5.3042545,40.787605,0.5289661
2.03,0.10270238,0.21466172,5.3022456,40.7828,0.53188586
2.04,0.102966204,0.21552277,5.3002324,40.777954,0.5348105
2.05,0.103230044,0.2163738,5.298213,40.773132,0.5377431
2.06,0.10349391,0.21722251,5.296191,40.768276,0.54068244
2.07,0.103758484,0.21806568,5.294165,40.763412,0.543629
2.08,0.10402341,0.21889836,5.292135,40.75855,0.5465805
2.09,0.10428834,0.21972275,5.290102,40.753662,0.54953986
2.1,0.104553916,0.22054696,5.288065,40.74875,0.5525057
2.11,0.104819804,0.22136319,5.286021,40.743866,0.5554788
2.12,0.10508621,0.22217506,5.2839756,40.738937,0.55845875
2.13,0.10535304,0.2229805,5.281926,40.734013,0.56144387
2.14,0.10561992,0.22378075,5.279872,40.72906,0.5644384
2.15,0.10588715,0.22457576,5.277814,40.724117,0.5674371
2.16,0.10615489,0.22536564,5.2757516,40.71914,0.5704433
2.17,0.10642263,0.22614586,5.273686,40.714184,0.573457
2.18,0.106691495,0.22692662,5.271615,40.709194,0.57647836
2.19,0.10696027,0.22769964,5.2695403,40.70421,0.5795047
2.2,0.107229315,0.2284708,5.2674646,40.699215,0.58253723
2.21,0.1074993,0.22923833,5.265381,40.694187,0.58557904
2.22,0.1077692,0.22999704,5.2632957,40.689186,0.58862674
2.23,0.10803943,0.2307545,5.2612042,40.684124,0.59168106
2.24,0.10831007,0.23150486,5.259111,40.67908,0.5947414
2.25,0.10858156,0.23225427,5.2570143,40.67402,0.5978091
2.26,0.108853094,0.2329973,5.2549105,40.66895,0.6008862
2.27,0.10912508,0.23373657,5.2528048,40.663883,0.60396683
2.28,0.1093975,0.23447526,5.2506933,40.65879,0.6070559
2.29,0.1096703,0.23520619,5.2485785,40.653694,0.6101512
2.3,0.10994379,0.23593819,5.2464604,40.648575,0.6132544
2.31,0.11021746,0.23666275,5.244339,40.64345,0.6163632
2.32,0.11049143,0.23738605,5.2422123,40.638336,0.6194799
2.33,0.11076623,0.23810756,5.2400827,40.633183,0.6226034
2.34,0.111040935,0.23882115,5.237947,40.62802,0.6257341
2.35,0.11131641,0.23953336,5.2358084,40.622856,0.6288717
2.36,0.11159241,0.24024642,5.2336674,40.61768,0.6320168
2.37,0.11186865,0.2409566,5.23152,40.61249,0.63516766
2.38,0.112145334,0.24166006,5.22937,40.607296,0.63832605
2.39,0.11242266,0.24236351,5.2272153,40.602085,0.64149284
2.4,0.11270012,0.2430678,5.2250557,40.596878,0.644666
2.41,0.1129785,0.24376911,5.2228928,40.59165,0.64784575
2.42,0.11325739,0.24446851,5.2207255,40.58639,0.65103185
2.43,0.11353649,0.24516332,5.2185545,40.581142,0.6542272
2.44,0.11381617,0.24585992,5.216381,40.575882,0.6574284
2.45,0.11409627,0.24655128,5.2142005,40.570606,0.66063726
2.46,0.11437695,0.24724263,5.2120166,40.565327,0.6638529
2.47,0.11465812,0.24793285,5.2098303,40.56004,0.6670761
2.48,0.11493963,0.24862301,5.2076373,40.55474,0.67030585
2.49,0.11522199,0.24931449,5.2054415,40.549427,0.67354417
2.5,0.11550461,0.24999827,5.2032413,40.5441,0.67678833
2.51,0.11578812,0.25069112,5.201038,40.538757,0.68004084
2.52,0.11607185,0.2513734,5.198829,40.533417,0.6833004
2.53,0.11635627,0.25205874,5.1966157,40.528057,0.6865671
2.54,0.11664079,0.252747,5.1943984,40.522697,0.6898415
2.55,0.11692624,0.25343233,5.1921773,40.51731,0.6931235
2.56,0.11721225,0.25411755,5.189953,40.511917,0.69641304
2.57,0.11749862,0.25480425,5.1877227,40.506523,0.6997095
2.58,0.11778642,0.25548983,5.185489,40.501106,0.7030139
2.59,0.118073836,0.25617695,5.18325,40.49569,0.7063253
2.6,0.11836158,0.25686282,5.181009,40.490246,0.70964503
2.61,0.118650764,0.25755304,5.1787643,40.48481,0.71297127
2.62,0.11894028,0.2582392,5.1765127,40.479355,0.7163056
2.63,0.11923067,0.25892985,5.1742578,40.473885,0.71964705
2.64,0.119521335,0.2596208,5.171999,40.468403,0.72299755
2.65,0.11981262,0.26031566,5.169735,40.46292,0.726354
2.66,0.120104656,0.2610073,5.1674657,40.457405,0.7297193
2.67,0.12039688,0.26170105,5.165193,40.4519,0.73309135
2.68,0.12069067,0.26239866,5.1629167,40.446373,0.736472
2.69,0.12098469,0.263093,5.1606345,40.440853,0.7398592
2.7,0.121279195,0.2637937,5.158349,40.43531,0.7432562
2.71,0.12157424,0.26449353,5.1560583,40.42975,0.74665964
2.72,0.121870056,0.26520038,5.153765,40.424183,0.7500713
2.73,0.12216623,0.26590407,5.1514654,40.4186,0.7534896
2.74,0.12246375,0.26661164,5.1491623,40.413017,0.75691664
2.75,0.12276219,0.26732516,5.146855,40.407406,0.7603521
2.76,0.12306015,0.26803714,5.1445436,40.401794,0.7637948
2.77,0.1233595,0.26875407,5.1422253,40.396183,0.76724577
2.78,0.1236594,0.2694713,5.139905,40.390537,0.77070475
2.79,0.12396057,0.27019155,5.13758,40.384907,0.7741722
2.8,0.12426178,0.27091885,5.135248,40.37924,0.7776474
2.81,0.124564216,0.27164614,5.132914,40.373577,0.7811299
2.82,0.124866664,0.27237517,5.1305737,40.36789,0.78462124
2.83,0.12517093,0.2731127,5.128232,40.362198,0.7881213
2.84,0.12547463,0.27385014,5.1258826,40.356503,0.791628
2.85,0.1257802,0.27459157,5.1235294,40.350784,0.79514456
2.86,0.12608561,0.27533644,5.1211715,40.345062,0.79866755
2.87,0.12639256,0.27609015,5.118809,40.339317,0.8022008
2.88,0.12669946,0.27684003,5.1164417,40.333565,0.8057408
2.89,0.12700805,0.2775969,5.11407,40.327812,0.8092897
2.9,0.12731689,0.2783605,5.1116934,40.32204,0.8128468
2.91,0.1276264,0.2791263,5.1093106,40.31626,0.8164121
2.92,0.1279371,0.2799005,5.106926,40.31046,0.81998616
2.93,0.12824841,0.2806701,5.1045365,40.304653,0.8235685
2.94,0.1285606,0.28145444,5.1021414,40.298836,0.8271587
2.95,0.12887381,0.2822386,5.0997396,40.292984,0.8307592
2.96,0.12918705,0.28302956,5.097335,40.287148,0.8343663
2.97,0.12950197,0.28382367,5.0949254,40.28129,0.8379822
2.98,0.1298175,0.28462368,5.092512,40.275414,0.8416065
2.99,0.13013363,0.28542954,5.090092,40.26953,0.8452397
3.0,0.13045077,0.28624272,5.087669,40.26365,0.84888256
3.01,0.13076884,0.28705817,5.08524,40.25774,0.85253274
3.02,0.13108759,0.28788114,5.082806,40.251823,0.8561918
3.03,0.13140695,0.28870678,5.080367,40.245895,0.8598606
3.04,0.13172786,0.2895416,5.0779247,40.23995,0.8635366
3.05,0.1320489,0.29038262,5.0754776,40.233997,0.8672222
3.06,0.13237134,0.29122895,5.073024,40.228024,0.8709172
3.07,0.13269445,0.2920766,5.070565,40.22205,0.8746194
3.08,0.1330185,0.29293734,5.068102,40.21607,0.87833136
3.09,0.13334331,0.29380208,5.0656343,40.210056,0.88205266
3.1,0.13366953,0.2946735,5.063162,40.204044,0.88578206
3.11,0.13399634,0.2955494,5.060684,40.198006,0.8895203
3.12,0.13432409,0.296434,5.0582004,40.191967,0.8932683
3.13,0.13465291,0.29732436,5.055712,40.185917,0.8970247
3.14,0.13498244,0.29822284,5.0532184,40.179844,0.9007906
3.15,0.13531256,0.29912823,5.0507216,40.173767,0.904565
3.16,0.13564421,0.30003804,5.048219,40.167675,0.9083483
3.17,0.13597673,0.30095792,5.045711,40.161575,0.912142
3.18,0.13630995,0.3018843,5.0431976,40.15546,0.9159436
3.19,0.13664427,0.30281746,5.04068,40.14933,0.91975373
3.2,0.1369798,0.30376065,5.038157,40.14319,0.9235737
3.21,0.13731584,0.3047095,5.0356274,40.137028,0.927403
3.22,0.13765292,0.3056665,5.0330935,40.13087,0.9312415
3.23,0.13799131,0.30663025,5.030555,40.12468,0.93509024
3.24,0.1383304,0.30760175,5.0280128,40.1185,0.93894744
3.25,0.13867074,0.30858195,5.0254626,40.1123,0.9428131
3.26,0.13901165,0.30956757,5.0229087,40.106064,0.94668967
3.27,0.13935384,0.31056452,5.0203476,40.09983,0.9505755
3.28,0.13969731,0.31156904,5.017784,40.093586,0.954469
3.29,0.1400415,0.31258225,5.0152144,40.087322,0.95837295
3.3,0.14038676,0.3136046,5.012639,40.081055,0.96228623
3.31,0.14073275,0.31463224,5.010058,40.07476,0.96620935
3.32,0.1410802,0.31567013,5.0074754,40.06845,0.97014153
3.33,0.14142883,0.31671655,5.0048833,40.062145,0.97408307
3.34,0.14177775,0.31777477,5.0022864,40.05582,0.9780353
3.35,0.14212842,0.31883627,4.999686,40.04948,0.98199576
3.36,0.14247967,0.31990802,4.997079,40.043125,0.9859664
3.37,0.14283246,0.32099348,4.9944677,40.036766,0.9899471
3.38,0.14318566,0.32208145,4.9918504,40.030376,0.99393696
3.39,0.14354073,0.32318383,4.989228,40.02398,0.9979368
3.4,0.14389619,0.32428843,4.9866,40.017563,1.001945
3.41,0.14425316,0.32540745,4.9839664,40.011158,1.0059645
3.42,0.14461114,0.32653826,4.9813285,40.00471,1.0099943
3.43,0.14496993,0.32767636,4.9786835,39.99826,1.014032
3.44,0.14533018,0.3288232,4.976034,39.991806,1.01808
3.45,0.14569168,0.32998013,4.9733796,39.985336,1.0221384
3.46,0.14605343,0.3311423,4.9707203,39.97886,1.0262063
3.47,0.14641698,0.3323192,4.968055,39.97234,1.030284
3.48,0.14678119,0.3335057,4.9653826,39.965836,1.0343711
3.49,0.14714739,0.3346994,4.962706,39.959297,1.0384699
3.5,0.14751391,0.33590728,4.960024,39.952747,1.0425774
3.51,0.14788185,0.33711916,4.9573364,39.9462,1.0466949
3.52,0.1482507,0.3383482,4.954644,39.939632,1.050822
3.53,0.14862102,0.33957964,4.9519453,39.933037,1.0549598
3.54,0.1489926,0.34082395,4.9492407,39.926434,1.0591071
3.55,0.1493647,0.34208184,4.9465313,39.91981,1.0632656
3.56,0.14973828,0.34334564,4.943816,39.91319,1.0674329
3.57,0.15011342,0.34462273,4.9410963,39.90654,1.0716108
3.58,0.15048914,0.34591126,4.9383698,39.899868,1.075799
3.59,0.1508661,0.3472073,4.935638,39.893208,1.0799974
3.6,0.15124452,0.34851533,4.9329004,39.886513,1.0842053
3.61,0.15162401,0.3498314,4.9301596,39.879803,1.0884254
3.62,0.15200436,0.3511619,4.9274096,39.87309,1.0926526
3.63,0.15238632,0.35250235,4.9246554,39.866356,1.0968924
3.64,0.15276927,0.35385233,4.921898,39.859604,1.1011422
3.65,0.15315323,0.35520822,4.9191327,39.85286,1.105401
3.66,0.15353894,0.35658664,4.916362,39.846073,1.1096717
3.67,0.15392542,0.3579666,4.9135857,39.839283,1.1139514
3.68,0.15431336,0.3593607,4.910804,39.83248,1.1182417
3.69,0.15470225,0.36076462,4.9080157,39.825657,1.1225438
3.7,0.15509272,0.36218196,4.9052234,39.818832,1.1268549
3.71,0.15548424,0.36360747,4.9024253,39.811993,1.131176
3.72,0.15587723,0.36504793,4.8996205,39.80511,1.1355088
3.73,0.15627089,0.366495,4.89681,39.798237,1.1398518
3.74,0.156666,0.3679521,4.8939953,39.791344,1.1442046
3.75,0.15706255,0.36942738,4.891175,39.78442,1.1485696
3.76,0.15746,0.37090468,4.8883457,39.777504,1.1529431
3.77,0.15785888,0.37239808,4.8855143,39.77056,1.1573279
3.78,0.15825924,0.3739031,4.882675,39.763607,1.161723
3.79,0.15866034,0.37542015,4.8798304,39.75664,1.1661298
3.8,0.15906286,0.37694526,4.876981,39.749657,1.1705465
3.81,0.15946694,0.37848878,4.874127,39.74265,1.1749735
3.82,0.15987167,0.380036,4.871265,39.73564,1.1794126
3.83,0.16027814,0.38159513,4.8683996,39.7286,1.1838605
3.84,0.16068606,0.3831675,4.865526,39.72156,1.1883197
3.85,0.16109498,0.38475293,4.862648,39.714497,1.1927896
3.86,0.16150545,0.38634694,4.859765,39.707417,1.1972712
3.87,0.16191657,0.38795453,4.8568735,39.700317,1.2017622
3.88,0.16232976,0.38957387,4.853977,39.693214,1.2062646
3.89,0.16274343,0.39120048,4.8510785,39.686092,1.2107778
3.9,0.16315912,0.392842,4.8481693,39.678944,1.215302
3.91,0.1635757,0.3944927,4.8452578,39.671795,1.2198377
3.92,0.16399382,0.39616036,4.842337,39.664623,1.2243829
3.93,0.16441302,0.3978327,4.839413,39.657433,1.2289394
3.94,0.16483389,0.39952177,4.8364825,39.650234,1.2335067
3.95,0.16525573,0.4012198,4.833546,39.643017,1.2380855
3.96,0.16567887,0.40292948,4.8306055,39.63577,1.2426753
3.97,0.16610302,0.40464872,4.8276567,39.628517,1.2472755
3.98,0.16652901,0.40638053,4.8247027,39.621254,1.2518873
3.99,0.16695623,0.4081267,4.821745,39.61397,1.2565098
4.0,0.16738455,0.4098801,4.81878,39.606678,1.2611428
4.01,0.16781487,0.4116481,4.815808,39.599354,1.2657883
4.02,0.16824564,0.41342407,4.812832,39.59201,1.2704428
4.03,0.16867852,0.4152137,4.8098483,39.584667,1.2751102
4.04,0.16911219,0.4170159,4.80686,39.577297,1.2797883
4.05,0.16954705,0.4188276,4.8038664,39.569923,1.284477
4.06,0.16998367,0.42065015,4.800866,39.56253,1.2891772
4.07,0.17042162,0.4224863,4.7978587,39.55511,1.2938887
4.08,0.17086117,0.42433012,4.794847,39.547676,1.2986112
4.09,0.17130138,0.42618808,4.791829,39.540226,1.3033452
4.1,0.17174321,0.42805544,4.7888055,39.53276,1.3080907
4.11,0.17218652,0.4299359,4.7857757,39.525272,1.3128451
4.12,0.17263125,0.43182468,4.7827396,39.517784,1.3176136
4.13,0.17307752,0.43372637,4.779699,39.510265,1.3223928
4.14,0.17352481,0.4356381,4.776652,39.502728,1.3271828
4.15,0.173973,0.43756232,4.773598,39.495182,1.3319845
4.16,0.17442362,0.43949753,4.770539,39.487625,1.3367971
4.17,0.17487465,0.44143927,4.767475,39.480038,1.3416206
4.18,0.17532758,0.44339535,4.7644024,39.47244,1.3464566
4.19,0.17578237,0.44536617,4.7613263,39.46481,1.3513036
4.2,0.17623812,0.44734305,4.758243,39.457172,1.3561624
4.21,0.17669459,0.44932872,4.755154,39.449524,1.3610326
4.22,0.17715298,0.45132598,4.7520614,39.441864,1.3659141
4.23,0.17761302,0.45333585,4.7489614,39.434177,1.370807
4.24,0.17807415,0.45535606,4.7458544,39.426468,1.375712
4.25,0.1785366,0.4573862,4.742742,39.418747,1.3806282
4.26,0.1790006,0.4594243,4.7396245,39.411,1.385555
4.27,0.17946596,0.46147618,4.7364993,39.403255,1.3904953
4.28,0.17993242,0.46353585,4.733369,39.395466,1.3954461
4.29,0.18040064,0.465607,4.7302322,39.387684,1.4004081
4.3,0.1808702,0.4676874,4.7270904,39.37988,1.4053823
4.31,0.18134089,0.46977812,4.7239423,39.372047,1.4103681
4.32,0.18181375,0.47188085,4.7207875,39.364185,1.4153665
4.33,0.18228734,0.47399303,4.717629,39.356335,1.4203749
4.34,0.18276244,0.47610974,4.7144604,39.348465,1.4253968
4.35,0.18323918,0.47824335,4.7112894,39.340553,1.4304295
4.36,0.18371712,0.48038062,4.708112,39.33263,1.4354742
4.37,0.18419659,0.48252878,4.704929,39.324696,1.44053
4.38,0.18467717,0.48468643,4.701738,39.316742,1.4455991
4.39,0.1851593,0.48685548,4.698542,39.30877,1.4506778
4.4,0.1856431,0.48903313,4.69534,39.300774,1.455771
4.41,0.1861284,0.4912163,4.692132,39.29277,1.4608744
4.42,0.18661475,0.49341056,4.688917,39.28472,1.4659902
4.43,0.18710265,0.49561575,4.685696,39.276688,1.4711186
4.44,0.18759197,0.49782705,4.6824703,39.26861,1.4762577
4.45,0.18808244,0.50004816,4.6792383,39.260536,1.4814104
4.46,0.18857469,0.50227606,4.6759987,39.252434,1.4865733
4.47,0.18906878,0.5045132,4.6727543,39.244312,1.49175
4.48,0.18956387,0.5067594,4.6695037,39.236168,1.4969372
4.49,0.19006023,0.50901306,4.666248,39.228,1.5021373
4.5,0.19055861,0.5112749,4.6629853,39.219826,1.50735
4.51,0.19105743,0.5135435,4.6597185,39.21163,1.5125731
4.52,0.19155867,0.51582265,4.656444,39.20341,1.5178107
4.53,0.19206066,0.5181086,4.6531625,39.19518,1.5230598
4.54,0.19256455,0.5204035,4.649877,39.18691,1.5283195
4.55,0.1930698,0.5227033,4.646582,39.17865,1.5335925
4.56,0.19357598,0.52500904,4.6432834,39.170345,1.5388782
4.57,0.19408439,0.5273262,4.639977,39.162025,1.5441763
4.58,0.19459432,0.5296487,4.6366663,39.153698,1.5494862
4.59,0.19510473,0.5319803,4.6333485,39.145344,1.5548081
4.6,0.19561718,0.534312,4.6300263,39.13697,1.5601422
4.61,0.19613117,0.5366554,4.6266985,39.128582,1.5654887
4.62,0.19664656,0.53900504,4.6233616,39.12016,1.5708487
4.63,0.19716346,0.54135936,4.6200194,39.111736,1.5762206
4.64,0.19768141,0.5437193,4.6166716,39.103264,1.5816047
4.65,0.19820142,0.5460872,4.6133175,39.09479,1.5870019
4.66,0.19872233,0.5484606,4.609957,39.0863,1.5924108
4.67,0.19924514,0.5508398,4.6065917,39.077785,1.5978327
4.68,0.19976893,0.55322415,4.603217,39.06926,1.6032677
4.69,0.20029445,0.55561596,4.59984,39.0607,1.6087139
4.7,0.20082149,0.55801046,4.5964546,39.052124,1.6141741
4.71,0.20134991,0.560413,4.593065,39.043526,1.6196454
4.72,0.20187967,0.5628169,4.589668,39.03491,1.6251304
4.73,0.20241143,0.56522906,4.586263,39.026268,1.630628
4.74,0.2029441,0.5676422,4.5828557,39.017605,1.6361384
4.75,0.20347834,0.5700636,4.5794406,39.00892,1.6416628
4.76,0.20401418,0.5724898,4.576018,39.000217,1.6471972
4.77,0.2045514,0.57491696,4.572591,38.991505,1.6527452
4.78,0.20508976,0.57734704,4.569155,38.982742,1.6583071
4.79,0.20563026,0.5797882,4.5657144,38.973995,1.6638819
4.8,0.20617218,0.58222896,4.5622697,38.965206,1.66947
4.81,0.20671514,0.5846716,4.5588174,38.956387,1.6750689
4.82,0.20725977,0.58711827,4.555359,38.947563,1.6806833
4.83,0.20780583,0.5895667,4.5518937,38.938717,1.6863089
4.84,0.20835397,0.5920248,4.548421,38.92984,1.6919487
4.85,0.20890257,0.59448004,4.544945,38.920937,1.6975993
4.86,0.20945339,0.5969378,4.5414605,38.912037,1.7032655
4.87,0.21000546,0.5994011,4.5379696,38.903095,1.708943
4.88,0.21055871,0.60186785,4.5344725,38.894142,1.7146344
4.89,0.21111368,0.60433054,4.5309715,38.88516,1.720339
4.9,0.21167009,0.6067997,4.5274625,38.87616,1.7260572
4.91,0.21222836,0.6092719,4.5239472,38.867123,1.7317883
4.92,0.21278787,0.6117451,4.520427,38.858086,1.7375324
4.93,0.21334872,0.6142198,4.516898,38.84902,1.7432902
4.94,0.21391125,0.6166925,4.5133643,38.839924,1.749061
4.95,0.21447544,0.6191722,4.5098233,38.83081,1.7548455
4.96,0.21504056,0.62165,4.5062785,38.821682,1.7606422
4.97,0.21560766,0.6241288,4.502726,38.812515,1.7664533
4.98,0.21617627,0.6266093,4.4991674,38.80333,1.772278
4.99,0.21674563,0.6290889,4.4955997,38.794117,1.7781142
5.0,0.2173174,0.63156927,4.4920297,38.784893,1.783966
5.01,0.21789007,0.6340516,4.4884496,38.77565,1.7898307
5.02,0.21846452,0.6365336,4.4848657,38.766376,1.7957091
5.03,0.21904068,0.6390149,4.481275,38.75708,1.8016013
5.04,0.21961834,0.64149576,4.4776764,38.74774,1.8075064
5.05,0.22019732,0.6439774,4.474074,38.73839,1.8134257
5.06,0.22077766,0.6464563,4.4704638,38.729034,1.8193579
5.07,0.22135964,0.648937,4.466849,38.71963,1.8253042
5.08,0.22194344,0.6514186,4.463226,38.710224,1.8312651
5.09,0.22252801,0.65389353,4.4595976,38.700794,1.8372387
5.1,0.22311488,0.65637314,4.455961,38.691326,1.8432267
5.11,0.22370301,0.65884244,4.4523187,38.681847,1.849228
5.12,0.22429286,0.66132224,4.448672,38.672337,1.8552436
5.13,0.22488378,0.6637939,4.4450173,38.6628,1.8612735
5.14,0.22547638,0.6662637,4.4413557,38.653233,1.867316
5.15,0.22607046,0.6687348,4.4376874,38.64365,1.8733742
5.16,0.22666605,0.6711997,4.434015,38.634045,1.8794444
5.17,0.22726335,0.67366624,4.430334,38.624405,1.8855296
5.18,0.2278621,0.67613035,4.426647,38.614758,1.8916292
5.19,0.2284624,0.6785885,4.422954,38.60508,1.8977432
5.2,0.22906438,0.6810469,4.4192557,38.59537,1.903871
5.21,0.22966799,0.6835019,4.4155493,38.585644,1.910012
5.22,0.23027223,0.6859528,4.411837,38.5759,1.9161677
5.23,0.23087886,0.6883997,4.4081173,38.566124,1.9223375
5.24,0.23148723,0.6908451,4.4043927,38.5563,1.9285225
5.25,0.2320969,0.69329,4.400662,38.546486,1.9347215
5.26,0.23270786,0.6957305,4.396923,38.53662,1.9409331
5.27,0.23332009,0.6981641,4.393177,38.526745,1.9471607
5.28,0.23393482,0.7005963,4.389427,38.516846,1.9534026
5.29,0.23455058,0.70302606,4.385669,38.50692,1.9596587
5.3,0.23516771,0.7054525,4.381905,38.49696,1.9659297
5.31,0.23578608,0.7078691,4.3781333,38.486996,1.9722145
5.32,0.23640677,0.7102849,4.3743563,38.476982,1.9785154
5.33,0.23702896,0.7126963,4.3705716,38.466953,1.9848287
5.34,0.2376525,0.7151073,4.3667803,38.456886,1.9911581
5.35,0.23827775,0.71751076,4.362984,38.44682,1.9975005
5.36,0.23890433,0.719907,4.3591824,38.436707,2.0038586
5.37,0.23953272,0.7223041,4.3553715,38.426586,2.0102315
5.38,0.24016264,0.7246926,4.351554,38.416416,2.0166197
5.39,0.24079421,0.727079,4.3477325,38.406235,2.0230222
5.4,0.24142708,0.72946006,4.343902,38.39601,2.0294394
5.41,0.2420618,0.7318371,4.340067,38.38578,2.03587
5.42,0.24269824,0.7342062,4.336224,38.375515,2.0423174
5.43,0.24333574,0.73657143,4.332375,38.36523,2.048779
5.44,0.24397542,0.7389338,4.3285165,38.354916,2.0552568
5.45,0.24461672,0.74128914,4.324655,38.344566,2.061748
5.46,0.2452594,0.7436394,4.3207874,38.334213,2.068255
5.47,0.24590343,0.74598527,4.3169107,38.323822,2.0747762
5.48,0.24654901,0.74832183,4.3130283,38.313393,2.0813124
5.49,0.2471966,0.75065875,4.3091393,38.302933,2.0878656
5.5,0.24784616,0.75298774,4.3052444,38.292477,2.0944319
5.51,0.24849676,0.7553105,4.301343,38.28196,2.1010141
5.52,0.24914919,0.7576289,4.297434,38.271435,2.1076107
5.53,0.24980287,0.75993973,4.2935176,38.260876,2.1142244
5.54,0.25045857,0.76224697,4.289596,38.250298,2.1208525
5.55,0.251116,0.7645475,4.2856665,38.23969,2.1274958
5.56,0.25177452,0.7668452,4.281732,38.229057,2.1341543
5.57,0.2524355,0.7691354,4.2777896,38.2184,2.140829
5.58,0.25309741,0.77142394,4.2738423,38.207714,2.1475177
5.59,0.2537616,0.7737006,4.2698865,38.196995,2.1542234
5.6,0.25442675,0.7759705,4.2659245,38.18626,2.160944
5.61,0.25509414,0.7782432,4.261957,38.17547,2.1676803
5.62,0.25576285,0.7805035,4.2579803,38.16467,2.1744318
5.63,0.2564334,0.78276,4.254,38.15385,2.181199
5.64,0.2571056,0.7850133,4.2500134,38.142986,2.1879802
5.65,0.25777957,0.7872584,4.246017,38.132107,2.19478
5.66,0.25845522,0.7895024,4.242014,38.121216,2.2015948
5.67,0.2591326,0.7917353,4.2380056,38.110283,2.2084246
5.68,0.2598114,0.7939636,4.23399,38.099297,2.2152696
5.69,0.2604919,0.7961881,4.2299676,38.08831,2.2221324
5.7,0.2611745,0.7984067,4.2259398,38.077305,2.2290096
5.71,0.26185796,0.8006216,4.2219043,38.066257,2.2359023
5.72,0.26254356,0.80283004,4.2178636,38.055172,2.2428107
5.73,0.26323152,0.8050368,4.213814,38.044083,2.2497368
5.74,0.2639206,0.8072341,4.209759,38.03296,2.2566776
5.75,0.2646119,0.8094289,4.2056985,38.021797,2.2636352
5.76,0.26530418,0.8116189,4.201628,38.01061,2.2706087
5.77,0.2659984,0.81380177,4.197552,37.99938,2.2775986
5.78,0.26669464,0.8159817,4.193471,37.98814,2.2846029
5.79,0.26739267,0.81815606,4.189382,37.976864,2.2916245
5.8,0.26809177,0.820326,4.1852846,37.965576,2.2986631
5.81,0.2687935,0.8224937,4.1811843,37.954254,2.3057165
5.82,0.26949653,0.82465523,4.1770754,37.942886,2.312788
5.83,0.27020153,0.8268142,4.1729593,37.931507,2.3198738
5.84,0.2709081,0.82896787,4.168837,37.920086,2.3269777
5.85,0.27161637,0.83111566,4.164707,37.90867,2.334096
5.86,0.2723268,0.83326447,4.160571,37.897182,2.3412318
5.87,0.2730385,0.8354073,4.1564293,37.88569,2.348384
5.88,0.27375254,0.83754647,4.15228,37.874176,2.355553
5.89,0.2744685,0.839684,4.1481247,37.862617,2.3627374
5.9,0.2751854,0.8418169,4.14396,37.851048,2.369939
5.91,0.27590495,0.84394455,4.1397934,37.839428,2.3771567
5.92,0.27662557,0.8460725,4.135616,37.82779,2.3843927
5.93,0.27734837,0.8481971,4.131434,37.81612,2.3916435
5.94,0.2780728,0.85031855,4.127244,37.804432,2.3989117
5.95,0.27879938,0.8524381,4.1230474,37.792706,2.4061956
5.96,0.2795276,0.8545543,4.1188445,37.780952,2.4134989
5.97,0.28025797,0.8566708,4.114635,37.769176,2.4208162
5.98,0.28099006,0.85878456,4.1104198,37.75737,2.42815
5.99,0.28172377,0.8608973,4.1061945,37.745525,2.4355023
6.0,0.28245988,0.8630097,4.101966,37.733665,2.4428716
6.01,0.283197,0.8651183,4.0977297,37.721764,2.450257
6.02,0.28393632,0.86722606,4.0934854,37.70985,2.45766
6.03,0.28467786,0.86933374,4.089236,37.697895,2.4650776
6.04,0.2854212,0.87144303,4.0849795,37.685913,2.4725156
6.05,0.28616595,0.8735473,4.080716,37.67392,2.479969
6.06,0.28691316,0.8756581,4.076446,37.661865,2.487439
6.07,0.28766194,0.87776387,4.0721693,37.649803,2.4949265
6.08,0.2884126,0.8798718,4.0678854,37.637703,2.5024319
6.09,0.28916547,0.88198096,4.063595,37.625576,2.5099533
6.1,0.28992036,0.8840866,4.059299,37.613434,2.5174925
6.11,0.29067668,0.88620013,4.054994,37.60125,2.5250485
6.12,0.29143527,0.8883099,4.050685,37.58905,2.5326219
6.13,0.29219574,0.89042145,4.0463667,37.576805,2.5402117
6.14,0.29295835,0.8925388,4.042043,37.564545,2.5478213
6.15,0.29372263,0.8946545,4.037712,37.552254,2.5554461
6.16,0.29448882,0.89677286,4.0333757,37.53992,2.5630884
6.17,0.2952575,0.89889747,4.0290327,37.527573,2.5707495
6.18,0.2960274,0.9010204,4.0246816,37.515182,2.5784266
6.19,0.29679957,0.9031506,4.0203257,37.50278,2.5861225
6.2,0.29757404,0.90528,4.015961,37.490345,2.593834
6.21,0.2983502,0.90741473,4.011591,37.47787,2.6015644
6.22,0.29912847,0.9095525,4.0072126,37.46537,2.6093116
6.23,0.29990873,0.9116945,4.0028296,37.452835,2.6170774
6.24,0.30069095,0.9138423,3.9984398,37.44029,2.6248593
6.25,0.3014751,0.91599554,3.9940412,37.42771,2.6326616
6.26,0.3022612,0.9181529,3.9896393,37.41509,2.6404788
6.27,0.30305,0.92031664,3.985227,37.402462,2.6483142
6.28,0.30384004,0.92248285,3.9808104,37.389786,2.6561677
6.29,0.30463266,0.9246589,3.976387,37.377075,2.6640387
6.3,0.3054265,0.92683613,3.9719567,37.364353,2.671928
6.31,0.30622393,0.92902356,3.96752,37.351612,2.6798346
6.32,0.3070224,0.93121696,3.9630752,37.338818,2.6877596
6.33,0.30782261,0.9334173,3.9586256,37.326015,2.6957026
6.34,0.3086254,0.9356248,3.9541688,37.313168,2.703663
6.35,0.30943045,0.9378423,3.9497051,37.300304,2.711641
6.36,0.3102374,0.9400648,3.945235,37.287388,2.7196372
6.37,0.3110463,0.942295,3.9407592,37.274467,2.727651
6.38,0.3118575,0.9445326,3.9362748,37.261513,2.7356837
6.39,0.3126705,0.94678384,3.9317858,37.248512,2.7437336
6.4,0.31348625,0.9490381,3.9272885,37.235508,2.7518034
6.41,0.3143038,0.95130754,3.9227855,37.22246,2.7598891
6.42,0.3151236,0.953583,3.9182763,37.209404,2.7679935
6.43,0.31594542,0.95586884,3.91376,37.196293,2.7761178
6.44,0.31676915,0.9581616,3.9092367,37.183163,2.7842596
6.45,0.31759572,0.9604722,3.9047072,37.17001,2.792418
6.46,0.31842375,0.962789,3.9001713,37.156815,2.8005958
6.47,0.3192544,0.96511894,3.8956292,37.143604,2.8087904
6.48,0.3200868,0.96745753,3.8910797,37.13035,2.817006
6.49,0.3209219,0.9698119,3.8865252,37.11708,2.825238
6.5,0.32175907,0.9721745,3.8819625,37.10378,2.8334877
6.51,0.32259828,0.97455114,3.8773928,37.090454,2.8417575
6.52,0.3234399,0.9769381,3.8728187,37.0771,2.8500445
6.53,0.3242835,0.979339,3.8682375,37.06372,2.8583505
6.54,0.32512942,0.981754,3.8636484,37.0503,2.8666759
6.55,0.32597747,0.98418164,3.8590536,37.03684,2.8750184
6.56,0.32682788,0.9866222,3.8544536,37.023376,2.88338
6.57,0.32768068,0.9890783,3.8498447,37.009876,2.8917608
6.58,0.32853568,0.99154663,3.8452308,36.99634,2.900159
6.59,0.32939282,0.9940264,3.8406105,36.98278,2.908576
6.6,0.33025223,0.99652547,3.835983,36.969185,2.9170122
6.61,0.33111382,0.99904007,3.8313498,36.955566,2.9254668
6.62,0.33197796,1.001568,3.8267093,36.941925,2.9339411
6.63,0.33284456,1.0041109,3.822063,36.928238,2.9424329
6.64,0.33371276,1.0066682,3.8174102,36.914543,2.950943
6.65,0.33458385,1.009245,3.812751,36.90081,2.9594734
6.66,0.33545718,1.0118352,3.808085,36.887054,2.968021
6.67,0.3363329,1.0144426,3.8034124,36.873264,2.976588
6.68,0.3372112,1.0170668,3.7987337,36.859432,2.9851742
6.69,0.3380912,1.0197048,3.7940497,36.845573,2.9937794
6.7,0.33897364,1.0223612,3.789358,36.831715,3.0024025
6.71,0.3398588,1.0250413,3.7846603,36.81781,3.0110457
6.72,0.34074634,1.0277325,3.779956,36.80387,3.0197058
6.73,0.3416357,1.0304408,3.775245,36.789906,3.028388
6.74,0.34252778,1.0331717,3.7705276,36.775913,3.037087
6.75,0.3434221,1.0359186,3.7658048,36.761887,3.0458062
6.76,0.344319,1.0386832,3.7610748,36.74784,3.054544
6.77,0.34521854,1.0414661,3.7563388,36.73374,3.0633001
6.78,0.34612012,1.0442644,3.7515967,36.719654,3.0720758
6.79,0.34702405,1.0470879,3.746847,36.705505,3.0808723
6.8,0.34793076,1.0499308,3.742091,36.691338,3.0896862
6.81,0.34883943,1.0527875,3.7373302,36.67714,3.0985186
6.82,0.34975085,1.0556645,3.7325633,36.66291,3.107371
6.83,0.35066485,1.0585636,3.727789,36.648674,3.1162436
6.84,0.35158142,1.061484,3.7230082,36.634388,3.1251347
6.85,0.35249966,1.0644217,3.7182214,36.620052,3.1340456
6.86,0.35342112,1.0673823,3.7134292,36.60572,3.1429741
6.87,0.35434482,1.0703603,3.7086296,36.591343,3.1519244
6.88,0.35527092,1.0733582,3.703824,36.57696,3.1608913
6.89,0.35619935,1.0763799,3.6990108,36.56252,3.1698806
6.9,0.35713038,1.0794177,3.6941934,36.548058,3.1788874
6.91,0.35806432,1.0824821,3.68937,36.533577,3.1879137
6.92,0.35900036,1.085563,3.6845381,36.51906,3.1969597
6.93,0.3599388,1.0886704,3.6797023,36.504517,3.2060251
6.94,0.36088026,1.0917943,3.6748583,36.489925,3.2151117
6.95,0.36182413,1.0949407,3.6700091,36.47533,3.2242165
6.96,0.3627707,1.0981083,3.665154,36.460686,3.2333405
6.97,0.36371875,1.1012951,3.6602924,36.44601,3.2424836
6.98,0.36467096,1.1045101,3.6554246,36.431313,3.251648
6.99,0.36562443,1.1077417,3.650551,36.4166,3.2608309
7.0,0.36658135,1.110998,3.6456695,36.40185,3.2700346
7.01,0.3675403,1.1142739,3.6407835,36.38706,3.2792573
7.02,0.3685023,1.1175728,3.63589,36.372253,3.2884994
7.03,0.3694664,1.1208929,3.6309922,36.357418,3.297763
7.04,0.37043336,1.1242354,3.626087,36.34252,3.307044
7.05,0.37140262,1.127604,3.6211758,36.327633,3.316346
7.06,0.37237477,1.1309918,3.6162584,36.312687,3.3256688
7.07,0.37334943,1.1344002,3.6113353,36.29773,3.3350089
7.08,0.3743271,1.1378331,3.6064055,36.282734,3.3443706
7.09,0.37530726,1.1412903,3.6014705,36.267708,3.3537521
7.1,0.37628987,1.1447654,3.5965292,36.252655,3.363153
7.11,0.37727538,1.1482664,3.5915813,36.23757,3.3725762
7.12,0.37826303,1.1517876,3.5866282,36.222458,3.3820164
7.13,0.37925354,1.155333,3.5816674,36.20732,3.3914773
7.14,0.38024735,1.1589035,3.5767024,36.192135,3.4009585
7.15,0.38124338,1.1624918,3.57173,36.176945,3.4104593
7.16,0.38224173,1.1661061,3.5667522,36.1617,3.4199815
7.17,0.38324356,1.169742,3.561768,36.14642,3.429523
7.18,0.38424778,1.1734005,3.5567782,36.13113,3.4390843
7.19,0.38525406,1.1770788,3.5517821,36.115803,3.4486656
7.2,0.3862637,1.180783,3.5467806,36.10044,3.458269
7.21,0.38727587,1.1845102,3.541772,36.08506,3.4678922
7.22,0.3882913,1.1882567,3.5367572,36.069633,3.477534
7.23,0.3893091,1.1920282,3.5317373,36.054184,3.487197
7.24,0.39032924,1.1958227,3.5267122,36.0387,3.4968793
7.25,0.39135247,1.1996366,3.521679,36.023182,3.5065844
7.26,0.39237884,1.203477,3.5166416,36.00764,3.5163083
7.27,0.3934076,1.2073367,3.5115988,35.992046,3.5260527
7.28,0.3944388,1.2112178,3.5065484,35.976444,3.5358171
7.29,0.3954729,1.2151222,3.5014927,35.960808,3.5456023
7.3,0.3965105,1.2190503,3.49643,35.945133,3.5554075
7.31,0.39755017,1.2230016,3.491363,35.92944,3.5652332
7.32,0.3985931,1.2269723,3.4862893,35.913708,3.5750802
7.33,0.39963856,1.2309635,3.4812107,35.89794,3.584949
7.34,0.4006867,1.2349789,3.476126,35.882145,3.5948367
7.35,0.4017381,1.2390169,3.4710333,35.86631,3.6047459
7.36,0.40279236,1.2430744,3.4659386,35.850452,3.6146739
7.37,0.40384886,1.2471558,3.4608355,35.834568,3.6246233
7.38,0.4049083,1.2512554,3.455726,35.81863,3.6345937
7.39,0.40597096,1.2553797,3.450612,35.80267,3.6445842
7.4,0.40703642,1.2595224,3.4454918,35.786686,3.6545963
7.41,0.40810466,1.2636887,3.4403665,35.770668,3.6646304
7.42,0.4091761,1.2678756,3.4352345,35.754612,3.674683
7.43,0.41024986,1.2720851,3.430097,35.738525,3.6847577
7.44,0.41132653,1.276309,3.4249532,35.72241,3.6948535
7.45,0.4124066,1.2805605,3.4198058,35.706264,3.7049675
7.46,0.41348884,1.2848322,3.4146497,35.69007,3.7151048
7.47,0.41457453,1.2891221,3.409489,35.673847,3.7252622
7.48,0.4156634,1.2934318,3.4043236,35.657608,3.7354407
7.49,0.4167547,1.2977643,3.3991525,35.641323,3.7456388
7.5,0.41784903,1.3021154,3.3939743,35.625008,3.755861
7.51,0.41894603,1.3064868,3.3887918,35.60865,3.7661023
7.52,0.4200464,1.3108761,3.3836017,35.592278,3.776366
7.53,0.4211492,1.315289,3.3784084,35.575855,3.786649
7.54,0.42225543,1.319719,3.373208,35.559406,3.7969549
7.55,0.42336476,1.32417,3.3680022,35.542915,3.8072793
7.56,0.42447653,1.3286406,3.3627918,35.526405,3.817627
7.57,0.42559147,1.3331254,3.357574,35.509853,3.827996
7.58,0.42671007,1.3376358,3.3523524,35.49328,3.8383853
7.59,0.42783016,1.3421613,3.3471239,35.476654,3.8487966
7.6,0.42895412,1.3467026,3.341889,35.46001,3.859228
7.61,0.43008158,1.351268,3.3366513,35.443325,3.8696806
7.62,0.43121126,1.3558509,3.3314064,35.42661,3.8801563
7.63,0.43234405,1.3604506,3.3261554,35.409836,3.8906534
7.64,0.4334803,1.3650689,3.3209007,35.393063,3.9011695
7.65,0.43461895,1.3697039,3.3156388,35.37623,3.9117086
7.66,0.43576097,1.3743559,3.3103724,35.359367,3.9222708
7.67,0.43690625,1.3790327,3.3051014,35.34247,3.9328501
7.68,0.4380544,1.3837137,3.2998233,35.325554,3.9434533
7.69,0.4392054,1.3884251,3.2945402,35.308605,3.954079
7.7,0.4403592,1.3931444,3.2892518,35.2916,3.9647248
7.71,0.44151634,1.3978859,3.2839572,35.27457,3.975392
7.72,0.4426768,1.4026428,3.2786586,35.257496,3.986082
7.73,0.44384,1.4074128,3.2733538,35.240395,3.9967935
7.74,0.4450063,1.4122034,3.2680454,35.223255,4.0075264
7.75,0.4461763,1.4170115,3.2627292,35.206078,4.018281
7.76,0.44734877,1.4218287,3.2574093,35.188877,4.0290565
7.77,0.44852433,1.4266667,3.2520845,35.17164,4.039855
7.78,0.44970313,1.4315212,3.2467535,35.154358,4.0506744
7.79,0.45088518,1.4363906,3.2414172,35.13704,4.061516
7.8,0.45207027,1.4412739,3.2360754,35.119694,4.072379
7.81,0.45325795,1.4461699,3.2307286,35.10231,4.083263
7.82,0.4544496,1.451086,3.2253778,35.08488,4.094171
7.83,0.4556434,1.4560097,3.2200212,35.06743,4.1050987
7.84,0.45684135,1.4609587,3.2146575,35.04994,4.1160507
7.85,0.45804143,1.4659126,3.20929,35.032406,4.1270237
7.86,0.45924586,1.4708861,3.2039177,35.014843,4.1380177
7.87,0.46045247,1.4758697,3.19854,34.99724,4.149035
7.88,0.46166304,1.4808705,3.193158,34.979588,4.1600723
7.89,0.4628758,1.485883,3.1877694,34.96191,4.171133
7.9,0.46409237,1.4909098,3.1823766,34.9442,4.1822176
7.91,0.46531183,1.4959489,3.1769788,34.92645,4.193322
7.92,0.4665353,1.5010035,3.171576,34.908665,4.2044497
7.93,0.46776128,1.5060694,3.166168,34.89084,4.215598
7.94,0.46898982,1.5111457,3.1607547,34.872974,4.22677
7.95,0.47022253,1.5162385,3.1553376,34.855076,4.237963
7.96,0.4714582,1.5213432,3.1499152,34.83714,4.24918
7.97,0.4726968,1.5264609,3.144486,34.81917,4.260418
7.98,0.47393882,1.5315866,3.1390545,34.80117,4.271679
7.99,0.47518405,1.5367284,3.133617,34.783104,4.282962
8.0,0.4764325,1.5418835,3.1281748,34.765034,4.2942667
8.01,0.4776842,1.5470452,3.1227264,34.74689,4.3055964
8.02,0.47893903,1.5522206,3.1172748,34.72874,4.3169465
8.03,0.4801969,1.5574069,3.111818,34.71054,4.3283176
8.04,0.48145875,1.5626037,3.1063566,34.6923,4.339715
8.05,0.48272336,1.5678129,3.1008904,34.67402,4.3511314
8.06,0.48399168,1.5730354,3.09542,34.65571,4.362571
8.07,0.4852622,1.5782607,3.0899434,34.637356,4.374033
8.08,0.48653635,1.5835032,3.0844626,34.618984,4.38552
8.09,0.48781475,1.5887554,3.078978,34.600544,4.397026
8.1,0.48909587,1.5940208,3.0734875,34.58208,4.408559
8.11,0.49038014,1.5992892,3.0679944,34.56357,4.4201107
8.12,0.49166766,1.6045712,3.0624938,34.54504,4.4316883
8.13,0.49295822,1.6098633,3.0569913,34.526443,4.443286
8.14,0.4942528,1.6151632,3.0514827,34.507824,4.4549074
8.15,0.49555025,1.6204735,3.0459695,34.48916,4.4665527
8.16,0.49685118,1.6257944,3.040453,34.470463,4.478221
8.17,0.49815544,1.6311221,3.0349298,34.45173,4.489909
8.18,0.4994627,1.6364605,3.0294046,34.43295,4.501623
8.19,0.5007737,1.641809,3.023874,34.41414,4.513358
8.2,0.50208783,1.6471646,3.0183394,34.395283,4.525117
8.21,0.50340563,1.6525302,3.0127993,34.376385,4.5368986
8.22,0.50472635,1.6579006,3.0072558,34.357452,4.548704
8.23,0.5060501,1.6632836,3.001708,34.33848,4.5605297
8.24,0.5073779,1.6686738,2.9961557,34.31947,4.572381
8.25,0.50870883,1.6740737,2.9905984,34.300415,4.584255
8.26,0.51004297,1.6794801,2.9850383,34.281315,4.5961523
8.27,0.51138103,1.6848936,2.9794726,34.26218,4.608073
8.28,0.5127223,1.6903169,2.973904,34.243015,4.620015
8.29,0.5140669,1.695746,2.9683304,34.223797,4.631983
8.3,0.51541454,1.7011833,2.9627514,34.20454,4.6439724
8.31,0.5167657,1.7066259,2.9571702,34.18523,4.655986
8.32,0.5181204,1.7120788,2.9515843,34.16591,4.668021
8.33,0.51947826,1.7175353,2.9459946,34.146534,4.6800804
8.34,0.52084005,1.7230059,2.9404001,34.12712,4.6921635
8.35,0.5222044,1.7284809,2.934802,34.107662,4.7042685
8.36,0.52357304,1.7339603,2.9291995,34.088173,4.716399
8.37,0.5249449,1.7394501,2.9235938,34.068634,4.728551
8.38,0.5263197,1.7449431,2.9179826,34.049065,4.7407284
8.39,0.5276987,1.7504478,2.9123704,34.029438,4.752927
8.4,0.5290805,1.7559538,2.906752,34.009785,4.76515
8.41,0.5304665,1.7614682,2.9011302,33.990078,4.777397
8.42,0.5318555,1.7669916,2.8955033,33.97034,4.789668
8.43,0.5332481,1.7725228,2.8898757,33.95056,4.801962
8.44,0.5346438,1.7780552,2.8842428,33.930744,4.8142767
8.45,0.5360432,1.7835934,2.878605,33.910885,4.826619
8.46,0.53744596,1.7891433,2.872965,33.890972,4.8389826
8.47,0.5388525,1.7946963,2.867321,33.871017,4.8513727
8.48,0.54026234,1.8002552,2.8616722,33.85104,4.863785
8.49,0.5416757,1.8058231,2.8560207,33.831005,4.8762197
8.5,0.5430926,1.8113925,2.8503656,33.810932,4.8886795
8.51,0.54451334,1.8169719,2.8447068,33.790817,4.901162
8.52,0.5459374,1.8225586,2.8390446,33.770668,4.9136686
8.53,0.5473645,1.8281448,2.8333797,33.75048,4.926199
8.54,0.54879564,1.8337407,2.8277102,33.73025,4.938754
8.55,0.5502301,1.8393438,2.8220372,33.709972,4.951332
8.56,0.551668,1.8449494,2.8163602,33.689644,4.963936
8.57,0.55310965,1.8505646,2.8106816,33.669277,4.9765615
8.58,0.5545549,1.8561811,2.8049977,33.648872,4.989212
8.59,0.55600303,1.8618062,2.7993124,33.62843,5.0018845
8.6,0.55745596,1.8674375,2.7936237,33.607933,5.0145836
8.61,0.5589114,1.8730733,2.7879305,33.58741,5.0273046
8.62,0.5603714,1.8787161,2.782234,33.566853,5.0400524
8.63,0.5618339,1.8843615,2.7765346,33.54623,5.052824
8.64,0.56330097,1.8900164,2.770832,33.525566,5.0656185
8.65,0.5647707,1.8956735,2.7651274,33.504868,5.078436
8.66,0.5662447,1.9013379,2.7594173,33.48413,5.091279
8.67,0.5677218,1.9070041,2.7537062,33.463337,5.104146
8.68,0.5692026,1.9126824,2.7479916,33.442516,5.117038
8.69,0.5706872,1.9183621,2.7422745,33.421658,5.1299496
8.7,0.5721753,1.924052,2.736554,33.400753,5.14289
8.71,0.57366735,1.9297423,2.7308292,33.37979,5.155854
8.72,0.5751624,1.9354389,2.7251024,33.35879,5.1688433
8.73,0.57666165,1.9411415,2.7193735,33.337746,5.1818533
8.74,0.5781642,1.9468523,2.7136407,33.316666,5.194891
8.75,0.57967055,1.9525652,2.7079055,33.295544,5.2079515
8.76,0.5811806,1.9582883,2.702168,33.27438,5.221038
8.77,0.5826942,1.964013,2.696427,33.253174,5.234147
8.78,0.5842115,1.9697456,2.6906846,33.231915,5.247281
8.79,0.5857322,1.9754814,2.6849377,33.210617,5.26044
8.8,0.58725756,1.9812261,2.6791892,33.18928,5.2736235
8.81,0.5887858,1.9869758,2.6734374,33.1679,5.286831
8.82,0.5903179,1.9927288,2.6676846,33.146473,5.300062
8.83,0.59185326,1.9984909,2.6619275,33.125004,5.313319
8.84,0.5933928,2.0042558,2.6561682,33.1035,5.326598
8.85,0.59493595,2.010029,2.6504068,33.081936,5.339905
8.86,0.59648234,2.01581,2.6446433,33.060345,5.353236
8.87,0.59803337,2.0215938,2.6388772,33.0387,5.3665886
8.88,0.59958744,2.0273833,2.633108,33.017014,5.3799696
8.89,0.6011456,2.0331783,2.6273367,32.995285,5.3933744
8.9,0.6027073,2.0389848,2.621564,32.97352,5.406801
8.91,0.60427254,2.044793,2.6157882,32.951706,5.4202557
8.92,0.60584193,2.0506103,2.6100106,32.92985,5.433733
8.93,0.60741496,2.0564346,2.6042302,32.907948,5.447236
8.94,0.60899156,2.062261,2.5984492,32.886,5.460762
8.95,0.61057174,2.0680966,2.592664,32.864006,5.4743156
8.96,0.61215645,2.0739408,2.5868776,32.841988,5.487894
8.97,0.6137446,2.07979,2.5810895,32.819912,5.5014935
8.98,0.61533606,2.0856457,2.5752997,32.79779,5.5151215
8.99,0.6169319,2.0915089,2.5695066,32.77562,5.5287724
9.0,0.6185314,2.097374,2.5637121,32.753414,5.542447
9.01,0.6201342,2.1032512,2.5579157,32.731167,5.5561504
9.02,0.6217418,2.1091387,2.5521173,32.708874,5.5698767
9.03,0.6233523,2.1150265,2.5463183,32.686535,5.5836267
9.04,0.6249673,2.1209254,2.5405161,32.664154,5.5974026
9.05,0.62658554,2.1268287,2.5347123,32.641735,5.611203
9.06,0.62820804,2.1327438,2.5289075,32.619267,5.6250296
9.07,0.6298334,2.1386638,2.5231013,32.59675,5.638876
9.08,0.6314643,2.1445906,2.5172915,32.574196,5.6527557
9.09,0.633098,2.1505303,2.5114825,32.551594,5.6666555
9.1,0.63473505,2.1564665,2.5056703,32.528946,5.680581
9.11,0.6363763,2.1624198,2.4998572,32.506268,5.6945305
9.12,0.63802224,2.1683812,2.4940426,32.483536,5.7085075
9.13,0.6396717,2.174345,2.4882257,32.46075,5.7225065
9.14,0.64132494,2.1803226,2.482409,32.43793,5.736532
9.15,0.6429821,2.1863031,2.4765894,32.41508,5.7505827
9.16,0.64464265,2.192297,2.4707694,32.392162,5.76466
9.17,0.64630824,2.1982996,2.4649475,32.369213,5.77876
9.18,0.6479767,2.2043102,2.4591253,32.346214,5.792886
9.19,0.6496496,2.2103305,2.4533012,32.323174,5.8070374
9.2,0.651326,2.2163572,2.4474761,32.3001,5.821212
9.21,0.65300643,2.222394,2.4416497,32.276974,5.835415
9.22,0.6546914,2.228439,2.4358218,32.253796,5.849642
9.23,0.6563791,2.234491,2.4299936,32.23058,5.8638916
9.24,0.6580716,2.2405536,2.424164,32.20732,5.878168
9.25,0.659768,2.2466285,2.4183328,32.184006,5.8924713
9.26,0.66146827,2.2527108,2.412502,32.160656,5.9067984
9.27,0.6631727,2.258806,2.4066696,32.137264,5.92115
9.28,0.66488075,2.2649078,2.4008365,32.11383,5.9355288
9.29,0.6665926,2.27102,2.3950021,32.09035,5.94993
9.3,0.6683086,2.2771435,2.3891673,32.066826,5.9643564
9.31,0.670029,2.2832756,2.3833318,32.04325,5.978812
9.32,0.671753,2.2894173,2.3774958,32.01965,5.993289
9.33,0.6734815,2.2955747,2.3716593,31.995981,6.0077934
9.34,0.67521363,2.3017387,2.3658211,31.972279,6.0223217
9.35,0.67695004,2.3079145,2.3599825,31.948536,6.0368767
9.36,0.6786904,2.3140988,2.3541443,31.924736,6.0514536
9.37,0.6804339,2.3202982,2.348305,31.900906,6.066057
9.38,0.6821827,2.3265052,2.3424647,31.877026,6.0806885
9.39,0.6839346,2.3327234,2.3366244,31.853106,6.0953445
9.4,0.6856907,2.3389542,2.3307843,31.829138,6.1100225
9.41,0.68745106,2.3451982,2.324944,31.805124,6.1247272
9.42,0.6892157,2.351451,2.3191028,31.781073,6.1394606
9.43,0.69098437,2.3577185,2.3132598,31.756966,6.154217
9.44,0.69275707,2.3639984,2.3074198,31.732832,6.1689987
9.45,0.6945334,2.3702903,2.3015776,31.708641,6.1838036
9.46,0.6963143,2.3765917,2.2957356,31.684402,6.198638
9.47,0.69809896,2.3829072,2.2898936,31.660116,6.2134943
9.48,0.6998876,2.389234,2.2840526,31.635805,6.2283735
9.49,0.7016813,2.3955784,2.2782106,31.611446,6.243284
9.5,0.7034779,2.4019275,2.2723677,31.587025,6.258218
9.51,0.7052793,2.4082966,2.2665272,31.562574,6.2731743
9.52,0.7070851,2.4146752,2.260684,31.53807,6.2881594
9.53,0.70889443,2.4210687,2.254843,31.513521,6.3031693
9.54,0.7107078,2.4274745,2.249002,31.488941,6.318202
9.55,0.7125258,2.4338942,2.2431607,31.464314,6.3332615
9.56,0.714348,2.4403286,2.2373202,31.439638,6.3483477
9.57,0.7161737,2.446776,2.23148,31.414915,6.3634567
9.58,0.7180044,2.4532387,2.2256398,31.390156,6.3785934
9.59,0.71983856,2.4597151,2.2198,31.365355,6.393754
9.6,0.7216774,2.466207,2.2139604,31.340496,6.408942
9.61,0.7235198,2.4727128,2.2081218,31.315609,6.4241495
9.62,0.72536695,2.4792314,2.2022843,31.290655,6.4393883
9.63,0.7272183,2.4857655,2.1964464,31.265673,6.454651
9.64,0.72907364,2.4923174,2.1906102,31.240648,6.469939
9.65,0.7309331,2.4988794,2.1847742,31.215572,6.4852495
9.66,0.73279744,2.5054643,2.1789386,31.190456,6.5005875
9.67,0.73466545,2.5120592,2.173104,31.165293,6.51595
9.68,0.73653793,2.5186706,2.1672702,31.140078,6.5313406
9.69,0.7384141,2.5252979,2.1614377,31.114828,6.546753
9.7,0.74029493,2.531943,2.1556058,31.089535,6.562191
9.71,0.74218,2.5386004,2.1497743,31.064194,6.577655
9.72,0.7440692,2.5452762,2.1439443,31.038816,6.5931463
9.73,0.7459626,2.5519671,2.1381154,31.013393,6.608658
9.74,0.74786097,2.5586786,2.1322877,30.987932,6.624197
9.75,0.74976265,2.5654016,2.1264606,30.962408,6.639764
9.76,0.7516695,2.5721457,2.1206348,30.93685,6.6553564
9.77,0.7535801,2.5789008,2.1148093,30.911236,6.6709747
9.78,0.75549513,2.585678,2.108987,30.885605,6.686613
9.79,0.7574138,2.5924711,2.1031659,30.85991,6.7022753
9.8,0.759338,2.5992823,2.0973442,30.834183,6.71797
9.81,0.76126605,2.6061134,2.0915258,30.808393,6.7336836
9.82,0.7631986,2.612958,2.0857086,30.782587,6.749424
9.83,0.76513547,2.6198235,2.0798922,30.75671,6.765191
9.84,0.767076,2.6267056,2.0740771,30.730803,6.780983
9.85,0.7690215,2.6336102,2.0682642,30.70485,6.7967987
9.86,0.7709712,2.640527,2.0624535,30.678858,6.812641
9.87,0.77292526,2.647464,2.0566432,30.652813,6.8285093
9.88,0.77488416,2.654419,2.0508347,30.62672,6.8444014
9.89,0.7768469,2.661397,2.0450294,30.600595,6.860319
9.9,0.7788136,2.6683893,2.039225,30.574429,6.8762608
9.91,0.7807852,2.6754024,2.0334225,30.54821,6.892227
9.92,0.78276175,2.6824365,2.0276222,30.521944,6.9082203
9.93,0.7847417,2.6894913,2.0218232,30.495644,6.9242373
9.94,0.7867268,2.6965613,2.016027,30.4693,6.940278
9.95,0.7887159,2.7036543,2.0102315,30.442907,6.9563437
9.96,0.79070985,2.7107644,2.004439,30.416471,6.972437
9.97,0.79270816,2.717899,1.9986494,30.389988,6.988554
9.98,0.7947103,2.7250485,1.9928597,30.363466,7.004697
9.99,0.7967177,2.7322192,1.9870746,30.336906,7.0208626
10.0,0.7987299,2.7394161,1.9812902,30.310287,7.037057
10.01,0.8007458,2.7466307,1.9755087,30.283634,7.053275
10.02,0.8027662,2.753867,1.96973,30.256945,7.0695133
10.03,0.8047914,2.7611177,1.9639531,30.230204,7.085782
10.04,0.80682135,2.7683997,1.9581788,30.203426,7.1020746
10.05,0.80885506,2.7756948,1.9524069,30.176592,7.118389
10.06,0.81089324,2.7830148,1.9466379,30.14971,7.1347294
10.07,0.81293684,2.7903576,1.9408714,30.122803,7.1510954
10.08,0.81498396,2.7977195,1.9351074,30.095846,7.167486
10.09,0.8170364,2.8051047,1.9293458,30.068857,7.183901
10.1,0.81909263,2.812508,1.9235877,30.041807,7.200342
10.11,0.8211534,2.8199358,1.9178313,30.014719,7.2168064
10.12,0.82321984,2.8273926,1.9120789,29.987597,7.2332954
10.13,0.82529026,2.8348632,1.9063287,29.960413,7.249811
10.14,0.82736516,2.842359,1.9005809,29.933199,7.2663507
10.15,0.8294443,2.8498762,1.8948373,29.905943,7.282913
10.16,0.83152866,2.8574219,1.8890957,29.878645,7.2995014
10.17,0.83361745,2.864983,1.8833578,29.851286,7.3161154
10.18,0.8357102,2.8725727,1.8776219,29.823908,7.332752
10.19,0.83780813,2.880179,1.8718908,29.796473,7.349411
10.2,0.8399113,2.8878198,1.8661622,29.769007,7.3660994
10.21,0.84201807,2.895474,1.860436,29.741476,7.3828115
10.22,0.8441304,2.9031587,1.8547136,29.713919,7.3995466
10.23,0.8462462,2.9108627,1.8489952,29.686323,7.4163055
10.24,0.84836733,2.9185925,1.8432796,29.65868,7.4330883
10.25,0.85049343,2.9263484,1.8375678,29.630981,7.449895
10.26,0.8526244,2.9341261,1.8318588,29.603247,7.466731
10.27,0.8547594,2.9419281,1.8261529,29.575468,7.483591
10.28,0.8568991,2.9497502,1.8204526,29.54766,7.50047
10.29,0.8590433,2.9576042,1.8147547,29.519796,7.517376
10.3,0.8611924,2.965481,1.8090603,29.49189,7.5343084
10.31,0.86334705,2.9733837,1.8033696,29.463943,7.551262
10.32,0.8655052,2.9813087,1.7976834,29.43596,7.56824
10.33,0.86766857,2.9892592,1.7920004,29.407925,7.585244
10.34,0.869837,2.9972377,1.7863215,29.379858,7.60227
10.35,0.8720099,3.0052369,1.7806453,29.351728,7.6193247
10.36,0.87418765,3.013265,1.774975,29.323582,7.6363955
10.37,0.8763703,3.0213199,1.7693069,29.295368,7.6534977
10.38,0.87855726,3.0293999,1.7636441,29.267132,7.670623
10.39,0.8807497,3.0374985,1.7579843,29.23884,7.687772
10.4,0.88294566,3.0456324,1.7523301,29.210518,7.7049417
10.41,0.88514775,3.0537891,1.7466793,29.182142,7.7221375
10.42,0.8873541,3.0619733,1.7410321,29.153728,7.739357
10.43,0.8895653,3.0701854,1.7353901,29.125282,7.7566013
10.44,0.89178115,3.0784175,1.7297518,29.096786,7.7738705
10.45,0.8940022,3.086679,1.7241181,29.068237,7.7911606
10.46,0.89622796,3.0949707,1.7184888,29.039654,7.8084764
10.47,0.89845866,3.1032882,1.7128639,29.011032,7.825818
10.48,0.90069395,3.1116283,1.7072439,28.982372,7.843178
10.49,0.9029348,3.1200006,1.7016282,28.953665,7.860564
10.5,0.9051802,3.1283996,1.6960163,28.924915,7.8779764
10.51,0.9074304,3.1368256,1.6904093,28.896118,7.8954124
10.52,0.90968484,3.145273,1.6848079,28.867292,7.9128695
10.53,0.91194475,3.1537538,1.6792115,28.838411,7.9303493
10.54,0.91421014,3.16226,1.6736184,28.809486,7.947856
10.55,0.9164799,3.1707985,1.6680309,28.780533,7.9653864
10.56,0.9187546,3.1793587,1.6624482,28.751534,7.9829397
10.57,0.9210342,3.1879528,1.6568712,28.722492,8.000511
10.58,0.92331874,3.1965683,1.6512977,28.693409,8.018115
10.59,0.92560893,3.2052202,1.6457303,28.66428,8.035737
10.6,0.9279032,3.2138932,1.640167,28.63511,8.053388
10.61,0.93020266,3.2225974,1.6346099,28.605904,8.071052
10.62,0.9325076,3.2313309,1.6290581,28.576656,8.088745
10.63,0.93481684,3.240094,1.6235102,28.547363,8.1064625
10.64,0.93713206,3.2488813,1.6179674,28.518032,8.124203
10.65,0.9394512,3.257699,1.6124316,28.488667,8.141965
10.66,0.9417758,3.266547,1.6069002,28.459248,8.15975
10.67,0.9441057,3.2754214,1.6013734,28.42979,8.177563
10.68,0.94644076,3.2843282,1.5958531,28.400288,8.1953945
10.69,0.9487801,3.2932618,1.5903379,28.370745,8.21325
10.7,0.95112467,3.3022234,1.5848286,28.341171,8.231129
10.71,0.953475,3.3112204,1.5793241,28.311544,8.249031
10.72,0.9558301,3.3202426,1.5738252,28.281881,8.266956
10.73,0.95818967,3.3292882,1.5683329,28.252176,8.284904
10.74,0.96055526,3.338374,1.5628453,28.222433,8.302874
10.75,0.96292573,3.3474865,1.557364,28.192654,8.320868
10.76,0.9653008,3.3566244,1.5518887,28.162819,8.338887
10.77,0.9676815,3.3657963,1.5464195,28.132963,8.356924
10.78,0.97006744,3.3749976,1.5409551,28.103052,8.374986
10.79,0.97245824,3.3842275,1.5354968,28.073097,8.393073
10.8,0.97485435,3.393491,1.5300455,28.043108,8.4111805
10.81,0.9772557,3.4027796,1.5245982,28.013073,8.42931
10.82,0.97966224,3.412105,1.5191594,27.98302,8.447464
10.83,0.9820738,3.4214523,1.5137256,27.952904,8.465641
10.84,0.9844901,3.430835,1.5082974,27.922754,8.483839
10.85,0.9869122,3.4402478,1.5028753,27.892555,8.502062
10.86,0.98933965,3.449693,1.4974608,27.862322,8.520304
10.87,0.99177116,3.4591653,1.4920518,27.832047,8.538568
10.88,0.99420923,3.4686692,1.4866487,27.801737,8.556859
10.89,0.9966521,3.4782093,1.4812534,27.771383,8.575168
10.9,0.99910045,3.4877734,1.4758627,27.740992,8.593503
10.91,1.0015538,3.4973726,1.4704801,27.710564,8.611856
10.92,1.0040128,3.5069988,1.4651024,27.68008,8.630237
10.93,1.0064774,3.516658,1.4597318,27.649565,8.648638
10.94,1.0089458,3.5263498,1.4543685,27.619013,8.667058
10.95,1.0114201,3.536073,1.4490112,27.588415,8.685502
10.96,1.0139002,3.5458257,1.4436607,27.557785,8.703972
10.97,1.0163857,3.5556085,1.4383163,27.527107,8.722462
10.98,1.0188758,3.5654259,1.4329802,27.496412,8.740969
10.99,1.0213715,3.5752711,1.42765,27.465641,8.759503
11.0,1.023873,3.5851526,1.422326,27.434856,8.778057
11.01,1.0263793,3.595062,1.41701,27.40403,8.796636
11.02,1.0288917,3.6050076,1.4117006,27.373154,8.815232
11.03,1.0314084,3.6149766,1.4063982,27.342247,8.833854
11.04,1.0339309,3.6249828,1.4011025,27.311281,8.852497
11.05,1.0364591,3.6350214,1.395814,27.280304,8.871159
11.06,1.038992,3.6450863,1.3905321,27.249277,8.889846
11.07,1.0415307,3.6551876,1.3852588,27.218208,8.90855
11.08,1.0440749,3.6653244,1.3799921,27.187105,8.9272785
11.09,1.0466245,3.675487,1.3747317,27.155941,8.946031
11.1,1.0491797,3.6856863,1.3694794,27.124763,8.964803
11.11,1.0517396,3.6959124,1.364235,27.09354,8.983597
11.12,1.054306,3.7061737,1.3589965,27.062267,9.00241
11.13,1.0568774,3.7164671,1.3537655,27.030977,9.021248
11.14,1.0594538,3.7267911,1.3485428,26.999628,9.040107
11.15,1.062036,3.7371502,1.3433286,26.968254,9.058982
11.16,1.0646241,3.747544,1.3381203,26.936836,9.077883
11.17,1.0672171,3.7579632,1.33292,26.905378,9.096807
11.18,1.0698162,3.7684205,1.3277276,26.87388,9.11575
11.19,1.0724194,3.778907,1.3225422,26.842344,9.134712
11.2,1.0750294,3.7894232,1.3173648,26.81077,9.153697
11.21,1.0776452,3.7999787,1.3121954,26.77916,9.172705
11.22,1.0802658,3.8105621,1.3070333,26.747503,9.1917305
11.23,1.0828915,3.8211782,1.30188,26.71582,9.210781
11.24,1.0855238,3.8318336,1.2967343,26.684107,9.229846
11.25,1.0881605,3.8425128,1.2915953,26.65233,9.248941
11.26,1.0908039,3.8532326,1.2864649,26.620539,9.268048
11.27,1.0934527,3.8639808,1.2813421,26.588682,9.287185
11.28,1.0961064,3.87476,1.2762294,26.556816,9.306333
11.29,1.0987659,3.8855703,1.2711226,26.524887,9.325507
11.3,1.1014315,3.8964214,1.2660253,26.49294,9.344702
11.31,1.1041025,3.9072976,1.2609345,26.460947,9.363918
11.32,1.1067781,3.9182103,1.255854,26.428917,9.383149
11.33,1.1094604,3.9291532,1.25078,26.396849,9.402407
11.34,1.1121476,3.9401278,1.2457147,26.364737,9.421681
11.35,1.1148417,3.951144,1.2406583,26.3326,9.440973
11.36,1.1175405,3.962184,1.2356094,26.300423,9.460294
11.37,1.1202441,3.9732597,1.2305695,26.268208,9.4796295
11.38,1.1229545,3.9843698,1.2255379,26.235954,9.498987
11.39,1.1256703,3.9955134,1.2205145,26.203655,9.518364
11.4,1.1283913,4.006688,1.2155005,26.17134,9.537761
11.41,1.131119,4.0178967,1.210494,26.138964,9.5571785
11.42,1.1338519,4.0291357,1.2054958,26.106554,9.576616
11.43,1.1365902,4.0404105,1.2005074,26.07412,9.596075
11.44,1.139334,4.0517187,1.1955277,26.041645,9.61555
11.45,1.1420842,4.063061,1.1905562,26.009142,9.635045
11.46,1.1448394,4.0744305,1.1855931,25.97658,9.654566
11.47,1.1476003,4.0858374,1.1806388,25.943998,9.674102
11.48,1.1503674,4.0972795,1.1756945,25.911373,9.693659
11.49,1.1531403,4.1087484,1.1707575,25.878712,9.713234
11.5,1.1559186,4.120255,1.1658299,25.84601,9.732835
11.51,1.1587026,4.1317935,1.1609116,25.813284,9.752449
11.52,1.1614922,4.1433644,1.1560024,25.78052,9.77208
11.53,1.1642876,4.154969,1.1511018,25.747711,9.791734
11.54,1.1670895,4.1666074,1.1462103,25.714872,9.811409
11.55,1.1698965,4.178275,1.1413277,25.682,9.831105
11.56,1.1727093,4.18998,1.1364543,25.649076,9.85082
11.57,1.1755277,4.201715,1.1315902,25.616127,9.870548
11.58,1.1783518,4.2134876,1.1267353,25.583145,9.8903
11.59,1.1811824,4.225293,1.1218895,25.550125,9.91007
11.6,1.1840184,4.2371283,1.117054,25.517076,9.92986
11.61,1.1868597,4.2489953,1.1122265,25.483982,9.94967
11.62,1.1897068,4.2608967,1.1074091,25.450857,9.969494
11.63,1.1925602,4.2728324,1.1026003,25.417688,9.98934
11.64,1.1954192,4.2848015,1.0978012,25.384481,10.009208
11.65,1.1982843,4.2968016,1.0930121,25.351267,10.029093
11.66,1.201155,4.308835,1.0882314,25.317993,10.048998
11.67,1.2040318,4.3209076,1.083461,25.284687,10.068918
11.68,1.2069135,4.333004,1.0787002,25.25135,10.0888605
11.69,1.2098017,4.34513,1.073949,25.217981,10.108817
11.7,1.2126956,4.357301,1.0692077,25.18457,10.128792
11.71,1.2155957,4.369499,1.0644749,25.15113,10.148791
11.72,1.2185009,4.38173,1.0597526,25.117657,10.168804
11.73,1.2214129,4.3940015,1.0550404,25.084146,10.188834
11.74,1.2243305,4.4063005,1.0503374,25.050604,10.208885
11.75,1.2272534,4.418623,1.0456443,25.017021,10.228956
11.76,1.230183,4.430991,1.0409604,24.983412,10.249045
11.77,1.233118,4.443387,1.036287,24.949762,10.269153
11.78,1.2360584,4.4558163,1.0316248,24.91609,10.2892685
11.79,1.2390052,4.468278,1.026971,24.88237,10.309413
11.8,1.241958,4.4807725,1.0223266,24.84862,10.329579
11.81,1.2449168,4.4932985,1.0176928,24.814842,10.349753
11.82,1.2478807,4.5058613,1.0130694,24.781021,10.369944
11.83,1.250851,4.518454,1.0084561,24.747175,10.3901615
11.84,1.2538269,4.5310764,1.0038524,24.713287,10.410389
11.85,1.2568095,4.543734,0.99925905,24.679373,10.430643
11.86,1.2597976,4.556428,0.994676,24.645422,10.450903
11.87,1.2627915,4.5691533,0.99010354,24.611448,10.471188
11.88,1.2657905,4.5819044,0.98553985,24.577425,10.49149
11.89,1.2687974,4.5946937,0.9809874,24.543367,10.511808
11.9,1.2718085,4.6075172,0.9764453,24.509285,10.532144
11.91,1.2748263,4.620371,0.971913,24.475168,10.552499
11.92,1.2778499,4.633256,0.9673915,24.441025,10.572871
11.93,1.2808794,4.6461763,0.96288025,24.406849,10.593256
11.94,1.2839143,4.6591253,0.95838004,24.37264,10.61366
11.95,1.2869562,4.6721096,0.953889,24.338392,10.63408
11.96,1.2900044,4.685128,0.9494094,24.304115,10.654519
11.97,1.2930571,4.698175,0.9449396,24.269806,10.6749735
11.98,1.2961158,4.711251,0.94048107,24.23547,10.695446
11.99,1.2991816,4.7243705,0.9360336,24.201101,10.715929
12.0,1.3022531,4.7375174,0.93159544,24.166697,10.736441
12.01,1.30533,4.750692,0.92716753,24.132256,10.756962
12.02,1.308413,4.763901,0.92275137,24.097782,10.7775
12.03,1.3115021,4.7771463,0.91834587,24.063293,10.798053
12.04,1.3145978,4.7904167,0.9139505,24.028757,10.818624
12.05,1.3176986,4.8037276,0.9095659,23.994192,10.83921
12.06,1.3208059,4.8170605,0.9051923,23.959599,10.8598175
12.07,1.3239186,4.83043,0.90082914,23.924976,10.880438
12.08,1.3270378,4.843835,0.8964778,23.890316,10.901068
12.09,1.3301631,4.857264,0.8921359,23.855639,10.921727
12.1,1.3332942,4.8707333,0.8878054,23.820911,10.94239
12.11,1.3364316,4.884229,0.8834863,23.786165,10.963077
12.12,1.3395752,4.897765,0.87917715,23.751398,10.983779
12.13,1.3427238,4.9113245,0.87487954,23.716589,11.004496
12.14,1.3458793,4.924918,0.8705932,23.681742,11.025224
12.15,1.3490403,4.9385433,0.8663178,23.64688,11.045972
12.16,1.352208,4.952201,0.86205286,23.611982,11.066732
12.17,1.3553813,4.965889,0.857799,23.577051,11.087512
12.18,1.3585604,4.9796124,0.8535566,23.542097,11.108307
12.19,1.3617458,4.9933624,0.8493254,23.507103,11.129113
12.2,1.3649374,5.007147,0.84510535,23.472097,11.149934
12.21,1.3681351,5.0209637,0.84089607,23.437052,11.170774
12.22,1.3713387,5.034809,0.8366978,23.40197,11.191632
12.23,1.3745478,5.048686,0.8325109,23.366869,11.212501
12.24,1.3777636,5.0625935,0.82833517,23.331736,11.233384
12.25,1.3809855,5.076538,0.8241712,23.296574,11.25428
12.26,1.3842132,5.090515,0.82001805,23.261389,11.275198
12.27,1.3874469,5.104514,0.81587607,23.226158,11.296125
12.28,1.3906869,5.1185493,0.8117459,23.190912,11.317066
12.29,1.3939328,5.132614,0.80762625,23.155624,11.338023
12.3,1.3971857,5.146719,0.80351835,23.120327,11.358999
12.31,1.4004444,5.1608458,0.7994218,23.084997,11.379984
12.32,1.4037074,5.1749983,0.7953372,23.04963,11.400987
12.33,1.4069784,5.1891947,0.7912632,23.014248,11.421999
12.34,1.4102547,5.203414,0.7872009,22.978825,11.44303
12.35,1.4135375,5.2176685,0.7831502,22.943384,11.464074
12.36,1.4168261,5.2319517,0.7791107,22.907911,11.485131
12.37,1.4201217,5.246269,0.7750829,22.872412,11.506201
12.38,1.423422,5.2606134,0.7710668,22.836878,11.527287
12.39,1.4267296,5.2749968,0.76706225,22.801325,11.548385
12.4,1.4300425,5.289403,0.7630688,22.76574,11.569499
12.41,1.4333616,5.3038406,0.7590878,22.730146,11.59062
12.42,1.4366877,5.31831,0.7551178,22.694513,11.611763
12.43,1.4400189,5.3328085,0.7511595,22.658852,11.632917
12.44,1.4433557,5.3473425,0.7472123,22.62316,11.65408
12.45,1.4467005,5.361902,0.7432774,22.587439,11.675262
12.46,1.4500504,5.3764954,0.7393536,22.551699,11.696459
12.47,1.4534059,5.391118,0.735442,22.515934,11.717664
12.48,1.4567686,5.405776,0.7315428,22.480156,11.738874
12.49,1.4601375,5.4204617,0.7276542,22.44433,11.760112
12.5,1.4635116,5.435175,0.72377735,22.408484,11.781357
12.51,1.4668927,5.4499235,0.71991277,22.37262,11.802611
12.52,1.4702797,5.464698,0.7160597,22.336723,11.823883
12.53,1.4736727,5.4795074,0.71221876,22.300804,11.845164
12.54,1.4770718,5.4943438,0.7083894,22.26487,11.866461
12.55,1.4804783,5.5092154,0.7045714,22.228897,11.88777
12.56,1.4838896,5.524111,0.70076567,22.1929,11.909093
12.57,1.487307,5.5390396,0.6969723,22.15689,11.930418
12.58,1.4907315,5.5540047,0.6931904,22.120838,11.951762
12.59,1.4941616,5.568988,0.68941975,22.084778,11.973121
12.6,1.4975982,5.5840054,0.6856619,22.04868,11.994491
12.61,1.50104,5.5990505,0.6819153,22.012564,12.01587
12.62,1.5044897,5.6141367,0.678181,21.976429,12.037257
12.63,1.5079445,5.6292477,0.6744586,21.940264,12.058664
12.64,1.5114056,5.6443872,0.6707478,21.904072,12.08008
12.65,1.5148729,5.6595592,0.66704947,21.867874,12.101501
12.66,1.5183468,5.67476,0.6633626,21.831635,12.122943
12.67,1.5218276,5.689993,0.6596885,21.795383,12.144387
12.68,1.525313,5.7052536,0.65602577,21.759106,12.165853
12.69,1.5288057,5.720542,0.65237546,21.722803,12.187322
12.7,1.532304,5.7358637,0.64873683,21.686478,12.208802
12.71,1.5358092,5.751218,0.6451102,21.650127,12.230294
12.72,1.5393206,5.766596,0.64149594,21.613766,12.251803
12.73,1.5428375,5.782009,0.6378937,21.577377,12.273313
12.74,1.5463617,5.797455,0.6343035,21.540966,12.294839
12.75,1.5498912,5.8129234,0.63072497,21.504534,12.316376
12.76,1.5534278,5.8284283,0.6271589,21.468071,12.337921
12.77,1.5569704,5.843956,0.6236044,21.43159,12.359482
12.78,1.5605189,5.859519,0.62006265,21.395094,12.381047
12.79,1.5640743,5.8751135,0.6165334,21.358578,12.402619
12.8,1.5676359,5.8907394,0.6130158,21.322031,12.424208
12.81,1.571204,5.9063883,0.6095099,21.28547,12.445805
12.82,1.5747766,5.922065,0.6060167,21.248884,12.467411
12.83,1.5783575,5.9377747,0.6025351,21.21228,12.489033
12.84,1.5819443,5.953518,0.5990659,21.175661,12.510655
12.85,1.5855372,5.9692907,0.5956086,21.139015,12.532292
12.86,1.589136,5.9850903,0.59216475,21.102358,12.553932
12.87,1.592742,6.0009212,0.5887317,21.065668,12.575591
12.88,1.596353,6.0167847,0.58531153,21.028975,12.597251
12.89,1.5999718,6.0326786,0.58190376,20.99225,12.618924
12.9,1.6035954,6.0485926,0.578507,20.95551,12.640606
12.91,1.6072265,6.0645466,0.5751233,20.918741,12.662301
12.92,1.610864,6.0805244,0.57175183,20.881962,12.683994
12.93,1.6145077,6.096527,0.56839144,20.845154,12.7057085
12.94,1.6181577,6.112582,0.56504536,20.808357,12.72742
12.95,1.6218138,6.1286497,0.56171036,20.771515,12.749147
12.96,1.6254755,6.144746,0.55838746,20.734653,12.77088
12.97,1.629145,6.160878,0.555077,20.697783,12.792623
12.98,1.6328201,6.1770372,0.55177855,20.660896,12.814374
12.99,1.6365019,6.193222,0.54849195,20.623978,12.836136
13.0,1.64019,6.20945,0.5452189,20.58706,12.857897
13.01,1.6438843,6.2256975,0.5419569,20.550116,12.879672
13.02,1.647586,6.2419796,0.5387075,20.513159,12.901457
13.03,1.6512933,6.2582865,0.5354708,20.476177,12.923241
13.04,1.6550057,6.274624,0.53224593,20.43918,12.945038
13.05,1.6587261,6.2910013,0.5290336,20.40218,12.966842
13.06,1.662452,6.307394,0.52583236,20.365139,12.988655
13.07,1.6661853,6.323826,0.5226448,20.328104,13.010472
13.08,1.6699243,6.3402834,0.51946896,20.291046,13.032302
13.09,1.6736699,6.356776,0.51630497,20.253965,13.054134
13.1,1.6774216,6.37329,0.51315343,20.216873,13.075974
13.11,1.6811806,6.3898487,0.5100149,20.179783,13.097819
13.12,1.6849455,6.4064274,0.506888,20.142643,13.119672
13.13,1.6887172,6.4230394,0.5037729,20.105509,13.141532
13.14,1.6924948,6.4396753,0.5006703,20.068346,13.163402
13.15,1.6962788,6.4563503,0.49758077,20.03119,13.185271
13.16,1.7000698,6.4730473,0.4945022,19.994,13.207153
13.17,1.7038665,6.4897776,0.4914367,19.956802,13.229037
13.18,1.707671,6.506545,0.48838344,19.919603,13.250927
13.19,1.7114801,6.5233335,0.48534256,19.882381,13.272818
13.2,1.7152966,6.5401554,0.48231283,19.845135,13.294726
13.21,1.7191201,6.5570107,0.4792964,19.807882,13.31663
13.22,1.7229505,6.5738964,0.4762919,19.770618,13.338548
13.23,1.7267859,6.590811,0.47329944,19.733332,13.360467
13.24,1.7306287,6.6077538,0.47031966,19.696047,13.38239
13.25,1.7344781,6.6247272,0.46735147,19.658735,13.404318
13.26,1.7383323,6.641735,0.46439597,19.621426,13.426255
13.27,1.7421947,6.6587687,0.4614521,19.58409,13.448192
13.28,1.7460629,6.6758385,0.4585211,19.546757,13.470137
13.29,1.749939,6.6929407,0.45560175,19.509396,13.49209
13.3,1.7538202,6.7100687,0.45269498,19.472025,13.514042
13.31,1.7577075,6.7272263,0.44979954,19.434637,13.536001
13.32,1.7616023,6.744416,0.44691727,19.397253,13.557962
13.33,1.7655038,6.761635,0.4440467,19.359848,13.579929
13.34,1.7694114,6.7788887,0.44118875,19.322441,13.6019
13.35,1.7733254,6.796179,0.43834248,19.28502,13.623874
13.36,1.777245,6.8134823,0.43550858,19.247576,13.645853
13.37,1.7811733,6.8308315,0.432687,19.210142,13.66783
13.38,1.7851074,6.8482084,0.4298768,19.172682,13.689821
13.39,1.7890478,6.8656225,0.42707908,19.13521,13.711808
13.4,1.7929939,6.8830595,0.42429414,19.097746,13.7338
13.41,1.7969476,6.900529,0.42152026,19.060246,13.7558
13.42,1.8009077,6.9180326,0.41875878,19.022758,13.777802
13.43,1.8048737,6.935566,0.41600937,18.985252,13.799802
13.44,1.8088462,6.953128,0.41327226,18.947737,13.821804
13.45,1.8128266,6.970728,0.41054752,18.910217,13.843815
13.46,1.8168128,6.9883566,0.40783396,18.872688,13.86583
13.47,1.8208055,7.0060186,0.40513322,18.83515,13.887836
13.48,1.8248049,7.0237074,0.40244403,18.79759,13.909857
13.49,1.8288112,7.0414343,0.399767,18.760044,13.931872
13.5,1.8328238,7.0591908,0.3971021,18.722483,13.953894
13.51,1.8368431,7.0769825,0.39444876,18.684906,13.975917
13.52,1.840869,7.094805,0.39180765,18.647326,13.997943
13.53,1.8449012,7.1126604,0.38917884,18.609747,14.019967
13.54,1.8489397,7.1305447,0.38656157,18.572151,14.041995
13.55,1.8529853,7.1484632,0.38395634,18.534548,14.064026
13.56,1.8570375,7.1664095,0.38136292,18.49694,14.08606
13.57,1.8610969,7.184393,0.37878206,18.459335,14.108089
13.58,1.8651615,7.2024117,0.3762123,18.421713,14.130123
13.59,1.8692341,7.22046,0.37365428,18.384087,14.152158
13.6,1.8733132,7.2385445,0.37110907,18.346464,14.174192
13.61,1.8773972,7.25665,0.36857548,18.30883,14.196229
13.62,1.881489,7.2747993,0.3660528,18.271173,14.218267
13.63,1.8855884,7.292986,0.36354312,18.233541,14.240304
13.64,1.889693,7.311203,0.36104417,18.195879,14.262347
13.65,1.8938054,7.329444,0.35855785,18.158228,14.284381
13.66,1.8979238,7.347727,0.35608286,18.120571,14.306421
13.67,1.902048,7.366042,0.35362014,18.08291,14.32846
13.68,1.9061809,7.384388,0.35116854,18.045227,14.350501
13.69,1.9103175,7.402767,0.34872925,18.007566,14.372534
13.7,1.9144633,7.4211893,0.34630138,17.969893,14.394573
13.71,1.9186147,7.4396324,0.34388512,17.932207,14.416613
13.72,1.9227737,7.458128,0.3414808,17.894533,14.438644
13.73,1.9269379,7.4766436,0.33908793,17.856852,14.460678
13.74,1.9311092,7.4951887,0.33670694,17.819159,14.482718
13.75,1.9352875,7.5137787,0.33433706,17.781473,14.50475
13.76,1.9394722,7.5324,0.33197942,17.743782,14.526783
13.77,1.9436646,7.5510597,0.32963288,17.706081,14.548817
13.78,1.9478621,7.569748,0.32729813,17.668396,14.57085
13.79,1.952067,7.5884743,0.3249753,17.630695,14.592875
13.8,1.9562784,7.60723,0.3226635,17.592999,14.614907
13.81,1.9604969,7.62603,0.32036293,17.555304,14.6369295
13.82,1.9647205,7.6448517,0.31807443,17.517601,14.658958
13.83,1.9689528,7.663722,0.3157972,17.479893,14.680979
13.84,1.9731907,7.682626,0.3135316,17.442211,14.702993
13.85,1.9774358,7.701561,0.3112769,17.40449,14.725018
13.86,1.9816864,7.7205315,0.30903473,17.366804,14.747031
13.87,1.9859446,7.7395363,0.30680275,17.329094,14.769045
13.88,1.9902095,7.758588,0.3045825,17.291393,14.791054
13.89,1.9944811,7.77767,0.30237374,17.253698,14.813063
13.9,1.9987581,7.7967815,0.3001763,17.216,14.835066
13.91,2.003044,7.815936,0.29799017,17.17831,14.857066
13.92,2.0073354,7.835123,0.29581535,17.14061,14.879073
13.93,2.011633,7.854347,0.2936519,17.102913,14.901064
13.94,2.0159378,7.8736057,0.29149932,17.065216,14.923051
13.95,2.0202484,7.8929043,0.28935844,17.027538,14.945038
13.96,2.024567,7.912242,0.2872283,16.989847,14.967027
13.97,2.028891,7.9316206,0.2851097,16.952162,14.989005
13.98,2.0332227,7.951025,0.2830018,16.91448,15.010986
13.99,2.0375607,7.970481,0.2809055,16.876802,15.032955
14.0,2.0419059,7.989955,0.27881992,16.839127,15.054928
14.01,2.0462577,8.00949,0.27674544,16.801458,15.076886
14.02,2.0506155,8.029047,0.27468225,16.763786,15.098847
14.03,2.054979,8.048637,0.27263018,16.726126,15.120802
14.04,2.0593507,8.068284,0.27058917,16.688477,15.142752
14.05,2.0637288,8.08795,0.2685586,16.650808,15.164702
14.06,2.068113,8.107666,0.26653963,16.613165,15.18664
14.07,2.0725036,8.127416,0.2645314,16.575521,15.208572
14.08,2.0769024,8.147214,0.26253426,16.53789,15.230499
14.09,2.0813072,8.167035,0.2605471,16.500244,15.25243
14.1,2.0857184,8.186899,0.25857154,16.462612,15.27435
14.11,2.0901349,8.206806,0.2566068,16.424997,15.296258
14.12,2.0945604,8.226754,0.25465232,16.387379,15.318173
14.13,2.098992,8.246744,0.25270897,16.349773,15.34007
14.14,2.103429,8.266768,0.25077674,16.312164,15.361969
14.15,2.1078734,8.286843,0.24885519,16.274584,15.383853
14.16,2.1123242,8.306943,0.2469441,16.236996,15.405733
14.17,2.1167817,8.327084,0.2450434,16.199404,15.427619
14.18,2.1212463,8.347267,0.2431536,16.161837,15.449484
14.19,2.1257176,8.3674965,0.24127461,16.124273,15.471348
14.2,2.1301947,8.387759,0.23940606,16.086716,15.493203
14.21,2.1346796,8.408065,0.2375479,16.049162,15.515057
14.22,2.1391702,8.428415,0.23570047,16.011621,15.536902
14.23,2.1436665,8.448799,0.23386392,15.974102,15.55873
14.24,2.1481717,8.469233,0.23203732,15.936576,15.580555
14.25,2.1526809,8.489697,0.23022142,15.8990555,15.602376
14.26,2.1571987,8.510211,0.22841562,15.861552,15.624193
14.27,2.1617224,8.530765,0.22662039,15.82406,15.645999
14.28,2.166253,8.551358,0.22483572,15.786584,15.667791
14.29,2.1707897,8.571996,0.22306137,15.749105,15.68958
14.3,2.1753333,8.592676,0.22129722,15.711649,15.711359
14.31,2.1798837,8.613399,0.2195433,15.674194,15.733135
14.32,2.1844404,8.634153,0.21779977,15.636751,15.7549
14.33,2.1890035,8.654962,0.21606618,15.599321,15.776654
14.34,2.193574,8.675814,0.21434323,15.5619135,15.798402
14.35,2.1981504,8.696705,0.21263002,15.524501,15.820141
14.36,2.202733,8.717637,0.21092726,15.487114,15.841866
14.37,2.207323,8.73862,0.20923482,15.449735,15.863588
14.38,2.2119179,8.759634,0.20755176,15.412355,15.8853
14.39,2.2165217,8.780708,0.20587936,15.375009,15.906996
14.4,2.2211304,8.80181,0.2042169,15.337669,15.928688
14.41,2.2257473,8.822963,0.20256403,15.300335,15.950372
14.42,2.2303693,8.844156,0.20092139,15.263018,15.972047
14.43,2.2349985,8.865396,0.19928846,15.225714,15.993708
14.44,2.239633,8.886681,0.19766597,15.188433,16.015362
14.45,2.2442753,8.908011,0.19605298,15.151163,16.037
14.46,2.2489238,8.92938,0.19444981,15.113896,16.058634
14.47,2.2535796,8.950807,0.19285624,15.076652,16.080256
14.48,2.2582397,8.972264,0.19127311,15.039428,16.101866
14.49,2.2629082,8.99377,0.18969913,15.002205,16.12347
14.5,2.2675822,9.015327,0.18813518,14.965016,16.145058
14.51,2.272263,9.036922,0.18658057,14.927831,16.166637
14.52,2.2769516,9.058575,0.18503599,14.890662,16.1882
14.53,2.281644,9.080261,0.18350087,14.853509,16.209757
14.54,2.2863448,9.101994,0.18197529,14.81638,16.2313
14.55,2.2910523,9.123788,0.18045935,14.77927,16.252834
14.56,2.2957652,9.145615,0.1789529,14.742165,16.274359
14.57,2.3004851,9.167491,0.17745598,14.705079,16.295872
14.58,2.3052115,9.189411,0.17596841,14.668015,16.317366
14.59,2.3099442,9.211385,0.17449012,14.630967,16.338856
14.6,2.314683,9.233405,0.17302157,14.5939455,16.360327
14.61,2.3194287,9.255456,0.17156236,14.556923,16.38179
14.62,2.3241806,9.277574,0.1701124,14.519942,16.403234
14.63,2.3289387,9.299731,0.1686715,14.482957,16.424675
14.64,2.333704,9.321934,0.16723989,14.445996,16.446104
14.65,2.338474,9.344183,0.16581775,14.409061,16.467514
14.66,2.3432524,9.366492,0.16440465,14.3721485,16.488914
14.67,2.348036,9.388844,0.16300108,14.335252,16.510296
14.68,2.3528278,9.411241,0.16160627,14.298369,16.531672
14.69,2.3576236,9.433688,0.1602206,14.261519,16.55303
14.7,2.3624263,9.456179,0.1588441,14.224679,16.574375
14.71,2.3672366,9.478728,0.15747648,14.187861,16.595709
14.72,2.3720522,9.50132,0.15611802,14.151063,16.61703
14.73,2.3768744,9.523961,0.15476854,14.114297,16.638332
14.74,2.3817017,9.546654,0.1534278,14.077539,16.65962
14.75,2.386537,9.569396,0.15209618,14.04081,16.680902
14.76,2.3913794,9.592194,0.1507734,14.004106,16.702168
14.77,2.396226,9.615025,0.1494592,13.967407,16.723415
14.78,2.4010797,9.637915,0.14815441,13.930752,16.744648
14.79,2.40594,9.660857,0.14685795,13.894109,16.765867
14.8,2.4108076,9.683856,0.1455703,13.857492,16.787075
14.81,2.4156792,9.706895,0.14429113,13.820885,16.808271
14.82,2.4205577,9.729983,0.14302069,13.784315,16.82944
14.83,2.4254434,9.753137,0.14175925,13.747772,16.850601
14.84,2.4303343,9.776327,0.1405059,13.7112465,16.871748
14.85,2.4352317,9.799565,0.13926136,13.674737,16.892878
14.86,2.4401355,9.8228655,0.13802525,13.638275,16.91399
14.87,2.4450462,9.846212,0.1367979,13.601812,16.935091
14.88,2.4499621,9.869612,0.13557872,13.56538,16.956175
14.89,2.454885,9.893068,0.134368,13.52898,16.977236
14.9,2.4598138,9.916564,0.13316616,13.492605,16.998287
14.91,2.4647496,9.940122,0.13197207,13.456248,17.01933
14.92,2.4696906,9.963729,0.1307866,13.419923,17.040346
14.93,2.4746385,9.987395,0.12960917,13.383625,17.061354
14.94,2.4795897,10.011096,0.12844057,13.347351,17.082338
14.95,2.4845495,10.034854,0.12727918,13.311096,17.103312
14.96,2.4895177,10.058676,0.12612666,13.274872,17.124264
14.97,2.4944894,10.082558,0.1249825,13.238686,17.145195
14.98,2.4994674,10.10647,0.123845935,13.202517,17.166119
14.99,2.5044506,10.13045,0.12271784,13.16638,17.187017
15.0,2.5094419,10.154476,0.12159749,13.13026,17.207905
15.01,2.514439,10.178569,0.1204857,13.094188,17.228771
15.02,2.5194418,10.202705,0.1193811,13.058122,17.24963
15.03,2.5244496,10.226888,0.11828479,13.022091,17.270462
15.04,2.5294647,10.251142,0.11719661,12.986102,17.291275
15.05,2.5344865,10.275437,0.11611577,12.950128,17.312078
15.06,2.5395129,10.299789,0.11504327,12.914178,17.332851
15.07,2.544546,10.324203,0.1139786,12.878271,17.353617
15.08,2.5495846,10.348663,0.11292134,12.842387,17.374363
15.09,2.5546308,10.373186,0.11187205,12.8065405,17.395088
15.1,2.5596817,10.397757,0.110830314,12.770715,17.41579
15.11,2.5647385,10.422383,0.10979662,12.734925,17.436483
15.12,2.5698018,10.447068,0.10876992,12.699167,17.45715
15.13,2.5748703,10.471806,0.107751474,12.663437,17.4778
15.14,2.5799468,10.496595,0.10674013,12.627725,17.498442
15.15,2.585028,10.521444,0.105736256,12.592054,17.519056
15.16,2.590115,10.546347,0.10473998,12.556415,17.539652
15.17,2.5952077,10.571307,0.103751555,12.52081,17.560226
15.18,2.600305,10.596317,0.10277014,12.485234,17.580784
15.19,2.6054115,10.62139,0.10179625,12.449698,17.601315
15.2,2.6105237,10.646528,0.100829594,12.4141865,17.621834
15.21,2.615639,10.671696,0.09987042,12.3787,17.642338
15.22,2.620762,10.696941,0.098918304,12.343252,17.662807
15.23,2.625891,10.722236,0.09797362,12.307847,17.683271
15.24,2.6310256,10.747595,0.097036,12.272465,17.703712
15.25,2.636166,10.773012,0.0961057,12.237124,17.724127
15.26,2.6413124,10.798477,0.095182575,12.201809,17.744524
15.27,2.6464658,10.823996,0.0942666,12.166524,17.764906
15.28,2.6516235,10.849583,0.09335774,12.131288,17.785257
15.29,2.6567872,10.875214,0.09245529,12.096071,17.805597
15.3,2.661957,10.900922,0.0915603,12.060906,17.82591
15.31,2.6671324,10.926667,0.090672255,12.025757,17.846212
15.32,2.672314,10.952476,0.08979105,11.990651,17.866486
15.33,2.6775005,10.978351,0.08891712,11.9555855,17.886738
15.34,2.682694,11.004272,0.08804937,11.920536,17.906971
15.35,2.6878932,11.030256,0.08718898,11.885541,17.927181
15.36,2.6930969,11.0563,0.08633537,11.850586,17.947369
15.37,2.6983085,11.082405,0.085488066,11.815657,17.967533
15.38,2.7035234,11.108564,0.08464779,11.780763,17.987684
15.39,2.7087455,11.134782,0.08381444,11.745914,18.007809
15.4,2.713973,11.161055,0.082987554,11.711092,18.027908
15.41,2.719207,11.187388,0.082167104,11.67631,18.047993
15.42,2.7244456,11.213785,0.081353426,11.641564,18.068052
15.43,2.7296906,11.240232,0.08054606,11.606852,18.088089
15.44,2.7349405,11.2667465,0.079745464,11.5722,18.108103
15.45,2.7401972,11.293313,0.07895104,11.537555,18.128094
15.46,2.745459,11.319941,0.07816327,11.502965,18.148064
15.47,2.7507253,11.346623,0.07738209,11.4684,18.168016
15.48,2.7559988,11.373369,0.07660685,11.433881,18.187939
15.49,2.7612767,11.400177,0.07583824,11.399409,18.20784
15.5,2.766563,11.427043,0.075075604,11.364966,18.227724
15.51,2.7718506,11.453967,0.07431963,11.330564,18.247572
15.52,2.7771485,11.480956,0.07356957,11.296204,18.267408
15.53,2.7824485,11.507997,0.07282613,11.2618885,18.287218
15.54,2.787754,11.535097,0.07208852,11.227602,18.307007
15.55,2.7930686,11.562266,0.07135709,11.193355,18.32677
15.56,2.798386,11.58949,0.07063176,11.159161,18.34651
15.57,2.8037088,11.616767,0.06991273,11.124995,18.366222
15.58,2.8090384,11.644117,0.06919925,11.090881,18.385912
15.59,2.8143725,11.671518,0.06849184,11.056795,18.40558
15.6,2.8197129,11.698986,0.067790575,11.022762,18.42522
15.61,2.8250573,11.726506,0.06709537,10.988766,18.44484
15.62,2.8304098,11.754097,0.06640586,10.954806,18.464436
15.63,2.8357668,11.781735,0.06572216,10.920887,18.484015
15.64,2.8411276,11.8094425,0.06504423,10.88701,18.503553
15.65,2.846496,11.8372,0.064372055,10.853174,18.52308
15.66,2.8518689,11.865036,0.0637059,10.819397,18.54258
15.67,2.857247,11.892921,0.063045464,10.785649,18.562046
15.68,2.8626313,11.920872,0.062390335,10.751941,18.581497
15.69,2.86802,11.948871,0.06174095,10.718267,18.600927
15.7,2.873414,11.976953,0.06109748,10.684662,18.620321
15.71,2.8788154,12.005074,0.060459234,10.651081,18.63969
15.72,2.8842201,12.033271,0.059826694,10.617545,18.659037
15.73,2.8896306,12.06152,0.059199773,10.5840645,18.678362
15.74,2.8950462,12.089833,0.058578216,10.550613,18.697657
15.75,2.9004688,12.118214,0.057961665,10.517212,18.71694
15.76,2.905897,12.146651,0.057351172,10.483862,18.736176
15.77,2.9113293,12.175147,0.056745723,10.450543,18.755398
15.78,2.916766,12.2037,0.056145795,10.417277,18.774593
15.79,2.9222083,12.232323,0.055551134,10.384054,18.793764
15.8,2.9276576,12.261004,0.054961905,10.35087,18.81291
15.81,2.93311,12.289749,0.054377474,10.317738,18.832022
15.82,2.9385688,12.318554,0.053798698,10.2846575,18.851107
15.83,2.9440331,12.347414,0.053224772,10.251607,18.870169
15.84,2.949502,12.37635,0.052656196,10.218617,18.88921
15.85,2.9549773,12.405338,0.052092306,10.185665,18.90822
15.86,2.9604564,12.434381,0.05153376,10.152755,18.927206
15.87,2.9659407,12.463492,0.050980516,10.119892,18.946169
15.88,2.9714315,12.492674,0.050432026,10.087083,18.96509
15.89,2.9769263,12.521897,0.04988858,10.054311,18.984003
15.9,2.9824276,12.551201,0.04934983,10.021598,19.002872
15.91,2.9879332,12.580564,0.048816316,9.988925,19.02172
15.92,2.9934437,12.6099825,0.048287548,9.956296,19.040548
15.93,2.9989607,12.639464,0.047763452,9.923716,19.059343
15.94,3.0044806,12.66901,0.047244497,9.891194,19.078108
15.95,3.010008,12.698619,0.046729892,9.8587055,19.096851
15.96,3.0155401,12.728287,0.04622037,9.826266,19.115564
15.97,3.0210752,12.758015,0.045715287,9.793878,19.134245
15.98,3.026617,12.787809,0.045215536,9.761545,19.152903
15.99,3.0321646,12.817666,0.044719703,9.729251,19.17153
16.0,3.0377166,12.847583,0.044228956,9.697013,19.19013
16.01,3.0432737,12.877566,0.04374261,9.664821,19.208704
16.02,3.048834,12.907609,0.043260723,9.632674,19.227247
16.03,3.0544019,12.937705,0.042783298,9.600574,19.24577
16.04,3.0599751,12.967885,0.04231074,9.568538,19.264256
16.05,3.0655494,12.998099,0.04184225,9.536537,19.282717
16.06,3.0711322,13.028393,0.041378185,9.504593,19.301144
16.07,3.076719,13.058746,0.040918708,9.472696,19.319546
16.08,3.0823112,13.089157,0.040463656,9.440844,19.33792
16.09,3.087909,13.119635,0.04001294,9.409049,19.356268
16.1,3.093511,13.1501665,0.03956611,9.377295,19.374588
16.11,3.0991182,13.180781,0.03912366,9.345601,19.39287
16.12,3.1047297,13.211446,0.03868579,9.313958,19.41113
16.13,3.110345,13.242159,0.03825175,9.282368,19.429358
16.14,3.115966,13.272948,0.037822127,9.25082,19.44756
16.15,3.1215928,13.303794,0.037396576,9.219327,19.465733
16.16,3.1272242,13.334715,0.036975104,9.187881,19.483877
16.17,3.1328604,13.365683,0.036557935,9.156492,19.501976
16.18,3.138503,13.396712,0.036144383,9.125143,19.520067
16.19,3.1441486,13.427816,0.0357349,9.093855,19.538124
16.2,3.1497998,13.458984,0.035329625,9.062622,19.556143
16.21,3.1554525,13.490196,0.03492835,9.0314455,19.574135
16.22,3.1611125,13.521482,0.034530826,9.000307,19.592096
16.23,3.1667788,13.55283,0.034137227,8.969224,19.610035
16.24,3.1724484,13.584238,0.03374746,8.938204,19.627932
16.25,3.1781225,13.615715,0.033361733,8.907235,19.645802
16.26,3.1838021,13.647256,0.032979712,8.87631,19.663645
16.27,3.1894858,13.6788435,0.032601394,8.845435,19.681461
16.28,3.1951747,13.710498,0.032226976,8.814621,19.699244
16.29,3.2008688,13.742229,0.031855915,8.783865,19.716995
16.3,3.2065656,13.774006,0.03148914,8.753165,19.73471
16.31,3.2122695,13.8058605,0.031125482,8.722507,19.752401
16.32,3.2179763,13.837762,0.030765634,8.691902,19.77006
16.33,3.2236884,13.869739,0.030409338,8.66136,19.78769
16.34,3.2294054,13.901764,0.030056767,8.630859,19.805288
16.35,3.2351253,13.933862,0.029707594,8.600426,19.822851
16.36,3.2408524,13.966021,0.029362258,8.570038,19.840391
16.37,3.246583,13.998241,0.029020011,8.539707,19.85789
16.38,3.2523174,14.030505,0.028681193,8.50943,19.875362
16.39,3.2580564,14.062848,0.028345995,8.479212,19.892803
16.4,3.2638018,14.095254,0.028014125,8.449042,19.910213
16.41,3.2695498,14.127723,0.027685784,8.418929,19.927591
16.42,3.275304,14.160254,0.027360337,8.3888645,19.944944
16.43,3.2810616,14.192842,0.02703892,8.358868,19.962261
16.44,3.2868233,14.225499,0.026720442,8.328933,19.979538
16.45,3.292591,14.258219,0.026405074,8.299037,19.996792
16.46,3.2983596,14.290981,0.026092792,8.269207,20.014011
16.47,3.3041363,14.323831,0.025784034,8.239435,20.03119
16.48,3.3099167,14.356728,0.025478281,8.209708,20.04835
16.49,3.3156998,14.389686,0.025176007,8.180034,20.065481
16.5,3.3214898,14.422709,0.02487683,8.150423,20.082567
16.51,3.3272836,14.455797,0.024580326,8.120867,20.09963
16.52,3.3330812,14.488955,0.024287198,8.091381,20.11665
16.53,3.3388827,14.522152,0.023997245,8.061929,20.13365
16.54,3.3446887,14.555432,0.023709945,8.032551,20.150612
16.55,3.3504992,14.588754,0.02342582,8.003221,20.16754
16.56,3.356313,14.622154,0.023144688,7.973952,20.184437
16.57,3.3621325,14.655605,0.022866208,7.9447336,20.201307
16.58,3.3679562,14.68913,0.02259102,7.915584,20.21814
16.59,3.3737829,14.722703,0.022318754,7.8864784,20.234936
16.6,3.3796158,14.75635,0.022048935,7.857441,20.251696
16.61,3.3854523,14.790055,0.021781996,7.828451,20.268438
16.62,3.3912938,14.823824,0.021518,7.7995267,20.285137
16.63,3.3971364,14.857642,0.021257188,7.7706604,20.301798
16.64,3.4029856,14.891538,0.020998836,7.7418556,20.318428
16.65,3.4088392,14.925488,0.020742908,7.7130985,20.335033
16.66,3.4146953,14.959494,0.020490076,7.684398,20.351606
16.67,3.420557,14.993569,0.020239713,7.655769,20.368141
16.68,3.4264226,15.027709,0.019992301,7.627192,20.384634
16.69,3.4322917,15.061903,0.019747214,7.5986705,20.401096
16.7,3.4381652,15.096153,0.01950476,7.5701995,20.417536
16.71,3.4440413,15.130476,0.019265393,7.541813,20.433935
16.72,3.4499235,15.16485,0.019027948,7.51346,20.450306
16.73,3.4558086,15.199286,0.018793251,7.485173,20.466637
16.74,3.4616985,15.233791,0.01856125,7.4569454,20.48294
16.75,3.4675918,15.268365,0.01833164,7.428787,20.499199
16.76,3.4734905,15.30299,0.01810443,7.400673,20.515438
16.77,3.4793913,15.337676,0.017879667,7.37263,20.531631
16.78,3.485297,15.372427,0.017657246,7.3446403,20.547792
16.79,3.4912057,15.407227,0.017437631,7.316709,20.563927
16.8,3.497119,15.4421015,0.017219976,7.2888446,20.580015
16.81,3.5030372,15.477024,0.017004808,7.261029,20.596075
16.82,3.5089576,15.512027,0.016791975,7.233286,20.612104
16.83,3.5148814,15.54707,0.016581638,7.2055926,20.628096
16.84,3.5208106,15.582185,0.016373254,7.1779613,20.644058
16.85,3.5267434,15.617371,0.016167473,7.150403,20.659977
16.86,3.53268,15.652601,0.015963262,7.1228776,20.675863
16.87,3.538619,15.687898,0.015762044,7.0954337,20.691711
16.88,3.5445614,15.723248,0.015563036,7.0680466,20.707535
16.89,3.5505097,15.758668,0.015366109,7.0407143,20.723316
16.9,3.5564597,15.794153,0.0151709365,7.013454,20.73907
16.91,3.562415,15.829688,0.014978385,6.9862375,20.754786
16.92,3.568373,15.865288,0.014787531,6.9590907,20.770466
16.93,3.5743356,15.90096,0.014598742,6.932006,20.786114
16.94,3.5803008,15.936678,0.014412195,6.9049754,20.801723
16.95,3.5862715,15.972473,0.014227896,6.878023,20.8173
16.96,3.592243,16.008303,0.014045545,6.8511147,20.832842
16.97,3.5982194,16.044203,0.013865147,6.824267,20.84835
16.98,3.6042001,16.080175,0.013686789,6.797489,20.863811
16.99,3.6101842,16.116207,0.013510296,6.7707767,20.879251
17.0,3.6161704,16.15229,0.013335951,6.7441072,20.894653
17.01,3.6221607,16.188433,0.013163259,6.7175164,20.910023
17.02,3.628154,16.224651,0.012992863,6.690984,20.925346
17.03,3.6341524,16.260916,0.0128240455,6.6645007,20.940649
17.04,3.6401534,16.297253,0.01265736,6.63809,20.955902
17.05,3.646156,16.333635,0.012492526,6.6117506,20.97113
17.06,3.6521637,16.370077,0.012328983,6.585452,20.986315
17.07,3.658175,16.406595,0.012167907,6.559228,21.001474
17.08,3.6641898,16.443167,0.012008462,6.533068,21.016586
17.09,3.670208,16.479795,0.011850865,6.5069575,21.031666
17.1,3.6762292,16.516495,0.011694618,6.480918,21.046715
17.11,3.682252,16.553251,0.011540511,6.454944,21.06173
17.12,3.6882794,16.590061,0.011387959,6.429025,21.076696
17.13,3.6943083,16.62692,0.01123766,6.4031677,21.091633
17.14,3.7003415,16.66385,0.011088507,6.377379,21.106544
17.15,3.7063792,16.700838,0.010941073,6.3516426,21.121408
17.16,3.7124205,16.737911,0.010795533,6.3259854,21.136238
17.17,3.7184625,16.775019,0.010651572,6.3003798,21.151028
17.18,3.7245097,16.812199,0.010508868,6.274841,21.165789
17.19,3.730559,16.849438,0.010368168,6.2493625,21.180515
17.2,3.7366118,16.886736,0.01022901,6.223942,21.195206
17.21,3.7426667,16.924086,0.010091371,6.1985903,21.209852
17.22,3.748724,16.96148,0.009955484,6.173288,21.224474
17.23,3.7547858,16.99896,0.009820886,6.1480646,21.239046
17.24,3.7608514,17.0365,0.009687957,6.1229,21.253584
17.25,3.766919,17.074104,0.009556433,6.097803,21.268095
17.26,3.7729897,17.111763,0.009426392,6.0727587,21.282564
17.27,3.7790625,17.149467,0.009298047,6.047778,21.297005
17.28,3.7851386,17.187246,0.009171069,6.022866,21.311396
17.29,3.7912173,17.22508,0.009045508,5.9980135,21.325764
17.3,3.7972991,17.262974,0.008921459,5.973225,21.34009
17.31,3.8033836,17.30093,0.008798951,5.948499,21.354376
17.32,3.8094704,17.338953,0.008677563,5.9238486,21.368622
17.33,3.8155615,17.377031,0.00855773,5.899253,21.382841
17.34,3.821654,17.41516,0.008439369,5.8747187,21.397013
17.35,3.82775,17.453358,0.008321941,5.850242,21.41116
17.36,3.833848,17.491613,0.0082065705,5.8258395,21.425272
17.37,3.83995,17.529942,0.008091871,5.8014903,21.439337
17.38,3.846052,17.5683,0.007978907,5.777214,21.453367
17.39,3.852158,17.606739,0.007867204,5.7529945,21.467367
17.4,3.8582675,17.645231,0.0077568125,5.728851,21.481318
17.41,3.864377,17.683786,0.0076476373,5.7047553,21.495245
17.42,3.870491,17.722406,0.0075395694,5.680734,21.50914
17.43,3.8766077,17.761082,0.007433018,5.6567636,21.522984
17.44,3.8827257,17.799816,0.007327621,5.6328654,21.536798
17.45,3.8888483,17.838615,0.0072235395,5.6090326,21.55057
17.46,3.894971,17.877464,0.007120369,5.585263,21.564308
17.47,3.9010973,17.916376,0.0070186323,5.5615597,21.578018
17.48,3.9072258,17.955347,0.00691813,5.5379195,21.59168
17.49,3.913357,17.994387,0.006818779,5.5143337,21.605318
17.5,3.9194894,18.033484,0.0067204325,5.490811,21.618906
17.51,3.9256258,18.07263,0.0066235014,5.4673595,21.632462
17.52,3.9317625,18.11186,0.0065274723,5.443988,21.645971
17.53,3.9379025,18.151123,0.0064326366,5.420653,21.659458
17.54,3.9440458,18.190449,0.0063389568,5.397383,21.672909
17.55,3.9501882,18.229841,0.00624662,5.3741946,21.68631
17.56,3.956335,18.269297,0.006155097,5.351064,21.699677
17.57,3.9624841,18.308819,0.0060645603,5.328008,21.713009
17.58,3.9686348,18.348385,0.005975185,5.3049912,21.72631
17.59,3.9747882,18.388018,0.0058870744,5.282055,21.739567
17.6,3.980943,18.427721,0.0058000823,5.2591815,21.752789
17.61,3.9871006,18.467455,0.005714095,5.236352,21.76598
17.62,3.9932597,18.507286,0.005628679,5.213615,21.779121
17.63,3.99942,18.547136,0.0055448255,5.1909304,21.792233
17.64,4.0055833,18.587076,0.005461611,5.168316,21.805302
17.65,4.011747,18.627075,0.00537943,5.145761,21.81834
17.66,4.017915,18.667116,0.005298351,5.1232653,21.83135
17.67,4.024084,18.70723,0.005218316,5.1008344,21.844309
17.68,4.0302534,18.747389,0.005139131,5.078465,21.857237
17.69,4.0364265,18.78763,0.005060903,5.0561743,21.870123
17.7,4.0426,18.827923,0.0049838414,5.033939,21.882978
17.71,4.0487757,18.868263,0.00490747,5.0117598,21.89579
17.72,4.054953,18.908674,0.004832144,4.9896593,21.908571
17.73,4.061132,18.94914,0.004757691,4.9676127,21.921309
17.74,4.0673137,18.98968,0.004684088,4.945637,21.934011
17.75,4.0734963,19.03026,0.0046115443,4.923722,21.946674
17.76,4.0796795,19.070911,0.004539947,4.901866,21.959309
17.77,4.085867,19.111628,0.004468915,4.8800874,21.971893
17.78,4.0920553,19.152388,0.0043988395,4.8583627,21.984457
17.79,4.098244,19.193222,0.0043300493,4.8367057,21.996973
17.8,4.104433,19.23411,0.004261641,4.815121,22.009445
17.81,4.1106257,19.275051,0.0041942457,4.7935753,22.021898
17.82,4.1168194,19.31606,0.004127508,4.772111,22.034306
17.83,4.1230145,19.357132,0.004061819,4.7507105,22.04667
17.84,4.129211,19.398256,0.0039970633,4.7293744,22.059
17.85,4.135409,19.439445,0.003933085,4.7080984,22.07129
17.86,4.1416087,19.480694,0.0038695745,4.686893,22.083559
17.87,4.147809,19.521994,0.0038069729,4.665739,22.095774
17.88,4.154011,19.56336,0.0037454609,4.644664,22.107958
17.89,4.160213,19.604778,0.0036842953,4.6236362,22.120102
17.9,4.1664195,19.646278,0.0036242222,4.6026883,22.132215
17.91,4.1726246,19.687822,0.003564814,4.5818005,22.144281
17.92,4.1788316,19.72943,0.0035063028,4.56097,22.156322
17.93,4.185039,19.771103,0.0034485627,4.540215,22.168314
17.94,4.1912494,19.812828,0.0033911783,4.51951,22.180285
17.95,4.1974597,19.854618,0.003334702,4.498881,22.192205
17.96,4.203671,19.896458,0.0032791076,4.4783072,22.204094
17.97,4.209884,19.938364,0.0032242946,4.457796,22.215942
17.98,4.2160964,19.980326,0.0031698504,4.437357,22.227753
17.99,4.2223115,20.022356,0.0031163525,4.4169793,22.23953
18.0,4.228528,20.064444,0.0030636191,4.396656,22.251272
18.01,4.2347436,20.10658,0.0030113282,4.376399,22.262972
18.02,4.2409616,20.148798,0.0029600002,4.356218,22.274637
18.03,4.2471814,20.191067,0.0029092357,4.3360834,22.28627
18.04,4.2534003,20.233393,0.0028591827,4.3160205,22.297861
18.05,4.2596197,20.27577,0.0028096419,4.296033,22.309408
18.06,4.2658396,20.318222,0.002760698,4.276095,22.320932
18.07,4.2720613,20.36073,0.002712614,4.256232,22.332413
18.08,4.2782855,20.403297,0.0026652701,4.2364182,22.343863
18.09,4.2845087,20.445929,0.0026184767,4.2166734,22.355265
18.1,4.2907333,20.488605,0.0025720047,4.196983,22.366634
18.11,4.296959,20.531368,0.0025266549,4.1773705,22.377966
18.12,4.3031836,20.574183,0.0024815593,4.1578236,22.389256
18.13,4.309409,20.617022,0.002437367,4.1383266,22.400517
18.14,4.3156357,20.65997,0.0023935596,4.118907,22.411745
18.15,4.3218646,20.702957,0.002350323,4.099539,22.422928
18.16,4.328092,20.745996,0.0023078267,4.0802345,22.434086
18.17,4.334322,20.789118,0.0022659535,4.0609965,22.445189
18.18,4.34055,20.832283,0.002224273,4.0418215,22.45627
18.19,4.3467803,20.87551,0.0021834597,4.0227056,22.467314
18.2,4.353009,20.918808,0.002143479,4.0036583,22.478317
18.21,4.35924,20.962149,0.0021038493,3.9846742,22.489275
18.22,4.3654714,21.005562,0.0020646714,3.965743,22.500202
18.23,4.371702,21.04903,0.002025757,3.9468865,22.511106
18.24,4.3779354,21.092583,0.001987991,3.9280922,22.521963
18.25,4.3841662,21.136154,0.0019505452,3.9093497,22.53279
18.26,4.3904004,21.179823,0.0019138334,3.8906791,22.543564
18.27,4.3966327,21.223536,0.0018772278,3.8720713,22.554314
18.28,4.4028654,21.267298,0.0018413924,3.8535116,22.565039
18.29,4.4090996,21.311138,0.0018062834,3.8350363,22.575705
18.3,4.415332,21.355024,0.0017713737,3.8166075,22.586351
18.31,4.421566,21.398989,0.0017371373,3.798247,22.596949
18.32,4.427801,21.443005,0.001703254,3.779952,22.607515
18.33,4.434034,21.487087,0.0016700383,3.7617106,22.618048
18.34,4.4402676,21.531233,0.0016371822,3.743542,22.628538
18.35,4.446503,21.575422,0.001604829,3.7254252,22.639006
18.36,4.4527373,21.61968,0.0015730793,3.7073798,22.649418
18.37,4.458972,21.664005,0.0015417514,3.6893852,22.659811
18.38,4.465205,21.708374,0.0015107533,3.6714563,22.670158
18.39,4.471441,21.752817,0.0014804853,3.6535985,22.680466
18.4,4.4776745,21.797325,0.001450533,3.6357963,22.690748
18.41,4.4839096,21.841888,0.0014212383,3.618053,22.700993
18.42,4.4901443,21.886509,0.0013922779,3.6003647,22.711203
18.43,4.4963784,21.931202,0.0013635056,3.5827632,22.721369
18.44,4.5026116,21.975931,0.0013355259,3.5651932,22.731508
18.45,4.5088463,22.020744,0.0013079531,3.5477026,22.74161
18.46,4.5150785,22.065609,0.001281104,3.5302763,22.75167
18.47,4.5213127,22.11054,0.0012543397,3.5129027,22.761698
18.48,4.527546,22.155529,0.0012276089,3.4955885,22.771688
18.49,4.533781,22.200575,0.0012019034,3.4783397,22.781641
18.5,4.540014,22.245691,0.0011763312,3.461151,22.791561
18.51,4.546247,22.29086,0.0011514444,3.4440165,22.80145
18.52,4.5524774,22.33609,0.0011268277,3.4269574,22.811302
18.53,4.558711,22.381392,0.0011027288,3.4099448,22.821117
18.54,4.564944,22.426752,0.0010787575,3.3929994,22.830902
18.55,4.571173,22.47216,0.0010551605,3.3761208,22.840647
18.56,4.5774055,22.517633,0.001032237,3.359301,22.850351
18.57,4.5836353,22.56317,0.0010094987,3.3425255,22.860031
18.58,4.5898643,22.60877,0.0009876536,3.3258274,22.86966
18.59,4.596093,22.654434,0.00096563715,3.3091867,22.879272
18.6,4.602324,22.70015,0.0009441916,3.2926023,22.888844
18.61,4.608553,22.745941,0.0009230217,3.276074,22.898375
18.62,4.61478,22.791775,0.0009022532,3.259612,22.90787
18.63,4.6210065,22.83768,0.0008819504,3.2432122,22.917334
18.64,4.6272354,22.883654,0.0008618813,3.2268684,22.926767
18.65,4.6334605,22.929672,0.0008424269,3.210584,22.93616
18.66,4.639688,22.97576,0.0008232556,3.1943595,22.945518
18.67,4.645913,23.021908,0.000804211,3.1781943,22.95485
18.68,4.652136,23.068117,0.0007856712,3.1620893,22.964142
18.69,4.65836,23.114399,0.00076739583,3.1460423,22.973398
18.7,4.6645856,23.160742,0.0007495526,3.130065,22.982615
18.71,4.6708035,23.207125,0.00073207635,3.114138,22.991812
18.72,4.677027,23.253588,0.00071507506,3.098278,23.000961
18.73,4.6832495,23.300104,0.0006982507,3.0824552,23.010073
18.74,4.689467,23.346668,0.00068137795,3.066707,23.019169
18.75,4.6956882,23.393332,0.0006652577,3.0510273,23.02821
18.76,4.7019057,23.440012,0.00064941216,3.0353796,23.037231
18.77,4.708123,23.486782,0.00063386466,3.019813,23.04621
18.78,4.7143407,23.533613,0.00061852485,3.0043056,23.05516
18.79,4.7205563,23.580505,0.00060359854,2.98885,23.064072
18.8,4.7267694,23.627445,0.00058860425,2.9734547,23.072947
18.81,4.732985,23.674456,0.0005749492,2.9581115,23.081802
18.82,4.7391973,23.72154,0.0005607996,2.9428365,23.090612
18.83,4.74541,23.76866,0.0005468922,2.9276147,23.099388
18.84,4.7516203,23.815855,0.0005335044,2.9124455,23.108137
18.85,4.75783,23.86312,0.00052036345,2.8973439,23.116854
18.86,4.764041,23.910429,0.000507419,2.8822908,23.125528
18.87,4.770248,23.957811,0.0004948182,2.8673005,23.134174
18.88,4.7764525,24.005245,0.00048245303,2.8523698,23.142778
18.89,4.782658,24.052742,0.0004704604,2.8375008,23.151352
18.9,4.788863,24.100317,0.00045862887,2.8226798,23.159899
18.91,4.795066,24.147938,0.0004471941,2.8079138,23.16841
18.92,4.8012676,24.195633,0.00043597817,2.793218,23.176893
18.93,4.8074703,24.24339,0.00042493735,2.7785711,23.18534
18.94,4.81367,24.291187,0.00041409116,2.763977,23.19375
18.95,4.819869,24.33907,0.00040384568,2.7494516,23.202124
18.96,4.8260646,24.386988,0.00039350614,2.7349687,23.210464
18.97,4.8322606,24.434988,0.00038375333,2.7205484,23.218782
18.98,4.8384557,24.48304,0.00037357025,2.7061884,23.227055
18.99,4.8446493,24.531162,0.0003643576,2.6918833,23.235304
19.0,4.8508396,24.579342,0.0003549019,2.6776245,23.243519
19.01,4.8570313,24.627592,0.0003458159,2.6634383,23.251707
19.02,4.863222,24.675896,0.00033723656,2.6493015,23.259855
19.03,4.86941,24.724266,0.00032839365,2.6352174,23.267973
19.04,4.875598,24.772684,0.00032041874,2.6211808,23.27606
19.05,4.881779,24.821177,0.0003121365,2.6072266,23.284113
19.06,4.8879647,24.869722,0.00030406285,2.5933115,23.292126
19.07,4.8941464,24.918348,0.00029655732,2.5794506,23.300123
19.08,4.900328,24.967022,0.00028894842,2.5656407,23.30807
19.09,4.906507,25.015759,0.00028201845,2.5518985,23.316002
19.1,4.912684,25.064558,0.00027486868,2.5382051,23.323889
19.11,4.918861,25.11342,0.0002678139,2.52457,23.331755
19.12,4.925037,25.162346,0.00026106555,2.5109847,23.33958
19.13,4.931209,25.211315,0.00025487132,2.4974525,23.34738
19.14,4.9373803,25.260365,0.000248665,2.4839869,23.35514
19.15,4.9435477,25.30948,0.00024256017,2.4705758,23.362867
19.16,4.9497156,25.358644,0.00023655593,2.4572046,23.370577
19.17,4.9558835,25.407888,0.00023122039,2.443902,23.37824
19.18,4.9620504,25.45718,0.00022549834,2.430642,23.385883
19.19,4.968212,25.506533,0.00022002403,2.4174392,23.393496
19.2,4.974374,25.55597,0.00021501258,2.4043033,23.401056
19.21,4.9805317,25.605436,0.00021009613,2.3912058,23.408607
19.22,4.9866905,25.65497,0.00020503718,2.378162,23.416126
19.23,4.9928465,25.70457,0.00020069256,2.3651745,23.423605
19.24,4.9989986,25.754244,0.000196103,2.3522556,23.431055
19.25,5.005154,25.80396,0.00019175932,2.3393686,23.438482
19.26,5.011304,25.853752,0.0001875041,2.3265405,23.445868
19.27,5.0174522,25.903614,0.00018348079,2.3137743,23.453236
19.28,5.0236,25.953527,0.0001796512,2.3010561,23.460554
19.29,5.029745,26.00349,0.00017607864,2.2883844,23.467863
19.3,5.0358872,26.053532,0.00017242879,2.2757795,23.475128
19.31,5.0420294,26.103628,0.00016909,2.2632139,23.482359
19.32,5.048167,26.153791,0.00016599987,2.2507114,23.489569
19.33,5.0543046,26.20401,0.0001628166,2.2382586,23.496744
19.34,5.0604405,26.254297,0.0001595933,2.225853,23.503893
19.35,5.066575,26.304647,0.0001567388,2.2135053,23.511002
19.36,5.072703,26.355053,0.000154173,2.2012067,23.518095
19.37,5.0788345,26.405521,0.00015193503,2.1889572,23.525154
19.38,5.0849595,26.456049,0.00014911778,2.1767678,23.532179
19.39,5.091085,26.506638,0.00014670659,2.1646292,23.539162
19.4,5.0972075,26.557299,0.00014461111,2.1525426,23.546133
19.41,5.1033278,26.608013,0.00014248956,2.1405013,23.553064
19.42,5.109448,26.658789,0.0001405226,2.1285076,23.559978
19.43,5.1155643,26.709633,0.0001386879,2.1165724,23.56685
19.44,5.121679,26.760548,0.00013706647,2.1046906,23.573704
19.45,5.127789,26.811502,0.00013532117,2.092855,23.580517
19.46,5.1339006,26.862532,0.00013356842,2.0810728,23.587307
19.47,5.140006,26.913607,0.00013250578,2.0693393,23.594067
19.48,5.1461134,26.964762,0.00013077911,2.0576594,23.600798
19.49,5.1522145,27.015978,0.00012970902,2.0460298,23.6075
19.5,5.1583185,27.067242,0.00012873113,2.0344458,23.614168
19.51,5.1644163,27.11858,0.00012780167,2.0229187,23.620813
19.52,5.170513,27.169973,0.00012664683,2.0114331,23.627438
19.53,5.176605,27.221437,0.00012585148,2.0000055,23.634016
19.54,5.1826973,27.272951,0.00012495555,1.9886273,23.640572
19.55,5.188786,27.324522,0.00012425892,1.9772987,23.647102
19.56,5.1948714,27.376173,0.00012385845,1.9660137,23.653599
19.57,5.2009573,27.427874,0.00012341421,1.9547766,23.660076
19.58,5.207039,27.479641,0.0001228014,1.943602,23.666515
19.59,5.2131186,27.53147,0.00012241676,1.9324718,23.67293
19.6,5.219194,27.583357,0.0001222454,1.9213809,23.679317
19.61,5.2252693,27.635298,0.00012180768,1.9103506,23.685669
19.62,5.231342,27.687307,0.00012187194,1.8993654,23.692
19.63,5.2374105,27.739378,0.00012139417,1.8884279,23.698309
19.64,5.2434783,27.791513,0.00012169499,1.8775374,23.704576
19.65,5.2495403,27.84371,0.00012159813,1.8666997,23.710829
19.66,5.2556024,27.895964,0.00012187846,1.855902,23.717052
19.67,5.2616615,27.948284,0.00012182444,1.8451583,23.723232
19.68,5.267715,28.000666,0.00012195669,1.8344648,23.729393
19.69,5.2737694,28.053112,0.00012256112,1.823819,23.735538
19.7,5.279823,28.105616,0.00012278277,1.8132197,23.74164
19.71,5.2858677,28.158163,0.00012292713,1.8026644,23.747725
19.72,5.2919145,28.210806,0.00012349524,1.792164,23.753777
19.73,5.297959,28.263475,0.00012405589,1.7816952,23.759815
19.74,5.303997,28.316223,0.00012460072,1.7712965,23.765806
19.75,5.310036,28.369032,0.00012541004,1.7609363,23.771776
19.76,5.3160706,28.4219,0.00012554601,1.7506144,23.777721
19.77,5.3221016,28.474833,0.00012628827,1.7403466,23.783638
19.78,5.3281302,28.527824,0.0001270175,1.7301189,23.789536
19.79,5.334159,28.580893,0.00012774486,1.7199575,23.795387
19.8,5.3401804,28.633986,0.00012873113,1.7098176,23.801237
19.81,5.3461995,28.687164,0.00012915209,1.6997403,23.80704
19.82,5.3522167,28.740387,0.00013007876,1.6896996,23.812826
19.83,5.358232,28.7937,0.00013072696,1.6797184,23.818584
19.84,5.3642435,28.847044,0.00013145152,1.6697704,23.824316
19.85,5.370252,28.900463,0.0001325421,1.6598715,23.830027
19.86,5.3762584,28.95395,0.0001333924,1.6500239,23.835697
19.87,5.3822594,29.007486,0.00013432559,1.6402045,23.841354
19.88,5.3882594,29.061085,0.00013545435,1.630457,23.84698
19.89,5.3942537,29.11474,0.0001365291,1.6207303,23.852581
19.9,5.4002495,29.168468,0.00013743062,1.611065,23.858147
19.91,5.406241,29.222254,0.00013837498,1.6014453,23.863699
19.92,5.4122276,29.276108,0.00013913587,1.5918612,23.869228
19.93,5.4182115,29.329992,0.00014026463,1.5823166,23.874725
19.94,5.424194,29.383974,0.00014149025,1.5728314,23.880201
19.95,5.43017,29.437988,0.00014235731,1.5633856,23.885649
19.96,5.436145,29.492067,0.00014335942,1.5539857,23.891058
19.97,5.4421206,29.54622,0.0001445869,1.544623,23.896458
19.98,5.4480863,29.600424,0.00014529005,1.5353111,23.901827
19.99,5.454051,29.654697,0.00014653057,1.5260385,23.90718
20.0,5.4600115,29.709017,0.00014729518,1.5168182,23.912493
20.01,5.465974,29.763433,0.00014864467,1.5076455,23.917782
20.02,5.4719257,29.817863,0.00014958344,1.4984957,23.923058
20.03,5.4778786,29.872374,0.00015056226,1.4894037,23.928307
20.04,5.4838276,29.926928,0.00015173014,1.4803418,23.93353
20.05,5.489774,29.98156,0.00015305448,1.4713447,23.938717
20.06,5.4957147,30.036259,0.00015382003,1.4623803,23.943886
20.07,5.5016537,30.091002,0.0001548864,1.4534588,23.949036
20.08,5.507589,30.145813,0.00015577395,1.4445755,23.954159
20.09,5.5135202,30.200678,0.000156641,1.4357364,23.959255
20.1,5.519449,30.255606,0.00015778281,1.4269412,23.964327
20.11,5.5253735,30.310606,0.00015860144,1.4181976,23.969366
20.12,5.5312953,30.365654,0.00015977584,1.4094841,23.9744
20.13,5.5372133,30.42076,0.00016057864,1.4008147,23.979403
20.14,5.543127,30.475912,0.00016140658,1.3921895,23.984377
20.15,5.5490375,30.531145,0.00016246457,1.3836135,23.989325
20.16,5.554944,30.586428,0.00016340893,1.3750721,23.994257
20.17,5.5608478,30.641788,0.00016427226,1.3665743,23.999151
20.18,5.566749,30.697191,0.00016523991,1.3581152,24.004038
20.19,5.5726466,30.752659,0.00016599242,1.3496943,24.008896
20.2,5.5785403,30.808182,0.00016685016,1.341324,24.013716
20.21,5.5844283,30.863756,0.00016761199,1.3329937,24.018538
20.22,5.590313,30.919405,0.0001682546,1.3246989,24.023321
20.23,5.596196,30.97513,0.00016904343,1.3164511,24.028076
20.24,5.6020737,31.030878,0.00016978662,1.3082403,24.032822
20.25,5.607949,31.086714,0.00017062109,1.3000693,24.037535
20.26,5.6138196,31.142591,0.00017118547,1.2919399,24.042225
20.27,5.619687,31.198542,0.00017185509,1.2838477,24.0469
20.28,5.6255484,31.254541,0.00017202552,1.2758025,24.051544
20.29,5.6314087,31.310602,0.00017291028,1.2677876,24.05617
20.3,5.6372643,31.366713,0.00017369539,1.259828,24.060762
20.31,5.643116,31.4229,0.0001740465,1.251893,24.06534
20.32,5.6489625,31.479116,0.00017449167,1.2440006,24.069906
20.33,5.6548076,31.53543,0.00017485395,1.2361544,24.074432
20.34,5.6606464,31.591778,0.00017532893,1.2283434,24.078941
20.35,5.6664844,31.648201,0.00017561857,1.2205684,24.083435
20.36,5.672315,31.704676,0.00017612055,1.2128412,24.087902
20.37,5.6781445,31.761219,0.00017629098,1.205151,24.092337
20.38,5.683968,31.817795,0.00017635804,1.1974952,24.09676
20.39,5.689786,31.87444,0.0001768684,1.1898795,24.10116
20.4,5.6956043,31.931149,0.00017676782,1.1823065,24.105537
20.41,5.701417,31.987925,0.00017730519,1.1747718,24.109888
20.42,5.7072244,32.044746,0.00017725304,1.1672679,24.114227
20.43,5.7130284,32.10164,0.00017740764,1.1598079,24.11853
20.44,5.718828,32.15858,0.00017740298,1.1523864,24.122816
20.45,5.7246256,32.215584,0.00017743837,1.1450043,24.127089
20.46,5.730416,32.27264,0.00017731916,1.1376606,24.131332
20.47,5.7362027,32.329742,0.0001771953,1.1303455,24.135553
20.48,5.7419868,32.38693,0.00017710403,1.1230847,24.139755
20.49,5.747767,32.44418,0.0001771003,1.1158472,24.143936
20.5,5.753542,32.501457,0.00017690007,1.1086465,24.14809
20.51,5.759311,32.55881,0.00017671101,1.1014899,24.152233
20.52,5.76508,32.616226,0.00017616805,1.0943654,24.156357
20.53,5.77084,32.673695,0.00017606188,1.0872816,24.160444
20.54,5.776598,32.731224,0.00017529726,1.0802428,24.164518
20.55,5.782352,32.7888,0.00017533358,1.0732334,24.168568
20.56,5.7881007,32.846447,0.00017509703,1.0662591,24.1726
20.57,5.793843,32.904133,0.0001746146,1.0593195,24.176613
20.58,5.7995872,32.961906,0.00017366,1.0524213,24.180603
20.59,5.8053236,33.01972,0.00017335266,1.0455554,24.184574
20.6,5.8110547,33.07759,0.00017282553,1.0387254,24.188526
20.61,5.816782,33.13552,0.00017218199,1.031927,24.192457
20.62,5.8225074,33.193512,0.00017147418,1.0251752,24.196358
20.63,5.828224,33.251553,0.0001707375,1.0184587,24.200253
20.64,5.833937,33.30965,0.00016967114,1.011774,24.204119
20.65,5.8396482,33.367817,0.00016886089,1.0051255,24.207958
20.66,5.8453526,33.426025,0.00016827881,0.9985059,24.211786
20.67,5.8510528,33.484314,0.00016720314,0.9919332,24.215591
20.68,5.8567495,33.54264,0.00016623922,0.9853831,24.219381
20.69,5.862441,33.601036,0.0001651682,0.97887975,24.223156
20.7,5.86813,33.659485,0.0001644129,0.9724018,24.226896
20.71,5.873809,33.717976,0.00016342755,0.9659638,24.230618
20.72,5.8794875,33.776554,0.00016211066,0.95956403,24.234327
20.73,5.8851604,33.835167,0.00016073603,0.95319086,24.23801
20.74,5.8908305,33.893852,0.0001600394,0.94685376,24.241678
20.75,5.8964925,33.952587,0.00015853345,0.940553,24.245325
20.76,5.902153,34.011375,0.00015725754,0.93428963,24.248955
20.77,5.907808,34.070206,0.00015596952,0.92805284,24.252565
20.78,5.9134564,34.129128,0.00015448034,0.92185116,24.256153
20.79,5.9191008,34.188084,0.00015325565,0.9156891,24.259724
20.8,5.924741,34.24709,0.000151705,0.9095614,24.263277
20.81,5.930375,34.306164,0.00015030243,0.90346193,24.266811
20.82,5.936007,34.365314,0.00014864095,0.8974044,24.27032
20.83,5.9416323,34.424488,0.00014710892,0.89136934,24.273815
20.84,5.947253,34.483734,0.00014566258,0.88537294,24.277292
20.85,5.95287,34.54304,0.00014377199,0.87939835,24.280748
20.86,5.9584837,34.602394,0.00014210679,0.87347114,24.284172
20.87,5.9640865,34.661797,0.0001402041,0.86756504,24.287603
20.88,5.969688,34.72128,0.00013887603,0.86170304,24.29101
20.89,5.9752827,34.780796,0.00013682619,0.8558687,24.294384
20.9,5.980874,34.840393,0.00013493095,0.85007125,24.29774
20.91,5.986463,34.90002,0.00013308506,0.84429544,24.301096
20.92,5.992043,34.959724,0.00013132952,0.8385605,24.304413
20.93,5.997621,35.019478,0.0001294883,0.83285284,24.307728
20.94,6.003195,35.079285,0.0001272019,0.8271897,24.311016
20.95,6.0087576,35.13915,0.00012543611,0.82153845,24.314295
20.96,6.0143194,35.19905,0.00012341235,0.815931,24.317545
20.97,6.019876,35.259037,0.00012116041,0.81034166,24.320778
20.98,6.025426,35.319073,0.00011884328,0.80480045,24.323988
20.99,6.030976,35.379166,0.00011688471,0.79928964,24.327196
21.0,6.0365157,35.439312,0.00011464674,0.7938053,24.330376
21.01,6.04205,35.499508,0.000112403184,0.7883575,24.33354
21.02,6.0475817,35.559757,0.00011009164,0.78292215,24.336697
21.03,6.053109,35.62009,0.00010812376,0.7775355,24.339815
21.04,6.0586286,35.680447,0.000105530955,0.7721723,24.342934
21.05,6.064146,35.74086,0.00010321755,0.7668447,24.346024
21.06,6.0696545,35.80134,0.00010082591,0.7615398,24.349096
21.07,6.075157,35.861877,9.844173e-05,0.75627434,24.35216
21.08,6.080657,35.922466,9.634346e-05,0.7510361,24.355202
21.09,6.0861516,35.9831,9.339396e-05,0.74581903,24.358225
21.1,6.0916405,36.043808,9.0877526e-05,0.7406426,24.361225
21.11,6.097128,36.104576,8.86675e-05,0.73549616,24.36422
21.12,6.102604,36.16538,8.614175e-05,0.7303774,24.36719
21.13,6.1080766,36.226234,8.34493e-05,0.725287,24.37016
21.14,6.113546,36.287163,8.0603175e-05,0.7202212,24.37309
21.15,6.119008,36.348152,7.833913e-05,0.7151911,24.376015
21.16,6.1244645,36.40918,7.555913e-05,0.7101885,24.378931
21.17,6.129918,36.470264,7.26264e-05,0.7052094,24.381811
21.18,6.135363,36.531406,7.023569e-05,0.7002672,24.38469
21.19,6.1408043,36.592606,6.7541376e-05,0.69535655,24.387537
21.2,6.1462393,36.653866,6.488804e-05,0.6904647,24.390388
21.21,6.151668,36.715157,6.212294e-05,0.68560356,24.393211
21.22,6.1570964,36.77652,5.9279613e-05,0.68078643,24.396013
21.23,6.1625133,36.837944,5.6490302e-05,0.6759795,24.398806
21.24,6.1679273,36.899418,5.343929e-05,0.6712104,24.40158
21.25,6.1733365,36.960945,5.0535426e-05,0.6664587,24.404345
21.26,6.178738,37.022522,4.7931448e-05,0.66174614,24.407091
21.27,6.184134,37.084152,4.5065768e-05,0.6570525,24.409805
21.28,6.1895275,37.145855,4.198961e-05,0.6523997,24.412527
21.29,6.1949124,37.207615,3.933534e-05,0.6477641,24.415226
21.3,6.2002916,37.2694,3.6315992e-05,0.6431582,24.417896
21.31,6.2056656,37.331238,3.346242e-05,0.6385799,24.420559
21.32,6.211036,37.393154,3.0498952e-05,0.6340278,24.42321
21.33,6.2163987,37.45513,2.7312897e-05,0.62950957,24.425844
21.34,6.221759,37.51714,2.4468638e-05,0.625006,24.428461
21.35,6.2271094,37.579216,2.1507032e-05,0.62053937,24.43107
21.36,6.232457,37.641354,1.8736348e-05,0.6160991,24.433651
21.37,6.2378,37.70353,1.5524216e-05,0.6116831,24.436218
21.38,6.2431307,37.76575,1.2577511e-05,0.6072939,24.43878
21.39,6.2484617,37.82805,9.551644e-06,0.60292983,24.441315
21.4,6.2537847,37.890404,6.6533685e-06,0.59859985,24.44384
21.41,6.259104,37.952797,3.4915283e-06,0.5942839,24.44636
21.42,6.2644167,38.015255,4.414469e-07,0.5899996,24.448849
21.43,6.2697206,38.07776,-2.500601e-06,0.58574533,24.451332
21.44,6.275024,38.14033,-5.756505e-06,0.5815027,24.453806
21.45,6.280318,38.202927,-8.71066e-06,0.57729924,24.456257
21.46,6.285608,38.265594,-1.1643395e-05,0.5731288,24.458681
21.47,6.290891,38.32832,-1.4692545e-05,0.56896514,24.461113
21.48,6.296167,38.391087,-1.7931685e-05,0.5648294,24.46352
21.49,6.3014402,38.45392,-2.1229498e-05,0.56073177,24.465906
21.5,6.306706,38.51681,-2.4208799e-05,0.5566527,24.46829
21.51,6.311965,38.579754,-2.7189031e-05,0.5526044,24.470657
21.52,6.3172193,38.64275,-2.9936433e-05,0.54857653,24.473005
21.53,6.3224664,38.705788,-3.297068e-05,0.54457116,24.475334
21.54,6.3277082,38.76888,-3.647711e-05,0.5405884,24.477652
21.55,6.332945,38.83203,-3.9367937e-05,0.5366369,24.479969
21.56,6.338176,38.895252,-4.2098574e-05,0.5327125,24.482265
21.57,6.3434,38.9585,-4.5169145e-05,0.52880365,24.484537
21.58,6.3486185,39.02183,-4.8519112e-05,0.5249201,24.486801
21.59,6.353832,39.085186,-5.130004e-05,0.5210607,24.489056
21.6,6.359036,39.1486,-5.4343604e-05,0.5172257,24.491299
21.61,6.3642383,39.21208,-5.7310797e-05,0.51342404,24.49352
21.62,6.3694296,39.2756,-6.047543e-05,0.50963885,24.495724
21.63,6.374622,39.33919,-6.329641e-05,0.505883,24.497925
21.64,6.3798,39.40281,-6.635208e-05,0.5021394,24.500107
21.65,6.3849783,39.46649,-6.963685e-05,0.49842978,24.502275
21.66,6.3901496,39.530247,-7.226318e-05,0.49473345,24.50444
21.67,6.3953133,39.594036,-7.528439e-05,0.49106425,24.506578
21.68,6.400472,39.657887,-7.8181736e-05,0.48743004,24.508707
21.69,6.4056215,39.72178,-8.1441365e-05,0.48379928,24.510828
21.7,6.410768,39.78574,-8.430984e-05,0.48019892,24.51292
21.71,6.4159074,39.84973,-8.6919405e-05,0.47663283,24.515017
21.72,6.4210405,39.913807,-8.977763e-05,0.4730786,24.517088
21.73,6.4261703,39.977905,-9.2785805e-05,0.46954829,24.51917
21.74,6.4312906,40.042065,-9.554718e-05,0.4660468,24.521206
21.75,6.436404,40.106304,-9.834487e-05,0.46255875,24.523252
21.76,6.441515,40.17056,-0.000101095065,0.4590934,24.525276
21.77,6.4466147,40.234898,-0.00010415539,0.45565626,24.52729
21.78,6.451711,40.299267,-0.00010658149,0.45223463,24.529291
21.79,6.4568048,40.36371,-0.00010938384,0.44883987,24.531277
21.8,6.461888,40.428158,-0.00011254195,0.4454639,24.533255
21.81,6.4669623,40.49269,-0.00011513103,0.44210634,24.535217
21.82,6.4720364,40.557297,-0.00011776481,0.43878603,24.537157
21.83,6.4771023,40.621944,-0.000120213255,0.4354732,24.539097
21.84,6.4821606,40.68662,-0.00012309011,0.4321795,24.54103
21.85,6.487215,40.751373,-0.00012565311,0.42891723,24.542948
21.86,6.49226,40.816177,-0.00012852345,0.42566997,24.544847
21.87,6.4972997,40.88102,-0.00013079215,0.42244935,24.546736
21.88,6.502333,40.94592,-0.0001330236,0.4192451,24.548603
21.89,6.507362,41.010887,-0.00013587624,0.41606608,24.550472
21.9,6.5123816,41.0759,-0.00013826415,0.41291368,24.552317
21.91,6.5173974,41.14095,-0.0001404183,0.40975833,24.554165
21.92,6.5224056,41.206055,-0.00014297199,0.40663946,24.555996
21.93,6.5274076,41.2712,-0.0001456188,0.403538,24.557817
21.94,6.5324044,41.336426,-0.00014786981,0.4004597,24.559616
21.95,6.5373936,41.401707,-0.00015015807,0.39739963,24.561424
21.96,6.542374,41.46702,-0.00015278906,0.39436486,24.563196
21.97,6.5473523,41.532387,-0.00015514623,0.39134306,24.564972
21.98,6.552324,41.59781,-0.00015706848,0.3883417,24.56673
21.99,6.557287,41.663307,-0.00015953276,0.3853721,24.568478
22.0,6.562247,41.728832,-0.0001616804,0.38240647,24.570215
22.01,6.5671964,41.7944,-0.00016390067,0.379468,24.571941
22.02,6.572139,41.860046,-0.00016614515,0.3765496,24.573656
22.03,6.5770793,41.92574,-0.0001682071,0.3736436,24.575363
22.04,6.58201,41.991486,-0.0001699524,0.37076527,24.577051
22.05,6.5869355,42.057247,-0.00017204229,0.36790347,24.578743
22.06,6.591853,42.12308,-0.00017377734,0.3650617,24.580402
22.07,6.596766,42.188984,-0.0001761457,0.36224025,24.582062
22.08,6.6016726,42.254925,-0.00017797388,0.35943317,24.583715
22.09,6.6065717,42.320927,-0.00017975736,0.35664055,24.585358
22.1,6.611466,42.387,-0.0001816852,0.35387665,24.586979
22.11,6.616351,42.453083,-0.0001835674,0.35112536,24.58859
22.12,6.62123,42.519222,-0.00018541235,0.34839702,24.590189
22.13,6.626103,42.58541,-0.00018717628,0.34568667,24.591795
22.14,6.630969,42.651684,-0.0001887409,0.3429873,24.593376
22.15,6.635831,42.717995,-0.00019029342,0.34031516,24.594955
22.16,6.6406856,42.784344,-0.00019174349,0.33766347,24.596512
22.17,6.6455317,42.850754,-0.00019326806,0.33502066,24.59807
22.18,6.6503725,42.91722,-0.00019488484,0.33239463,24.599619
22.19,6.6552067,42.98372,-0.00019632466,0.32978845,24.601143
22.2,6.6600337,43.050293,-0.00019790232,0.32720613,24.602669
22.21,6.664852,43.116894,-0.0001992872,0.32464066,24.604183
22.22,6.669668,43.183563,-0.0002006907,0.32208687,24.605692
22.23,6.674475,43.25028,-0.00020202715,0.3195473,24.607174
22.24,6.6792755,43.31704,-0.00020337664,0.31703454,24.60866
22.25,6.6840696,43.383873,-0.00020457711,0.31453824,24.610134
22.26,6.6888566,43.45073,-0.00020582043,0.31204927,24.611595
22.27,6.693638,43.51763,-0.00020704977,0.30958325,24.613045
22.28,6.6984153,43.58462,-0.0002079308,0.3071374,24.614496
22.29,6.7031846,43.65165,-0.00020906515,0.30470806,24.615929
22.3,6.707942,43.718723,-0.00020995364,0.30229342,24.61735
22.31,6.7126956,43.785854,-0.00021119881,0.29989558,24.618763
22.32,6.7174454,43.853012,-0.00021225773,0.29751295,24.620173
22.33,6.722185,43.92027,-0.00021320768,0.29514468,24.621565
22.34,6.726921,43.987526,-0.00021398906,0.29279757,24.622953
22.35,6.731648,44.054848,-0.00021471083,0.29046458,24.624332
22.36,6.7363677,44.12223,-0.00021563843,0.28814334,24.625694
22.37,6.7410827,44.18967,-0.00021617394,0.28585047,24.627052
22.38,6.745791,44.257137,-0.00021686964,0.28356633,24.628412
22.39,6.7504888,44.32467,-0.00021763425,0.2812959,24.629747
22.4,6.7551823,44.392242,-0.00021848455,0.27903843,24.631071
22.41,6.759872,44.45988,-0.00021867827,0.27680063,24.632397
22.42,6.764552,44.527565,-0.00021914206,0.2745775,24.633713
22.43,6.7692275,44.595303,-0.00021966454,0.27237138,24.635006
22.44,6.7738953,44.663074,-0.00022003707,0.27017796,24.636303
22.45,6.7785535,44.730915,-0.00022046547,0.2680058,24.637592
22.46,6.7832084,44.798786,-0.0002207756,0.26584372,24.638874
22.47,6.7878566,44.866714,-0.00022128131,0.26370382,24.640139
22.48,6.792497,44.934704,-0.00022118539,0.26156893,24.641407
22.49,6.7971296,45.00273,-0.00022135861,0.25944862,24.642654
22.5,6.801759,45.070827,-0.00022166315,0.25734976,24.64389
22.51,6.8063765,45.138954,-0.00022161938,0.25527072,24.645124
22.52,6.8109884,45.207123,-0.00022164267,0.25318685,24.64636
22.53,6.815598,45.275387,-0.00022168271,0.25113788,24.64757
22.54,6.8201957,45.343662,-0.00022160914,0.24909164,24.648787
22.55,6.824786,45.41197,-0.00022135116,0.24706493,24.649988
22.56,6.829375,45.480362,-0.00022145174,0.24504688,24.651178
22.57,6.833952,45.5488,-0.00022124872,0.2430485,24.65237
22.58,6.838525,45.61729,-0.00022098422,0.2410635,24.653536
22.59,6.84309,45.685806,-0.0002207132,0.23908809,24.654709
22.6,6.84765,45.754395,-0.00022047665,0.23713298,24.65586
22.61,6.8522024,45.82304,-0.00021999143,0.23518805,24.657019
22.62,6.8567486,45.891727,-0.00021984149,0.23325324,24.658161
22.63,6.861284,45.96043,-0.00021883845,0.23133516,24.6593
22.64,6.865816,46.029217,-0.00021854136,0.22943832,24.660433
22.65,6.8703423,46.09805,-0.00021819491,0.22754548,24.661547
22.66,6.8748584,46.16693,-0.00021752436,0.22567411,24.662664
22.67,6.8793716,46.235855,-0.0002169665,0.22380958,24.663761
22.68,6.883873,46.30483,-0.00021623354,0.22195682,24.664862
22.69,6.888371,46.37386,-0.00021567382,0.2201274,24.665953
22.7,6.892862,46.442936,-0.00021478068,0.21829608,24.667032
22.71,6.8973465,46.512043,-0.00021390524,0.21649042,24.668108
22.72,6.90182,46.58123,-0.0002129795,0.21469547,24.669168
22.73,6.9062896,46.650448,-0.00021207333,0.21290483,24.670233
22.74,6.910754,46.719715,-0.00021123979,0.21113242,24.671286
22.75,6.9152093,46.789043,-0.00021023024,0.20936826,24.672333
22.76,6.919656,46.858395,-0.00020917319,0.20762184,24.673376
22.77,6.924101,46.92783,-0.00020812266,0.2058914,24.674398
22.78,6.9285355,46.997284,-0.0002068542,0.20416255,24.67542
22.79,6.932965,47.066795,-0.00020552427,0.20245576,24.676434
22.8,6.9373856,47.136345,-0.00020453706,0.20075677,24.677446
22.81,6.9418035,47.205967,-0.0002031792,0.19906937,24.67845
22.82,6.946207,47.275627,-0.00020206813,0.19739841,24.679441
22.83,6.9506087,47.345345,-0.00020080805,0.195739,24.680437
22.84,6.9550037,47.415092,-0.0001990851,0.19408783,24.681412
22.85,6.95939,47.48492,-0.00019787252,0.19245148,24.682386
22.86,6.96377,47.554768,-0.0001963228,0.19082165,24.68336
22.87,6.9681444,47.62468,-0.00019490346,0.18920802,24.684324
22.88,6.9725084,47.694607,-0.0001931265,0.18760484,24.68527
22.89,6.9768705,47.764603,-0.00019176863,0.18600889,24.68622
22.9,6.9812236,47.834656,-0.00019009877,0.18443662,24.687168
22.91,6.985569,47.904747,-0.0001884764,0.18285897,24.6881
22.92,6.9899077,47.97491,-0.00018670503,0.18131141,24.689016
22.93,6.9942427,48.045097,-0.00018495694,0.1797595,24.689947
22.94,6.998565,48.11533,-0.00018314272,0.17822653,24.69086
22.95,7.002882,48.185604,-0.00018169731,0.17669348,24.691769
22.96,7.007192,48.255936,-0.00017980672,0.17518225,24.692673
22.97,7.0114975,48.326305,-0.00017774571,0.17367674,24.693565
22.98,7.015793,48.39673,-0.00017569959,0.17218556,24.694452
22.99,7.020087,48.467213,-0.00017386768,0.17070004,24.695333
23.0,7.0243673,48.537727,-0.00017202087,0.16923875,24.69621
23.01,7.028643,48.60831,-0.00017012097,0.1677768,24.697088
23.02,7.032914,48.67893,-0.00016780011,0.16632324,24.697943
23.03,7.037179,48.749607,-0.00016561337,0.16488132,24.698803
23.04,7.041432,48.82031,-0.00016352348,0.16346304,24.699657
23.05,7.0456796,48.89105,-0.00016130414,0.16203949,24.700502
23.06,7.0499206,48.961853,-0.00015899446,0.16062924,24.701347
23.07,7.054156,49.032703,-0.00015671924,0.15923455,24.702175
23.08,7.058384,49.103615,-0.00015469082,0.15784818,24.703003
23.09,7.0626054,49.17456,-0.00015214365,0.15646383,24.703827
23.1,7.0668197,49.245544,-0.00015001651,0.15509915,24.704649
23.11,7.0710254,49.316578,-0.00014772825,0.1537455,24.705448
23.12,7.0752263,49.387688,-0.00014507584,0.15238827,24.706263
23.13,7.079419,49.458786,-0.00014240108,0.15104972,24.707064
23.14,7.083603,49.529976,-0.00014034752,0.14972495,24.707855
23.15,7.0877857,49.601192,-0.00013793726,0.14840955,24.708643
23.16,7.091955,49.67245,-0.00013521034,0.14708826,24.709423
23.17,7.096124,49.743774,-0.00013270322,0.145803,24.710203
23.18,7.10028,49.81514,-0.00013032276,0.14450726,24.710978
23.19,7.1044316,49.88654,-0.00012749992,0.14321253,24.711742
23.2,7.1085744,49.958004,-0.00012489688,0.14194131,24.712503
23.21,7.1127152,50.029503,-0.00012215134,0.14068517,24.71326
23.22,7.116846,50.101055,-0.00011983886,0.13943261,24.714006
23.23,7.120966,50.172634,-0.00011688657,0.13818017,24.71476
23.24,7.1250844,50.24427,-0.0001142798,0.13693771,24.715498
23.25,7.1291943,50.31597,-0.00011153426,0.13571373,24.71623
23.26,7.1332965,50.38769,-0.000108663924,0.13449094,24.716957
23.27,7.137393,50.45946,-0.000105714425,0.13328362,24.717682
23.28,7.1414795,50.531292,-0.00010291301,0.1320822,24.718397
23.29,7.1455655,50.603153,-0.000100129284,0.13088757,24.719103
23.3,7.1496377,50.67504,-9.723753e-05,0.12970169,24.719816
23.31,7.1537056,50.747013,-9.413157e-05,0.12852693,24.720528
23.32,7.157767,50.819008,-9.145029e-05,0.12736352,24.721226
23.33,7.161822,50.891052,-8.824654e-05,0.12619811,24.721922
23.34,7.1658688,50.963123,-8.560438e-05,0.12504745,24.722603
23.35,7.169908,51.035267,-8.26139e-05,0.12390499,24.72329
23.36,7.173941,51.10744,-7.944275e-05,0.12276844,24.72397
23.37,7.1779675,51.179665,-7.659942e-05,0.121643774,24.724642
23.38,7.181987,51.251953,-7.354934e-05,0.12053557,24.725311
23.39,7.185998,51.324234,-7.066317e-05,0.119413376,24.725988
23.4,7.190005,51.39659,-6.7533925e-05,0.11831367,24.726635
23.41,7.1940017,51.469,-6.441865e-05,0.1172202,24.727293
23.42,7.197994,51.541447,-6.130617e-05,0.11613391,24.72795
23.43,7.2019787,51.61394,-5.7936646e-05,0.11505006,24.7286
23.44,7.205958,51.68645,-5.5056997e-05,0.113975555,24.729235
23.45,7.2099266,51.75905,-5.1924028e-05,0.11291519,24.729872
23.46,7.2138915,51.83165,-4.8839487e-05,0.11185678,24.730501
23.47,7.217847,51.904324,-4.557334e-05,0.11080716,24.731134
23.48,7.2217984,51.977005,-4.2373314e-05,0.109775454,24.731766
23.49,7.225741,52.049767,-3.909692e-05,0.108738065,24.732382
23.5,7.229677,52.122574,-3.6030076e-05,0.10770947,24.732994
23.51,7.2336073,52.195404,-3.289152e-05,0.106691115,24.733616
23.52,7.237529,52.268295,-2.9551797e-05,0.10568279,24.734215
23.53,7.241444,52.341217,-2.618786e-05,0.10467371,24.73482
23.54,7.245353,52.414192,-2.3373403e-05,0.10367865,24.735409
23.55,7.249251,52.487164,-2.0115636e-05,0.10268278,24.736015
23.56,7.2531476,52.560223,-1.6785227e-05,0.101696186,24.736607
23.57,7.2570333,52.633305,-1.3283454e-05,0.10072486,24.737185
23.58,7.2609158,52.70647,-1.0070391e-05,0.099751554,24.737774
23.59,7.2647896,52.77962,-6.897375e-06,0.09878602,24.738346
23.6,7.2686563,52.85286,-3.6833808e-06,0.09783769,24.738916
23.61,7.2725163,52.92614,-3.9767474e-07,0.096886046,24.739485
23.62,7.276368,52.999424,2.8125942e-06,0.095944755,24.740059
23.63,7.2802124,53.07277,6.218441e-06,0.0950094,24.74062
23.64,7.2840557,53.146164,9.587966e-06,0.09408135,24.74117
23.65,7.2878847,53.219585,1.2656674e-05,0.09315253,24.741734
23.66,7.2917104,53.293056,1.6067177e-05,0.092241056,24.742285
23.67,7.295529,53.3666,1.9381754e-05,0.09132971,24.74283
23.68,7.299343,53.440178,2.2633001e-05,0.09042776,24.74337
23.69,7.303147,53.51374,2.5806949e-05,0.089535914,24.743906
23.7,7.3069453,53.587402,2.9093586e-05,0.088638864,24.744448
23.71,7.3107357,53.661064,3.2330863e-05,0.08775794,24.744978
23.72,7.3145194,53.734776,3.5698526e-05,0.08687484,24.745504
23.73,7.3182964,53.808548,3.891904e-05,0.08600115,24.746029
23.74,7.3220673,53.882362,4.2057596e-05,0.085143745,24.74655
23.75,7.32583,53.956203,4.536938e-05,0.08427745,24.747068
23.76,7.3295875,54.03009,4.8874877e-05,0.08342558,24.747578
23.77,7.333334,54.104008,5.2075833e-05,0.0825755,24.748087
23.78,7.3370786,54.177994,5.5266544e-05,0.08173394,24.74859
23.79,7.340814,54.251995,5.8338977e-05,0.08089465,24.749104
23.8,7.344542,54.326042,6.18184e-05,0.08006926,24.749605
23.81,7.348265,54.400143,6.49998e-05,0.07925224,24.750093
23.82,7.351979,54.47425,6.823614e-05,0.07842748,24.750587
23.83,7.3556886,54.548424,7.131975e-05,0.07761271,24.751078
23.84,7.35939,54.62263,7.423852e-05,0.076799825,24.751562
23.85,7.3630867,54.696888,7.7595e-05,0.07600057,24.75205
23.86,7.366774,54.771156,8.087605e-05,0.0752082,24.752527
23.87,7.370453,54.84551,8.377526e-05,0.07441208,24.753002
23.88,7.374128,54.91988,8.729007e-05,0.07363404,24.753475
23.89,7.3777947,54.99427,9.0151094e-05,0.072851464,24.753946
23.9,7.381455,55.068707,9.359419e-05,0.07207656,24.754414
23.91,7.3851075,55.143215,9.675603e-05,0.07130444,24.754877
23.92,7.3887577,55.217743,9.953976e-05,0.070543975,24.75533
23.93,7.392395,55.292297,0.00010263827,0.06978196,24.755793
23.94,7.396028,55.366882,0.00010617077,0.06903283,24.756243
23.95,7.3996553,55.441525,0.00010889489,0.06828593,24.756695
23.96,7.403273,55.516216,0.0001120884,0.06754491,24.757135
23.97,7.406886,55.59091,0.00011483207,0.066803455,24.757584
23.98,7.4104943,55.665684,0.00011789054,0.06607066,24.758024
23.99,7.4140935,55.74047,0.00012099184,0.065340534,24.758469
24.0,7.417686,55.81532,0.00012429617,0.06462023,24.758907
24.01,7.4212694,55.89018,0.00012674835,0.063905016,24.759336
24.02,7.4248486,55.965107,0.00012981147,0.06318571,24.759766
24.03,7.428421,56.04005,0.00013275445,0.06248121,24.7602
24.04,7.431984,56.11502,0.0001355093,0.06177509,24.760622
24.05,7.435544,56.190044,0.00013865624,0.061084002,24.761036
24.06,7.439095,56.265118,0.00014142413,0.060387865,24.761465
24.07,7.4426413,56.340214,0.00014414638,0.059702292,24.761877
24.08,7.446178,56.415333,0.00014691427,0.059019953,24.762291
24.09,7.4497094,56.49051,0.00014982745,0.058334887,24.762695
24.1,7.453234,56.565723,0.0001525497,0.05766338,24.763103
24.11,7.4567523,56.640976,0.00015510432,0.05699052,24.763521
24.12,7.4602613,56.716213,0.00015801936,0.056320503,24.76391
24.13,7.463766,56.791534,0.00016067736,0.055662245,24.764318
24.14,7.467264,56.8669,0.00016331486,0.054999694,24.764715
24.15,7.470755,56.9423,0.00016610604,0.054355115,24.765102
24.16,7.4742374,57.017715,0.00016855914,0.053704917,24.765497
24.17,7.4777174,57.093193,0.00017125811,0.053069487,24.765879
24.18,7.481187,57.16869,0.00017361529,0.052429944,24.766272
24.19,7.4846506,57.244236,0.00017614197,0.0517949,24.766653
24.2,7.488107,57.319798,0.00017877296,0.051162094,24.767033
24.21,7.4915557,57.395374,0.00018130429,0.05053109,24.767422
24.22,7.495002,57.47103,0.00018379185,0.0499153,24.767797
24.23,7.4984393,57.546715,0.00018615741,0.049287364,24.76816
24.24,7.5018682,57.622437,0.00018901005,0.04868506,24.768538
24.25,7.505292,57.698177,0.00019107293,0.04807128,24.768911
24.26,7.5087075,57.77397,0.00019341055,0.047468618,24.769276
24.27,7.5121207,57.849777,0.00019572582,0.04686922,24.769632
24.28,7.515524,57.92565,0.00019799732,0.04627119,24.769999
24.29,7.518922,58.00155,0.0002001794,0.04567775,24.770359
24.3,7.5223093,58.07745,0.00020262413,0.045093104,24.770716
24.31,7.5256944,58.153397,0.00020470284,0.044506997,24.771067
24.32,7.5290704,58.2294,0.00020699855,0.043929473,24.771427
24.33,7.53244,58.305428,0.00020897388,0.04334742,24.771782
24.34,7.535805,58.38149,0.00021133479,0.042777374,24.772118
24.35,7.5391617,58.457592,0.00021320488,0.04220262,24.772474
24.36,7.5425124,58.5337,0.0002153758,0.041638,24.77281
24.37,7.545859,58.609882,0.00021738466,0.041084647,24.773153
24.38,7.5491953,58.686058,0.00021953322,0.04052049,24.773493
24.39,7.5525255,58.762295,0.00022121985,0.03996864,24.773825
24.4,7.555849,58.83855,0.00022333302,0.039417014,24.774168
24.41,7.5591645,58.91485,0.00022521894,0.038873702,24.774492
24.42,7.562476,58.991184,0.00022713002,0.038325578,24.774828
24.43,7.565781,59.067562,0.00022871606,0.037792623,24.775162
24.44,7.569077,59.143974,0.00023063365,0.037248477,24.775484
24.45,7.572368,59.220387,0.00023231097,0.03672433,24.775812
24.46,7.5756555,59.296844,0.00023413822,0.03619629,24.77613
24.47,7.578931,59.373337,0.0002359245,0.035665438,24.77645
24.48,7.5822005,59.449852,0.00023730006,0.035140947,24.776773
24.49,7.5854673,59.52643,0.00023884047,0.034637198,24.777086
24.5,7.5887256,59.603004,0.00024046097,0.034117475,24.777403
24.51,7.5919747,59.67964,0.0002418533,0.033605725,24.777712
24.52,7.595221,59.7563,0.0002436135,0.033096492,24.778028
24.53,7.5984597,59.832973,0.0002449546,0.032598868,24.778324
24.54,7.601691,59.909683,0.00024646893,0.03209138,24.778635
24.55,7.604916,59.986435,0.00024770293,0.0315931,24.778944
24.56,7.6081367,60.06322,0.00024917722,0.031108215,24.779245
24.57,7.611348,60.14004,0.00025030505,0.03061083,24.779552
24.58,7.6145535,60.216877,0.00025228225,0.030128866,24.779844
24.59,7.617754,60.293762,0.00025316793,0.029645443,24.780142
24.6,7.6209455,60.370686,0.0002544662,0.029166996,24.780432
24.61,7.624133,60.44759,0.00025560893,0.028683513,24.780724
24.62,7.627311,60.524586,0.00025669206,0.028216377,24.781017
24.63,7.6304855,60.601585,0.00025786553,0.02774033,24.781315
24.64,7.6336513,60.6786,0.00025901012,0.027266964,24.781603
24.65,7.6368113,60.75566,0.00025998522,0.026805595,24.781887
24.66,7.639963,60.832752,0.00026115403,0.026344001,24.78216
24.67,7.6431117,60.90989,0.0002619559,0.025885135,24.782448
24.68,7.6462545,60.98702,0.0002630558,0.02542898,24.78273
24.69,7.6493883,61.064205,0.000263758,0.024977922,24.783014
24.7,7.652516,61.141422,0.00026459154,0.024536744,24.783283
24.71,7.6556387,61.21865,0.000265426,0.024082556,24.78357
24.72,7.658754,61.29592,0.00026639085,0.02364242,24.783842
24.73,7.6618586,61.373215,0.0002669543,0.023203626,24.784107
24.74,7.664962,61.45057,0.00026756898,0.022758648,24.784382
24.75,7.6680613,61.52792,0.0002684584,0.022332355,24.784649
24.76,7.6711473,61.605305,0.00026881788,0.021898568,24.784918
24.77,7.674232,61.682735,0.00026963186,0.021473214,24.785185
24.78,7.6773067,61.76018,0.00027008448,0.021045938,24.785439
24.79,7.680379,61.83766,0.00027073268,0.020619884,24.785713
24.8,7.6834416,61.915154,0.00027105398,0.020203233,24.785969
24.81,7.686501,61.992676,0.0002716072,0.019789606,24.78623
24.82,7.689553,62.070236,0.0002723625,0.019375712,24.78649
24.83,7.6925993,62.147842,0.0002726065,0.01896055,24.786737
24.84,7.6956367,62.225437,0.00027261395,0.018547773,24.786999
24.85,7.698668,62.303097,0.00027301908,0.018153578,24.78725
24.86,7.7016926,62.380787,0.000273522,0.01775062,24.787506
24.87,7.704714,62.458504,0.00027352571,0.017346859,24.787754
24.88,7.707726,62.536194,0.00027392805,0.016957521,24.788004
24.89,7.710731,62.613956,0.0002742298,0.016557723,24.788244
24.9,7.7137346,62.69175,0.00027418789,0.01616551,24.788492
24.91,7.7167277,62.76957,0.00027431734,0.01577808,24.788736
24.92,7.719716,62.847404,0.00027450267,0.015399367,24.78898
24.93,7.7226963,62.92527,0.0002744114,0.015014514,24.78922
24.94,7.725673,63.003174,0.00027422793,0.014632583,24.789465
24.95,7.7286425,63.08109,0.00027456693,0.014251724,24.789698
24.96,7.7316046,63.159042,0.00027445238,0.013879225,24.78994
24.97,7.7345595,63.23701,0.0002742745,0.013504177,24.790173
24.98,7.73751,63.315006,0.00027414877,0.01313737,24.790398
24.99,7.7404537,63.39306,0.00027388148,0.0127720535,24.790642
25.0,7.743391,63.471107,0.00027378835,0.01240319,24.790867
25.01,7.746324,63.549175,0.00027347356,0.012044683,24.791094
25.02,7.7492485,63.62733,0.0002734186,0.011686832,24.79133
25.03,7.7521677,63.70545,0.00027335063,0.011322781,24.791553
25.04,7.7550817,63.783615,0.00027283654,0.010973766,24.791777
25.05,7.757987,63.861794,0.0002725171,0.010620207,24.792
25.06,7.760888,63.94,0.00027225167,0.010273322,24.792227
25.07,7.76378,64.018234,0.00027164072,0.009925425,24.792448
25.08,7.7666674,64.0965,0.00027114898,0.009574339,24.792671
25.09,7.7695518,64.174805,0.0002705017,0.009240553,24.792883
25.1,7.772424,64.25312,0.00027034897,0.008897558,24.793104
25.11,7.7752953,64.33148,0.0002697399,0.008558109,24.79332
25.12,7.7781587,64.409836,0.0002690358,0.00822486,24.793537
25.13,7.7810135,64.488205,0.00026861764,0.00789623,24.793753
25.14,7.7838664,64.566635,0.00026822276,0.007558301,24.793959
25.15,7.78671,64.64507,0.00026722904,0.0072375536,24.794178
25.16,7.7895494,64.72354,0.00026665907,0.0069192946,24.794388
25.17,7.7923827,64.80205,0.00026620552,0.0065930784,24.794596
25.18,7.795208,64.88058,0.00026513543,0.0062737614,24.794798
25.19,7.7980266,64.95911,0.00026441086,0.0059536546,24.79501
25.2,7.8008413,65.03768,0.00026377942,0.00563623,24.795216
25.21,7.803648,65.11626,0.00026290957,0.0053209513,24.79542
25.22,7.8064504,65.194855,0.00026216544,0.0050101876,24.795612
25.23,7.809246,65.27351,0.0002611503,0.004699886,24.795824
25.24,7.812036,65.35219,0.0002603233,0.0043923557,24.796024
25.25,7.8148203,65.43088,0.00025960244,0.004088983,24.796219
25.26,7.817599,65.509605,0.00025852304,0.0037883967,24.796412
25.27,7.820369,65.588326,0.0002575675,0.0034920424,24.796614
25.28,7.8231344,65.66711,0.0002566008,0.0032006055,24.796803
25.29,7.8258915,65.74588,0.00025555957,0.0029051453,24.797
25.3,7.828645,65.82469,0.0002547335,0.0026107281,24.797194
25.31,7.8313932,65.90352,0.00025379937,0.0023130625,24.797388
25.32,7.834134,65.982376,0.000252611,0.0020267665,24.79758
25.33,7.8368683,66.061264,0.00025158282,0.0017370731,24.797771
25.34,7.839597,66.140144,0.0002505649,0.0014533997,24.797962
25.35,7.8423214,66.21909,0.00024923217,0.0011761487,24.798147
25.36,7.8450375,66.298035,0.00024828408,0.00089354813,24.79834
25.37,7.847749,66.37702,0.00024719164,0.0006171167,24.79852
25.38,7.8504534,66.45599,0.00024598185,0.0003389567,24.798706
25.39,7.8531528,66.53501,0.0002449248,7.4237585e-05,24.798885
25.4,7.855844,66.61406,0.0002437178,-0.00019907951,24.799068
25.41,7.858531,66.69314,0.0002423292,-0.00047290325,24.79926
25.42,7.8612127,66.77224,0.00024110638,-0.0007378459,24.799425
25.43,7.8638844,66.85133,0.00024003349,-0.0010077059,24.799604
25.44,7.866557,66.93046,0.00023861788,-0.0012632608,24.799786
25.45,7.8692193,67.00962,0.0002373932,-0.0015240014,24.799963
25.46,7.8718734,67.08876,0.00023597665,-0.0017851144,24.800144
25.47,7.8745227,67.16799,0.00023478549,-0.0020457953,24.800316
25.48,7.8771715,67.24722,0.00023335218,-0.002297774,24.80049
25.49,7.8798103,67.32646,0.00023204461,-0.0025472343,24.80066
25.5,7.8824434,67.40572,0.00023066904,-0.0028045028,24.800829
25.51,7.8850713,67.485,0.00022944529,-0.0030474514,24.800995
25.52,7.8876925,67.56433,0.00022792816,-0.0032932162,24.801172
25.53,7.8903065,67.64368,0.00022651535,-0.0035392493,24.801342
25.54,7.8929186,67.72305,0.00022513513,-0.0037792325,24.80151
25.55,7.895522,67.8024,0.00022375956,-0.004020214,24.801678
25.56,7.898117,67.8818,0.00022244826,-0.0042625517,24.80184
25.57,7.900712,67.9612,0.00022091344,-0.004493639,24.80201
25.58,7.9032984,68.040695,0.00021953229,-0.004729986,24.802162
25.59,7.9058785,68.12014,0.00021808874,-0.004957184,24.802324
25.6,7.9084535,68.19959,0.00021697767,-0.005195275,24.802488
25.61,7.911022,68.2791,0.00021489337,-0.005417794,24.80265
25.62,7.9135847,68.35863,0.00021412037,-0.005647838,24.802813
25.63,7.916143,68.43821,0.00021224376,-0.005867943,24.802965
25.64,7.918693,68.51778,0.00021100976,-0.0060949177,24.803123
25.65,7.921237,68.59734,0.00020912476,-0.0063141733,24.803284
25.66,7.923776,68.67696,0.00020770915,-0.006537214,24.803436
25.67,7.9263105,68.7566,0.00020654313,-0.0067521036,24.803598
25.68,7.9288373,68.83628,0.00020493008,-0.006964907,24.803743
25.69,7.931361,68.91593,0.00020349864,-0.0071821064,24.803898
25.7,7.9338765,68.995636,0.00020199455,-0.007389754,24.804045
25.71,7.936388,69.07535,0.00020064786,-0.007595271,24.804205
25.72,7.9388914,69.155106,0.00019914564,-0.007801518,24.804346
25.73,7.9413915,69.234856,0.00019772071,-0.0080141425,24.804508
25.74,7.943884,69.314644,0.00019617751,-0.008222491,24.80464
25.75,7.9463716,69.39445,0.00019452814,-0.008422568,24.804798
25.76,7.948853,69.47426,0.00019291695,-0.008622587,24.804947
25.77,7.951331,69.55409,0.00019158609,-0.0088208765,24.805086
25.78,7.9537997,69.63396,0.00019025989,-0.009020224,24.805239
25.79,7.956264,69.713844,0.00018895883,-0.009216547,24.805376
25.8,7.958725,69.79375,0.00018736906,-0.009409457,24.805523
25.81,7.961176,69.873665,0.00018584076,-0.009590194,24.805656
25.82,7.9636226,69.953606,0.00018442422,-0.009787992,24.805801
25.83,7.9660645,70.03356,0.00018281117,-0.009973198,24.805939
25.84,7.968501,70.11355,0.00018150918,-0.010157496,24.806074
25.85,7.9709315,70.19354,0.00018012896,-0.010346055,24.806223
25.86,7.973355,70.2736,0.00017864816,-0.010527223,24.806358
25.87,7.9757757,70.35364,0.00017714966,-0.010706648,24.80649
25.88,7.9781876,70.4337,0.00017555244,-0.010885015,24.806631
25.89,7.9805956,70.513756,0.00017446745,-0.011067927,24.806759
25.9,7.9829965,70.59388,0.00017285626,-0.011247098,24.806894
25.91,7.9853945,70.67402,0.00017169956,-0.011415914,24.807034
25.92,7.987785,70.75415,0.00017006695,-0.011588335,24.807156
25.93,7.9901686,70.83432,0.00016892422,-0.011762053,24.807293
25.94,7.9925485,70.9145,0.00016746856,-0.011932448,24.807419
25.95,7.9949217,70.99469,0.00016596355,-0.012102634,24.807549
25.96,7.9972906,71.074905,0.00016458705,-0.012261793,24.807667
25.97,7.9996543,71.15518,0.00016340427,-0.012432694,24.807802
25.98,8.002014,71.23544,0.00016191136,-0.012592286,24.807928
25.99,8.004363,71.31569,0.00016096793,-0.012749508,24.808052
26.0,8.006707,71.396,0.00015942566,-0.012919277,24.808178
26.01,8.00905,71.47634,0.0001579877,-0.013070717,24.80831
26.02,8.011384,71.556694,0.00015688129,-0.01322937,24.808435
26.03,8.013713,71.63705,0.00015566684,-0.013387248,24.808544
26.04,8.016035,71.71742,0.00015426613,-0.013542324,24.80867
26.05,8.018354,71.79783,0.0001532305,-0.013693705,24.808794
26.06,8.020665,71.87823,0.00015188474,-0.013842151,24.808924
26.07,8.022972,71.958694,0.00015055854,-0.013992637,24.809036
26.08,8.025273,72.03915,0.00014940556,-0.014132068,24.809153
26.09,8.027569,72.11959,0.00014862046,-0.014282271,24.809269
26.1,8.0298605,72.20011,0.00014758576,-0.014428243,24.80938
26.11,8.0321455,72.280624,0.00014630798,-0.014565408,24.809496
26.12,8.034425,72.361176,0.00014520902,-0.014706105,24.809614
26.13,8.0366955,72.4417,0.00014389679,-0.0148509,24.809727
26.14,8.038965,72.52227,0.00014312379,-0.014986083,24.809849
26.15,8.041227,72.602844,0.00014206581,-0.015121415,24.809956
26.16,8.043487,72.68349,0.00014084484,-0.01526013,24.810068
26.17,8.045737,72.76411,0.0001400141,-0.015394539,24.810179
26.18,8.047985,72.84477,0.00013872422,-0.015525848,24.81029
26.19,8.050226,72.92544,0.00013793446,-0.015658468,24.810394
26.2,8.052463,73.00613,0.0001370078,-0.015791908,24.810509
26.21,8.054691,73.086815,0.00013599079,-0.015913725,24.810616
26.22,8.056916,73.167534,0.00013514888,-0.016044334,24.810722
26.23,8.059136,73.2483,0.00013444852,-0.016171575,24.81082
26.24,8.061349,73.329025,0.00013339613,-0.016287684,24.810928
26.25,8.063558,73.40983,0.00013242848,-0.016411796,24.81104
26.26,8.065761,73.490616,0.00013156421,-0.016537428,24.81114
26.27,8.067959,73.57144,0.00013087131,-0.016655385,24.811241
26.28,8.070151,73.65227,0.00012982264,-0.016774118,24.811344
26.29,8.072338,73.73314,0.00012951251,-0.016885951,24.811443
26.3,8.074519,73.81402,0.00012874603,-0.016997442,24.81155
26.31,8.076693,73.89489,0.00012804009,-0.017122105,24.811647
26.32,8.078866,73.9758,0.00012715813,-0.017232418,24.81175
26.33,8.081031,74.05671,0.00012652483,-0.017342731,24.811846
26.34,8.08319,74.137695,0.00012618024,-0.017459974,24.811941
26.35,8.085347,74.21865,0.00012532994,-0.017562225,24.812033
26.36,8.087497,74.299644,0.0001247786,-0.01767306,24.81214
26.37,8.089641,74.38066,0.0001241602,-0.017770156,24.81223
26.38,8.091777,74.46166,0.0001237113,-0.017882764,24.812328
26.39,8.093909,74.54272,0.00012312084,-0.017981753,24.812414
26.4,8.096038,74.62378,0.00012253132,-0.018088296,24.812504
26.41,8.098162,74.70488,0.00012241676,-0.018187791,24.812605
26.42,8.100278,74.78594,0.000121826306,-0.018287405,24.812698
26.43,8.102393,74.86707,0.00012168661,-0.018387973,24.812775
26.44,8.104498,74.94821,0.00012099091,-0.018494517,24.812868
26.45,8.1066,75.02937,0.000120418146,-0.018581048,24.812962
26.46,8.108697,75.11053,0.00012014434,-0.018668205,24.813046
26.47,8.110787,75.191696,0.00011996087,-0.01877205,24.813133
26.48,8.112873,75.272934,0.000119747594,-0.018860474,24.813221
26.49,8.114955,75.35415,0.000119551085,-0.018956661,24.813309
26.5,8.11703,75.435425,0.00011918228,-0.019041538,24.81339
26.51,8.119099,75.51667,0.000118952245,-0.019139677,24.81347
26.52,8.121163,75.597984,0.000118861906,-0.019228995,24.81356
26.53,8.123223,75.679276,0.00011884235,-0.019314408,24.813635
26.54,8.125278,75.760574,0.00011869054,-0.01939866,24.813719
26.55,8.127326,75.84193,0.00011837296,-0.019480258,24.813803
26.56,8.129374,75.92329,0.000118692406,-0.019562647,24.813877
26.57,8.131411,76.004654,0.00011839345,-0.01965186,24.813963
26.58,8.133445,76.08605,0.000118375756,-0.019722015,24.814043
26.59,8.135473,76.16747,0.00011845026,-0.01980643,24.81412
26.6,8.137497,76.24891,0.00011832919,-0.01988396,24.814188
26.61,8.139515,76.33035,0.00011849869,-0.019965068,24.81427
26.62,8.141528,76.41185,0.00011864584,-0.020036295,24.814344
26.63,8.143537,76.49332,0.00011852663,-0.02011615,24.814423
26.64,8.145539,76.5748,0.000119163655,-0.020196497,24.814495
26.65,8.147538,76.656334,0.000119008124,-0.020264715,24.814573
26.66,8.14953,76.73787,0.0001193285,-0.020339489,24.814642
26.67,8.151518,76.81943,0.00011932757,-0.020404384,24.81471
26.68,8.153499,76.901024,0.00011947192,-0.020477965,24.814787
26.69,8.155475,76.98263,0.00012008101,-0.020549893,24.814852
26.7,8.157451,77.06424,0.0001202235,-0.020613551,24.814913
26.71,8.159416,77.14582,0.000120354816,-0.020689353,24.814995
26.72,8.161378,77.22749,0.00012049638,-0.020751238,24.815052
26.73,8.163335,77.30918,0.000121199526,-0.020810217,24.81512
26.74,8.165289,77.39087,0.00012163259,-0.0208842,24.815193
26.75,8.167237,77.4726,0.00012196414,-0.020942912,24.81526
26.76,8.169177,77.55428,0.0001222128,-0.02100116,24.815325
26.77,8.171112,77.636055,0.00012250058,-0.0210637,24.815388
26.78,8.173044,77.7178,0.00012331456,-0.021121904,24.815456
26.79,8.174973,77.79958,0.00012373924,-0.021181628,24.815517
26.8,8.176893,77.88139,0.0001242375,-0.021241605,24.81557
26.81,8.178811,77.9632,0.00012475532,-0.02129659,24.815632
26.82,8.180723,78.04501,0.00012526754,-0.021353781,24.815699
26.83,8.18263,78.12692,0.00012598932,-0.021407306,24.815758
26.84,8.184531,78.20879,0.00012646616,-0.021458,24.815813
26.85,8.186429,78.29064,0.00012705661,-0.02151759,24.815872
26.86,8.188322,78.372574,0.00012771133,-0.02156505,24.815928
26.87,8.190209,78.45452,0.00012848899,-0.021621868,24.815985
26.88,8.19209,78.53644,0.00012892485,-0.021669582,24.816038
26.89,8.193967,78.61842,0.00012973137,-0.021721229,24.816101
26.9,8.19584,78.7004,0.00013083126,-0.021771193,24.816145
26.91,8.197705,78.78239,0.00013117865,-0.02182597,24.816208
26.92,8.199571,78.86441,0.00013183802,-0.021866217,24.816257
26.93,8.2014265,78.94646,0.00013286527,-0.021915749,24.816305
26.94,8.203281,79.02853,0.00013349857,-0.021963269,24.816357
26.95,8.20513,79.11058,0.00013432931,-0.021999195,24.816406
26.96,8.206972,79.19267,0.00013526436,-0.022046179,24.81646
26.97,8.208813,79.27479,0.00013603829,-0.022087052,24.816505
26.98,8.210644,79.35693,0.00013701525,-0.022130981,24.816551
26.99,8.212473,79.43909,0.0001376979,-0.022175595,24.816608
27.0,8.214296,79.521255,0.00013867393,-0.02221927,24.816654
27.01,8.216113,79.60344,0.00013962667,-0.022255585,24.816694
27.02,8.217929,79.68565,0.00014032703,-0.022291034,24.816746
27.03,8.219736,79.76786,0.00014136918,-0.022329062,24.816788
27.04,8.22154,79.85011,0.00014253706,-0.022369683,24.816818
27.05,8.223338,79.93235,0.00014347676,-0.02240631,24.81687
27.06,8.225139,80.01464,0.00014402531,-0.02243562,24.816902
27.07,8.226927,80.096924,0.00014532823,-0.022475839,24.81695
27.08,8.228712,80.17926,0.00014625397,-0.022506803,24.816996
27.09,8.230491,80.26159,0.00014711823,-0.022547245,24.81704
27.1,8.232266,80.34391,0.00014842208,-0.022574723,24.817072
27.11,8.234037,80.42627,0.00014952384,-0.022607714,24.817108
27.12,8.235805,80.508705,0.00015030894,-0.022638842,24.81715
27.13,8.237566,80.59107,0.00015113316,-0.022662595,24.817184
27.14,8.239322,80.6735,0.00015255343,-0.022696838,24.817215
27.15,8.241075,80.75593,0.00015342887,-0.022728264,24.817253
27.16,8.242822,80.83842,0.0001544794,-0.022756457,24.81729
27.17,8.244565,80.92087,0.00015561003,-0.022782996,24.817322
27.18,8.246304,81.00338,0.00015643891,-0.022808209,24.817354
27.19,8.248035,81.085915,0.00015759189,-0.022838831,24.817385
27.2,8.249766,81.168434,0.00015877001,-0.022864535,24.817423
27.21,8.251488,81.25097,0.0001598224,-0.022892848,24.81745
27.22,8.253208,81.33356,0.00016085058,-0.022913769,24.81748
27.23,8.254925,81.416145,0.00016213395,-0.022936478,24.817509
27.24,8.256634,81.49878,0.00016327016,-0.022963569,24.817535
27.25,8.25834,81.58137,0.0001643328,-0.022982165,24.81756
27.26,8.260042,81.66404,0.00016518682,-0.023003623,24.817589
27.27,8.261737,81.74668,0.00016643293,-0.023025855,24.817621
27.28,8.26343,81.82938,0.00016741268,-0.023047283,24.81764
27.29,8.265118,81.912094,0.0001684986,-0.023065835,24.817667
27.3,8.266797,81.994774,0.00016972702,-0.02308333,24.817688
27.31,8.268477,82.07756,0.00017079897,-0.023099199,24.817707
27.32,8.270151,82.16028,0.0001719119,-0.02311948,24.817734
27.33,8.27182,82.24309,0.00017300807,-0.023131803,24.817757
27.34,8.273483,82.32585,0.00017382391,-0.023151472,24.817772
27.35,8.275146,82.408676,0.00017516501,-0.023171172,24.817791
27.36,8.276799,82.49151,0.00017603207,-0.023186132,24.817816
27.37,8.27845,82.57438,0.00017720368,-0.023204029,24.817831
27.38,8.280097,82.65719,0.0001782095,-0.023217857,24.817862
27.39,8.28174,82.74009,0.0001794491,-0.023229942,24.81787
27.4,8.283377,82.82299,0.00018017925,-0.023248255,24.817886
27.41,8.28501,82.90592,0.00018130243,-0.023251563,24.817902
27.42,8.286637,82.98886,0.00018228777,-0.023273692,24.817917
27.43,8.288264,83.07184,0.00018343702,-0.023283496,24.817926
27.44,8.289885,83.1548,0.00018449407,-0.023290709,24.817942
27.45,8.2915,83.2378,0.0001852531,-0.023299411,24.81795
27.46,8.293109,83.32078,0.00018640608,-0.023309976,24.817957
27.47,8.294716,83.40388,0.00018734206,-0.023324713,24.817972
27.48,8.296316,83.486885,0.00018814486,-0.023335189,24.81799
27.49,8.297916,83.569984,0.00018934533,-0.023340017,24.818003
27.5,8.29951,83.65302,0.00019017514,-0.023352921,24.818012
27.51,8.3011,83.73615,0.00019105803,-0.02335833,24.818016
27.52,8.302683,83.81925,0.00019198377,-0.023371592,24.81802
27.53,8.304265,83.90242,0.00019275863,-0.023376018,24.818031
27.54,8.305839,83.985596,0.00019374955,-0.023382902,24.81803
27.55,8.307411,84.06876,0.00019456912,-0.023382485,24.818033
27.56,8.308978,84.15195,0.00019533187,-0.0233915,24.81804
27.57,8.310538,84.23516,0.00019605178,-0.023391783,24.818048
27.58,8.312099,84.3184,0.00019703805,-0.023403779,24.818045
27.59,8.313655,84.40164,0.00019767322,-0.023406684,24.81805
27.6,8.315202,84.48493,0.0001985319,-0.02341102,24.818052
27.61,8.316751,84.56823,0.00019909535,-0.023412406,24.818058
27.62,8.318291,84.65151,0.00019989442,-0.023418114,24.818052
27.63,8.319829,84.73488,0.00020074658,-0.023419231,24.818052
27.64,8.321363,84.81821,0.0002015559,-0.023421913,24.818056
27.65,8.322891,84.901566,0.0002020374,-0.02342102,24.81805
27.66,8.324414,84.98491,0.00020253565,-0.023428395,24.818047
27.67,8.325937,85.06835,0.00020296592,-0.023425087,24.818047
27.68,8.327451,85.15176,0.00020384602,-0.02343136,24.818043
27.69,8.328962,85.2352,0.00020422414,-0.023428172,24.818035
27.7,8.330471,85.31866,0.00020496361,-0.023422837,24.81803
27.71,8.331975,85.4021,0.00020541437,-0.023425639,24.818024
27.72,8.333475,85.48561,0.00020578783,-0.02343285,24.818016
27.73,8.3349695,85.56911,0.00020608772,-0.0234337,24.818014
27.74,8.336462,85.65264,0.0002069464,-0.023433447,24.818003
27.75,8.337949,85.73621,0.00020717643,-0.023428485,24.817993
27.76,8.339431,85.819756,0.00020750612,-0.023427397,24.817982
27.77,8.340909,85.90334,0.00020775385,-0.02343218,24.81798
27.78,8.342385,85.98695,0.00020798575,-0.023421064,24.817955
27.79,8.343856,86.070564,0.00020874664,-0.023423597,24.817947
27.8,8.345322,86.154236,0.00020874385,-0.023416236,24.81794
27.81,8.346783,86.23786,0.00020889379,-0.023411557,24.81793
27.82,8.348242,86.32151,0.00020906143,-0.023418352,24.817907
27.83,8.349695,86.405235,0.00020917784,-0.023410603,24.817898
27.84,8.351147,86.488945,0.00020941906,-0.023405164,24.817879
27.85,8.352593,86.572685,0.00020959601,-0.023402095,24.817863
27.86,8.354037,86.656395,0.00020981021,-0.023405328,24.817844
27.87,8.3554735,86.740204,0.0002094591,-0.023398742,24.81783
27.88,8.356908,86.823975,0.00020958018,-0.023392886,24.817812
27.89,8.3583355,86.907776,0.00020962022,-0.023388997,24.817797
27.9,8.359764,86.99161,0.00020956807,-0.023382068,24.817781
27.91,8.361187,87.07545,0.00020940881,-0.023373812,24.81775
27.92,8.362603,87.1593,0.00020954199,-0.023374736,24.817741
27.93,8.3640175,87.243195,0.00020925049,-0.02337198,24.817717
27.94,8.365428,87.327095,0.0002089208,-0.023364931,24.8177
27.95,8.366833,87.411,0.00020849332,-0.023362145,24.817675
27.96,8.368234,87.494934,0.00020846538,-0.02335456,24.817644
27.97,8.369633,87.578865,0.00020826701,-0.02334848,24.817617
27.98,8.371025,87.66285,0.00020807236,-0.023348168,24.817604
27.99,8.372419,87.74682,0.0002075471,-0.023335919,24.817577
28.0,8.373804,87.830826,0.00020716246,-0.023332149,24.817556
28.01,8.375187,87.91487,0.00020658039,-0.023328751,24.817526
28.02,8.376568,87.99889,0.0002064379,-0.023328498,24.8175
28.03,8.377941,88.08296,0.00020578597,-0.023313195,24.81747
28.04,8.379313,88.16702,0.00020508654,-0.02330634,24.817444
28.05,8.380678,88.251114,0.00020469632,-0.023308843,24.817411
28.06,8.382042,88.335236,0.00020395592,-0.02330099,24.817394
28.07,8.383402,88.41936,0.00020338688,-0.023291275,24.817362
28.08,8.384758,88.50352,0.0002027005,-0.02328682,24.817326
28.09,8.386109,88.587654,0.00020199176,-0.023284242,24.817297
28.1,8.387456,88.67188,0.00020107627,-0.023279548,24.817272
28.11,8.388801,88.756065,0.00020051561,-0.023275629,24.81723
28.12,8.3901415,88.84027,0.00019966532,-0.023269728,24.817202
28.13,8.391476,88.9245,0.0001988355,-0.02326478,24.817173
28.14,8.392812,89.008766,0.00019789394,-0.023255765,24.817144
28.15,8.394136,89.09307,0.00019687507,-0.023249581,24.81711
28.16,8.395462,89.17734,0.000196198,-0.023242787,24.817068
28.17,8.396786,89.26165,0.00019507669,-0.02324289,24.817036
28.18,8.398102,89.34596,0.0001940839,-0.023235887,24.817005
28.19,8.399414,89.43034,0.00019296259,-0.023235455,24.816969
28.2,8.400725,89.51474,0.00019169971,-0.023226723,24.816936
28.21,8.402033,89.59907,0.00019072928,-0.023227558,24.816893
28.22,8.403332,89.683464,0.00018940587,-0.02322635,24.816862
28.23,8.40463,89.7679,0.00018828269,-0.023215696,24.816826
28.24,8.405928,89.85234,0.00018725265,-0.02320923,24.816784
28.25,8.407219,89.93678,0.00018547475,-0.023205757,24.816744
28.26,8.408506,90.02124,0.00018450059,-0.023201615,24.816702
28.27,8.409789,90.10576,0.00018305611,-0.02320145,24.816675
28.28,8.411068,90.19027,0.00018162373,-0.023199037,24.816628
28.29,8.412346,90.27478,0.00018047914,-0.023199305,24.816586
28.3,8.413615,90.35932,0.00017878879,-0.023197845,24.816547
28.31,8.414886,90.44385,0.00017743278,-0.023190826,24.816511
28.32,8.416152,90.52844,0.00017609727,-0.023194551,24.816465
28.33,8.417415,90.61305,0.00017434545,-0.023188204,24.816423
28.34,8.41867,90.697655,0.00017285254,-0.023188576,24.816381
28.35,8.419924,90.782265,0.00017153937,-0.02318868,24.816341
28.36,8.421176,90.86693,0.00016946252,-0.023184806,24.816286
28.37,8.422423,90.95158,0.00016790442,-0.023187816,24.816254
28.38,8.423665,91.036224,0.0001663575,-0.023185864,24.816206
28.39,8.424909,91.12095,0.00016463082,-0.023184761,24.816168
28.4,8.426141,91.20566,0.00016289111,-0.023186147,24.816118
28.41,8.427375,91.29037,0.00016128458,-0.023193419,24.816074
28.42,8.428604,91.37513,0.00015908107,-0.023190647,24.81602
28.43,8.429829,91.45991,0.00015752763,-0.023191825,24.815985
28.44,8.4310465,91.54469,0.0001557041,-0.02319637,24.815945
28.45,8.432268,91.62949,0.00015398115,-0.023197442,24.815895
28.46,8.433482,91.71427,0.00015205331,-0.023203433,24.815857
28.47,8.434693,91.799095,0.00015021209,-0.023210838,24.815802
28.48,8.435901,91.88395,0.00014816038,-0.023211777,24.81576
28.49,8.437104,91.96883,0.00014638901,-0.023217082,24.815706
28.5,8.438304,92.053696,0.00014432985,-0.023225635,24.815655
28.51,8.439501,92.13858,0.00014234055,-0.023226365,24.815619
28.52,8.440694,92.223495,0.00014025997,-0.023229405,24.815565
28.53,8.441881,92.30841,0.00013826694,-0.023245946,24.815521
28.54,8.443068,92.39337,0.00013622921,-0.023250654,24.815472
28.55,8.444252,92.478294,0.0001342129,-0.023254499,24.815424
28.56,8.445431,92.563286,0.00013221893,-0.023271605,24.815376
28.57,8.446605,92.64827,0.00012994185,-0.023279443,24.815323
28.58,8.447776,92.73327,0.00012799911,-0.023283586,24.815273
28.59,8.448944,92.81829,0.00012579747,-0.023300514,24.815228
28.6,8.450107,92.903336,0.00012369081,-0.02331397,24.81518
28.61,8.45127,92.98839,0.000121649355,-0.023321003,24.815132
28.62,8.452428,93.07346,0.000119389035,-0.02333498,24.815075
28.63,8.453581,93.158485,0.00011694245,-0.023351103,24.815025
28.64,8.454732,93.24362,0.00011477526,-0.023359403,24.814976
28.65,8.45588,93.328705,0.00011296291,-0.023372307,24.814926
28.66,8.457023,93.413895,0.00011052843,-0.023391455,24.814878
28.67,8.458163,93.49898,0.00010833796,-0.02340877,24.814829
28.68,8.4593,93.58413,0.00010621734,-0.023425177,24.814774
28.69,8.460435,93.66931,0.000103975646,-0.023441002,24.81473
28.7,8.461563,93.75445,0.00010183081,-0.023457572,24.814674
28.71,8.462689,93.83964,9.948667e-05,-0.023476139,24.814627
28.72,8.463811,93.92487,9.7340904e-05,-0.02349484,24.81457
28.73,8.464932,94.010086,9.514112e-05,-0.023514584,24.814528
28.74,8.466048,94.09533,9.295717e-05,-0.023535222,24.814474
28.75,8.46716,94.180565,9.060558e-05,-0.023563161,24.81442
28.76,8.468269,94.265816,8.8144094e-05,-0.023578957,24.814379
28.77,8.469374,94.35111,8.6082146e-05,-0.023605362,24.81432
28.78,8.470476,94.436386,8.380972e-05,-0.023631543,24.814274
28.79,8.471576,94.52169,8.166209e-05,-0.023651317,24.814228
28.8,8.47267,94.60695,7.9498626e-05,-0.023680404,24.814177
28.81,8.473764,94.69231,7.7631325e-05,-0.023703367,24.81412
28.82,8.474852,94.77764,7.523596e-05,-0.023736343,24.814068
28.83,8.475936,94.862976,7.300638e-05,-0.023764238,24.814022
28.84,8.477017,94.9483,7.076748e-05,-0.023788095,24.813969
28.85,8.478092,95.033676,6.863661e-05,-0.023812652,24.813915
28.86,8.47917,95.11907,6.6309236e-05,-0.023845553,24.813862
28.87,8.480239,95.204475,6.406661e-05,-0.023876578,24.813818
28.88,8.48131,95.289795,6.204285e-05,-0.023909092,24.813766
28.89,8.482372,95.37524,6.0035847e-05,-0.02394268,24.813719
28.9,8.483434,95.46066,5.796645e-05,-0.023978263,24.813667
28.91,8.484492,95.54609,5.5873767e-05,-0.024013594,24.813623
28.92,8.485548,95.6315,5.3728e-05,-0.02404584,24.813566
28.93,8.486598,95.71693,5.180575e-05,-0.024082527,24.81351
28.94,8.487647,95.8024,4.966557e-05,-0.02412206,24.813456
28.95,8.48869,95.88783,4.7557987e-05,-0.024156064,24.813427
28.96,8.489732,95.9733,4.5558438e-05,-0.024201035,24.813364
28.97,8.490771,96.05879,4.3649226e-05,-0.024235502,24.813322
28.98,8.491803,96.14431,4.1823834e-05,-0.02427645,24.813261
28.99,8.492834,96.22972,3.9804727e-05,-0.024316102,24.813217
29.0,8.49386,96.31527,3.7706457e-05,-0.024355903,24.81317
29.01,8.494887,96.40074,3.613066e-05,-0.024404123,24.813122
29.02,8.495906,96.48624,3.4122728e-05,-0.02445142,24.813072
29.03,8.496925,96.57174,3.2446347e-05,-0.024486125,24.813026
29.04,8.497939,96.657265,3.0403957e-05,-0.024537116,24.812975
29.05,8.498951,96.7428,2.8771348e-05,-0.024580583,24.812935
29.06,8.499959,96.8283,2.6988797e-05,-0.024626613,24.812885
29.07,8.500962,96.91384,2.539996e-05,-0.024674803,24.812838
29.08,8.5019655,96.99938,2.3607165e-05,-0.02472639,24.812792
29.09,8.502965,97.0849,2.1792017e-05,-0.024775118,24.812742
29.1,8.503958,97.17044,2.0148233e-05,-0.02482225,24.812693
29.11,8.504948,97.25598,1.8698163e-05,-0.024872497,24.812645
29.12,8.505937,97.341515,1.705531e-05,-0.024919257,24.812597
29.13,8.506922,97.427025,1.5538186e-05,-0.02497752,24.812548
29.14,8.507904,97.512596,1.3813376e-05,-0.02502866,24.81251
29.15,8.508881,97.598114,1.2798235e-05,-0.025086835,24.81247
29.16,8.509857,97.683685,1.11199915e-05,-0.025137126,24.812414
29.17,8.510829,97.76918,9.981915e-06,-0.025191575,24.812363
29.18,8.511798,97.85472,8.40053e-06,-0.025247961,24.812328
29.19,8.51276,97.9403,7.1031973e-06,-0.025300816,24.812296
29.2,8.513727,98.02583,5.8282167e-06,-0.025362775,24.812233
29.21,8.514685,98.111374,4.7767535e-06,-0.025415331,24.812197
29.22,8.51564,98.196884,3.3127144e-06,-0.025474295,24.812151
29.23,8.516594,98.282394,2.2957101e-06,-0.025529146,24.812101
29.24,8.517548,98.36791,1.0225922e-06,-0.025589615,24.812056
29.25,8.51849,98.45347,1.5646219e-07,-0.025647864,24.81202
29.26,8.519431,98.53893,-1.0756776e-06,-0.025708854,24.811985
29.27,8.520377,98.62445,-2.1457672e-06,-0.025774732,24.811943
29.28,8.521314,98.709984,-2.884306e-06,-0.025837153,24.8119
29.29,8.522246,98.79549,-3.9106235e-06,-0.025888115,24.811853
29.3,8.523176,98.88092,-4.7078356e-06,-0.025955185,24.811817
29.31,8.524105,98.96638,-5.5097044e-06,-0.026014954,24.811771
29.32,8.525028,99.05182,-6.4084306e-06,-0.026077718,24.811726
29.33,8.525951,99.137314,-7.1534887e-06,-0.026139587,24.811691
29.34,8.526872,99.22275,-7.677823e-06,-0.026206627,24.811653
29.35,8.527785,99.30818,-8.4433705e-06,-0.026275232,24.81161
29.36,8.528699,99.39364,-9.180978e-06,-0.026340306,24.811565
29.37,8.529606,99.479,-9.743497e-06,-0.02639775,24.81153
29.38,8.530515,99.564384,-1.0238029e-05,-0.026465371,24.811493
29.39,8.531417,99.649734,-1.1030585e-05,-0.026532277,24.811457
29.4,8.532317,99.73514,-1.1203811e-05,-0.026595265,24.811419
29.41,8.5332155,99.82052,-1.1728145e-05,-0.02665548,24.811378
29.42,8.534109,99.90579,-1.2064353e-05,-0.026723638,24.811335
29.43,8.535,99.99115,-1.237262e-05,-0.026783735,24.811306
29.44,8.53589,100.07642,-1.2885779e-05,-0.02685596,24.811266
29.45,8.536774,100.16171,-1.3177283e-05,-0.026916385,24.811224
29.46,8.537659,100.24693,-1.3243407e-05,-0.02698262,24.811193
29.47,8.538537,100.332184,-1.3335608e-05,-0.027046263,24.81116
29.48,8.5394125,100.41743,-1.3504177e-05,-0.02711612,24.811125
29.49,8.540291,100.50259,-1.3736077e-05,-0.02717039,24.811089
29.5,8.541161,100.58781,-1.3851561e-05,-0.027232006,24.811054
29.51,8.542032,100.672905,-1.3887882e-05,-0.0272941,24.811012
29.52,8.542893,100.75806,-1.3851561e-05,-0.027357772,24.810982
29.53,8.543756,100.84315,-1.4030375e-05,-0.027419522,24.810947
29.54,8.54462,100.928215,-1.3824552e-05,-0.02748394,24.81091
29.55,8.545473,101.013245,-1.3886951e-05,-0.02754873,24.81088
29.56,8.546327,101.09825,-1.3620593e-05,-0.027606994,24.810846
29.57,8.547178,101.18325,-1.35190785e-05,-0.02766949,24.810818
29.58,8.548029,101.26818,-1.3326295e-05,-0.027726918,24.810778
29.59,8.548875,101.35312,-1.3186596e-05,-0.027781308,24.810751
29.6,8.549717,101.43798,-1.28299e-05,-0.02784364,24.810713
29.61,8.55056,101.52288,-1.2458302e-05,-0.027896643,24.810682
29.62,8.551396,101.60767,-1.2276694e-05,-0.027955025,24.81065
29.63,8.552236,101.69244,-1.2009405e-05,-0.028010935,24.810617
29.64,8.553065,101.777245,-1.1684373e-05,-0.028063104,24.810581
29.65,8.553897,101.86193,-1.1320226e-05,-0.028122813,24.81055
29.66,8.554724,101.94659,-1.11488625e-05,-0.02817218,24.810522
29.67,8.55555,102.03123,-1.0835938e-05,-0.028220817,24.810484
29.68,8.55637,102.11586,-1.0341406e-05,-0.028271392,24.810457
29.69,8.557193,102.20041,-9.923242e-06,-0.0283183,24.810429
29.7,8.558009,102.284935,-9.539537e-06,-0.028370604,24.81039
29.71,8.558825,102.36941,-9.23872e-06,-0.028415188,24.81037
29.72,8.559637,102.45379,-8.557923e-06,-0.028456494,24.810337
29.73,8.560446,102.538185,-8.194707e-06,-0.028498724,24.810303
29.74,8.561252,102.6225,-7.708557e-06,-0.028540373,24.81027
29.75,8.562058,102.70679,-7.491559e-06,-0.028578773,24.810244
29.76,8.562862,102.79101,-6.8210065e-06,-0.028612196,24.810207
29.77,8.563663,102.87522,-6.372109e-06,-0.028650373,24.810179
29.78,8.564461,102.959366,-5.7639554e-06,-0.02868025,24.810148
29.79,8.565255,103.04344,-5.477108e-06,-0.028716996,24.810116
29.8,8.566049,103.12743,-5.0943345e-06,-0.028745085,24.810093
29.81,8.56684,103.211395,-4.4507906e-06,-0.028770238,24.810055
29.82,8.56763,103.29532,-4.2943284e-06,-0.028798655,24.810036
29.83,8.5684185,103.37921,-3.7774444e-06,-0.02881901,24.809992
29.84,8.569201,103.46301,-3.3592805e-06,-0.028839841,24.809975
29.85,8.5699835,103.54677,-2.8768554e-06,-0.028853,24.809929
29.86,8.570764,103.630424,-2.3776665e-06,-0.02887255,24.809904
29.87,8.571542,103.71404,-2.168119e-06,-0.028880551,24.809881
29.88,8.572317,103.7976,-1.7965212e-06,-0.0288921,24.809843
29.89,8.573092,103.881065,-1.5776604e-06,-0.028906554,24.80981
29.9,8.573863,103.964485,-1.5385449e-06,-0.028905109,24.809778
29.91,8.574636,104.04786,-1.0384247e-06,-0.028905988,24.809757
29.92,8.575399,104.13116,-9.322539e-07,-0.028906032,24.809725
29.93,8.576168,104.214355,-6.64033e-07,-0.028899208,24.809683
29.94,8.576928,104.297554,-6.5378845e-07,-0.028897211,24.809654
29.95,8.577692,104.38059,-7.8603625e-07,-0.028879374,24.809626
29.96,8.578452,104.46362,-6.9104135e-07,-0.028861761,24.809591
29.97,8.579208,104.54652,-6.016344e-07,-0.028851286,24.809559
29.98,8.579965,104.62937,-7.953495e-07,-0.028829634,24.809528
29.99,8.580718,104.71214,-7.8137964e-07,-0.028802082,24.809486
30.0,8.581473,104.79487,-9.397045e-07,-0.028776124,24.80947
30.01,8.582225,104.877464,-1.0821968e-06,-0.028741956,24.809427
30.02,8.582971,104.96001,-1.4202669e-06,-0.028703943,24.809391
30.03,8.583719,105.04249,-1.9120052e-06,-0.02866432,24.809357
30.04,8.584465,105.12485,-2.1029264e-06,-0.028614089,24.809315
30.05,8.585208,105.20711,-2.624467e-06,-0.028572425,24.809284
30.06,8.585951,105.28929,-3.1264499e-06,-0.028521344,24.809248
30.07,8.586692,105.37145,-3.999099e-06,-0.028461993,24.80921
30.08,8.587429,105.45344,-4.740432e-06,-0.02840279,24.809174
30.09,8.588166,105.53539,-5.4556876e-06,-0.028340355,24.809137
30.1,8.588904,105.61722,-6.270595e-06,-0.028268754,24.809107
30.11,8.589639,105.69896,-7.422641e-06,-0.028193876,24.809065
30.12,8.590368,105.78065,-8.294359e-06,-0.028115049,24.80902
30.13,8.591103,105.862175,-9.577721e-06,-0.028028741,24.808994
30.14,8.591832,105.94364,-1.0653399e-05,-0.027945623,24.80895
30.15,8.592558,106.02497,-1.2091361e-05,-0.02784273,24.808912
30.16,8.593287,106.10625,-1.3571233e-05,-0.027750716,24.808853
30.17,8.594014,106.187416,-1.5087426e-05,-0.027641311,24.80882
30.18,8.594737,106.26847,-1.692772e-05,-0.027532667,24.808779
30.19,8.59546,106.34942,-1.8691644e-05,-0.027418375,24.808739
30.2,8.59618,106.43029,-2.0386651e-05,-0.027298853,24.80869
30.21,8.596903,106.51106,-2.2410415e-05,-0.027171612,24.808651
30.22,8.597618,106.59167,-2.4522655e-05,-0.027037576,24.808603
30.23,8.598337,106.672165,-2.6745722e-05,-0.026902288,24.808561
30.24,8.599057,106.75257,-2.9155985e-05,-0.026763096,24.808506
30.25,8.599773,106.83291,-3.1732023e-05,-0.02661109,24.808472
30.26,8.600486,106.91313,-3.4425408e-05,-0.026457295,24.808413
30.27,8.601201,106.993225,-3.7210062e-05,-0.026297405,24.808363
30.28,8.601911,107.07311,-4.0005893e-05,-0.026133254,24.808315
30.29,8.602622,107.15299,-4.326552e-05,-0.02595593,24.808264
30.3,8.603333,107.23267,-4.63007e-05,-0.025779516,24.808214
30.31,8.604043,107.31233,-4.9590133e-05,-0.025594518,24.808163
30.32,8.604752,107.391785,-5.3063966e-05,-0.025398925,24.80811
30.33,8.605457,107.47116,-5.6705438e-05,-0.025203958,24.808064
30.34,8.606163,107.55042,-6.0648657e-05,-0.024999633,24.807997
30.35,8.606871,107.62955,-6.4920634e-05,-0.024782062,24.807941
30.36,8.6075735,107.708534,-6.8892725e-05,-0.024568468,24.807888
30.37,8.608282,107.787384,-7.2920695e-05,-0.024339214,24.80783
30.38,8.608983,107.86608,-7.743761e-05,-0.024106905,24.807766
30.39,8.609684,107.94477,-8.190982e-05,-0.023869306,24.80772
30.4,8.610388,108.02319,-8.719135e-05,-0.023621798,24.807655
30.41,8.611088,108.10157,-9.1960654e-05,-0.02336678,24.807585
30.42,8.611785,108.17977,-9.7081065e-05,-0.023105651,24.807524
30.43,8.612487,108.257866,-0.00010247063,-0.022838578,24.807459
30.44,8.613185,108.33576,-0.00010814145,-0.022563994,24.807394
30.45,8.613884,108.41361,-0.000113784336,-0.02227752,24.807323
30.46,8.614577,108.49122,-0.000119628385,-0.021991208,24.807262
30.47,8.615276,108.56878,-0.00012576021,-0.02169168,24.80718
30.48,8.615973,108.64613,-0.0001320988,-0.021380976,24.80711
30.49,8.616668,108.72339,-0.0001387056,-0.021071479,24.807045
30.5,8.617365,108.80047,-0.000145155,-0.020741329,24.806969
30.51,8.618056,108.87747,-0.00015225541,-0.020421386,24.8069
30.52,8.618755,108.95424,-0.00015912019,-0.020078897,24.806824
30.53,8.619447,109.03095,-0.00016657077,-0.019732133,24.806742
30.54,8.62014,109.107506,-0.00017419923,-0.01938054,24.80667
30.55,8.620832,109.18382,-0.00018202979,-0.019015044,24.806595
30.56,8.621524,109.26003,-0.00019004475,-0.018646494,24.806517
30.57,8.622213,109.33614,-0.00019815844,-0.018266514,24.806421
30.58,8.622909,109.412056,-0.00020674989,-0.017878115,24.806347
30.59,8.623596,109.48778,-0.00021501817,-0.01748684,24.80626
30.6,8.624288,109.56344,-0.00022383593,-0.017077327,24.806181
30.61,8.624978,109.63889,-0.00023306161,-0.016670018,24.806091
30.62,8.625666,109.714226,-0.00024206936,-0.016243264,24.806004
30.63,8.626359,109.78933,-0.00025207736,-0.015812367,24.805904
30.64,8.62705,109.86429,-0.00026152562,-0.015375674,24.80582
30.65,8.627738,109.93915,-0.0002718214,-0.014930472,24.805727
30.66,8.628428,110.01377,-0.00028167572,-0.0144729465,24.80564
30.67,8.629115,110.08831,-0.00029241294,-0.014008433,24.805538
30.68,8.629806,110.16263,-0.00030308403,-0.013526395,24.805437
30.69,8.630492,110.23684,-0.00031403452,-0.013046116,24.805351
30.7,8.631184,110.31085,-0.00032521784,-0.012558103,24.80524
30.71,8.631868,110.384705,-0.00033678487,-0.012054995,24.805143
30.72,8.632557,110.45839,-0.0003482569,-0.011541247,24.805044
30.73,8.633247,110.53189,-0.00036020298,-0.011022344,24.80494
30.74,8.633934,110.60527,-0.00037256442,-0.010494456,24.804832
30.75,8.634621,110.67846,-0.00038491283,-0.009951472,24.804726
30.76,8.63531,110.751465,-0.0003974298,-0.009402856,24.804623
30.77,8.635999,110.82432,-0.0004104087,-0.008847445,24.804504
30.78,8.636686,110.897,-0.00042380858,-0.008280382,24.804394
30.79,8.637374,110.96953,-0.00043732207,-0.0077001005,24.804283
30.8,8.63806,111.04183,-0.0004510088,-0.0071163625,24.804174
30.81,8.638746,111.11398,-0.00046487898,-0.0065186173,24.804058
30.82,8.639434,111.18602,-0.00047909562,-0.005915314,24.803938
30.83,8.640123,111.25781,-0.00049368944,-0.005301416,24.803822
30.84,8.640808,111.32945,-0.00050842855,-0.0046744645,24.803701
30.85,8.641497,111.400925,-0.00052325707,-0.004041344,24.803574
30.86,8.642184,111.47214,-0.000538663,-0.0033946484,24.803444
30.87,8.642874,111.543274,-0.0005543344,-0.002740562,24.803326
30.88,8.64356,111.614235,-0.0005702311,-0.0020742863,24.803192
30.89,8.64425,111.685,-0.00058597885,-0.0014050752,24.80307
30.9,8.64494,111.75553,-0.0006025601,-0.0007226616,24.80293
30.91,8.645621,111.82595,-0.0006190045,-2.9057264e-05,24.802809
30.92,8.646311,111.89616,-0.0006357189,0.00067318976,24.802677
30.93,8.646999,111.96619,-0.00065298565,0.0013898909,24.802544
30.94,8.647687,112.03599,-0.00067040604,0.002110362,24.802406
30.95,8.648376,112.10567,-0.0006881356,0.0028456748,24.802269
30.96,8.649063,112.17516,-0.0007062359,0.003584817,24.802132
30.97,8.649755,112.24447,-0.0007242551,0.0043370277,24.801989
30.98,8.650444,112.31355,-0.0007425742,0.0051019043,24.801847
30.99,8.65113,112.38249,-0.0007613255,0.005869001,24.801697
31.0,8.651819,112.45126,-0.0007806681,0.006656155,24.80156
31.01,8.652508,112.519806,-0.0007999409,0.0074532926,24.801407
31.02,8.653197,112.5882,-0.00081944186,0.008253008,24.80126
31.03,8.653889,112.65638,-0.0008392688,0.009062812,24.801117
31.04,8.654577,112.724396,-0.00085949805,0.009887919,24.800962
31.05,8.655271,112.79218,-0.0008798735,0.010723695,24.800812
31.06,8.655956,112.85981,-0.0009007538,0.011564672,24.800652
31.07,8.656648,112.92724,-0.000921309,0.012420595,24.800497
31.08,8.657337,112.99448,-0.0009423364,0.013283044,24.800339
31.09,8.658027,113.061554,-0.00096396916,0.0141583085,24.800184
31.1,8.658718,113.12841,-0.000985669,0.015038118,24.80002
31.11,8.659409,113.19512,-0.0010079993,0.015933394,24.799852
31.12,8.660101,113.261604,-0.0010298956,0.016835764,24.79969
31.13,8.660791,113.32787,-0.0010526935,0.0177456,24.799524
31.14,8.66148,113.39398,-0.0010753488,0.018671736,24.799364
31.15,8.662174,113.45993,-0.0010983665,0.019605428,24.799198
31.16,8.662864,113.52564,-0.0011216858,0.02054891,24.799023
31.17,8.663556,113.591194,-0.0011452232,0.021501541,24.798851
31.18,8.6642475,113.65655,-0.0011693696,0.022466943,24.79868
31.19,8.664941,113.72169,-0.0011936137,0.023441166,24.79851
31.2,8.665635,113.786674,-0.0012175869,0.024425507,24.798326
31.21,8.666324,113.85142,-0.0012425613,0.025415227,24.798153
31.22,8.667018,113.915985,-0.0012674099,0.0264197,24.797976
31.23,8.667709,113.98041,-0.001292536,0.027434722,24.797796
31.24,8.668404,114.04459,-0.0013180282,0.028455913,24.79762
31.25,8.669095,114.10857,-0.001343973,0.029488906,24.797434
31.26,8.669789,114.17239,-0.0013699327,0.030536413,24.797255
31.27,8.670482,114.236015,-0.0013960376,0.031584427,24.797066
31.28,8.671175,114.29945,-0.001422748,0.032647952,24.796883
31.29,8.671868,114.36267,-0.0014493074,0.033722475,24.796692
31.3,8.672561,114.42568,-0.0014763791,0.03480266,24.7965
31.31,8.673258,114.48854,-0.0015035439,0.03589581,24.796312
31.32,8.67395,114.55116,-0.0015312396,0.036995754,24.796122
31.33,8.674644,114.61362,-0.0015588235,0.038111627,24.795927
31.34,8.675338,114.67591,-0.001586875,0.03923033,24.795729
31.35,8.67603,114.73797,-0.0016154461,0.040359616,24.795534
31.36,8.676725,114.799805,-0.0016440917,0.04150109,24.795345
31.37,8.67742,114.86148,-0.0016727429,0.042649865,24.795135
31.38,8.678119,114.923004,-0.0017016623,0.04381302,24.79495
31.39,8.678811,114.98425,-0.0017309543,0.04497844,24.794743
31.4,8.679505,115.04537,-0.0017601419,0.04615648,24.79455
31.41,8.680199,115.10631,-0.001790097,0.04735014,24.794342
31.42,8.680895,115.16699,-0.0018201191,0.048545852,24.794136
31.43,8.68159,115.227554,-0.0018504877,0.049754992,24.793928
31.44,8.682282,115.28786,-0.001880955,0.05096391,24.793718
31.45,8.682977,115.348,-0.0019115973,0.052190363,24.793518
31.46,8.683674,115.40794,-0.0019423999,0.05343105,24.793306
31.47,8.684369,115.46766,-0.0019737687,0.05467099,24.7931
31.48,8.685062,115.52724,-0.0020052977,0.055921867,24.79288
31.49,8.685759,115.58658,-0.0020368919,0.057184994,24.792679
31.5,8.68645,115.645706,-0.0020686872,0.058458745,24.792458
31.51,8.687147,115.70473,-0.0021007508,0.05973582,24.792244
31.52,8.687842,115.76351,-0.0021332316,0.06102714,24.792034
31.53,8.688539,115.822105,-0.0021656472,0.062324062,24.791811
31.54,8.689234,115.880486,-0.002198439,0.06363146,24.791592
31.55,8.689927,115.93868,-0.0022316314,0.064950526,24.791376
31.56,8.690623,115.99668,-0.0022648256,0.0662732,24.791155
31.57,8.691317,116.05453,-0.0022984818,0.067608014,24.790934
31.58,8.692011,116.11215,-0.0023320336,0.06894885,24.790714
31.59,8.692707,116.16959,-0.0023658033,0.07030247,24.790491
31.6,8.693402,116.22686,-0.002400199,0.071662605,24.790274
31.61,8.694097,116.283905,-0.0024344958,0.07303208,24.790041
31.62,8.694792,116.340775,-0.002469115,0.07441375,24.789816
31.63,8.695484,116.39745,-0.0025036447,0.075796366,24.78959
31.64,8.696177,116.45395,-0.0025388729,0.077189445,24.78936
31.65,8.696871,116.51026,-0.0025736522,0.078593224,24.78914
31.66,8.697566,116.56639,-0.0026093703,0.08000663,24.788906
31.67,8.698261,116.62231,-0.0026448257,0.08142218,24.788675
31.68,8.698952,116.67805,-0.0026806481,0.08284965,24.78845
31.69,8.699645,116.73355,-0.0027167443,0.084291056,24.788212
31.7,8.700335,116.78891,-0.0027527362,0.085731626,24.787985
31.71,8.701031,116.84407,-0.0027893297,0.08718563,24.787743
31.72,8.701723,116.89904,-0.0028260946,0.08864232,24.78752
31.73,8.702418,116.95386,-0.0028626062,0.09011206,24.787277
31.74,8.70311,117.00845,-0.0028995052,0.09158702,24.787045
31.75,8.703801,117.06291,-0.0029366985,0.09307603,24.786808
31.76,8.704494,117.11715,-0.0029740818,0.094566844,24.78657
31.77,8.705186,117.17116,-0.0030114148,0.09606442,24.78633
31.78,8.705876,117.22502,-0.003049584,0.0975732,24.786095
31.79,8.706568,117.27874,-0.0030874126,0.099086136,24.785866
31.8,8.707257,117.33221,-0.003125541,0.10060862,24.785612
31.81,8.707949,117.38552,-0.0031636097,0.10213506,24.78538
31.82,8.708637,117.43866,-0.003202157,0.103677146,24.785137
31.83,8.709326,117.491585,-0.0032407865,0.10522083,24.784893
31.84,8.710021,117.54439,-0.0032794885,0.1067745,24.784658
31.85,8.710706,117.596954,-0.0033185482,0.10833574,24.7844
31.86,8.711396,117.64935,-0.003357673,0.109899946,24.78417
31.87,8.712084,117.70159,-0.003397053,0.11147556,24.783924
31.88,8.7127695,117.753586,-0.0034363996,0.113054775,24.78368
31.89,8.713457,117.80542,-0.003476439,0.114640236,24.783434
31.9,8.714143,117.8571,-0.0035162196,0.11623638,24.783195
31.91,8.714833,117.90859,-0.0035559684,0.117839545,24.782946
31.92,8.71552,117.959915,-0.0035963207,0.119453564,24.782701
31.93,8.716205,118.011,-0.0036365967,0.1210639,24.782457
31.94,8.716891,118.06202,-0.0036771782,0.12269063,24.782211
31.95,8.717575,118.11278,-0.0037176777,0.12431903,24.78196
31.96,8.71826,118.163376,-0.0037584696,0.12595376,24.781708
31.97,8.718945,118.21379,-0.0037995875,0.12759447,24.781467
31.98,8.719629,118.264015,-0.0038405266,0.12924436,24.781214
31.99,8.720309,118.31411,-0.0038819239,0.13090372,24.780968
32.0,8.720994,118.363976,-0.003923189,0.13256395,24.780714
32.01,8.721675,118.4137,-0.0039647575,0.13423343,24.780472
32.02,8.722358,118.4632,-0.004006557,0.13590634,24.780218
32.03,8.723038,118.51261,-0.0040482506,0.13758603,24.779972
32.04,8.723719,118.56181,-0.0040904153,0.13927832,24.779715
32.05,8.7244,118.61081,-0.0041324645,0.14097002,24.779463
32.06,8.725078,118.65967,-0.004174795,0.14266983,24.779219
32.07,8.7257595,118.70833,-0.004217226,0.14437428,24.77897
32.08,8.7264385,118.75685,-0.0042596143,0.14608511,24.778713
32.09,8.727116,118.80514,-0.0043022446,0.1478048,24.778461
32.1,8.727791,118.85329,-0.00434519,0.14952444,24.778214
32.11,8.728467,118.90126,-0.0043879487,0.151257,24.777966
32.12,8.729144,118.949104,-0.0044312794,0.15298583,24.77771
32.13,8.729816,118.99675,-0.0044742413,0.15472855,24.777456
32.14,8.730494,119.04421,-0.0045177694,0.156474,24.777208
32.15,8.731167,119.09156,-0.004561115,0.15822598,24.77695
32.16,8.731838,119.13866,-0.00460469,0.1599808,24.776701
32.17,8.7325115,119.185646,-0.004648218,0.16174185,24.776447
32.18,8.733185,119.232414,-0.004692333,0.1635067,24.776197
32.19,8.733855,119.279045,-0.0047361534,0.16528457,24.775942
32.2,8.734529,119.32551,-0.0047804657,0.16706385,24.775698
32.21,8.735195,119.371796,-0.0048246607,0.16884324,24.775436
32.22,8.735866,119.41799,-0.004868701,0.1706297,24.775185
32.23,8.736537,119.46394,-0.0049131326,0.17242098,24.77493
32.24,8.737205,119.50976,-0.0049578473,0.17422152,24.77468
32.25,8.73787,119.55541,-0.0050024875,0.17602357,24.774424
32.26,8.738535,119.600876,-0.005047381,0.17783138,24.774176
32.27,8.739201,119.64619,-0.0050920956,0.17964399,24.773924
32.28,8.739864,119.69135,-0.0051368084,0.1814594,24.773668
32.29,8.740529,119.73637,-0.005182242,0.18328485,24.77341
32.3,8.741192,119.78119,-0.005227361,0.18510804,24.77316
32.31,8.741856,119.8259,-0.0052726977,0.186937,24.772905
32.32,8.742515,119.87035,-0.005318051,0.18877181,24.772657
32.33,8.7431755,119.91477,-0.0053633917,0.19061705,24.772404
32.34,8.74384,119.95895,-0.005409129,0.19245985,24.772148
32.35,8.744496,120.00294,-0.005454572,0.19430597,24.771902
32.36,8.745153,120.04684,-0.0055005066,0.19615966,24.771646
32.37,8.745809,120.09058,-0.0055461973,0.1980182,24.771402
32.38,8.746465,120.13415,-0.0055922866,0.19987886,24.771145
32.39,8.747123,120.17757,-0.005638402,0.2017423,24.770887
32.4,8.747777,120.220795,-0.0056843143,0.20361458,24.770645
32.41,8.748431,120.26394,-0.005730722,0.20548588,24.770391
32.42,8.749084,120.306854,-0.005777186,0.20736219,24.77014
32.43,8.749739,120.34964,-0.005823724,0.2092422,24.769892
32.44,8.750387,120.39227,-0.0058698766,0.21112847,24.769634
32.45,8.751038,120.434746,-0.005916506,0.2130173,24.769386
32.46,8.751691,120.4771,-0.005963322,0.21490946,24.769136
32.47,8.752336,120.51925,-0.0060099233,0.21680604,24.76889
32.48,8.752982,120.561325,-0.006057067,0.21870293,24.768642
32.49,8.75363,120.60314,-0.006103536,0.22060588,24.768389
32.5,8.754279,120.64488,-0.006150497,0.22251567,24.768143
32.51,8.75492,120.686455,-0.0061979424,0.22442508,24.767895
32.52,8.755563,120.72789,-0.006245099,0.22633652,24.76765
32.53,8.7562065,120.7692,-0.0062920675,0.22825192,24.767395
32.54,8.756852,120.81034,-0.0063394886,0.23017544,24.767145
32.55,8.757493,120.85131,-0.00638685,0.23209655,24.766897
32.56,8.758128,120.89217,-0.006434167,0.23402114,24.766653
32.57,8.758768,120.93281,-0.0064818747,0.23594789,24.766417
32.58,8.759408,120.97338,-0.006529147,0.23788424,24.766157
32.59,8.760045,121.013756,-0.006576946,0.23981684,24.765917
32.6,8.760679,121.05403,-0.0066244975,0.24175234,24.765678
32.61,8.761314,121.09409,-0.006672209,0.2436939,24.765432
32.62,8.761951,121.13404,-0.0067202114,0.24563912,24.765186
32.63,8.762581,121.17388,-0.006768357,0.2475836,24.764933
32.64,8.763215,121.213585,-0.0068161134,0.24953386,24.764688
32.65,8.7638445,121.253136,-0.006864248,0.2514871,24.764452
32.66,8.764476,121.29253,-0.0069121923,0.2534394,24.764204
32.67,8.765102,121.33174,-0.006960323,0.255396,24.763968
32.68,8.765732,121.370865,-0.007008679,0.25735542,24.763723
32.69,8.766358,121.409836,-0.007056851,0.25931618,24.763487
32.7,8.766985,121.44869,-0.007105302,0.26128393,24.763235
32.71,8.767609,121.48739,-0.00715377,0.26325062,24.762995
32.72,8.768231,121.525925,-0.007201936,0.2652156,24.762758
32.73,8.768855,121.56432,-0.007250555,0.26718706,24.76252
32.74,8.769476,121.602646,-0.0072990432,0.26916158,24.762278
32.75,8.770096,121.64076,-0.0073476676,0.27113682,24.762037
32.76,8.770713,121.678734,-0.0073962733,0.273114,24.761806
32.77,8.771333,121.71662,-0.0074452236,0.27509648,24.761562
32.78,8.771951,121.75438,-0.007493604,0.27707475,24.761332
32.79,8.772566,121.79192,-0.007542178,0.27906197,24.761091
32.8,8.773181,121.82944,-0.007591136,0.2810448,24.760859
32.81,8.773793,121.86677,-0.007639976,0.2830329,24.760628
32.82,8.774404,121.90393,-0.0076889973,0.28502357,24.76039
32.83,8.775016,121.94101,-0.0077378955,0.28701496,24.76015
32.84,8.775626,121.97791,-0.007786747,0.2890076,24.759922
32.85,8.7762375,122.01475,-0.007835982,0.29100126,24.75968
32.86,8.776843,122.0514,-0.007885024,0.29299802,24.759449
32.87,8.777452,122.087975,-0.007934241,0.29499805,24.759224
32.88,8.778057,122.124344,-0.007983288,0.29699486,24.75899
32.89,8.778662,122.16061,-0.008032395,0.29899627,24.758759
32.9,8.779266,122.19676,-0.008081667,0.3009981,24.758532
32.91,8.779866,122.23279,-0.008130832,0.30300355,24.758305
32.92,8.780469,122.268684,-0.008180382,0.3050068,24.758066
32.93,8.781068,122.30444,-0.008229706,0.3070156,24.757843
32.94,8.781668,122.340034,-0.008279093,0.30902302,24.757612
32.95,8.782262,122.37556,-0.008328348,0.3110314,24.75739
32.96,8.782861,122.410934,-0.008377759,0.31304348,24.757166
32.97,8.783456,122.44623,-0.00842729,0.31505316,24.756931
32.98,8.784049,122.48134,-0.008476848,0.31706592,24.756708
32.99,8.784644,122.51631,-0.008526355,0.3190796,24.756485
33.0,8.785235,122.5512,-0.008575937,0.32109424,24.75626
33.01,8.785828,122.58596,-0.008625384,0.3231101,24.756031
33.02,8.786412,122.620605,-0.008675097,0.3251279,24.75581
33.03,8.787002,122.65508,-0.0087247845,0.3271471,24.755592
33.04,8.787589,122.68949,-0.008774521,0.32916376,24.755375
33.05,8.788171,122.723755,-0.008823961,0.3311827,24.755152
33.06,8.788759,122.75787,-0.008873628,0.33320484,24.754927
33.07,8.789343,122.79191,-0.008923223,0.3352254,24.754713
33.08,8.789927,122.82582,-0.008973202,0.33724827,24.754498
33.09,8.790508,122.8596,-0.009022912,0.33926904,24.75428
33.1,8.791087,122.89327,-0.009072814,0.3412908,24.754065
33.11,8.791664,122.9268,-0.009122673,0.34331638,24.75385
33.12,8.792243,122.960175,-0.009172302,0.34533995,24.753628
33.13,8.79282,122.99354,-0.009222094,0.34736872,24.753414
33.14,8.793393,123.02672,-0.009271899,0.34939122,24.753197
33.15,8.793968,123.05979,-0.009321559,0.35141718,24.752987
33.16,8.794542,123.092735,-0.009371627,0.35344455,24.752773
33.17,8.795113,123.12559,-0.009421585,0.35546693,24.752554
33.18,8.795684,123.15826,-0.009471456,0.3574977,24.752352
33.19,8.796249,123.19088,-0.009521322,0.35952434,24.752138
33.2,8.796818,123.22339,-0.009571588,0.3615527,24.751928
33.21,8.797385,123.25577,-0.0096213,0.3635811,24.751724
33.22,8.79795,123.288025,-0.009671278,0.36560798,24.751513
33.23,8.798517,123.320175,-0.009721337,0.36763805,24.751303
33.24,8.79908,123.35221,-0.00977109,0.3696649,24.751102
33.25,8.799638,123.384125,-0.009821178,0.37169406,24.750895
33.26,8.8002,123.415924,-0.009871017,0.37372303,24.750685
33.27,8.80076,123.447624,-0.009921327,0.37574962,24.750486
33.28,8.801317,123.47923,-0.0099711865,0.3777805,24.750284
33.29,8.801873,123.51072,-0.010021286,0.37981057,24.750082
33.3,8.802431,123.54209,-0.010071091,0.38183835,24.749878
33.31,8.802983,123.5733,-0.010121036,0.38386697,24.749674
33.32,8.803537,123.60447,-0.0101710465,0.38589734,24.74948
33.33,8.80409,123.63555,-0.010221198,0.38792208,24.74927
33.34,8.80464,123.666466,-0.010271141,0.38995302,24.74908
33.35,8.805189,123.69726,-0.010321287,0.39198166,24.74888
33.36,8.805736,123.72797,-0.010371214,0.39400876,24.74868
33.37,8.806285,123.75855,-0.010421248,0.3960395,24.748486
33.38,8.806827,123.789085,-0.010471158,0.39806348,24.748293
33.39,8.807372,123.81948,-0.010521393,0.4000894,24.748098
33.4,8.807915,123.849785,-0.010571267,0.4021166,24.747896
33.41,8.808459,123.87993,-0.010621287,0.40414393,24.747707
33.42,8.808998,123.91001,-0.010671312,0.40617076,24.74751
33.43,8.80954,123.94,-0.0107214395,0.40819317,24.747314
33.44,8.810075,123.969864,-0.010771116,0.4102177,24.74713
33.45,8.810612,123.999626,-0.010821298,0.41224268,24.74694
33.46,8.811147,124.029274,-0.010871358,0.41426706,24.746754
33.47,8.811683,124.058846,-0.010921093,0.41628963,24.746569
33.48,8.812218,124.08827,-0.010971298,0.41831312,24.746376
33.49,8.812748,124.117645,-0.011021268,0.42033648,24.746191
33.5,8.81328,124.14689,-0.011071013,0.42235702,24.746002
33.51,8.8138075,124.17602,-0.011120893,0.42437685,24.745811
33.52,8.814337,124.20508,-0.01117065,0.42639905,24.745636
33.53,8.814863,124.23399,-0.01122066,0.42841706,24.745441
33.54,8.81539,124.26286,-0.011270644,0.43043765,24.745262
33.55,8.815913,124.29159,-0.011320652,0.43245333,24.74508
33.56,8.816438,124.32022,-0.011370512,0.43447137,24.7449
33.57,8.816956,124.348816,-0.011420429,0.43649095,24.744715
33.58,8.81748,124.37722,-0.011470215,0.43850386,24.744537
33.59,8.817998,124.405594,-0.0115199,0.4405182,24.74436
33.6,8.818518,124.43386,-0.011569763,0.4425337,24.74418
33.61,8.819034,124.46202,-0.011619724,0.444545,24.744001
33.62,8.81955,124.49003,-0.011669526,0.44655544,24.743832
33.63,8.820063,124.51802,-0.0117191225,0.44857043,24.743652
33.64,8.820578,124.54589,-0.011768898,0.45057803,24.743483
33.65,8.821086,124.57363,-0.0118187275,0.45258772,24.743303
33.66,8.821599,124.601326,-0.011868535,0.45459414,24.743132
33.67,8.822111,124.6289,-0.011918101,0.45660228,24.74296
33.68,8.8226185,124.656395,-0.0119677745,0.4586084,24.742786
33.69,8.823128,124.68376,-0.012017487,0.46061343,24.742617
33.7,8.823631,124.711044,-0.012067098,0.4626149,24.742447
33.71,8.824137,124.738235,-0.012116715,0.46461987,24.74227
33.72,8.824637,124.76533,-0.0121660195,0.46662116,24.74211
33.73,8.825143,124.79239,-0.012215741,0.46862137,24.741941
33.74,8.825642,124.819305,-0.012265556,0.47062021,24.741774
33.75,8.826145,124.84612,-0.012314953,0.4726181,24.741611
33.76,8.826641,124.872894,-0.012364313,0.474613,24.741442
33.77,8.82714,124.89953,-0.012413755,0.4766096,24.741282
33.78,8.827633,124.92607,-0.012463149,0.478603,24.741117
33.79,8.828128,124.95254,-0.012512352,0.4805959,24.740953
33.8,8.828623,124.9789,-0.012561854,0.48258603,24.740803
33.81,8.829116,125.005226,-0.012611238,0.48457873,24.740639
33.82,8.829608,125.03141,-0.01266058,0.48656505,24.740477
33.83,8.830096,125.057465,-0.0127101485,0.48855233,24.740318
33.84,8.830586,125.08354,-0.012759045,0.49053687,24.740156
33.85,8.831072,125.10946,-0.012808293,0.49252123,24.740005
33.86,8.831557,125.13528,-0.012857629,0.49450326,24.73984
33.87,8.832044,125.160995,-0.012906654,0.49648738,24.739683
33.88,8.83253,125.18669,-0.012955818,0.49846697,24.73954
33.89,8.83301,125.21228,-0.013004759,0.5004461,24.739374
33.9,8.833494,125.23779,-0.013054103,0.5024227,24.739227
33.91,8.833971,125.26316,-0.013102863,0.5043975,24.739077
33.92,8.8344555,125.288475,-0.013151953,0.5063701,24.738926
33.93,8.834928,125.31372,-0.01320095,0.50834095,24.738775
33.94,8.835408,125.33887,-0.013250053,0.5103151,24.738617
33.95,8.835878,125.36394,-0.01329894,0.5122828,24.73847
33.96,8.836355,125.388916,-0.013347533,0.5142485,24.738321
33.97,8.836828,125.413734,-0.013396524,0.5162153,24.738174
33.98,8.837298,125.43859,-0.013445374,0.5181821,24.738035
33.99,8.83777,125.463326,-0.013494171,0.5201435,24.737879
34.0,8.8382435,125.48802,-0.013542697,0.5221034,24.73774
34.01,8.83871,125.51256,-0.013591254,0.5240628,24.737593
34.02,8.839178,125.53702,-0.01364005,0.52601945,24.737448
34.03,8.839642,125.561424,-0.013688657,0.52797544,24.73731
34.04,8.840108,125.585724,-0.013737045,0.5299289,24.737167
34.05,8.840569,125.60996,-0.013785664,0.5318809,24.737032
34.06,8.841031,125.63414,-0.01383397,0.53383106,24.73689
34.07,8.8414955,125.65816,-0.013882464,0.5357806,24.736742
34.08,8.841954,125.68218,-0.013930734,0.53772706,24.736609
34.09,8.842414,125.70608,-0.013979299,0.5396742,24.73647
34.1,8.84287,125.72991,-0.014027715,0.54161376,24.736338
34.11,8.8433275,125.75362,-0.014075678,0.54355425,24.736202
34.12,8.843783,125.77732,-0.0141238645,0.54549587,24.736065
34.13,8.844235,125.80092,-0.014171967,0.5474344,24.735926
34.14,8.844689,125.82441,-0.014219934,0.54936785,24.735788
34.15,8.8451395,125.847824,-0.014268238,0.5513025,24.735657
34.16,8.845592,125.871216,-0.01431632,0.55323297,24.735525
34.17,8.846041,125.89447,-0.014364136,0.55516255,24.735401
34.18,8.84649,125.91765,-0.014412031,0.5570889,24.73527
34.19,8.846937,125.94076,-0.014460029,0.55901563,24.735144
34.2,8.847384,125.96384,-0.014507659,0.560941,24.735006
34.21,8.847824,125.98679,-0.014555447,0.5628632,24.734882
34.22,8.84827,126.00969,-0.014603216,0.564784,24.734755
34.23,8.848713,126.03251,-0.014651062,0.5667008,24.73463
34.24,8.849158,126.05522,-0.014698686,0.5686165,24.734497
34.25,8.849597,126.07789,-0.014745897,0.57053095,24.734377
34.26,8.850034,126.10051,-0.014793705,0.5724438,24.734251
34.27,8.850471,126.12302,-0.014841247,0.574353,24.734123
34.28,8.850908,126.145454,-0.01488875,0.57625973,24.734005
34.29,8.851344,126.16781,-0.014935723,0.5781652,24.73388
34.3,8.85178,126.19007,-0.014983447,0.5800695,24.733763
34.31,8.852213,126.21231,-0.015030673,0.5819706,24.733644
34.32,8.852644,126.23443,-0.015077669,0.58387,24.733522
34.33,8.853075,126.256516,-0.015125038,0.58576673,24.733408
34.34,8.853509,126.27851,-0.015171912,0.58766425,24.733288
34.35,8.853934,126.30046,-0.015219044,0.5895548,24.733173
34.36,8.854362,126.32229,-0.015266029,0.5914463,24.73306
34.37,8.854788,126.34409,-0.015312929,0.5933358,24.73294
34.38,8.855211,126.365814,-0.015359813,0.5952226,24.732828
34.39,8.855636,126.38741,-0.015406575,0.597106,24.73271
34.4,8.856061,126.40897,-0.015453426,0.5989861,24.732601
34.41,8.856484,126.43049,-0.015500015,0.60086817,24.732483
34.42,8.856903,126.45193,-0.01554657,0.6027467,24.732378
34.43,8.857323,126.47327,-0.015593404,0.6046195,24.732267
34.44,8.857744,126.49454,-0.015639806,0.60649496,24.73215
34.45,8.858161,126.515724,-0.015686393,0.60836405,24.732044
34.46,8.858579,126.536896,-0.015732639,0.6102326,24.731934
34.47,8.858993,126.558,-0.015778836,0.6121008,24.731825
34.48,8.859406,126.57893,-0.015825372,0.613965,24.731726
34.49,8.859818,126.59995,-0.015871523,0.61582524,24.731615
34.5,8.86023,126.62081,-0.015917463,0.61768484,24.73151
34.51,8.860646,126.64159,-0.015963793,0.6195432,24.731407
34.52,8.8610525,126.662315,-0.016009904,0.6213991,24.731293
34.53,8.861463,126.683,-0.016055793,0.6232521,24.731195
34.54,8.86187,126.70356,-0.016101753,0.62510157,24.73109
34.55,8.862275,126.7241,-0.016147694,0.62695014,24.730991
34.56,8.862684,126.74456,-0.016193325,0.6287962,24.730892
34.57,8.863089,126.76499,-0.016239125,0.63063973,24.730795
34.58,8.863491,126.78531,-0.016284198,0.6324814,24.730686
34.59,8.863894,126.805595,-0.016330095,0.6343173,24.730587
34.6,8.864292,126.825775,-0.016375592,0.63615596,24.730497
34.61,8.864696,126.84593,-0.016421257,0.63799036,24.73039
34.62,8.865094,126.86596,-0.016466305,0.63982105,24.730303
34.63,8.865495,126.88593,-0.01651182,0.6416508,24.730207
34.64,8.8658905,126.90588,-0.016557014,0.64348024,24.730104
34.65,8.866284,126.92577,-0.016602114,0.64530224,24.73002
34.66,8.866681,126.94561,-0.016647318,0.64712435,24.729921
34.67,8.867076,126.96531,-0.016692346,0.6489441,24.729824
34.68,8.867466,126.98499,-0.016737383,0.6507608,24.729738
34.69,8.867856,127.00467,-0.016782166,0.65257543,24.729641
34.7,8.868248,127.02416,-0.016827008,0.6543881,24.72955
34.71,8.86864,127.04367,-0.016871853,0.6561985,24.72946
34.72,8.869026,127.06312,-0.016916363,0.6580063,24.72938
34.73,8.869416,127.08249,-0.016961223,0.6598115,24.729286
34.74,8.869801,127.10179,-0.017005617,0.6616158,24.7292
34.75,8.870185,127.12102,-0.017050015,0.66341347,24.729103
34.76,8.870573,127.14019,-0.01709435,0.66521305,24.729025
34.77,8.870955,127.15933,-0.017138587,0.6670089,24.728933
34.78,8.871338,127.178375,-0.017183097,0.66880023,24.728851
34.79,8.87172,127.197426,-0.017227469,0.67059106,24.72877
34.8,8.872104,127.216286,-0.01727132,0.6723776,24.728682
34.81,8.8724785,127.23521,-0.017315453,0.6741661,24.728601
34.82,8.872859,127.25399,-0.017359326,0.6759473,24.728518
34.83,8.873237,127.27277,-0.017403396,0.67772824,24.728437
34.84,8.873611,127.29146,-0.017447295,0.6795054,24.728352
34.85,8.873988,127.31008,-0.017490616,0.6812822,24.728275
34.86,8.874364,127.32866,-0.017534701,0.683056,24.728199
34.87,8.874737,127.34724,-0.017578201,0.68482417,24.728115
34.88,8.875107,127.36563,-0.017621929,0.6865934,24.72804
34.89,8.875479,127.38403,-0.01766516,0.68835944,24.727959
34.9,8.875848,127.40237,-0.01770858,0.6901216,24.72788
34.91,8.87622,127.42067,-0.0177517,0.69188136,24.727804
34.92,8.876588,127.43885,-0.0177948,0.69364035,24.727734
34.93,8.876954,127.45704,-0.017838305,0.6953943,24.72765
34.94,8.877319,127.47511,-0.017881038,0.6971471,24.727571
34.95,8.877686,127.493195,-0.017924255,0.69889677,24.727507
34.96,8.87805,127.51121,-0.017967122,0.70064396,24.727434
34.97,8.878411,127.52911,-0.018009765,0.702391,24.727365
34.98,8.878776,127.54698,-0.01805258,0.7041315,24.727291
34.99,8.879137,127.564804,-0.018095264,0.70587265,24.727213
35.0,8.8794985,127.58257,-0.018137826,0.7076101,24.72715
35.01,8.879859,127.60029,-0.01818026,0.7093449,24.727093
35.02,8.880216,127.61793,-0.018222814,0.7110769,24.727013
35.03,8.880575,127.63552,-0.018265275,0.7128059,24.726944
35.04,8.880933,127.653076,-0.018307345,0.7145341,24.726873
35.05,8.881286,127.670586,-0.01834949,0.71625835,24.72681
35.06,8.8816395,127.68799,-0.018391656,0.71798027,24.726746
35.07,8.881994,127.70537,-0.018433904,0.71970147,24.726675
35.08,8.882347,127.72268,-0.01847562,0.7214173,24.726608
35.09,8.882699,127.739944,-0.018517522,0.7231299,24.726545
35.1,8.88305,127.75716,-0.0185592,0.72484237,24.72648
35.11,8.883399,127.77433,-0.018601136,0.726552,24.72642
35.12,8.883749,127.791435,-0.018642647,0.72825754,24.726353
35.13,8.884098,127.80846,-0.0186842,0.7299618,24.7263
35.14,8.884445,127.82546,-0.018725509,0.73166263,24.726233
35.15,8.884792,127.84245,-0.018767206,0.73336285,24.726168
35.16,8.885137,127.8593,-0.018808065,0.73505807,24.726107
35.17,8.885479,127.876144,-0.018849367,0.73675114,24.726055
35.18,8.885822,127.89293,-0.018890431,0.7384429,24.725996
35.19,8.886166,127.90963,-0.018931402,0.7401292,24.725935
35.2,8.886507,127.9263,-0.01897263,0.7418156,24.725876
35.21,8.886849,127.942924,-0.019013094,0.74349767,24.725822
35.22,8.887185,127.95953,-0.01905408,0.745179,24.725769
35.23,8.887528,127.97603,-0.019094834,0.7468569,24.725704
35.24,8.887863,127.992516,-0.019135466,0.7485317,24.72566
35.25,8.888198,128.00893,-0.01917603,0.7502046,24.725592
35.26,8.88854,128.02528,-0.019216394,0.751873,24.72554
35.27,8.888873,128.04163,-0.019256482,0.7535419,24.725489
35.28,8.889208,128.05788,-0.01929689,0.7552058,24.725433
35.29,8.889541,128.0741,-0.019337052,0.7568688,24.725388
35.3,8.889873,128.09026,-0.019377047,0.75852823,24.725328
35.31,8.890203,128.10637,-0.019417388,0.7601842,24.725283
35.32,8.890534,128.12244,-0.019457215,0.7618375,24.725233
35.33,8.890867,128.13844,-0.019496886,0.7634898,24.725187
35.34,8.891194,128.15445,-0.019536627,0.7651374,24.725132
35.35,8.891524,128.17032,-0.019576175,0.7667867,24.725079
35.36,8.891846,128.18623,-0.019615935,0.76842797,24.725029
35.37,8.892175,128.20204,-0.019655073,0.7700701,24.724981
35.38,8.892502,128.21776,-0.01969478,0.77170813,24.724937
35.39,8.892822,128.2335,-0.019734154,0.773345,24.724892
35.4,8.89315,128.24918,-0.01977308,0.7749768,24.724852
35.41,8.893471,128.2648,-0.01981234,0.7766065,24.724806
35.42,8.893794,128.28033,-0.01985124,0.7782366,24.724756
35.43,8.894112,128.2959,-0.019890128,0.7798608,24.724712
35.44,8.894434,128.31134,-0.01992934,0.78148204,24.724659
35.45,8.894755,128.32678,-0.019967726,0.7831029,24.724625
35.46,8.895072,128.3422,-0.020006487,0.78471947,24.724585
35.47,8.89539,128.35754,-0.020044891,0.78633374,24.724539
35.48,8.895705,128.37279,-0.020083332,0.7879465,24.7245
35.49,8.89602,128.38806,-0.020121934,0.78955644,24.724459
35.5,8.896336,128.40327,-0.020160137,0.7911618,24.72442
35.51,8.896649,128.41841,-0.020198552,0.79276705,24.724384
35.52,8.896965,128.43349,-0.020236498,0.794367,24.724335
35.53,8.897277,128.44855,-0.020274749,0.7959661,24.724304
35.54,8.897589,128.46353,-0.020312684,0.79756194,24.724257
35.55,8.897897,128.4785,-0.020350331,0.7991536,24.724226
35.56,8.898209,128.49345,-0.020387864,0.8007474,24.7242
35.57,8.8985195,128.5083,-0.020425921,0.80233467,24.724161
35.58,8.898828,128.52312,-0.020463118,0.80392206,24.724117
35.59,8.899132,128.53792,-0.020500591,0.8055038,24.724077
35.6,8.899441,128.55261,-0.020538101,0.8070834,24.724045
35.61,8.899745,128.56734,-0.02057544,0.8086647,24.724018
35.62,8.900053,128.58199,-0.020612357,0.8102375,24.72398
35.63,8.9003525,128.59656,-0.020649834,0.81180996,24.72395
35.64,8.900655,128.6111,-0.02068661,0.81337845,24.723911
35.65,8.900961,128.62567,-0.020723691,0.81494623,24.723877
35.66,8.901263,128.64009,-0.020760288,0.81651074,24.723835
35.67,8.901564,128.65453,-0.020797303,0.8180731,24.72382
35.68,8.901863,128.66896,-0.020833908,0.81963134,24.723787
35.69,8.902162,128.68326,-0.020870516,0.8211881,24.723755
35.7,8.90246,128.69753,-0.020906629,0.82274234,24.723732
35.71,8.902757,128.71182,-0.02094313,0.8242933,24.723692
35.72,8.903055,128.72597,-0.020979619,0.8258424,24.723667
35.73,8.903351,128.74014,-0.02101555,0.82738835,24.723635
35.74,8.9036455,128.75429,-0.021051547,0.82893276,24.723608
35.75,8.90394,128.76834,-0.021087663,0.8304726,24.723583
35.76,8.904232,128.7824,-0.02112366,0.8320109,24.723558
35.77,8.904526,128.79637,-0.021158991,0.83354634,24.723532
35.78,8.9048195,128.8103,-0.02119491,0.83507884,24.723501
35.79,8.905108,128.82422,-0.021230469,0.83660907,24.723475
35.8,8.905401,128.83807,-0.021266045,0.83813757,24.723452
35.81,8.905691,128.85191,-0.021301234,0.8396628,24.723429
35.82,8.905978,128.86569,-0.021336535,0.8411854,24.7234
35.83,8.906268,128.87943,-0.021372022,0.84270424,24.72338
35.84,8.906556,128.89313,-0.021407066,0.8442198,24.723364
35.85,8.90684,128.9068,-0.021442091,0.84573567,24.723333
35.86,8.907128,128.92041,-0.021476964,0.8472481,24.723312
35.87,8.9074135,128.93399,-0.021511672,0.84875715,24.723288
35.88,8.907696,128.94751,-0.021546548,0.8502653,24.723274
35.89,8.907979,128.96095,-0.02158122,0.85177016,24.723246
35.9,8.908263,128.97444,-0.021615664,0.8532707,24.723234
35.91,8.908548,128.98785,-0.021650003,0.85476816,24.723206
35.92,8.908826,129.00125,-0.021684395,0.856265,24.723183
35.93,8.909105,129.01459,-0.021718489,0.8577579,24.723164
35.94,8.909388,129.02785,-0.021752981,0.8592506,24.723158
35.95,8.909664,129.04115,-0.021786733,0.8607385,24.723127
35.96,8.909944,129.05432,-0.021820715,0.86222404,24.723116
35.97,8.910221,129.06752,-0.021854857,0.8637089,24.7231
35.98,8.910499,129.08066,-0.021888448,0.8651877,24.72308
35.99,8.910775,129.09375,-0.021922259,0.8666662,24.723068
36.0,8.911048,129.10678,-0.021955872,0.8681416,24.723051
36.01,8.911323,129.1198,-0.021989124,0.8696144,24.723034
36.02,8.911599,129.13278,-0.022022495,0.8710865,24.723019
36.03,8.911868,129.1457,-0.022055766,0.8725532,24.723007
36.04,8.912143,129.15863,-0.02208914,0.8740181,24.722988
36.05,8.9124155,129.1715,-0.022122102,0.87547976,24.722979
36.06,8.912685,129.1843,-0.022154966,0.8769401,24.722967
36.07,8.912955,129.19711,-0.022188196,0.8783981,24.722956
36.08,8.913226,129.20981,-0.02222074,0.87985444,24.72294
36.09,8.913494,129.22255,-0.022253482,0.8813065,24.722935
36.1,8.913761,129.2352,-0.022285985,0.8827551,24.722921
36.11,8.914029,129.24785,-0.022318678,0.8842019,24.722912
36.12,8.914298,129.26045,-0.02235098,0.8856462,24.722898
36.13,8.914564,129.27303,-0.022383383,0.88708866,24.722883
36.14,8.914825,129.2855,-0.022415629,0.8885267,24.722874
36.15,8.915092,129.29802,-0.02244767,0.8899659,24.72287
36.16,8.915356,129.31049,-0.022479324,0.89139974,24.722866
36.17,8.915619,129.32288,-0.022511525,0.8928301,24.722845
36.18,8.915879,129.33522,-0.022543194,0.89425915,24.722841
36.19,8.9161415,129.34758,-0.022574825,0.8956892,24.722834
36.2,8.916405,129.3599,-0.022606594,0.89711165,24.722828
36.21,8.916665,129.37215,-0.022638047,0.8985323,24.722816
36.22,8.916926,129.38437,-0.022669462,0.8999512,24.722807
36.23,8.917183,129.39653,-0.022700937,0.9013678,24.722805
36.24,8.917443,129.40872,-0.022732174,0.9027811,24.722809
36.25,8.917699,129.42085,-0.022763072,0.90419286,24.722801
36.26,8.917955,129.43295,-0.022794178,0.9056015,24.722786
36.27,8.918213,129.44499,-0.022825362,0.9070069,24.722784
36.28,8.918467,129.457,-0.022856029,0.9084131,24.72278
36.29,8.918722,129.469,-0.022886561,0.9098134,24.722778
36.3,8.918977,129.48088,-0.022917377,0.9112121,24.722769
36.31,8.91923,129.49281,-0.022947913,0.9126087,24.722773
36.32,8.919481,129.50471,-0.0229783,0.9140016,24.72277
36.33,8.919732,129.51653,-0.023008527,0.9153928,24.722769
36.34,8.919984,129.52835,-0.023038791,0.9167807,24.722767
36.35,8.920238,129.54012,-0.023068974,0.91816765,24.722769
36.36,8.920487,129.55186,-0.023099119,0.919553,24.722761
36.37,8.920734,129.56352,-0.023129022,0.9209331,24.722765
36.38,8.920984,129.57516,-0.023158865,0.9223109,24.722761
36.39,8.921235,129.58685,-0.023188272,0.9236876,24.722761
36.4,8.921481,129.59848,-0.023218168,0.9250616,24.722755
36.41,8.921727,129.60999,-0.023247605,0.92643416,24.722761
36.42,8.921974,129.62157,-0.023277076,0.9278004,24.72277
36.43,8.92222,129.63304,-0.023306808,0.9291661,24.722767
36.44,8.922463,129.64452,-0.02333578,0.9305306,24.722767
36.45,8.922707,129.65593,-0.023365146,0.93189216,24.722769
36.46,8.922953,129.66733,-0.023394154,0.93324995,24.72277
36.47,8.923193,129.6787,-0.023423018,0.93460685,24.722776
36.48,8.923436,129.69,-0.023452217,0.93595916,24.722778
36.49,8.9236765,129.70132,-0.023480678,0.9373119,24.722776
36.5,8.923921,129.7126,-0.023509214,0.93865967,24.722786
36.51,8.92416,129.72385,-0.023537794,0.9400069,24.722788
36.52,8.9244,129.73497,-0.023566382,0.9413511,24.722795
36.53,8.924637,129.74615,-0.023594601,0.94269145,24.72279
36.54,8.924879,129.75731,-0.023623126,0.94403094,24.72281
36.55,8.925113,129.76842,-0.023651233,0.94536763,24.722813
36.56,8.925353,129.77953,-0.02367931,0.94670266,24.722813
36.57,8.925589,129.79054,-0.02370721,0.9480327,24.722818
36.58,8.925824,129.80151,-0.023735052,0.9493622,24.72283
36.59,8.926061,129.8125,-0.023762746,0.95068914,24.722836
36.6,8.926294,129.82344,-0.023790432,0.9520141,24.72285
36.61,8.926528,129.83438,-0.02381803,0.9533356,24.722858
36.62,8.926763,129.84526,-0.023845429,0.95465356,24.722862
36.63,8.926996,129.8561,-0.02387284,0.95597327,24.722876
36.64,8.927227,129.86691,-0.023899915,0.9572874,24.722878
36.65,8.92746,129.87769,-0.023927158,0.9585984,24.722883
36.66,8.927693,129.88844,-0.023954196,0.9599071,24.722889
36.67,8.927922,129.89919,-0.023981268,0.9612154,24.722904
36.68,8.928152,129.90988,-0.02400834,0.9625198,24.72292
36.69,8.92838,129.92049,-0.024035098,0.96382153,24.722925
36.7,8.92861,129.93118,-0.024061779,0.9651218,24.722933
36.71,8.928839,129.94176,-0.024088407,0.96641827,24.72294
36.72,8.929067,129.95233,-0.024114946,0.96771497,24.722956
36.73,8.929296,129.96286,-0.02414109,0.96900815,24.722973
36.74,8.92952,129.97333,-0.024167554,0.9702989,24.72298
36.75,8.929745,129.98384,-0.024193889,0.97158474,24.722996
36.76,8.929969,129.99431,-0.024219787,0.9728724,24.723007
36.77,8.930193,130.00471,-0.02424602,0.97415435,24.723015
36.78,8.930418,130.0151,-0.024271833,0.97543365,24.72303
36.79,8.93064,130.02547,-0.024297493,0.97671384,24.723042
36.8,8.930866,130.03583,-0.02432339,0.9779899,24.723057
36.81,8.931084,130.0461,-0.024348946,0.9792636,24.723068
36.82,8.931307,130.05638,-0.024374148,0.9805356,24.723082
36.83,8.931529,130.06662,-0.024399633,0.98180383,24.723103
36.84,8.931751,130.07684,-0.024425084,0.9830713,24.723114
36.85,8.93197,130.08702,-0.024450267,0.98433423,24.72313
36.86,8.93219,130.09717,-0.024475666,0.985597,24.723143
36.87,8.932407,130.10728,-0.024500346,0.98685515,24.723158
36.88,8.932627,130.11737,-0.024525424,0.98811424,24.723175
36.89,8.932841,130.12741,-0.02455016,0.98936784,24.723194
36.9,8.933061,130.13748,-0.024575027,0.99062055,24.723204
36.91,8.933277,130.1475,-0.02459955,0.9918703,24.723227
36.92,8.9334955,130.1575,-0.024624003,0.9931194,24.723242
36.93,8.933711,130.16745,-0.024648627,0.9943641,24.723269
36.94,8.933925,130.1774,-0.024672912,0.9956074,24.72328
36.95,8.934136,130.18726,-0.024697253,0.99684787,24.723297
36.96,8.934352,130.19716,-0.024721486,0.99808663,24.723316
36.97,8.934565,130.20699,-0.024745317,0.9993232,24.72333
36.98,8.934778,130.21678,-0.024769315,1.0005572,24.72335
36.99,8.93499,130.2266,-0.024793273,1.0017889,24.723364
37.0,8.935201,130.23637,-0.024817063,1.0030185,24.72339
37.01,8.935411,130.24606,-0.024840483,1.0042436,24.723406
37.02,8.935622,130.25575,-0.024864407,1.0054688,24.723425
37.03,8.935834,130.26546,-0.02488775,1.0066899,24.723442
37.04,8.936043,130.2751,-0.024911126,1.0079103,24.723475
37.05,8.936251,130.2847,-0.024934256,1.0091294,24.723495
37.06,8.936459,130.29433,-0.024957357,1.0103446,24.723513
37.07,8.936666,130.30388,-0.02498073,1.0115585,24.723528
37.08,8.9368725,130.31343,-0.025003562,1.0127698,24.723547
37.09,8.937082,130.32292,-0.02502654,1.013977,24.723566
37.1,8.937286,130.33244,-0.025049372,1.0151832,24.723593
37.11,8.937493,130.3419,-0.025072059,1.0163869,24.723618
37.12,8.937698,130.35133,-0.025094775,1.0175893,24.723637
37.13,8.937902,130.36073,-0.025117101,1.0187886,24.723656
37.14,8.938106,130.37015,-0.025139587,1.0199856,24.723688
37.15,8.938311,130.37946,-0.025161842,1.0211809,24.723705
37.16,8.938513,130.38878,-0.025183959,1.0223726,24.723728
37.17,8.938714,130.39807,-0.025206072,1.0235631,24.723755
37.18,8.938918,130.40738,-0.025228528,1.0247527,24.723778
37.19,8.939117,130.41666,-0.025250291,1.025938,24.7238
37.2,8.9393215,130.4258,-0.02527185,1.0271225,24.723816
37.21,8.939517,130.43501,-0.02529375,1.0283046,24.723837
37.22,8.939718,130.44423,-0.025315223,1.0294826,24.723875
37.23,8.9399185,130.45335,-0.025336878,1.0306586,24.723896
37.24,8.940121,130.46248,-0.025358466,1.0318345,24.72393
37.25,8.940314,130.47157,-0.025379958,1.0330069,24.72395
37.26,8.940515,130.48065,-0.025401464,1.0341772,24.723978
37.27,8.940712,130.48969,-0.025422486,1.0353465,24.723997
37.28,8.940905,130.49873,-0.025443355,1.0365113,24.724024
37.29,8.941106,130.50769,-0.025464324,1.0376756,24.724052
37.3,8.9413,130.5167,-0.025485368,1.0388364,24.724073
37.31,8.941495,130.52556,-0.025506062,1.0399957,24.724102
37.32,8.941689,130.53456,-0.025526693,1.0411541,24.724127
37.33,8.941885,130.54346,-0.025547566,1.0423084,24.724155
37.34,8.94208,130.55234,-0.025568051,1.0434614,24.724182
37.35,8.942275,130.56114,-0.025588376,1.0446122,24.724203
37.36,8.942465,130.56995,-0.025608903,1.0457611,24.724243
37.37,8.942659,130.57874,-0.025629317,1.0469066,24.724262
37.38,8.942848,130.58755,-0.025649125,1.0480504,24.72429
37.39,8.943043,130.59625,-0.025669431,1.0491915,24.72432
37.4,8.943232,130.60501,-0.02568915,1.0503318,24.724348
37.41,8.943421,130.6137,-0.025709337,1.0514692,24.72438
37.42,8.943612,130.62238,-0.025728798,1.0526056,24.724403
37.43,8.943801,130.63103,-0.02574862,1.053737,24.72444
37.44,8.94399,130.63963,-0.025767995,1.0548701,24.724466
37.45,8.944179,130.64824,-0.025787568,1.0559975,24.724495
37.46,8.944369,130.65686,-0.025807047,1.0571259,24.724525
37.47,8.944554,130.66539,-0.025826434,1.0582505,24.724556
37.48,8.944743,130.67393,-0.025845697,1.0593722,24.724585
37.49,8.944931,130.68245,-0.025864704,1.0604931,24.724613
37.5,8.945114,130.69092,-0.025883766,1.0616115,24.724651
37.51,8.945297,130.69936,-0.025902988,1.0627258,24.72468
37.52,8.945484,130.70782,-0.025921633,1.0638409,24.72471
37.53,8.945669,130.71622,-0.025940394,1.0649526,24.72474
37.54,8.945856,130.72466,-0.025958935,1.066064,24.724766
37.55,8.946041,130.73296,-0.02597768,1.0671705,24.724808
37.56,8.946222,130.74136,-0.025996113,1.0682766,24.72484
37.57,8.946406,130.74965,-0.026014527,1.0693794,24.72487
37.58,8.946587,130.75797,-0.026032886,1.0704807,24.724897
37.59,8.94677,130.76625,-0.026050912,1.0715802,24.724934
37.6,8.946951,130.7745,-0.026069226,1.0726774,24.724966
37.61,8.947133,130.78271,-0.026087167,1.0737715,24.725
37.62,8.947311,130.79092,-0.026105067,1.0748652,24.725023
37.63,8.947493,130.79912,-0.026123082,1.0759574,24.725054
37.64,8.947673,130.8073,-0.026140893,1.0770452,24.725092
37.65,8.947851,130.8154,-0.026158607,1.0781323,24.72513
37.66,8.948031,130.82358,-0.026176063,1.0792165,24.725168
37.67,8.948208,130.83163,-0.026193498,1.0802984,24.725191
37.68,8.948384,130.83974,-0.02621107,1.081379,24.725225
37.69,8.948566,130.84776,-0.02622811,1.082457,24.725266
37.7,8.948741,130.8558,-0.026245477,1.0835339,24.725298
37.71,8.948918,130.8638,-0.026262572,1.0846078,24.72533
37.72,8.949093,130.87184,-0.026279667,1.085681,24.725372
37.73,8.94927,130.87976,-0.026296718,1.0867507,24.725395
37.74,8.949448,130.88768,-0.026313553,1.0878191,24.725441
37.75,8.949623,130.89563,-0.026330406,1.0888854,24.725477
37.76,8.949794,130.90355,-0.026346838,1.0899504,24.725506
37.77,8.949968,130.91144,-0.026363691,1.0910136,24.725542
37.78,8.950142,130.91924,-0.026380224,1.0920718,24.725574
37.79,8.950316,130.92711,-0.026396675,1.0931305,24.72561
37.8,8.95049,130.93492,-0.026413085,1.0941867,24.72565
37.81,8.950661,130.94272,-0.02642913,1.0952396,24.725689
37.82,8.95083,130.95047,-0.0264456,1.0962924,24.725718
37.83,8.951003,130.95824,-0.026461514,1.0973421,24.72575
37.84,8.951175,130.96596,-0.02647738,1.098391,24.725788
37.85,8.951346,130.97366,-0.026493264,1.0994362,24.725826
37.86,8.951514,130.98135,-0.026509194,1.10048,24.725872
37.87,8.951685,130.989,-0.026524903,1.101522,24.725899
37.88,8.951854,130.99667,-0.02654049,1.1025625,24.725937
37.89,8.952024,131.00436,-0.026556233,1.1035998,24.725977
37.9,8.95219,131.01193,-0.026571864,1.1046373,24.726017
37.91,8.952359,131.01952,-0.026586829,1.1056695,24.726057
37.92,8.952526,131.02708,-0.026602296,1.1067021,24.726088
37.93,8.952696,131.0346,-0.026617395,1.1077325,24.726124
37.94,8.952861,131.04213,-0.026632598,1.1087604,24.726162
37.95,8.953029,131.04964,-0.02664723,1.1097871,24.72621
37.96,8.953194,131.0571,-0.026662664,1.1108093,24.72624
37.97,8.95336,131.06465,-0.026677499,1.1118327,24.726278
37.98,8.953526,131.07202,-0.02669202,1.112854,24.726313
37.99,8.953691,131.07948,-0.026706642,1.1138717,24.72635
38.0,8.953854,131.08688,-0.026721513,1.1148878,24.726387
38.01,8.954019,131.09427,-0.026735982,1.115903,24.726435
38.02,8.954181,131.10162,-0.026750384,1.1169158,24.726473
38.03,8.954344,131.10898,-0.026765129,1.1179259,24.726513
38.04,8.954506,131.11627,-0.02677896,1.1189345,24.72655
38.05,8.954669,131.12357,-0.026793225,1.1199404,24.72659
38.06,8.954831,131.13089,-0.026807478,1.1209472,24.726633
38.07,8.954993,131.13817,-0.026821265,1.1219488,24.726675
38.08,8.955154,131.14537,-0.026835283,1.1229502,24.726707
38.09,8.955317,131.15259,-0.026849201,1.1239477,24.726751
38.1,8.955476,131.15985,-0.02686256,1.1249468,24.726784
38.11,8.955637,131.16702,-0.02687653,1.1259418,24.726831
38.12,8.955795,131.17418,-0.0268898,1.1269364,24.726868
38.13,8.9559555,131.18132,-0.02690359,1.1279259,24.726912
38.14,8.956114,131.18845,-0.026917128,1.1289152,24.726955
38.15,8.956271,131.19557,-0.026930233,1.1299042,24.726992
38.16,8.95643,131.20267,-0.026943656,1.130889,24.727032
38.17,8.956589,131.20973,-0.02695681,1.1318723,24.727081
38.18,8.956745,131.2168,-0.026969953,1.1328548,24.727114
38.19,8.956901,131.22383,-0.02698288,1.1338352,24.727156
38.2,8.957058,131.23083,-0.026995791,1.134814,24.727194
38.21,8.957216,131.23785,-0.027008535,1.1357895,24.727236
38.22,8.957369,131.2448,-0.027021209,1.1367646,24.72729
38.23,8.957523,131.2518,-0.027033975,1.1377376,24.727331
38.24,8.957683,131.25868,-0.027046414,1.1387082,24.727364
38.25,8.957834,131.26569,-0.027059061,1.1396763,24.727406
38.26,8.957992,131.27255,-0.027071403,1.1406432,24.727444
38.27,8.958142,131.27945,-0.027084058,1.141609,24.727493
38.28,8.958298,131.28632,-0.027096057,1.142572,24.727535
38.29,8.95845,131.29318,-0.027108302,1.1435347,24.727573
38.3,8.958601,131.29997,-0.02712035,1.1444939,24.72761
38.31,8.958756,131.30681,-0.027132487,1.14545,24.727657
38.32,8.958908,131.31361,-0.027144397,1.1464084,24.727701
38.33,8.959059,131.32042,-0.027156217,1.1473612,24.727741
38.34,8.95921,131.32715,-0.027167989,1.1483136,24.727781
38.35,8.959361,131.33392,-0.027179511,1.1492645,24.727829
38.36,8.959513,131.34062,-0.027191425,1.1502137,24.727869
38.37,8.9596615,131.34732,-0.027202921,1.1511605,24.727913
38.38,8.959812,131.35399,-0.027214194,1.1521062,24.727962
38.39,8.959962,131.36069,-0.027225723,1.1530478,24.728003
38.4,8.960112,131.36732,-0.027236944,1.15399,24.728048
38.41,8.960259,131.374,-0.027248325,1.1549296,24.728088
38.42,8.960409,131.3806,-0.0272593,1.155867,24.728132
38.43,8.960556,131.38722,-0.027270438,1.1568046,24.728168
38.44,8.960702,131.39377,-0.02728158,1.1577384,24.72822
38.45,8.960851,131.40036,-0.027292414,1.15867,24.728256
38.46,8.960997,131.4069,-0.027303161,1.159602,24.72831
38.47,8.961144,131.41347,-0.027313942,1.1605308,24.72835
38.48,8.961291,131.41995,-0.027324622,1.1614578,24.728395
38.49,8.961437,131.42647,-0.027335165,1.1623828,24.72844
38.5,8.961581,131.43295,-0.027345734,1.1633074,24.728481
38.51,8.961728,131.43938,-0.02735625,1.16423,24.728527
38.52,8.961874,131.44589,-0.027366413,1.1651479,24.728567
38.53,8.962018,131.45224,-0.027376441,1.1660671,24.728619
38.54,8.962162,131.45872,-0.02738682,1.1669843,24.728655
38.55,8.962305,131.46509,-0.027397035,1.1678993,24.72871
38.56,8.96245,131.4715,-0.02740704,1.1688118,24.728754
38.57,8.962594,131.4778,-0.027416995,1.1697245,24.728804
38.58,8.962734,131.48416,-0.027426908,1.1706338,24.728838
38.59,8.962877,131.49051,-0.027436843,1.1715412,24.728884
38.6,8.963018,131.49683,-0.027446354,1.1724478,24.728933
38.61,8.9631605,131.50314,-0.027456073,1.1733521,24.728973
38.62,8.963302,131.50938,-0.027465837,1.174254,24.729025
38.63,8.963443,131.51567,-0.027475266,1.1751562,24.729069
38.64,8.963585,131.52193,-0.027484743,1.1760554,24.729105
38.65,8.963724,131.52812,-0.02749396,1.1769544,24.72916
38.66,8.963865,131.53435,-0.027503269,1.1778494,24.729208
38.67,8.964005,131.54056,-0.027512414,1.1787428,24.729246
38.68,8.964143,131.54674,-0.02752159,1.1796358,24.72929
38.69,8.964282,131.55293,-0.027530516,1.1805257,24.729342
38.7,8.964422,131.55908,-0.027539758,1.1814148,24.729391
38.71,8.96456,131.56522,-0.027548345,1.1823028,24.729433
38.72,8.964701,131.57133,-0.027557427,1.1831888,24.729483
38.73,8.964837,131.57741,-0.027565932,1.184072,24.729528
38.74,8.964973,131.58353,-0.027574705,1.1849554,24.729578
38.75,8.965112,131.58957,-0.027583325,1.1858352,24.729624
38.76,8.965248,131.59564,-0.027591808,1.1867146,24.729666
38.77,8.9653845,131.60168,-0.027600145,1.1875924,24.729704
38.78,8.965521,131.60773,-0.02760862,1.1884682,24.729763
38.79,8.965659,131.61372,-0.027617158,1.1893423,24.729803
38.8,8.965794,131.6197,-0.027625216,1.1902148,24.72985
38.81,8.965925,131.62569,-0.02763333,1.1910851,24.729898
38.82,8.966063,131.63167,-0.027641391,1.1919531,24.729942
38.83,8.966199,131.63759,-0.027649412,1.192821,24.729982
38.84,8.9663315,131.64352,-0.027657462,1.1936876,24.730032
38.85,8.966466,131.64944,-0.027665174,1.1945508,24.730085
38.86,8.9665985,131.65532,-0.027673142,1.1954128,24.730125
38.87,8.966734,131.66122,-0.027680775,1.1962754,24.730179
38.88,8.966866,131.6671,-0.02768842,1.1971333,24.730223
38.89,8.966999,131.67296,-0.02769612,1.1979905,24.730272
38.9,8.967132,131.6788,-0.02770348,1.1988469,24.730316
38.91,8.967263,131.68463,-0.027710935,1.1997002,24.73037
38.92,8.967395,131.69044,-0.02771823,1.2005538,24.730417
38.93,8.96753,131.69621,-0.027725568,1.2014047,24.730463
38.94,8.96766,131.702,-0.027732784,1.2022531,24.730516
38.95,8.967788,131.70776,-0.0277399,1.203101,24.73056
38.96,8.967919,131.71349,-0.027746966,1.2039468,24.73061
38.97,8.968053,131.71928,-0.02775385,1.2047914,24.730648
38.98,8.968182,131.72498,-0.027760765,1.2056354,24.7307
38.99,8.968311,131.7307,-0.02776773,1.2064774,24.730751
39.0,8.968441,131.73636,-0.027774578,1.2073163,24.730791
39.01,8.968571,131.7421,-0.027781317,1.2081541,24.730835
39.02,8.968698,131.74771,-0.027787888,1.2089909,24.730894
39.03,8.968827,131.7534,-0.027794337,1.2098265,24.730936
39.04,8.968955,131.759,-0.027801147,1.2106591,24.730982
39.05,8.969085,131.76463,-0.02780748,1.2114915,24.731031
39.06,8.969211,131.77023,-0.027813742,1.2123221,24.731085
39.07,8.96934,131.7758,-0.02782028,1.2131503,24.731125
39.08,8.969463,131.78142,-0.027826248,1.2139767,24.73117
39.09,8.969593,131.78696,-0.027832555,1.2148031,24.731228
39.1,8.969719,131.79247,-0.027838593,1.2156266,24.731276
39.11,8.969844,131.79805,-0.027844528,1.2164506,24.73132
39.12,8.969971,131.80356,-0.027850626,1.2172693,24.731367
39.13,8.970092,131.8091,-0.027856527,1.2180895,24.731415
39.14,8.970219,131.81451,-0.02786238,1.2189071,24.731466
39.15,8.970342,131.82004,-0.02786805,1.2197237,24.731518
39.16,8.970468,131.82547,-0.0278736,1.2205379,24.731565
39.17,8.970593,131.83095,-0.027879512,1.2213511,24.731615
39.18,8.970717,131.83638,-0.027884724,1.2221627,24.731659
39.19,8.970844,131.8418,-0.027890457,1.2229733,24.731714
39.2,8.970966,131.8472,-0.02789553,1.2237821,24.731758
39.21,8.971089,131.85262,-0.027900973,1.2245883,24.731808
39.22,8.971213,131.85799,-0.027906409,1.2253951,24.731863
39.23,8.9713335,131.86337,-0.02791165,1.2261974,24.731907
39.24,8.9714575,131.8687,-0.027916523,1.2270008,24.731953
39.25,8.97158,131.87404,-0.027921734,1.2278012,24.732004
39.26,8.971703,131.87936,-0.027926804,1.2286012,24.732054
39.27,8.971825,131.8847,-0.027931778,1.2293992,24.732096
39.28,8.971944,131.89,-0.027936583,1.2301956,24.732153
39.29,8.972068,131.8953,-0.027941225,1.2309909,24.732195
39.3,8.972186,131.90059,-0.027946113,1.2317845,24.73225
39.31,8.972308,131.9058,-0.027950874,1.2325758,24.732294
39.32,8.972429,131.91104,-0.027955549,1.2333667,24.732346
39.33,8.9725485,131.9163,-0.02796003,1.2341553,24.732393
39.34,8.97267,131.92148,-0.027964456,1.2349415,24.73244
39.35,8.972787,131.92674,-0.027968785,1.235729,24.732487
39.36,8.972906,131.93192,-0.027972976,1.2365123,24.73254
39.37,8.973027,131.9371,-0.02797748,1.2372963,24.732588
39.38,8.973145,131.94228,-0.027981715,1.2380778,24.73264
39.39,8.973263,131.9474,-0.027985955,1.238858,24.732687
39.4,8.97338,131.95253,-0.027989896,1.2396362,24.732742
39.41,8.973498,131.9577,-0.027994035,1.2404139,24.73279
39.42,8.973615,131.96283,-0.027998017,1.2411885,24.732841
39.43,8.973732,131.96794,-0.028001731,1.2419629,24.732882
39.44,8.973849,131.97298,-0.02800565,1.2427357,24.732933
39.45,8.973966,131.9781,-0.028009491,1.2435082,24.732988
39.46,8.974082,131.98315,-0.02801315,1.2442771,24.733034
39.47,8.974198,131.98816,-0.028016666,1.2450461,24.733084
39.48,8.974316,131.99324,-0.028020544,1.2458135,24.733137
39.49,8.974432,131.99823,-0.02802383,1.2465786,24.733177
39.5,8.9745455,132.00328,-0.028027562,1.2473422,24.733234
39.51,8.974661,132.0083,-0.028030666,1.248105,24.733284
39.52,8.974777,132.01328,-0.028033925,1.2488662,24.733326
39.53,8.974892,132.01825,-0.028037405,1.2496252,24.733383
39.54,8.975005,132.0232,-0.028040564,1.2503854,24.733429
39.55,8.975121,132.02815,-0.028043719,1.2511423,24.73348
39.56,8.975231,132.03313,-0.028046647,1.2518975,24.73353
39.57,8.97535,132.03806,-0.028049836,1.2526503,24.733578
39.58,8.97546,132.04292,-0.028052816,1.2534052,24.733622
39.59,8.97557,132.04782,-0.02805571,1.2541554,24.733677
39.6,8.975685,132.05273,-0.02805853,1.2549052,24.733736
39.61,8.9758,132.05759,-0.028061507,1.2556523,24.733784
39.62,8.975913,132.06252,-0.028064096,1.2564,24.733826
39.63,8.976023,132.06734,-0.028066741,1.2571461,24.733877
39.64,8.976135,132.07214,-0.028069312,1.2578896,24.733927
39.65,8.976245,132.077,-0.028071886,1.2586341,24.733974
39.66,8.976357,132.08186,-0.02807452,1.2593745,24.73402
39.67,8.976469,132.08664,-0.028076412,1.2601151,24.734077
39.68,8.9765835,132.09142,-0.028079087,1.2608538,24.734129
39.69,8.976688,132.09624,-0.028081348,1.2615917,24.734169
39.7,8.976801,132.10095,-0.028083658,1.2623279,24.734222
39.71,8.976913,132.10571,-0.028085658,1.2630621,24.734274
39.72,8.97702,132.11046,-0.0280878,1.2637957,24.734327
39.73,8.977132,132.11523,-0.028089995,1.2645268,24.734371
39.74,8.9772415,132.11992,-0.02809194,1.2652595,24.734425
39.75,8.977353,132.12463,-0.028093813,1.2659868,24.734476
39.76,8.977459,132.12932,-0.02809571,1.2667152,24.734522
39.77,8.977569,132.13403,-0.028097557,1.2674416,24.734573
39.78,8.977675,132.1387,-0.028099338,1.2681665,24.734621
39.79,8.977782,132.14339,-0.028101133,1.2688903,24.734676
39.8,8.97789,132.148,-0.028102444,1.2696124,24.734724
39.81,8.978001,132.15265,-0.02810434,1.2703336,24.734764
39.82,8.978106,132.1573,-0.028105738,1.2710532,24.734823
39.83,8.978215,132.1619,-0.028107328,1.2717724,24.734867
39.84,8.978318,132.16652,-0.028108591,1.2724893,24.734926
39.85,8.978428,132.17108,-0.028109847,1.2732053,24.73497
39.86,8.978535,132.17569,-0.028111393,1.2739187,24.735025
39.87,8.9786415,132.18025,-0.028112596,1.2746316,24.735071
39.88,8.978746,132.18481,-0.028113713,1.2753437,24.735128
39.89,8.97885,132.18935,-0.028114779,1.2760538,24.735174
39.9,8.978959,132.19392,-0.028115692,1.2767625,24.735226
39.91,8.979063,132.19843,-0.028116846,1.2774708,24.735275
39.92,8.979169,132.20293,-0.028117793,1.2781777,24.735327
39.93,8.979277,132.20746,-0.028118784,1.2788821,24.735376
39.94,8.979378,132.21194,-0.028119555,1.2795856,24.73542
39.95,8.979483,132.21645,-0.028120464,1.2802894,24.735472
39.96,8.979587,132.22092,-0.028121287,1.2809895,24.735516
39.97,8.979693,132.22534,-0.028121741,1.2816901,24.735575
39.98,8.979796,132.2298,-0.028122427,1.2823887,24.735624
39.99,8.979897,132.23427,-0.028122945,1.2830875,24.735676
40.0,8.980001,132.23868,-0.028123291,1.2837828,24.735725
40.01,8.980104,132.24315,-0.02812376,1.2844771,24.73577
40.02,8.980211,132.24753,-0.0281241,1.28517,24.735823
40.03,8.980313,132.25192,-0.028124629,1.2858634,24.735863
40.04,8.980413,132.2563,-0.028124897,1.2865534,24.735918
40.05,8.980517,132.26068,-0.028125132,1.2872442,24.735968
40.06,8.9806185,132.26505,-0.02812528,1.2879324,24.736023
40.07,8.980718,132.26941,-0.02812534,1.2886202,24.736069
40.08,8.9808235,132.27373,-0.028125575,1.2893049,24.73612
40.09,8.980921,132.27806,-0.028125348,1.2899901,24.736174
40.1,8.981023,132.28236,-0.02812549,1.2906733,24.73622
40.11,8.981126,132.28671,-0.028125418,1.2913551,24.736269
40.12,8.981225,132.29102,-0.028125314,1.2920358,24.736317
40.13,8.981324,132.29532,-0.028124912,1.2927148,24.736364
40.14,8.981424,132.2996,-0.02812483,1.2933942,24.736416
40.15,8.981524,132.30386,-0.028124435,1.2940713,24.73647
40.16,8.981621,132.30807,-0.028124077,1.2947458,24.736517
40.17,8.981728,132.31235,-0.028123641,1.2954206,24.736568
40.18,8.981824,132.31659,-0.028123276,1.2960945,24.736612
40.19,8.981923,132.32082,-0.028122691,1.296766,24.736673
40.2,8.982018,132.32506,-0.028121995,1.2974372,24.73672
40.21,8.9821205,132.32927,-0.028121563,1.298107,24.736774
40.22,8.982221,132.33345,-0.028120974,1.2987751,24.736809
40.23,8.982317,132.33766,-0.028120143,1.2994422,24.73687
40.24,8.982416,132.3418,-0.028119208,1.3001078,24.736914
40.25,8.982514,132.34598,-0.028118586,1.300773,24.736969
40.26,8.982612,132.35013,-0.028117577,1.3014365,24.737015
40.27,8.98271,132.35426,-0.028116485,1.3020991,24.737062
40.28,8.982805,132.35843,-0.028115569,1.3027604,24.737122
40.29,8.9829035,132.36255,-0.02811472,1.303421,24.737165
40.3,8.982998,132.36664,-0.028113512,1.3040789,24.737211
40.31,8.983098,132.37076,-0.028112413,1.3047369,24.737259
40.32,8.9831915,132.3749,-0.028111251,1.3053923,24.737318
40.33,8.98329,132.37895,-0.028109895,1.3060473,24.737358
40.34,8.983384,132.38306,-0.028108707,1.3067025,24.737408
40.35,8.983479,132.38713,-0.028107138,1.3073548,24.737461
40.36,8.983577,132.39114,-0.028106054,1.3080057,24.737513
40.37,8.983674,132.39519,-0.02810449,1.308655,24.73756
40.38,8.983769,132.39925,-0.028102988,1.3093052,24.737614
40.39,8.983864,132.4033,-0.028101465,1.3099523,24.73766
40.4,8.983957,132.40729,-0.028099703,1.3106002,24.737703
40.41,8.984051,132.41129,-0.028098045,1.3112459,24.737757
40.42,8.984146,132.41527,-0.028096559,1.3118905,24.737808
40.43,8.984242,132.41931,-0.028094748,1.3125327,24.737848
40.44,8.984334,132.42328,-0.028093113,1.313174,24.737906
40.45,8.984428,132.42722,-0.028091395,1.3138155,24.737955
40.46,8.984523,132.43121,-0.02808928,1.3144546,24.738007
40.47,8.984616,132.43513,-0.028087234,1.3150928,24.738052
40.48,8.984709,132.43906,-0.028085241,1.3157315,24.738108
40.49,8.984802,132.44302,-0.02808355,1.3163664,24.738146
40.5,8.984897,132.44695,-0.02808137,1.3170023,24.738201
40.51,8.984989,132.45087,-0.02807925,1.3176366,24.738255
40.52,8.98508,132.45474,-0.02807686,1.3182693,24.73831
40.53,8.98517,132.45863,-0.028074695,1.3188999,24.73835
40.54,8.985267,132.46252,-0.028072292,1.3195308,24.738407
40.55,8.985358,132.46643,-0.028070135,1.3201597,24.738445
40.56,8.985446,132.47028,-0.028067486,1.3207886,24.7385
40.57,8.985537,132.47414,-0.028065203,1.3214152,24.738544
40.58,8.985632,132.47801,-0.028063035,1.3220408,24.738596
40.59,8.985722,132.48186,-0.028060513,1.3226662,24.738644
40.6,8.985812,132.48566,-0.028057793,1.3232894,24.738693
40.61,8.985903,132.48946,-0.028055048,1.3239124,24.738745
40.62,8.985992,132.49329,-0.02805238,1.3245335,24.738792
40.63,8.986085,132.49709,-0.028049832,1.3251544,24.738842
40.64,8.986172,132.50089,-0.028046994,1.3257726,24.738882
40.65,8.986266,132.50468,-0.028044088,1.326391,24.738937
40.66,8.986357,132.5084,-0.0280416,1.327007,24.738987
40.67,8.986443,132.5122,-0.028038507,1.3276231,24.739035
40.68,8.986533,132.51595,-0.028035684,1.3282381,24.739084
40.69,8.986622,132.5197,-0.028032502,1.3288505,24.739126
40.7,8.98671,132.52347,-0.028029582,1.3294646,24.739176
40.71,8.986799,132.5272,-0.028026538,1.3300754,24.739231
40.72,8.986888,132.53091,-0.028023416,1.3306861,24.739286
40.73,8.986977,132.53467,-0.028020343,1.3312951,24.739326
40.74,8.987065,132.53835,-0.028017016,1.3319035,24.739372
40.75,8.987154,132.54204,-0.028013842,1.3325102,24.739426
40.76,8.987241,132.54567,-0.028010456,1.3331156,24.739477
40.77,8.987326,132.54942,-0.028007085,1.3337213,24.739515
40.78,8.987413,132.55307,-0.028003985,1.3343228,24.73957
40.79,8.987504,132.55672,-0.028000271,1.3349268,24.739614
40.8,8.987591,132.56041,-0.027996821,1.3355283,24.739664
40.81,8.9876795,132.56404,-0.027993461,1.3361306,24.739714
40.82,8.987764,132.56767,-0.027989788,1.3367277,24.739769
40.83,8.987853,132.5713,-0.027986294,1.337326,24.739813
40.84,8.987936,132.57492,-0.027982483,1.3379228,24.739859
40.85,8.988025,132.5785,-0.02797898,1.3385184,24.739908
40.86,8.988109,132.58214,-0.027975144,1.339114,24.73995
40.87,8.988194,132.58568,-0.027971542,1.3397083,24.740002
40.88,8.98828,132.58934,-0.027967772,1.3403014,24.740055
40.89,8.988369,132.59285,-0.027963849,1.3408923,24.740099
40.9,8.988454,132.59642,-0.027959606,1.3414848,24.74015
40.91,8.988539,132.6,-0.027955813,1.3420748,24.7402
40.92,8.988622,132.60353,-0.027951991,1.3426627,24.740252
40.93,8.988709,132.6071,-0.027947674,1.3432502,24.740286
40.94,8.988793,132.61066,-0.02794362,1.3438373,24.740343
40.95,8.988876,132.61415,-0.02793969,1.3444215,24.740387
40.96,8.988961,132.61761,-0.02793541,1.3450081,24.740442
40.97,8.989046,132.6212,-0.027931081,1.3455902,24.74049
40.98,8.98913,132.62468,-0.027926886,1.3461733,24.740538
40.99,8.989213,132.62817,-0.02792252,1.3467541,24.740585
41.0,8.989296,132.63162,-0.02791821,1.3473338,24.740627
41.01,8.989384,132.63518,-0.027914116,1.3479135,24.740677
41.02,8.989463,132.63864,-0.027909497,1.3484911,24.740726
41.03,8.989547,132.64203,-0.02790515,1.3490685,24.740768
41.04,8.989631,132.64554,-0.0279006,1.3496455,24.740822
41.05,8.989713,132.64893,-0.027895892,1.3502203,24.740866
41.06,8.989794,132.65236,-0.027891675,1.3507941,24.740921
41.07,8.989881,132.6558,-0.027886724,1.3513665,24.740955
41.08,8.989962,132.6592,-0.027882157,1.35194,24.741016
41.09,8.990042,132.66264,-0.027877597,1.3525099,24.741058
41.1,8.990128,132.66608,-0.027872639,1.3530804,24.74111
41.11,8.990207,132.66945,-0.027867889,1.3536499,24.74115
41.12,8.990289,132.67282,-0.027863095,1.354218,24.741205
41.13,8.990371,132.67622,-0.027858397,1.3547845,24.741247
41.14,8.990454,132.67958,-0.027853327,1.3553511,24.741299
41.15,8.990532,132.68297,-0.027848547,1.3559164,24.74134
41.16,8.990613,132.68628,-0.027843392,1.3564799,24.74139
41.17,8.990695,132.68965,-0.027838362,1.3570437,24.741428
41.18,8.990775,132.693,-0.02783337,1.3576055,24.741482
41.19,8.990852,132.69632,-0.027828308,1.3581672,24.741531
41.2,8.990936,132.69965,-0.027823305,1.358727,24.741581
41.21,8.991015,132.70297,-0.02781784,1.3592863,24.741627
41.22,8.991095,132.70627,-0.027812546,1.3598437,24.74167
41.23,8.991178,132.7096,-0.027807305,1.3604007,24.741722
41.24,8.991256,132.71288,-0.02780206,1.3609565,24.741768
41.25,8.991337,132.71616,-0.027796654,1.3615112,24.741812
41.26,8.991415,132.71944,-0.027791379,1.3620667,24.741858
41.27,8.991492,132.7227,-0.027786033,1.3626195,24.741901
41.28,8.991571,132.72595,-0.027780464,1.363172,24.74195
41.29,8.99165,132.72923,-0.027774973,1.3637235,24.742004
41.3,8.991732,132.73248,-0.02776931,1.364273,24.74205
41.31,8.99181,132.73572,-0.027763953,1.3648211,24.742092
41.32,8.991885,132.73892,-0.02775831,1.3653705,24.74214
41.33,8.991966,132.74217,-0.027752636,1.3659179,24.742184
41.34,8.9920435,132.74538,-0.027746899,1.3664645,24.742235
41.35,8.992121,132.74861,-0.027741248,1.3670094,24.74228
41.36,8.992201,132.75182,-0.027735667,1.3675541,24.742323
41.37,8.992275,132.75502,-0.027729748,1.3680987,24.742374
41.38,8.992356,132.7582,-0.027723772,1.3686411,24.74241
41.39,8.99243,132.76135,-0.027717723,1.369182,24.742468
41.4,8.992505,132.76456,-0.02771199,1.3697238,24.742514
41.41,8.992585,132.76768,-0.027706,1.3702636,24.742561
41.42,8.9926605,132.77089,-0.02770018,1.3708014,24.742598
41.43,8.99274,132.77403,-0.027694078,1.3713385,24.74265
41.44,8.992816,132.77713,-0.027688159,1.3718765,24.742702
41.45,8.992894,132.78029,-0.027681762,1.372412,24.742739
41.46,8.992968,132.78346,-0.02767581,1.3729471,24.742792
41.47,8.993045,132.78658,-0.027669644,1.373481,24.742823
41.48,8.993122,132.78969,-0.02766343,1.3740133,24.74288
41.49,8.993197,132.79279,-0.027657187,1.3745469,24.742928
41.5,8.993274,132.79584,-0.027651055,1.3750775,24.742977
41.51,8.99335,132.79897,-0.02764451,1.3756082,24.743025
41.52,8.993424,132.80208,-0.027638113,1.3761384,24.74307
41.53,8.993498,132.80511,-0.027631702,1.3766662,24.743109
41.54,8.993576,132.8082,-0.02762538,1.3771945,24.74315
41.55,8.993648,132.81128,-0.027618991,1.3777195,24.7432
41.56,8.993724,132.81435,-0.027612487,1.3782456,24.74324
41.57,8.993801,132.81738,-0.027605942,1.3787719,24.74329
41.58,8.993874,132.82042,-0.027599296,1.3792957,24.743341
41.59,8.993946,132.82349,-0.027592896,1.3798181,24.743387
41.6,8.994023,132.8265,-0.02758628,1.3803406,24.743425
41.61,8.994095,132.82956,-0.02757932,1.3808616,24.743467
41.62,8.99417,132.83257,-0.027572865,1.3813815,24.74352
41.63,8.994241,132.8356,-0.02756613,1.3819008,24.743563
41.64,8.994318,132.83858,-0.027559316,1.3824192,24.743608
41.65,8.994391,132.84158,-0.027552633,1.3829372,24.743652
41.66,8.994464,132.84454,-0.027545655,1.3834537,24.74369
41.67,8.994535,132.84755,-0.027538797,1.3839693,24.74374
41.68,8.994611,132.85052,-0.027532076,1.3844851,24.743788
41.69,8.994682,132.85352,-0.027525032,1.3849992,24.743832
41.7,8.994758,132.85648,-0.027517846,1.3855116,24.74388
41.71,8.994828,132.85942,-0.02751098,1.3860242,24.743917
41.72,8.994902,132.86235,-0.02750395,1.3865347,24.743965
41.73,8.994977,132.8653,-0.027496817,1.3870468,24.744013
41.74,8.995046,132.86823,-0.027489355,1.3875569,24.744055
41.75,8.995117,132.87115,-0.02748262,1.3880645,24.744102
41.76,8.995188,132.87408,-0.027475363,1.3885726,24.744146
41.77,8.99526,132.87697,-0.027468206,1.389079,24.74419
41.78,8.995335,132.87996,-0.02746083,1.3895857,24.74423
41.79,8.995403,132.88286,-0.02745361,1.3900905,24.744276
41.8,8.995475,132.8857,-0.027446562,1.3905958,24.744324
41.81,8.995548,132.88861,-0.027438978,1.3910983,24.744358
41.82,8.995615,132.89146,-0.02743178,1.3916006,24.74441
41.83,8.995687,132.89436,-0.027424218,1.392102,24.744457
41.84,8.995759,132.89725,-0.02741673,1.3926038,24.744501
41.85,8.995831,132.9001,-0.02740934,1.3931049,24.744545
41.86,8.995901,132.90297,-0.02740175,1.3936033,24.744581
41.87,8.995971,132.9058,-0.027394319,1.3941015,24.744629
41.88,8.996043,132.90865,-0.027386663,1.3945999,24.744678
41.89,8.99611,132.91148,-0.027379269,1.3950956,24.744722
41.9,8.996181,132.91432,-0.027371665,1.3955913,24.74476
41.91,8.996252,132.9171,-0.027364032,1.3960853,24.744812
41.92,8.996321,132.91994,-0.027356343,1.3965802,24.744848
41.93,8.99639,132.92276,-0.02734861,1.3970737,24.744894
41.94,8.996459,132.9256,-0.02734088,1.3975661,24.744944
41.95,8.996531,132.92836,-0.027333172,1.3980576,24.74498
41.96,8.996598,132.93118,-0.02732533,1.3985487,24.74503
41.97,8.996672,132.93396,-0.02731756,1.3990393,24.74507
41.98,8.996737,132.93674,-0.02730948,1.3995279,24.745115
41.99,8.996807,132.93951,-0.027301623,1.4000155,24.745152
42.0,8.996877,132.94229,-0.02729349,1.4005038,24.745193
42.01,8.996943,132.94505,-0.027285589,1.4009895,24.745243
42.02,8.997009,132.94781,-0.027277684,1.4014757,24.74528
42.03,8.997079,132.95053,-0.027269727,1.4019607,24.745329
42.04,8.997149,132.95326,-0.027261617,1.4024442,24.745373
42.05,8.997214,132.95609,-0.02725348,1.4029278,24.74541
42.06,8.997287,132.95874,-0.02724555,1.4034098,24.745457
42.07,8.997351,132.96146,-0.02723747,1.4038919,24.745506
42.08,8.997421,132.96419,-0.027229087,1.4043727,24.745544
42.09,8.997486,132.96695,-0.02722075,1.4048526,24.745584
42.1,8.997555,132.96962,-0.027212506,1.4053317,24.745638
42.11,8.997621,132.97234,-0.027204117,1.4058108,24.745674
42.12,8.997688,132.97499,-0.027195862,1.4062884,24.745716
42.13,8.997752,132.97774,-0.02718754,1.4067644,24.745752
42.14,8.997821,132.98038,-0.027179355,1.4072393,24.745798
42.15,8.9978895,132.98308,-0.027170954,1.4077156,24.745844
42.16,8.997957,132.98575,-0.027162297,1.4081894,24.745888
42.17,8.998024,132.98842,-0.027154205,1.4086632,24.745934
42.18,8.998088,132.99103,-0.027145633,1.4091356,24.745972
42.19,8.998155,132.99371,-0.02713733,1.4096076,24.746008
42.2,8.998219,132.99635,-0.027128639,1.4100797,24.746054
42.21,8.998287,132.999,-0.027119888,1.4105488,24.746098
42.22,8.998351,133.00165,-0.027111424,1.4110184,24.746145
42.23,8.99842,133.00427,-0.027102867,1.4114873,24.746178
42.24,8.998483,133.00688,-0.027094183,1.411956,24.746223
42.25,8.998551,133.00952,-0.02708556,1.4124229,24.746265
42.26,8.998614,133.01212,-0.027076764,1.4128886,24.746313
42.27,8.99868,133.01471,-0.02706827,1.4133544,24.74635
42.28,8.998747,133.01735,-0.027059423,1.4138196,24.746393
42.29,8.998807,133.01991,-0.027050668,1.4142828,24.746435
42.3,8.998877,133.0225,-0.027042082,1.4147462,24.746483
42.31,8.9989395,133.02505,-0.027032902,1.415209,24.746517
42.32,8.999005,133.02771,-0.027024115,1.4156704,24.746563
42.33,8.999067,133.03024,-0.02701533,1.4161313,24.746601
42.34,8.999132,133.03278,-0.027006445,1.4165924,24.746643
42.35,8.999198,133.03532,-0.026997337,1.4170517,24.746685
42.36,8.999261,133.03792,-0.026988463,1.4175097,24.746723
42.37,8.99933,133.04044,-0.026979221,1.4179679,24.746765
42.38,8.999392,133.04297,-0.026970284,1.4184244,24.746803
42.39,8.999454,133.04555,-0.026961172,1.4188803,24.746845
42.4,8.9995165,133.04807,-0.026952041,1.4193376,24.746893
42.41,8.999582,133.05058,-0.026943063,1.4197912,24.746931
42.42,8.999644,133.0531,-0.026934082,1.420245,24.746973
42.43,8.999708,133.05562,-0.02692482,1.4206984,24.747017
42.44,8.999769,133.05814,-0.026915459,1.4211518,24.747057
42.45,8.999835,133.06067,-0.026906455,1.4216039,24.747097
42.46,8.999896,133.06317,-0.02689728,1.4220536,24.747135
42.47,8.99996,133.0656,-0.02688769,1.4225042,24.747179
42.48,9.000024,133.0681,-0.026878564,1.4229529,24.747217
42.49,9.000085,133.07057,-0.026869232,1.4234018,24.747261
42.5,9.000146,133.07307,-0.026859896,1.4238505,24.7473
42.51,9.00021,133.07555,-0.026850546,1.4242983,24.747337
42.52,9.000274,133.078,-0.026840994,1.4247439,24.747383
42.53,9.000339,133.08046,-0.02683168,1.4251908,24.747423
42.54,9.000398,133.0829,-0.026822312,1.4256355,24.747461
42.55,9.000459,133.08539,-0.026812827,1.426079,24.747505
42.56,9.000521,133.08778,-0.02680329,1.4265237,24.747541
42.57,9.000585,133.09027,-0.026793955,1.4269654,24.747583
42.58,9.000644,133.09268,-0.02678427,1.4274081,24.747625
42.59,9.000705,133.09512,-0.026774501,1.4278497,24.747671
42.6,9.000768,133.09755,-0.02676523,1.42829,24.747707
42.61,9.00083,133.09996,-0.026755134,1.4287294,24.747738
42.62,9.000894,133.10231,-0.02674581,1.4291693,24.747786
42.63,9.000952,133.10475,-0.026736116,1.4296079,24.747822
42.64,9.001014,133.10718,-0.026726594,1.4300449,24.747856
42.65,9.001075,133.10959,-0.02671658,1.4304821,24.747908
42.66,9.001133,133.11195,-0.026706917,1.4309185,24.747946
42.67,9.001194,133.11433,-0.026697038,1.4313546,24.747982
42.68,9.001254,133.1167,-0.02668736,1.4317884,24.748024
42.69,9.001318,133.11908,-0.026677398,1.4322237,24.74806
42.7,9.001374,133.1215,-0.026667608,1.4326564,24.7481
42.71,9.001437,133.12386,-0.026657784,1.4330888,24.748138
42.72,9.001496,133.12622,-0.026647942,1.433522,24.748184
42.73,9.0015545,133.12856,-0.026637996,1.4339516,24.748222
42.74,9.001616,133.13086,-0.026628109,1.4343828,24.748264
42.75,9.001675,133.13322,-0.026618166,1.4348135,24.748304
42.76,9.001734,133.13556,-0.02660819,1.4352415,24.748339
42.77,9.001795,133.13792,-0.026598258,1.4356701,24.748379
42.78,9.001856,133.1402,-0.026587905,1.4360986,24.748411
42.79,9.001911,133.14255,-0.02657784,1.4365265,24.748455
42.8,9.001973,133.14485,-0.026568023,1.4369516,24.748493
42.81,9.002034,133.1472,-0.026557757,1.4373779,24.748531
42.82,9.002091,133.14948,-0.026547605,1.4378027,24.748577
42.83,9.00215,133.15182,-0.026537431,1.4382275,24.748611
42.84,9.002209,133.15407,-0.026527291,1.4386504,24.74865
42.85,9.002269,133.15637,-0.026517088,1.4390726,24.748693
42.86,9.002327,133.15869,-0.026506862,1.4394957,24.748728
42.87,9.002382,133.16095,-0.026496807,1.4399161,24.748774
42.88,9.002441,133.16322,-0.026486436,1.4403386,24.748808
42.89,9.002501,133.16547,-0.026476236,1.4407581,24.748848
42.9,9.002561,133.16782,-0.026465936,1.4411772,24.748886
42.91,9.002617,133.17009,-0.026455509,1.4415964,24.748919
42.92,9.002676,133.1723,-0.026445212,1.4420137,24.748962
42.93,9.002732,133.17458,-0.026434662,1.442432,24.748995
42.94,9.0027895,133.17679,-0.026424391,1.4428493,24.749035
42.95,9.002847,133.17905,-0.02641395,1.4432647,24.749079
42.96,9.002905,133.1813,-0.026403526,1.44368,24.749111
42.97,9.002962,133.1835,-0.02639296,1.4440947,24.749155
42.98,9.003021,133.18575,-0.026382485,1.4445086,24.74919
42.99,9.0030775,133.18794,-0.026372125,1.4449214,24.749231
43.0,9.003134,133.1902,-0.026361374,1.445335,24.749262
43.01,9.003193,133.19238,-0.026350902,1.4457461,24.749306
43.02,9.003248,133.19463,-0.026340516,1.446158,24.749338
43.03,9.003303,133.1968,-0.026329732,1.4465683,24.749382
43.04,9.003362,133.199,-0.02631892,1.4469789,24.749416
43.05,9.003419,133.20122,-0.026308468,1.4473882,24.749454
43.06,9.003477,133.20343,-0.026297817,1.4477971,24.749493
43.07,9.0035305,133.20558,-0.02628723,1.4482043,24.749527
43.08,9.003588,133.20778,-0.026276538,1.4486127,24.749565
43.09,9.003644,133.20995,-0.026265753,1.449019,24.749601
43.1,9.0037,133.21211,-0.026254965,1.4494255,24.749638
43.11,9.0037565,133.21431,-0.02624437,1.4498314,24.749674
43.12,9.003814,133.21646,-0.02623357,1.4502351,24.749718
43.13,9.003866,133.21864,-0.026222741,1.4506398,24.749748
43.14,9.003926,133.22076,-0.026211878,1.4510434,24.749784
43.15,9.003978,133.2229,-0.026200833,1.4514459,24.749826
43.16,9.004039,133.22505,-0.026190126,1.4518478,24.749855
43.17,9.004088,133.22719,-0.026179226,1.4522495,24.749897
43.18,9.004148,133.2294,-0.026168337,1.4526511,24.749931
43.19,9.004199,133.23148,-0.026157575,1.4530504,24.749966
43.2,9.004255,133.2336,-0.026146455,1.4534507,24.75001
43.21,9.004309,133.23575,-0.026135659,1.4538491,24.750044
43.22,9.004365,133.23784,-0.026124636,1.4542484,24.750074
43.23,9.004419,133.23994,-0.0261133,1.4546463,24.750118
43.24,9.004476,133.24202,-0.026102489,1.4550427,24.750153
43.25,9.004529,133.24417,-0.026091369,1.4554391,24.750196
43.26,9.004586,133.24626,-0.026080454,1.4558345,24.750227
43.27,9.004638,133.24837,-0.02606942,1.4562297,24.750261
43.28,9.004691,133.25046,-0.026057849,1.4566246,24.750296
43.29,9.004749,133.25255,-0.026047146,1.4570179,24.750334
43.3,9.0048,133.25462,-0.026035765,1.4574122,24.750364
43.31,9.004855,133.25668,-0.026024608,1.4578043,24.7504
43.32,9.004912,133.25879,-0.026013335,1.4581968,24.750446
43.33,9.004964,133.26082,-0.026002383,1.4585876,24.750477
43.34,9.005021,133.2629,-0.0259912,1.4589782,24.750517
43.35,9.005073,133.26492,-0.025979778,1.4593679,24.750551
43.36,9.005127,133.26701,-0.02596862,1.4597582,24.750591
43.37,9.005178,133.26907,-0.025957407,1.4601464,24.750626
43.38,9.005231,133.27113,-0.025946012,1.460536,24.75066
43.39,9.005285,133.27318,-0.02593465,1.4609224,24.750689
43.4,9.005337,133.27515,-0.025923302,1.46131,24.750725
43.41,9.005392,133.2772,-0.025911896,1.4616963,24.75076
43.42,9.005444,133.27927,-0.02590059,1.4620824,24.750801
43.43,9.005498,133.28127,-0.025889127,1.4624677,24.750832
43.44,9.005549,133.28328,-0.025877738,1.4628525,24.75087
43.45,9.005602,133.2853,-0.025866585,1.4632362,24.750906
43.46,9.005657,133.28732,-0.025854865,1.4636202,24.75094
43.47,9.005708,133.28932,-0.02584344,1.4640019,24.750969
43.48,9.005762,133.29135,-0.025831921,1.4643843,24.75101
43.49,9.005814,133.29335,-0.025820466,1.4647658,24.751041
43.5,9.005866,133.29532,-0.025809051,1.4651473,24.751074
43.51,9.005918,133.29732,-0.025797507,1.4655282,24.751118
43.52,9.005972,133.2993,-0.025785865,1.4659078,24.751148
43.53,9.0060215,133.30124,-0.025774295,1.4662857,24.751188
43.54,9.006078,133.30324,-0.025762679,1.4666659,24.751225
43.55,9.006127,133.30522,-0.025750952,1.4670435,24.75125
43.56,9.006181,133.30724,-0.025739407,1.467421,24.751291
43.57,9.00623,133.30916,-0.025728045,1.4677962,24.75132
43.58,9.006282,133.31113,-0.025716403,1.4681727,24.751352
43.59,9.006332,133.31308,-0.025704624,1.4685493,24.751385
43.6,9.006386,133.315,-0.025693035,1.4689244,24.751425
43.61,9.006435,133.31699,-0.025681308,1.4692991,24.751457
43.62,9.006488,133.3189,-0.025669264,1.4696727,24.751497
43.63,9.00654,133.32083,-0.025657581,1.4700463,24.751528
43.64,9.006587,133.32281,-0.02564588,1.470418,24.751554
43.65,9.0066395,133.32472,-0.025634186,1.4707905,24.751598
43.66,9.006691,133.32668,-0.025622332,1.4711621,24.751627
43.67,9.0067425,133.32857,-0.02561039,1.4715331,24.75166
43.68,9.006793,133.33049,-0.025598852,1.4719043,24.7517
43.69,9.006842,133.33243,-0.025586968,1.4722735,24.751726
43.7,9.006895,133.33429,-0.02557476,1.4726423,24.751764
43.71,9.006945,133.33623,-0.02556316,1.473011,24.751795
43.72,9.006994,133.33813,-0.02555116,1.4733795,24.751833
43.73,9.007048,133.34001,-0.025539262,1.4737465,24.751862
43.74,9.007095,133.34193,-0.025527393,1.4741138,24.751904
43.75,9.007147,133.34383,-0.025515387,1.4744803,24.751934
43.76,9.0071945,133.34569,-0.025503492,1.4748462,24.751968
43.77,9.007245,133.34763,-0.025491523,1.4752109,24.751997
43.78,9.007297,133.34947,-0.025479713,1.4755764,24.752024
43.79,9.007345,133.35136,-0.02546736,1.4759393,24.752066
43.8,9.007393,133.3532,-0.025455462,1.4763036,24.752094
43.81,9.0074415,133.35512,-0.025443243,1.4766668,24.75213
43.82,9.007492,133.35693,-0.02543137,1.4770279,24.75216
43.83,9.0075445,133.3588,-0.025419267,1.4773909,24.752201
43.84,9.007591,133.36067,-0.025407298,1.4777514,24.752228
43.85,9.007642,133.36252,-0.025395164,1.478112,24.752262
43.86,9.007691,133.36438,-0.025383094,1.4784718,24.752296
43.87,9.007743,133.36621,-0.0253706,1.4788328,24.752327
43.88,9.007789,133.36807,-0.025358723,1.4791914,24.752354
43.89,9.00784,133.36987,-0.025346635,1.47955,24.752394
43.9,9.007889,133.3717,-0.02533449,1.4799078,24.752424
43.91,9.007937,133.37355,-0.025322074,1.4802655,24.752457
43.92,9.007986,133.37535,-0.025310026,1.4806226,24.752491
43.93,9.008033,133.37721,-0.025297707,1.4809781,24.752522
43.94,9.008084,133.37897,-0.025285399,1.4813341,24.752552
43.95,9.008132,133.38084,-0.025273418,1.4816883,24.752588
43.96,9.008182,133.38261,-0.025261005,1.4820436,24.752613
43.97,9.008227,133.38445,-0.025248567,1.4823984,24.752653
43.98,9.008276,133.38623,-0.025236214,1.4827511,24.752684
43.99,9.008325,133.38805,-0.025224173,1.4831045,24.75271
44.0,9.008372,133.38983,-0.025211776,1.4834565,24.752747
44.01,9.008419,133.39162,-0.025199397,1.4838085,24.752775
44.02,9.008468,133.39342,-0.025187073,1.4841603,24.752806
44.03,9.008515,133.39517,-0.025174564,1.4845109,24.752844
44.04,9.008564,133.39697,-0.025162218,1.4848607,24.75287
44.05,9.008613,133.39876,-0.025149794,1.4852117,24.752905
44.06,9.008658,133.40054,-0.02513727,1.4855616,24.75294
44.07,9.00871,133.40233,-0.025124932,1.4859095,24.75297
44.08,9.008756,133.40405,-0.025112329,1.4862574,24.753002
44.09,9.008802,133.40585,-0.025099928,1.486605,24.753029
44.1,9.008848,133.4076,-0.025087455,1.4869524,24.753065
44.11,9.008897,133.40933,-0.025074935,1.4872983,24.753092
44.12,9.008944,133.41107,-0.025062783,1.4876442,24.753132
44.13,9.00899,133.4128,-0.025049942,1.487991,24.753153
44.14,9.009038,133.41458,-0.02503744,1.4883355,24.753181
44.15,9.009087,133.41632,-0.025024785,1.48868,24.75322
44.16,9.0091305,133.41808,-0.025012208,1.4890242,24.753254
44.17,9.009177,133.41978,-0.024999904,1.489367,24.753279
44.18,9.009226,133.42151,-0.024987264,1.4897101,24.753311
44.19,9.009271,133.42326,-0.024974624,1.490053,24.753338
44.2,9.009319,133.42499,-0.024962148,1.4903945,24.75338
44.21,9.009366,133.4267,-0.024949374,1.4907361,24.753405
44.22,9.009411,133.42838,-0.024936816,1.4910759,24.753435
44.23,9.009457,133.43008,-0.024924,1.4914175,24.753462
44.24,9.009502,133.4318,-0.024911387,1.4917572,24.75349
44.25,9.009552,133.43349,-0.02489865,1.4920967,24.75352
44.26,9.009598,133.4352,-0.024886085,1.4924346,24.753551
44.27,9.009644,133.43694,-0.0248733,1.4927733,24.75358
44.28,9.00969,133.4386,-0.024860496,1.493111,24.753614
44.29,9.009736,133.44026,-0.024847915,1.4934483,24.75364
44.3,9.009781,133.44197,-0.024835115,1.4937857,24.753674
44.31,9.009825,133.44366,-0.02482233,1.4941211,24.75371
44.32,9.009871,133.44536,-0.024809597,1.4944568,24.75374
44.33,9.009917,133.44702,-0.024796916,1.494792,24.753769
44.34,9.009962,133.44868,-0.02478384,1.4951273,24.753796
44.35,9.010007,133.45035,-0.024771092,1.4954616,24.753826
44.36,9.010055,133.45204,-0.024758453,1.495795,24.753849
44.37,9.0100975,133.45372,-0.02474569,1.4961278,24.753883
44.38,9.010145,133.45537,-0.024732685,1.4964607,24.753906
44.39,9.010189,133.45702,-0.02471994,1.4967929,24.753942
44.4,9.010234,133.4587,-0.024707021,1.4971249,24.753971
44.41,9.010283,133.46034,-0.024694255,1.497457,24.75401
44.42,9.0103245,133.46198,-0.024681373,1.497787,24.75403
44.43,9.010374,133.46358,-0.024668248,1.498117,24.75406
44.44,9.010417,133.46526,-0.024655322,1.4984474,24.754095
44.45,9.01046,133.46687,-0.02464263,1.4987754,24.75413
44.46,9.010503,133.46852,-0.024629535,1.499105,24.754147
44.47,9.010546,133.47012,-0.024616381,1.4994323,24.754177
44.48,9.010594,133.47176,-0.02460354,1.4997616,24.754208
44.49,9.010634,133.47337,-0.024590382,1.5000879,24.75424
44.5,9.010681,133.47499,-0.02457759,1.5004153,24.754267
44.51,9.010726,133.47661,-0.024564544,1.500741,24.7543
44.52,9.01077,133.47823,-0.024551561,1.5010687,24.754322
44.53,9.010814,133.47981,-0.024538664,1.5013925,24.75436
44.54,9.010858,133.48143,-0.024525443,1.501719,24.754375
44.55,9.010903,133.48305,-0.02451233,1.5020428,24.754416
44.56,9.010944,133.4846,-0.024499347,1.5023651,24.75444
44.57,9.010992,133.48622,-0.024486365,1.5026896,24.754469
44.58,9.011032,133.48785,-0.0244733,1.5030118,24.754496
44.59,9.011078,133.48943,-0.024460157,1.5033339,24.754522
44.6,9.011122,133.491,-0.024447082,1.5036559,24.754559
44.61,9.011164,133.49258,-0.024433909,1.503978,24.754583
44.62,9.011208,133.49417,-0.024420703,1.5042984,24.754606
44.63,9.0112505,133.49577,-0.024407668,1.5046195,24.754635
44.64,9.011294,133.49731,-0.024394514,1.5049394,24.754667
44.65,9.011337,133.49889,-0.02438133,1.5052594,24.75469
44.66,9.011381,133.50047,-0.02436821,1.5055782,24.754717
44.67,9.011424,133.50201,-0.024354866,1.505897,24.754751
44.68,9.011465,133.50359,-0.024341753,1.5062156,24.754778
44.69,9.011511,133.50516,-0.024328416,1.5065328,24.754807
44.7,9.011555,133.50668,-0.024315218,1.5068507,24.754837
44.71,9.011599,133.50824,-0.024302104,1.5071667,24.75486
44.72,9.011639,133.50978,-0.024289036,1.5074838,24.754889
44.73,9.011681,133.51132,-0.024275566,1.5077987,24.754913
44.74,9.011725,133.5129,-0.024262639,1.508115,24.754942
44.75,9.0117655,133.51442,-0.024249205,1.5084294,24.754969
44.76,9.01181,133.51593,-0.024235835,1.508743,24.755001
44.77,9.01185,133.5175,-0.024222316,1.5090578,24.755024
44.78,9.011894,133.519,-0.024209293,1.5093715,24.755053
44.79,9.011938,133.52055,-0.024195792,1.5096841,24.755081
44.8,9.01198,133.52205,-0.024182541,1.5099975,24.755104
44.81,9.01202,133.5236,-0.024169123,1.5103102,24.755138
44.82,9.012063,133.52509,-0.024155924,1.5106207,24.755165
44.83,9.012107,133.52661,-0.024142457,1.510932,24.755184
44.84,9.012149,133.5281,-0.024129057,1.5112442,24.755222
44.85,9.012191,133.5296,-0.024115691,1.5115532,24.755241
44.86,9.012231,133.53114,-0.02410228,1.511864,24.755272
44.87,9.012272,133.53261,-0.024089081,1.5121726,24.755287
44.88,9.012315,133.53412,-0.024075443,1.5124811,24.755322
44.89,9.012357,133.5356,-0.024062278,1.5127902,24.755348
44.9,9.012396,133.53716,-0.02404864,1.513099,24.755375
44.91,9.012441,133.5386,-0.0240354,1.5134051,24.755398
44.92,9.012482,133.54012,-0.02402204,1.5137132,24.755424
44.93,9.012524,133.54158,-0.024008399,1.51402,24.755455
44.94,9.012561,133.54308,-0.023994928,1.5143272,24.755486
44.95,9.012604,133.54453,-0.023981562,1.5146325,24.755508
44.96,9.012643,133.546,-0.02396785,1.5149375,24.755535
44.97,9.012688,133.54749,-0.023954516,1.5152423,24.755566
44.98,9.012728,133.54901,-0.023941087,1.5155466,24.755579
44.99,9.012768,133.55042,-0.023927307,1.5158516,24.755615
45.0,9.012812,133.55188,-0.023913926,1.5161545,24.75564
45.01,9.012851,133.55331,-0.023900455,1.5164582,24.755667
45.02,9.012895,133.5548,-0.023886943,1.5167607,24.755692
45.03,9.012937,133.55624,-0.023873275,1.5170627,24.75572
45.04,9.012974,133.55768,-0.023859775,1.5173652,24.75574
45.05,9.013015,133.55917,-0.02384636,1.5176662,24.755775
45.06,9.013058,133.5606,-0.023832524,1.5179667,24.755798
45.07,9.013094,133.56207,-0.023819013,1.5182674,24.755823
45.08,9.013137,133.56349,-0.023805546,1.518568,24.75584
45.09,9.013179,133.56494,-0.02379197,1.5188675,24.755873
45.1,9.013215,133.56636,-0.023778291,1.5191672,24.755896
45.11,9.013257,133.56781,-0.023764817,1.5194658,24.75592
45.12,9.013299,133.56923,-0.023751171,1.5197644,24.755955
45.13,9.013337,133.57063,-0.023737272,1.5200623,24.755974
45.14,9.013375,133.5721,-0.023723627,1.52036,24.756
45.15,9.013418,133.57344,-0.023709914,1.5206573,24.756025
45.16,9.013458,133.57489,-0.02369647,1.520954,24.756044
45.17,9.013496,133.57628,-0.023682756,1.5212508,24.756077
45.18,9.013536,133.5777,-0.023668883,1.5215461,24.756096
45.19,9.013577,133.57912,-0.023655334,1.5218422,24.75613
45.2,9.013616,133.58052,-0.02364167,1.5221364,24.756147
45.21,9.013659,133.58191,-0.02362814,1.5224304,24.756182
45.22,9.013698,133.58331,-0.023614394,1.5227255,24.756199
45.23,9.013737,133.58473,-0.023600513,1.5230192,24.756218
45.24,9.013775,133.5861,-0.0235868,1.5233119,24.756254
45.25,9.013815,133.58751,-0.02357315,1.5236055,24.756273
45.26,9.013852,133.58891,-0.023559159,1.5238982,24.756292
45.27,9.013896,133.59023,-0.023545546,1.5241902,24.756323
45.28,9.013934,133.59164,-0.023531703,1.5244815,24.756353
45.29,9.013971,133.59303,-0.023517886,1.5247723,24.756372
45.3,9.0140085,133.59439,-0.023504326,1.5250628,24.756397
45.31,9.014053,133.59584,-0.023490565,1.5253546,24.756422
45.32,9.014089,133.59714,-0.023476677,1.5256442,24.756441
45.33,9.014129,133.59859,-0.023462804,1.5259347,24.756472
45.34,9.014168,133.59993,-0.023449043,1.5262228,24.756493
45.35,9.014208,133.60127,-0.023435185,1.5265117,24.756523
45.36,9.014245,133.60265,-0.023421327,1.5268,24.756546
45.37,9.014287,133.604,-0.023407472,1.5270883,24.756567
45.38,9.01432,133.60536,-0.023393592,1.5273753,24.756592
45.39,9.0143585,133.60669,-0.023379846,1.527662,24.756613
45.4,9.0144,133.60806,-0.023366088,1.5279493,24.756641
45.41,9.014439,133.60942,-0.023352144,1.5282358,24.756659
45.42,9.014477,133.61076,-0.023338461,1.5285214,24.756681
45.43,9.014513,133.61212,-0.023324238,1.5288068,24.75671
45.44,9.014555,133.61343,-0.023310462,1.5290923,24.756731
45.45,9.014589,133.61476,-0.02329656,1.529377,24.756758
45.46,9.014629,133.61612,-0.023282608,1.5296614,24.756779
45.47,9.014668,133.61742,-0.023268757,1.5299448,24.756802
45.48,9.014703,133.61877,-0.023254843,1.530228,24.756832
45.49,9.014744,133.62012,-0.023240866,1.5305109,24.75685
45.5,9.014783,133.6214,-0.023227079,1.530794,24.756872
45.51,9.014818,133.62273,-0.023213057,1.5310766,24.756897
45.52,9.014859,133.62402,-0.02319912,1.5313584,24.756918
45.53,9.014895,133.62538,-0.023185158,1.5316397,24.75694
45.54,9.014934,133.6267,-0.023171255,1.5319207,24.756964
45.55,9.01497,133.628,-0.023157218,1.5322014,24.756989
45.56,9.01501,133.62932,-0.023143182,1.5324827,24.757008
45.57,9.015044,133.63063,-0.02312939,1.5327612,24.757034
45.58,9.015083,133.6319,-0.023115205,1.5330426,24.757055
45.59,9.015122,133.63324,-0.023101127,1.5333203,24.757078
45.6,9.015156,133.6345,-0.02308725,1.5336,24.757101
45.61,9.015196,133.6358,-0.023073403,1.5338782,24.757128
45.62,9.015234,133.63705,-0.023059217,1.5341566,24.757153
45.63,9.015273,133.63837,-0.023045095,1.5344337,24.757172
45.64,9.0153055,133.63965,-0.023031192,1.5347106,24.75719
45.65,9.015346,133.64099,-0.02301707,1.5349878,24.757221
45.66,9.015383,133.64227,-0.02300308,1.5352646,24.757236
45.67,9.015417,133.64352,-0.022989051,1.5355395,24.757265
45.68,9.015455,133.64482,-0.022974966,1.5358158,24.75729
45.69,9.015494,133.6461,-0.022960952,1.5360893,24.757309
45.7,9.015529,133.64738,-0.022946922,1.5363659,24.757328
45.71,9.015564,133.64859,-0.022932759,1.5366402,24.75735
45.72,9.015603,133.64992,-0.02291874,1.5369136,24.757374
45.73,9.015641,133.65115,-0.022904554,1.5371888,24.757391
45.74,9.015677,133.65242,-0.022890588,1.5374614,24.75742
45.75,9.015713,133.65367,-0.02287648,1.5377352,24.757435
45.76,9.01575,133.65492,-0.022862421,1.5380076,24.757458
45.77,9.015788,133.65625,-0.022848262,1.5382797,24.757488
45.78,9.01582,133.65744,-0.02283408,1.5385514,24.757504
45.79,9.015858,133.65872,-0.022819905,1.5388236,24.757524
45.8,9.015895,133.65996,-0.022805726,1.5390947,24.757544
45.81,9.015932,133.66122,-0.022791633,1.5393646,24.757576
45.82,9.015968,133.66241,-0.022777801,1.5396352,24.757595
45.83,9.016005,133.66367,-0.022763437,1.5399054,24.757612
45.84,9.016039,133.66489,-0.02274912,1.5401748,24.757637
45.85,9.016077,133.66615,-0.022735218,1.5404435,24.757654
45.86,9.016113,133.6674,-0.022720786,1.5407132,24.757677
45.87,9.016148,133.66864,-0.022706775,1.5409824,24.757698
45.88,9.016183,133.66983,-0.022692433,1.5412503,24.757719
45.89,9.016219,133.6711,-0.022678582,1.5415179,24.757738
45.9,9.016255,133.67229,-0.022664359,1.5417849,24.757767
45.91,9.016293,133.67354,-0.022649942,1.5420521,24.757788
45.92,9.016324,133.67479,-0.022635719,1.5423192,24.757809
45.93,9.016361,133.67595,-0.022621723,1.5425845,24.757822
45.94,9.016398,133.67723,-0.022607433,1.5428506,24.75785
45.95,9.016437,133.67839,-0.022592975,1.5431165,24.757874
45.96,9.016469,133.6796,-0.022579057,1.5433815,24.757889
45.97,9.016505,133.6808,-0.022564875,1.5436466,24.757906
45.98,9.0165415,133.68202,-0.02255054,1.5439112,24.757933
45.99,9.016578,133.68323,-0.02253625,1.5441751,24.757956
46.0,9.016611,133.68439,-0.022521941,1.544438,24.757965
46.01,9.016648,133.68561,-0.02250765,1.5447019,24.75799
46.02,9.016682,133.68681,-0.022493513,1.5449648,24.758017
46.03,9.016717,133.68797,-0.022479178,1.5452276,24.75803
46.04,9.016751,133.68921,-0.022465033,1.5454901,24.758045
46.05,9.0167885,133.69037,-0.022450725,1.5457526,24.758072
46.06,9.016823,133.69157,-0.022436207,1.5460141,24.75809
46.07,9.016856,133.69275,-0.022422222,1.5462748,24.758118
46.08,9.016893,133.69391,-0.022407921,1.5465358,24.758137
46.09,9.016928,133.6951,-0.022393642,1.5467966,24.758152
46.1,9.016963,133.69627,-0.0223793,1.547057,24.758165
46.11,9.016996,133.69745,-0.022364976,1.5473164,24.758194
46.12,9.017032,133.69864,-0.022350634,1.5475756,24.758217
46.13,9.017064,133.69984,-0.022336503,1.5478348,24.758236
46.14,9.0171,133.70094,-0.022321926,1.5480933,24.758251
46.15,9.017133,133.70216,-0.022307737,1.5483531,24.758278
46.16,9.017168,133.7033,-0.022293372,1.5486104,24.758295
46.17,9.017204,133.7045,-0.02227909,1.5488682,24.758318
46.18,9.017238,133.70563,-0.022264598,1.5491258,24.758333
46.19,9.017271,133.70677,-0.022250494,1.549382,24.758356
46.2,9.017305,133.70792,-0.022235954,1.5496386,24.758371
46.21,9.017339,133.70909,-0.02222159,1.5498961,24.758383
46.22,9.017374,133.71025,-0.022207594,1.5501517,24.758413
46.23,9.017411,133.7114,-0.022193218,1.550408,24.75843
46.24,9.017443,133.71252,-0.022178592,1.5506626,24.758451
46.25,9.017477,133.71367,-0.022164406,1.5509164,24.758461
46.26,9.017511,133.7148,-0.022149907,1.5511724,24.75849
46.27,9.017545,133.71591,-0.022135532,1.5514257,24.758505
46.28,9.017581,133.71707,-0.022121308,1.55168,24.758533
46.29,9.017612,133.71823,-0.022106832,1.551933,24.758547
46.3,9.017646,133.71935,-0.022092378,1.5521867,24.758572
46.31,9.017683,133.72049,-0.02207802,1.5524402,24.758587
46.32,9.0177145,133.72162,-0.0220635,1.5526927,24.758604
46.33,9.017748,133.72272,-0.022049403,1.5529436,24.758627
46.34,9.017784,133.72386,-0.022034748,1.5531964,24.758642
46.35,9.017817,133.72502,-0.022020554,1.553448,24.75866
46.36,9.01785,133.72614,-0.02200597,1.5536989,24.758684
46.37,9.017884,133.72722,-0.021991597,1.5539496,24.758698
46.38,9.017914,133.72836,-0.021977035,1.5542008,24.758717
46.39,9.017948,133.7295,-0.021962682,1.5544511,24.758738
46.4,9.017983,133.73059,-0.021948302,1.5547006,24.758753
46.41,9.018014,133.73169,-0.021933598,1.5549508,24.758776
46.42,9.018046,133.73279,-0.021919606,1.5551999,24.758795
46.43,9.018081,133.7339,-0.021904929,1.5554485,24.758812
46.44,9.018117,133.735,-0.02189068,1.555696,24.758833
46.45,9.018147,133.73611,-0.021876113,1.5559443,24.758852
46.46,9.018181,133.73721,-0.021861514,1.5561925,24.758865
46.47,9.018212,133.73827,-0.021847239,1.5564408,24.758886
46.48,9.018245,133.73941,-0.02183261,1.5566875,24.7589
46.49,9.018281,133.74052,-0.021818286,1.5569345,24.758924
46.5,9.018311,133.74158,-0.021803753,1.5571812,24.75894
46.51,9.018344,133.74269,-0.02178934,1.5574268,24.758955
46.52,9.01838,133.74373,-0.021774909,1.5576731,24.75898
46.53,9.018414,133.74486,-0.021760585,1.5579187,24.758986
46.54,9.018442,133.74594,-0.021745952,1.5581635,24.759008
46.55,9.018478,133.74701,-0.021731341,1.5584089,24.759031
46.56,9.01851,133.74805,-0.021716801,1.558655,24.759047
46.57,9.018542,133.74913,-0.0217024,1.5588974,24.759062
46.58,9.018577,133.7502,-0.021688098,1.5591427,24.759079
46.59,9.018608,133.75131,-0.021673491,1.5593854,24.759092
46.6,9.018639,133.75237,-0.021659182,1.5596294,24.759108
46.61,9.018673,133.75342,-0.021644378,1.5598714,24.759132
46.62,9.018705,133.75449,-0.021629954,1.5601157,24.75916
46.63,9.018738,133.75555,-0.021615295,1.5603573,24.759176
46.64,9.018767,133.75664,-0.021600867,1.5605983,24.75919
46.65,9.018804,133.7577,-0.021586234,1.560841,24.759207
46.66,9.018832,133.75873,-0.021572022,1.5610821,24.759222
46.67,9.018865,133.75981,-0.021557232,1.5613239,24.759241
46.68,9.018896,133.76086,-0.021542845,1.5615641,24.75926
46.69,9.018929,133.76192,-0.021528216,1.5618045,24.759283
46.7,9.018961,133.76295,-0.02151352,1.5620449,24.759295
46.71,9.018991,133.764,-0.02149917,1.562283,24.759315
46.72,9.019027,133.76506,-0.021484507,1.5625232,24.75933
46.73,9.019057,133.7661,-0.021469904,1.5627631,24.759344
46.74,9.019091,133.76717,-0.021455446,1.5630016,24.75936
46.75,9.019122,133.76817,-0.021440895,1.56324,24.759382
46.76,9.019151,133.76923,-0.02142614,1.5634794,24.75939
46.77,9.019181,133.77026,-0.021411965,1.5637168,24.75941
46.78,9.019214,133.77127,-0.021397045,1.5639546,24.759426
46.79,9.01925,133.77232,-0.021382777,1.564192,24.759443
46.8,9.019279,133.77336,-0.02136826,1.5644289,24.759459
46.81,9.01931,133.77437,-0.021353709,1.5646653,24.759476
46.82,9.0193405,133.77542,-0.021339135,1.5649017,24.759495
46.83,9.019373,133.77644,-0.021324506,1.5651382,24.759518
46.84,9.019405,133.77745,-0.021309813,1.565374,24.759533
46.85,9.019433,133.77846,-0.021295289,1.5656095,24.75955
46.86,9.019466,133.7795,-0.021280592,1.5658443,24.759562
46.87,9.019499,133.78049,-0.02126628,1.56608,24.75957
46.88,9.019529,133.78154,-0.021251487,1.5663141,24.759598
46.89,9.019561,133.78256,-0.021236928,1.5665483,24.75961
46.9,9.019589,133.78357,-0.021222236,1.5667827,24.759628
46.91,9.019626,133.78453,-0.021207897,1.5670154,24.759644
46.92,9.019654,133.78555,-0.02119344,1.5672487,24.759666
46.93,9.019686,133.78658,-0.021178672,1.5674824,24.75967
46.94,9.019718,133.78754,-0.02116404,1.5677147,24.759693
46.95,9.019748,133.78853,-0.021149417,1.5679467,24.759703
46.96,9.019777,133.78955,-0.02113481,1.5681792,24.759722
46.97,9.01981,133.79056,-0.021120282,1.568411,24.75974
46.98,9.01984,133.79156,-0.021105586,1.5686427,24.759758
46.99,9.019871,133.79254,-0.021091117,1.568874,24.759764
47.0,9.019901,133.79353,-0.021076506,1.5691035,24.759787
47.01,9.01993,133.79456,-0.021061944,1.5693353,24.7598
47.02,9.019964,133.79552,-0.021047248,1.5695654,24.759817
47.03,9.019993,133.79652,-0.02103251,1.569796,24.759836
47.04,9.020025,133.7975,-0.021018019,1.5700257,24.759846
47.05,9.020055,133.79843,-0.021003371,1.5702544,24.759863
47.06,9.020083,133.79944,-0.020988597,1.5704842,24.759876
47.07,9.020113,133.80042,-0.020973796,1.5707133,24.759897
47.08,9.020148,133.8014,-0.020959212,1.5709411,24.75991
47.09,9.020177,133.8024,-0.020944709,1.5711693,24.759926
47.1,9.020206,133.80336,-0.020930102,1.5713977,24.75994
47.11,9.020237,133.8043,-0.020915298,1.5716257,24.759958
47.12,9.020265,133.8053,-0.020900855,1.5718523,24.759968
47.13,9.020297,133.80627,-0.020886263,1.5720801,24.759987
47.14,9.020326,133.80725,-0.02087167,1.5723065,24.759998
47.15,9.020359,133.80817,-0.020857068,1.5725328,24.760012
47.16,9.020389,133.80917,-0.020842055,1.5727595,24.760027
47.17,9.020419,133.81013,-0.02082753,1.5729848,24.760048
47.18,9.020446,133.81108,-0.020813195,1.5732108,24.76006
47.19,9.020476,133.81204,-0.020798443,1.5734367,24.760075
47.2,9.020506,133.81303,-0.02078372,1.5736618,24.760086
47.21,9.0205345,133.81392,-0.020769106,1.573887,24.760107
47.22,9.020566,133.81493,-0.020754198,1.574111,24.76012
47.23,9.020595,133.81587,-0.020739594,1.5743345,24.760128
47.24,9.020625,133.8168,-0.02072495,1.5745589,24.76015
47.25,9.020654,133.81773,-0.020710206,1.574783,24.760166
47.26,9.020687,133.81868,-0.020695688,1.5750058,24.760178
47.27,9.020715,133.81967,-0.020680824,1.5752288,24.76019
47.28,9.020743,133.82059,-0.020666363,1.5754517,24.760212
47.29,9.020774,133.82149,-0.02065164,1.5756745,24.760223
47.3,9.020803,133.82245,-0.020636903,1.5758975,24.760239
47.31,9.020833,133.82338,-0.02062236,1.5761186,24.760254
47.32,9.020862,133.82433,-0.020607503,1.5763401,24.760258
47.33,9.02089,133.82526,-0.020592822,1.5765616,24.76028
47.34,9.020921,133.82622,-0.020578248,1.5767817,24.76029
47.35,9.02095,133.82712,-0.020563653,1.577003,24.760313
47.36,9.020977,133.82803,-0.020548956,1.5772233,24.760315
47.37,9.0210085,133.82901,-0.02053436,1.5774431,24.76033
47.38,9.021039,133.82991,-0.020519601,1.5776638,24.760347
47.39,9.021067,133.83084,-0.02050499,1.5778842,24.760368
47.4,9.021097,133.83176,-0.020489914,1.5781041,24.760376
47.41,9.021125,133.83267,-0.020475408,1.5783231,24.760391
47.42,9.021155,133.8336,-0.020460656,1.5785413,24.760414
47.43,9.021184,133.83449,-0.020446038,1.5787604,24.760414
47.44,9.021213,133.83542,-0.02043149,1.578978,24.760437
47.45,9.021241,133.8363,-0.020416742,1.5791962,24.760448
47.46,9.021269,133.83722,-0.020401975,1.5794144,24.76046
47.47,9.0212965,133.83812,-0.020387271,1.5796316,24.760477
47.48,9.02133,133.83904,-0.02037249,1.5798494,24.760485
47.49,9.021358,133.83995,-0.020357696,1.5800661,24.760498
47.5,9.021384,133.84085,-0.020343298,1.580282,24.760517
47.51,9.021412,133.8417,-0.020328442,1.580499,24.760529
47.52,9.021443,133.84267,-0.020313865,1.5807145,24.76054
47.53,9.021472,133.84358,-0.020299291,1.5809306,24.760551
47.54,9.021499,133.84448,-0.020284513,1.581146,24.760569
47.55,9.021528,133.84534,-0.020269709,1.581362,24.76058
47.56,9.021558,133.84628,-0.020255165,1.5815763,24.760592
47.57,9.0215845,133.84715,-0.02024038,1.5817925,24.760609
47.58,9.021614,133.84802,-0.02022569,1.5820066,24.760614
47.59,9.021642,133.84886,-0.020210808,1.5822202,24.760626
47.6,9.021671,133.84982,-0.02019626,1.5824339,24.760637
47.61,9.021698,133.8507,-0.020181501,1.5826479,24.760658
47.62,9.021728,133.85158,-0.020166786,1.582862,24.760672
47.63,9.021759,133.8525,-0.02015203,1.5830746,24.76069
47.64,9.021784,133.85333,-0.020137558,1.5832877,24.760706
47.65,9.021812,133.8542,-0.02012275,1.5835005,24.760715
47.66,9.021839,133.85509,-0.02010814,1.5837122,24.760723
47.67,9.021868,133.85596,-0.02009335,1.5839248,24.760736
47.68,9.021898,133.85684,-0.020078538,1.5841371,24.760756
47.69,9.021926,133.85773,-0.020063696,1.5843481,24.760761
47.7,9.021955,133.85861,-0.0200489,1.5845609,24.760775
47.71,9.021982,133.85945,-0.020034371,1.5847713,24.760792
47.72,9.02201,133.86029,-0.020019447,1.5849811,24.760798
47.73,9.022038,133.8612,-0.020004952,1.5851911,24.760813
47.74,9.022064,133.86205,-0.019990144,1.5854023,24.760826
47.75,9.022094,133.8629,-0.01997531,1.5856128,24.760843
47.76,9.0221195,133.86378,-0.019960692,1.585823,24.76085
47.77,9.022149,133.86464,-0.019946264,1.5860324,24.760868
47.78,9.022177,133.86554,-0.019931456,1.5862415,24.760872
47.79,9.022204,133.86642,-0.019916745,1.5864499,24.760883
47.8,9.022231,133.86722,-0.019901754,1.586659,24.7609
47.81,9.022259,133.86804,-0.019887155,1.5868671,24.760914
47.82,9.022285,133.8689,-0.019872563,1.5870749,24.760923
47.83,9.022314,133.86975,-0.019857952,1.5872831,24.760939
47.84,9.02234,133.8706,-0.01984301,1.5874902,24.760948
47.85,9.022368,133.87144,-0.019828243,1.5876985,24.760958
47.86,9.022395,133.87231,-0.01981374,1.5879048,24.760975
47.87,9.022425,133.87315,-0.019798858,1.5881127,24.76098
47.88,9.022453,133.87401,-0.019784069,1.5883188,24.760998
47.89,9.02248,133.87483,-0.019769365,1.5885259,24.760998
47.9,9.022505,133.87569,-0.019754687,1.5887324,24.761017
47.91,9.022533,133.87648,-0.01973995,1.5889376,24.761034
47.92,9.02256,133.87738,-0.019725224,1.5891432,24.761047
47.93,9.022586,133.8782,-0.01971052,1.5893482,24.761057
47.94,9.0226145,133.87901,-0.019695798,1.5895536,24.761059
47.95,9.022641,133.87984,-0.019681191,1.5897586,24.76108
47.96,9.022669,133.88069,-0.019666443,1.5899639,24.76109
47.97,9.022695,133.8815,-0.019651579,1.5901682,24.7611
47.98,9.022722,133.88234,-0.019636797,1.5903715,24.761112
47.99,9.02275,133.88313,-0.019622052,1.5905768,24.761122
48.0,9.022778,133.88402,-0.019607374,1.5907799,24.761133
48.01,9.022804,133.88483,-0.01959267,1.5909841,24.761148
48.02,9.022832,133.88565,-0.019577859,1.5911865,24.761158
48.03,9.022857,133.88644,-0.019563107,1.5913893,24.76117
48.04,9.022886,133.8873,-0.01954843,1.5915914,24.761179
48.05,9.02291,133.88808,-0.019533632,1.5917943,24.76119
48.06,9.022936,133.88889,-0.019518973,1.5919964,24.761208
48.07,9.022963,133.88971,-0.019504493,1.5921986,24.761217
48.08,9.02299,133.89056,-0.019489693,1.5923992,24.761225
48.09,9.023018,133.89134,-0.019475063,1.5926011,24.761227
48.1,9.023047,133.89215,-0.019460114,1.5928018,24.76125
48.11,9.023074,133.89296,-0.019445399,1.5930041,24.76126
48.12,9.023098,133.89378,-0.019430855,1.5932049,24.761267
48.13,9.023126,133.89459,-0.019415924,1.5934048,24.76128
48.14,9.0231495,133.89536,-0.019401023,1.5936049,24.761293
48.15,9.023177,133.89616,-0.019386364,1.593805,24.761301
48.16,9.023204,133.89699,-0.019371858,1.5940045,24.761316
48.17,9.023231,133.89777,-0.019356938,1.5942043,24.761326
48.18,9.023254,133.89857,-0.019342253,1.5944031,24.761335
48.19,9.023287,133.89937,-0.019327717,1.5946025,24.761347
48.2,9.023309,133.90016,-0.019312872,1.5948012,24.761353
48.21,9.023333,133.90094,-0.0192981,1.5950003,24.761366
48.22,9.023359,133.90175,-0.0192833,1.5951982,24.761366
48.23,9.023388,133.90257,-0.019268839,1.5953968,24.761385
48.24,9.023415,133.90337,-0.01925428,1.5955939,24.761395
48.25,9.023441,133.90417,-0.0192393,1.5957912,24.761408
48.26,9.023465,133.90489,-0.019224526,1.5959897,24.761414
48.27,9.023494,133.90569,-0.019209849,1.5961858,24.761435
48.28,9.0235195,133.9065,-0.019195149,1.5963823,24.761436
48.29,9.023543,133.90729,-0.019180374,1.5965796,24.761442
48.3,9.02357,133.90807,-0.01916547,1.5967754,24.76146
48.31,9.023593,133.9088,-0.019151079,1.5969719,24.761465
48.32,9.023621,133.90962,-0.01913607,1.5971692,24.761469
48.33,9.023646,133.91039,-0.019121556,1.5973637,24.761484
48.34,9.023673,133.91115,-0.019106748,1.5975593,24.7615
48.35,9.023697,133.91193,-0.019092085,1.5977548,24.76151
48.36,9.023725,133.9127,-0.01907747,1.5979495,24.761522
48.37,9.023752,133.9135,-0.019062644,1.5981435,24.761526
48.38,9.023777,133.91422,-0.019047963,1.5983382,24.76154
48.39,9.023802,133.91502,-0.019033333,1.598533,24.761545
48.4,9.023827,133.91579,-0.019018514,1.5987275,24.76156
48.41,9.023854,133.91656,-0.019003732,1.598921,24.761572
48.42,9.02388,133.91734,-0.018989192,1.5991149,24.76158
48.43,9.023905,133.91808,-0.018974548,1.5993075,24.761587
48.44,9.02393,133.91884,-0.018959606,1.5994998,24.761591
48.45,9.023956,133.9196,-0.018944914,1.599694,24.761602
48.46,9.023981,133.9204,-0.01893011,1.5998863,24.761616
48.47,9.024009,133.92113,-0.018915629,1.6000786,24.761627
48.48,9.024033,133.92186,-0.0189011,1.6002707,24.761627
48.49,9.024056,133.92259,-0.0188863,1.6004626,24.761644
48.5,9.024084,133.92334,-0.01887154,1.600655,24.761654
48.51,9.02411,133.92415,-0.018856784,1.6008471,24.761663
48.52,9.024134,133.92488,-0.018842118,1.6010379,24.761671
48.53,9.024158,133.92566,-0.018827403,1.6012285,24.761684
48.54,9.024183,133.92639,-0.018812595,1.6014191,24.76169
48.55,9.02421,133.92711,-0.018798044,1.6016098,24.761705
48.56,9.024237,133.92787,-0.018783247,1.6018014,24.761711
48.57,9.0242605,133.9286,-0.018768618,1.6019907,24.761715
48.58,9.024286,133.92935,-0.018753929,1.6021807,24.761734
48.59,9.024309,133.9301,-0.018739337,1.6023706,24.761738
48.6,9.024334,133.93085,-0.018724365,1.6025602,24.761744
48.61,9.024361,133.93163,-0.0187099,1.6027496,24.76176
48.62,9.024384,133.93231,-0.018695159,1.6029384,24.76177
48.63,9.024412,133.93306,-0.018680526,1.6031265,24.761766
48.64,9.024434,133.9338,-0.018665297,1.6033163,24.761786
48.65,9.024459,133.93452,-0.018651,1.6035036,24.761793
48.66,9.024483,133.93524,-0.018636277,1.6036927,24.761799
48.67,9.02451,133.93596,-0.01862176,1.6038808,24.76181
48.68,9.024534,133.93666,-0.0186069,1.6040671,24.761826
48.69,9.024558,133.93742,-0.018592363,1.6042557,24.761826
48.7,9.024583,133.93816,-0.018577615,1.6044427,24.761835
48.71,9.024607,133.93886,-0.018562892,1.6046293,24.761843
48.72,9.024632,133.93964,-0.01854829,1.6048168,24.761854
48.73,9.024657,133.94035,-0.018533537,1.6050024,24.761858
48.74,9.024679,133.94106,-0.018518778,1.6051893,24.761866
48.75,9.024708,133.94182,-0.018504294,1.6053759,24.761879
48.76,9.024731,133.94255,-0.018489605,1.6055613,24.761887
48.77,9.024756,133.94324,-0.018474797,1.6057487,24.761896
48.78,9.024776,133.94394,-0.018460305,1.605933,24.7619
48.79,9.024805,133.94467,-0.018445509,1.6061181,24.76191
48.8,9.024831,133.94539,-0.018430857,1.6063038,24.761925
48.81,9.024852,133.9461,-0.01841625,1.6064883,24.761925
48.82,9.024878,133.9468,-0.018401412,1.6066726,24.76194
48.83,9.024904,133.94753,-0.01838678,1.6068579,24.761944
48.84,9.024924,133.94824,-0.018372165,1.6070406,24.761953
48.85,9.024952,133.94894,-0.01835742,1.6072254,24.761961
48.86,9.024974,133.94962,-0.01834282,1.6074092,24.76197
48.87,9.025,133.95035,-0.018328289,1.6075929,24.761972
48.88,9.025026,133.95107,-0.01831338,1.6077759,24.761993
48.89,9.02505,133.95175,-0.018298896,1.6079599,24.761993
48.9,9.025072,133.95241,-0.018284297,1.6081425,24.761997
48.91,9.025099,133.95312,-0.018269906,1.6083249,24.76201
48.92,9.025121,133.95383,-0.018254912,1.6085072,24.762018
48.93,9.025145,133.95457,-0.018240193,1.6086906,24.762022
48.94,9.0251665,133.95526,-0.018225526,1.6088718,24.76203
48.95,9.025192,133.95592,-0.018210566,1.6090537,24.762043
48.96,9.025217,133.95662,-0.018196138,1.6092343,24.762053
48.97,9.025239,133.95735,-0.018181572,1.6094166,24.762058
48.98,9.025265,133.958,-0.01816711,1.6095979,24.762072
48.99,9.025289,133.95868,-0.018152228,1.6097802,24.762074
49.0,9.025314,133.9594,-0.018137434,1.6099607,24.762081
49.01,9.025338,133.96008,-0.018122884,1.610141,24.76209
49.02,9.02536,133.96074,-0.018108407,1.6103204,24.762096
49.03,9.025383,133.96147,-0.018093875,1.610502,24.762098
49.04,9.025406,133.96216,-0.018079078,1.6106822,24.762104
49.05,9.025429,133.96281,-0.01806443,1.6108615,24.762114
49.06,9.025454,133.9635,-0.01805005,1.6110406,24.762121
49.07,9.025478,133.9642,-0.018035306,1.6112204,24.762135
49.08,9.025503,133.96487,-0.018020889,1.6113989,24.762135
49.09,9.025525,133.96555,-0.018005831,1.6115779,24.762144
49.1,9.02555,133.96622,-0.017991027,1.6117568,24.762157
49.11,9.025572,133.9669,-0.017976614,1.6119359,24.762161
49.12,9.025599,133.96758,-0.017962066,1.6121128,24.762169
49.13,9.025622,133.96826,-0.017947467,1.6122913,24.762177
49.14,9.025642,133.96895,-0.01793283,1.6124693,24.762177
49.15,9.025665,133.96957,-0.017918127,1.612648,24.762188
49.16,9.025689,133.97028,-0.017903639,1.6128244,24.762197
49.17,9.025712,133.97093,-0.017888868,1.6130017,24.762205
49.18,9.025737,133.97162,-0.017874474,1.6131794,24.762217
49.19,9.025762,133.97227,-0.017859941,1.6133556,24.76222
49.2,9.0257845,133.97295,-0.017845215,1.6135324,24.762222
49.21,9.025807,133.97363,-0.017830735,1.6137083,24.762234
49.22,9.025827,133.97429,-0.017816124,1.6138858,24.762238
49.23,9.025851,133.97493,-0.017801194,1.6140624,24.762247
49.24,9.025877,133.97559,-0.01778674,1.6142383,24.762247
49.25,9.025901,133.97621,-0.017772244,1.614413,24.762264
49.26,9.025921,133.97691,-0.017757544,1.6145885,24.762266
49.27,9.025945,133.97758,-0.017743142,1.6147634,24.76227
49.28,9.0259695,133.9782,-0.01772864,1.6149395,24.762283
49.29,9.025993,133.97885,-0.017713966,1.6151145,24.762285
49.3,9.026016,133.97949,-0.017699173,1.6152893,24.762291
49.31,9.026036,133.98018,-0.017684652,1.6154636,24.762299
49.32,9.026061,133.98082,-0.017670052,1.6156371,24.762308
49.33,9.026083,133.98146,-0.01765549,1.6158112,24.762314
49.34,9.026106,133.9821,-0.017641066,1.6159855,24.762316
49.35,9.026127,133.98274,-0.017626302,1.6161586,24.76233
49.36,9.026151,133.9834,-0.017611755,1.616333,24.762325
49.37,9.0261755,133.9841,-0.017597074,1.6165056,24.762342
49.38,9.0262,133.98474,-0.017582556,1.6166795,24.762342
49.39,9.026219,133.98537,-0.017568259,1.6168525,24.762348
49.4,9.026244,133.98598,-0.017553335,1.6170238,24.762358
49.41,9.026267,133.98663,-0.017538788,1.6171979,24.762363
49.42,9.026286,133.98732,-0.017524553,1.61737,24.762365
49.43,9.02631,133.98795,-0.01750991,1.6175417,24.762367
49.44,9.026332,133.98856,-0.01749521,1.6177133,24.762383
49.45,9.026359,133.98921,-0.017480569,1.617886,24.762388
49.46,9.026381,133.98984,-0.017466111,1.6180577,24.762394
49.47,9.026402,133.9905,-0.017451482,1.618229,24.762403
49.48,9.026425,133.9911,-0.01743686,1.6183994,24.762411
49.49,9.026449,133.99174,-0.017422387,1.6185714,24.762413
49.5,9.026468,133.99239,-0.017408,1.6187404,24.76242
49.51,9.026492,133.993,-0.017393501,1.6189115,24.762417
49.52,9.026512,133.99362,-0.017378846,1.6190825,24.762426
49.53,9.02654,133.99426,-0.017364444,1.619252,24.762436
49.54,9.026561,133.99487,-0.017349785,1.6194234,24.762447
49.55,9.026581,133.99553,-0.017335305,1.6195916,24.762442
49.56,9.026604,133.99612,-0.017320702,1.619762,24.762455
49.57,9.0266285,133.99677,-0.017306155,1.619931,24.762455
49.58,9.0266485,133.9974,-0.01729176,1.6201004,24.762463
49.59,9.026672,133.998,-0.017277187,1.6202694,24.762472
49.6,9.026694,133.99866,-0.017262796,1.6204385,24.762472
49.61,9.026714,133.99922,-0.017247817,1.6206065,24.762486
49.62,9.026737,133.99985,-0.017233333,1.6207758,24.762486
49.63,9.02676,134.00049,-0.017219042,1.6209438,24.762491
49.64,9.026783,134.0011,-0.017204316,1.6211121,24.762505
49.65,9.026804,134.00172,-0.017190212,1.6212801,24.762505
49.66,9.026826,134.00233,-0.017175796,1.6214468,24.762514
49.67,9.026848,134.00294,-0.017160954,1.6216159,24.762512
49.68,9.026875,134.00357,-0.017146302,1.6217818,24.762512
49.69,9.026894,134.00418,-0.017132124,1.6219497,24.762522
49.7,9.026917,134.00479,-0.017117424,1.6221164,24.76253
49.71,9.026938,134.00537,-0.017103141,1.6222836,24.762535
49.72,9.026958,134.00601,-0.017088545,1.6224501,24.76254
49.73,9.02698,134.0066,-0.017073935,1.6226177,24.762548
49.74,9.027005,134.00723,-0.017059794,1.6227814,24.762554
49.75,9.027026,134.00777,-0.017045023,1.6229488,24.762554
49.76,9.027048,134.00844,-0.017030554,1.623115,24.762564
49.77,9.027067,134.00899,-0.017016018,1.6232806,24.762568
49.78,9.027091,134.0096,-0.01700184,1.6234455,24.762577
49.79,9.027115,134.01025,-0.01698727,1.6236111,24.762573
49.8,9.027133,134.0108,-0.016972577,1.6237755,24.76258
49.81,9.027155,134.01141,-0.016958078,1.6239411,24.762592
49.82,9.027177,134.01207,-0.016943788,1.6241058,24.76259
49.83,9.0272,134.01262,-0.016929394,1.6242703,24.762598
49.84,9.02722,134.01321,-0.016914943,1.6244351,24.76261
49.85,9.027241,134.01381,-0.016900295,1.6245989,24.76261
49.86,9.027264,134.01439,-0.016885998,1.624763,24.762617
49.87,9.027285,134.015,-0.016871395,1.6249273,24.76262
49.88,9.027309,134.0156,-0.016856905,1.625091,24.76262
49.89,9.0273285,134.01617,-0.016842809,1.6252538,24.762623
49.9,9.02735,134.01677,-0.01682818,1.6254156,24.762632
49.91,9.027372,134.01733,-0.01681365,1.6255802,24.762634
49.92,9.027391,134.0179,-0.01679925,1.6257434,24.76263
49.93,9.027412,134.01851,-0.016784798,1.6259062,24.762646
49.94,9.027433,134.0191,-0.016770277,1.6260694,24.76265
49.95,9.027456,134.01965,-0.01675583,1.6262314,24.762657
49.96,9.027477,134.02026,-0.016741524,1.6263931,24.762663
49.97,9.027497,134.02089,-0.016727101,1.6265554,24.762663
49.98,9.027522,134.02145,-0.016712492,1.6267171,24.762672
49.99,9.027543,134.022,-0.016698271,1.6268785,24.762672
50.0,9.027562,134.02261,-0.016683824,1.6270407,24.76268
50.01,9.027586,134.02321,-0.016669434,1.6272018,24.762682
50.02,9.027606,134.02376,-0.016654933,1.6273627,24.762682
50.03,9.027629,134.02434,-0.016640475,1.6275237,24.762682
50.04,9.02765,134.02495,-0.016626107,1.6276844,24.762697
50.05,9.027671,134.0255,-0.016611826,1.6278449,24.762697
50.06,9.02769,134.02606,-0.016597457,1.628005,24.762707
50.07,9.027714,134.02666,-0.01658314,1.6281656,24.762712
50.08,9.027733,134.02724,-0.016568564,1.6283259,24.76271
50.09,9.027757,134.0278,-0.016554328,1.628485,24.762718
50.1,9.027777,134.02838,-0.016540008,1.6286459,24.762712
50.11,9.027801,134.02893,-0.01652537,1.628805,24.762728
50.12,9.027816,134.02953,-0.016510976,1.6289648,24.762732
50.13,9.027839,134.03009,-0.016496673,1.6291233,24.762735
50.14,9.02786,134.03064,-0.016482264,1.6292828,24.762733
50.15,9.027881,134.03122,-0.016467877,1.6294415,24.762741
50.16,9.0279045,134.03177,-0.016453458,1.6296008,24.762745
50.17,9.027924,134.03232,-0.016439166,1.6297594,24.762745
50.18,9.027945,134.03287,-0.01642474,1.6299169,24.762756
50.19,9.027965,134.03346,-0.016410539,1.6300753,24.762758
50.2,9.027988,134.03398,-0.016395975,1.6302333,24.762758
50.21,9.028008,134.03453,-0.016381597,1.630391,24.76276
50.22,9.0280285,134.03513,-0.016367363,1.6305491,24.76277
50.23,9.02805,134.03568,-0.01635283,1.6307075,24.762772
50.24,9.0280695,134.03622,-0.01633867,1.6308638,24.76278
50.25,9.028089,134.03682,-0.016324451,1.631021,24.762785
50.26,9.02811,134.03737,-0.016309893,1.6311779,24.762781
50.27,9.028128,134.03792,-0.016295565,1.6313347,24.762785
50.28,9.028153,134.03842,-0.016281437,1.6314914,24.762787
50.29,9.0281725,134.03902,-0.016267002,1.6316473,24.762787
50.3,9.0281925,134.03955,-0.016252782,1.631804,24.762794
50.31,9.028216,134.04013,-0.016238408,1.6319599,24.762798
50.32,9.028236,134.04063,-0.016224064,1.6321155,24.762802
50.33,9.0282545,134.04117,-0.016209932,1.6322713,24.762808
50.34,9.028278,134.04172,-0.016195303,1.6324278,24.76281
50.35,9.0282955,134.0423,-0.016181057,1.6325831,24.76281
50.36,9.0283165,134.04285,-0.01616692,1.632738,24.762815
50.37,9.028336,134.04338,-0.016152423,1.6328933,24.762827
50.38,9.028356,134.04393,-0.016138306,1.6330478,24.762829
50.39,9.0283785,134.04446,-0.016123774,1.633204,24.762827
50.4,9.0283985,134.04501,-0.016109845,1.6333574,24.762829
50.41,9.028416,134.04555,-0.016095223,1.6335114,24.762836
50.42,9.02844,134.04608,-0.016080914,1.633666,24.76284
50.43,9.028461,134.04663,-0.016066747,1.6338203,24.76284
50.44,9.028479,134.04716,-0.01605224,1.6339744,24.762842
50.45,9.028499,134.0477,-0.016038131,1.6341281,24.76285
50.46,9.02852,134.04826,-0.016023844,1.6342814,24.762856
50.47,9.02854,134.04878,-0.016009817,1.6344357,24.762863
50.48,9.028559,134.04929,-0.015995389,1.634588,24.762856
50.49,9.02858,134.04985,-0.015980965,1.6347412,24.762861
50.5,9.028599,134.0504,-0.015966797,1.6348948,24.762865
50.51,9.028618,134.05093,-0.015952494,1.6350466,24.762869
50.52,9.028641,134.0514,-0.015938303,1.6352001,24.762865
50.53,9.02866,134.05196,-0.015924087,1.6353525,24.762873
50.54,9.028683,134.05246,-0.015909687,1.6355045,24.762875
50.55,9.028704,134.05302,-0.01589551,1.6356568,24.762877
50.56,9.028721,134.05353,-0.015881201,1.6358082,24.76288
50.57,9.028741,134.05405,-0.015866946,1.635961,24.762888
50.58,9.028757,134.05458,-0.015852857,1.6361114,24.762884
50.59,9.02878,134.05511,-0.01583842,1.6362629,24.762894
50.6,9.028799,134.05565,-0.015824161,1.6364146,24.762892
50.61,9.028821,134.05617,-0.015809981,1.6365657,24.762896
50.62,9.028841,134.05672,-0.015795903,1.6367178,24.762903
50.63,9.028861,134.05717,-0.015781594,1.6368673,24.762901
50.64,9.02888,134.05772,-0.015767248,1.6370183,24.762907
50.65,9.028903,134.05824,-0.015753157,1.6371685,24.762905
50.66,9.02892,134.05878,-0.015738996,1.6373194,24.762913
50.67,9.028941,134.0593,-0.015724985,1.6374689,24.762915
50.68,9.028959,134.05983,-0.015710441,1.6376196,24.762915
50.69,9.028982,134.06029,-0.015696425,1.6377686,24.76292
50.7,9.028998,134.06082,-0.01568219,1.637919,24.762918
50.71,9.029017,134.06133,-0.015667947,1.6380689,24.76291
50.72,9.029038,134.06186,-0.015653672,1.6382182,24.762918
50.73,9.029058,134.0624,-0.015639456,1.6383674,24.762928
50.74,9.0290785,134.06287,-0.015625108,1.6385165,24.762934
50.75,9.029098,134.06342,-0.015611399,1.6386652,24.762928
50.76,9.029119,134.0639,-0.015597099,1.6388143,24.762924
50.77,9.029138,134.06442,-0.015583115,1.6389616,24.762943
50.78,9.029159,134.0649,-0.015568735,1.6391115,24.762941
50.79,9.029178,134.06543,-0.015554706,1.6392586,24.762943
50.8,9.029196,134.06595,-0.015540421,1.6394064,24.76294
50.81,9.029216,134.06644,-0.015526315,1.6395557,24.762945
50.82,9.029235,134.06697,-0.015512209,1.6397032,24.762949
50.83,9.029253,134.06744,-0.015498145,1.6398507,24.762949
50.84,9.029272,134.06793,-0.015483927,1.6399976,24.762955
50.85,9.029294,134.06845,-0.015469611,1.6401458,24.76296
50.86,9.029315,134.06895,-0.015455563,1.6402928,24.762962
50.87,9.029331,134.06946,-0.01544112,1.6404399,24.762949
50.88,9.029352,134.06995,-0.015427208,1.6405867,24.762955
50.89,9.029372,134.07045,-0.015413344,1.6407329,24.762962
50.9,9.029389,134.07097,-0.015399145,1.6408796,24.762962
50.91,9.02941,134.07144,-0.015384717,1.6410263,24.762964
50.92,9.0294285,134.07191,-0.015370874,1.6411726,24.762968
50.93,9.029447,134.07242,-0.0153566655,1.6413189,24.762966
50.94,9.029466,134.0729,-0.015342355,1.6414641,24.762974
50.95,9.029487,134.07341,-0.015328342,1.6416104,24.762976
50.96,9.029504,134.07393,-0.015314357,1.6417551,24.762974
50.97,9.029523,134.07442,-0.015300261,1.6419019,24.762978
50.98,9.029544,134.07487,-0.0152860135,1.6420465,24.762981
50.99,9.029563,134.0754,-0.015271911,1.6421918,24.762985
51.0,9.029582,134.07591,-0.015257716,1.6423367,24.76298
51.01,9.0296,134.07637,-0.015243737,1.6424811,24.762981
51.02,9.029618,134.07684,-0.015229767,1.6426257,24.762987
51.03,9.029638,134.07735,-0.015215788,1.6427706,24.762985
51.04,9.029656,134.07785,-0.015201533,1.6429145,24.762985
51.05,9.0296755,134.07832,-0.0151874535,1.6430598,24.762989
51.06,9.0296955,134.07881,-0.015173392,1.643204,24.762987
51.07,9.029716,134.0793,-0.015159123,1.643347,24.762997
51.08,9.029736,134.07976,-0.015145326,1.6434911,24.762999
51.09,9.029754,134.08026,-0.0151312575,1.6436348,24.762999
51.1,9.02977,134.08072,-0.015117245,1.6437787,24.762997
51.11,9.02979,134.08122,-0.01510304,1.643922,24.763
51.12,9.029807,134.0817,-0.015089175,1.6440655,24.762999
51.13,9.02983,134.08217,-0.015075114,1.6442077,24.763006
51.14,9.029848,134.08264,-0.0150609445,1.6443508,24.763002
51.15,9.029867,134.08311,-0.015046908,1.6444925,24.763006
51.16,9.029885,134.08359,-0.0150331035,1.6446359,24.763
51.17,9.029906,134.08405,-0.015019104,1.6447786,24.763012
51.18,9.029923,134.08453,-0.015005104,1.6449212,24.763008
51.19,9.0299425,134.085,-0.014990861,1.6450635,24.763012
51.2,9.029959,134.08548,-0.014976993,1.6452045,24.763014
51.21,9.029978,134.08598,-0.014962889,1.6453466,24.763014
51.22,9.029995,134.08644,-0.014948908,1.6454884,24.763016
51.23,9.030017,134.08696,-0.014934761,1.6456296,24.763016
51.24,9.030035,134.08734,-0.014920961,1.6457721,24.763016
51.25,9.030055,134.08786,-0.014906937,1.6459131,24.763021
51.26,9.030073,134.08833,-0.014892966,1.6460538,24.763023
51.27,9.03009,134.08884,-0.014879022,1.646195,24.763016
51.28,9.03011,134.08926,-0.014864981,1.6463364,24.763027
51.29,9.030127,134.08975,-0.01485092,1.6464763,24.763018
51.3,9.030149,134.09015,-0.014836829,1.6466172,24.763021
51.31,9.030165,134.09065,-0.014822952,1.6467572,24.763025
51.32,9.030185,134.09111,-0.014808932,1.6468978,24.763025
51.33,9.030201,134.0916,-0.014795056,1.6470386,24.763031
51.34,9.03022,134.09206,-0.014781203,1.6471773,24.763031
51.35,9.030239,134.09251,-0.014767159,1.6473179,24.763025
51.36,9.030257,134.09296,-0.014753226,1.6474574,24.76303
51.37,9.030275,134.09343,-0.014739117,1.647597,24.76303
51.38,9.030297,134.09393,-0.014725223,1.647737,24.763023
51.39,9.030313,134.09438,-0.014711374,1.6478759,24.763021
51.4,9.030332,134.0948,-0.01469731,1.6480147,24.763031
51.41,9.030349,134.09528,-0.014683234,1.6481538,24.763037
51.42,9.030367,134.09572,-0.014669532,1.6482921,24.763031
51.43,9.030388,134.09616,-0.014655793,1.648431,24.763035
51.44,9.030403,134.09666,-0.014641816,1.6485686,24.763027
51.45,9.030423,134.09709,-0.0146278255,1.6487077,24.763033
51.46,9.0304365,134.09755,-0.014614046,1.6488445,24.763039
51.47,9.030457,134.09802,-0.014599897,1.6489844,24.763035
51.48,9.030476,134.09845,-0.014585977,1.6491206,24.763031
51.49,9.030495,134.0989,-0.014572101,1.6492602,24.763035
51.5,9.030513,134.09935,-0.014558392,1.6493969,24.763037
51.51,9.030532,134.09981,-0.014544483,1.6495342,24.763035
51.52,9.030548,134.10023,-0.014530478,1.6496711,24.763035
51.53,9.030568,134.10071,-0.014516639,1.6498092,24.763037
51.54,9.030585,134.10117,-0.014502678,1.6499466,24.76304
51.55,9.030603,134.10162,-0.014488786,1.6500838,24.763044
51.56,9.0306225,134.10207,-0.014475228,1.6502196,24.763042
51.57,9.03064,134.1025,-0.014461286,1.6503574,24.763042
51.58,9.03066,134.10294,-0.01444724,1.6504934,24.76304
51.59,9.030674,134.10333,-0.014433436,1.6506298,24.763046
51.6,9.030694,134.10379,-0.014419695,1.6507657,24.763042
51.61,9.030712,134.10426,-0.014405673,1.6509024,24.76304
51.62,9.030729,134.10472,-0.014391981,1.651038,24.763044
51.63,9.030751,134.10515,-0.0143778045,1.6511741,24.763042
51.64,9.030766,134.10558,-0.014364043,1.6513103,24.763044
51.65,9.030787,134.10602,-0.014350304,1.6514443,24.763042
51.66,9.030805,134.10643,-0.014336573,1.6515803,24.763048
51.67,9.030821,134.10692,-0.014322642,1.6517161,24.76305
51.68,9.030838,134.10736,-0.014308626,1.6518505,24.763042
51.69,9.030855,134.10783,-0.014294993,1.6519856,24.76304
51.7,9.030874,134.10822,-0.014281165,1.6521204,24.763044
51.71,9.0308895,134.10864,-0.014267353,1.6522552,24.763044
51.72,9.03091,134.10909,-0.01425332,1.6523906,24.763046
51.73,9.030927,134.10951,-0.01423982,1.6525245,24.763046
51.74,9.030946,134.10995,-0.01422599,1.6526583,24.763044
51.75,9.030966,134.11034,-0.014212247,1.652793,24.763042
51.76,9.030979,134.11087,-0.014198378,1.6529267,24.76305
51.77,9.030998,134.11127,-0.014184659,1.6530608,24.76305
51.78,9.031017,134.1117,-0.014170878,1.6531945,24.763042
51.79,9.031034,134.11212,-0.014157023,1.6533284,24.763046
51.8,9.03105,134.11253,-0.014143407,1.6534605,24.763042
51.81,9.03107,134.11296,-0.014129255,1.6535946,24.76305
51.82,9.031086,134.11339,-0.014115702,1.6537279,24.763054
51.83,9.031103,134.11386,-0.014102062,1.6538614,24.763039
51.84,9.03112,134.11423,-0.014088169,1.6539938,24.76304
51.85,9.031139,134.11469,-0.01407427,1.6541274,24.763046
51.86,9.0311575,134.1151,-0.014060542,1.6542596,24.763042
51.87,9.031173,134.11552,-0.0140469335,1.6543924,24.763046
51.88,9.031191,134.11594,-0.014033198,1.6545252,24.763044
51.89,9.031213,134.11636,-0.0140193105,1.6546563,24.763046
51.9,9.031228,134.11678,-0.014006017,1.6547884,24.763037
51.91,9.031246,134.1172,-0.013992136,1.6549206,24.763039
51.92,9.03126,134.11766,-0.013978176,1.6550529,24.763039
51.93,9.031281,134.11806,-0.013964547,1.655184,24.763039
51.94,9.031298,134.11847,-0.013950873,1.6553164,24.763035
51.95,9.031314,134.1189,-0.013937185,1.6554477,24.763044
51.96,9.03133,134.11932,-0.013923349,1.6555793,24.763042
51.97,9.031347,134.11972,-0.013909748,1.6557112,24.763035
51.98,9.031366,134.12015,-0.013895927,1.6558412,24.763044
51.99,9.031381,134.12057,-0.013882296,1.6559719,24.763039
52.0,9.0314,134.12099,-0.013868509,1.656103,24.763042
52.01,9.031417,134.12138,-0.013855014,1.656233,24.763042
52.02,9.031436,134.12184,-0.013841175,1.6563642,24.763033
52.03,9.031451,134.12221,-0.013827352,1.6564951,24.763042
52.04,9.031469,134.12262,-0.013814017,1.6566246,24.76304
52.05,9.031487,134.12308,-0.013800297,1.6567546,24.763039
52.06,9.031504,134.12346,-0.013786672,1.6568853,24.763033
52.07,9.03152,134.12389,-0.013772691,1.657015,24.763035
52.08,9.031537,134.12428,-0.013759214,1.6571444,24.763039
52.09,9.031556,134.12468,-0.013745543,1.6572747,24.763033
52.1,9.0315695,134.12508,-0.0137318745,1.6574043,24.763035
52.11,9.031588,134.1255,-0.013718188,1.6575332,24.763033
52.12,9.031604,134.12593,-0.013704414,1.6576622,24.763035
52.13,9.031623,134.12634,-0.013690915,1.6577922,24.763027
52.14,9.031639,134.12677,-0.013677396,1.6579208,24.763033
52.15,9.031654,134.12714,-0.01366378,1.6580493,24.763039
52.16,9.031675,134.12753,-0.013650093,1.6581784,24.763025
52.17,9.03169,134.12796,-0.013636487,1.6583068,24.76303
52.18,9.031708,134.12834,-0.01362285,1.6584357,24.763023
52.19,9.031726,134.12877,-0.013609294,1.6585629,24.763025
52.2,9.031741,134.12917,-0.013595765,1.6586914,24.763027
52.21,9.03176,134.12955,-0.013582205,1.6588199,24.763031
52.22,9.031776,134.12999,-0.013568671,1.6589476,24.76303
52.23,9.031794,134.13037,-0.013554918,1.6590756,24.76302
52.24,9.031811,134.13077,-0.013541101,1.6592036,24.763023
52.25,9.031828,134.13115,-0.013527835,1.65933,24.763021
52.26,9.031845,134.13152,-0.013514124,1.6594579,24.763018
52.27,9.031862,134.13197,-0.013500696,1.6595848,24.763025
52.28,9.031878,134.13235,-0.013487168,1.659713,24.763016
52.29,9.031893,134.13281,-0.013473427,1.6598405,24.763025
52.3,9.031913,134.13316,-0.013460137,1.6599665,24.76302
52.31,9.031927,134.13359,-0.013446391,1.6600937,24.76301
52.32,9.031944,134.13394,-0.013432605,1.6602203,24.763014
52.33,9.031963,134.13435,-0.013419116,1.660348,24.763012
52.34,9.031979,134.13472,-0.013405789,1.660472,24.763004
52.35,9.031994,134.13507,-0.013392143,1.6605995,24.763008
52.36,9.032012,134.1355,-0.013378546,1.6607255,24.763008
52.37,9.03203,134.13593,-0.0133652575,1.6608511,24.76301
52.38,9.032045,134.1363,-0.013351651,1.6609769,24.763008
52.39,9.03206,134.1367,-0.013337884,1.6611032,24.763
52.4,9.032076,134.13707,-0.013324309,1.6612288,24.763004
52.41,9.032092,134.13747,-0.013311176,1.6613536,24.763006
52.42,9.032113,134.13786,-0.013297418,1.6614797,24.763002
52.43,9.032128,134.13823,-0.013284,1.661606,24.763004
52.44,9.032144,134.13863,-0.013270516,1.6617292,24.763006
52.45,9.03216,134.13905,-0.013257051,1.6618556,24.762999
52.46,9.032179,134.1394,-0.013243524,1.6619806,24.763004
52.47,9.032194,134.13979,-0.013229877,1.6621048,24.763
52.48,9.032211,134.14018,-0.013216522,1.6622299,24.762997
52.49,9.032225,134.14056,-0.013203012,1.662354,24.762989
52.5,9.032243,134.14096,-0.013189644,1.6624787,24.762995
52.51,9.03226,134.14131,-0.01317627,1.6626025,24.762989
52.52,9.032277,134.14165,-0.013162596,1.6627268,24.76299
52.53,9.03229,134.14207,-0.013149476,1.662851,24.76299
52.54,9.032308,134.14249,-0.01313575,1.6629745,24.762985
52.55,9.032325,134.14287,-0.013122372,1.6630986,24.76298
52.56,9.032343,134.1432,-0.013108637,1.6632222,24.762987
52.57,9.032358,134.1436,-0.013095312,1.6633464,24.762985
52.58,9.032373,134.14398,-0.013082018,1.6634694,24.762981
52.59,9.032391,134.14436,-0.013068533,1.663593,24.762981
52.6,9.032406,134.14474,-0.013054967,1.6637155,24.762974
52.61,9.032425,134.14508,-0.013041569,1.6638398,24.762974
52.62,9.032436,134.14554,-0.013028355,1.6639626,24.76297
52.63,9.0324545,134.14586,-0.013015237,1.6640847,24.762959
52.64,9.032473,134.14627,-0.013001373,1.6642072,24.762966
52.65,9.032489,134.14664,-0.012987969,1.6643305,24.762962
52.66,9.032505,134.147,-0.012974622,1.6644522,24.762964
52.67,9.032519,134.14735,-0.01296109,1.664575,24.76297
52.68,9.032534,134.1477,-0.012947904,1.6646974,24.762953
52.69,9.032552,134.14812,-0.012934575,1.6648188,24.762962
52.7,9.032568,134.14848,-0.012921231,1.6649418,24.762957
52.71,9.032584,134.1489,-0.012907855,1.6650637,24.762953
52.72,9.032604,134.14922,-0.01289442,1.665185,24.762959
52.73,9.032619,134.1496,-0.012881113,1.6653068,24.76295
52.74,9.032634,134.14996,-0.012867544,1.6654284,24.762953
52.75,9.032651,134.15034,-0.012854295,1.6655488,24.762945
52.76,9.032667,134.15073,-0.012841066,1.6656715,24.76295
52.77,9.032684,134.15106,-0.012827432,1.6657921,24.762947
52.78,9.032699,134.15144,-0.012814263,1.6659129,24.762945
52.79,9.032716,134.15186,-0.012800859,1.6660334,24.762936
52.8,9.032732,134.15218,-0.012787562,1.6661544,24.762936
52.81,9.032748,134.15256,-0.012774086,1.6662765,24.762936
52.82,9.032765,134.1529,-0.012760973,1.6663953,24.762943
52.83,9.03278,134.15326,-0.012747424,1.6665165,24.762932
52.84,9.032793,134.15361,-0.012734322,1.6666365,24.762918
52.85,9.032811,134.15398,-0.012721233,1.666757,24.762926
52.86,9.032827,134.15437,-0.012707841,1.6668766,24.762926
52.87,9.032842,134.15472,-0.012694497,1.6669965,24.762926
52.88,9.032861,134.15504,-0.012681156,1.6671168,24.762926
52.89,9.032875,134.15546,-0.012667777,1.6672364,24.762918
52.9,9.032894,134.15579,-0.012654532,1.667357,24.762918
52.91,9.0329075,134.15617,-0.012641145,1.6674755,24.762913
52.92,9.032922,134.15651,-0.0126277935,1.6675941,24.76291
52.93,9.03294,134.15688,-0.012614673,1.6677147,24.762903
52.94,9.032952,134.1572,-0.012601264,1.6678331,24.762917
52.95,9.032969,134.15756,-0.012588108,1.6679531,24.762907
52.96,9.032986,134.15794,-0.012574984,1.6680703,24.762905
52.97,9.033002,134.1583,-0.01256166,1.6681896,24.762907
52.98,9.033016,134.15866,-0.012548463,1.6683089,24.762901
52.99,9.033032,134.15903,-0.01253509,1.6684277,24.762897
53.0,9.033049,134.1593,-0.012522116,1.668546,24.7629
53.01,9.033065,134.15971,-0.0125088915,1.6686642,24.762894
53.02,9.033081,134.16008,-0.012495611,1.6687825,24.76289
53.03,9.0330925,134.16042,-0.012482118,1.6689001,24.762894
53.04,9.033112,134.16074,-0.012469087,1.6690187,24.762888
53.05,9.033129,134.16115,-0.012455797,1.6691362,24.762884
53.06,9.033143,134.16148,-0.012442635,1.6692541,24.762886
53.07,9.033157,134.16182,-0.012429617,1.669372,24.762878
53.08,9.0331745,134.16219,-0.012416167,1.6694889,24.76287
53.09,9.033189,134.16252,-0.012402998,1.6696064,24.76287
53.1,9.033205,134.16284,-0.012389749,1.6697235,24.762865
53.11,9.03322,134.16321,-0.012376554,1.6698413,24.762867
53.12,9.033235,134.16357,-0.012363441,1.6699582,24.762869
53.13,9.033249,134.16391,-0.012350248,1.6700755,24.762865
53.14,9.033265,134.16429,-0.0123370495,1.6701921,24.762861
53.15,9.033281,134.16463,-0.012323765,1.6703091,24.762857
53.16,9.033297,134.165,-0.012310805,1.6704253,24.762856
53.17,9.033312,134.16533,-0.012297481,1.670542,24.762854
53.18,9.033329,134.16565,-0.012284337,1.6706583,24.76286
53.19,9.033345,134.16595,-0.012271227,1.6707746,24.76285
53.2,9.0333605,134.16634,-0.012258176,1.6708913,24.762848
53.21,9.033375,134.16672,-0.012244949,1.6710069,24.762844
53.22,9.033392,134.167,-0.012231549,1.6711227,24.762842
53.23,9.033408,134.16734,-0.012218643,1.6712389,24.762842
53.24,9.0334215,134.16772,-0.012205701,1.6713547,24.762838
53.25,9.033438,134.16805,-0.012192603,1.67147,24.762829
53.26,9.033452,134.1684,-0.012179349,1.6715862,24.762825
53.27,9.033466,134.16873,-0.012166293,1.6717004,24.76283
53.28,9.033483,134.1691,-0.012153177,1.671816,24.762829
53.29,9.0335,134.16943,-0.012140298,1.6719311,24.762817
53.3,9.033513,134.16975,-0.0121269915,1.6720458,24.76282
53.31,9.033527,134.17007,-0.012113914,1.6721622,24.762817
53.32,9.033545,134.17044,-0.012100901,1.672276,24.762814
53.33,9.033559,134.17079,-0.012087528,1.6723912,24.76281
53.34,9.033574,134.1711,-0.012074631,1.6725053,24.762806
53.35,9.033588,134.17143,-0.012061572,1.6726204,24.762808
53.36,9.033603,134.17175,-0.012048397,1.6727347,24.762794
53.37,9.03362,134.1721,-0.012035312,1.6728485,24.7628
53.38,9.033635,134.17245,-0.012022145,1.6729634,24.762798
53.39,9.033649,134.17279,-0.012009177,1.673077,24.762804
53.4,9.033666,134.17313,-0.011996085,1.6731911,24.762796
53.41,9.03368,134.17346,-0.011983024,1.673305,24.76278
53.42,9.033697,134.1738,-0.011970205,1.6734185,24.762775
53.43,9.033711,134.17412,-0.011957213,1.6735325,24.762787
53.44,9.033726,134.17442,-0.01194386,1.6736463,24.762781
53.45,9.03374,134.17477,-0.01193122,1.6737591,24.762777
53.46,9.033755,134.17513,-0.011918128,1.6738724,24.762766
53.47,9.0337715,134.17542,-0.011905091,1.6739851,24.762772
53.48,9.033785,134.17574,-0.011891937,1.6740988,24.762768
53.49,9.033802,134.17607,-0.011878809,1.6742107,24.762768
53.5,9.033816,134.1764,-0.01186608,1.6743244,24.762764
53.51,9.03383,134.17673,-0.011853121,1.6744365,24.762753
53.52,9.033847,134.17708,-0.011839928,1.6745503,24.762758
53.53,9.033863,134.17744,-0.011827087,1.6746624,24.762753
53.54,9.033875,134.17776,-0.011814166,1.674775,24.76275
53.55,9.03389,134.17809,-0.011800926,1.6748881,24.762754
53.56,9.033904,134.17836,-0.011788065,1.675,24.762745
53.57,9.033918,134.17868,-0.011775283,1.6751113,24.762743
53.58,9.033936,134.179,-0.011762068,1.6752242,24.762737
53.59,9.033949,134.17934,-0.011749085,1.6753362,24.762732
53.6,9.033963,134.17967,-0.011736335,1.6754472,24.76273
53.61,9.033979,134.18,-0.011723282,1.6755594,24.762718
53.62,9.033995,134.18033,-0.011710411,1.6756703,24.762728
53.63,9.03401,134.18065,-0.0116974395,1.6757829,24.762722
53.64,9.034025,134.18095,-0.011684462,1.6758939,24.762714
53.65,9.034041,134.18129,-0.0116715785,1.6760055,24.76271
53.66,9.034052,134.18158,-0.011658607,1.6761155,24.76271
53.67,9.034069,134.18188,-0.01164579,1.6762267,24.762707
53.68,9.034083,134.18225,-0.011632651,1.6763372,24.762703
53.69,9.034097,134.18256,-0.01161987,1.6764491,24.762701
53.7,9.034114,134.18288,-0.0116069,1.6765597,24.762697
53.71,9.034127,134.18318,-0.011593875,1.6766708,24.7627
53.72,9.034145,134.18352,-0.011581175,1.67678,24.762691
53.73,9.03416,134.18384,-0.011568215,1.6768905,24.762688
53.74,9.034172,134.18413,-0.011555148,1.6770017,24.762684
53.75,9.034189,134.18448,-0.0115425605,1.6771116,24.762674
53.76,9.0342045,134.18475,-0.0115294885,1.6772217,24.762672
53.77,9.034218,134.18506,-0.011516681,1.6773317,24.76267
53.78,9.03423,134.18536,-0.011503996,1.6774411,24.76267
53.79,9.034248,134.18568,-0.011490935,1.6775515,24.762669
53.8,9.034263,134.18599,-0.011477977,1.6776606,24.762655
53.81,9.034275,134.1863,-0.011465361,1.6777704,24.762657
53.82,9.034291,134.18661,-0.011452496,1.6778806,24.762653
53.83,9.034305,134.18695,-0.011439644,1.6779897,24.76265
53.84,9.03432,134.18727,-0.011426557,1.678098,24.762644
53.85,9.034335,134.18755,-0.011413943,1.6782082,24.762646
53.86,9.034347,134.1879,-0.011401314,1.6783171,24.762651
53.87,9.034363,134.1882,-0.011388155,1.6784257,24.762644
53.88,9.034377,134.1885,-0.011375181,1.6785353,24.762636
53.89,9.034391,134.18883,-0.011362635,1.6786436,24.762629
53.9,9.034406,134.18913,-0.011349693,1.6787523,24.76263
53.91,9.034418,134.18942,-0.011337198,1.678861,24.762627
53.92,9.034435,134.18977,-0.011323936,1.6789696,24.762623
53.93,9.034449,134.19008,-0.011311371,1.6790781,24.762619
53.94,9.034463,134.19035,-0.011298778,1.6791856,24.762611
53.95,9.034477,134.19067,-0.011285923,1.6792938,24.762617
53.96,9.0344925,134.19098,-0.011272876,1.679402,24.76261
53.97,9.034509,134.19131,-0.011260282,1.6795096,24.7626
53.98,9.034523,134.19159,-0.011247525,1.6796172,24.762598
53.99,9.034535,134.1919,-0.011234699,1.6797258,24.762602
54.0,9.034552,134.19221,-0.011222059,1.6798337,24.762589
54.01,9.034566,134.1925,-0.011209121,1.6799401,24.762589
54.02,9.03458,134.19278,-0.011196401,1.680049,24.762585
54.03,9.034594,134.1931,-0.011183945,1.6801549,24.762579
54.04,9.034608,134.19344,-0.011171037,1.6802636,24.762575
54.05,9.034622,134.1937,-0.011158526,1.6803689,24.762579
54.06,9.034637,134.19398,-0.01114573,1.6804758,24.76257
54.07,9.034653,134.19429,-0.011133071,1.6805835,24.762562
54.08,9.034664,134.19461,-0.011119999,1.680691,24.762562
54.09,9.03468,134.19492,-0.011107121,1.6807982,24.762562
54.1,9.034695,134.1952,-0.011094756,1.6809037,24.762547
54.11,9.034705,134.19547,-0.0110821165,1.6810105,24.762556
54.12,9.034719,134.19579,-0.011069322,1.6811169,24.762547
54.13,9.034735,134.19609,-0.011056596,1.6812233,24.762548
54.14,9.03475,134.19641,-0.011044178,1.6813297,24.76254
54.15,9.034762,134.19669,-0.011031181,1.6814356,24.762531
54.16,9.034779,134.19699,-0.011018598,1.6815416,24.762527
54.17,9.034792,134.19728,-0.011006033,1.6816471,24.762526
54.18,9.034808,134.19756,-0.010993248,1.6817536,24.762522
54.19,9.034822,134.19786,-0.010980567,1.6818599,24.762522
54.2,9.034838,134.19815,-0.010968076,1.6819644,24.762514
54.21,9.034851,134.19841,-0.010955166,1.6820703,24.762508
54.22,9.0348625,134.19875,-0.01094272,1.6821753,24.762508
54.23,9.034876,134.19904,-0.010929856,1.6822809,24.7625
54.24,9.03489,134.19934,-0.010917347,1.6823852,24.762505
54.25,9.034905,134.19966,-0.01090453,1.6824915,24.762497
54.26,9.03492,134.19997,-0.010892086,1.6825969,24.762493
54.27,9.034932,134.2002,-0.010879373,1.6827017,24.762487
54.28,9.034945,134.20052,-0.010866763,1.6828064,24.762472
54.29,9.034958,134.20085,-0.010854138,1.6829121,24.762474
54.3,9.034975,134.20111,-0.0108415745,1.6830149,24.76247
54.31,9.034989,134.20139,-0.01082919,1.6831195,24.76247
54.32,9.035004,134.20169,-0.010816375,1.6832243,24.76246
54.33,9.035016,134.20198,-0.010804025,1.6833287,24.76246
54.34,9.035031,134.20224,-0.010791114,1.6834332,24.76246
54.35,9.035046,134.20251,-0.010778487,1.6835366,24.762451
54.36,9.035059,134.20282,-0.010766024,1.6836414,24.762455
54.37,9.035072,134.2031,-0.010753352,1.683746,24.762444
54.38,9.035088,134.2034,-0.010740619,1.6838483,24.762444
54.39,9.035099,134.20369,-0.010728203,1.6839527,24.762432
54.4,9.035115,134.20398,-0.010715665,1.6840564,24.762424
54.41,9.035127,134.20424,-0.010703193,1.6841599,24.762428
54.42,9.035142,134.20453,-0.0106907915,1.6842636,24.762423
54.43,9.035155,134.20483,-0.0106781125,1.6843668,24.76242
54.44,9.035168,134.2051,-0.010665493,1.6844704,24.762415
54.45,9.035185,134.2054,-0.01065333,1.6845739,24.762403
54.46,9.035196,134.20567,-0.010640688,1.6846764,24.762403
54.47,9.0352125,134.20595,-0.010628074,1.6847788,24.762402
54.48,9.035224,134.20624,-0.010615587,1.6848824,24.76239
54.49,9.035237,134.2065,-0.010602899,1.6849849,24.762392
54.5,9.035255,134.20677,-0.010590507,1.6850873,24.762383
54.51,9.035266,134.20706,-0.010577936,1.6851903,24.762379
54.52,9.035282,134.20737,-0.010565432,1.6852933,24.762386
54.53,9.035295,134.20764,-0.010552855,1.6853954,24.762373
54.54,9.035306,134.2079,-0.010540245,1.6854975,24.762371
54.55,9.03532,134.20818,-0.0105281025,1.6855999,24.762365
54.56,9.035333,134.20845,-0.010515543,1.685702,24.762356
54.57,9.035347,134.20876,-0.010503009,1.6858035,24.762363
54.58,9.035363,134.20903,-0.010490375,1.6859063,24.762348
54.59,9.035375,134.20929,-0.010478027,1.6860087,24.762344
54.6,9.03539,134.20958,-0.010465587,1.6861101,24.76234
54.61,9.035402,134.20988,-0.010453174,1.6862115,24.76234
54.62,9.035417,134.21016,-0.010440735,1.6863124,24.76234
54.63,9.035432,134.21042,-0.010428345,1.6864145,24.762325
54.64,9.035443,134.2107,-0.0104160365,1.6865159,24.762323
54.65,9.035458,134.211,-0.010403419,1.686617,24.762316
54.66,9.035473,134.21124,-0.010391049,1.6867182,24.762318
54.67,9.035485,134.21152,-0.010378512,1.6868198,24.76231
54.68,9.035497,134.21182,-0.010366175,1.6869202,24.762312
54.69,9.03551,134.21205,-0.010353839,1.6870208,24.7623
54.7,9.035525,134.21234,-0.010341188,1.6871227,24.7623
54.71,9.035541,134.21262,-0.010328911,1.6872221,24.762295
54.72,9.035555,134.21288,-0.010316707,1.6873238,24.762293
54.73,9.035569,134.21315,-0.01030403,1.6874238,24.762281
54.74,9.03558,134.21341,-0.010291539,1.6875243,24.762274
54.75,9.035593,134.21368,-0.010279337,1.6876246,24.762278
54.76,9.035609,134.21399,-0.010267077,1.6877257,24.76227
54.77,9.035623,134.21425,-0.010254603,1.6878257,24.76226
54.78,9.035634,134.21451,-0.010242239,1.6879252,24.762257
54.79,9.035647,134.21477,-0.010229768,1.6880255,24.762259
54.8,9.035661,134.21507,-0.010217525,1.6881247,24.762255
54.81,9.035672,134.21532,-0.010205261,1.6882236,24.762249
54.82,9.035688,134.21555,-0.010192759,1.6883248,24.76224
54.83,9.035701,134.21587,-0.010180602,1.6884242,24.762236
54.84,9.035714,134.21613,-0.010168023,1.6885239,24.762234
54.85,9.035729,134.21643,-0.0101559255,1.688623,24.762232
54.86,9.035741,134.21664,-0.0101435,1.6887224,24.762222
54.87,9.035754,134.2169,-0.01013119,1.6888222,24.762218
54.88,9.035768,134.21724,-0.010118637,1.688922,24.762215
54.89,9.035781,134.21744,-0.01010632,1.6890194,24.762218
54.9,9.035794,134.21773,-0.0100942645,1.6891191,24.762207
54.91,9.035807,134.21799,-0.010082068,1.6892183,24.762197
54.92,9.035821,134.21826,-0.010069715,1.6893171,24.76219
54.93,9.035834,134.21854,-0.010057405,1.6894155,24.762196
54.94,9.035846,134.21878,-0.010045113,1.6895152,24.76218
54.95,9.035862,134.21909,-0.010033054,1.6896126,24.762178
54.96,9.035873,134.21931,-0.010020647,1.6897105,24.762173
54.97,9.035886,134.21954,-0.010008248,1.6898094,24.76218
54.98,9.035898,134.21983,-0.009996131,1.689908,24.762163
54.99,9.035912,134.22008,-0.009983774,1.6900054,24.76215
55.0,9.035925,134.22035,-0.009971652,1.6901037,24.762161
55.01,9.035938,134.22061,-0.00995926,1.6902025,24.762156
55.02,9.0359535,134.22089,-0.009947231,1.690299,24.762146
55.03,9.035965,134.22116,-0.009934785,1.6903971,24.762144
55.04,9.035979,134.22137,-0.009922825,1.690495,24.762138
55.05,9.035993,134.22162,-0.009910282,1.6905918,24.76213
55.06,9.036005,134.22188,-0.009898171,1.6906906,24.762127
55.07,9.036017,134.22217,-0.009885801,1.6907872,24.762121
55.08,9.036031,134.22243,-0.009873636,1.6908853,24.762121
55.09,9.036045,134.22272,-0.009861382,1.6909825,24.762114
55.1,9.036057,134.22295,-0.009849198,1.6910791,24.76211
55.11,9.036069,134.2232,-0.009836974,1.6911771,24.76211
55.12,9.036082,134.22345,-0.009824751,1.6912737,24.762096
55.13,9.036097,134.22374,-0.009812728,1.6913701,24.762087
55.14,9.036109,134.22398,-0.009800464,1.6914672,24.762089
55.15,9.036125,134.22423,-0.0097884275,1.6915647,24.762081
55.16,9.036136,134.22446,-0.009776201,1.6916602,24.762077
55.17,9.036149,134.22473,-0.009764133,1.6917573,24.76208
55.18,9.0361595,134.22499,-0.009751642,1.6918536,24.762068
55.19,9.036173,134.22525,-0.009739403,1.691951,24.76206
55.2,9.036188,134.22551,-0.0097274,1.6920458,24.762058
55.21,9.036202,134.22574,-0.009715289,1.6921431,24.762049
55.22,9.036214,134.226,-0.009703074,1.692239,24.76205
55.23,9.036226,134.22627,-0.009690981,1.6923347,24.762043
55.24,9.036241,134.22653,-0.009678911,1.692431,24.762047
55.25,9.036254,134.22676,-0.009666836,1.6925272,24.762033
55.26,9.036265,134.22702,-0.009654766,1.6926222,24.762037
55.27,9.036278,134.22728,-0.009642776,1.6927184,24.762022
55.28,9.036291,134.22751,-0.00963041,1.6928139,24.762018
55.29,9.036304,134.22774,-0.00961845,1.6929098,24.76201
55.3,9.036317,134.228,-0.00960644,1.6930037,24.76201
55.31,9.036329,134.22826,-0.00959412,1.6931003,24.762007
55.32,9.03634,134.22849,-0.009582134,1.6931956,24.761997
55.33,9.036355,134.22874,-0.009569824,1.69329,24.761992
55.34,9.036368,134.22899,-0.009558048,1.6933854,24.761986
55.35,9.036382,134.22923,-0.009545879,1.6934805,24.761988
55.36,9.036394,134.2295,-0.009533577,1.6935751,24.761976
55.37,9.036409,134.22972,-0.009521779,1.6936699,24.761969
55.38,9.036419,134.22998,-0.009509575,1.6937644,24.76197
55.39,9.036433,134.23022,-0.009497628,1.6938589,24.761967
55.4,9.036448,134.23053,-0.009485541,1.6939535,24.761957
55.41,9.036458,134.23076,-0.009473147,1.6940489,24.76195
55.42,9.036472,134.23103,-0.009461386,1.6941419,24.761953
55.43,9.036487,134.23126,-0.009449307,1.6942365,24.761932
55.44,9.036498,134.23152,-0.00943738,1.6943307,24.761932
55.45,9.036511,134.23174,-0.009424996,1.694426,24.761927
55.46,9.036523,134.23198,-0.009413309,1.6945192,24.761925
55.47,9.036537,134.23224,-0.009401139,1.694613,24.761925
55.48,9.036549,134.23245,-0.009389218,1.6947075,24.761911
55.49,9.036561,134.2327,-0.009377027,1.6948009,24.76191
55.5,9.036575,134.23296,-0.009365397,1.6948944,24.761902
55.51,9.036586,134.23318,-0.009353142,1.6949885,24.761894
55.52,9.036595,134.23344,-0.00934113,1.6950824,24.761894
55.53,9.036611,134.23367,-0.009328991,1.6951758,24.761883
55.54,9.036625,134.2339,-0.009317191,1.6952688,24.76188
55.55,9.036636,134.23413,-0.009305356,1.695361,24.761877
55.56,9.036649,134.23444,-0.009293476,1.6954554,24.761873
55.57,9.03666,134.23465,-0.009281179,1.6955478,24.76186
55.58,9.036675,134.2349,-0.009269403,1.6956413,24.76185
55.59,9.036684,134.23509,-0.009257434,1.6957335,24.76185
55.6,9.036697,134.23535,-0.009245526,1.6958266,24.761854
55.61,9.036714,134.23557,-0.009233717,1.6959196,24.761843
55.62,9.036726,134.23584,-0.009221518,1.6960123,24.761831
55.63,9.036735,134.23607,-0.009209661,1.696105,24.761831
55.64,9.036749,134.23628,-0.009197634,1.6961983,24.761827
55.65,9.036761,134.23659,-0.009185838,1.6962899,24.76182
55.66,9.036772,134.23679,-0.009174023,1.6963813,24.76181
55.67,9.036786,134.23703,-0.009162007,1.6964748,24.76181
55.68,9.0368,134.23727,-0.009150187,1.6965657,24.761803
55.69,9.036813,134.23753,-0.009138096,1.6966596,24.761793
55.7,9.036822,134.23773,-0.009126293,1.6967509,24.76179
55.71,9.036835,134.23798,-0.009114405,1.6968433,24.761791
55.72,9.036848,134.2382,-0.0091026835,1.6969341,24.761784
55.73,9.03686,134.23845,-0.009090483,1.697027,24.761784
55.74,9.03687,134.2387,-0.009078803,1.6971178,24.761768
55.75,9.036885,134.23888,-0.009066729,1.6972102,24.761765
55.76,9.036898,134.23912,-0.0090549085,1.6973008,24.761763
55.77,9.036909,134.23933,-0.009043183,1.6973925,24.761755
55.78,9.036923,134.23964,-0.009031279,1.697484,24.76175
55.79,9.036934,134.23984,-0.0090193935,1.6975752,24.761738
55.8,9.036947,134.2401,-0.009007618,1.697666,24.76174
55.81,9.036958,134.24033,-0.00899565,1.6977565,24.761738
55.82,9.036972,134.24055,-0.00898388,1.6978483,24.76173
55.83,9.036985,134.2408,-0.008972008,1.6979394,24.761719
55.84,9.036997,134.24104,-0.008960212,1.6980313,24.76171
55.85,9.037009,134.24124,-0.008948347,1.6981219,24.761702
55.86,9.037019,134.24149,-0.008936511,1.6982114,24.761702
55.87,9.037029,134.24173,-0.008924825,1.6983014,24.761696
55.88,9.037045,134.24194,-0.008913035,1.6983924,24.761696
55.89,9.037059,134.24217,-0.008901181,1.6984836,24.761684
55.9,9.037071,134.24237,-0.008889575,1.6985743,24.761677
55.91,9.037083,134.2426,-0.008877702,1.6986645,24.761671
55.92,9.037092,134.24286,-0.008865843,1.6987542,24.761663
55.93,9.037105,134.24307,-0.008854065,1.6988453,24.761663
55.94,9.037121,134.24332,-0.008842317,1.6989341,24.761656
55.95,9.037129,134.24356,-0.008830577,1.6990241,24.761656
55.96,9.037144,134.24374,-0.008818688,1.6991146,24.761652
55.97,9.037156,134.24399,-0.008806979,1.6992041,24.761642
55.98,9.0371685,134.24422,-0.008795228,1.6992934,24.76164
55.99,9.037179,134.2444,-0.008783471,1.6993834,24.761631
56.0,9.03719,134.24466,-0.008772004,1.6994728,24.761631
56.01,9.037206,134.24489,-0.008760029,1.699563,24.761618
56.02,9.037218,134.24513,-0.008748254,1.6996518,24.761614
56.03,9.037229,134.24538,-0.008736612,1.6997416,24.761612
56.04,9.037241,134.24559,-0.008724824,1.6998311,24.761606
56.05,9.037254,134.24579,-0.008713217,1.6999197,24.761587
56.06,9.037265,134.24602,-0.008701447,1.7000086,24.761593
56.07,9.037278,134.24622,-0.0086895935,1.7000974,24.761581
56.08,9.037291,134.24643,-0.008677844,1.700187,24.761583
56.09,9.037301,134.24666,-0.008666309,1.7002751,24.761581
56.1,9.037314,134.24689,-0.008654818,1.7003633,24.76157
56.11,9.037329,134.24712,-0.008643027,1.7004526,24.761559
56.12,9.03734,134.24736,-0.008631051,1.7005423,24.761557
56.13,9.03735,134.24759,-0.008619346,1.7006294,24.761547
56.14,9.037361,134.24776,-0.008607773,1.7007188,24.76154
56.15,9.037374,134.24797,-0.008596079,1.7008072,24.761541
56.16,9.037387,134.24821,-0.008584514,1.7008947,24.761532
56.17,9.037397,134.24847,-0.008572854,1.7009833,24.76153
56.18,9.037411,134.24866,-0.008561235,1.7010719,24.761517
56.19,9.037422,134.24892,-0.008549631,1.7011584,24.761507
56.2,9.037434,134.24911,-0.008537946,1.7012478,24.76151
56.21,9.037446,134.24933,-0.008526603,1.7013354,24.761517
56.22,9.037457,134.24957,-0.008514753,1.7014226,24.761503
56.23,9.037469,134.24982,-0.008503187,1.7015108,24.761496
56.24,9.037483,134.24997,-0.008491633,1.7015988,24.761486
56.25,9.037493,134.2502,-0.008479891,1.7016859,24.761478
56.26,9.037504,134.25041,-0.008468062,1.7017733,24.761477
56.27,9.037515,134.25064,-0.008456644,1.7018605,24.761467
56.28,9.03753,134.25082,-0.00844514,1.7019469,24.761465
56.29,9.037541,134.2511,-0.00843345,1.7020342,24.761461
56.3,9.037556,134.25133,-0.008422101,1.7021229,24.761456
56.31,9.037566,134.25151,-0.008410037,1.7022104,24.76145
56.32,9.037577,134.25171,-0.008398863,1.7022969,24.761446
56.33,9.03759,134.25197,-0.008387199,1.7023836,24.761429
56.34,9.0376,134.25218,-0.00837563,1.7024711,24.761423
56.35,9.037609,134.25238,-0.008364001,1.7025577,24.761425
56.36,9.037624,134.25261,-0.008352578,1.7026442,24.761417
56.37,9.037637,134.25279,-0.008341042,1.7027298,24.76141
56.38,9.037646,134.253,-0.008329546,1.7028177,24.761406
56.39,9.037662,134.25323,-0.008317823,1.7029045,24.761395
56.4,9.037673,134.25342,-0.0083061345,1.7029897,24.761395
56.41,9.0376835,134.25363,-0.008294631,1.703077,24.761381
56.42,9.037694,134.25386,-0.008283032,1.7031629,24.761375
56.43,9.037707,134.2541,-0.008271668,1.7032486,24.76137
56.44,9.037718,134.2543,-0.008260308,1.7033342,24.76136
56.45,9.037729,134.2545,-0.00824861,1.7034217,24.761358
56.46,9.037743,134.25468,-0.008236943,1.7035072,24.761353
56.47,9.037755,134.25491,-0.008225864,1.7035928,24.761353
56.48,9.037766,134.25511,-0.008214312,1.7036785,24.761347
56.49,9.037778,134.25533,-0.008202542,1.7037646,24.761347
56.5,9.037786,134.25557,-0.008191157,1.70385,24.761335
56.51,9.037798,134.25575,-0.008179501,1.7039361,24.761324
56.52,9.03781,134.25598,-0.00816817,1.7040217,24.761316
56.53,9.037825,134.25618,-0.008156719,1.7041061,24.761316
56.54,9.037835,134.25638,-0.008145375,1.7041928,24.761307
56.55,9.0378475,134.25656,-0.008133803,1.7042774,24.761305
56.56,9.037859,134.25682,-0.008122386,1.704362,24.761292
56.57,9.037869,134.25703,-0.008110927,1.7044473,24.761293
56.58,9.037878,134.2572,-0.008099424,1.7045326,24.761288
56.59,9.037891,134.25743,-0.00808805,1.7046171,24.76128
56.6,9.037906,134.2576,-0.008076686,1.7047019,24.761267
56.61,9.037919,134.25784,-0.008065091,1.7047875,24.761265
56.62,9.03793,134.2581,-0.008053791,1.7048713,24.761253
56.63,9.03794,134.25829,-0.008042384,1.7049567,24.761251
56.64,9.037953,134.25844,-0.008030852,1.7050414,24.76124
56.65,9.037962,134.25867,-0.00801954,1.7051256,24.761232
56.66,9.037977,134.25888,-0.0080079585,1.7052104,24.76123
56.67,9.037987,134.25911,-0.007996744,1.7052945,24.761223
56.68,9.037997,134.25931,-0.007985411,1.7053788,24.761223
56.69,9.038009,134.25952,-0.007973922,1.7054636,24.761213
56.7,9.03802,134.25975,-0.007962525,1.705547,24.761202
56.71,9.038032,134.25993,-0.007951371,1.7056315,24.761206
56.72,9.038042,134.26013,-0.007939776,1.705715,24.761204
56.73,9.038055,134.26033,-0.007928679,1.7057991,24.76119
56.74,9.038067,134.26054,-0.007916946,1.705883,24.761187
56.75,9.03808,134.26074,-0.00790561,1.7059667,24.761177
56.76,9.03809,134.26096,-0.007894371,1.7060496,24.761168
56.77,9.038099,134.26115,-0.007882837,1.7061344,24.761171
56.78,9.038111,134.26134,-0.007871667,1.706217,24.761164
56.79,9.038124,134.26154,-0.007860424,1.706301,24.76116
56.8,9.038135,134.26175,-0.007848958,1.7063848,24.761148
56.81,9.038147,134.26192,-0.007837754,1.706467,24.761143
56.82,9.038156,134.26215,-0.007826339,1.7065512,24.761137
56.83,9.03817,134.26233,-0.007814944,1.7066343,24.761127
56.84,9.038181,134.26254,-0.0078036133,1.7067168,24.761124
56.85,9.038194,134.26277,-0.007792365,1.7068006,24.761122
56.86,9.038206,134.26295,-0.0077809636,1.7068825,24.761108
56.87,9.038216,134.26314,-0.0077697504,1.7069659,24.761105
56.88,9.038226,134.26337,-0.0077587515,1.7070483,24.761093
56.89,9.038238,134.26352,-0.007747298,1.7071314,24.761086
56.9,9.03825,134.26372,-0.007735906,1.7072139,24.761086
56.91,9.0382595,134.26392,-0.007724669,1.7072963,24.761076
56.92,9.038269,134.26413,-0.0077133887,1.707379,24.761076
56.93,9.0382805,134.26434,-0.0077024605,1.7074612,24.761063
56.94,9.038293,134.26456,-0.007691074,1.7075431,24.761055
56.95,9.038303,134.26474,-0.0076795835,1.707626,24.761053
56.96,9.038315,134.26494,-0.0076683983,1.7077084,24.761047
56.97,9.038325,134.26512,-0.007657053,1.7077907,24.761036
56.98,9.038338,134.26534,-0.0076458585,1.7078726,24.76103
56.99,9.038351,134.26555,-0.0076347142,1.7079539,24.761024
57.0,9.0383625,134.26573,-0.0076236017,1.7080368,24.761019
57.01,9.038372,134.26593,-0.0076123904,1.7081187,24.761017
57.02,9.038384,134.26614,-0.0076013375,1.7081997,24.761013
57.03,9.038397,134.2663,-0.0075899083,1.7082814,24.761003
57.04,9.038407,134.26653,-0.0075787175,1.708364,24.761003
57.05,9.038418,134.2667,-0.0075675882,1.7084448,24.760986
57.06,9.038429,134.26685,-0.0075562242,1.7085272,24.760983
57.07,9.03844,134.2671,-0.007545231,1.7086082,24.760975
57.08,9.038451,134.26727,-0.007534053,1.7086891,24.760965
57.09,9.038464,134.26743,-0.007522924,1.7087703,24.760967
57.1,9.038476,134.26765,-0.007511625,1.7088524,24.760962
57.11,9.038486,134.26785,-0.0075005367,1.7089331,24.760958
57.12,9.038497,134.26802,-0.0074892864,1.709014,24.76095
57.13,9.038508,134.26823,-0.0074779727,1.709095,24.760946
57.14,9.038519,134.2684,-0.0074668955,1.709176,24.760933
57.15,9.038532,134.26857,-0.0074558426,1.7092574,24.760925
57.16,9.038542,134.26881,-0.007444529,1.7093378,24.760916
57.17,9.038554,134.26901,-0.007433789,1.7094178,24.760916
57.18,9.038562,134.26923,-0.0074222367,1.7094995,24.760908
57.19,9.038573,134.26941,-0.007411225,1.7095793,24.760902
57.2,9.038588,134.26959,-0.0074000694,1.7096597,24.760893
57.21,9.038597,134.26976,-0.0073890816,1.7097404,24.760891
57.22,9.038607,134.27,-0.007377958,1.7098209,24.760881
57.23,9.038617,134.27017,-0.007366743,1.7099006,24.760876
57.24,9.038629,134.27036,-0.007355666,1.7099813,24.760866
57.25,9.03864,134.27052,-0.007344596,1.7100611,24.760859
57.26,9.0386505,134.27072,-0.007333353,1.7101414,24.760855
57.27,9.038663,134.2709,-0.0073224343,1.7102222,24.760849
57.28,9.038672,134.27115,-0.0073114615,1.710301,24.760849
57.29,9.038682,134.2713,-0.0073002186,1.7103816,24.760836
57.3,9.038694,134.27148,-0.007289065,1.7104604,24.76082
57.31,9.038708,134.27165,-0.007277908,1.7105412,24.760822
57.32,9.038718,134.27187,-0.007267151,1.7106194,24.760824
57.33,9.038728,134.27206,-0.007255988,1.7107003,24.760815
57.34,9.038741,134.27226,-0.007244924,1.7107795,24.76081
57.35,9.038752,134.27245,-0.007233942,1.7108588,24.760792
57.36,9.038762,134.27258,-0.0072228573,1.7109375,24.760788
57.37,9.038774,134.27283,-0.007211758,1.7110173,24.76079
57.38,9.038785,134.27301,-0.0072007068,1.7110965,24.76078
57.39,9.038796,134.27316,-0.007189717,1.7111753,24.760775
57.4,9.038809,134.27333,-0.0071787965,1.711255,24.760767
57.41,9.038818,134.27356,-0.0071676336,1.7113345,24.760757
57.42,9.038828,134.27371,-0.0071566794,1.711413,24.760757
57.43,9.038839,134.27391,-0.007145593,1.7114922,24.760744
57.44,9.038852,134.2741,-0.007134646,1.7115698,24.760736
57.45,9.038861,134.27428,-0.007123664,1.7116498,24.760733
57.46,9.038873,134.27444,-0.0071127694,1.7117286,24.760725
57.47,9.038883,134.27466,-0.0071017668,1.7118069,24.760715
57.48,9.038893,134.27484,-0.0070906375,1.7118853,24.760712
57.49,9.038903,134.275,-0.0070797503,1.7119642,24.760704
57.5,9.038915,134.27518,-0.007068699,1.7120423,24.760698
57.51,9.038925,134.27539,-0.0070578344,1.7121209,24.760693
57.52,9.038936,134.27557,-0.0070470236,1.7121984,24.760687
57.53,9.038945,134.27577,-0.007035956,1.7122777,24.760683
57.54,9.038956,134.27594,-0.007024942,1.7123544,24.760672
57.55,9.038967,134.27612,-0.007013859,1.7124342,24.76066
57.56,9.03898,134.27629,-0.007002959,1.71251,24.76066
57.57,9.03899,134.27646,-0.0069920328,1.7125893,24.760653
57.58,9.039002,134.27667,-0.006981181,1.7126665,24.760645
57.59,9.039015,134.27686,-0.0069700666,1.712745,24.760637
57.6,9.039024,134.277,-0.0069593284,1.7128223,24.76063
57.61,9.039032,134.2772,-0.006948365,1.7129005,24.760622
57.62,9.039043,134.27736,-0.006937381,1.7129779,24.76062
57.63,9.039056,134.27753,-0.0069266465,1.7130542,24.76061
57.64,9.039067,134.27774,-0.006915735,1.7131332,24.760605
57.65,9.039078,134.27791,-0.00690479,1.71321,24.760605
57.66,9.039087,134.27809,-0.0068940315,1.7132865,24.760597
57.67,9.039099,134.27827,-0.0068832114,1.7133652,24.760588
57.68,9.039107,134.27846,-0.006871842,1.7134427,24.760584
57.69,9.039118,134.27863,-0.0068610627,1.7135192,24.760574
57.7,9.03913,134.2788,-0.006850455,1.7135962,24.760565
57.71,9.039141,134.27899,-0.0068392754,1.7136729,24.76056
57.72,9.03915,134.27917,-0.0068287402,1.7137499,24.760557
57.73,9.03916,134.27937,-0.006817583,1.7138274,24.760542
57.74,9.03917,134.27956,-0.006806856,1.7139035,24.760534
57.75,9.039184,134.27971,-0.006796209,1.7139798,24.76053
57.76,9.039195,134.27989,-0.006785471,1.7140559,24.76053
57.77,9.039205,134.28009,-0.006774476,1.7141334,24.76052
57.78,9.039212,134.28026,-0.006763555,1.7142094,24.760508
57.79,9.039223,134.28043,-0.006752806,1.7142866,24.760511
57.8,9.039233,134.28058,-0.0067417827,1.714362,24.7605
57.81,9.039247,134.28076,-0.0067312755,1.7144386,24.7605
57.82,9.039259,134.28091,-0.006720366,1.7145151,24.760492
57.83,9.039265,134.28113,-0.006709721,1.7145911,24.76047
57.84,9.039278,134.28127,-0.006698856,1.7146674,24.760477
57.85,9.039289,134.28148,-0.006688146,1.7147434,24.760466
57.86,9.039297,134.2816,-0.006677281,1.714819,24.76046
57.87,9.039309,134.2818,-0.0066667087,1.7148957,24.760454
57.88,9.039318,134.28197,-0.0066556446,1.7149711,24.760445
57.89,9.039329,134.28217,-0.0066448264,1.7150465,24.76044
57.9,9.039341,134.28232,-0.006634081,1.7151222,24.76043
57.91,9.039351,134.2825,-0.0066234544,1.7151989,24.760426
57.92,9.039363,134.2827,-0.006612528,1.7152735,24.76042
57.93,9.039371,134.28285,-0.006601827,1.71535,24.76041
57.94,9.039384,134.28302,-0.006591134,1.715425,24.760403
57.95,9.039395,134.2832,-0.0065806136,1.7155004,24.760397
57.96,9.039406,134.28334,-0.0065696687,1.7155758,24.760393
57.97,9.039417,134.28352,-0.0065590274,1.715651,24.760387
57.98,9.039425,134.28374,-0.0065480527,1.7157252,24.760382
57.99,9.039438,134.28389,-0.006537443,1.715801,24.760372
58.0,9.039448,134.28406,-0.006526701,1.7158754,24.76037
58.01,9.039457,134.28421,-0.006516129,1.71595,24.76036
58.02,9.03947,134.28441,-0.0065051205,1.7160264,24.760351
58.03,9.039479,134.28456,-0.006494591,1.7161013,24.760344
58.04,9.039489,134.28474,-0.006483894,1.7161752,24.760338
58.05,9.0395,134.28491,-0.0064733643,1.7162498,24.760334
58.06,9.039508,134.28508,-0.0064625144,1.7163247,24.76033
58.07,9.039521,134.28525,-0.006451864,1.7163999,24.760317
58.08,9.039531,134.28545,-0.0064414125,1.7164743,24.76031
58.09,9.039541,134.28563,-0.0064305104,1.7165486,24.760305
58.1,9.03955,134.28577,-0.0064200703,1.7166221,24.760294
58.11,9.03956,134.28593,-0.0064092632,1.7166971,24.760292
58.12,9.039573,134.28612,-0.0063986536,1.7167708,24.760286
58.13,9.039582,134.28629,-0.0063879117,1.7168453,24.760279
58.14,9.039593,134.28639,-0.0063773394,1.7169201,24.76027
58.15,9.039603,134.28656,-0.0063665956,1.7169933,24.760263
58.16,9.039617,134.28673,-0.006355975,1.7170678,24.76026
58.17,9.039624,134.28693,-0.0063454565,1.7171426,24.760254
58.18,9.039636,134.2871,-0.0063349325,1.7172153,24.76024
58.19,9.039642,134.28726,-0.0063241683,1.7172885,24.760235
58.2,9.039655,134.28743,-0.0063135847,1.7173634,24.76023
58.21,9.039665,134.28763,-0.0063027553,1.717436,24.760221
58.22,9.039675,134.2878,-0.006292401,1.7175109,24.76022
58.23,9.039685,134.28793,-0.006281793,1.7175848,24.760206
58.24,9.039696,134.2881,-0.0062712096,1.7176574,24.7602
58.25,9.039705,134.28822,-0.0062605347,1.7177311,24.760195
58.26,9.039716,134.28842,-0.0062502995,1.7178048,24.760191
58.27,9.039727,134.28859,-0.0062394477,1.7178779,24.760183
58.28,9.039737,134.28877,-0.006228747,1.7179507,24.76018
58.29,9.039745,134.28891,-0.0062185116,1.7180237,24.760172
58.3,9.039757,134.28911,-0.0062077753,1.718097,24.760162
58.31,9.039766,134.28923,-0.0061971843,1.7181703,24.760155
58.32,9.039776,134.28943,-0.006186679,1.7182438,24.760149
58.33,9.039785,134.28957,-0.00617628,1.7183156,24.760145
58.34,9.039796,134.28972,-0.006165752,1.7183893,24.760134
58.35,9.039807,134.28986,-0.006154893,1.7184614,24.760126
58.36,9.039818,134.29005,-0.0061445553,1.7185344,24.760122
58.37,9.039828,134.29024,-0.0061339773,1.7186066,24.76011
58.38,9.039842,134.29042,-0.0061233006,1.7186798,24.760107
58.39,9.039848,134.29056,-0.0061130915,1.7187521,24.760103
58.4,9.039859,134.29074,-0.0061022025,1.7188251,24.760096
58.41,9.03987,134.29091,-0.0060920157,1.7188969,24.760088
58.42,9.039878,134.29105,-0.0060812365,1.7189691,24.76008
58.43,9.0398855,134.29123,-0.006071035,1.7190415,24.760065
58.44,9.0399,134.29138,-0.0060606413,1.7191137,24.760061
58.45,9.03991,134.29153,-0.006049935,1.7191856,24.760061
58.46,9.039918,134.29172,-0.0060395095,1.7192583,24.760046
58.47,9.039928,134.29187,-0.006028915,1.7193301,24.76004
58.48,9.039939,134.29204,-0.0060186367,1.7194017,24.760038
58.49,9.039949,134.29219,-0.006007908,1.719474,24.760036
58.5,9.039958,134.29234,-0.005997753,1.7195455,24.760027
58.51,9.039969,134.2925,-0.0059871245,1.7196188,24.760017
58.52,9.039982,134.29265,-0.005976485,1.7196901,24.760015
58.53,9.03999,134.29282,-0.005966289,1.7197613,24.759996
58.54,9.040002,134.29295,-0.00595594,1.7198323,24.75999
58.55,9.040011,134.29314,-0.0059453845,1.7199043,24.759993
58.56,9.040022,134.2933,-0.0059349705,1.7199762,24.759975
58.57,9.040029,134.29347,-0.0059246607,1.7200471,24.759983
58.58,9.040039,134.2936,-0.005914012,1.7201183,24.759968
58.59,9.040051,134.29376,-0.0059035346,1.7201904,24.75997
58.6,9.040062,134.29395,-0.005893247,1.7202616,24.75996
58.61,9.040071,134.29408,-0.0058828313,1.7203319,24.75995
58.62,9.040082,134.29422,-0.005872419,1.720403,24.759947
58.63,9.0400915,134.29442,-0.005861912,1.7204741,24.759935
58.64,9.040104,134.29456,-0.005851729,1.7205458,24.759932
58.65,9.040112,134.29468,-0.0058414154,1.7206159,24.75992
58.66,9.040119,134.29486,-0.0058310498,1.7206866,24.759916
58.67,9.040131,134.29501,-0.0058204364,1.7207569,24.759907
58.68,9.040141,134.29517,-0.005810393,1.7208295,24.759903
58.69,9.040151,134.29533,-0.0058000255,1.7208993,24.759888
58.7,9.04016,134.29549,-0.0057893563,1.7209702,24.759892
58.71,9.040169,134.29565,-0.005779164,1.7210397,24.759884
58.72,9.040178,134.2958,-0.005768759,1.7211113,24.759876
58.73,9.04019,134.29593,-0.0057585984,1.7211809,24.759863
58.74,9.0402,134.29611,-0.005748216,1.7212521,24.759861
58.75,9.040209,134.2963,-0.005737735,1.7213218,24.759851
58.76,9.040219,134.29645,-0.0057274215,1.7213918,24.75985
58.77,9.040227,134.29662,-0.005717067,1.721463,24.759842
58.78,9.040239,134.29677,-0.0057067517,1.7215327,24.759832
58.79,9.040251,134.2969,-0.0056965053,1.721603,24.75982
58.8,9.040258,134.29707,-0.0056861695,1.721672,24.759815
58.81,9.04027,134.29724,-0.0056757256,1.7217423,24.759813
58.82,9.04028,134.2974,-0.0056655128,1.7218114,24.759804
58.83,9.040289,134.29752,-0.0056550168,1.7218826,24.759794
58.84,9.040298,134.29768,-0.005644966,1.7219518,24.75979
58.85,9.040309,134.29785,-0.0056347772,1.7220218,24.759787
58.86,9.040319,134.29802,-0.005624382,1.7220911,24.759787
58.87,9.040326,134.29811,-0.0056141093,1.7221609,24.75978
58.88,9.040337,134.29828,-0.005603928,1.7222302,24.759762
58.89,9.040352,134.29842,-0.005593814,1.7223002,24.759758
58.9,9.040361,134.2986,-0.005583415,1.7223696,24.75975
58.91,9.040368,134.29875,-0.00557312,1.7224383,24.759739
58.92,9.040381,134.29889,-0.0055628307,1.7225078,24.759739
58.93,9.040389,134.29903,-0.0055526607,1.7225772,24.759735
58.94,9.040397,134.2992,-0.005542297,1.7226459,24.759726
58.95,9.040407,134.29938,-0.0055319984,1.7227156,24.759716
58.96,9.04042,134.2995,-0.0055221226,1.7227843,24.759706
58.97,9.040426,134.29968,-0.0055115633,1.7228533,24.7597
58.98,9.040437,134.2998,-0.0055014286,1.7229218,24.75969
58.99,9.040445,134.29997,-0.005491117,1.7229908,24.759684
59.0,9.040455,134.30008,-0.0054811165,1.7230607,24.759682
59.01,9.040463,134.30026,-0.0054708645,1.7231292,24.759665
59.02,9.040476,134.30038,-0.0054606907,1.7231965,24.759665
59.03,9.0404825,134.3005,-0.005450582,1.7232664,24.759663
59.04,9.040496,134.30066,-0.0054404214,1.7233344,24.75965
59.05,9.040504,134.30083,-0.0054301135,1.7234026,24.75965
59.06,9.040514,134.30098,-0.005419815,1.7234707,24.759645
59.07,9.040526,134.30109,-0.0054097045,1.7235405,24.759632
59.08,9.040533,134.3013,-0.005399512,1.7236079,24.75962
59.09,9.040543,134.30145,-0.005389426,1.7236766,24.759611
59.1,9.040552,134.30157,-0.00537912,1.7237444,24.75961
59.11,9.040563,134.30173,-0.0053691287,1.7238128,24.759602
59.12,9.040572,134.3019,-0.0053589884,1.7238805,24.759596
59.13,9.040584,134.30205,-0.005348807,1.7239492,24.759588
59.14,9.040592,134.30222,-0.0053382553,1.7240173,24.759584
59.15,9.0406,134.30232,-0.005328499,1.7240855,24.759577
59.16,9.040612,134.30247,-0.005318133,1.7241527,24.759573
59.17,9.040622,134.30266,-0.0053084753,1.72422,24.759562
59.18,9.040628,134.3028,-0.0052981507,1.7242882,24.75955
59.19,9.040638,134.30293,-0.0052879937,1.724356,24.759542
59.2,9.040649,134.30307,-0.005277872,1.7244226,24.759548
59.21,9.040661,134.30324,-0.0052678045,1.7244908,24.759539
59.22,9.0406685,134.30336,-0.005257869,1.7245588,24.759523
59.23,9.040676,134.30347,-0.0052477103,1.7246265,24.75952
59.24,9.040688,134.30362,-0.0052374136,1.7246933,24.759506
59.25,9.040698,134.30379,-0.0052274223,1.724761,24.759499
59.26,9.040708,134.30394,-0.005217286,1.724828,24.759497
59.27,9.040718,134.30408,-0.00520741,1.7248949,24.759491
59.28,9.040728,134.3042,-0.005196983,1.7249624,24.75948
59.29,9.040734,134.30437,-0.005187329,1.7250289,24.75948
59.3,9.040744,134.3045,-0.0051770564,1.7250967,24.759472
59.31,9.040754,134.30467,-0.0051671024,1.7251633,24.759464
59.32,9.040763,134.3048,-0.0051569566,1.7252302,24.759455
59.33,9.040772,134.30498,-0.0051469076,1.7252966,24.759449
59.34,9.040781,134.30508,-0.0051370896,1.7253642,24.75944
59.35,9.040793,134.30524,-0.005127048,1.7254316,24.75943
59.36,9.040802,134.3054,-0.0051168054,1.7254975,24.759422
59.37,9.040809,134.30556,-0.0051068403,1.7255638,24.759424
59.38,9.040819,134.30566,-0.0050970223,1.7256305,24.75941
59.39,9.040829,134.30576,-0.005087031,1.725697,24.759401
59.4,9.040838,134.30592,-0.00507679,1.7257637,24.759401
59.41,9.040849,134.30608,-0.0050666574,1.7258306,24.759394
59.42,9.040859,134.30626,-0.0050570276,1.7258959,24.759386
59.43,9.04087,134.30637,-0.0050469115,1.7259629,24.759378
59.44,9.040879,134.30652,-0.0050368756,1.7260277,24.759369
59.45,9.040886,134.30667,-0.0050267894,1.7260952,24.75936
59.46,9.040896,134.3068,-0.005017085,1.7261615,24.759361
59.47,9.040906,134.30695,-0.0050070807,1.7262273,24.759346
59.48,9.040916,134.30711,-0.0049968027,1.7262938,24.75934
59.49,9.040924,134.30727,-0.004986996,1.7263589,24.75933
59.5,9.040934,134.3074,-0.0049770456,1.7264246,24.759325
59.51,9.040944,134.30751,-0.0049670767,1.7264907,24.759323
59.52,9.040954,134.30765,-0.004956944,1.7265573,24.759315
59.53,9.040962,134.30775,-0.0049470887,1.7266226,24.759304
59.54,9.040974,134.30795,-0.004937215,1.726687,24.759298
59.55,9.040983,134.3081,-0.0049273763,1.7267526,24.759295
59.56,9.040992,134.30821,-0.0049174502,1.726819,24.759287
59.57,9.041001,134.30835,-0.004907584,1.7268841,24.759283
59.58,9.041011,134.30849,-0.0048975106,1.7269505,24.759272
59.59,9.041019,134.30861,-0.0048878156,1.7270154,24.759266
59.6,9.041028,134.30876,-0.0048778076,1.7270806,24.759256
59.61,9.041037,134.30891,-0.004867729,1.727146,24.759256
59.62,9.041047,134.30904,-0.004857879,1.727212,24.759241
59.63,9.041057,134.30919,-0.004848102,1.7272766,24.759235
59.64,9.041065,134.30933,-0.004837986,1.7273409,24.759235
59.65,9.041072,134.3095,-0.0048283413,1.7274075,24.759222
59.66,9.041085,134.30962,-0.0048184376,1.7274714,24.759214
59.67,9.041093,134.30975,-0.004808504,1.7275366,24.759212
59.68,9.041102,134.3099,-0.0047984887,1.7276016,24.759201
59.69,9.041112,134.31003,-0.0047886055,1.7276669,24.759197
59.7,9.04112,134.31017,-0.0047789365,1.7277306,24.759188
59.71,9.041132,134.31029,-0.004768906,1.7277956,24.75918
59.72,9.041138,134.31042,-0.004759064,1.7278602,24.75917
59.73,9.041146,134.31056,-0.0047492534,1.7279243,24.759169
59.74,9.041156,134.31068,-0.00473929,1.72799,24.75916
59.75,9.041169,134.31084,-0.0047296975,1.7280539,24.759163
59.76,9.041178,134.31097,-0.0047199223,1.7281187,24.759151
59.77,9.041188,134.31111,-0.0047101732,1.7281821,24.759138
59.78,9.041194,134.31125,-0.0047002994,1.7282462,24.759134
59.79,9.041204,134.31139,-0.004690267,1.7283113,24.759134
59.8,9.041214,134.31148,-0.0046806354,1.7283759,24.759117
59.81,9.041224,134.31165,-0.004670793,1.7284383,24.759117
59.82,9.041232,134.31175,-0.004661035,1.7285035,24.75911
59.83,9.041243,134.31194,-0.00465112,1.7285678,24.7591
59.84,9.041252,134.31206,-0.004641395,1.7286311,24.75909
59.85,9.041261,134.31216,-0.0046316646,1.7286948,24.759092
59.86,9.041269,134.31232,-0.0046217646,1.7287594,24.759075
59.87,9.04128,134.31247,-0.004612284,1.7288239,24.75907
59.88,9.041288,134.3126,-0.004602244,1.7288868,24.759066
59.89,9.041297,134.31274,-0.0045927446,1.7289501,24.759054
59.9,9.0413065,134.31287,-0.0045829453,1.729014,24.75904
59.91,9.041316,134.31297,-0.004573025,1.7290788,24.759043
59.92,9.041325,134.31311,-0.004563328,1.7291415,24.759035
59.93,9.041333,134.31323,-0.0045535546,1.7292053,24.759024
59.94,9.041343,134.31337,-0.0045439303,1.7292676,24.759026
59.95,9.041352,134.3135,-0.004534172,1.7293326,24.75901
59.96,9.04136,134.31366,-0.0045243315,1.7293946,24.759008
59.97,9.0413685,134.31381,-0.0045146346,1.7294579,24.758997
59.98,9.041377,134.31395,-0.0045049395,1.729522,24.758993
59.99,9.04139,134.31407,-0.004495226,1.7295848,24.758982
60.0,9.041399,134.31422,-0.0044854786,1.7296475,24.758976
