t,w,W,x,y,z
0.0,0.06634175,5.865097e-05,7.236257,67.45697,-7.4118376e-05
0.01,0.06654487,0.00086021423,7.234906,67.455124,0.00077329576
0.02,0.06674885,0.0016512871,7.233548,67.45326,0.0016242862
0.03,0.066952385,0.0024590492,7.232181,67.45137,0.0024799258
0.04,0.067157194,0.0032509565,7.230806,67.44948,0.0033376217
0.05,0.06736238,0.004039645,7.2294226,67.44757,0.0041994005
0.06,0.067568116,0.004834652,7.228034,67.44563,0.0050641745
0.07,0.0677732,0.0056226254,7.2266355,67.44371,0.0059327483
0.08,0.06798005,0.006408572,7.2252345,67.44176,0.006805584
0.09,0.06818641,0.007193804,7.2238245,67.43979,0.0076801926
0.1,0.068393186,0.007980943,7.2224092,67.437836,0.008558735
0.11,0.06859982,0.008764386,7.2209888,67.435875,0.009441063
0.12,0.06880833,0.009545326,7.2195597,67.43388,0.0103260875
0.13,0.06901633,0.010327697,7.218128,67.431885,0.011213407
0.14,0.069224216,0.011108756,7.2166886,67.42987,0.012104824
0.15,0.06943316,0.0118893385,7.215245,67.427864,0.01299791
0.16,0.06964161,0.012670994,7.213795,67.42584,0.013895199
0.17,0.069851264,0.013450265,7.2123394,67.4238,0.014796346
0.18,0.07006065,0.014227629,7.2108827,67.42177,0.015699193
0.19,0.070269756,0.015002847,7.20942,67.41972,0.01660414
0.2,0.07047975,0.015786767,7.2079535,67.417694,0.017513067
0.21,0.07068974,0.016566277,7.2064805,67.415634,0.018424481
0.22,0.07090024,0.017342806,7.205005,67.41359,0.019338712
0.23,0.07111041,0.01811862,7.2035236,67.4115,0.02025479
0.24,0.07132078,0.018895626,7.202039,67.40943,0.021173507
0.25,0.071531765,0.01967609,7.2005525,67.40733,0.02209656
0.26,0.071742855,0.020456314,7.1990604,67.40524,0.023020774
0.27,0.07195354,0.021232009,7.1975646,67.403145,0.023947924
0.28,0.07216467,0.022006989,7.1960645,67.40105,0.024878308
0.29,0.07237609,0.022788763,7.194561,67.39894,0.025810137
0.3,0.07258752,0.023563623,7.1930537,67.39684,0.026744366
0.31,0.07279819,0.024340987,7.191543,67.394714,0.027680665
0.32,0.073010206,0.0251199,7.1900296,67.392586,0.02862227
0.33,0.073222384,0.02589035,7.1885133,67.390465,0.029564098
0.34,0.07343382,0.026670218,7.1869936,67.38832,0.030508518
0.35,0.07364566,0.027451277,7.1854687,67.3862,0.03145659
0.36,0.07385793,0.028227687,7.1839414,67.384056,0.03240618
0.37,0.07407006,0.02900517,7.18241,67.381905,0.03335853
0.38,0.07428201,0.029782057,7.1808753,67.379745,0.034313366
0.39,0.07449437,0.030559182,7.1793375,67.377594,0.035271868
0.4,0.07470641,0.0313375,7.1777964,67.375435,0.036232173
0.41,0.07491898,0.03211391,7.176252,67.37327,0.037193954
0.42,0.07513167,0.032894254,7.1747046,67.371086,0.038159445
0.43,0.07534418,0.033672214,7.173154,67.36891,0.03912632
0.44,0.07555658,0.03444791,7.1716003,67.36672,0.040096715
0.45,0.07576906,0.035229087,7.170044,67.364525,0.041068688
0.46,0.07598182,0.0360049,7.1684823,67.36235,0.042044774
0.47,0.076194696,0.03678429,7.1669183,67.360146,0.043022573
0.48,0.07640782,0.037560463,7.1653514,67.35793,0.044003397
0.49,0.07662086,0.0383389,7.16378,67.35574,0.044987008
0.5,0.076834336,0.039117694,7.162207,67.35353,0.045973122
0.51,0.0770468,0.03989923,7.160629,67.3513,0.0469622
0.52,0.07726009,0.040679336,7.159048,67.349075,0.0479531
0.53,0.07747338,0.04146266,7.1574645,67.34686,0.048946947
0.54,0.077686876,0.042246222,7.1558766,67.34462,0.04994321
0.55,0.07790034,0.043022513,7.1542864,67.34238,0.050942793
0.56,0.07811402,0.04380679,7.152692,67.34014,0.051944733
0.57,0.07832763,0.044590235,7.1510925,67.3379,0.052950278
0.58,0.078541316,0.045372605,7.149491,67.33564,0.05395706
0.59,0.07875546,0.04615414,7.1478868,67.33338,0.054968238
0.6,0.0789695,0.046936512,7.146278,67.331116,0.055981293
0.61,0.0791834,0.047723293,7.1446652,67.32884,0.056998
0.62,0.07939811,0.048511982,7.1430483,67.32657,0.05801651
0.63,0.07961201,0.049290776,7.1414285,67.32429,0.059039652
0.64,0.07982659,0.05007732,7.139806,67.32201,0.06006421
0.65,0.08004129,0.05086279,7.138178,67.31971,0.061091572
0.66,0.080256075,0.051650524,7.1365466,67.31741,0.062122703
0.67,0.08047095,0.05243826,7.1349125,67.31511,0.06315589
0.68,0.08068576,0.053225636,7.133274,67.312805,0.06419319
0.69,0.080900975,0.05401516,7.1316314,67.31049,0.06523247
0.7,0.081116535,0.054801226,7.1299853,67.308174,0.06627555
0.71,0.08133185,0.055594802,7.128335,67.30585,0.06732193
0.72,0.08154769,0.0563823,7.1266813,67.30352,0.06837037
0.73,0.081763275,0.057172418,7.125023,67.30118,0.06942217
0.74,0.08197895,0.057962894,7.1233606,67.298836,0.07047668
0.75,0.082195066,0.05875373,7.121695,67.296486,0.07153398
0.76,0.082411356,0.059547186,7.1200256,67.29414,0.0725956
0.77,0.082627326,0.060339093,7.1183524,67.29179,0.07365887
0.78,0.08284462,0.061136007,7.116675,67.28942,0.07472712
0.79,0.08306055,0.06192863,7.1149936,67.28706,0.07579763
0.8,0.08327755,0.06272602,7.1133084,67.284676,0.076870814
0.81,0.08349469,0.06352413,7.1116185,67.2823,0.07794745
0.82,0.08371158,0.06432557,7.1099267,67.27992,0.07902777
0.83,0.08392921,0.06512141,7.108228,67.27752,0.08011019
0.84,0.08414691,0.065918684,7.1065273,67.27512,0.081195965
0.85,0.08436425,0.06671727,7.104822,67.27271,0.08228524
0.86,0.08458225,0.06751895,7.1031117,67.27031,0.08337648
0.87,0.08480047,0.068321824,7.101398,67.26789,0.08447339
0.88,0.08501884,0.06912124,7.099681,67.26547,0.0855715
0.89,0.085237294,0.06992996,7.0979595,67.26304,0.08667323
0.9,0.0854563,0.07073212,7.0962334,67.26061,0.08778016
0.91,0.08567541,0.07153463,7.0945024,67.25817,0.088887766
0.92,0.08589457,0.07233858,7.092768,67.25573,0.08999954
0.93,0.08611402,0.07314491,7.09103,67.25328,0.09111391
0.94,0.08633341,0.07395136,7.0892878,67.25083,0.092232585
0.95,0.08655316,0.07475805,7.0875416,67.24836,0.093353435
0.96,0.08677362,0.07556975,7.0857897,67.245895,0.09447777
0.97,0.08699356,0.07637966,7.0840344,67.243416,0.09560573
0.98,0.08721383,0.077189445,7.082275,67.240944,0.09673695
0.99,0.08743435,0.07800317,7.0805116,67.238464,0.09787136
1.0,0.08765535,0.07881236,7.0787444,67.235954,0.099008664
1.01,0.08787639,0.079630256,7.0769725,67.233475,0.100149825
1.02,0.08809787,0.080440044,7.0751963,67.23096,0.101293266
1.03,0.088319615,0.08125341,7.073416,67.228455,0.102441445
1.04,0.088541,0.08206928,7.071632,67.225945,0.103591815
1.05,0.088763125,0.082883954,7.0698433,67.22343,0.104746595
1.06,0.088985726,0.08370662,7.06805,67.220894,0.10590255
1.07,0.08920841,0.08452177,7.0662527,67.21837,0.107063174
1.08,0.08943071,0.085341334,7.0644517,67.21583,0.10822774
1.09,0.089653805,0.08616233,7.0626473,67.21327,0.10939368
1.1,0.08987697,0.086982965,7.060837,67.21073,0.11056406
1.11,0.09010043,0.08780563,7.059023,67.20817,0.111737385
1.12,0.09032391,0.088629246,7.057205,67.205605,0.11291417
1.13,0.090548195,0.08945286,7.055383,67.20305,0.114093795
1.14,0.09077214,0.09027469,7.053556,67.20047,0.11527647
1.15,0.09099691,0.091102004,7.051725,67.19789,0.11646356
1.16,0.09122118,0.0919286,7.0498915,67.1953,0.11765287
1.17,0.0914461,0.092757225,7.0480523,67.19271,0.11884549
1.18,0.09167152,0.093587875,7.046209,67.19012,0.12004221
1.19,0.091896854,0.094415665,7.0443616,67.1875,0.121240705
1.2,0.09212227,0.095246315,7.04251,67.184906,0.12244293
1.21,0.092348434,0.09607875,7.040654,67.18229,0.12364961
1.22,0.09257415,0.09691286,7.0387945,67.17967,0.12485829
1.23,0.09280084,0.097739935,7.0369306,67.17704,0.12607017
1.24,0.09302729,0.09857559,7.035062,67.1744,0.12728527
1.25,0.0932543,0.099410534,7.033189,67.171776,0.12850395
1.26,0.09348144,0.10024643,7.0313125,67.16911,0.12972489
1.27,0.09370884,0.10108423,7.0294323,67.16646,0.13095078
1.28,0.09393677,0.10192126,7.027548,67.16381,0.13217947
1.29,0.09416485,0.102760255,7.025658,67.16116,0.13341102
1.3,0.09439289,0.1036011,7.0237656,67.158485,0.13464561
1.31,0.09462139,0.104439914,7.0218687,67.15581,0.1358833
1.32,0.0948506,0.10528225,7.019966,67.15312,0.1371251
1.33,0.09507939,0.106123745,7.018061,67.15046,0.1383689
1.34,0.095308855,0.1069662,7.0161514,67.14775,0.13961658
1.35,0.095538445,0.107813954,7.0142384,67.14506,0.14086679
1.36,0.0957685,0.10866147,7.01232,67.14236,0.14212012
1.37,0.0959986,0.10950768,7.010398,67.13965,0.14337751
1.38,0.09622881,0.1103518,7.0084715,67.13694,0.14463763
1.39,0.0964597,0.111204386,7.006541,67.134224,0.14590137
1.4,0.096690565,0.11205107,7.0046067,67.131485,0.1471678
1.41,0.096922085,0.1128996,7.0026674,67.12876,0.14843696
1.42,0.09715362,0.11375266,7.000725,67.12603,0.14970994
1.43,0.0973853,0.11460233,6.9987783,67.12328,0.15098695
1.44,0.09761752,0.11545664,6.9968276,67.120544,0.15226495
1.45,0.09784983,0.11631274,6.994873,67.11778,0.15354846
1.46,0.09808272,0.11716634,6.9929147,67.11503,0.1548332
1.47,0.09831587,0.118022084,6.990952,67.11226,0.15612268
1.48,0.09854936,0.11888015,6.988984,67.10949,0.15741396
1.49,0.09878221,0.119736075,6.987013,67.10671,0.15870816
1.5,0.09901676,0.12060034,6.9850383,67.103935,0.16000736
1.51,0.09925077,0.12145984,6.983059,67.10115,0.16130793
1.52,0.099485345,0.12231684,6.981076,67.09835,0.1626116
1.53,0.09972016,0.123180866,6.979088,67.09554,0.1639198
1.54,0.09995555,0.12404418,6.977097,67.09274,0.16523015
1.55,0.10019053,0.12490797,6.9751005,67.089935,0.1665448
1.56,0.10042639,0.12577105,6.973101,67.08712,0.16786122
1.57,0.10066215,0.12663925,6.971097,67.0843,0.16918081
1.58,0.10089897,0.12750864,6.969089,67.081474,0.1705038
1.59,0.101135686,0.1283747,6.9670763,67.078636,0.17183049
1.6,0.10137242,0.12924552,6.9650607,67.0758,0.17316
1.61,0.10160972,0.13011408,6.9630413,67.07295,0.17449248
1.62,0.10184681,0.13098812,6.961017,67.070114,0.17582828
1.63,0.102085136,0.1318574,6.9589896,67.06724,0.17716688
1.64,0.10232332,0.13273388,6.956957,67.06437,0.17850888
1.65,0.10256186,0.13360369,6.9549203,67.06152,0.17985404
1.66,0.102800444,0.13448155,6.952879,67.058655,0.18120237
1.67,0.10303976,0.13535887,6.9508357,67.05578,0.18255383
1.68,0.10327934,0.13623196,6.9487867,67.052895,0.1839081
1.69,0.10351899,0.1371122,6.946735,67.05,0.18526566
1.7,0.103759155,0.13799107,6.944678,67.0471,0.18662591
1.71,0.103999734,0.13887268,6.9426184,67.04421,0.18799055
1.72,0.10424034,0.13975608,6.940553,67.04129,0.18935776
1.73,0.10448171,0.1406365,6.938484,67.038376,0.19072795
1.74,0.104723305,0.14152151,6.9364114,67.03546,0.19210035
1.75,0.10496515,0.14240724,6.9343333,67.03254,0.19347721
1.76,0.10520734,0.14329135,6.932253,67.02961,0.19485694
1.77,0.105449826,0.14417827,6.930168,67.026665,0.19623889
1.78,0.10569276,0.14506781,6.928079,67.02373,0.19762494
1.79,0.1059358,0.14595515,6.925986,67.02079,0.19901413
1.8,0.10617909,0.14684159,6.923889,67.01784,0.20040512
1.81,0.10642308,0.14773142,6.921788,67.01487,0.20180024
1.82,0.10666785,0.14862424,6.919682,67.01192,0.20319845
1.83,0.10691227,0.1495176,6.917573,67.00895,0.2045997
1.84,0.107157215,0.15041363,6.9154596,67.00597,0.20600477
1.85,0.107402325,0.1513077,6.913342,67.00299,0.20741299
1.86,0.10764818,0.152206,6.9112206,67.0,0.20882387
1.87,0.10789417,0.1531074,6.909095,66.99702,0.2102377
1.88,0.10814084,0.15400416,6.9069657,66.99402,0.21165426
1.89,0.10838783,0.15490472,6.9048324,66.99103,0.21307477
1.9,0.108634785,0.15580416,6.902693,66.98801,0.21449901
1.91,0.10888252,0.15670788,6.900551,66.984985,0.2159253
1.92,0.10913019,0.15760833,6.8984056,66.98197,0.21735473
1.93,0.109378815,0.15851355,6.896255,66.97895,0.21878709
1.94,0.10962741,0.15941769,6.8941,66.975914,0.2202235
1.95,0.10987629,0.1603241,6.891941,66.97287,0.22166333
1.96,0.11012542,0.1612364,6.88978,66.96983,0.22310552
1.97,0.1103755,0.16214222,6.887613,66.96678,0.22455063
1.98,0.11062612,0.16305357,6.8854413,66.96374,0.22599919
1.99,0.11087682,0.16395855,6.883267,66.96067,0.22745033
2.0,0.11112745,0.16487616,6.8810873,66.9576,0.228906
2.01,0.11137885,0.16578835,6.878905,66.954544,0.23036358
2.02,0.11163095,0.16670388,6.876717,66.95146,0.23182568
2.03,0.11188287,0.16761756,6.8745265,66.94838,0.23328975
2.04,0.1121356,0.1685347,6.87233,66.94529,0.23475817
2.05,0.11238879,0.16944796,6.870131,66.94219,0.23622878
2.06,0.11264178,0.17036766,6.8679266,66.939095,0.23770288
2.07,0.1128961,0.1712901,6.865719,66.93599,0.23918119
2.08,0.11314982,0.17221278,6.863506,66.93288,0.2406613
2.09,0.11340457,0.17313546,6.86129,66.92975,0.2421448
2.1,0.11366004,0.17405629,6.85907,66.926636,0.24363169
2.11,0.11391561,0.17497993,6.856845,66.923515,0.24512264
2.12,0.11417131,0.17591053,6.8546166,66.92037,0.24661584
2.13,0.11442752,0.17683655,6.852383,66.91723,0.24811257
2.14,0.11468484,0.17776102,6.850146,66.914085,0.24961248
2.15,0.11494167,0.17869449,6.8479037,66.910934,0.25111523
2.16,0.115199134,0.17961937,6.8456593,66.90777,0.2526215
2.17,0.11545743,0.18055582,6.8434095,66.9046,0.25413057
2.18,0.1157163,0.18148583,6.8411565,66.90143,0.25564298
2.19,0.11597484,0.18242413,6.838898,66.898254,0.2571601
2.2,0.11623409,0.18336076,6.8366356,66.89507,0.25867954
2.21,0.11649449,0.1842944,6.8343687,66.891884,0.2602022
2.22,0.11675514,0.18523443,6.832098,66.88869,0.26172787
2.23,0.11701551,0.18617254,6.829823,66.8855,0.26325697
2.24,0.11727668,0.1871149,6.8275433,66.882286,0.2647886
2.25,0.11753875,0.18805838,6.82526,66.87908,0.2663251
2.26,0.1178009,0.18899363,6.8229723,66.87586,0.26786432
2.27,0.11806365,0.18994182,6.820681,66.87264,0.26940605
2.28,0.11832671,0.19088906,6.8183846,66.869415,0.2709526
2.29,0.11858994,0.19183582,6.816084,66.86617,0.27250072
2.3,0.11885433,0.19278306,6.81378,66.862946,0.27405348
2.31,0.119118825,0.19372773,6.81147,66.85968,0.27560917
2.32,0.119383484,0.19468182,6.809158,66.85642,0.27716658
2.33,0.11964926,0.19563413,6.8068385,66.853165,0.27872905
2.34,0.11991489,0.19658703,6.8045177,66.8499,0.28029385
2.35,0.120181635,0.19753999,6.8021917,66.84663,0.28186277
2.36,0.12044858,0.19849372,6.799861,66.84336,0.28343543
2.37,0.12071592,0.19945163,6.7975273,66.84008,0.28501037
2.38,0.12098368,0.20041198,6.795188,66.836784,0.28658918
2.39,0.12125236,0.20136702,6.7928443,66.83349,0.28817102
2.4,0.12152133,0.20233178,6.790498,66.830185,0.2897571
2.41,0.121790625,0.20328969,6.7881455,66.82687,0.29134533
2.42,0.122060545,0.20425719,6.785789,66.82357,0.29293743
2.43,0.12233139,0.20522279,6.783428,66.820244,0.29453328
2.44,0.1226019,0.20618886,6.781064,66.816925,0.296132
2.45,0.12287361,0.2071569,6.778695,66.81359,0.29773393
2.46,0.12314583,0.20812243,6.776321,66.81026,0.29933953
2.47,0.12341826,0.20909351,6.7739434,66.8069,0.30094838
2.48,0.12369101,0.21006453,6.771561,66.80355,0.30256048
2.49,0.12396519,0.21103632,6.7691746,66.8002,0.30417675
2.5,0.12423912,0.2120111,6.7667837,66.796844,0.30579582
2.51,0.12451355,0.2129854,6.764388,66.79347,0.30741826
2.52,0.12478916,0.21396226,6.761988,66.79009,0.3090443
2.53,0.12506476,0.21494216,6.7595844,66.78671,0.3106734
2.54,0.1253411,0.21592164,6.757177,66.78332,0.31230703
2.55,0.1256179,0.21689814,6.7547636,66.77993,0.31394258
2.56,0.1258953,0.21787804,6.7523465,66.77652,0.31558236
2.57,0.1261731,0.21886605,6.749924,66.773125,0.31722498
2.58,0.1264518,0.21985412,6.747498,66.769714,0.31887266
2.59,0.1267308,0.22083968,6.7450676,66.7663,0.32052252
2.6,0.12701091,0.22182441,6.7426333,66.76287,0.32217684
2.61,0.12729092,0.22281444,6.740194,66.75943,0.3238327
2.62,0.12757175,0.22380328,6.7377505,66.756,0.32549378
2.63,0.12785318,0.224796,6.7353024,66.75256,0.32715756
2.64,0.12813485,0.22579265,6.7328506,66.74911,0.3288245
2.65,0.12841743,0.22678483,6.730393,66.74564,0.33049542
2.66,0.12870102,0.22778004,6.727931,66.74218,0.3321711
2.67,0.12898429,0.22877431,6.725465,66.73871,0.33384833
2.68,0.12926878,0.22977519,6.722995,66.735245,0.33553007
2.69,0.12955356,0.2307722,6.7205195,66.73176,0.3372154
2.7,0.12983903,0.23177648,6.7180405,66.72827,0.33890256
2.71,0.13012525,0.23277849,6.715556,66.72478,0.34059462
2.72,0.13041194,0.23378229,6.713068,66.721275,0.3422909
2.73,0.13069925,0.23479378,6.7105756,66.717766,0.3439896
2.74,0.13098697,0.23579848,6.708078,66.71425,0.34569284
2.75,0.13127583,0.23680615,6.7055764,66.71074,0.34739885
2.76,0.13156481,0.23781282,6.70307,66.707214,0.3491083
2.77,0.13185456,0.23882961,6.700558,66.70368,0.35082164
2.78,0.13214499,0.23984087,6.6980433,66.700134,0.35253868
2.79,0.13243626,0.2408554,6.6955233,66.696594,0.35425946
2.8,0.1327283,0.24186814,6.6929984,66.69305,0.35598412
2.81,0.13302033,0.24288815,6.69047,66.68948,0.35771075
2.82,0.13331343,0.24390984,6.6879354,66.68591,0.35944277
2.83,0.13360721,0.24492955,6.6853976,66.68234,0.36117712
2.84,0.13390115,0.24595028,6.682854,66.678764,0.3629162
2.85,0.13419612,0.24697363,6.680308,66.67518,0.3646591
2.86,0.13449176,0.24799764,6.6777554,66.67158,0.3664045
2.87,0.13478799,0.24902421,6.675199,66.667984,0.3681536
2.88,0.13508458,0.25005227,6.672638,66.66438,0.3699069
2.89,0.13538247,0.251081,6.6700716,66.660774,0.37166378
2.9,0.1356805,0.25211108,6.667501,66.65715,0.3734234
2.91,0.13597947,0.25314462,6.6649265,66.65353,0.37518758
2.92,0.13627937,0.2541805,6.662348,66.64989,0.37695554
2.93,0.13657978,0.25521833,6.6597633,66.64625,0.37872717
2.94,0.13688019,0.25625187,6.657174,66.6426,0.38050213
2.95,0.13718213,0.25729585,6.65458,66.638954,0.38228077
2.96,0.13748461,0.25833416,6.651982,66.6353,0.38406345
2.97,0.13778755,0.25937462,6.649379,66.63164,0.38585004
2.98,0.1380912,0.26041645,6.6467724,66.62797,0.3876398
2.99,0.13839544,0.26146227,6.64416,66.62429,0.38943276
3.0,0.13870107,0.26250827,6.6415424,66.620605,0.3912314
3.01,0.13900669,0.26355672,6.638922,66.61692,0.39303175
3.02,0.13931368,0.26460528,6.6362963,66.61322,0.3948367
3.03,0.13962093,0.26565874,6.6336646,66.60951,0.39664543
3.04,0.13992892,0.26670998,6.6310296,66.6058,0.39845762
3.05,0.14023775,0.2677642,6.628389,66.60208,0.40027413
3.06,0.14054713,0.26882088,6.625744,66.598366,0.40209386
3.07,0.14085758,0.26987827,6.623093,66.59463,0.40391734
3.08,0.1411683,0.27093685,6.620439,66.59089,0.405746
3.09,0.14148019,0.27199835,6.61778,66.58715,0.4075761
3.1,0.14179257,0.2730574,6.6151166,66.5834,0.40941224
3.11,0.14210598,0.27412456,6.6124477,66.57963,0.4112513
3.12,0.14242002,0.27518862,6.6097736,66.57587,0.41309392
3.13,0.14273468,0.27625775,6.6070957,66.57209,0.41494042
3.14,0.1430501,0.27732623,6.6044135,66.56831,0.41679108
3.15,0.14336647,0.27839738,6.601725,66.56452,0.41864508
3.16,0.1436835,0.27946734,6.599032,66.56073,0.42050317
3.17,0.14400136,0.2805403,6.596336,66.55693,0.4223656
3.18,0.14432004,0.2816195,6.593633,66.55312,0.42423195
3.19,0.14463969,0.28269535,6.590926,66.54931,0.42610225
3.2,0.14495952,0.28377217,6.588215,66.54549,0.42797518
3.21,0.14528105,0.2848562,6.585499,66.54166,0.42985272
3.22,0.14560238,0.28593677,6.5827765,66.53783,0.431734
3.23,0.14592521,0.2870217,6.58005,66.53397,0.43362048
3.24,0.14624909,0.28810662,6.5773187,66.53013,0.43550903
3.25,0.14657271,0.28919393,6.5745835,66.52628,0.43740135
3.26,0.14689799,0.29028434,6.5718417,66.52241,0.4392997
3.27,0.1472238,0.2913766,6.569096,66.51854,0.4412008
3.28,0.14755051,0.29246765,6.566345,66.51466,0.44310558
3.29,0.14787821,0.29355866,6.563589,66.51077,0.4450158
3.3,0.1482065,0.2946605,6.5608287,66.50689,0.44692874
3.31,0.14853556,0.29575688,6.5580635,66.50299,0.44884604
3.32,0.14886592,0.29685944,6.555293,66.49908,0.45076734
3.33,0.1491968,0.2979582,6.552517,66.49517,0.45269215
3.34,0.14952824,0.29905802,6.5497375,66.49126,0.4546212
3.35,0.14986105,0.30016237,6.546952,66.48732,0.45655468
3.36,0.15019456,0.3012712,6.544162,66.483376,0.45849204
3.37,0.15052895,0.302378,6.541366,66.47944,0.46043393
3.38,0.15086398,0.30348724,6.5385666,66.47549,0.46237892
3.39,0.15120046,0.3046021,6.535761,66.471535,0.46432754
3.4,0.1515374,0.30571288,6.532951,66.46757,0.46628186
3.41,0.15187497,0.3068254,6.5301356,66.4636,0.46823913
3.42,0.15221377,0.30794454,6.527315,66.45963,0.47020125
3.43,0.15255369,0.3090648,6.52449,66.455635,0.47216746
3.44,0.15289374,0.31018776,6.5216603,66.45163,0.47413695
3.45,0.15323536,0.3113097,6.518825,66.447624,0.47611123
3.46,0.15357779,0.31243455,6.515985,66.443634,0.4780898
3.47,0.15392092,0.31355983,6.5131397,66.439606,0.48007238
3.48,0.15426514,0.31468445,6.5102887,66.435585,0.48205903
3.49,0.15460993,0.3158186,6.5074334,66.43156,0.48404908
3.5,0.15495616,0.31694853,6.504573,66.42752,0.48604426
3.51,0.15530336,0.3180775,6.501706,66.42346,0.48804253
3.52,0.15565108,0.31921524,6.4988356,66.41941,0.49004686
3.53,0.15599985,0.32035542,6.4959598,66.41536,0.49205396
3.54,0.15634929,0.32149488,6.4930778,66.411285,0.4940651
3.55,0.1567006,0.32263672,6.490192,66.40722,0.49608168
3.56,0.15705211,0.32377905,6.4873,66.40312,0.49810195
3.57,0.15740474,0.32492584,6.484404,66.39904,0.50012505
3.58,0.1577585,0.32606906,6.4815025,66.39494,0.5021544
3.59,0.15811236,0.32721764,6.4785953,66.39083,0.50418746
3.6,0.15846825,0.32837242,6.475683,66.38672,0.5062251
3.61,0.15882498,0.32952023,6.4727664,66.38259,0.50826716
3.62,0.15918244,0.3306772,6.469844,66.378456,0.5103128
3.63,0.15954068,0.33183366,6.466916,66.37432,0.51236284
3.64,0.15990038,0.33299357,6.4639835,66.370186,0.51441765
3.65,0.16026078,0.3341506,6.461045,66.366035,0.51647556
3.66,0.16062228,0.33531445,6.458101,66.36186,0.5185396
3.67,0.1609851,0.33647704,6.4551525,66.3577,0.5206077
3.68,0.16134818,0.33764517,6.452198,66.35352,0.5226798
3.69,0.16171281,0.33881158,6.449239,66.34933,0.52475625
3.7,0.16207834,0.33998257,6.446274,66.345146,0.5268363
3.71,0.16244514,0.34115332,6.443304,66.340935,0.52892196
3.72,0.16281283,0.34232944,6.4403286,66.33674,0.53101194
3.73,0.16318114,0.34350568,6.4373493,66.33251,0.5331056
3.74,0.16355124,0.34468204,6.4343624,66.32829,0.53520465
3.75,0.16392167,0.34586483,6.431371,66.324066,0.5373069
3.76,0.16429336,0.34704715,6.428374,66.31982,0.53941524
3.77,0.16466595,0.34822994,6.425372,66.315575,0.5415265
3.78,0.16504028,0.34941214,6.4223647,66.31132,0.5436429
3.79,0.16541512,0.3506059,6.4193525,66.30705,0.54576445
3.8,0.16579114,0.35179472,6.4163337,66.30277,0.54789007
3.81,0.16616818,0.3529849,6.4133096,66.2985,0.5500194
3.82,0.16654672,0.3541841,6.4102817,66.29422,0.5521541
3.83,0.16692601,0.35537726,6.407248,66.28991,0.5542937
3.84,0.16730635,0.35657614,6.4042077,66.285614,0.5564373
3.85,0.16768767,0.35777682,6.4011617,66.28129,0.5585847
3.86,0.16807057,0.35897714,6.398111,66.27698,0.56073785
3.87,0.16845407,0.36018592,6.395055,66.272644,0.5628959
3.88,0.16883886,0.36139488,6.391993,66.26831,0.56505823
3.89,0.1692246,0.3626024,6.3889256,66.26397,0.5672244
3.9,0.16961195,0.36380833,6.385853,66.259605,0.5693966
3.91,0.17000036,0.36502427,6.3827744,66.25525,0.5715728
3.92,0.17038913,0.36623818,6.3796906,66.25088,0.57375324
3.93,0.17078005,0.36745387,6.3766007,66.24649,0.5759386
3.94,0.17117167,0.36867398,6.3735056,66.242096,0.5781292
3.95,0.17156428,0.36990148,6.370405,66.23771,0.58032393
3.96,0.17195828,0.37112182,6.3672986,66.2333,0.5825234
3.97,0.17235377,0.37234575,6.3641872,66.22888,0.58472764
3.98,0.17274962,0.37357497,6.361069,66.224464,0.5869369
3.99,0.17314723,0.3748052,6.357946,66.22004,0.5891505
4.0,0.17354566,0.37603658,6.354817,66.2156,0.59136873
4.01,0.17394595,0.37727398,6.3516836,66.21117,0.5935921
4.02,0.17434666,0.37851024,6.3485427,66.2067,0.59582114
4.03,0.17474891,0.37975138,6.3453975,66.202225,0.59805465
4.04,0.17515266,0.38099426,6.342246,66.19776,0.6002928
4.05,0.17555702,0.38223565,6.3390894,66.193275,0.60253507
4.06,0.17596273,0.38347954,6.335927,66.18879,0.6047834
4.07,0.17637019,0.3847311,6.3327575,66.184296,0.6070366
4.08,0.17677805,0.3859794,6.3295827,66.17978,0.6092925
4.09,0.17718734,0.3872338,6.326402,66.17526,0.61155623
4.1,0.17759863,0.38848895,6.3232174,66.17074,0.6138231
4.11,0.17801017,0.3897462,6.320026,66.16621,0.6160958
4.12,0.17842345,0.3910027,6.316828,66.16166,0.6183727
4.13,0.1788379,0.39226645,6.313625,66.157104,0.6206542
4.14,0.17925368,0.3935284,6.3104157,66.15255,0.6229427
4.15,0.17967068,0.39479458,6.3072004,66.14798,0.6252346
4.16,0.18008906,0.39606267,6.3039794,66.1434,0.6275316
4.17,0.18050872,0.39733702,6.3007536,66.13881,0.6298332
4.18,0.18092936,0.39861423,6.297521,66.13421,0.6321404
4.19,0.18135153,0.3998866,6.2942834,66.12961,0.63445264
4.2,0.18177459,0.40116495,6.29104,66.12498,0.6367707
4.21,0.18219931,0.40244317,6.2877893,66.12036,0.63909256
4.22,0.1826253,0.40372413,6.284533,66.11573,0.6414203
4.23,0.18305278,0.4050097,6.281271,66.11109,0.6437527
4.24,0.1834815,0.40629822,6.2780027,66.106445,0.6460904
4.25,0.1839111,0.40758914,6.2747293,66.101776,0.64843404
4.26,0.1843425,0.40888155,6.2714496,66.0971,0.650782
4.27,0.18477537,0.41017526,6.268164,66.09243,0.6531355
4.28,0.18520913,0.41147214,6.264873,66.08774,0.65549386
4.29,0.18564434,0.4127698,6.2615747,66.08303,0.6578578
4.3,0.18608087,0.41407484,6.2582703,66.07834,0.66022646
4.31,0.18651891,0.41537803,6.2549605,66.07361,0.6626004
4.32,0.18695848,0.4166863,6.251645,66.068886,0.6649796
4.33,0.18739848,0.41799378,6.2483225,66.064156,0.6673645
4.34,0.18784085,0.41930532,6.244994,66.0594,0.6697539
4.35,0.1882842,0.4206165,6.24166,66.05465,0.6721493
4.36,0.18872905,0.4219355,6.23832,66.04987,0.6745509
4.37,0.18917519,0.42325395,6.2349734,66.04511,0.6769566
4.38,0.1896228,0.42457253,6.2316213,66.04032,0.6793673
4.39,0.19007178,0.42590076,6.2282624,66.03553,0.6817844
4.4,0.19052215,0.42722678,6.2248983,66.03073,0.68420696
4.41,0.19097371,0.42855382,6.2215266,66.025925,0.6866341
4.42,0.19142714,0.42988533,6.2181506,66.0211,0.68906677
4.43,0.19188164,0.43121868,6.2147665,66.01626,0.6915051
4.44,0.19233806,0.4325543,6.211377,66.01143,0.6939488
4.45,0.19279489,0.43389517,6.207982,66.00658,0.69639915
4.46,0.1932543,0.4352383,6.2045803,66.0017,0.6988542
4.47,0.19371492,0.43657875,6.201172,65.99683,0.70131356
4.48,0.19417648,0.43792433,6.197757,65.99196,0.70377934
4.49,0.19463973,0.43927622,6.1943374,65.987076,0.7062498
4.5,0.19510424,0.4406262,6.19091,65.98217,0.7087271
4.51,0.19557059,0.44197863,6.187476,65.977264,0.71121013
4.52,0.19603842,0.44333702,6.1840377,65.97235,0.7136979
4.53,0.19650748,0.44469672,6.180591,65.967415,0.7161913
4.54,0.196978,0.4460609,6.1771393,65.96249,0.71869063
4.55,0.19745047,0.44742197,6.173681,65.95751,0.7211951
4.56,0.19792369,0.4487883,6.170216,65.95255,0.7237065
4.57,0.19839896,0.45015734,6.166744,65.94758,0.72622246
4.58,0.19887553,0.45152932,6.163267,65.942604,0.72874355
4.59,0.19935393,0.45290536,6.159783,65.9376,0.7312711
4.6,0.19983384,0.4542861,6.156293,65.9326,0.733804
4.61,0.20031452,0.45566314,6.1527953,65.9276,0.7363434
4.62,0.20079729,0.4570458,6.149292,65.92258,0.7388878
4.63,0.201282,0.45843154,6.145783,65.91755,0.7414384
4.64,0.20176792,0.45981926,6.1422677,65.912506,0.7439941
4.65,0.20225525,0.46121246,6.1387444,65.90745,0.7465565
4.66,0.20274359,0.46260053,6.1352158,65.90239,0.7491243
4.67,0.20323452,0.46400076,6.1316795,65.897316,0.7516978
4.68,0.20372611,0.46539968,6.1281376,65.89222,0.7542783
4.69,0.20421998,0.46679908,6.124588,65.88713,0.7568629
4.7,0.20471562,0.4682055,6.121033,65.88202,0.759454
4.71,0.20521234,0.46961182,6.117472,65.876915,0.7620522
4.72,0.20571062,0.47101742,6.1139026,65.87179,0.7646555
4.73,0.20621035,0.4724328,6.110328,65.866646,0.7672639
4.74,0.20671214,0.47384697,6.106746,65.861496,0.769879
4.75,0.20721516,0.47526658,6.1031594,65.85634,0.77250016
4.76,0.20772032,0.47668684,6.099564,65.851166,0.7751273
4.77,0.20822667,0.4781083,6.0959625,65.84599,0.77776015
4.78,0.2087346,0.47953373,6.092355,65.8408,0.7803991
4.79,0.20924409,0.48096317,6.08874,65.835594,0.7830442
4.8,0.20975582,0.48239613,6.0851183,65.83038,0.78569615
4.81,0.21026878,0.4838279,6.08149,65.82516,0.7883532
4.82,0.21078356,0.4852646,6.077855,65.81993,0.7910166
4.83,0.21129969,0.4867018,6.0742145,65.81468,0.79368603
4.84,0.2118177,0.4881479,6.070566,65.809425,0.79636204
4.85,0.21233745,0.48959512,6.066912,65.80415,0.7990438
4.86,0.2128586,0.49104077,6.0632496,65.798874,0.8017316
4.87,0.2133817,0.49249226,6.059581,65.79359,0.8044256
4.88,0.2139063,0.49394548,6.055906,65.78829,0.80712664
4.89,0.21443246,0.49540293,6.0522246,65.782974,0.8098322
4.9,0.2149608,0.49685806,6.0485353,65.77765,0.81254673
4.91,0.215491,0.49832374,6.04484,65.772316,0.8152648
4.92,0.21602206,0.49978715,6.0411377,65.76699,0.8179908
4.93,0.21655545,0.5012584,6.037428,65.76161,0.82072294
4.94,0.21709049,0.50272775,6.033712,65.75623,0.82346106
4.95,0.21762703,0.5041991,6.0299883,65.75087,0.8262055
4.96,0.2181653,0.5056793,6.0262594,65.745476,0.8289571
4.97,0.21870591,0.50715625,6.022523,65.74007,0.83171344
4.98,0.21924798,0.508639,6.0187793,65.73465,0.8344772
4.99,0.21979143,0.51012206,6.015029,65.729225,0.83724725
5.0,0.22033705,0.5116144,6.011272,65.72379,0.8400241
5.01,0.22088419,0.51310265,6.007507,65.71834,0.84280777
5.02,0.22143278,0.51459616,6.0037365,65.71288,0.845597
5.03,0.22198392,0.5160981,5.9999576,65.707405,0.8483938
5.04,0.2225365,0.51759386,5.9961734,65.70193,0.85119486
5.05,0.2230909,0.5190944,5.99238,65.69643,0.8540051
5.06,0.2236472,0.52060235,5.9885817,65.69092,0.8568201
5.07,0.22420503,0.5221111,5.984775,65.6854,0.8596419
5.08,0.22476488,0.5236189,5.980962,65.67986,0.8624717
5.09,0.22532642,0.52513295,5.977141,65.674324,0.86530733
5.1,0.22588998,0.52665246,5.973314,65.66878,0.8681487
5.11,0.2264549,0.528171,5.9694796,65.6632,0.87099826
5.12,0.22702213,0.5296951,5.965638,65.65762,0.87385297
5.13,0.22759129,0.53122,5.9617896,65.65203,0.876716
5.14,0.22816181,0.53275126,5.9579334,65.64643,0.87958515
5.15,0.2287342,0.5342819,5.9540715,65.64081,0.8824601
5.16,0.22930908,0.53581756,5.950202,65.63518,0.8853431
5.17,0.22988518,0.5373573,5.946325,65.62955,0.88823235
5.18,0.23046331,0.5388966,5.9424405,65.6239,0.8911283
5.19,0.23104374,0.5404429,5.9385486,65.61823,0.8940307
5.2,0.23162554,0.54199094,5.9346504,65.61256,0.8969407
5.21,0.23220934,0.54353774,5.930745,65.606865,0.8998573
5.22,0.23279507,0.5450917,5.926832,65.60116,0.90278006
5.23,0.23338239,0.54665035,5.9229126,65.59546,0.90571153
5.24,0.23397249,0.54820675,5.918985,65.589714,0.9086478
5.25,0.23456392,0.5497703,5.9150496,65.583984,0.9115932
5.26,0.23515749,0.55133516,5.911108,65.57823,0.91454446
5.27,0.23575239,0.5529029,5.90716,65.57248,0.91750205
5.28,0.23634996,0.55447644,5.9032025,65.566696,0.9204682
5.29,0.23694944,0.5560499,5.8992395,65.56091,0.9234406
5.3,0.23755038,0.5576337,5.8952684,65.55511,0.9264196
5.31,0.23815398,0.55921113,5.89129,65.54929,0.9294065
5.32,0.23875888,0.56079406,5.8873043,65.543465,0.93239987
5.33,0.23936585,0.5623775,5.8833127,65.537636,0.93540037
5.34,0.23997487,0.56397134,5.879312,65.53176,0.938409
5.35,0.24058603,0.56556064,5.875305,65.525894,0.94142306
5.36,0.24119918,0.5671619,5.87129,65.52002,0.9444463
5.37,0.24181356,0.5687596,5.8672676,65.51413,0.9474753
5.38,0.2424312,0.5703606,5.8632374,65.50824,0.9505116
5.39,0.24305026,0.5719692,5.8592014,65.50232,0.9535563
5.4,0.2436709,0.57357436,5.8551574,65.49638,0.95660746
5.41,0.24429418,0.5751881,5.8511057,65.49045,0.95966554
5.42,0.24491927,0.5768005,5.8470464,65.48448,0.96273124
5.43,0.24554668,0.57842016,5.842978,65.47851,0.9658052
5.44,0.24617565,0.58004284,5.838906,65.47253,0.96888554
5.45,0.24680687,0.58166474,5.834824,65.46654,0.97197354
5.46,0.24744006,0.5832944,5.8307347,65.460526,0.97506833
5.47,0.2480752,0.58492726,5.826638,65.4545,0.9781716
5.48,0.2487128,0.5865592,5.8225336,65.448456,0.9812826
5.49,0.24935222,0.5881982,5.818423,65.44241,0.9844004
5.5,0.24999388,0.58983624,5.814303,65.43635,0.9875252
5.51,0.2506374,0.59148157,5.8101764,65.430275,0.9906577
5.52,0.2512831,0.5931276,5.806042,65.42418,0.99379873
5.53,0.2519306,0.5947801,5.8019,65.41806,0.9969462
5.54,0.25258046,0.5964333,5.7977505,65.41196,1.000101
5.55,0.25323272,0.5980891,5.793594,65.405815,1.0032653
5.56,0.25388646,0.59974694,5.7894287,65.39968,1.0064355
5.57,0.2545433,0.60140896,5.7852564,65.39352,1.0096142
5.58,0.25520128,0.60307753,5.7810774,65.387344,1.0128003
5.59,0.2558618,0.60474813,5.776889,65.38116,1.0159954
5.6,0.25652435,0.6064221,5.772695,65.37495,1.0191959
5.61,0.25718898,0.6081017,5.7684913,65.36874,1.0224053
5.62,0.2578559,0.6097776,5.764281,65.3625,1.025623
5.63,0.25852504,0.61145586,5.7600627,65.356255,1.0288484
5.64,0.25919634,0.613148,5.7558374,65.350006,1.0320805
5.65,0.25987005,0.6148331,5.7516036,65.34373,1.035322
5.66,0.26054552,0.61652476,5.7473636,65.33744,1.0385697
5.67,0.2612234,0.6182246,5.743113,65.33114,1.0418264
5.68,0.2619034,0.6199225,5.7388563,65.32484,1.0450914
5.69,0.26258576,0.6216271,5.734593,65.318504,1.048364
5.7,0.26327023,0.62333167,5.7303205,65.31215,1.0516441
5.71,0.26395682,0.6250384,5.72604,65.305786,1.0549315
5.72,0.26464558,0.6267515,5.721752,65.29942,1.0582281
5.73,0.26533687,0.62846804,5.7174573,65.29304,1.0615329
5.74,0.2660305,0.630188,5.7131534,65.28664,1.0648469
5.75,0.26672572,0.6319144,5.7088423,65.28023,1.0681666
5.76,0.2674238,0.6336357,5.704522,65.273796,1.0714947
5.77,0.26812395,0.6353626,5.7001953,65.26734,1.0748316
5.78,0.26882648,0.63709486,5.69586,65.2609,1.0781776
5.79,0.2695308,0.63883114,5.6915174,65.25441,1.0815307
5.8,0.270238,0.64057255,5.687166,65.24791,1.0848926
5.81,0.27094737,0.64231044,5.682808,65.2414,1.0882628
5.82,0.27165866,0.6440592,5.6784425,65.23489,1.0916414
5.83,0.27237266,0.6458074,5.6740675,65.228355,1.0950274
5.84,0.27308875,0.647562,5.6696854,65.22181,1.0984222
5.85,0.27380753,0.64931613,5.6652956,65.21524,1.1018255
5.86,0.27452818,0.6510769,5.6608973,65.208664,1.1052374
5.87,0.2752514,0.65283483,5.6564913,65.202065,1.1086583
5.88,0.27597672,0.6546051,5.6520762,65.19545,1.1120858
5.89,0.27670476,0.6563699,5.6476545,65.18882,1.1155231
5.9,0.27743462,0.6581466,5.6432242,65.18218,1.1189688
5.91,0.27816716,0.65992236,5.638786,65.17553,1.1224228
5.92,0.2789025,0.6617024,5.63434,65.16885,1.1258854
5.93,0.2796395,0.6634862,5.6298857,65.16218,1.1293559
5.94,0.28037944,0.66527426,5.6254234,65.15546,1.132836
5.95,0.28112125,0.6670661,5.620953,65.14874,1.1363239
5.96,0.2818658,0.66885865,5.6164737,65.142,1.1398209
5.97,0.2826128,0.6706543,5.6119876,65.135254,1.1433268
5.98,0.28336188,0.67245746,5.607493,65.12849,1.1468415
5.99,0.28411365,0.6742635,5.60299,65.12171,1.1503644
6.0,0.28486803,0.67606664,5.5984793,65.11491,1.1538968
6.01,0.28562474,0.6778811,5.59396,65.1081,1.1574382
6.02,0.28638348,0.679696,5.5894327,65.10127,1.1609874
6.03,0.28714493,0.6815125,5.584897,65.09441,1.1645459
6.04,0.28790906,0.6833352,5.5803537,65.087555,1.1681126
6.05,0.2886754,0.6851609,5.575802,65.08068,1.1716895
6.06,0.2894446,0.68699235,5.571242,65.07378,1.175274
6.07,0.29021612,0.6888243,5.566674,65.06687,1.1788694
6.08,0.2909902,0.6906609,5.562097,65.05995,1.1824723
6.09,0.29176632,0.6924972,5.5575128,65.053,1.1860837
6.1,0.29254517,0.69434655,5.552919,65.04604,1.1897051
6.11,0.29332712,0.69618964,5.5483184,65.03906,1.1933357
6.12,0.2941108,0.6980434,5.5437074,65.032074,1.1969763
6.13,0.2948974,0.6998941,5.539091,65.02507,1.2006242
6.14,0.2956864,0.7017526,5.5344644,65.01803,1.2042819
6.15,0.29647812,0.70361775,5.529829,65.01099,1.207949
6.16,0.29727247,0.70548147,5.525187,65.00394,1.2116262
6.17,0.2980692,0.7073493,5.5205364,64.99685,1.2153106
6.18,0.2988687,0.70922035,5.5158763,64.98975,1.2190063
6.19,0.2996708,0.71109897,5.5112085,64.98264,1.2227103
6.2,0.30047533,0.7129794,5.506532,64.975525,1.2264229
6.21,0.30128226,0.71486145,5.501848,64.96837,1.2301465
6.22,0.30209187,0.7167513,5.4971538,64.96121,1.2338791
6.23,0.30290464,0.7186388,5.492453,64.95403,1.2376204
6.24,0.30371925,0.7205367,5.487744,64.94684,1.2413723
6.25,0.30453745,0.722435,5.483025,64.93961,1.2451328
6.26,0.3053576,0.7243377,5.4782987,64.93238,1.2489028
6.27,0.3061804,0.7262451,5.473563,64.92515,1.2526826
6.28,0.3070065,0.72815096,5.4688196,64.91787,1.2564727
6.29,0.30783436,0.73006356,5.4640665,64.91059,1.2602718
6.3,0.3086659,0.73198104,5.4593062,64.90328,1.26408
6.31,0.30949947,0.73390174,5.4545364,64.895966,1.2678984
6.32,0.31033626,0.7358272,5.4497585,64.888626,1.2717277
6.33,0.3111752,0.7377577,5.444973,64.88128,1.275565
6.34,0.3120173,0.73969054,5.4401774,64.87391,1.2794126
6.35,0.31286165,0.7416275,5.4353743,64.8665,1.2832701
6.36,0.31370923,0.74356526,5.430562,64.85911,1.2871377
6.37,0.31455943,0.7455108,5.425741,64.85167,1.2910151
6.38,0.31541237,0.74745864,5.4209123,64.84423,1.2949028
6.39,0.31626776,0.7494137,5.4160743,64.83678,1.2988001
6.4,0.31712636,0.7513687,5.4112263,64.82927,1.3027071
6.41,0.31798753,0.75332886,5.4063716,64.82179,1.3066237
6.42,0.31885186,0.75529146,5.401507,64.81426,1.3105509
6.43,0.31971887,0.757259,5.3966346,64.806725,1.314488
6.44,0.32058844,0.7592318,5.3917537,64.79918,1.3184353
6.45,0.32146063,0.7612051,5.3868637,64.7916,1.3223931
6.46,0.32233635,0.7631849,5.381965,64.78402,1.3263601
6.47,0.32321504,0.76516867,5.377058,64.776405,1.3303382
6.48,0.3240961,0.7671558,5.3721414,64.768776,1.3343266
6.49,0.32497957,0.7691459,5.3672166,64.761116,1.3383254
6.5,0.32586685,0.7711386,5.3622828,64.75346,1.3423332
6.51,0.32675645,0.77314186,5.35734,64.745766,1.3463522
6.52,0.32764962,0.7751479,5.3523884,64.738075,1.3503817
6.53,0.328545,0.77715373,5.3474283,64.730354,1.3544213
6.54,0.32944354,0.7791659,5.3424587,64.72261,1.3584725
6.55,0.33034495,0.78118163,5.3374805,64.71483,1.3625332
6.56,0.33124986,0.7832,5.3324943,64.707054,1.3666042
6.57,0.33215722,0.7852236,5.3274984,64.69925,1.3706862
6.58,0.33306774,0.787254,5.322494,64.69143,1.3747776
6.59,0.3339809,0.78928757,5.3174806,64.68359,1.3788807
6.6,0.3348972,0.7913243,5.3124585,64.675735,1.3829947
6.61,0.3358164,0.7933681,5.3074274,64.667854,1.3871189
6.62,0.33673903,0.7954088,5.3023887,64.65995,1.391254
6.63,0.33766475,0.7974589,5.2973385,64.65204,1.3953995
6.64,0.33859316,0.7995136,5.2922807,64.64411,1.3995554
6.65,0.33952454,0.8015694,5.2872133,64.63615,1.4037228
6.66,0.34045932,0.8036325,5.282137,64.628174,1.4079005
6.67,0.3413969,0.80569524,5.277053,64.62018,1.4120903
6.68,0.34233734,0.8077697,5.2719593,64.61216,1.4162904
6.69,0.34328136,0.8098425,5.2668557,64.60412,1.4205011
6.7,0.34422824,0.8119241,5.2617445,64.59608,1.4247221
6.71,0.34517846,0.814008,5.256623,64.58798,1.4289554
6.72,0.34613183,0.8160937,5.251493,64.57989,1.4331995
6.73,0.34708813,0.8181862,5.246352,64.57177,1.4374546
6.74,0.34804764,0.82028717,5.2412043,64.56362,1.4417211
6.75,0.34901044,0.82238674,5.236047,64.55547,1.4459983
6.76,0.34997645,0.82449454,5.2308803,64.54728,1.4502869
6.77,0.35094544,0.8266053,5.225704,64.539085,1.4545865
6.78,0.35191754,0.8287191,5.2205195,64.53086,1.4588983
6.79,0.35289338,0.8308375,5.215326,64.52262,1.4632202
6.8,0.35387227,0.8329607,5.210122,64.51436,1.4675541
6.81,0.35485396,0.83509374,5.20491,64.506065,1.471898
6.82,0.35583904,0.83722156,5.1996894,64.49777,1.4762546
6.83,0.35682788,0.8393632,5.1944575,64.48943,1.4806234
6.84,0.35781953,0.84150165,5.1892176,64.48109,1.4850024
6.85,0.35881492,0.8436498,5.183969,64.47272,1.4893934
6.86,0.359813,0.84580046,5.17871,64.464325,1.4937962
6.87,0.36081496,0.84796023,5.173443,64.45591,1.4982101
6.88,0.36181977,0.8501197,5.1681657,64.44748,1.5026356
6.89,0.36282834,0.8522863,5.162879,64.43902,1.5070728
6.9,0.36384025,0.8544561,5.1575847,64.43055,1.5115224
6.91,0.36485526,0.85663414,5.1522794,64.42204,1.5159827
6.92,0.3658735,0.8588106,5.1469646,64.41353,1.5204555
6.93,0.366896,0.8609966,5.141641,64.40499,1.5249392
6.94,0.3679206,0.8631884,5.1363096,64.39644,1.5294355
6.95,0.3689495,0.86538327,5.1309676,64.38785,1.5339438
6.96,0.36998186,0.8675825,5.1256156,64.37924,1.5384637
6.97,0.37101784,0.86978763,5.1202555,64.370605,1.5429956
6.98,0.3720565,0.8719948,5.1148853,64.36196,1.5475403
6.99,0.37309942,0.87421036,5.1095047,64.35327,1.5520954
7.0,0.3741453,0.876431,5.1041164,64.34458,1.556664
7.01,0.37519506,0.8786547,5.0987167,64.335846,1.5612444
7.02,0.3762481,0.88088554,5.09331,64.32711,1.5658362
7.03,0.37730452,0.88311994,5.087893,64.318344,1.5704411
7.04,0.37836495,0.8853597,5.082466,64.30956,1.5750571
7.05,0.3794286,0.8876074,5.0770297,64.30075,1.5796863
7.06,0.38049594,0.88985896,5.0715833,64.29192,1.584328
7.07,0.38156667,0.89211035,5.0661287,64.283066,1.5889809
7.08,0.38264075,0.89437157,5.060664,64.27418,1.5936471
7.09,0.38371906,0.89663815,5.05519,64.26528,1.5983261
7.1,0.38480088,0.8989133,5.0497055,64.25635,1.6030165
7.11,0.38588646,0.9011901,5.044213,64.24741,1.6077192
7.12,0.38697502,0.9034738,5.0387106,64.238434,1.612434
7.13,0.38806823,0.9057614,5.033197,64.22943,1.6171633
7.14,0.38916418,0.9080512,5.0276756,64.22043,1.6219037
7.15,0.3902643,0.91035074,5.022144,64.21138,1.6266571
7.16,0.39136842,0.9126574,5.0166035,64.20231,1.6314237
7.17,0.39247575,0.9149659,5.011053,64.19322,1.6362023
7.18,0.39358667,0.91727895,5.0054946,64.184105,1.6409924
7.19,0.3947018,0.9196005,4.9999237,64.17498,1.6457976
7.2,0.3958206,0.9219275,4.9943438,64.16582,1.6506149
7.21,0.39694288,0.9242559,4.9887547,64.15663,1.655445
7.22,0.39806935,0.92659456,4.983157,64.14742,1.660288
7.23,0.39919987,0.92894083,4.977548,64.1382,1.6651435
7.24,0.4003335,0.93129057,4.971931,64.12894,1.6700126
7.25,0.40147117,0.9336441,4.9663024,64.11966,1.674894
7.26,0.402613,0.93600225,4.960666,64.11035,1.679789
7.27,0.40375814,0.938369,4.955019,64.10103,1.6846957
7.28,0.40490767,0.94074315,4.9493623,64.09165,1.6896176
7.29,0.40606043,0.9431174,4.943697,64.082275,1.6945513
7.3,0.4072182,0.9455115,4.938021,64.07288,1.6994988
7.31,0.40837917,0.9478988,4.9323344,64.063446,1.7044597
7.32,0.40954426,0.9502936,4.926639,64.054,1.7094327
7.33,0.41071352,0.9526972,4.920934,64.044525,1.7144194
7.34,0.41188654,0.9551063,4.91522,64.03502,1.7194201
7.35,0.41306326,0.95751995,4.9094954,64.0255,1.7244338
7.36,0.41424385,0.95994085,4.903761,64.015945,1.729461
7.37,0.41542873,0.9623695,4.8980174,64.00636,1.7345015
7.38,0.41661796,0.96480215,4.8922625,63.99677,1.7395554
7.39,0.41781107,0.967243,4.886499,63.98713,1.7446231
7.4,0.41900793,0.9696889,4.880726,63.977478,1.7497034
7.41,0.42020914,0.9721416,4.8749423,63.967793,1.754798
7.42,0.4214144,0.9745988,4.8691506,63.95808,1.7599068
7.43,0.42262396,0.9770693,4.8633475,63.948353,1.7650292
7.44,0.42383698,0.9795405,4.8575354,63.938595,1.7701643
7.45,0.42505458,0.9820187,4.851714,63.92881,1.7753148
7.46,0.426276,0.9845056,4.8458824,63.91901,1.7804772
7.47,0.42750207,0.9869979,4.84004,63.909172,1.7856541
7.48,0.428732,0.9894975,4.8341885,63.89932,1.7908447
7.49,0.42996636,0.99200135,4.8283267,63.889435,1.7960501
7.5,0.43120465,0.99451464,4.8224564,63.879517,1.8012682
7.51,0.43244687,0.99703497,4.816574,63.869576,1.806501
7.52,0.43369374,0.99955934,4.8106833,63.859604,1.8117477
7.53,0.43494484,1.0020918,4.804783,63.849617,1.8170097
7.54,0.4361997,1.0046331,4.7988734,63.8396,1.8222837
7.55,0.43745926,1.007172,4.7929525,63.829548,1.8275727
7.56,0.43872306,1.0097308,4.787023,63.81948,1.8328753
7.57,0.43999168,1.0122926,4.7810826,63.80939,1.8381935
7.58,0.44126394,1.0148673,4.7751336,63.799267,1.8435258
7.59,0.44254068,1.0174395,4.7691727,63.78911,1.8488704
7.6,0.44382152,1.0200181,4.7632046,63.77893,1.8542308
7.61,0.44510648,1.022611,4.757225,63.768726,1.8596052
7.62,0.44639686,1.0252076,4.751236,63.758495,1.864994
7.63,0.44769093,1.0278106,4.7452364,63.74823,1.870398
7.64,0.4489893,1.0304241,4.7392282,63.737946,1.8758146
7.65,0.45029208,1.0330434,4.7332087,63.727623,1.8812475
7.66,0.45159957,1.0356696,4.72718,63.717293,1.8866942
7.67,0.45291147,1.0383074,4.721142,63.706917,1.8921559
7.68,0.45422795,1.0409503,4.715093,63.696507,1.8976325
7.69,0.45554844,1.0436012,4.7090354,63.686092,1.9031229
7.7,0.45687333,1.0462587,4.7029676,63.675636,1.9086279
7.71,0.45820317,1.0489248,4.6968894,63.665154,1.9141482
7.72,0.45953712,1.051601,4.6908026,63.65464,1.9196823
7.73,0.4608762,1.0542796,4.684705,63.6441,1.9252328
7.74,0.46221903,1.0569676,4.6785975,63.633533,1.9307976
7.75,0.4635662,1.0596658,4.672481,63.62294,1.9363757
7.76,0.46491882,1.0623744,4.6663537,63.612335,1.9419708
7.77,0.46627578,1.0650885,4.6602173,63.601685,1.94758
7.78,0.46763715,1.0678126,4.654069,63.591003,1.9532048
7.79,0.46900317,1.0705373,4.647913,63.580284,1.9588437
7.8,0.47037372,1.0732771,4.641747,63.56955,1.9644982
7.81,0.47174898,1.0760245,4.6355696,63.558784,1.9701684
7.82,0.47312835,1.0787826,4.629384,63.54799,1.9758528
7.83,0.47451338,1.0815452,4.623188,63.537174,1.9815516
7.84,0.4759023,1.0843208,4.6169834,63.52632,1.9872683
7.85,0.4772959,1.0871028,4.610767,63.515438,1.9929978
7.86,0.47869423,1.0898899,4.604542,63.50453,1.9987429
7.87,0.48009738,1.0926876,4.5983067,63.493587,2.0045042
7.88,0.48150524,1.0954938,4.5920606,63.48262,2.010281
7.89,0.48291782,1.0983146,4.585807,63.47163,2.0160723
7.9,0.48433545,1.1011363,4.579541,63.46061,2.0218804
7.91,0.48575708,1.1039715,4.573268,63.44955,2.0277014
7.92,0.48718426,1.1068146,4.566983,63.43847,2.0335412
7.93,0.48861548,1.1096681,4.560689,63.42734,2.0393944
7.94,0.49005166,1.1125348,4.554386,63.416206,2.0452633
7.95,0.49149278,1.1154003,4.548072,63.40503,2.051149
7.96,0.49293932,1.1182817,4.541748,63.393837,2.05705
7.97,0.49438927,1.1211716,4.5354156,63.38259,2.062966
7.98,0.495845,1.1240696,4.5290737,63.37133,2.0688984
7.99,0.49730536,1.1269761,4.5227203,63.360035,2.0748458
8.0,0.49877045,1.1298919,4.516358,63.348713,2.080811
8.01,0.5002403,1.1328224,4.509986,63.337353,2.08679
8.02,0.50171554,1.1357561,4.5036035,63.325974,2.0927858
8.03,0.50319535,1.1387064,4.4972134,63.314556,2.0987978
8.04,0.50468004,1.1416638,4.490812,63.303104,2.1048243
8.05,0.5061696,1.1446272,4.4843993,63.291637,2.1108694
8.06,0.50766397,1.1476046,4.477979,63.280136,2.1169293
8.07,0.50916356,1.1505908,4.471551,63.268597,2.123004
8.08,0.510668,1.1535838,4.46511,63.257015,2.1290958
8.09,0.5121777,1.1565945,4.45866,63.24542,2.1352048
8.1,0.5136917,1.159611,4.4522014,63.233795,2.141329
8.11,0.5152109,1.1626406,4.4457316,63.22214,2.1474702
8.12,0.516735,1.1656736,4.439253,63.210434,2.1536267
8.13,0.5182645,1.1687204,4.432764,63.198715,2.1598008
8.14,0.519799,1.1717777,4.426267,63.18696,2.1659908
8.15,0.5213379,1.1748507,4.4197593,63.175175,2.1721966
8.16,0.5228822,1.1779296,4.4132423,63.163345,2.1784203
8.17,0.52443147,1.1810197,4.406716,63.151512,2.1846583
8.18,0.5259857,1.1841195,4.4001784,63.139614,2.1909156
8.19,0.52754503,1.1872281,4.393634,63.1277,2.1971865
8.2,0.5291095,1.1903547,4.3870783,63.11576,2.2034757
8.21,0.53067887,1.1934896,4.3805137,63.103786,2.2097824
8.22,0.532254,1.1966326,4.3739395,63.09178,2.216104
8.23,0.53383315,1.1997857,4.367356,63.079735,2.2224424
8.24,0.5354181,1.2029586,4.360762,63.067654,2.2287982
8.25,0.53700817,1.2061338,4.3541594,63.055553,2.2351718
8.26,0.53860325,1.2093198,4.3475466,63.04342,2.2415614
8.27,0.5402031,1.2125235,4.3409257,63.031235,2.247968
8.28,0.54180866,1.2157395,4.334295,63.01904,2.2543907
8.29,0.54341877,1.2189605,4.327654,63.006805,2.2608323
8.3,0.54503506,1.2221967,4.321004,62.994537,2.2672894
8.31,0.54665595,1.225444,4.3143435,62.982227,2.2737641
8.32,0.5482813,1.2287046,4.307675,62.9699,2.280255
8.33,0.54991245,1.2319726,4.3009973,62.95754,2.2867641
8.34,0.5515495,1.235253,4.2943087,62.94514,2.2932909
8.35,0.55319107,1.2385473,4.287612,62.93269,2.2998335
8.36,0.5548374,1.2418575,4.280906,62.920242,2.3063934
8.37,0.5564896,1.2451768,4.2741914,62.90774,2.3129709
8.38,0.5581474,1.2485088,4.267465,62.895206,2.3195677
8.39,0.5598095,1.2518524,4.2607307,62.882645,2.3261802
8.4,0.5614773,1.2552058,4.253988,62.870045,2.3328102
8.41,0.56315035,1.2585762,4.247235,62.857407,2.3394587
8.42,0.5648292,1.261957,4.2404737,62.84475,2.3461235
8.43,0.5665128,1.2653522,4.233702,62.832043,2.352806
8.44,0.5682015,1.2687558,4.2269216,62.819305,2.3595061
8.45,0.56989574,1.2721744,4.2201324,62.80654,2.3662243
8.46,0.57159543,1.2756091,4.2133336,62.793736,2.3729608
8.47,0.5732998,1.2790514,4.206525,62.780895,2.3797138
8.48,0.5750099,1.2825063,4.19971,62.768032,2.3864846
8.49,0.57672566,1.2859788,4.192883,62.75512,2.3932748
8.5,0.5784468,1.2894641,4.186048,62.742188,2.4000807
8.51,0.58017296,1.2929608,4.1792035,62.729206,2.4069057
8.52,0.58190477,1.2964709,4.1723495,62.716206,2.4137495
8.53,0.5836416,1.2999974,4.165488,62.70316,2.4206092
8.54,0.58538413,1.303534,4.1586175,62.690086,2.4274876
8.55,0.5871321,1.3070848,4.1517363,62.67697,2.434386
8.56,0.58888537,1.3106472,4.1448474,62.663822,2.4413009
8.57,0.59064376,1.3142287,4.1379495,62.650635,2.4482336
8.58,0.5924078,1.3178251,4.1310425,62.637413,2.4551852
8.59,0.5941773,1.321428,4.124126,62.624157,2.4621549
8.6,0.59595263,1.3250465,4.1172013,62.610886,2.4691434
8.61,0.59773237,1.3286793,4.110268,62.597546,2.47615
8.62,0.5995186,1.332326,4.103325,62.584198,2.4831746
8.63,0.60131043,1.3359869,4.0963736,62.570805,2.4902182
8.64,0.6031075,1.3396667,4.0894127,62.557377,2.4972813
8.65,0.60491,1.3433579,4.0824447,62.543907,2.50436
8.66,0.60671735,1.3470645,4.075467,62.530403,2.511459
8.67,0.60853094,1.350784,4.06848,62.51687,2.5185776
8.68,0.6103498,1.3545187,4.0614843,62.50328,2.5257137
8.69,0.6121742,1.3582695,4.0544806,62.48968,2.5328686
8.7,0.6140045,1.3620307,4.0474687,62.476025,2.5400422
8.71,0.61584014,1.3658069,4.040447,62.46235,2.5472353
8.72,0.6176816,1.3696032,4.033417,62.44862,2.5544467
8.73,0.61952794,1.3734115,4.02638,62.434883,2.5616755
8.74,0.6213804,1.3772361,4.019332,62.421085,2.5689259
8.75,0.62323856,1.3810741,4.0122766,62.407246,2.5761943
8.76,0.6251022,1.3849312,4.0052123,62.39339,2.5834808
8.77,0.6269712,1.3887982,3.9981396,62.379482,2.590788
8.78,0.6288466,1.3926833,3.991059,62.36554,2.5981126
8.79,0.63072664,1.3965838,3.9839694,62.351574,2.6054583
8.8,0.63261294,1.4005026,3.9768717,62.337547,2.6128216
8.81,0.6345049,1.4044313,3.969765,62.32351,2.6202064
8.82,0.636402,1.4083776,3.9626505,62.309414,2.6276083
8.83,0.63830584,1.4123389,3.9555275,62.295288,2.6350307
8.84,0.64021444,1.4163157,3.948396,62.281128,2.6424723
8.85,0.64212936,1.4203166,3.9412568,62.26691,2.649933
8.86,0.6440496,1.4243252,3.9341104,62.252686,2.6574125
8.87,0.6459755,1.4283562,3.926954,62.23841,2.6649127
8.88,0.64790785,1.4323936,3.9197896,62.224106,2.672432
8.89,0.6498454,1.436455,3.9126172,62.209747,2.679972
8.9,0.6517888,1.4405323,3.9054363,62.195354,2.687531
8.91,0.65373784,1.444622,3.8982482,62.18093,2.6951094
8.92,0.65569323,1.4487305,3.8910515,62.166466,2.7027078
8.93,0.657654,1.4528565,3.8838458,62.151955,2.7103276
8.94,0.6596213,1.4569992,3.8766334,62.137413,2.7179654
8.95,0.6615936,1.4611609,3.8694131,62.12283,2.7256236
8.96,0.66357213,1.4653369,3.8621836,62.108204,2.7333016
8.97,0.66555643,1.4695312,3.8549461,62.09354,2.7410007
8.98,0.66754663,1.4737369,3.8477025,62.07884,2.7487183
8.99,0.66954273,1.4779644,3.8404489,62.06411,2.7564576
9.0,0.67154545,1.4822072,3.8331888,62.04932,2.7642164
9.01,0.6735532,1.4864697,3.82592,62.03451,2.7719965
9.02,0.6755672,1.4907508,3.8186443,62.019657,2.7797968
9.03,0.6775865,1.4950447,3.811361,62.00476,2.787616
9.04,0.67961293,1.4993552,3.8040688,61.989822,2.7954566
9.05,0.68164444,1.5036888,3.7967696,61.974846,2.803317
9.06,0.68368274,1.5080408,3.789463,61.95984,2.8111992
9.07,0.6857262,1.5124013,3.7821476,61.94479,2.8191004
9.08,0.68777627,1.5167861,3.774826,61.929703,2.8270235
9.09,0.68983215,1.5211923,3.7674954,61.914566,2.8349667
9.1,0.69189435,1.5256101,3.760158,61.899387,2.8429303
9.11,0.6939625,1.530047,3.7528138,61.88418,2.850915
9.12,0.6960372,1.5345031,3.7454605,61.86892,2.858921
9.13,0.69811755,1.5389739,3.7381015,61.85363,2.8669477
9.14,0.70020425,1.5434743,3.7307336,61.83829,2.8749952
9.15,0.70229673,1.5479796,3.7233596,61.822918,2.8830636
9.16,0.7043954,1.5525069,3.7159772,61.8075,2.8911524
9.17,0.7065005,1.5570533,3.7085872,61.79204,2.8992634
9.18,0.7086121,1.561628,3.7011907,61.776546,2.9073963
9.19,0.7107297,1.5662084,3.6937873,61.761005,2.9155488
9.2,0.7128534,1.5708128,3.6863766,61.745426,2.9237223
9.21,0.7149833,1.5754342,3.6789577,61.729805,2.931919
9.22,0.7171202,1.580074,3.6715324,61.714134,2.9401364
9.23,0.71926254,1.5847375,3.6641002,61.698433,2.9483747
9.24,0.7214114,1.5894145,3.6566603,61.68269,2.956634
9.25,0.72356635,1.5941145,3.6492133,61.666904,2.9649162
9.26,0.72572833,1.5988305,3.641759,61.651073,2.9732199
9.27,0.7278965,1.6035718,3.6342983,61.635193,2.9815454
9.28,0.7300713,1.6083243,3.6268322,61.61929,2.989891
9.29,0.73225176,1.6131018,3.6193576,61.60333,2.998259
9.3,0.7344392,1.6178942,3.6118765,61.587326,3.0066495
9.31,0.7366329,1.6227092,3.6043882,61.571297,3.0150623
9.32,0.7388329,1.6275431,3.596894,61.555214,3.0234962
9.33,0.7410398,1.6323987,3.589392,61.539085,3.0319524
9.34,0.74325305,1.6372674,3.581884,61.522926,3.04043
9.35,0.7454731,1.6421635,3.5743682,61.506706,3.0489302
9.36,0.747699,1.6470743,3.566848,61.49046,3.0574522
9.37,0.7499318,1.6520116,3.5593195,61.474167,3.0659971
9.38,0.75217134,1.6569647,3.551785,61.457817,3.0745654
9.39,0.7544184,1.6619388,3.5442436,61.441444,3.0831547
9.4,0.7566702,1.6669294,3.5366964,61.42501,3.091765
9.41,0.7589298,1.6719421,3.5291426,61.40854,3.1003995
9.42,0.76119626,1.6769816,3.5215828,61.39203,3.109056
9.43,0.7634691,1.682038,3.5140147,61.375477,3.1177363
9.44,0.76574856,1.6871063,3.5064428,61.358883,3.1264377
9.45,0.7680351,1.6922032,3.4988632,61.34223,3.1351619
9.46,0.77032846,1.6973224,3.4912782,61.325542,3.143909
9.47,0.7726284,1.7024565,3.4836862,61.30882,3.152679
9.48,0.77493507,1.707615,3.4760888,61.29205,3.161471
9.49,0.7772488,1.7127961,3.4684849,61.275215,3.1702886
9.5,0.7795689,1.7179925,3.4608748,61.258347,3.1791272
9.51,0.7818968,1.7232136,3.453259,61.241455,3.1879902
9.52,0.78423125,1.7284564,3.4456365,61.2245,3.1968746
9.53,0.7865718,1.733716,3.4380102,61.207493,3.205782
9.54,0.78891987,1.7390035,3.4303765,61.190456,3.2147145
9.55,0.79127574,1.7443074,3.4227371,61.173363,3.2236695
9.56,0.7936379,1.7496338,3.4150918,61.15624,3.2326484
9.57,0.7960069,1.7549787,3.4074416,61.139057,3.2416487
9.58,0.79838276,1.7603492,3.3997853,61.12184,3.2506733
9.59,0.80076647,1.7657456,3.3921223,61.104565,3.2597227
9.6,0.80315685,1.7711525,3.3844554,61.08724,3.2687955
9.61,0.8055542,1.7765898,3.3767824,61.06988,3.2778902
9.62,0.8079591,1.7820427,3.3691034,61.052483,3.2870097
9.63,0.8103713,1.7875241,3.3614202,61.035034,3.296153
9.64,0.8127905,1.7930231,3.3537302,61.017532,3.3053207
9.65,0.8152167,1.7985437,3.3460357,61.0,3.3145108
9.66,0.8176502,1.8040868,3.3383355,60.98241,3.3237262
9.67,0.8200909,1.8096509,3.3306296,60.964756,3.3329659
9.68,0.8225391,1.815244,3.3229196,60.947086,3.342229
9.69,0.8249943,1.8208483,3.3152044,60.92935,3.3515153
9.7,0.8274576,1.826477,3.3074832,60.91157,3.360827
9.71,0.82992774,1.832138,3.299758,60.893764,3.3701625
9.72,0.8324055,1.8378104,3.292027,60.87589,3.3795233
9.73,0.83489025,1.8435123,3.284291,60.85797,3.388907
9.74,0.8373827,1.8492348,3.276551,60.840008,3.398315
9.75,0.8398831,1.8549778,3.2688048,60.82199,3.4077487
9.76,0.84239006,1.8607446,3.261055,60.80394,3.4172068
9.77,0.8449049,1.8665347,3.2533,60.78584,3.4266906
9.78,0.84742707,1.8723476,3.2455406,60.767696,3.4361968
9.79,0.84995735,1.8781837,3.237776,60.749477,3.4457297
9.8,0.8524946,1.8840444,3.2300076,60.73123,3.455286
9.81,0.8550398,1.889925,3.2222347,60.71295,3.4648676
9.82,0.85759276,1.8958308,3.2144566,60.69461,3.4744735
9.83,0.860153,1.9017599,3.206675,60.676205,3.484105
9.84,0.8627215,1.9077103,3.1988883,60.65777,3.493763
9.85,0.8652977,1.913687,3.1910968,60.639275,3.5034451
9.86,0.86788064,1.9196849,3.1833024,60.62074,3.5131507
9.87,0.8704723,1.9257042,3.1755033,60.60216,3.5228844
9.88,0.8730713,1.9317456,3.1677003,60.583523,3.532642
9.89,0.875678,1.9378165,3.1598918,60.564835,3.5424247
9.9,0.8782929,1.9439111,3.1520813,60.546112,3.5522327
9.91,0.8809149,1.9500268,3.1442654,60.527332,3.562067
9.92,0.8835455,1.9561616,3.1364462,60.5085,3.571926
9.93,0.88618445,1.9623282,3.1286228,60.489624,3.5818124
9.94,0.88883054,1.9685152,3.1207972,60.4707,3.5917215
9.95,0.89148486,1.9747263,3.1129658,60.45173,3.6016588
9.96,0.8941466,1.9809625,3.105132,60.432693,3.6116214
9.97,0.8968169,1.98722,3.0972934,60.41362,3.6216097
9.98,0.899495,1.9935045,3.089453,60.394485,3.6316233
9.99,0.90218073,1.9998122,3.0816078,60.375313,3.641663
10.0,0.9048751,2.006148,3.0737586,60.35608,3.6517305
10.01,0.9075774,2.0125034,3.0659075,60.336815,3.6618223
10.02,0.91028786,2.0188818,3.0580525,60.317474,3.6719418
10.03,0.9130058,2.0252872,3.050195,60.298096,3.682085
10.04,0.9157326,2.0317163,3.042333,60.27868,3.6922565
10.05,0.9184675,2.0381715,3.0344687,60.259193,3.702454
10.06,0.92121047,2.044652,3.0266006,60.239674,3.7126784
10.07,0.92396104,2.0511599,3.0187309,60.22009,3.722928
10.08,0.9267204,2.057685,3.010857,60.200466,3.7332053
10.09,0.9294884,2.06424,3.0029807,60.18077,3.7435093
10.1,0.9322643,2.0708194,2.9951015,60.161037,3.7538395
10.11,0.93504775,2.0774212,2.9872208,60.14126,3.764196
10.12,0.9378403,2.084055,2.9793355,60.121426,3.77458
10.13,0.9406409,2.0907078,2.9714487,60.101532,3.7849903
10.14,0.94345,2.0973911,2.963559,60.081596,3.7954278
10.15,0.94626737,2.1040945,2.955666,60.061592,3.805893
10.16,0.9490934,2.1108274,2.9477718,60.041557,3.8163843
10.17,0.9519274,2.117581,2.939875,60.021465,3.8269033
10.18,0.9547701,2.1243603,2.9319756,60.001312,3.8374496
10.19,0.9576208,2.1311727,2.9240746,59.981117,3.8480215
10.2,0.9604803,2.1380048,2.9161706,59.96087,3.8586216
10.21,0.96334815,2.144867,2.9082646,59.94055,3.8692489
10.22,0.96622443,2.151752,2.9003577,59.9202,3.8799052
10.23,0.9691088,2.158661,2.8924482,59.899796,3.890586
10.24,0.9720025,2.165596,2.8845365,59.87932,3.9012961
10.25,0.97490454,2.172562,2.8766236,59.858807,3.9120336
10.26,0.9778155,2.1795502,2.8687084,59.838234,3.9227986
10.27,0.9807344,2.1865664,2.860792,59.817608,3.9335914
10.28,0.9836613,2.1936076,2.8528736,59.79693,3.9444122
10.29,0.986598,2.2006776,2.8449545,59.776196,3.9552603
10.3,0.98954284,2.2077708,2.837032,59.755413,3.966136
10.31,0.9924964,2.2148952,2.8291106,59.734585,3.9770398
10.32,0.9954583,2.2220407,2.8211854,59.713696,3.9879718
10.33,0.9984291,2.2292159,2.81326,59.692738,3.9989314
10.34,1.0014088,2.2364185,2.805334,59.671745,4.0099206
10.35,1.004397,2.2436483,2.797406,59.65069,4.0209355
10.36,1.007393,2.2509055,2.7894788,59.62959,4.0319786
10.37,1.0103989,2.258192,2.7815485,59.60843,4.043052
10.38,1.0134132,2.2654955,2.7736177,59.587215,4.0541534
10.39,1.0164367,2.2728355,2.7656865,59.565945,4.0652823
10.4,1.0194678,2.2802014,2.7577555,59.544617,4.076439
10.41,1.0225086,2.2875917,2.7498224,59.523243,4.087625
10.42,1.0255581,2.2950134,2.7418892,59.501793,4.0988393
10.43,1.0286163,2.3024602,2.733954,59.4803,4.1100826
10.44,1.0316832,2.309934,2.7260208,59.45876,4.121352
10.45,1.034759,2.3174381,2.7180867,59.437157,4.1326528
10.46,1.0378443,2.3249714,2.7101507,59.415493,4.143983
10.47,1.0409377,2.332526,2.702216,59.393784,4.1553397
10.48,1.0440394,2.340114,2.6942806,59.37203,4.1667247
10.49,1.0471513,2.3477259,2.6863449,59.350204,4.17814
10.5,1.0502713,2.3553715,2.6784096,59.32832,4.189584
10.51,1.053401,2.3630414,2.6704736,59.306385,4.201057
10.52,1.0565389,2.370737,2.662537,59.284374,4.2125597
10.53,1.0596856,2.3784683,2.6546037,59.26233,4.2240887
10.54,1.0628417,2.3862252,2.6466687,59.24023,4.2356505
10.55,1.0660064,2.3940096,2.6387336,59.218067,4.2472405
10.56,1.0691806,2.4018273,2.6307993,59.195835,4.2588587
10.57,1.0723631,2.4096656,2.6228664,59.173573,4.270504
10.58,1.0755551,2.4175386,2.614933,59.151237,4.2821813
10.59,1.0787559,2.4254363,2.6070015,59.128845,4.293888
10.6,1.0819656,2.4333696,2.5990694,59.106396,4.305623
10.61,1.0851843,2.4413311,2.5911388,59.083897,4.317387
10.62,1.088412,2.4493117,2.5832095,59.06133,4.3291807
10.63,1.0916494,2.457336,2.5752795,59.038708,4.3410053
10.64,1.0948956,2.465382,2.5673518,59.016033,4.3528605
10.65,1.0981504,2.473462,2.5594249,58.9933,4.3647423
10.66,1.1014144,2.4815655,2.5514996,58.970512,4.376654
10.67,1.1046877,2.4896998,2.543575,58.947666,4.388596
10.68,1.1079701,2.4978685,2.5356524,58.924755,4.400568
10.69,1.1112612,2.5060644,2.5277307,58.901787,4.41257
10.7,1.1145622,2.5142913,2.5198104,58.878754,4.4246
10.71,1.117872,2.5225499,2.5118918,58.855675,4.4366627
10.72,1.1211904,2.53083,2.5039754,58.832527,4.448754
10.73,1.1245186,2.539153,2.4960604,58.809334,4.460874
10.74,1.1278558,2.547501,2.4881473,58.78607,4.4730253
10.75,1.1312023,2.55588,2.4802356,58.762756,4.4852076
10.76,1.1345583,2.564292,2.4723258,58.73937,4.497418
10.77,1.137923,2.572729,2.4644186,58.715935,4.5096593
10.78,1.1412969,2.5811968,2.4565136,58.692436,4.52193
10.79,1.1446799,2.5897021,2.4486108,58.668873,4.534231
10.8,1.1480724,2.5982342,2.4407098,58.645256,4.546563
10.81,1.1514742,2.6068006,2.4328117,58.621574,4.558925
10.82,1.1548846,2.6153955,2.424916,58.597855,4.5713162
10.83,1.1583052,2.6240234,2.4170227,58.574055,4.583739
10.84,1.1617343,2.6326833,2.4091315,58.550194,4.596193
10.85,1.1651729,2.6413765,2.4012437,58.52628,4.608675
10.86,1.1686213,2.6500983,2.3933578,58.502296,4.6211905
10.87,1.1720788,2.6588564,2.385476,58.478264,4.6337314
10.88,1.1755451,2.667642,2.3775957,58.45416,4.6463065
10.89,1.179021,2.6764646,2.3697183,58.430004,4.6589127
10.9,1.1825068,2.6853137,2.361846,58.40579,4.6715465
10.91,1.1860014,2.6941953,2.3539755,58.381496,4.684213
10.92,1.1895056,2.7031138,2.3461084,58.357166,4.6969104
10.93,1.1930188,2.712062,2.3382447,58.332756,4.709637
10.94,1.196541,2.7210445,2.3303838,58.308296,4.7223954
10.95,1.2000735,2.73006,2.322527,58.283768,4.735184
10.96,1.2036144,2.739108,2.3146737,58.259186,4.748004
10.97,1.2071661,2.7481904,2.3068233,58.23454,4.7608557
10.98,1.2107265,2.757306,2.298978,58.209827,4.7737365
10.99,1.2142961,2.766451,2.2911358,58.18506,4.786648
11.0,1.2178752,2.7756348,2.2832975,58.160233,4.7995915
11.01,1.2214644,2.7848554,2.2754622,58.135326,4.812566
11.02,1.2250626,2.7941074,2.267632,58.11037,4.8255725
11.03,1.22867,2.8033886,2.2598064,58.085354,4.8386064
11.04,1.2322876,2.8127065,2.2519836,58.060272,4.851674
11.05,1.2359142,2.8220582,2.2441661,58.03511,4.864773
11.06,1.239551,2.8314404,2.2363524,58.009907,4.877903
11.07,1.2431966,2.8408651,2.2285438,57.984634,4.891063
11.08,1.2468517,2.8503218,2.2207391,57.959297,4.9042544
11.09,1.2505169,2.8598113,2.2129385,57.933903,4.9174786
11.1,1.2541915,2.8693333,2.2051435,57.908447,4.930733
11.11,1.2578752,2.8788948,2.1973531,57.88292,4.9440174
11.12,1.2615691,2.8884888,2.1895676,57.85733,4.957335
11.13,1.2652725,2.8981218,2.1817865,57.831676,4.9706836
11.14,1.2689852,2.9077883,2.1740103,57.805954,4.984064
11.15,1.2727079,2.9174914,2.16624,57.780186,4.997474
11.16,1.2764403,2.927227,2.158475,57.754345,5.010917
11.17,1.2801815,2.9370027,2.1507144,57.72843,5.0243897
11.18,1.2839338,2.946815,2.1429589,57.702465,5.0378976
11.19,1.2876948,2.9566574,2.1352103,57.676445,5.0514326
11.2,1.2914661,2.9665375,2.1274662,57.65034,5.0650024
11.21,1.2952466,2.9764614,2.1197271,57.62418,5.0786047
11.22,1.2990377,2.9864163,2.1119933,57.597942,5.092237
11.23,1.3028375,2.9964046,2.1042671,57.57165,5.105899
11.24,1.3066477,3.006435,2.096545,57.54529,5.1195946
11.25,1.3104677,3.016498,2.0888298,57.51888,5.133322
11.26,1.3142977,3.0266042,2.0811198,57.492393,5.147083
11.27,1.318137,3.036748,2.0734158,57.465836,5.1608744
11.28,1.3219861,3.046921,2.0657191,57.43922,5.1746955
11.29,1.3258452,3.057139,2.0580273,57.412537,5.18855
11.3,1.3297148,3.0673938,2.0503428,57.3858,5.2024384
11.31,1.3335935,3.0776834,2.0426638,57.35897,5.2163577
11.32,1.3374822,3.0880177,2.0349927,57.332108,5.230306
11.33,1.3413812,3.098382,2.0273268,57.305157,5.244291
11.34,1.3452905,3.1087885,2.0196674,57.278145,5.2583065
11.35,1.3492091,3.1192365,2.012015,57.251064,5.2723546
11.36,1.3531373,3.1297202,2.0043705,57.223934,5.2864327
11.37,1.3570762,3.1402416,1.9967312,57.196716,5.3005443
11.38,1.361025,3.1508067,1.9890991,57.16944,5.314688
11.39,1.3649832,3.1614032,1.981475,57.142113,5.328865
11.4,1.3689522,3.1720455,1.973857,57.1147,5.3430734
11.41,1.3729314,3.1827245,1.9662465,57.087227,5.3573146
11.42,1.3769195,3.1934445,1.9586438,57.05969,5.3715873
11.43,1.3809193,3.2042031,1.9510475,57.03207,5.3858943
11.44,1.3849283,3.215,1.9434596,57.004402,5.400233
11.45,1.3889474,3.2258446,1.9358784,56.976665,5.4146037
11.46,1.3929763,3.2367246,1.928305,56.948856,5.4290066
11.47,1.3970164,3.2476413,1.920739,56.920986,5.443443
11.48,1.4010658,3.2586055,1.9131819,56.89304,5.457911
11.49,1.4051257,3.2696028,1.9056318,56.86503,5.472412
11.5,1.409196,3.2806501,1.8980896,56.836956,5.486947
11.51,1.4132766,3.2917342,1.8905553,56.808807,5.5015144
11.52,1.417367,3.3028588,1.883029,56.780594,5.516114
11.53,1.421468,3.3140264,1.8755113,56.75232,5.530747
11.54,1.4255788,3.3252368,1.8680015,56.72398,5.545412
11.55,1.4297007,3.3364856,1.8605003,56.69555,5.56011
11.56,1.4338329,3.3477764,1.8530071,56.667065,5.5748425
11.57,1.4379752,3.3591151,1.8455234,56.638523,5.5896053
11.58,1.4421276,3.3704925,1.838047,56.609894,5.6044035
11.59,1.4462907,3.3819098,1.8305799,56.58121,5.619234
11.6,1.4504634,3.3933697,1.8231221,56.552467,5.634097
11.61,1.4546477,3.4048758,1.8156719,56.523643,5.6489944
11.62,1.4588418,3.416421,1.8082318,56.494747,5.663924
11.63,1.4630467,3.4280133,1.8008001,56.46579,5.6788883
11.64,1.4672623,3.4396486,1.793377,56.436745,5.693885
11.65,1.471487,3.451325,1.7859647,56.407654,5.7089133
11.66,1.4757236,3.4630482,1.7785604,56.378498,5.7239766
11.67,1.4799705,3.4748156,1.7711648,56.34925,5.7390747
11.68,1.4842275,3.4866254,1.7637801,56.319946,5.7542057
11.69,1.4884955,3.4984794,1.7564039,56.290577,5.769369
11.7,1.4927744,3.5103717,1.7490379,56.26114,5.7845674
11.71,1.4970632,3.5223172,1.741681,56.23162,5.7997985
11.72,1.501363,3.5343013,1.7343338,56.202045,5.8150625
11.73,1.5056729,3.5463367,1.7269974,56.172394,5.830361
11.74,1.509995,3.55841,1.7196696,56.14267,5.8456945
11.75,1.5143265,3.5705345,1.7123529,56.112896,5.861058
11.76,1.5186685,3.5826983,1.7050456,56.08304,5.876459
11.77,1.5230228,3.5949159,1.6977481,56.0531,5.891895
11.78,1.5273864,3.6071754,1.6904621,56.023113,5.907361
11.79,1.5317606,3.6194782,1.6831859,55.99305,5.922862
11.8,1.5361469,3.631825,1.6759199,55.962914,5.9384
11.81,1.5405431,3.6442206,1.6686645,55.932697,5.953969
11.82,1.5449493,3.6566677,1.6614197,55.90243,5.9695725
11.83,1.5493679,3.6691566,1.6541854,55.87208,5.985211
11.84,1.5537964,3.6816962,1.6469616,55.841667,6.000884
11.85,1.5582358,3.6942763,1.6397495,55.811188,6.01659
11.86,1.5626861,3.7069063,1.6325485,55.780632,6.0323296
11.87,1.5671479,3.719581,1.6253575,55.749996,6.048105
11.88,1.5716206,3.7323039,1.6181774,55.719303,6.063916
11.89,1.5761039,3.745078,1.611009,55.688538,6.07976
11.9,1.5805974,3.7578945,1.6038527,55.65771,6.0956373
11.91,1.5851032,3.770765,1.5967071,55.626804,6.111552
11.92,1.5896196,3.7836769,1.5895721,55.595818,6.1275
11.93,1.5941471,3.7966452,1.5824492,55.56478,6.1434827
11.94,1.5986854,3.8096547,1.5753388,55.533653,6.1594973
11.95,1.6032344,3.8227134,1.5682389,55.502476,6.175551
11.96,1.6077949,3.835827,1.5611513,55.47122,6.191637
11.97,1.6123662,3.8489826,1.554075,55.439888,6.207759
11.98,1.6169492,3.8621871,1.5470113,55.408497,6.223914
11.99,1.6215426,3.8754442,1.5399595,55.37702,6.240104
12.0,1.6261474,3.8887506,1.532919,55.345478,6.256333
12.01,1.6307638,3.902106,1.5258914,55.313873,6.272593
12.02,1.6353912,3.91551,1.5188756,55.282185,6.2888904
12.03,1.6400292,3.9289625,1.511873,55.250427,6.30522
12.04,1.6446788,3.9424663,1.5048819,55.218613,6.321587
12.05,1.6493394,3.9560204,1.4979037,55.186718,6.3379884
12.06,1.6540121,3.9696252,1.4909382,55.154747,6.354426
12.07,1.6586946,3.9832773,1.4839853,55.12272,6.3708973
12.08,1.6633891,3.9969864,1.4770453,55.090603,6.3874054
12.09,1.6680944,4.010743,1.4701183,55.05843,6.403948
12.1,1.672812,4.0245495,1.4632031,55.026173,6.420525
12.11,1.6775404,4.0384064,1.4563023,54.993862,6.437138
12.12,1.6822795,4.0523105,1.449414,54.961464,6.453788
12.13,1.6870309,4.066277,1.4425381,54.929,6.470473
12.14,1.6917931,4.0802884,1.4356756,54.89646,6.4871945
12.15,1.6965663,4.094351,1.4288275,54.863853,6.503948
12.16,1.7013519,4.1084642,1.4219922,54.831177,6.520741
12.17,1.7061479,4.1226373,1.4151702,54.79843,6.537568
12.18,1.7109555,4.136852,1.4083619,54.765606,6.5544286
12.19,1.7157745,4.1511207,1.4015673,54.732716,6.571328
12.2,1.7206055,4.165448,1.3947865,54.699753,6.588263
12.21,1.7254474,4.179821,1.3880191,54.666725,6.6052337
12.22,1.730301,4.19425,1.3812658,54.63361,6.62224
12.23,1.735166,4.2087336,1.3745261,54.600433,6.6392837
12.24,1.7400421,4.2232685,1.3678013,54.56719,6.65636
12.25,1.7449299,4.2378597,1.3610892,54.533867,6.6734753
12.26,1.7498295,4.252496,1.3543917,54.50046,6.6906276
12.27,1.7547407,4.26719,1.3477088,54.467003,6.7078137
12.28,1.7596627,4.2819366,1.3410407,54.433468,6.7250338
12.29,1.7645969,4.296742,1.3343858,54.399857,6.742294
12.3,1.7695421,4.311595,1.327746,54.366177,6.7595882
12.31,1.7744994,4.3265066,1.3211207,54.33242,6.7769213
12.32,1.779468,4.341468,1.3145099,54.298588,6.7942867
12.33,1.7844476,4.3564825,1.3079143,54.2647,6.8116918
12.34,1.7894398,4.371559,1.3013322,54.230736,6.8291335
12.35,1.7944432,4.38668,1.294766,54.196686,6.8466096
12.36,1.7994577,4.4018564,1.2882143,54.162582,6.8641214
12.37,1.8044846,4.417095,1.2816778,54.128384,6.881671
12.38,1.8095224,4.4323893,1.2751566,54.09415,6.899257
12.39,1.8145728,4.447734,1.2686495,54.0598,6.916881
12.4,1.8196329,4.463132,1.2621588,54.02541,6.9345374
12.41,1.8247067,4.478591,1.2556825,53.990932,6.9522343
12.42,1.8297917,4.4940987,1.2492213,53.956383,6.969967
12.43,1.8348877,4.509666,1.242776,53.921764,6.9877367
12.44,1.8399955,4.5252867,1.2363461,53.887074,7.005542
12.45,1.8451158,4.540964,1.2299315,53.852314,7.023385
12.46,1.8502477,4.556699,1.2235329,53.817482,7.041265
12.47,1.85539,4.5724907,1.2171494,53.782566,7.05918
12.48,1.8605447,4.5883293,1.2107822,53.74759,7.0771317
12.49,1.865711,4.604232,1.2044302,53.712532,7.095122
12.5,1.8708895,4.6201897,1.1980939,53.67741,7.113147
12.51,1.8760796,4.6362057,1.1917739,53.642212,7.1312118
12.52,1.8812815,4.652276,1.1854696,53.60693,7.1493125
12.53,1.886494,4.6684017,1.1791817,53.571594,7.167449
12.54,1.8917196,4.6845875,1.1729096,53.53618,7.1856236
12.55,1.8969558,4.700826,1.1666542,53.500694,7.2038336
12.56,1.9022052,4.717123,1.1604137,53.465122,7.222082
12.57,1.9074647,4.7334776,1.1541909,53.429493,7.240366
12.58,1.9127367,4.7498884,1.1479837,53.393787,7.2586875
12.59,1.9180205,4.7663574,1.1417933,53.357998,7.277047
12.6,1.923316,4.7828884,1.1356189,53.322144,7.295442
12.61,1.9286233,4.799471,1.1294612,53.286224,7.3138747
12.62,1.9339428,4.8161135,1.1233197,53.250225,7.3323455
12.63,1.9392726,4.8328137,1.117196,53.214153,7.3508534
12.64,1.9446158,4.8495665,1.1110872,53.178005,7.369398
12.65,1.9499704,4.866385,1.1049968,53.14179,7.3879776
12.66,1.955336,4.8832574,1.0989224,53.1055,7.406596
12.67,1.9607135,4.9001904,1.0928649,53.069134,7.4252524
12.68,1.9661037,4.917178,1.0868236,53.032696,7.443947
12.69,1.9715043,4.9342246,1.0808007,52.996185,7.462674
12.7,1.9769179,4.951335,1.0747936,52.959606,7.4814425
12.71,1.9823432,4.9684997,1.068804,52.922943,7.500248
12.72,1.9877801,4.9857244,1.0628315,52.88621,7.5190873
12.73,1.9932281,5.003005,1.0568763,52.84941,7.537964
12.74,1.9986888,5.0203466,1.050938,52.812534,7.5568805
12.75,2.0041611,5.037748,1.045017,52.775585,7.5758333
12.76,2.0096457,5.055209,1.0391133,52.738552,7.594826
12.77,2.01514,5.072725,1.0332276,52.70146,7.6138525
12.78,2.0206478,5.090302,1.0273588,52.664284,7.632916
12.79,2.0261672,5.107938,1.0215073,52.62703,7.6520166
12.8,2.0316982,5.125636,1.0156734,52.58971,7.6711574
12.81,2.037241,5.143393,1.0098574,52.55232,7.6903315
12.82,2.0427947,5.1612053,1.004059,52.514862,7.7095428
12.83,2.0483613,5.179082,0.9982775,52.477318,7.7287955
12.84,2.0539393,5.197018,0.9925145,52.439713,7.748083
12.85,2.0595295,5.2150135,0.98676884,52.402016,7.767409
12.86,2.0651302,5.2330675,0.9810412,52.36426,7.7867703
12.87,2.0707438,5.251182,0.9753313,52.326424,7.806167
12.88,2.076369,5.269356,0.96963906,52.28851,7.8256044
12.89,2.0820057,5.2875957,0.96396506,52.250534,7.8450775
12.9,2.0876544,5.305887,0.9583087,52.212475,7.8645873
12.91,2.0933151,5.3242483,0.95267045,52.17434,7.8841367
12.92,2.0989864,5.342659,0.9470503,52.136147,7.90372
12.93,2.1046703,5.361144,0.9414481,52.09785,7.923343
12.94,2.1103666,5.379676,0.9358642,52.059505,7.9430013
12.95,2.1160736,5.3982725,0.9302984,52.021072,7.9626966
12.96,2.1217926,5.416937,0.92475045,51.982567,7.9824305
12.97,2.1275232,5.435658,0.91922104,51.943993,8.002203
12.98,2.1332648,5.454439,0.91371083,51.905354,8.022006
12.99,2.1390193,5.473284,0.9082176,51.86663,8.041851
13.0,2.1447861,5.492189,0.90274286,51.827824,8.061736
13.01,2.1505628,5.5111547,0.89728653,51.78895,8.081652
13.02,2.1563523,5.5301833,0.8918487,51.750004,8.101608
13.03,2.1621528,5.549267,0.8864304,51.710995,8.121598
13.04,2.1679657,5.568419,0.88102967,51.671886,8.141628
13.05,2.17379,5.587635,0.87564737,51.632725,8.1616955
13.06,2.179626,5.606909,0.8702836,51.593487,8.1818
13.07,2.1854732,5.6262426,0.8649392,51.55417,8.201936
13.08,2.191332,5.645641,0.859613,51.51477,8.222114
13.09,2.1972032,5.665104,0.85430545,51.475304,8.242329
13.1,2.2030857,5.6846266,0.8490161,51.435772,8.262581
13.11,2.20898,5.704213,0.84374636,51.396156,8.282865
13.12,2.2148867,5.72386,0.83849466,51.35646,8.303191
13.13,2.220804,5.743567,0.83326215,51.316704,8.323553
13.14,2.2267332,5.763344,0.8280477,51.27686,8.343952
13.15,2.2326732,5.783176,0.82285357,51.23695,8.364383
13.16,2.2386258,5.8030777,0.81767744,51.196953,8.384855
13.17,2.2445898,5.823036,0.81251997,51.156887,8.405364
13.18,2.2505658,5.843064,0.80738175,51.11675,8.42591
13.19,2.2565532,5.8631487,0.8022625,51.076546,8.446489
13.2,2.2625515,5.883301,0.7971626,51.036263,8.467107
13.21,2.268562,5.9035153,0.7920809,50.995903,8.487761
13.22,2.2745843,5.9237933,0.7870184,50.955452,8.508454
13.23,2.2806165,5.944131,0.7819758,50.91495,8.529179
13.24,2.2866623,5.9645376,0.776952,50.874367,8.549943
13.25,2.2927194,5.9850073,0.77194667,50.8337,8.570746
13.26,2.2987874,6.005538,0.7669611,50.792976,8.591582
13.27,2.3048677,6.026139,0.7619941,50.752163,8.612458
13.28,2.3109581,6.046797,0.7570471,50.71129,8.633365
13.29,2.317061,6.067519,0.7521194,50.670322,8.654311
13.3,2.3231764,6.0883136,0.7472099,50.629295,8.675295
13.31,2.3293023,6.109164,0.7423198,50.58818,8.696315
13.32,2.3354387,6.130082,0.73744977,50.547005,8.717368
13.33,2.3415878,6.151067,0.73259884,50.505753,8.738461
13.34,2.3477483,6.172114,0.7277669,50.464417,8.759589
13.35,2.3539205,6.1932282,0.72295415,50.423008,8.780755
13.36,2.3601034,6.2144027,0.7181616,50.381527,8.801953
13.37,2.3662984,6.2356462,0.7133874,50.339973,8.823191
13.38,2.3725045,6.2569532,0.7086329,50.29834,8.844463
13.39,2.3787234,6.278331,0.7038978,50.25664,8.865774
13.4,2.3849516,6.299767,0.69918305,50.21486,8.887115
13.41,2.391193,6.3212767,0.6944865,50.173016,8.908498
13.42,2.3974447,6.342842,0.68980944,50.13108,8.9299135
13.43,2.4037092,6.3644795,0.6851522,50.089073,8.951368
13.44,2.4099834,6.386178,0.68051445,50.04701,8.972855
13.45,2.4162703,6.407945,0.6758964,50.004856,8.994379
13.46,2.4225683,6.4297814,0.6712973,49.96263,9.015944
13.47,2.4288783,6.4516826,0.66671807,49.92033,9.03754
13.48,2.4351993,6.473646,0.6621584,49.877953,9.059169
13.49,2.4415324,6.495682,0.6576176,49.83551,9.080839
13.5,2.4478755,6.517781,0.653097,49.792988,9.102545
13.51,2.4542317,6.539948,0.64859575,49.750393,9.124285
13.52,2.4605978,6.562181,0.64411384,49.707714,9.146061
13.53,2.466976,6.584482,0.63965183,49.66497,9.167871
13.54,2.4733644,6.6068463,0.6352093,49.62215,9.189715
13.55,2.4797657,6.629283,0.6307862,49.57925,9.2116
13.56,2.4861774,6.6517873,0.6263825,49.536278,9.233517
13.57,2.4926012,6.6743546,0.6219993,49.493244,9.255471
13.58,2.499036,6.696994,0.6176348,49.45012,9.277459
13.59,2.5054827,6.719701,0.61329,49.406933,9.299484
13.6,2.511941,6.742477,0.6089644,49.363667,9.321548
13.61,2.518409,6.7653117,0.60465926,49.320324,9.34364
13.62,2.52489,6.7882233,0.6003731,49.276913,9.365772
13.63,2.5313811,6.8112016,0.59610677,49.23343,9.387937
13.64,2.5378854,6.8342505,0.59185964,49.189854,9.410141
13.65,2.544399,6.857362,0.5876329,49.146236,9.432377
13.66,2.5509255,6.8805504,0.58342457,49.10251,9.454651
13.67,2.557463,6.903801,0.5792365,49.05874,9.47696
13.68,2.564012,6.9271216,0.575068,49.01488,9.499302
13.69,2.570571,6.950509,0.57091963,48.970947,9.521675
13.7,2.5771427,6.9739766,0.5667893,48.926937,9.544094
13.71,2.5837252,6.9975004,0.56267947,48.882866,9.566541
13.72,2.5903192,7.021103,0.5585895,48.838715,9.589022
13.73,2.5969238,7.044772,0.5545186,48.794487,9.611541
13.74,2.6035404,7.068508,0.55046743,48.7502,9.634093
13.75,2.6101687,7.0923176,0.54643524,48.705822,9.656682
13.76,2.6168075,7.116195,0.54242295,48.661373,9.679307
13.77,2.623458,7.140149,0.5384301,48.616867,9.701966
13.78,2.6301184,7.1641626,0.5344573,48.572273,9.724657
13.79,2.6367922,7.188254,0.5305031,48.527615,9.747386
13.8,2.643476,7.2124114,0.5265689,48.48289,9.770149
13.81,2.650172,7.236644,0.5226535,48.43807,9.792948
13.82,2.6568787,7.260947,0.5187586,48.393192,9.815777
13.83,2.663596,7.285319,0.5148826,48.348248,9.838645
13.84,2.6703253,7.3097644,0.5110259,48.30322,9.861547
13.85,2.6770654,7.334281,0.5071885,48.25812,9.884483
13.86,2.6838167,7.358865,0.503371,48.212948,9.907454
13.87,2.69058,7.3835235,0.49957216,48.16772,9.93046
13.88,2.6973538,7.408257,0.49579334,48.1224,9.953499
13.89,2.7041395,7.4330583,0.49203295,48.077015,9.976574
13.9,2.7109349,7.4579363,0.48829275,48.031563,9.99968
13.91,2.7177434,7.4828815,0.48457152,47.98604,10.022824
13.92,2.724562,7.5078983,0.48086923,47.94043,10.046001
13.93,2.7313926,7.53299,0.4771864,47.894768,10.069217
13.94,2.7382324,7.55815,0.47352317,47.849022,10.092458
13.95,2.7450864,7.583393,0.46987855,47.8032,10.115741
13.96,2.7519495,7.608702,0.46625316,47.757317,10.139054
13.97,2.7588253,7.6340847,0.4626473,47.71136,10.162403
13.98,2.765709,7.6595373,0.45906076,47.66534,10.1857815
13.99,2.7726068,7.685068,0.45549238,47.619236,10.2092
14.0,2.7795146,7.7106667,0.45194364,47.57308,10.232647
14.01,2.7864347,7.7363453,0.44841388,47.52682,10.256134
14.02,2.7933652,7.7620964,0.44490278,47.48052,10.279655
14.03,2.800306,7.787916,0.44141158,47.43414,10.303205
14.04,2.8072584,7.8138185,0.4379383,47.38769,10.326793
14.05,2.814223,7.8397894,0.43448433,47.341164,10.350411
14.06,2.8211973,7.8658347,0.43104914,47.294582,10.374067
14.07,2.8281825,7.891955,0.42763367,47.247917,10.397749
14.08,2.8351786,7.918147,0.42423624,47.201195,10.42147
14.09,2.8421865,7.94442,0.42085752,47.15439,10.445224
14.1,2.8492057,7.9707584,0.41749766,47.10753,10.469014
14.11,2.856235,7.997183,0.41415662,47.060596,10.492832
14.12,2.8632758,8.023678,0.41083428,47.013588,10.516687
14.13,2.8703272,8.050247,0.40753043,46.966507,10.540579
14.14,2.8773906,8.076891,0.40424535,46.91936,10.564497
14.15,2.8844628,8.103612,0.40097934,46.87216,10.588449
14.16,2.8915477,8.130406,0.3977313,46.824875,10.612437
14.17,2.8986428,8.157279,0.39450216,46.77753,10.636457
14.18,2.9057503,8.184225,0.39129066,46.730114,10.660514
14.19,2.9128664,8.211248,0.38809878,46.682632,10.684599
14.2,2.919994,8.23835,0.38492447,46.63507,10.708717
14.21,2.9271336,8.265522,0.38176882,46.587463,10.732872
14.22,2.9342833,8.292776,0.37863135,46.539772,10.757056
14.23,2.9414432,8.320107,0.3755126,46.492027,10.781276
14.24,2.948614,8.347509,0.3724118,46.444202,10.805524
14.25,2.9557967,8.374992,0.3693294,46.3963,10.829806
14.26,2.962989,8.402554,0.36626452,46.34836,10.85412
14.27,2.970193,8.430191,0.36321825,46.30033,10.878472
14.28,2.9774063,8.457902,0.36019045,46.25225,10.90285
14.29,2.9846315,8.485692,0.35717994,46.204098,10.927265
14.3,2.9918675,8.513563,0.3541878,46.155872,10.951714
14.31,2.9991143,8.54151,0.3512135,46.107594,10.976192
14.32,3.0063705,8.5695305,0.34825736,46.059246,11.000698
14.33,3.0136378,8.597633,0.3453191,46.010826,11.025241
14.34,3.0209174,8.625816,0.34239817,45.962345,11.049815
14.35,3.0282052,8.654076,0.3394953,45.913788,11.074426
14.36,3.0355048,8.682409,0.33661014,45.86518,11.099063
14.37,3.042813,8.710821,0.3337431,45.816513,11.12373
14.38,3.0501347,8.739319,0.33089322,45.76776,11.148434
14.39,3.0574653,8.767889,0.32806093,45.718967,11.173169
14.4,3.0648055,8.796539,0.32524645,45.67009,11.197929
14.41,3.0721576,8.825266,0.32244945,45.62116,11.222729
14.42,3.07952,8.8540745,0.31966966,45.572163,11.247559
14.43,3.0868926,8.882967,0.31690717,45.523098,11.272419
14.44,3.094275,8.911932,0.31416255,45.473976,11.297309
14.45,3.1016681,8.940978,0.31143463,45.42478,11.32223
14.46,3.1090717,8.970106,0.3087244,45.375534,11.347188
14.47,3.1164858,8.999313,0.306031,45.326202,11.37217
14.48,3.1239088,9.028597,0.3033552,45.276836,11.397185
14.49,3.1313443,9.057962,0.30069613,45.227394,11.4222355
14.5,3.1387882,9.087408,0.29805434,45.177902,11.447314
14.51,3.146243,9.116936,0.29542956,45.12833,11.472421
14.52,3.1537085,9.146545,0.29282156,45.0787,11.497566
14.53,3.1611826,9.176231,0.2902306,45.029022,11.522734
14.54,3.1686673,9.205994,0.2876567,44.979263,11.547934
14.55,3.176164,9.235849,0.28509915,44.929443,11.57317
14.56,3.1836689,9.265778,0.2825586,44.87958,11.5984335
14.57,3.1911829,9.295784,0.28003502,44.82965,11.623724
14.58,3.1987083,9.32588,0.2775274,44.77964,11.649045
14.59,3.206244,9.356052,0.27503663,44.72958,11.6744
14.6,3.2137897,9.386309,0.27256283,44.67947,11.699785
14.61,3.2213433,9.416641,0.27010497,44.629295,11.725199
14.62,3.2289095,9.447063,0.26766348,44.579044,11.750643
14.63,3.236484,9.47756,0.26523915,44.52876,11.776116
14.64,3.2440686,9.508142,0.26283017,44.478394,11.801624
14.65,3.251664,9.538807,0.26043788,44.42798,11.827156
14.66,3.2592673,9.569555,0.25806227,44.377506,11.852717
14.67,3.2668805,9.60038,0.25570223,44.32696,11.87831
14.68,3.2745047,9.631294,0.25335822,44.27638,11.9039345
14.69,3.2821374,9.662283,0.25103047,44.225723,11.9295845
14.7,3.289781,9.693363,0.24871877,44.175014,11.955269
14.71,3.2974331,9.72452,0.24642316,44.124233,11.980977
14.72,3.305095,9.755764,0.24414304,44.07341,12.006717
14.73,3.3127666,9.787088,0.2418792,44.022526,12.032485
14.74,3.3204474,9.818497,0.23963085,43.97159,12.058282
14.75,3.3281388,9.849991,0.23739764,43.920578,12.084113
14.76,3.3358386,9.881567,0.23518084,43.869503,12.109967
14.77,3.3435485,9.913223,0.23297933,43.818394,12.135854
14.78,3.351267,9.944965,0.2307935,43.76722,12.161765
14.79,3.358996,9.976791,0.22862312,43.715992,12.187707
14.8,3.366733,10.008703,0.22646824,43.66469,12.213678
14.81,3.3744795,10.040695,0.22432838,43.613342,12.239677
14.82,3.382236,10.072779,0.2222043,43.56195,12.265701
14.83,3.3900003,10.1049385,0.22009514,43.510494,12.291757
14.84,3.3977757,10.137184,0.21800135,43.458977,12.317842
14.85,3.4055586,10.169516,0.21592249,43.407417,12.343951
14.86,3.4133513,10.201933,0.21385919,43.355778,12.3700905
14.87,3.421153,10.234434,0.2118103,43.304104,12.396257
14.88,3.4289641,10.267025,0.20977639,43.252373,12.422455
14.89,3.4367845,10.2997,0.20775764,43.200573,12.448676
14.9,3.4446125,10.332453,0.20575391,43.148735,12.474923
14.91,3.4524508,10.3652935,0.20376474,43.096832,12.501203
14.92,3.4602983,10.398228,0.20178996,43.044872,12.527512
14.93,3.4681537,10.43124,0.1998301,42.992867,12.5538435
14.94,3.4760182,10.464338,0.1978849,42.940807,12.580198
14.95,3.483891,10.497524,0.19595405,42.888695,12.6065855
14.96,3.4917734,10.530796,0.19403772,42.83651,12.632999
14.97,3.4996636,10.564152,0.192136,42.78429,12.659443
14.98,3.5075626,10.5975895,0.19024844,42.732006,12.685904
14.99,3.5154727,10.631126,0.18837519,42.679672,12.7124
15.0,3.5233889,10.664747,0.18651637,42.6273,12.738921
15.01,3.5313148,10.698448,0.1846714,42.574867,12.765467
15.02,3.5392482,10.732239,0.1828408,42.522366,12.792039
15.03,3.5471904,10.766117,0.18102397,42.469837,12.818636
15.04,3.5551414,10.800079,0.17922157,42.417236,12.845263
15.05,3.5631018,10.834131,0.17743249,42.364586,12.871916
15.06,3.5710695,10.868265,0.17565772,42.31189,12.898594
15.07,3.5790453,10.902487,0.17389679,42.25914,12.925294
15.08,3.58703,10.93681,0.17214921,42.206333,12.952025
15.09,3.595023,10.971203,0.17041557,42.15349,12.978781
15.1,3.603025,11.005695,0.16869552,42.100586,13.00556
15.11,3.6110337,11.040264,0.16698898,42.047646,13.03236
15.12,3.6190517,11.074928,0.16529572,41.994637,13.059196
15.13,3.6270783,11.109684,0.16361605,41.941586,13.086049
15.14,3.6351118,11.144522,0.16194956,41.888477,13.11293
15.15,3.6431544,11.179445,0.16029693,41.835327,13.139835
15.16,3.6512036,11.214462,0.15865733,41.782124,13.166762
15.17,3.6592617,11.249563,0.15703043,41.728878,13.193718
15.18,3.667329,11.284754,0.15541689,41.67557,13.220696
15.19,3.6754029,11.320036,0.1538164,41.622223,13.247701
15.2,3.6834848,11.355408,0.1522287,41.56883,13.274729
15.21,3.6915762,11.390869,0.15065388,41.515377,13.301781
15.22,3.699673,11.426416,0.1490921,41.461876,13.328856
15.23,3.707779,11.462048,0.1475433,41.40834,13.355956
15.24,3.7158911,11.497772,0.1460072,41.35474,13.383077
15.25,3.724013,11.53359,0.14448315,41.301113,13.410226
15.26,3.7321422,11.569492,0.1429722,41.24742,13.437397
15.27,3.7402787,11.605488,0.14147367,41.193687,13.464593
15.28,3.7484229,11.641569,0.1399875,41.139908,13.49181
15.29,3.7565742,11.67774,0.13851394,41.08608,13.51905
15.3,3.7647343,11.714001,0.13705254,41.032204,13.546314
15.31,3.7729008,11.750355,0.13560332,40.978275,13.573601
15.32,3.781074,11.786793,0.13416626,40.924335,13.600907
15.33,3.7892556,11.82332,0.13274162,40.87031,13.628238
15.34,3.797444,11.859943,0.13132893,40.816254,13.655595
15.35,3.80564,11.896648,0.12992808,40.762165,13.682971
15.36,3.8138433,11.933449,0.12853938,40.708008,13.710368
15.37,3.8220553,11.970341,0.12716205,40.65382,13.737789
15.38,3.8302724,12.007324,0.12579712,40.59957,13.765232
15.39,3.8384974,12.044392,0.12444357,40.54531,13.792698
15.4,3.84673,12.081551,0.12310191,40.490986,13.820184
15.41,3.8549702,12.118805,0.12177181,40.436615,13.847691
15.42,3.8632145,12.156145,0.12045314,40.382206,13.87522
15.43,3.8714683,12.193583,0.11914575,40.327747,13.902771
15.44,3.8797278,12.2311,0.11785019,40.273254,13.930341
15.45,3.8879962,12.268719,0.11656576,40.21871,13.957933
15.46,3.89627,12.306423,0.11529263,40.16413,13.985546
15.47,3.904551,12.344221,0.11403043,40.109505,14.013183
15.48,3.9128382,12.382105,0.1127798,40.054844,14.040833
15.49,3.921133,12.420086,0.111539945,40.00013,14.068511
15.5,3.9294343,12.458157,0.11031131,39.945377,14.096206
15.51,3.9377418,12.496313,0.10909341,39.89059,14.123918
15.52,3.9460552,12.534561,0.107886516,39.835766,14.151653
15.53,3.9543767,12.572908,0.10669017,39.78089,14.179409
15.54,3.9627032,12.61134,0.10550479,39.725983,14.207183
15.55,3.9710379,12.649866,0.10433011,39.671032,14.234978
15.56,3.9793777,12.68848,0.10316596,39.616043,14.26279
15.57,3.9877253,12.72719,0.10201254,39.56101,14.290621
15.58,3.996077,12.765987,0.100869626,39.505943,14.318469
15.59,4.004437,12.804886,0.09973679,39.450836,14.346342
15.6,4.012802,12.843863,0.09861433,39.395695,14.37423
15.61,4.0211735,12.882933,0.097502574,39.3405,14.402133
15.62,4.029551,12.922102,0.09640081,39.285282,14.430061
15.63,4.037936,12.961359,0.09530892,39.230034,14.458003
15.64,4.046327,13.000713,0.09422737,39.174725,14.485969
15.65,4.0547214,13.04015,0.09315582,39.1194,14.513944
15.66,4.0631247,13.079683,0.09209388,39.064022,14.541943
15.67,4.0715322,13.11931,0.09104231,39.008614,14.56996
15.68,4.0799465,13.159023,0.09000031,38.95318,14.597994
15.69,4.088365,13.198832,0.088968314,38.89771,14.626039
15.7,4.0967903,13.238733,0.087945856,38.842186,14.654107
15.71,4.1052227,13.278727,0.08693282,38.786633,14.682192
15.72,4.1136594,13.318813,0.08592949,38.731045,14.710291
15.73,4.1221023,13.358992,0.08493577,38.67543,14.738409
15.74,4.1305494,13.399258,0.08395149,38.61978,14.76654
15.75,4.139003,13.439621,0.082976334,38.564102,14.794691
15.76,4.147463,13.480074,0.082010955,38.508377,14.822858
15.77,4.1559277,13.520622,0.08105436,38.452625,14.851039
15.78,4.164397,13.5612545,0.0801071,38.396847,14.879234
15.79,4.172871,13.601992,0.079168834,38.341015,14.907449
15.8,4.1813536,13.642815,0.07823968,38.28516,14.935679
15.81,4.1898384,13.683729,0.07731942,38.22928,14.9639225
15.82,4.198329,13.724735,0.07640833,38.173374,14.99218
15.83,4.206825,13.765835,0.07550605,38.117428,15.020454
15.84,4.2153263,13.80703,0.07461268,38.06146,15.048744
15.85,4.223832,13.848318,0.073727585,38.005444,15.077049
15.86,4.232344,13.88969,0.072851665,37.94941,15.105365
15.87,4.2408605,13.931164,0.07198414,37.89333,15.133699
15.88,4.2493815,13.972731,0.07112502,37.83724,15.1620455
15.89,4.2579074,14.014385,0.07027452,37.781105,15.190405
15.9,4.266437,14.056128,0.06943242,37.724957,15.218776
15.91,4.274973,14.097969,0.06859889,37.66877,15.247167
15.92,4.2835135,14.139904,0.0677733,37.61256,15.275568
15.93,4.292058,14.181932,0.06695653,37.556313,15.303985
15.94,4.3006077,14.224052,0.066147245,37.50005,15.332411
15.95,4.3091607,14.26626,0.065346375,37.443756,15.360852
15.96,4.31772,14.308563,0.06455367,37.387436,15.389306
15.97,4.326282,14.3509655,0.06376882,37.331074,15.417772
15.98,4.33485,14.393452,0.06299236,37.274704,15.44625
15.99,4.3434215,14.436033,0.062223095,37.218304,15.474742
16.0,4.351995,14.478712,0.06146197,37.161877,15.503247
16.01,4.3605766,14.521482,0.06070844,37.10541,15.531767
16.02,4.3691597,14.564346,0.05996283,37.048946,15.560292
16.03,4.377749,14.6073,0.059224654,36.99244,15.588832
16.04,4.3863406,14.650343,0.05849441,36.93591,15.617384
16.05,4.394937,14.69348,0.05777131,36.879368,15.645943
16.06,4.4035373,14.736715,0.057055995,36.822784,15.674516
16.07,4.412142,14.780037,0.056347683,36.766182,15.703099
16.08,4.42075,14.823458,0.055647194,36.709564,15.731696
16.09,4.4293623,14.866968,0.054953493,36.65292,15.7603
16.1,4.4379787,14.910576,0.054267578,36.59625,15.788922
16.11,4.4465966,14.9542675,0.05358842,36.539566,15.817548
16.12,4.4552217,14.998064,0.052916598,36.482853,15.846186
16.13,4.4638453,15.041933,0.052251678,36.42612,15.874827
16.14,4.472477,15.0859165,0.051593915,36.369366,15.903483
16.15,4.4811096,15.129982,0.050943088,36.312603,15.932154
16.16,4.489748,15.174145,0.050299134,36.255802,15.960832
16.17,4.49839,15.218403,0.04966244,36.19899,15.989518
16.18,4.5070333,15.262751,0.04903194,36.142162,16.018211
16.19,4.5156803,15.307196,0.04840831,36.085308,16.046919
16.2,4.5243316,15.351725,0.04779161,36.028423,16.075634
16.21,4.5329833,15.396343,0.04718134,35.971546,16.10435
16.22,4.54164,15.441067,0.046577647,35.914642,16.133081
16.23,4.5503006,15.485878,0.04598025,35.857704,16.161823
16.24,4.558964,15.530781,0.045389816,35.800762,16.190569
16.25,4.5676293,15.575785,0.044805612,35.7438,16.219326
16.26,4.5762987,15.62088,0.044227663,35.686817,16.248089
16.27,4.5849705,15.666063,0.043656077,35.62982,16.276869
16.28,4.593648,15.711346,0.04309076,35.572823,16.305649
16.29,4.6023235,15.756714,0.042531516,35.515793,16.334433
16.3,4.6110034,15.802172,0.041978505,35.458755,16.363222
16.31,4.619685,15.847727,0.041431468,35.401703,16.392023
16.32,4.6283712,15.893375,0.04089121,35.344627,16.420835
16.33,4.63706,15.939125,0.04035621,35.28753,16.44965
16.34,4.645751,15.984962,0.039827347,35.230442,16.478472
16.35,4.6544437,16.030888,0.039304394,35.173313,16.5073
16.36,4.6631393,16.076914,0.038787264,35.116184,16.536137
16.37,4.6718373,16.123034,0.038276143,35.05905,16.564974
16.38,4.6805367,16.169228,0.03777044,35.001907,16.593819
16.39,4.6892385,16.215532,0.0372709,34.944736,16.622673
16.4,4.6979427,16.261923,0.036776606,34.887558,16.65153
16.41,4.7066507,16.308407,0.036288276,34.830368,16.680395
16.42,4.715361,16.354994,0.035805162,34.773163,16.709267
16.43,4.7240705,16.401663,0.03532744,34.71595,16.738138
16.44,4.7327857,16.448435,0.034855366,34.658722,16.767023
16.45,4.741501,16.495296,0.03438887,34.601486,16.795906
16.46,4.7502165,16.542236,0.033927444,34.54425,16.824793
16.47,4.758934,16.589283,0.033471778,34.487007,16.853687
16.48,4.767656,16.636415,0.033021174,34.429745,16.882587
16.49,4.7763796,16.68366,0.03257563,34.37246,16.911495
16.5,4.785104,16.730982,0.032135196,34.31518,16.940401
16.51,4.79383,16.7784,0.031700194,34.257893,16.969313
16.52,4.8025575,16.825914,0.03127015,34.20059,16.998224
16.53,4.8112874,16.873516,0.03084515,34.14329,17.027147
16.54,4.8200173,16.921213,0.030425292,34.085976,17.056068
16.55,4.828748,16.968988,0.030010264,34.028675,17.084993
16.56,4.8374825,17.01687,0.02960018,33.97134,17.11392
16.57,4.846219,17.064854,0.029194705,33.914,17.142855
16.58,4.854954,17.11292,0.028794253,33.856674,17.171787
16.59,4.8636928,17.161077,0.028398508,33.79932,17.200726
16.6,4.8724318,17.209337,0.028007777,33.741974,17.229666
16.61,4.8811717,17.257687,0.02762121,33.68462,17.258612
16.62,4.8899126,17.306128,0.02723986,33.627266,17.287556
16.63,4.898656,17.354652,0.026862489,33.56991,17.316504
16.64,4.9073987,17.403278,0.026489982,33.512547,17.345448
16.65,4.916143,17.451994,0.026122341,33.45518,17.3744
16.66,4.9248877,17.500814,0.025758404,33.3978,17.403355
16.67,4.9336348,17.549719,0.025399717,33.34042,17.432306
16.68,4.9423804,17.598717,0.025044862,33.283054,17.46126
16.69,4.9511304,17.647812,0.024694493,33.225662,17.490221
16.7,4.959877,17.696991,0.024348231,33.16828,17.519175
16.71,4.9686255,17.74626,0.02400663,33.110912,17.548132
16.72,4.977377,17.795628,0.023669144,33.05353,17.577087
16.73,4.9861264,17.845095,0.02333566,32.996143,17.606043
16.74,4.994878,17.894644,0.023006514,32.938763,17.635002
16.75,5.003629,17.9443,0.02268102,32.88137,17.663963
16.76,5.012382,17.994038,0.022360211,32.823997,17.692923
16.77,5.021133,18.043875,0.022042863,32.766605,17.72188
16.78,5.029886,18.093801,0.02172983,32.70922,17.75084
16.79,5.0386376,18.143816,0.021420885,32.651848,17.779795
16.8,5.0473895,18.19392,0.021115609,32.594475,17.808743
16.81,5.0561433,18.244122,0.020813905,32.5371,17.8377
16.82,5.064898,18.294428,0.020516392,32.479717,17.86666
16.83,5.073651,18.344812,0.020222494,32.422348,17.89561
16.84,5.0824037,18.3953,0.019932285,32.364967,17.924568
16.85,5.0911574,18.445875,0.019646026,32.30761,17.953514
16.86,5.0999107,18.49654,0.019363064,32.250248,17.98246
16.87,5.1086645,18.547306,0.019084211,32.192894,18.01141
16.88,5.1174164,18.598148,0.018808546,32.135544,18.04035
16.89,5.12617,18.649092,0.018536495,32.078194,18.06929
16.9,5.134921,18.700132,0.018268188,32.020855,18.098227
16.91,5.1436734,18.751266,0.018003508,31.963512,18.127163
16.92,5.1524253,18.802492,0.01774179,31.906189,18.156101
16.93,5.161176,18.853811,0.017483145,31.848856,18.18503
16.94,5.1699266,18.90521,0.017228257,31.791536,18.213959
16.95,5.1786776,18.95671,0.016977172,31.734222,18.242884
16.96,5.187425,19.0083,0.016728748,31.676928,18.271801
16.97,5.196174,19.059992,0.016484123,31.619637,18.300713
16.98,5.204922,19.111767,0.01624224,31.562346,18.329626
16.99,5.2136707,19.163641,0.01600376,31.505058,18.358543
17.0,5.222416,19.215612,0.015768418,31.447784,18.387445
17.01,5.231162,19.267668,0.015536333,31.390516,18.416342
17.02,5.2399073,19.319809,0.015306865,31.333271,18.44524
17.03,5.2486506,19.372055,0.015080909,31.276026,18.474136
17.04,5.2573934,19.42439,0.014857692,31.218788,18.503017
17.05,5.266133,19.476805,0.014637957,31.161577,18.531898
17.06,5.2748723,19.529333,0.014420427,31.104357,18.560772
17.07,5.283612,19.581932,0.014206223,31.047163,18.589643
17.08,5.29235,19.634644,0.013994865,30.989965,18.618507
17.09,5.3010864,19.687439,0.013786485,30.932783,18.647366
17.1,5.3098226,19.740334,0.013580899,30.875614,18.676218
17.11,5.3185554,19.793308,0.013377627,30.81846,18.705067
17.12,5.3272867,19.84638,0.0131777385,30.76132,18.733902
17.13,5.3360147,19.899536,0.012980059,30.704197,18.762733
17.14,5.344744,19.952795,0.012785181,30.647085,18.79156
17.15,5.3534718,20.006144,0.012593336,30.589985,18.82038
17.16,5.3621955,20.059587,0.012403583,30.532894,18.849194
17.17,5.3709216,20.113125,0.012216598,30.475815,18.878002
17.18,5.379642,20.166748,0.012032462,30.418758,18.906801
17.19,5.3883615,20.22047,0.011850799,30.361712,18.935596
17.2,5.3970804,20.274282,0.011671109,30.304678,18.96438
17.21,5.4057937,20.328176,0.011494249,30.247675,18.993153
17.22,5.414509,20.382168,0.0113196,30.190676,19.021915
17.23,5.4232206,20.436266,0.011147648,30.133692,19.050682
17.24,5.431929,20.490442,0.010978164,30.076729,19.07943
17.25,5.440636,20.54471,0.010810982,30.01978,19.108173
17.26,5.4493413,20.599073,0.010646048,29.962843,19.136908
17.27,5.4580445,20.653536,0.010483041,29.90593,19.165636
17.28,5.4667435,20.70808,0.010322526,29.849037,19.194345
17.29,5.475441,20.762718,0.0101646595,29.792158,19.223055
17.3,5.4841347,20.817444,0.010008352,29.735308,19.25175
17.31,5.492827,20.872265,0.009854879,29.678473,19.280437
17.32,5.5015163,20.927183,0.009703178,29.62165,19.30912
17.33,5.5102043,20.982193,0.009553829,29.564848,19.337784
17.34,5.5188875,21.037298,0.009406222,29.508064,19.36644
17.35,5.52757,21.092487,0.009260805,29.451302,19.395088
17.36,5.5362477,21.147776,0.0091171935,29.394556,19.423729
17.37,5.544924,21.203148,0.008976355,29.337841,19.45236
17.38,5.5535946,21.258602,0.008836881,29.281147,19.480967
17.39,5.5622635,21.314169,0.008699492,29.224464,19.509571
17.4,5.5709305,21.369816,0.008564324,29.167807,19.538164
17.41,5.579592,21.42556,0.008430693,29.111177,19.566746
17.42,5.5882525,21.481398,0.00829889,29.05456,19.595318
17.43,5.5969095,21.537317,0.008169607,28.99797,19.62388
17.44,5.605563,21.593344,0.008041614,28.9414,19.652431
17.45,5.6142144,21.649456,0.007915364,28.884855,19.680965
17.46,5.6228576,21.705647,0.0077911923,28.828348,19.709478
17.47,5.631501,21.76194,0.007668511,28.77185,19.737997
17.48,5.640139,21.818323,0.0075476984,28.71538,19.766495
17.49,5.648775,21.87481,0.0074288584,28.658928,19.794981
17.5,5.657406,21.931376,0.0073118918,28.602507,19.823456
17.51,5.6660337,21.988035,0.0071959086,28.546104,19.851912
17.52,5.6746593,22.044785,0.007082061,28.489742,19.88036
17.53,5.6832786,22.10163,0.006969745,28.43339,19.908802
17.54,5.6918945,22.15857,0.00685895,28.377062,19.937218
17.55,5.7005057,22.21558,0.0067499466,28.32078,19.96562
17.56,5.709114,22.272697,0.0066419058,28.264511,19.994017
17.57,5.7177196,22.329908,0.006535941,28.208263,20.022394
17.58,5.72632,22.387215,0.006431689,28.152054,20.050762
17.59,5.734915,22.44461,0.006328646,28.095861,20.079113
17.6,5.743506,22.50209,0.0062271873,28.03971,20.10745
17.61,5.752093,22.559666,0.0061271973,27.98358,20.135775
17.62,5.7606754,22.617338,0.0060285367,27.927471,20.164083
17.63,5.7692533,22.675085,0.0059312563,27.8714,20.192373
17.64,5.7778254,22.732931,0.0058353376,27.815361,20.220646
17.65,5.7863946,22.79087,0.005740691,27.75934,20.248915
17.66,5.7949605,22.848906,0.0056481995,27.703356,20.277159
17.67,5.803519,22.907022,0.005556396,27.647402,20.305391
17.68,5.8120737,22.965235,0.005465747,27.591476,20.33361
17.69,5.8206267,23.023542,0.00537684,27.535574,20.36181
17.7,5.8291717,23.081942,0.00528921,27.47971,20.39
17.71,5.8377113,23.140411,0.0052029276,27.42388,20.418161
17.72,5.846247,23.198992,0.0051177386,27.368082,20.446316
17.73,5.854778,23.257662,0.005033628,27.312305,20.474453
17.74,5.863302,23.316418,0.0049509387,27.256561,20.502567
17.75,5.8718233,23.37526,0.0048693065,27.200857,20.530672
17.76,5.8803396,23.434198,0.0047889818,27.145178,20.55876
17.77,5.888849,23.493227,0.004710147,27.089542,20.586832
17.78,5.8973556,23.552359,0.0046318816,27.033926,20.614885
17.79,5.9058537,23.611568,0.004554984,26.978352,20.64292
17.8,5.914347,23.670849,0.004479194,26.922823,20.670929
17.81,5.9228344,23.73024,0.0044048363,26.867315,20.698925
17.82,5.9313197,23.789722,0.0043311855,26.811842,20.726917
17.83,5.9397974,23.8493,0.004258684,26.756395,20.754879
17.84,5.9482703,23.90896,0.0041873576,26.700993,20.782825
17.85,5.956738,23.968708,0.004116686,26.645622,20.810757
17.86,5.9652004,24.028553,0.0040476313,26.590286,20.838665
17.87,5.973655,24.088472,0.003979414,26.534985,20.866556
17.88,5.982104,24.148485,0.003911797,26.479736,20.89442
17.89,5.990549,24.2086,0.003845594,26.424511,20.92228
17.9,5.998987,24.268795,0.0037803417,26.369322,20.950113
17.91,6.007419,24.329086,0.0037156614,26.314167,20.977932
17.92,6.0158453,24.38946,0.0036527878,26.259052,21.005726
17.93,6.024266,24.449928,0.0035900986,26.203972,21.033503
17.94,6.032681,24.510483,0.0035288082,26.14893,21.06126
17.95,6.0410886,24.57113,0.0034678392,26.09393,21.089003
17.96,6.049491,24.631851,0.0034084637,26.038975,21.116714
17.97,6.0578866,24.692675,0.003349415,25.98405,21.144417
17.98,6.066277,24.753592,0.0032913433,25.929161,21.172098
17.99,6.074662,24.814585,0.003234542,25.874321,21.199753
18.0,6.0830383,24.87567,0.0031781737,25.819513,21.227392
18.01,6.0914097,24.93685,0.0031224973,25.764742,21.255013
18.02,6.099774,24.99812,0.003067947,25.710018,21.282606
18.03,6.1081333,25.059473,0.0030141044,25.655333,21.310179
18.04,6.1164856,25.12091,0.0029610582,25.600693,21.337738
18.05,6.1248293,25.182436,0.002908919,25.546093,21.365269
18.06,6.1331677,25.244047,0.002857577,25.49153,21.392776
18.07,6.1415005,25.305746,0.0028068414,25.437017,21.420273
18.08,6.1498275,25.367544,0.0027571395,25.38253,21.447744
18.09,6.158146,25.429428,0.0027080625,25.328098,21.475187
18.1,6.1664586,25.491396,0.0026597595,25.273699,21.502619
18.11,6.1747646,25.553446,0.002611842,25.219347,21.530027
18.12,6.183064,25.615587,0.00256469,25.165041,21.557404
18.13,6.1913548,25.677805,0.0025185868,25.11079,21.584764
18.14,6.199641,25.74013,0.0024732454,25.056564,21.6121
18.15,6.20792,25.802528,0.00242801,25.00239,21.639421
18.16,6.216192,25.865019,0.002383939,24.94826,21.666708
18.17,6.2244573,25.927588,0.0023403158,24.894175,21.693983
18.18,6.232714,25.990261,0.0022972403,24.840134,21.72123
18.19,6.240965,26.053,0.0022551091,24.786137,21.748451
18.2,6.249207,26.115831,0.0022137435,24.732187,21.775656
18.21,6.2574434,26.17875,0.0021726312,24.678293,21.802834
18.22,6.265673,26.24175,0.0021322547,24.624434,21.829985
18.23,6.2738957,26.30485,0.0020923791,24.570621,21.857117
18.24,6.282111,26.368029,0.0020532906,24.516848,21.884226
18.25,6.2903185,26.431288,0.002014893,24.463139,21.911308
18.26,6.2985187,26.494635,0.001976992,24.409468,21.938368
18.27,6.30671,26.558071,0.0019394783,24.355844,21.965405
18.28,6.314896,26.621586,0.0019030152,24.302273,21.992414
18.29,6.3230753,26.685183,0.001866594,24.248749,22.019407
18.3,6.331243,26.748861,0.0018308461,24.195274,22.046358
18.31,6.339408,26.812643,0.0017955825,24.141848,22.073305
18.32,6.347564,26.876497,0.0017612819,24.088467,22.100216
18.33,6.355711,26.940434,0.0017270567,24.035143,22.127098
18.34,6.363853,27.00446,0.00169372,23.981857,22.153963
18.35,6.371986,27.06857,0.0016608927,23.928623,22.180803
18.36,6.380111,27.132769,0.0016281828,23.875444,22.207615
18.37,6.3882294,27.197044,0.0015962515,23.822317,22.234402
18.38,6.396339,27.261383,0.0015646592,23.769247,22.261162
18.39,6.404441,27.325832,0.0015334263,23.716223,22.287893
18.4,6.4125347,27.390358,0.0015034033,23.663244,22.314608
18.41,6.4206214,27.454977,0.0014729705,23.610325,22.341297
18.42,6.428701,27.519667,0.0014433619,23.55745,22.36795
18.43,6.436771,27.58444,0.0014141826,23.504631,22.394583
18.44,6.444835,27.649303,0.0013855603,23.451866,22.421194
18.45,6.45289,27.714247,0.0013571884,23.399147,22.447767
18.46,6.460936,27.779251,0.0013297545,23.3465,22.474321
18.47,6.4689746,27.844364,0.0013023848,23.29389,22.500843
18.48,6.477007,27.909555,0.0012755599,23.241335,22.52735
18.49,6.485027,27.974825,0.001249102,23.188837,22.553816
18.5,6.4930425,28.040178,0.0012231674,23.136393,22.580261
18.51,6.50105,28.105616,0.0011971844,23.084,22.606684
18.52,6.5090466,28.171133,0.0011725063,23.031668,22.633074
18.53,6.5170374,28.236727,0.0011474295,22.979382,22.659437
18.54,6.5250187,28.30241,0.0011232551,22.927153,22.685774
18.55,6.53299,28.368162,0.0010996172,22.87499,22.71208
18.56,6.5409575,28.43401,0.0010756487,22.822874,22.738356
18.57,6.548912,28.499928,0.0010521961,22.770819,22.764612
18.58,6.556861,28.565931,0.0010295315,22.718824,22.790836
18.59,6.5648017,28.632017,0.0010074032,22.66687,22.817032
18.6,6.5727324,28.69818,0.0009856625,22.614983,22.843206
18.61,6.5806556,28.764433,0.00096312445,22.563148,22.869345
18.62,6.5885687,28.83076,0.0009421911,22.511372,22.895454
18.63,6.5964746,28.89716,0.0009211963,22.45966,22.921537
18.64,6.604371,28.96364,0.0009005768,22.408,22.947584
18.65,6.61226,29.030214,0.00088014733,22.356396,22.973616
18.66,6.620141,29.096869,0.00086032506,22.30485,22.99961
18.67,6.628011,29.163597,0.00084052887,22.25336,23.025578
18.68,6.6358743,29.230404,0.00082154386,22.201937,23.051516
18.69,6.6437287,29.297289,0.00080264546,22.150558,23.077429
18.7,6.6515737,29.36426,0.0007836241,22.099253,23.103312
18.71,6.6594076,29.431288,0.0007657446,22.048018,23.129154
18.72,6.667234,29.498417,0.00074783154,21.99682,23.154976
18.73,6.675052,29.565622,0.0007300321,21.945698,23.180765
18.74,6.6828613,29.632904,0.0007128827,21.894611,23.206528
18.75,6.690661,29.700268,0.000695752,21.843609,23.232262
18.76,6.6984525,29.767714,0.00067914464,21.792654,23.257961
18.77,6.706236,29.835238,0.0006625913,21.741758,23.28363
18.78,6.7140083,29.90284,0.00064662006,21.690928,23.30927
18.79,6.7217712,29.970509,0.0006308267,21.640158,23.33488
18.8,6.729524,30.038258,0.0006155232,21.589462,23.360464
18.81,6.73727,30.106096,0.0006000735,21.538807,23.38601
18.82,6.745008,30.174013,0.0005851276,21.488224,23.41153
18.83,6.752734,30.241995,0.0005705571,21.437706,23.43701
18.84,6.760454,30.31008,0.0005561104,21.387228,23.46248
18.85,6.7681613,30.378227,0.0005422868,21.336828,23.487902
18.86,6.7758594,30.446451,0.00052820984,21.286499,23.513294
18.87,6.78355,30.514755,0.00051430706,21.236217,23.538658
18.88,6.7912297,30.583126,0.00050107855,21.186008,23.563982
18.89,6.798899,30.651583,0.0004885467,21.135855,23.589285
18.9,6.806563,30.720125,0.00047566835,21.085766,23.614555
18.91,6.8142138,30.788744,0.00046285614,21.035748,23.63979
18.92,6.821857,30.85744,0.00045061577,20.985779,23.664995
18.93,6.8294888,30.926208,0.00043846574,20.935877,23.690168
18.94,6.837112,30.995052,0.00042668637,20.886047,23.715311
18.95,6.844724,31.063984,0.00041516777,20.836271,23.740423
18.96,6.852328,31.132977,0.00040387549,20.786573,23.765495
18.97,6.8599224,31.202053,0.00039239414,20.736929,23.790543
18.98,6.8675065,31.271212,0.0003817398,20.687346,23.815552
18.99,6.875081,31.340437,0.0003714431,20.63783,23.840534
19.0,6.8826456,31.409754,0.00036073476,20.588379,23.865488
19.01,6.890202,31.479134,0.0003509065,20.53899,23.8904
19.02,6.8977475,31.548595,0.00034107268,20.48967,23.915283
19.03,6.905282,31.618147,0.00033118948,20.440403,23.940136
19.04,6.912808,31.687756,0.00032150373,20.391212,23.964952
19.05,6.9203205,31.757435,0.00031191017,20.342094,23.989727
19.06,6.927828,31.827211,0.00030312873,20.293028,24.014488
19.07,6.935323,31.897057,0.00029392913,20.244034,24.0392
19.08,6.9428086,31.966976,0.0002853768,20.195103,24.063883
19.09,6.950285,32.036972,0.0002769502,20.14623,24.088535
19.1,6.9577484,32.107048,0.00026855618,20.09743,24.113153
19.11,6.965205,32.1772,0.00026059523,20.048697,24.137733
19.12,6.97265,32.24743,0.00025264826,20.000023,24.16229
19.13,6.980084,32.31772,0.00024453085,19.951433,24.186796
19.14,6.987508,32.38809,0.00023694336,19.9029,24.211285
19.15,6.9949226,32.458538,0.00022976752,19.854425,24.235733
19.16,7.002325,32.529064,0.00022229832,19.806026,24.260141
19.17,7.009719,32.59967,0.00021528918,19.75769,24.284527
19.18,7.017102,32.67035,0.0002084449,19.709415,24.30887
19.19,7.024474,32.741104,0.00020148326,19.661217,24.333181
19.2,7.031837,32.811924,0.00019489508,19.613083,24.35746
19.21,7.0391903,32.88282,0.00018844474,19.565016,24.381704
19.22,7.0465307,32.953793,0.00018244237,19.517017,24.405909
19.23,7.0538626,33.024853,0.00017597806,19.469082,24.430084
19.24,7.0611815,33.095978,0.00016980339,19.421217,24.454224
19.25,7.0684934,33.167183,0.00016436167,19.373425,24.478327
19.26,7.0757933,33.238457,0.00015856326,19.32569,24.5024
19.27,7.0830812,33.30981,0.0001531262,19.27803,24.526436
19.28,7.090361,33.381237,0.00014728773,19.230436,24.550432
19.29,7.09763,33.452744,0.00014196336,19.182907,24.574404
19.3,7.1048856,33.524296,0.00013672281,19.13546,24.598324
19.31,7.1121325,33.59594,0.00013175327,19.088066,24.622215
19.32,7.1193686,33.66766,0.00012715347,19.040752,24.646072
19.33,7.126595,33.739464,0.00012218673,18.993494,24.6699
19.34,7.133808,33.811333,0.000117157586,18.946308,24.693686
19.35,7.1410117,33.883274,0.000113086775,18.899199,24.71744
19.36,7.148205,33.955288,0.00010844786,18.852146,24.741154
19.37,7.1553874,34.02738,0.000103903934,18.805176,24.76484
19.38,7.1625586,34.099533,9.94904e-05,18.758268,24.788479
19.39,7.169719,34.17176,9.4940886e-05,18.711435,24.812088
19.4,7.176868,34.24407,9.1183e-05,18.664663,24.835659
19.41,7.184008,34.31645,8.695852e-05,18.617964,24.859196
19.42,7.1911364,34.38891,8.3181076e-05,18.571337,24.882694
19.43,7.198253,34.461433,7.9448335e-05,18.524775,24.906166
19.44,7.2053576,34.534027,7.552933e-05,18.478294,24.929592
19.45,7.2124524,34.6067,7.2139315e-05,18.43187,24.952986
19.46,7.2195363,34.679436,6.804615e-05,18.38553,24.976337
19.47,7.22661,34.752247,6.452482e-05,18.33925,24.999659
19.48,7.23367,34.82514,6.133132e-05,18.293043,25.022943
19.49,7.2407236,34.8981,5.7712197e-05,18.246902,25.046188
19.5,7.2477627,34.971134,5.434081e-05,18.200836,25.069397
19.51,7.254792,35.044243,5.0902367e-05,18.15484,25.092573
19.52,7.26181,35.11741,4.763156e-05,18.108915,25.11571
19.53,7.268816,35.190666,4.453212e-05,18.063059,25.13881
19.54,7.275812,35.263985,4.1358173e-05,18.017279,25.161871
19.55,7.282795,35.337345,3.823731e-05,17.971579,25.184896
19.56,7.2897687,35.4108,3.5000965e-05,17.925932,25.207876
19.57,7.2967296,35.48434,3.165845e-05,17.880363,25.230837
19.58,7.3036833,35.55796,2.8946437e-05,17.834858,25.253756
19.59,7.3106217,35.631626,2.602581e-05,17.789436,25.276634
19.6,7.317552,35.70537,2.3120083e-05,17.744081,25.299465
19.61,7.32447,35.779182,1.9876286e-05,17.698801,25.322277
19.62,7.3313756,35.853065,1.701247e-05,17.653585,25.345045
19.63,7.3382697,35.927013,1.4216639e-05,17.608452,25.36777
19.64,7.3451524,36.001038,1.1335127e-05,17.56339,25.39046
19.65,7.3520255,36.075123,8.459203e-06,17.518396,25.413116
19.66,7.3588867,36.149284,5.918555e-06,17.473478,25.43573
19.67,7.365738,36.22354,3.0165538e-06,17.42862,25.458317
19.68,7.372576,36.297832,6.025657e-07,17.383842,25.480858
19.69,7.3794026,36.372204,-2.4149194e-06,17.339144,25.50336
19.7,7.3862185,36.446644,-5.3728e-06,17.29451,25.52583
19.71,7.393023,36.52115,-7.838942e-06,17.249956,25.548258
19.72,7.399816,36.595737,-1.0845251e-05,17.20547,25.570656
19.73,7.406598,36.670372,-1.3449229e-05,17.161066,25.593006
19.74,7.4133697,36.745102,-1.6216189e-05,17.116722,25.615322
19.75,7.420129,36.819893,-1.8980354e-05,17.072458,25.6376
19.76,7.426876,36.894753,-2.1844171e-05,17.028267,25.659842
19.77,7.433612,36.96967,-2.4712645e-05,16.984148,25.68205
19.78,7.4403377,37.04466,-2.7302653e-05,16.940105,25.704216
19.79,7.4470506,37.119724,-3.025122e-05,16.896132,25.726337
19.8,7.4537506,37.194836,-3.2774173e-05,16.852245,25.748434
19.81,7.4604435,37.270027,-3.5677105e-05,16.808428,25.770485
19.82,7.467124,37.345303,-3.8239174e-05,16.764671,25.792505
19.83,7.4737897,37.420628,-4.0916726e-05,16.721004,25.814478
19.84,7.4804463,37.49602,-4.366692e-05,16.677404,25.836414
19.85,7.487091,37.57149,-4.6333298e-05,16.633879,25.858313
19.86,7.493725,37.647038,-4.9253926e-05,16.590427,25.880177
19.87,7.5003457,37.72263,-5.2190386e-05,16.54705,25.902002
19.88,7.506955,37.798283,-5.439762e-05,16.503761,25.923782
19.89,7.5135555,37.874016,-5.766563e-05,16.46053,25.945536
19.9,7.520143,37.949818,-6.0359947e-05,16.417377,25.96725
19.91,7.5267186,38.02569,-6.3055195e-05,16.3743,25.98892
19.92,7.5332823,38.101604,-6.5737404e-05,16.331303,26.010557
19.93,7.539834,38.177624,-6.860867e-05,16.288374,26.032158
19.94,7.5463753,38.253677,-7.129833e-05,16.245523,26.05371
19.95,7.552906,38.329807,-7.444993e-05,16.202751,26.075232
19.96,7.5594225,38.405994,-7.6947734e-05,16.160055,26.096712
19.97,7.5659275,38.482254,-7.998571e-05,16.117434,26.118158
19.98,7.572421,38.558575,-8.2787126e-05,16.074886,26.139566
19.99,7.5789046,38.634975,-8.533895e-05,16.032406,26.16093
20.0,7.585376,38.711422,-8.8237226e-05,15.990015,26.182257
20.01,7.591836,38.787956,-9.1101974e-05,15.947695,26.20354
20.02,7.598284,38.864544,-9.358674e-05,15.905447,26.2248
20.03,7.6047196,38.941177,-9.62792e-05,15.863281,26.246014
20.04,7.611144,39.017902,-9.897631e-05,15.821189,26.26719
20.05,7.6175575,39.094673,-0.00010185968,15.779178,26.28833
20.06,7.623959,39.171516,-0.00010434445,15.737235,26.309427
20.07,7.6303473,39.248425,-0.00010693073,15.695372,26.33048
20.08,7.6367264,39.325397,-0.0001094779,15.653586,26.351503
20.09,7.643091,39.40244,-0.000112171285,15.611877,26.372486
20.1,7.649447,39.47953,-0.00011506118,15.570243,26.393433
20.11,7.6557894,39.556686,-0.00011722278,15.528685,26.41434
20.12,7.662121,39.63392,-0.000119811855,15.487203,26.435211
20.13,7.668439,39.711185,-0.00012268592,15.44581,26.45604
20.14,7.674747,39.788548,-0.00012517441,15.404481,26.47684
20.15,7.6810417,39.865955,-0.00012738723,15.363234,26.497581
20.16,7.687325,39.943428,-0.00012966245,15.3220625,26.518303
20.17,7.6935987,40.02098,-0.00013181008,15.280964,26.538973
20.18,7.699858,40.098583,-0.00013417471,15.239945,26.559618
20.19,7.706108,40.176247,-0.00013606437,15.199004,26.580215
20.2,7.7123456,40.25398,-0.00013871118,15.158141,26.600767
20.21,7.7185683,40.331753,-0.00014099851,15.117364,26.621298
20.22,7.72478,40.4096,-0.00014293939,15.076657,26.641775
20.23,7.7309794,40.487507,-0.0001447238,15.036026,26.662226
20.24,7.73717,40.565487,-0.00014662743,14.99547,26.68264
20.25,7.74335,40.64352,-0.00014872476,14.954996,26.703007
20.26,7.7495136,40.72162,-0.00015079882,14.9146,26.723333
20.27,7.755669,40.799786,-0.00015250221,14.874279,26.743622
20.28,7.7618093,40.878,-0.00015383586,14.834037,26.763882
20.29,7.7679415,40.95628,-0.00015591457,14.793869,26.784092
20.3,7.77406,41.03461,-0.00015755184,14.753791,26.804266
20.31,7.780165,41.113014,-0.00015909411,14.7137785,26.824396
20.32,7.786257,41.191467,-0.00016048457,14.673854,26.844494
20.33,7.7923408,41.26998,-0.00016165432,14.634,26.864557
20.34,7.79841,41.348583,-0.00016269926,14.594223,26.88458
20.35,7.804469,41.42723,-0.00016416796,14.554529,26.904556
20.36,7.810516,41.505928,-0.00016488321,14.514908,26.924507
20.37,7.81655,41.584682,-0.00016623084,14.47537,26.944405
20.38,7.8225703,41.663498,-0.00016727671,14.435912,26.964266
20.39,7.8285823,41.742374,-0.00016803667,14.396525,26.984097
20.4,7.83458,41.821316,-0.00016887859,14.35722,27.003887
20.41,7.840568,41.900326,-0.00016970094,14.31799,27.023634
20.42,7.846543,41.979378,-0.00017038826,14.278841,27.043346
20.43,7.8525033,42.0585,-0.00017056987,14.239769,27.063019
20.44,7.858454,42.137676,-0.00017106906,14.200772,27.082655
20.45,7.864392,42.21692,-0.0001715459,14.161858,27.10225
20.46,7.8703184,42.2962,-0.00017174613,14.123028,27.1218
20.47,7.8762336,42.37556,-0.00017212983,14.084264,27.141317
20.48,7.8821344,42.45496,-0.00017191283,14.045584,27.160799
20.49,7.888025,42.53444,-0.00017182622,14.00698,27.180233
20.5,7.893902,42.61397,-0.00017190073,13.968458,27.199636
20.51,7.8997693,42.69355,-0.0001715729,13.930007,27.218998
20.52,7.905622,42.773205,-0.00017083716,13.891639,27.238317
20.53,7.911465,42.8529,-0.00017114356,13.853347,27.257599
20.54,7.9172926,42.932663,-0.00017066672,13.815135,27.27685
20.55,7.923111,43.012474,-0.00017034356,13.777004,27.296055
20.56,7.9289174,43.092346,-0.00016937777,13.738951,27.315214
20.57,7.93471,43.172287,-0.00016909465,13.70097,27.334347
20.58,7.9404893,43.25227,-0.00016809255,13.663074,27.353432
20.59,7.946258,43.332314,-0.00016729161,13.625249,27.37248
20.6,7.9520154,43.412426,-0.00016638637,13.587506,27.391495
20.61,7.9577603,43.49259,-0.00016536564,13.549839,27.41047
20.62,7.9634924,43.572823,-0.00016403943,13.512248,27.4294
20.63,7.969211,43.653076,-0.00016292743,13.474744,27.448288
20.64,7.9749207,43.733414,-0.0001619989,13.437313,27.46714
20.65,7.9806185,43.813805,-0.00016050879,13.399957,27.485956
20.66,7.986302,43.894253,-0.00015957933,13.362679,27.50474
20.67,7.9919724,43.974766,-0.00015789829,13.325479,27.52348
20.68,7.9976325,44.055313,-0.00015656743,13.288359,27.542171
20.69,8.003281,44.13595,-0.0001551481,13.251315,27.560833
20.7,8.008915,44.21661,-0.00015358627,13.214346,27.579454
20.71,8.014537,44.297325,-0.00015189964,13.177469,27.598028
20.72,8.020147,44.378105,-0.00015057903,13.140658,27.616577
20.73,8.025747,44.458958,-0.00014850777,13.103923,27.635073
20.74,8.031336,44.539856,-0.00014681369,13.0672655,27.65354
20.75,8.036909,44.620808,-0.00014552474,13.0306835,27.671967
20.76,8.042472,44.701817,-0.00014367606,12.994186,27.69035
20.77,8.048021,44.782875,-0.00014175009,12.957763,27.708694
20.78,8.05356,44.864006,-0.00014004018,12.921417,27.726995
20.79,8.059085,44.945187,-0.00013812166,12.885144,27.745274
20.8,8.064599,45.026382,-0.00013622083,12.848962,27.763494
20.81,8.070099,45.107677,-0.0001344746,12.812846,27.781687
20.82,8.075588,45.18902,-0.00013281591,12.776807,27.799833
20.83,8.081067,45.27043,-0.00013055652,12.740843,27.81795
20.84,8.086532,45.351883,-0.0001288876,12.70496,27.83602
20.85,8.091984,45.433384,-0.00012716278,12.669154,27.854053
20.86,8.0974245,45.514954,-0.0001251772,12.633419,27.872046
20.87,8.102854,45.596577,-0.00012343843,12.597768,27.890005
20.88,8.10827,45.67822,-0.00012169406,12.562196,27.907911
20.89,8.113674,45.759956,-0.00011984259,12.526696,27.925783
20.9,8.119067,45.841724,-0.000118220225,12.491271,27.943628
20.91,8.12445,45.923573,-0.00011673756,12.45592,27.961428
20.92,8.129815,46.005455,-0.000114608556,12.420649,27.979181
20.93,8.135171,46.0874,-0.00011312682,12.385458,27.996897
20.94,8.140516,46.16939,-0.00011184532,12.350332,28.014584
20.95,8.145847,46.251446,-0.00011000503,12.315291,28.032225
20.96,8.151166,46.33355,-0.00010851119,12.280328,28.049824
20.97,8.156474,46.41571,-0.000107080676,12.2454405,28.067389
20.98,8.161772,46.497906,-0.000105903484,12.210626,28.084908
20.99,8.167055,46.580177,-0.00010446552,12.175885,28.102396
21.0,8.172325,46.662506,-0.000103347935,12.141221,28.119844
21.01,8.177587,46.744877,-0.00010206178,12.106632,28.137255
21.02,8.182833,46.827297,-0.00010083802,12.0721245,28.154621
21.03,8.188068,46.909786,-9.9854544e-05,12.037689,28.171957
21.04,8.193294,46.992332,-9.871833e-05,12.003325,28.189243
21.05,8.198504,47.0749,-9.7863376e-05,11.969048,28.206491
21.06,8.203704,47.157536,-9.7186305e-05,11.934841,28.2237
21.07,8.208893,47.24024,-9.595696e-05,11.900706,28.240871
21.08,8.214068,47.322983,-9.5897354e-05,11.866644,28.258009
21.09,8.219232,47.405766,-9.5052645e-05,11.832664,28.275103
21.1,8.224382,47.48862,-9.45339e-05,11.798757,28.292152
21.11,8.229523,47.571537,-9.4481744e-05,11.764921,28.309181
21.12,8.2346525,47.654484,-9.4052404e-05,11.731164,28.32616
21.13,8.239766,47.737476,-9.372551e-05,11.697489,28.343102
21.14,8.244871,47.82053,-9.374041e-05,11.663885,28.359999
21.15,8.249964,47.903637,-9.36389e-05,11.630348,28.376862
21.16,8.255043,47.986794,-9.3890354e-05,11.596891,28.393682
21.17,8.260112,48.07002,-9.3905255e-05,11.563509,28.410467
21.18,8.265167,48.15328,-9.421073e-05,11.530204,28.42721
21.19,8.270213,48.236595,-9.4587915e-05,11.496971,28.443924
21.2,8.275249,48.319954,-9.4940886e-05,11.463813,28.46059
21.21,8.28027,48.40336,-9.552855e-05,11.430737,28.477224
21.22,8.285277,48.48682,-9.630062e-05,11.397727,28.493809
21.23,8.2902775,48.57034,-9.679515e-05,11.364795,28.510368
21.24,8.295262,48.653908,-9.773951e-05,11.331935,28.526882
21.25,8.300237,48.737537,-9.899493e-05,11.299149,28.54336
21.26,8.305199,48.82119,-9.995606e-05,11.26644,28.559795
21.27,8.310149,48.90491,-0.00010104757,11.2338085,28.576195
21.28,8.315085,48.98867,-0.00010187086,11.201245,28.592556
21.29,8.320013,49.07249,-0.000103517435,11.168757,28.608883
21.3,8.324927,49.156334,-0.00010521896,11.1363535,28.625168
21.31,8.329833,49.24025,-0.00010610279,11.104014,28.641417
21.32,8.334723,49.324207,-0.000107854605,11.071751,28.657623
21.33,8.339606,49.40822,-0.00010986999,11.039561,28.673784
21.34,8.344472,49.492275,-0.00011130143,11.007444,28.689924
21.35,8.349328,49.576378,-0.00011360273,10.975409,28.706015
21.36,8.354174,49.660538,-0.00011511147,10.943443,28.72207
21.37,8.359008,49.74474,-0.00011704769,10.911551,28.738089
21.38,8.363828,49.828968,-0.000118664466,10.879742,28.754065
21.39,8.36864,49.913284,-0.00012081675,10.847996,28.770008
21.4,8.373436,49.9976,-0.0001235297,10.816331,28.785908
21.41,8.378225,50.08199,-0.00012555812,10.784733,28.801775
21.42,8.382998,50.166428,-0.00012791343,10.753211,28.817604
21.43,8.387762,50.250904,-0.00013007596,10.721766,28.83339
21.44,8.392514,50.335426,-0.00013308134,10.690396,28.849144
21.45,8.397254,50.42001,-0.00013517216,10.659096,28.864857
21.46,8.401982,50.504612,-0.00013780966,10.627879,28.880535
21.47,8.406699,50.589268,-0.00014033541,10.596729,28.896172
21.48,8.411405,50.673985,-0.0001426693,10.565655,28.911776
21.49,8.416097,50.75874,-0.0001453748,10.534653,28.927336
21.5,8.420781,50.843548,-0.00014847051,10.503724,28.942863
21.51,8.425451,50.928387,-0.00015097484,10.47287,28.958344
21.52,8.43011,51.013275,-0.00015360955,10.44209,28.973795
21.53,8.434756,51.098206,-0.00015653763,10.411383,28.989214
21.54,8.439393,51.18318,-0.00015922263,10.380751,29.004587
21.55,8.4440155,51.268192,-0.00016227365,10.350199,29.019918
21.56,8.448627,51.35326,-0.00016468391,10.319716,29.035221
21.57,8.45323,51.438362,-0.00016750954,10.289306,29.050484
21.58,8.457821,51.523533,-0.00017046276,10.2589655,29.065712
21.59,8.462397,51.60872,-0.00017307792,10.228703,29.0809
21.6,8.466964,51.69396,-0.00017639808,10.198515,29.096045
21.61,8.471518,51.779232,-0.00017857272,10.168396,29.111166
21.62,8.476064,51.864555,-0.00018140767,10.138352,29.126245
21.63,8.480597,51.949905,-0.0001844475,10.108391,29.141287
21.64,8.485112,52.035313,-0.00018700212,10.078494,29.156294
21.65,8.489623,52.12077,-0.00018994324,10.048671,29.171257
21.66,8.494119,52.206264,-0.00019233488,10.018921,29.1862
21.67,8.498609,52.291794,-0.00019509532,9.9892435,29.201088
21.68,8.503085,52.377365,-0.00019775145,9.9596405,29.21594
21.69,8.507545,52.462986,-0.00020008255,9.930114,29.230757
21.7,8.511998,52.54865,-0.00020286627,9.900655,29.245539
21.71,8.516439,52.634342,-0.00020495988,9.871277,29.260286
21.72,8.520869,52.720074,-0.00020762626,9.841962,29.275003
21.73,8.525286,52.805862,-0.00020959508,9.812727,29.289677
21.74,8.529694,52.89168,-0.00021202769,9.783564,29.304312
21.75,8.534087,52.977566,-0.00021464657,9.754465,29.318916
21.76,8.538472,53.06346,-0.00021657255,9.725443,29.33349
21.77,8.542845,53.149418,-0.00021888968,9.696496,29.34802
21.78,8.547208,53.235397,-0.00022093393,9.667623,29.362516
21.79,8.551556,53.321434,-0.00022258982,9.63882,29.376968
21.8,8.555894,53.407486,-0.00022465829,9.610096,29.391392
21.81,8.560224,53.49361,-0.00022646692,9.581435,29.405773
21.82,8.564538,53.579754,-0.00022810325,9.552846,29.420124
21.83,8.568845,53.66595,-0.00023023691,9.524328,29.434446
21.84,8.573137,53.752193,-0.00023161154,9.495886,29.448725
21.85,8.577418,53.838463,-0.00023310166,9.467513,29.462967
21.86,8.58169,53.924786,-0.00023457501,9.439214,29.477182
21.87,8.58595,54.011143,-0.00023571495,9.410984,29.491354
21.88,8.590199,54.09753,-0.00023705605,9.38283,29.505486
21.89,8.5944395,54.183968,-0.0002382882,9.354745,29.519592
21.9,8.598666,54.270443,-0.00023895036,9.32673,29.533659
21.91,8.602882,54.356964,-0.00024011545,9.298787,29.547691
21.92,8.607087,54.443527,-0.00024109147,9.270913,29.561687
21.93,8.6112795,54.530117,-0.000242115,9.243105,29.575651
21.94,8.615462,54.616764,-0.00024243537,9.215375,29.589577
21.95,8.619635,54.70346,-0.00024326611,9.187711,29.603474
21.96,8.623795,54.79016,-0.00024381373,9.160124,29.617334
21.97,8.627945,54.8769,-0.0002444517,9.132606,29.631155
21.98,8.632084,54.963726,-0.00024433248,9.105149,29.64495
21.99,8.636213,55.05057,-0.0002447907,9.0777645,29.658699
22.0,8.64033,55.13744,-0.00024493597,9.050454,29.67242
22.01,8.644435,55.22437,-0.0002449844,9.02321,29.686106
22.02,8.648531,55.311333,-0.00024520606,8.996036,29.699757
22.03,8.6526165,55.39833,-0.00024476182,8.968928,29.713375
22.04,8.656687,55.485397,-0.00024443772,8.941893,29.72696
22.05,8.660749,55.572453,-0.00024399441,8.91493,29.740503
22.06,8.6648035,55.659584,-0.00024380814,8.88803,29.75402
22.07,8.668842,55.74673,-0.00024313666,8.861201,29.767506
22.08,8.672875,55.833935,-0.00024240185,8.834441,29.780952
22.09,8.676894,55.921196,-0.00024174154,8.807746,29.79436
22.1,8.680903,56.00847,-0.00024104491,8.781122,29.807741
22.11,8.684901,56.095795,-0.00024003908,8.754564,29.821085
22.12,8.6888895,56.183178,-0.00023925211,8.728073,29.834396
22.13,8.692864,56.270554,-0.00023805257,8.70166,29.847675
22.14,8.696834,56.357998,-0.00023713801,8.6753025,29.860918
22.15,8.7007885,56.44548,-0.00023597572,8.649015,29.874132
22.16,8.704734,56.53301,-0.00023445953,8.622795,29.88731
22.17,8.708669,56.620575,-0.00023310725,8.596644,29.90045
22.18,8.712592,56.70816,-0.00023180898,8.570559,29.913565
22.19,8.716507,56.79581,-0.00023018382,8.5445385,29.926641
22.2,8.720409,56.883484,-0.00022865646,8.518588,29.93969
22.21,8.724301,56.971207,-0.00022711419,8.492707,29.9527
22.22,8.728187,57.058952,-0.00022503547,8.466888,29.965675
22.23,8.732054,57.146755,-0.00022323336,8.441135,29.978615
22.24,8.735918,57.234585,-0.00022147503,8.415449,29.99153
22.25,8.739768,57.32246,-0.00021934789,8.389827,30.004406
22.26,8.743608,57.410374,-0.00021701865,8.364271,30.01725
22.27,8.747439,57.49833,-0.00021548383,8.33878,30.030064
22.28,8.751261,57.586315,-0.00021315366,8.313358,30.042843
22.29,8.755067,57.674347,-0.00021098834,8.288001,30.05559
22.3,8.758867,57.762394,-0.00020861626,8.262713,30.068302
22.31,8.762658,57.85049,-0.00020632427,8.237487,30.080978
22.32,8.766436,57.938633,-0.0002040267,8.212321,30.093624
22.33,8.770206,58.026806,-0.00020166207,8.187225,30.106241
22.34,8.773962,58.11502,-0.0001989901,8.162192,30.118824
22.35,8.777713,58.2033,-0.00019655097,8.137226,30.13137
22.36,8.78145,58.291573,-0.00019417703,8.112325,30.143887
22.37,8.785179,58.37989,-0.00019160565,8.087484,30.156374
22.38,8.788897,58.468235,-0.00018888433,8.062716,30.168821
22.39,8.792603,58.556633,-0.00018640328,8.038006,30.181234
22.4,8.796301,58.64507,-0.00018345006,8.013362,30.19362
22.41,8.799988,58.733532,-0.00018068869,7.988781,30.205976
22.42,8.803666,58.822037,-0.00017818715,7.964261,30.21829
22.43,8.807332,58.910583,-0.00017540064,7.939808,30.230583
22.44,8.810987,58.999146,-0.00017261691,7.9154196,30.242844
22.45,8.814637,59.08777,-0.00017000921,7.8910923,30.255064
22.46,8.818274,59.176384,-0.00016760174,7.8668365,30.267242
22.47,8.8219,59.265064,-0.0001646122,7.842634,30.279404
22.48,8.825517,59.353767,-0.00016163196,7.8185024,30.29153
22.49,8.829123,59.442513,-0.0001588976,7.7944317,30.303616
22.5,8.832721,59.531292,-0.00015620235,7.770423,30.315676
22.51,8.836307,59.62011,-0.00015336834,7.746477,30.327705
22.52,8.839883,59.708946,-0.00015059207,7.722596,30.339693
22.53,8.843448,59.797832,-0.0001476556,7.698779,30.351656
22.54,8.847005,59.886723,-0.00014527701,7.675023,30.363592
22.55,8.850552,59.97567,-0.00014251284,7.651332,30.375484
22.56,8.854088,60.06464,-0.00014001969,7.6277027,30.38735
22.57,8.857615,60.153645,-0.00013712887,7.6041336,30.399185
22.58,8.861134,60.242687,-0.00013485365,7.5806274,30.410982
22.59,8.86464,60.331745,-0.00013199728,7.557187,30.422754
22.6,8.868137,60.42084,-0.00012960285,7.533807,30.434494
22.61,8.871624,60.50997,-0.00012698583,7.5104895,30.446196
22.62,8.875101,60.59914,-0.00012441631,7.487232,30.457865
22.63,8.878569,60.68832,-0.00012177229,7.4640446,30.469503
22.64,8.882026,60.777542,-0.00011957437,7.4409103,30.48111
22.65,8.885474,60.8668,-0.00011732429,7.417845,30.492682
22.66,8.888911,60.956097,-0.00011517573,7.3948336,30.504223
22.67,8.892341,61.045395,-0.0001128288,7.371891,30.515734
22.68,8.895757,61.134724,-0.00011096615,7.3490095,30.527206
22.69,8.899165,61.224125,-0.00010876823,7.3261843,30.53866
22.7,8.902565,61.31353,-0.00010674354,7.303425,30.550072
22.71,8.905954,61.402943,-0.000105037354,7.2807293,30.561447
22.72,8.90933,61.492405,-0.000103411265,7.258092,30.572802
22.73,8.9127,61.581886,-0.000101410784,7.2355156,30.584114
22.74,8.916059,61.671417,-9.983126e-05,7.2130013,30.59541
22.75,8.919409,61.76097,-9.830203e-05,7.190547,30.606651
22.76,8.922747,61.850555,-9.685941e-05,7.1681547,30.617878
22.77,8.92608,61.94017,-9.561889e-05,7.1458235,30.62907
22.78,8.9293995,62.029808,-9.397976e-05,7.1235495,30.640226
22.79,8.932709,62.119476,-9.340886e-05,7.1013412,30.651352
22.8,8.936009,62.209164,-9.195227e-05,7.079197,30.662441
22.81,8.9393015,62.298885,-9.084027e-05,7.05711,30.673508
22.82,8.94258,62.38865,-8.984003e-05,7.03508,30.684534
22.83,8.945855,62.478413,-8.9165755e-05,7.013112,30.695538
22.84,8.949116,62.56824,-8.863397e-05,6.9911995,30.706509
22.85,8.95237,62.658077,-8.841045e-05,6.9693527,30.717438
22.86,8.955612,62.74794,-8.7687746e-05,6.9475718,30.728348
22.87,8.958843,62.837837,-8.745212e-05,6.9258394,30.73922
22.88,8.962067,62.92775,-8.731987e-05,6.9041758,30.75006
22.89,8.965281,63.01772,-8.7357126e-05,6.8825674,30.760872
22.9,8.968486,63.107693,-8.741673e-05,6.861017,30.771648
22.91,8.971682,63.1977,-8.76775e-05,6.83953,30.7824
22.92,8.974865,63.28775,-8.808263e-05,6.818099,30.793123
22.93,8.978041,63.377827,-8.836109e-05,6.796728,30.803804
22.94,8.981209,63.46793,-8.8975765e-05,6.7754183,30.814463
22.95,8.9843645,63.55806,-8.958671e-05,6.7541656,30.825087
22.96,8.987511,63.648186,-9.058509e-05,6.732977,30.83568
22.97,8.990647,63.738384,-9.171013e-05,6.7118425,30.846243
22.98,8.993777,63.828587,-9.274855e-05,6.6907663,30.856777
22.99,8.996899,63.918854,-9.3644485e-05,6.6697464,30.867283
23.0,9.000006,64.009125,-9.515975e-05,6.6487875,30.877752
23.01,9.003108,64.099434,-9.672996e-05,6.627887,30.888203
23.02,9.006197,64.189766,-9.7968616e-05,6.607044,30.89861
23.03,9.009278,64.280136,-9.996444e-05,6.586253,30.90899
23.04,9.012349,64.37052,-0.000101778656,6.56553,30.919342
23.05,9.015413,64.46093,-0.000103911385,6.544862,30.929667
23.06,9.018468,64.5514,-0.00010621827,6.524249,30.939949
23.07,9.02151,64.64188,-0.00010827277,6.5036936,30.95021
23.08,9.024546,64.732376,-0.00011087302,6.4831963,30.960445
23.09,9.027569,64.82293,-0.000113122165,6.462756,30.97065
23.1,9.030585,64.9135,-0.000115573406,6.4423733,30.980822
23.11,9.033591,65.00411,-0.00011830963,6.4220486,30.990967
23.12,9.03659,65.09474,-0.00012146123,6.401778,31.001081
23.13,9.0395775,65.18539,-0.00012400188,6.381568,31.011166
23.14,9.042559,65.27609,-0.0001272494,6.36141,31.021225
23.15,9.045529,65.36682,-0.00013043173,6.3413105,31.031244
23.16,9.048488,65.457565,-0.00013346411,6.321267,31.041243
23.17,9.051438,65.548355,-0.00013698079,6.301279,31.051218
23.18,9.05438,65.63917,-0.00014035963,6.281348,31.061152
23.19,9.057314,65.73001,-0.00014374591,6.2614717,31.071062
23.2,9.060239,65.8209,-0.00014747865,6.2416525,31.08095
23.21,9.063155,65.911804,-0.0001510689,6.2218885,31.090803
23.22,9.066063,66.00274,-0.00015470479,6.20218,31.100637
23.23,9.068957,66.0937,-0.00015861355,6.1825266,31.110424
23.24,9.071846,66.1847,-0.00016246084,6.1629276,31.120195
23.25,9.074727,66.27572,-0.00016606133,6.143387,31.129936
23.26,9.0776,66.36679,-0.00017018896,6.1238956,31.139648
23.27,9.08046,66.457886,-0.00017435662,6.1044607,31.149324
23.28,9.083313,66.54902,-0.00017824303,6.085082,31.158993
23.29,9.086157,66.64017,-0.00018200278,6.0657578,31.168621
23.3,9.088995,66.73133,-0.00018638372,6.0464907,31.178223
23.31,9.09182,66.82256,-0.00019030552,6.027278,31.187796
23.32,9.094638,66.913795,-0.00019452255,6.008114,31.19734
23.33,9.097448,67.00509,-0.00019865762,5.989004,31.20686
23.34,9.100247,67.09638,-0.0002026707,5.9699554,31.21635
23.35,9.103042,67.18774,-0.00020649936,5.9509506,31.225811
23.36,9.105819,67.2791,-0.00021092314,5.932007,31.235249
23.37,9.108593,67.3705,-0.00021450687,5.9131165,31.244669
23.38,9.1113615,67.46191,-0.00021867827,5.8942795,31.254042
23.39,9.114116,67.553375,-0.00022250041,5.875495,31.263403
23.4,9.116865,67.644875,-0.00022671092,5.856765,31.272734
23.41,9.119605,67.73638,-0.00023040548,5.838088,31.282032
23.42,9.122337,67.827934,-0.00023415592,5.819463,31.29131
23.43,9.125058,67.919495,-0.0002381485,5.800891,31.30055
23.44,9.127775,68.01109,-0.00024160277,5.7823734,31.309776
23.45,9.13048,68.10274,-0.00024511572,5.7639074,31.318966
23.46,9.133178,68.19438,-0.0002485048,5.745495,31.32814
23.47,9.135864,68.28609,-0.00025184732,5.7271376,31.337282
23.48,9.138544,68.377785,-0.00025535095,5.70883,31.3464
23.49,9.141218,68.46957,-0.0002586171,5.690571,31.355488
23.5,9.143881,68.56132,-0.00026167184,5.672372,31.364542
23.51,9.146537,68.653145,-0.00026451703,5.6542206,31.373587
23.52,9.149182,68.74497,-0.00026716478,5.636121,31.382599
23.53,9.151823,68.83684,-0.0002699094,5.6180754,31.39159
23.54,9.154455,68.92872,-0.00027277227,5.6000814,31.400545
23.55,9.157077,69.02061,-0.00027524773,5.582142,31.40948
23.56,9.159689,69.11255,-0.00027701166,5.5642567,31.418388
23.57,9.162294,69.20452,-0.00027933065,5.546417,31.42727
23.58,9.164892,69.2965,-0.00028137676,5.528632,31.436129
23.59,9.167481,69.38853,-0.0002831649,5.5108976,31.444962
23.6,9.170065,69.48059,-0.00028478447,5.4932165,31.453764
23.61,9.172636,69.572655,-0.00028622523,5.475585,31.462553
23.62,9.175203,69.66476,-0.00028739218,5.458004,31.471304
23.63,9.177758,69.75685,-0.00028832816,5.440481,31.480036
23.64,9.180307,69.848976,-0.0002897391,5.423005,31.488733
23.65,9.182849,69.94116,-0.00029023085,5.4055805,31.497421
23.66,9.185382,70.03335,-0.00029045157,5.3882065,31.506065
23.67,9.187904,70.12557,-0.00029103644,5.370884,31.514704
23.68,9.190424,70.21781,-0.00029137917,5.353612,31.523304
23.69,9.192931,70.310074,-0.00029114354,5.3363905,31.531885
23.7,9.195435,70.40236,-0.00029091816,5.3192215,31.540442
23.71,9.1979265,70.49467,-0.00029048324,5.302105,31.54896
23.72,9.200411,70.587,-0.00028982759,5.285041,31.557472
23.73,9.2028885,70.67935,-0.00028889347,5.2680244,31.565943
23.74,9.205358,70.77175,-0.00028797612,5.2510557,31.5744
23.75,9.207818,70.86415,-0.00028682593,5.2341404,31.582827
23.76,9.210273,70.95658,-0.00028539822,5.2172766,31.591228
23.77,9.21272,71.04901,-0.00028372183,5.2004604,31.599611
23.78,9.2151575,71.141495,-0.00028161798,5.1836977,31.607967
23.79,9.217588,71.233986,-0.00027998816,5.1669855,31.616299
23.8,9.220008,71.32651,-0.00027829688,5.15032,31.6246
23.81,9.222425,71.41903,-0.00027530454,5.133707,31.632881
23.82,9.224831,71.51159,-0.00027292408,5.1171417,31.641138
23.83,9.22723,71.60417,-0.00027026422,5.100628,31.649376
23.84,9.229621,71.69678,-0.0002671061,5.0841646,31.657572
23.85,9.232005,71.789406,-0.00026411563,5.067753,31.66576
23.86,9.234382,71.88204,-0.00026088953,5.051387,31.673918
23.87,9.236749,71.974686,-0.0002576895,5.035074,31.68205
23.88,9.239111,72.06735,-0.00025429297,5.0188103,31.69016
23.89,9.241463,72.16007,-0.00025030132,5.002593,31.698244
23.9,9.24381,72.25278,-0.00024649594,4.9864273,31.706306
23.91,9.246148,72.345505,-0.00024232175,4.9703083,31.714346
23.92,9.248479,72.438255,-0.0002383748,4.954239,31.722364
23.93,9.250801,72.53105,-0.0002339473,4.93822,31.730349
23.94,9.253116,72.623886,-0.00022984389,4.9222507,31.738317
23.95,9.255423,72.71668,-0.0002254583,4.906329,31.746252
23.96,9.257722,72.8095,-0.00022052228,4.89046,31.754168
23.97,9.2600155,72.902374,-0.00021623634,4.8746347,31.76206
23.98,9.262301,72.99525,-0.00021118764,4.858859,31.769926
23.99,9.264579,73.08815,-0.0002066493,4.843132,31.777773
24.0,9.2668495,73.18106,-0.00020169467,4.8274508,31.785597
24.01,9.269113,73.273994,-0.00019639451,4.811823,31.793386
24.02,9.271365,73.366974,-0.00019140448,4.796237,31.801163
24.03,9.273615,73.45996,-0.00018635485,4.7807026,31.808912
24.04,9.275856,73.55295,-0.00018129684,4.765218,31.816639
24.05,9.278092,73.645966,-0.00017583556,4.7497826,31.824339
24.06,9.280317,73.739006,-0.00017073564,4.7343884,31.83202
24.07,9.282537,73.832054,-0.00016560685,4.7190456,31.839674
24.08,9.284747,73.92513,-0.00016035698,4.703747,31.847303
24.09,9.286953,74.018234,-0.0001554424,4.6884975,31.854906
24.1,9.28915,74.11134,-0.0001502363,4.673293,31.862486
24.11,9.291335,74.20449,-0.00014477037,4.65814,31.870049
24.12,9.293518,74.29764,-0.00013988186,4.643032,31.877584
24.13,9.295693,74.39081,-0.00013486482,4.6279697,31.885096
24.14,9.297859,74.48399,-0.00012967922,4.612957,31.892588
24.15,9.300019,74.577225,-0.00012470502,4.597986,31.900059
24.16,9.302173,74.67044,-0.00012012757,4.583065,31.907492
24.17,9.3043165,74.763695,-0.00011519063,4.5681877,31.914913
24.18,9.306457,74.85698,-0.0001102332,4.553357,31.922312
24.19,9.308589,74.95031,-0.00010550395,4.5385714,31.929686
24.2,9.310713,75.04361,-0.00010150485,4.5238323,31.93704
24.21,9.312828,75.136925,-9.681843e-05,4.509141,31.944368
24.22,9.314939,75.230286,-9.232666e-05,4.4944925,31.951677
24.23,9.317041,75.323654,-8.850172e-05,4.479889,31.95896
24.24,9.319135,75.41704,-8.423999e-05,4.465334,31.96622
24.25,9.321223,75.510475,-8.007139e-05,4.450823,31.973463
24.26,9.323306,75.60389,-7.641036e-05,4.4363546,31.980675
24.27,9.325377,75.69734,-7.273909e-05,4.421933,31.987867
24.28,9.327445,75.790825,-6.9554895e-05,4.4075546,31.995039
24.29,9.329503,75.884315,-6.627757e-05,4.3932195,32.002186
24.3,9.331554,75.97783,-6.321166e-05,4.378933,32.009304
24.31,9.333602,76.07137,-6.026216e-05,4.364691,32.016407
24.32,9.33564,76.16493,-5.7592057e-05,4.350488,32.02348
24.33,9.337668,76.258514,-5.495362e-05,4.3363304,32.030544
24.34,9.339694,76.35212,-5.2525662e-05,4.32222,32.037575
24.35,9.341713,76.44573,-5.0836243e-05,4.3081484,32.044594
24.36,9.343722,76.53938,-4.862342e-05,4.294123,32.051582
24.37,9.345724,76.633026,-4.6759844e-05,4.2801394,32.058544
24.38,9.34772,76.726685,-4.519336e-05,4.2662044,32.065487
24.39,9.34971,76.82037,-4.410185e-05,4.252305,32.072414
24.4,9.351691,76.914116,-4.2914413e-05,4.238453,32.07932
24.41,9.353667,77.00784,-4.2133033e-05,4.2246447,32.086197
24.42,9.355636,77.10162,-4.1536987e-05,4.2108736,32.09305
24.43,9.3575945,77.19539,-4.1064806e-05,4.197149,32.099888
24.44,9.35955,77.28921,-4.0761195e-05,4.1834636,32.106697
24.45,9.361499,77.38299,-4.070159e-05,4.1698246,32.11349
24.46,9.363436,77.476814,-4.1077845e-05,4.156228,32.120262
24.47,9.365371,77.57066,-4.1726045e-05,4.1426706,32.127018
24.48,9.367297,77.66455,-4.190486e-05,4.129157,32.133743
24.49,9.369219,77.75844,-4.2985193e-05,4.1156845,32.140453
24.5,9.371129,77.85237,-4.4177286e-05,4.102251,32.14714
24.51,9.373035,77.94631,-4.5579858e-05,4.0888605,32.153805
24.52,9.374935,78.04026,-4.6928413e-05,4.0755105,32.160446
24.53,9.376825,78.13424,-4.8696995e-05,4.0622044,32.167065
24.54,9.378713,78.22824,-5.1001087e-05,4.048938,32.17367
24.55,9.38059,78.32222,-5.2957796e-05,4.0357127,32.180256
24.56,9.3824625,78.41625,-5.5182725e-05,4.0225267,32.186813
24.57,9.384324,78.5103,-5.7958998e-05,4.0093827,32.19335
24.58,9.386188,78.60437,-6.0315244e-05,3.9962769,32.19987
24.59,9.388036,78.69846,-6.316975e-05,3.9832146,32.206367
24.6,9.389881,78.79255,-6.6661276e-05,3.97019,32.212833
24.61,9.391718,78.8867,-6.953627e-05,3.957204,32.219307
24.62,9.393551,78.98083,-7.313024e-05,3.9442627,32.225742
24.63,9.395374,79.07497,-7.643737e-05,3.9313593,32.232143
24.64,9.397191,79.16915,-8.0321915e-05,3.9184957,32.23854
24.65,9.399002,79.26334,-8.432288e-05,3.9056702,32.24491
24.66,9.400805,79.35754,-8.8208355e-05,3.8928866,32.251266
24.67,9.402605,79.45178,-9.1918744e-05,3.8801405,32.257595
24.68,9.404396,79.54601,-9.649899e-05,3.867435,32.263912
24.69,9.406183,79.640274,-0.000100826845,3.8547683,32.2702
24.7,9.407961,79.73457,-0.000105672516,3.8421388,32.276478
24.71,9.409729,79.82883,-0.000109953806,3.8295527,32.282726
24.72,9.411496,79.923134,-0.00011468679,3.8170006,32.288963
24.73,9.413257,80.01745,-0.00011942815,3.8044918,32.295177
24.74,9.415009,80.111786,-0.00012428034,3.7920158,32.30137
24.75,9.416757,80.206154,-0.00012898631,3.7795818,32.307545
24.76,9.418496,80.30053,-0.00013395865,3.7671843,32.313698
24.77,9.420228,80.39492,-0.00013896916,3.7548258,32.31984
24.78,9.421954,80.48933,-0.00014392938,3.7425056,32.32595
24.79,9.423675,80.58374,-0.00014895294,3.7302234,32.332047
24.8,9.425391,80.67816,-0.00015422236,3.7179794,32.338123
24.81,9.427098,80.77262,-0.00015915465,3.7057745,32.344177
24.82,9.428802,80.86709,-0.00016419217,3.693605,32.350216
24.83,9.430496,80.96157,-0.00016909,3.6814735,32.35623
24.84,9.432188,81.056046,-0.00017443765,3.669379,32.362236
24.85,9.43387,81.15057,-0.00017953292,3.6573222,32.36821
24.86,9.435547,81.24509,-0.00018451829,3.6453028,32.374176
24.87,9.437219,81.339615,-0.00018949155,3.6333187,32.38012
24.88,9.438884,81.434166,-0.000194503,3.6213746,32.386036
24.89,9.440542,81.52872,-0.00019907858,3.6094673,32.39195
24.9,9.442193,81.62329,-0.00020393357,3.5975935,32.39783
24.91,9.443839,81.71788,-0.00020845793,3.5857577,32.403698
24.92,9.44548,81.81248,-0.00021322351,3.5739584,32.409546
24.93,9.447112,81.9071,-0.00021743588,3.562199,32.415375
24.94,9.44874,82.00173,-0.0002219826,3.5504715,32.421196
24.95,9.450364,82.096375,-0.0002263682,3.5387816,32.42699
24.96,9.451982,82.191025,-0.00023056194,3.5271308,32.43277
24.97,9.453589,82.28569,-0.0002346076,3.5155096,32.43852
24.98,9.4551935,82.380356,-0.00023844372,3.503929,32.444263
24.99,9.456793,82.47508,-0.00024186634,3.4923825,32.44998
25.0,9.4583845,82.56979,-0.00024560932,3.480873,32.45569
25.01,9.459972,82.66453,-0.00024915952,3.469397,32.461372
25.02,9.461553,82.759254,-0.00025236327,3.4579573,32.467045
25.03,9.46313,82.854004,-0.00025532674,3.4465535,32.472687
25.04,9.4647,82.94877,-0.00025828648,3.4351864,32.478325
25.05,9.466262,83.043526,-0.00026103575,3.4238546,32.483932
25.06,9.46782,83.13833,-0.0002640048,3.4125538,32.489525
25.07,9.469371,83.23312,-0.0002662409,3.401291,32.495106
25.08,9.470921,83.32795,-0.00026829354,3.3900611,32.500664
25.09,9.47246,83.42278,-0.00027052406,3.3788667,32.506203
25.1,9.473993,83.51761,-0.0002722554,3.3677065,32.51173
25.11,9.475526,83.61248,-0.00027388614,3.3565798,32.51724
25.12,9.477049,83.707344,-0.0002751127,3.345491,32.522736
25.13,9.478568,83.802216,-0.0002764631,3.3344338,32.528206
25.14,9.48008,83.8971,-0.00027731247,3.323413,32.533665
25.15,9.481589,83.99201,-0.0002780743,3.3124242,32.5391
25.16,9.483087,84.08695,-0.00027862843,3.3014715,32.544514
25.17,9.484586,84.18189,-0.0002793353,3.2905478,32.549927
25.18,9.486076,84.2768,-0.00027946196,3.2796645,32.555305
25.19,9.487561,84.371796,-0.00027959608,3.2688105,32.560677
25.2,9.489042,84.46677,-0.00027929805,3.2579918,32.566025
25.21,9.49052,84.56176,-0.0002788324,3.2472064,32.571365
25.22,9.491985,84.65675,-0.0002782913,3.236454,32.57668
25.23,9.493449,84.751785,-0.0002773702,3.225734,32.581978
25.24,9.494909,84.84681,-0.00027632806,3.2150462,32.587265
25.25,9.496364,84.94184,-0.00027502514,3.2043934,32.592533
25.26,9.497809,85.03692,-0.00027352106,3.193775,32.597782
25.27,9.499254,85.13201,-0.00027171895,3.1831875,32.603024
25.28,9.500689,85.22707,-0.00026984047,3.1726332,32.608234
25.29,9.502122,85.322205,-0.00026804674,3.1621106,32.61344
25.3,9.503549,85.41728,-0.00026560016,3.1516237,32.618626
25.31,9.504975,85.51243,-0.00026320014,3.1411667,32.623787
25.32,9.50639,85.60758,-0.00026078708,3.130741,32.628944
25.33,9.507803,85.702736,-0.0002578823,3.1203482,32.63407
25.34,9.509207,85.79792,-0.00025493465,3.1099868,32.639187
25.35,9.51061,85.89311,-0.0002521677,3.0996583,32.644295
25.36,9.512005,85.98832,-0.00024898816,3.0893624,32.649384
25.37,9.513398,86.083534,-0.00024528522,3.0790985,32.65445
25.38,9.51478,86.17876,-0.00024184119,3.0688653,32.659504
25.39,9.516162,86.27402,-0.00023817178,3.0586667,32.66454
25.4,9.517537,86.36931,-0.00023449585,3.0484972,32.669563
25.41,9.5189085,86.46457,-0.00023024064,3.0383594,32.674572
25.42,9.520275,86.55985,-0.00022677891,3.028254,32.679558
25.43,9.521635,86.65518,-0.00022244174,3.0181797,32.684532
25.44,9.522989,86.75052,-0.0002183523,3.0081325,32.68949
25.45,9.52434,86.84588,-0.00021382421,2.9981198,32.69444
25.46,9.525685,86.941185,-0.0002097562,2.9881415,32.699364
25.47,9.527025,87.03655,-0.00020470563,2.9781928,32.70427
25.48,9.528358,87.131966,-0.00020027533,2.9682698,32.709167
25.49,9.529689,87.22739,-0.00019610487,2.9583802,32.71405
25.5,9.5310135,87.322784,-0.00019115116,2.9485238,32.718903
25.51,9.532334,87.418236,-0.00018646102,2.9386945,32.72375
25.52,9.533651,87.51369,-0.00018184353,2.9288995,32.728592
25.53,9.534965,87.60917,-0.00017720088,2.9191332,32.7334
25.54,9.536268,87.70465,-0.00017257221,2.909395,32.7382
25.55,9.53757,87.80015,-0.00016788952,2.8996904,32.74299
25.56,9.538865,87.895645,-0.00016288739,2.8900154,32.747757
25.57,9.540159,87.99118,-0.00015815161,2.88037,32.752514
25.58,9.541444,88.08675,-0.000153617,2.8707528,32.757248
25.59,9.542726,88.18229,-0.0001488952,2.8611705,32.761974
25.6,9.544003,88.27787,-0.00014452543,2.8516107,32.766674
25.61,9.545275,88.37345,-0.00013977196,2.842086,32.77137
25.62,9.546544,88.46905,-0.00013499148,2.83259,32.77605
25.63,9.547805,88.564644,-0.00013071857,2.823127,32.780704
25.64,9.549063,88.66027,-0.00012640934,2.8136916,32.785355
25.65,9.550319,88.755936,-0.00012219884,2.804282,32.789993
25.66,9.551563,88.85159,-0.00011740625,2.7949052,32.794605
25.67,9.552809,88.94728,-0.00011347607,2.7855582,32.799202
25.68,9.554047,89.04296,-0.00010949001,2.7762425,32.80379
25.69,9.555276,89.138664,-0.00010542199,2.7669516,32.808353
25.7,9.556504,89.23438,-0.000101405196,2.757692,32.812923
25.71,9.557728,89.33011,-9.7882e-05,2.7484632,32.817463
25.72,9.55895,89.425865,-9.449851e-05,2.7392602,32.82199
25.73,9.560162,89.5216,-9.090174e-05,2.73009,32.826504
25.74,9.561372,89.61736,-8.762535e-05,2.720945,32.830997
25.75,9.562574,89.71314,-8.412637e-05,2.7118323,32.835484
25.76,9.563777,89.808945,-8.1335194e-05,2.7027473,32.839943
25.77,9.564969,89.904755,-7.810816e-05,2.6936913,32.8444
25.78,9.56616,90.000565,-7.579941e-05,2.6846614,32.848827
25.79,9.567345,90.09639,-7.286109e-05,2.6756632,32.853256
25.8,9.568527,90.19222,-7.039029e-05,2.666694,32.857662
25.81,9.569701,90.28807,-6.8216585e-05,2.6577532,32.86206
25.82,9.570871,90.383934,-6.664917e-05,2.6488411,32.866444
25.83,9.572038,90.4798,-6.444659e-05,2.6399546,32.8708
25.84,9.573202,90.57567,-6.280467e-05,2.6311002,32.875145
25.85,9.574355,90.67156,-6.1541796e-05,2.6222703,32.879486
25.86,9.575509,90.76749,-6.0217455e-05,2.613473,32.88381
25.87,9.576654,90.863396,-5.928334e-05,2.6047027,32.888115
25.88,9.577796,90.95929,-5.7936646e-05,2.595962,32.892414
25.89,9.578933,91.05524,-5.7167374e-05,2.5872464,32.896687
25.9,9.580064,91.15116,-5.6711957e-05,2.578561,32.90096
25.91,9.581196,91.24712,-5.6272373e-05,2.5699034,32.9052
25.92,9.582316,91.343094,-5.6155026e-05,2.5612767,32.909443
25.93,9.583435,91.43903,-5.5997632e-05,2.5526717,32.91367
25.94,9.58455,91.53504,-5.6062825e-05,2.5440977,32.91788
25.95,9.585662,91.63099,-5.6529418e-05,2.535552,32.922066
25.96,9.586766,91.72697,-5.7258643e-05,2.527037,32.926243
25.97,9.587867,91.82295,-5.8166683e-05,2.5185456,32.930405
25.98,9.588959,91.91897,-5.9018843e-05,2.5100832,32.934555
25.99,9.590052,92.01498,-6.011594e-05,2.5016477,32.938694
26.0,9.591135,92.110985,-6.139185e-05,2.4932413,32.942814
26.01,9.5922165,92.20702,-6.299745e-05,2.4848588,32.946934
26.02,9.593292,92.30306,-6.44438e-05,2.4765081,32.951027
26.03,9.594366,92.3991,-6.6407956e-05,2.4681823,32.955112
26.04,9.595434,92.49516,-6.833952e-05,2.4598877,32.959183
26.05,9.596495,92.591194,-7.0631504e-05,2.4516184,32.963238
26.06,9.59755,92.68721,-7.3096715e-05,2.4433742,32.96728
26.07,9.598606,92.78328,-7.534772e-05,2.43516,32.97131
26.08,9.599651,92.87935,-7.817242e-05,2.4269712,32.97533
26.09,9.6006975,92.97541,-8.087605e-05,2.4188108,32.979332
26.1,9.601734,93.07151,-8.3863735e-05,2.4106774,32.98331
26.11,9.602768,93.16757,-8.6828135e-05,2.4025702,32.987297
26.12,9.603798,93.263664,-9.004399e-05,2.3944883,32.99125
26.13,9.604823,93.35975,-9.329151e-05,2.386438,32.995193
26.14,9.605846,93.45583,-9.6708536e-05,2.3784115,32.99912
26.15,9.606858,93.551926,-0.00010031462,2.3704116,33.00305
26.16,9.60787,93.64803,-0.000104038976,2.3624368,33.006958
26.17,9.608876,93.74417,-0.000107890926,2.354493,33.010857
26.18,9.6098795,93.84028,-0.00011173263,2.3465724,33.014732
26.19,9.610878,93.9364,-0.00011540018,2.3386798,33.018597
26.2,9.61187,94.03253,-0.00011938624,2.3308122,33.022457
26.21,9.612859,94.12864,-0.00012324471,2.3229697,33.026302
26.22,9.613843,94.22478,-0.00012747385,2.3151598,33.030125
26.23,9.614824,94.32092,-0.00013155118,2.3073695,33.033936
26.24,9.615799,94.41707,-0.00013593677,2.2996101,33.037743
26.25,9.616768,94.5132,-0.00014033355,2.2918744,33.041534
26.26,9.617736,94.60934,-0.0001442954,2.284164,33.04531
26.27,9.618698,94.70551,-0.00014895294,2.2764773,33.049072
26.28,9.619657,94.80167,-0.00015312992,2.268825,33.052834
26.29,9.620609,94.89783,-0.00015726499,2.2611878,33.056564
26.3,9.621555,94.99399,-0.0001615258,2.2535825,33.0603
26.31,9.622499,95.090195,-0.0001661526,2.245999,33.064014
26.32,9.623442,95.18637,-0.0001703091,2.2384448,33.06771
26.33,9.624378,95.28256,-0.00017446559,2.230916,33.071404
26.34,9.625311,95.37876,-0.0001789406,2.2234068,33.075077
26.35,9.626239,95.47495,-0.0001833085,2.2159276,33.078747
26.36,9.627164,95.57118,-0.00018745568,2.2084718,33.082405
26.37,9.628083,95.66742,-0.00019176677,2.2010407,33.08604
26.38,9.629,95.763596,-0.00019567832,2.1936378,33.08967
26.39,9.629909,95.85982,-0.00019954704,2.1862583,33.09329
26.4,9.630815,95.95605,-0.0002035182,2.1789017,33.09689
26.41,9.631715,96.0523,-0.00020767748,2.171572,33.10048
26.42,9.632615,96.14857,-0.00021165237,2.1642628,33.104057
26.43,9.633509,96.244835,-0.00021541212,2.1569827,33.107624
26.44,9.6344,96.341095,-0.00021870714,2.1497235,33.11117
26.45,9.635286,96.43737,-0.00022239424,2.1424904,33.114716
26.46,9.636169,96.53362,-0.00022578891,2.1352825,33.118248
26.47,9.637046,96.62991,-0.00022912119,2.1280947,33.12177
26.48,9.637921,96.7262,-0.00023232494,2.1209362,33.125275
26.49,9.638792,96.82252,-0.00023542158,2.1137977,33.128773
26.5,9.639659,96.91883,-0.0002379166,2.1066852,33.13225
26.51,9.640524,97.01517,-0.00024116505,2.0995936,33.135727
26.52,9.641384,97.11152,-0.00024380162,2.0925283,33.139175
26.53,9.642238,97.207855,-0.00024640188,2.0854852,33.142628
26.54,9.64309,97.30419,-0.0002487274,2.0784638,33.146053
26.55,9.643938,97.400566,-0.0002511395,2.0714703,33.149487
26.56,9.644781,97.49698,-0.000253452,2.064496,33.152897
26.57,9.645622,97.593376,-0.00025521033,2.0575464,33.156292
26.58,9.64646,97.68979,-0.00025689416,2.0506184,33.159676
26.59,9.647293,97.7862,-0.00025838148,2.0437145,33.163055
26.6,9.648121,97.88263,-0.0002601957,2.0368319,33.166416
26.61,9.648944,97.97907,-0.0002613729,2.0299718,33.169777
26.62,9.649769,98.07554,-0.0002627503,2.0231385,33.17312
26.63,9.650584,98.172,-0.0002635261,2.0163226,33.176456
26.64,9.6514015,98.268486,-0.00026421156,2.0095305,33.17977
26.65,9.652211,98.36495,-0.00026494637,2.0027623,33.183075
26.66,9.653021,98.46145,-0.00026522204,1.9960145,33.186375
26.67,9.65383,98.55801,-0.00026524812,1.9892912,33.18965
26.68,9.654631,98.65457,-0.00026578456,1.9825841,33.19292
26.69,9.65543,98.7511,-0.000265453,1.9759048,33.196186
26.7,9.656223,98.84767,-0.00026517268,1.9692438,33.19944
26.71,9.657014,98.94423,-0.00026469678,1.9626093,33.202686
26.72,9.657801,99.04084,-0.0002642544,1.9559925,33.205917
26.73,9.658588,99.13741,-0.00026352424,1.9493961,33.209133
26.74,9.659368,99.23403,-0.0002625892,1.9428238,33.212337
26.75,9.660148,99.330666,-0.00026164483,1.9362721,33.21553
26.76,9.660919,99.42733,-0.00026023854,1.9297414,33.21872
26.77,9.661692,99.52397,-0.00025862828,1.9232303,33.221886
26.78,9.662458,99.62067,-0.000257127,1.9167422,33.22505
26.79,9.663223,99.717354,-0.0002553491,1.9102738,33.228207
26.8,9.663987,99.81404,-0.00025369413,1.9038258,33.231346
26.81,9.664745,99.91076,-0.00025162753,1.8974022,33.234478
26.82,9.665503,100.00749,-0.0002492275,1.8909959,33.237606
26.83,9.666255,100.10425,-0.0002468014,1.8846102,33.240707
26.84,9.667003,100.201004,-0.00024437625,1.8782468,33.243805
26.85,9.667749,100.29779,-0.00024159066,1.8719021,33.246883
26.86,9.668494,100.394585,-0.00023916736,1.8655769,33.249966
26.87,9.669233,100.491394,-0.00023618806,1.8592752,33.253025
26.88,9.669972,100.5882,-0.00023333635,1.8529934,33.25608
26.89,9.670706,100.68506,-0.0002301177,1.8467318,33.259125
26.9,9.671435,100.78191,-0.00022711046,1.8404889,33.26216
26.91,9.672162,100.87878,-0.00022379775,1.834265,33.265186
26.92,9.672887,100.97566,-0.00022063125,1.8280617,33.26819
26.93,9.673607,101.072556,-0.00021665171,1.8218793,33.2712
26.94,9.674325,101.16946,-0.00021295529,1.815717,33.274193
26.95,9.675042,101.26636,-0.00020955689,1.8095729,33.277172
26.96,9.675755,101.36327,-0.00020623393,1.8034497,33.280136
26.97,9.676464,101.46022,-0.0002024034,1.7973466,33.283096
26.98,9.677172,101.55719,-0.00019868184,1.7912617,33.286045
26.99,9.677873,101.65417,-0.00019477494,1.7851949,33.288994
27.0,9.678572,101.75112,-0.00019057002,1.779149,33.29192
27.01,9.679269,101.84814,-0.00018699095,1.7731237,33.294838
27.02,9.679965,101.94515,-0.0001830263,1.767118,33.297737
27.03,9.680658,102.04215,-0.00017893221,1.76113,33.300636
27.04,9.681349,102.13919,-0.00017474685,1.7551607,33.303524
27.05,9.682033,102.23622,-0.00017055217,1.7492137,33.30639
27.06,9.682714,102.33328,-0.00016667973,1.7432836,33.309265
27.07,9.683393,102.430336,-0.00016290881,1.7373704,33.312122
27.08,9.684071,102.5274,-0.00015877932,1.7314789,33.314964
27.09,9.684742,102.624466,-0.00015503913,1.7256058,33.317806
27.1,9.685411,102.72154,-0.00015075598,1.7197529,33.320625
27.11,9.686078,102.81864,-0.00014690403,1.7139169,33.323444
27.12,9.686745,102.91576,-0.0001432579,1.7081008,33.326252
27.13,9.687407,103.01282,-0.00013960619,1.7023033,33.32905
27.14,9.688068,103.10994,-0.0001356937,1.6965253,33.33184
27.15,9.688722,103.20704,-0.00013202243,1.6907655,33.334633
27.16,9.689371,103.304184,-0.00012836326,1.6850231,33.337395
27.17,9.69002,103.40134,-0.00012507197,1.6793007,33.34016
27.18,9.690667,103.49848,-0.00012146495,1.6735955,33.3429
27.19,9.69131,103.59563,-0.00011810195,1.6679097,33.34564
27.2,9.69195,103.69277,-0.0001150528,1.6622461,33.348373
27.21,9.692584,103.7899,-0.00011194777,1.6565951,33.35109
27.22,9.693218,103.88707,-0.00010909233,1.6509666,33.353794
27.23,9.693849,103.984215,-0.000106318854,1.6453546,33.356503
27.24,9.694476,104.08134,-0.00010348577,1.6397618,33.359188
27.25,9.695099,104.17853,-0.00010088552,1.634186,33.361866
27.26,9.695722,104.2757,-9.855535e-05,1.6286299,33.364544
27.27,9.696341,104.37287,-9.616092e-05,1.6230949,33.367214
27.28,9.696952,104.470055,-9.3821436e-05,1.6175729,33.369865
27.29,9.697566,104.567215,-9.204727e-05,1.6120723,33.372513
27.3,9.6981735,104.664375,-8.992478e-05,1.6065884,33.37515
27.31,9.69878,104.76155,-8.850638e-05,1.6011236,33.37777
27.32,9.699381,104.858734,-8.737575e-05,1.5956773,33.380386
27.33,9.69998,104.95587,-8.5842796e-05,1.5902486,33.382996
27.34,9.700578,105.05308,-8.460041e-05,1.5848373,33.385593
27.35,9.701169,105.150246,-8.388329e-05,1.5794427,33.388195
27.36,9.7017565,105.247406,-8.298643e-05,1.5740725,33.39077
27.37,9.702343,105.34458,-8.2449056e-05,1.5687143,33.393345
27.38,9.702926,105.44173,-8.177012e-05,1.5633754,33.395905
27.39,9.703505,105.538895,-8.162297e-05,1.5580562,33.39846
27.4,9.704083,105.63605,-8.139014e-05,1.5527538,33.401
27.41,9.704657,105.73321,-8.149166e-05,1.5474684,33.403538
27.42,9.705225,105.83034,-8.211192e-05,1.5422031,33.40606
27.43,9.705791,105.92747,-8.2652085e-05,1.5369549,33.40858
27.44,9.706355,106.024605,-8.324999e-05,1.531723,33.411087
27.45,9.706916,106.12177,-8.4117986e-05,1.5265101,33.41359
27.46,9.70747,106.218895,-8.483324e-05,1.5213149,33.41608
27.47,9.708025,106.31601,-8.6504035e-05,1.5161399,33.41857
27.48,9.708574,106.41315,-8.7940134e-05,1.5109782,33.42105
27.49,9.709122,106.51025,-8.94703e-05,1.505837,33.423523
27.5,9.709667,106.607346,-9.136088e-05,1.5007138,33.425983
27.51,9.710205,106.70447,-9.361468e-05,1.495607,33.428425
27.52,9.710743,106.80157,-9.56906e-05,1.4905156,33.430866
27.53,9.71128,106.898674,-9.7996555e-05,1.4854451,33.433308
27.54,9.711809,106.99578,-0.000100348145,1.4803909,33.435734
27.55,9.7123375,107.09283,-0.000102989376,1.4753541,33.438152
27.56,9.712856,107.18994,-0.00010585133,1.4703358,33.440556
27.57,9.713381,107.28699,-0.00010887906,1.465332,33.44296
27.58,9.7139,107.38406,-0.00011192821,1.4603496,33.44535
27.59,9.714416,107.481125,-0.00011517294,1.4553798,33.44774
27.6,9.714928,107.5782,-0.00011871103,1.4504317,33.450108
27.61,9.715436,107.67523,-0.0001222631,1.4455012,33.45248
27.62,9.715941,107.77229,-0.00012581982,1.4405841,33.454834
27.63,9.716445,107.86931,-0.00012954045,1.4356867,33.457188
27.64,9.716942,107.96637,-0.00013334956,1.4308066,33.459534
27.65,9.71744,108.063385,-0.000137466,1.4259405,33.46187
27.66,9.717937,108.160416,-0.00014141761,1.4210956,33.464195
27.67,9.718424,108.257416,-0.00014536921,1.4162669,33.466522
27.68,9.718912,108.35448,-0.00014957879,1.411453,33.468826
27.69,9.719395,108.45146,-0.00015370455,1.4066579,33.471134
27.7,9.719875,108.54848,-0.00015876815,1.4018785,33.47342
27.71,9.720351,108.64547,-0.0001628846,1.3971165,33.475723
27.72,9.720824,108.74249,-0.00016746297,1.3923708,33.477997
27.73,9.721295,108.839455,-0.00017168373,1.3876443,33.480274
27.74,9.721762,108.93645,-0.0001762202,1.3829315,33.48253
27.75,9.72223,109.033424,-0.0001805108,1.378237,33.48479
27.76,9.722696,109.13042,-0.00018478371,1.3735583,33.48704
27.77,9.723156,109.22741,-0.0001897607,1.3688965,33.48929
27.78,9.723615,109.324356,-0.00019378308,1.3642488,33.491516
27.79,9.724069,109.42136,-0.0001985943,1.3596196,33.493744
27.8,9.724523,109.518295,-0.00020333473,1.35501,33.49596
27.81,9.724971,109.61531,-0.00020767935,1.3504121,33.498177
27.82,9.725419,109.71227,-0.00021182932,1.345832,33.50038
27.83,9.725862,109.80926,-0.00021607708,1.3412673,33.50257
27.84,9.726304,109.90624,-0.00022016559,1.3367192,33.50476
27.85,9.726743,110.003204,-0.00022436213,1.3321866,33.506947
27.86,9.72718,110.1002,-0.00022817869,1.3276694,33.509117
27.87,9.727614,110.19718,-0.00023219176,1.3231688,33.51128
27.88,9.728042,110.29414,-0.00023591239,1.318686,33.513443
27.89,9.728471,110.391106,-0.00024006702,1.3142178,33.51559
27.9,9.728899,110.488106,-0.00024330709,1.3097643,33.517727
27.91,9.729325,110.58511,-0.00024665054,1.3053284,33.519875
27.92,9.729743,110.68212,-0.00024997443,1.3009067,33.52199
27.93,9.730165,110.77912,-0.00025313254,1.2964997,33.52412
27.94,9.730579,110.87611,-0.00025617983,1.2921083,33.52623
27.95,9.730994,110.973114,-0.0002591163,1.2877357,33.528343
27.96,9.731405,111.07016,-0.00026170537,1.2833726,33.53044
27.97,9.731817,111.167206,-0.0002641352,1.2790272,33.532528
27.98,9.7322235,111.26423,-0.00026656874,1.2746971,33.534615
27.99,9.732631,111.36126,-0.00026872288,1.2703846,33.536694
28.0,9.733036,111.45832,-0.0002708109,1.2660838,33.53876
28.01,9.733439,111.55537,-0.00027262047,1.2617991,33.540833
28.02,9.733835,111.652405,-0.0002741618,1.2575269,33.542885
28.03,9.734232,111.749466,-0.00027520582,1.2532724,33.544926
28.04,9.734628,111.84655,-0.00027662423,1.2490313,33.546974
28.05,9.7350235,111.943634,-0.00027728733,1.2448065,33.549004
28.06,9.735416,112.04076,-0.00027818698,1.2405937,33.55103
28.07,9.735807,112.137856,-0.0002788268,1.2363957,33.553036
28.08,9.736197,112.235016,-0.00027914345,1.2322149,33.55505
28.09,9.736582,112.33218,-0.00027909782,1.2280478,33.557056
28.1,9.736963,112.42934,-0.00027882308,1.2238927,33.559048
28.11,9.737345,112.52652,-0.00027840026,1.2197498,33.561043
28.12,9.737725,112.623726,-0.0002782764,1.2156246,33.56303
28.13,9.738106,112.720856,-0.00027705915,1.2115177,33.565
28.14,9.738483,112.818085,-0.00027596485,1.2074174,33.56698
28.15,9.738854,112.91535,-0.0002746703,1.2033311,33.56894
28.16,9.739224,113.01259,-0.000273332,1.1992614,33.57089
28.17,9.739596,113.10988,-0.00027172454,1.1952035,33.572838
28.18,9.739966,113.20719,-0.00026989263,1.1911604,33.57477
28.19,9.740335,113.30451,-0.00026763417,1.1871326,33.576694
28.2,9.740701,113.401794,-0.00026575942,1.1831133,33.578625
28.21,9.741065,113.49911,-0.0002635466,1.1791114,33.580544
28.22,9.7414255,113.59646,-0.00026077032,1.1751223,33.582455
28.23,9.741784,113.69382,-0.0002578739,1.1711445,33.584354
28.24,9.742141,113.79121,-0.00025503896,1.167181,33.586246
28.25,9.742498,113.88862,-0.00025189016,1.1632313,33.588142
28.26,9.742854,113.98608,-0.00024849921,1.1592922,33.590023
28.27,9.743204,114.08353,-0.0002453141,1.1553665,33.591896
28.28,9.743554,114.18099,-0.00024186354,1.151458,33.593765
28.29,9.743902,114.27848,-0.00023783091,1.1475588,33.595634
28.3,9.74425,114.37601,-0.00023377128,1.1436726,33.59749
28.31,9.744596,114.47354,-0.0002299659,1.1397979,33.599327
28.32,9.744937,114.57107,-0.00022605527,1.1359361,33.601166
28.33,9.745277,114.668625,-0.00022175815,1.1320863,33.603
28.34,9.745618,114.766235,-0.00021733064,1.1282511,33.604828
28.35,9.745955,114.86382,-0.00021327194,1.1244295,33.606644
28.36,9.746289,114.96146,-0.00020899996,1.1206148,33.608456
28.37,9.746619,115.05911,-0.0002043359,1.1168158,33.610264
28.38,9.746951,115.15675,-0.00019975007,1.1130292,33.612064
28.39,9.747276,115.254425,-0.0001951186,1.1092565,33.613857
28.4,9.747607,115.35211,-0.00019081775,1.1054921,33.615646
28.41,9.747931,115.44981,-0.00018625241,1.1017392,33.61742
28.42,9.748251,115.547585,-0.00018153153,1.0979975,33.6192
28.43,9.748572,115.645325,-0.00017684978,1.0942719,33.620956
28.44,9.748892,115.74309,-0.00017221831,1.090554,33.62271
28.45,9.749208,115.84086,-0.00016769208,1.0868539,33.62447
28.46,9.749524,115.938675,-0.00016344897,1.0831583,33.62621
28.47,9.749833,116.036514,-0.00015882403,1.0794773,33.627953
28.48,9.750142,116.13429,-0.00015434343,1.0758083,33.62968
28.49,9.750449,116.23218,-0.00015003607,1.0721505,33.631405
28.5,9.7507515,116.33003,-0.00014569331,1.0685039,33.633125
28.51,9.751054,116.42788,-0.00014168303,1.0648673,33.63483
28.52,9.751354,116.52577,-0.00013770536,1.0612438,33.63654
28.53,9.751652,116.62368,-0.00013384596,1.0576315,33.638245
28.54,9.751948,116.72155,-0.00012972392,1.0540323,33.63993
28.55,9.752239,116.81947,-0.0001260098,1.0504436,33.641624
28.56,9.752532,116.917366,-0.00012256578,1.0468657,33.643295
28.57,9.752817,117.01532,-0.0001193583,1.0432991,33.644962
28.58,9.753103,117.113266,-0.00011575967,1.0397403,33.64663
28.59,9.753386,117.21125,-0.00011308864,1.036196,33.648296
28.6,9.753662,117.309235,-0.00010970421,1.032662,33.64996
28.61,9.753942,117.40718,-0.000107122585,1.0291388,33.6516
28.62,9.75422,117.50511,-0.00010453258,1.0256269,33.653244
28.63,9.754494,117.60308,-0.00010236446,1.0221252,33.654884
28.64,9.754763,117.70103,-0.00010018889,1.0186357,33.656513
28.65,9.7550335,117.79901,-9.816885e-05,1.0151565,33.658134
28.66,9.755299,117.89699,-9.6257776e-05,1.011688,33.659756
28.67,9.755564,117.99496,-9.450689e-05,1.0082312,33.66136
28.68,9.755821,118.09296,-9.340793e-05,1.004785,33.66296
28.69,9.756079,118.19092,-9.201374e-05,1.001349,33.66457
28.7,9.756334,118.28891,-9.1194175e-05,0.99792427,33.666164
28.71,9.756587,118.3868,-9.040255e-05,0.9945102,33.667744
28.72,9.756834,118.48474,-8.9947134e-05,0.9911055,33.66933
28.73,9.757083,118.58271,-8.947123e-05,0.987716,33.670914
28.74,9.757331,118.68067,-8.951966e-05,0.9843359,33.672478
28.75,9.757574,118.778595,-8.951966e-05,0.98096204,33.67403
28.76,9.757812,118.876526,-9.0024434e-05,0.9776039,33.675602
28.77,9.758048,118.974434,-9.063445e-05,0.9742546,33.677155
28.78,9.758286,119.07233,-9.124633e-05,0.9709157,33.678707
28.79,9.758519,119.1702,-9.242445e-05,0.96758926,33.680237
28.8,9.758747,119.26804,-9.35765e-05,0.9642715,33.68178
28.81,9.758975,119.365906,-9.468291e-05,0.96096563,33.68332
28.82,9.759202,119.46375,-9.619538e-05,0.9576715,33.684845
28.83,9.759425,119.56159,-9.825546e-05,0.95438474,33.686363
28.84,9.7596445,119.659386,-0.0001002904,0.951114,33.68787
28.85,9.759861,119.75715,-0.00010228064,0.9478498,33.68938
28.86,9.760079,119.85491,-0.00010399986,0.9445989,33.690876
28.87,9.760291,119.95265,-0.0001066681,0.94135475,33.69238
28.88,9.760503,120.05037,-0.000109460205,0.93812364,33.693867
28.89,9.760714,120.14809,-0.00011186581,0.93490434,33.695366
28.9,9.76092,120.24571,-0.00011494104,0.9316976,33.69685
28.91,9.761125,120.34339,-0.00011760369,0.92849785,33.69833
28.92,9.761329,120.44104,-0.00012109894,0.92530966,33.6998
28.93,9.761531,120.53869,-0.00012429617,0.9221338,33.701267
28.94,9.761724,120.63625,-0.00012709014,0.9189669,33.702724
28.95,9.761924,120.7338,-0.0001306571,0.9158124,33.704193
28.96,9.762121,120.83129,-0.00013432372,0.9126668,33.705647
28.97,9.762318,120.9288,-0.00013779383,0.909533,33.707096
28.98,9.762506,121.026306,-0.00014147535,0.90641093,33.70853
28.99,9.762696,121.12376,-0.00014510192,0.9032974,33.709976
29.0,9.76288,121.221214,-0.00014853757,0.9001968,33.71141
29.01,9.763069,121.3186,-0.00015237462,0.8971057,33.712845
29.02,9.763254,121.41601,-0.00015607383,0.89402515,33.714264
29.03,9.763439,121.513336,-0.00015961193,0.8909583,33.71568
29.04,9.763622,121.610695,-0.00016338378,0.8879001,33.717106
29.05,9.763804,121.70798,-0.00016727298,0.88485265,33.71851
29.06,9.763984,121.805275,-0.00017065834,0.88181543,33.719913
29.07,9.764158,121.90254,-0.00017443765,0.8787904,33.721317
29.08,9.764336,121.99977,-0.00017802417,0.8757745,33.72271
29.09,9.764509,122.09701,-0.00018182863,0.8727678,33.724113
29.1,9.764681,122.19423,-0.00018488709,0.86977637,33.725502
29.11,9.764856,122.29143,-0.00018811785,0.86679393,33.726875
29.12,9.765024,122.38859,-0.0001915833,0.86382043,33.728268
29.13,9.765197,122.4857,-0.00019459147,0.8608602,33.729633
29.14,9.765363,122.58284,-0.00019779988,0.8579118,33.731003
29.15,9.765531,122.679924,-0.00020076148,0.8549702,33.732365
29.16,9.765698,122.77702,-0.00020350795,0.85204303,33.73373
29.17,9.765865,122.874146,-0.00020606723,0.84912354,33.73508
29.18,9.766026,122.9712,-0.00020854641,0.84621835,33.736423
29.19,9.766189,123.06828,-0.0002106931,0.8433193,33.737774
29.2,9.76635,123.165344,-0.00021308195,0.84043396,33.739117
29.21,9.766511,123.26239,-0.00021460559,0.83755857,33.740448
29.22,9.766671,123.35944,-0.00021667872,0.8346932,33.741787
29.23,9.766828,123.45647,-0.00021821726,0.83183837,33.743122
29.24,9.766987,123.553535,-0.00021983683,0.8289975,33.74445
29.25,9.767139,123.65058,-0.00022130273,0.8261622,33.74576
29.26,9.767291,123.74763,-0.00022226293,0.82334125,33.747063
29.27,9.76745,123.844666,-0.0002233237,0.8205284,33.74837
29.28,9.767602,123.94176,-0.00022399798,0.81772786,33.74969
29.29,9.767754,124.03884,-0.00022431649,0.8149384,33.750996
29.3,9.767903,124.13589,-0.00022447761,0.8121551,33.752293
29.31,9.768055,124.23299,-0.00022497494,0.8093864,33.753582
29.32,9.768204,124.3301,-0.00022493489,0.8066249,33.754883
29.33,9.768353,124.427216,-0.00022447947,0.8038752,33.75616
29.34,9.768496,124.52437,-0.00022433233,0.80113673,33.757435
29.35,9.76864,124.62153,-0.0002236152,0.79840684,33.758713
29.36,9.7687845,124.71872,-0.00022250693,0.79568934,33.75998
29.37,9.76893,124.815956,-0.00022188853,0.7929794,33.76125
29.38,9.769072,124.91319,-0.00022053812,0.7902796,33.762505
29.39,9.769212,125.01046,-0.00021906104,0.787591,33.76376
29.4,9.769347,125.10778,-0.00021740794,0.7849119,33.76502
29.41,9.769485,125.20511,-0.00021592807,0.782241,33.76627
29.42,9.769618,125.30249,-0.00021396019,0.77958083,33.767498
29.43,9.769755,125.39991,-0.00021178741,0.7769339,33.76874
29.44,9.769888,125.497345,-0.0002094591,0.7742932,33.769978
29.45,9.770018,125.59486,-0.0002071308,0.7716602,33.771206
29.46,9.770144,125.692345,-0.00020480622,0.76904184,33.77243
29.47,9.770269,125.78995,-0.00020212308,0.7664281,33.773647
29.48,9.770396,125.88757,-0.0001994893,0.7638265,33.774864
29.49,9.770522,125.98523,-0.0001965044,0.761232,33.776066
29.5,9.770645,126.08295,-0.00019368064,0.7586499,33.77727
29.51,9.770768,126.18072,-0.0001907656,0.7560743,33.778473
29.52,9.770884,126.27854,-0.00018744543,0.75350773,33.779675
29.53,9.771003,126.37641,-0.00018439535,0.7509529,33.780853
29.54,9.771113,126.47428,-0.00018105097,0.7484056,33.782032
29.55,9.771228,126.57225,-0.00017772429,0.7458666,33.783226
29.56,9.7713375,126.670265,-0.00017441157,0.74333584,33.784393
29.57,9.771442,126.76831,-0.00017108954,0.740815,33.78556
29.58,9.771551,126.86641,-0.00016772561,0.7383013,33.786728
29.59,9.771652,126.964554,-0.00016416516,0.73579866,33.7879
29.6,9.771758,127.06281,-0.00016111508,0.73329854,33.789036
29.61,9.771855,127.16102,-0.0001578154,0.73081183,33.790184
29.62,9.771954,127.25933,-0.00015452597,0.72833085,33.79133
29.63,9.772047,127.35764,-0.00015095901,0.72586143,33.79247
29.64,9.772138,127.45598,-0.00014791824,0.72339994,33.7936
29.65,9.772227,127.554405,-0.00014466885,0.72094274,33.79473
29.66,9.772316,127.65287,-0.00014193542,0.71849203,33.79586
29.67,9.772401,127.75135,-0.00013860408,0.7160531,33.79698
29.68,9.772484,127.84986,-0.00013562664,0.71362066,33.798096
29.69,9.772562,127.94838,-0.00013308506,0.71119565,33.7992
29.7,9.772646,128.04692,-0.0001302557,0.70877767,33.800304
29.71,9.772722,128.14554,-0.00012758095,0.7063681,33.8014
29.72,9.772798,128.2441,-0.00012532156,0.7039629,33.802494
29.73,9.772867,128.34268,-0.0001230631,0.70156765,33.8036
29.74,9.772938,128.44133,-0.00012079626,0.69918,33.804672
29.75,9.773006,128.53989,-0.00011884328,0.69679666,33.805756
29.76,9.773072,128.63852,-0.000116938725,0.69442064,33.80684
29.77,9.773139,128.7371,-0.00011511333,0.69205356,33.80792
29.78,9.773201,128.83566,-0.00011378713,0.68969136,33.80898
29.79,9.773263,128.93423,-0.0001123501,0.6873336,33.81003
29.8,9.773321,129.03271,-0.00011130795,0.6849861,33.811092
29.81,9.7733755,129.13116,-0.0001103878,0.6826401,33.81215
29.82,9.7734375,129.22961,-0.00010976195,0.68030345,33.813206
29.83,9.773494,129.32802,-0.00010930654,0.67797387,33.814243
29.84,9.773548,129.42635,-0.00010886509,0.67564887,33.815285
29.85,9.773601,129.52457,-0.00010882411,0.67332816,33.81632
29.86,9.773653,129.62274,-0.000109171495,0.6710144,33.81736
29.87,9.773705,129.72081,-0.00010913517,0.66870725,33.818382
29.88,9.773758,129.81879,-0.00010970235,0.6664051,33.819405
29.89,9.773809,129.91667,-0.000110593624,0.66410667,33.82042
29.9,9.77386,130.01443,-0.00011144485,0.6618172,33.821445
29.91,9.773911,130.11205,-0.00011278689,0.65953,33.822456
29.92,9.773963,130.20955,-0.00011395477,0.65724814,33.823463
29.93,9.774014,130.3069,-0.0001157159,0.6549715,33.824474
29.94,9.774067,130.40411,-0.00011760276,0.652696,33.82548
29.95,9.77412,130.5011,-0.00011953991,0.6504334,33.82648
29.96,9.774174,130.59796,-0.000121798366,0.64817053,33.827488
29.97,9.774229,130.69458,-0.00012427103,0.645914,33.82847
29.98,9.774287,130.79106,-0.00012656301,0.64365876,33.829464
29.99,9.774347,130.88725,-0.00012950879,0.6414099,33.830456
30.0,9.774409,130.98325,-0.00013272371,0.6391652,33.83144
30.01,9.774472,131.07903,-0.00013610348,0.6369249,33.832424
30.02,9.774536,131.17451,-0.0001397198,0.6346892,33.833416
30.03,9.774605,131.26976,-0.00014337711,0.63245815,33.834396
30.04,9.774677,131.36475,-0.00014678296,0.630229,33.835377
30.05,9.774753,131.45937,-0.0001513483,0.62800616,33.836357
30.06,9.774828,131.55377,-0.0001553027,0.6257845,33.837334
30.07,9.774913,131.64786,-0.00015951507,0.6235686,33.838306
30.08,9.774997,131.74156,-0.00016430486,0.6213532,33.83928
30.09,9.77509,131.83495,-0.00016900431,0.61914504,33.840256
30.1,9.775183,131.92801,-0.00017384533,0.6169404,33.841225
30.11,9.775281,132.02065,-0.00017879624,0.6147337,33.842194
30.12,9.775385,132.11299,-0.00018409267,0.61253566,33.843166
30.13,9.775496,132.2048,-0.00018981937,0.6103384,33.84413
30.14,9.775613,132.29636,-0.00019519404,0.60814446,33.845104
30.15,9.775732,132.38742,-0.0002010623,0.6059532,33.846073
30.16,9.775862,132.47804,-0.00020685326,0.6037674,33.847034
30.17,9.775993,132.5683,-0.00021334738,0.6015786,33.848007
30.18,9.776137,132.65802,-0.00021920167,0.59939766,33.848976
30.19,9.776281,132.74736,-0.00022565573,0.5972202,33.849953
30.2,9.776438,132.83617,-0.00023184996,0.59504104,33.850914
30.21,9.776601,132.9245,-0.00023901835,0.59286547,33.851883
30.22,9.7767725,133.01233,-0.00024562515,0.5906937,33.852856
30.23,9.776948,133.09967,-0.0002528401,0.5885223,33.85382
30.24,9.777134,133.18645,-0.00026013982,0.586355,33.854794
30.25,9.7773285,133.27267,-0.0002675671,0.5841894,33.85577
30.26,9.777531,133.35846,-0.00027497765,0.5820233,33.856743
30.27,9.777741,133.4436,-0.00028281007,0.5798668,33.85772
30.28,9.777961,133.52821,-0.00029034633,0.5777081,33.85869
30.29,9.77819,133.61223,-0.00029871706,0.5755518,33.859673
30.3,9.778427,133.69563,-0.00030705053,0.5733947,33.86064
30.31,9.77868,133.77852,-0.00031534396,0.57123965,33.861637
30.32,9.778935,133.86075,-0.0003240127,0.5690919,33.862614
30.33,9.7792015,133.94241,-0.00033313874,0.56693953,33.863583
30.34,9.779483,134.02345,-0.00034240168,0.56479114,33.86457
30.35,9.779765,134.1038,-0.00035179034,0.5626453,33.86556
30.36,9.7800665,134.1836,-0.00036138855,0.56050026,33.86655
30.37,9.780374,134.26271,-0.00037104264,0.55835766,33.867527
30.38,9.780693,134.34114,-0.0003812369,0.55621487,33.868523
30.39,9.781019,134.41899,-0.0003916938,0.5540744,33.86952
30.4,9.78136,134.49608,-0.0004026126,0.5519359,33.870518
30.41,9.781713,134.57259,-0.00041364226,0.54979783,33.871506
30.42,9.782071,134.64836,-0.00042488612,0.54765785,33.8725
30.43,9.782444,134.72351,-0.00043639634,0.54552525,33.87351
30.44,9.782828,134.79796,-0.00044859014,0.54339033,33.87451
30.45,9.783219,134.87169,-0.00046086498,0.5412571,33.875526
30.46,9.783627,134.94473,-0.0004738588,0.5391253,33.87653
30.47,9.78404,135.0171,-0.00048703328,0.5369943,33.87754
30.48,9.784469,135.08876,-0.0005006641,0.53486246,33.878544
30.49,9.784907,135.1597,-0.0005143834,0.5327328,33.879562
30.5,9.7853565,135.23001,-0.0005292138,0.5306055,33.88058
30.51,9.785816,135.29951,-0.0005442798,0.52847683,33.88159
30.52,9.786284,135.3684,-0.00055940356,0.52634937,33.88261
30.53,9.786768,135.43642,-0.00057564117,0.52422506,33.883633
30.54,9.787264,135.50385,-0.0005919486,0.5221,33.88465
30.55,9.787767,135.57051,-0.00060883537,0.5199752,33.88568
30.56,9.788285,135.63649,-0.00062674563,0.51785195,33.8867
30.57,9.78881,135.70177,-0.00064453855,0.51572835,33.88774
30.58,9.789345,135.76628,-0.0006631771,0.51360625,33.88876
30.59,9.789891,135.83008,-0.000683208,0.51148003,33.8898
30.6,9.790449,135.8932,-0.00070274435,0.5093605,33.89082
30.61,9.7910185,135.95561,-0.00072363485,0.50724,33.89186
30.62,9.791597,136.01727,-0.0007449556,0.5051203,33.8929
30.63,9.792189,136.07822,-0.00076706987,0.5030001,33.893936
30.64,9.792787,136.13846,-0.00078960694,0.5008801,33.89497
30.65,9.793399,136.198,-0.00081360806,0.4987589,33.89601
30.66,9.7940235,136.25684,-0.00083806086,0.49664026,33.897057
30.67,9.794656,136.31494,-0.00086302124,0.49452394,33.89809
30.68,9.795292,136.37233,-0.0008889185,0.4924049,33.899143
30.69,9.79594,136.4291,-0.00091579836,0.49028578,33.90019
30.7,9.796599,136.48509,-0.00094353966,0.48817176,33.901234
30.71,9.797269,136.5404,-0.00097196735,0.48605224,33.902275
30.72,9.797942,136.59502,-0.0010015937,0.4839365,33.903324
30.73,9.798637,136.64899,-0.0010319483,0.4818198,33.904377
30.74,9.799332,136.70224,-0.0010631857,0.47970274,33.90542
30.75,9.800035,136.75482,-0.0010956824,0.47758478,33.906467
30.76,9.800747,136.80675,-0.0011286624,0.47546864,33.90752
30.77,9.801472,136.85806,-0.001162936,0.47335312,33.90857
30.78,9.8022,136.90855,-0.0011980506,0.4712395,33.909615
30.79,9.802941,136.95845,-0.0012344168,0.46912107,33.910667
30.8,9.803687,137.00774,-0.0012717843,0.46700755,33.91172
30.81,9.80444,137.05635,-0.0013101948,0.46489102,33.91277
30.82,9.805207,137.10431,-0.001349818,0.46277577,33.913822
30.83,9.805974,137.15163,-0.0013900138,0.4606593,33.91488
30.84,9.806752,137.19833,-0.0014318293,0.45854282,33.91591
30.85,9.807537,137.2444,-0.0014746487,0.4564284,33.916973
30.86,9.808328,137.28978,-0.0015187282,0.45431298,33.918026
30.87,9.809124,137.33467,-0.0015638452,0.4521959,33.919067
30.88,9.809931,137.37885,-0.0016102074,0.45008242,33.920113
30.89,9.810742,137.42242,-0.0016577952,0.44796482,33.921158
30.9,9.811563,137.46544,-0.001706061,0.44585034,33.922203
30.91,9.8123865,137.50786,-0.0017559947,0.4437355,33.923256
30.92,9.813218,137.5497,-0.0018073274,0.44161978,33.924286
30.93,9.814053,137.59096,-0.0018598819,0.43950382,33.92534
30.94,9.814894,137.6316,-0.0019136863,0.4373879,33.92637
30.95,9.815743,137.6717,-0.0019684816,0.43527332,33.92742
30.96,9.816598,137.71118,-0.002024508,0.43315846,33.928467
30.97,9.817453,137.7502,-0.0020821942,0.43104133,33.929497
30.98,9.818313,137.78865,-0.0021407409,0.42892614,33.93053
30.99,9.819183,137.8265,-0.002200731,0.42680916,33.931576
31.0,9.820053,137.8639,-0.0022620829,0.42469305,33.932602
31.01,9.820929,137.90071,-0.0023246827,0.42257962,33.93364
31.02,9.821811,137.937,-0.0023885863,0.4204647,33.934666
31.03,9.822696,137.97278,-0.002453777,0.41834846,33.93569
31.04,9.823587,138.00807,-0.0025204709,0.41623443,33.93673
31.05,9.82448,138.04286,-0.0025886586,0.41411737,33.93775
31.06,9.825374,138.07712,-0.0026579509,0.41200152,33.938766
31.07,9.826276,138.11092,-0.0027285377,0.40988362,33.9398
31.08,9.827182,138.1442,-0.0028004004,0.40776846,33.940804
31.09,9.82809,138.17702,-0.0028737532,0.4056559,33.94183
31.1,9.8289995,138.20938,-0.0029482497,0.4035377,33.942844
31.11,9.829911,138.24126,-0.0030241525,0.4014217,33.94385
31.12,9.830828,138.27267,-0.0031015845,0.39930674,33.944862
31.13,9.831749,138.30365,-0.0031803763,0.3971907,33.94586
31.14,9.832668,138.33421,-0.0032606972,0.39507666,33.946877
31.15,9.833591,138.36427,-0.003341877,0.39296132,33.947872
31.16,9.834519,138.3939,-0.0034247274,0.39084437,33.94887
31.17,9.835444,138.42314,-0.0035090605,0.38873094,33.94987
31.18,9.836379,138.45197,-0.003594379,0.3866136,33.950874
31.19,9.837312,138.48036,-0.003681439,0.38449946,33.951862
31.2,9.838246,138.50835,-0.0037695123,0.3823858,33.952847
31.21,9.839179,138.53592,-0.0038589956,0.3802709,33.953835
31.22,9.8401165,138.56313,-0.003949591,0.37815621,33.954815
31.23,9.841057,138.58989,-0.0040420527,0.37604234,33.955795
31.24,9.841996,138.61635,-0.0041355016,0.37392867,33.95676
31.25,9.842938,138.64235,-0.0042303866,0.37181446,33.95775
31.26,9.84388,138.66803,-0.004326598,0.36969972,33.95872
31.27,9.844827,138.69334,-0.0044240085,0.36758605,33.95969
31.28,9.845773,138.71826,-0.0045225313,0.36547425,33.96066
31.29,9.846712,138.74284,-0.004622671,0.3633614,33.96162
31.3,9.847659,138.76707,-0.0047240006,0.3612494,33.96258
31.31,9.848606,138.79095,-0.004826811,0.3591373,33.963535
31.32,9.849554,138.8145,-0.00493081,0.35702503,33.964485
31.33,9.850501,138.83772,-0.005036286,0.35491323,33.965446
31.34,9.85145,138.86057,-0.0051425183,0.35280365,33.966385
31.35,9.852399,138.88312,-0.0052502668,0.35069227,33.967327
31.36,9.853344,138.9054,-0.0053592315,0.3485816,33.96827
31.37,9.854292,138.92732,-0.005469148,0.34647393,33.9692
31.38,9.855243,138.94897,-0.0055810967,0.3443645,33.97014
31.39,9.856192,138.97021,-0.005693528,0.3422577,33.971073
31.4,9.85714,138.99129,-0.005807546,0.34014755,33.971996
31.41,9.858088,139.012,-0.0059224823,0.3380417,33.972916
31.42,9.859034,139.03246,-0.0060387244,0.3359347,33.973846
31.43,9.85998,139.05258,-0.006155993,0.33382872,33.97475
31.44,9.860928,139.07246,-0.00627469,0.33172485,33.975674
31.45,9.861873,139.09206,-0.006394799,0.3296219,33.976578
31.46,9.862817,139.11134,-0.006515301,0.3275162,33.977497
31.47,9.863766,139.13045,-0.006637375,0.32541475,33.978397
31.48,9.864707,139.14923,-0.0067605777,0.32331195,33.979298
31.49,9.865653,139.16776,-0.0068847584,0.32121038,33.980194
31.5,9.866592,139.18607,-0.007010176,0.31910717,33.981083
31.51,9.867534,139.20407,-0.0071365824,0.31700987,33.98198
31.52,9.868475,139.22192,-0.007263855,0.31490916,33.982857
31.53,9.869415,139.23946,-0.007392592,0.31281117,33.983746
31.54,9.870353,139.25679,-0.0075222785,0.3107146,33.984623
31.55,9.871291,139.27388,-0.007652919,0.30862197,33.985493
31.56,9.872221,139.29071,-0.007784524,0.3065253,33.986374
31.57,9.873158,139.30737,-0.0079175,0.30442896,33.987247
31.58,9.874093,139.3238,-0.008050813,0.3023379,33.988102
31.59,9.875028,139.33998,-0.008185393,0.3002472,33.988968
31.6,9.8759575,139.35597,-0.008321173,0.29815376,33.989826
31.61,9.876886,139.37172,-0.0084576225,0.29606703,33.990677
31.62,9.877815,139.38731,-0.008595488,0.29397935,33.99152
31.63,9.878739,139.40268,-0.008733581,0.29189113,33.992374
31.64,9.879664,139.4178,-0.008873236,0.28980654,33.99322
31.65,9.880584,139.43277,-0.009013503,0.28772306,33.994064
31.66,9.881507,139.4476,-0.009154509,0.2856404,33.9949
31.67,9.882426,139.46216,-0.009296647,0.28355885,33.99573
31.68,9.883344,139.47658,-0.009439577,0.28147766,33.996563
31.69,9.884257,139.49077,-0.009583312,0.27940094,33.997387
31.7,9.88517,139.50482,-0.009727652,0.27732527,33.99821
31.71,9.886086,139.51866,-0.0098732645,0.27525043,33.999023
31.72,9.886992,139.53232,-0.010019348,0.27317584,33.99984
31.73,9.887904,139.54585,-0.010166383,0.27110434,34.00065
31.74,9.888808,139.5592,-0.0103143575,0.26903552,34.001465
31.75,9.889715,139.57233,-0.010462602,0.26696447,34.002262
31.76,9.890617,139.58542,-0.010611837,0.2648998,34.003075
31.77,9.891517,139.59822,-0.010761975,0.26283607,34.00387
31.78,9.892414,139.61093,-0.010912797,0.26076913,34.004654
31.79,9.893311,139.62347,-0.011064232,0.25870907,34.005444
31.8,9.894203,139.63585,-0.011216271,0.2566499,34.006237
31.81,9.895093,139.64812,-0.011369376,0.25459036,34.00702
31.82,9.895986,139.66019,-0.011522741,0.25253594,34.007797
31.83,9.896874,139.67215,-0.011677011,0.2504835,34.008575
31.84,9.897759,139.68396,-0.011831819,0.24843004,34.009342
31.85,9.8986435,139.6956,-0.011986871,0.24638365,34.010113
31.86,9.899519,139.70714,-0.012143212,0.24433164,34.010868
31.87,9.900394,139.71854,-0.012299725,0.24228857,34.011642
31.88,9.901274,139.7298,-0.0124572,0.2402477,34.012398
31.89,9.902145,139.74088,-0.0126145715,0.23820508,34.01315
31.9,9.903016,139.75189,-0.012772969,0.23616534,34.013897
31.91,9.903885,139.76279,-0.012931987,0.23413143,34.014652
31.92,9.904755,139.77354,-0.013091275,0.23209368,34.015392
31.93,9.905614,139.78412,-0.013251341,0.23006289,34.01613
31.94,9.906476,139.79462,-0.013411741,0.22803272,34.016865
31.95,9.907333,139.80502,-0.013573085,0.226007,34.0176
31.96,9.90819,139.81525,-0.013734332,0.22398342,34.01833
31.97,9.909041,139.82542,-0.013895948,0.22196136,34.01906
31.98,9.909895,139.8354,-0.014058177,0.21994318,34.019775
31.99,9.910741,139.84537,-0.014221142,0.21792527,34.0205
32.0,9.91159,139.8552,-0.014384276,0.21591006,34.021214
32.01,9.912429,139.86491,-0.014547919,0.21390034,34.02193
32.02,9.913268,139.87447,-0.014712057,0.21188733,34.02263
32.03,9.914106,139.88397,-0.014876266,0.20988351,34.02333
32.04,9.914946,139.89339,-0.015041401,0.20787999,34.024036
32.05,9.915775,139.9026,-0.015206541,0.20588285,34.02473
32.06,9.916606,139.9118,-0.015371938,0.20388304,34.02543
32.07,9.917432,139.9209,-0.015537924,0.20188712,34.02612
32.08,9.918258,139.92989,-0.015703917,0.1998931,34.026806
32.09,9.919078,139.93877,-0.015870623,0.19790661,34.02749
32.1,9.919899,139.94757,-0.016037334,0.19591926,34.028168
32.11,9.920714,139.9563,-0.016204558,0.19393604,34.028843
32.12,9.921526,139.96489,-0.01637179,0.19195557,34.029514
32.13,9.922337,139.97343,-0.016539786,0.18997726,34.03019
32.14,9.923144,139.98184,-0.016707458,0.18800528,34.030846
32.15,9.923953,139.99026,-0.016875744,0.18603319,34.031517
32.16,9.924754,139.99849,-0.017044272,0.18406397,34.032177
32.17,9.925553,140.00664,-0.017212871,0.18209942,34.032833
32.18,9.926349,140.01471,-0.017381702,0.18013722,34.03349
32.19,9.92714,140.02274,-0.017551195,0.17817865,34.034126
32.2,9.927935,140.03073,-0.017720167,0.1762239,34.034767
32.21,9.928721,140.0385,-0.017889649,0.17427258,34.035408
32.22,9.929505,140.04625,-0.01805957,0.1723238,34.036053
32.23,9.930289,140.05397,-0.018229123,0.17037602,34.036682
32.24,9.931067,140.06158,-0.01839894,0.16843626,34.037315
32.25,9.931843,140.06915,-0.018569153,0.1664977,34.037952
32.26,9.932619,140.0766,-0.018739503,0.1645638,34.038563
32.27,9.93339,140.08401,-0.01890998,0.1626299,34.03919
32.28,9.934155,140.09131,-0.019080397,0.16070366,34.039803
32.29,9.934918,140.09851,-0.019251242,0.15877768,34.040417
32.3,9.93568,140.10573,-0.019421708,0.1568557,34.04102
32.31,9.9364395,140.11281,-0.019592535,0.15493923,34.041626
32.32,9.937194,140.11986,-0.019763298,0.15302393,34.042236
32.33,9.937947,140.12682,-0.019934457,0.15111366,34.042828
32.34,9.938697,140.13371,-0.020105496,0.14920694,34.04343
32.35,9.939445,140.14053,-0.02027665,0.14730498,34.04402
32.36,9.9401865,140.1474,-0.020447522,0.14540407,34.04461
32.37,9.940928,140.15402,-0.020618789,0.14350986,34.04519
32.38,9.9416685,140.16066,-0.020790089,0.14161637,34.045776
32.39,9.942403,140.16725,-0.02096146,0.1397267,34.04635
32.4,9.943134,140.17372,-0.021132682,0.13784412,34.046925
32.41,9.943863,140.1802,-0.021303844,0.13596392,34.0475
32.42,9.944591,140.18661,-0.021475054,0.13408747,34.04807
32.43,9.945311,140.19293,-0.021646116,0.13221392,34.04863
32.44,9.946032,140.1992,-0.02181727,0.13034093,34.04919
32.45,9.946748,140.20543,-0.021988537,0.12847865,34.049747
32.46,9.947456,140.21156,-0.022159666,0.126618,34.0503
32.47,9.94817,140.21768,-0.022330746,0.12476084,34.050854
32.48,9.948877,140.2237,-0.022501763,0.12290603,34.051395
32.49,9.949581,140.2297,-0.022672582,0.121053964,34.051952
32.5,9.950282,140.23563,-0.022843335,0.11921057,34.052486
32.51,9.950981,140.24149,-0.023014318,0.117369324,34.053017
32.52,9.951677,140.24734,-0.023184959,0.11552799,34.053543
32.53,9.952368,140.2531,-0.023355827,0.113695025,34.05408
32.54,9.95306,140.25882,-0.023526456,0.1118654,34.0546
32.55,9.953745,140.2645,-0.02369665,0.11004096,34.05513
32.56,9.954429,140.27011,-0.023867052,0.10821918,34.05566
32.57,9.955106,140.27568,-0.024037387,0.10640171,34.056168
32.58,9.955784,140.28119,-0.024207544,0.104588985,34.05667
32.59,9.956453,140.28664,-0.024377652,0.1027756,34.057182
32.6,9.957126,140.29204,-0.02454732,0.100973606,34.057693
32.61,9.957795,140.2974,-0.024717215,0.09917244,34.058186
32.62,9.958458,140.3028,-0.024886683,0.09737459,34.058693
32.63,9.959119,140.30798,-0.025056146,0.095581055,34.059177
32.64,9.959777,140.31325,-0.025225446,0.093791604,34.05967
32.65,9.960432,140.31842,-0.025394935,0.09200683,34.06016
32.66,9.961083,140.32355,-0.025563613,0.09023005,34.060642
32.67,9.96173,140.32866,-0.025732305,0.08845082,34.06113
32.68,9.962377,140.33366,-0.025901068,0.08667928,34.0616
32.69,9.963018,140.33862,-0.026069444,0.08491218,34.062077
32.7,9.963657,140.34358,-0.02623785,0.08314744,34.062546
32.71,9.964294,140.34851,-0.026405811,0.08138955,34.063023
32.72,9.964929,140.35335,-0.026573673,0.07963389,34.063473
32.73,9.965558,140.35818,-0.026741348,0.077883005,34.06393
32.74,9.966185,140.36293,-0.026908856,0.0761345,34.064396
32.75,9.966811,140.36768,-0.027076341,0.07439414,34.06485
32.76,9.967429,140.37238,-0.027243607,0.07265407,34.06529
32.77,9.968048,140.37703,-0.027410302,0.07092106,34.065742
32.78,9.968662,140.38165,-0.02757696,0.069188714,34.066193
32.79,9.969273,140.38622,-0.027743384,0.06746486,34.06662
32.8,9.969883,140.39075,-0.027909491,0.06574476,34.067062
32.81,9.970487,140.3952,-0.028075367,0.06402591,34.067493
32.82,9.971086,140.39966,-0.028241035,0.062313825,34.06792
32.83,9.971686,140.40407,-0.028406758,0.060605794,34.06835
32.84,9.972282,140.40843,-0.028571963,0.058899343,34.068764
32.85,9.972873,140.41277,-0.028737046,0.057201892,34.069183
32.86,9.973467,140.41707,-0.028901849,0.055503786,34.069603
32.87,9.9740505,140.42133,-0.029066328,0.053813756,34.070004
32.88,9.974635,140.42554,-0.029230762,0.052127272,34.070427
32.89,9.975212,140.42972,-0.0293944,0.05044368,34.07083
32.9,9.975791,140.43388,-0.029558368,0.048768103,34.071228
32.91,9.976364,140.43797,-0.029721878,0.047091007,34.07163
32.92,9.976935,140.44208,-0.029885106,0.045422792,34.07202
32.93,9.977501,140.44608,-0.030047975,0.043755025,34.07241
32.94,9.9780655,140.45007,-0.030210875,0.042096168,34.072807
32.95,9.97863,140.45406,-0.03037326,0.04043761,34.07319
32.96,9.979186,140.45796,-0.030535392,0.03878382,34.07357
32.97,9.979743,140.4619,-0.03069703,0.03713399,34.073944
32.98,9.980297,140.46571,-0.03085896,0.03549069,34.074318
32.99,9.980844,140.46953,-0.031020157,0.033847094,34.07469
33.0,9.981387,140.47325,-0.031181186,0.0322133,34.075054
33.01,9.981932,140.47707,-0.031341918,0.030581743,34.07542
33.02,9.982472,140.48077,-0.031502135,0.028955251,34.07578
33.03,9.983007,140.48447,-0.03166243,0.027331442,34.076134
33.04,9.983543,140.4881,-0.031822454,0.025709927,34.076496
33.05,9.984073,140.4917,-0.03198225,0.024094999,34.076836
33.06,9.984602,140.49532,-0.032141484,0.022484839,34.077183
33.07,9.9851265,140.49887,-0.03230024,0.020878702,34.077534
33.08,9.985648,140.5024,-0.032458983,0.019275814,34.077873
33.09,9.986167,140.50586,-0.032617442,0.017677754,34.078197
33.1,9.986681,140.50934,-0.032775443,0.016083032,34.07855
33.11,9.987194,140.51277,-0.032933425,0.014494538,34.078873
33.12,9.987704,140.51613,-0.033090737,0.012907654,34.0792
33.13,9.988209,140.51949,-0.033248045,0.0113274455,34.079517
33.14,9.98871,140.52287,-0.03340496,0.009748489,34.079834
33.15,9.989213,140.52615,-0.03356176,0.008173078,34.08016
33.16,9.98971,140.52945,-0.03371781,0.006606877,34.08047
33.17,9.990207,140.53265,-0.033873826,0.0050384104,34.080776
33.18,9.990692,140.53586,-0.034029573,0.0034790933,34.081078
33.19,9.991185,140.53905,-0.034184746,0.0019214451,34.081394
33.2,9.991668,140.54219,-0.034339864,0.00036725402,34.08169
33.21,9.992151,140.54529,-0.034494758,-0.0011809766,34.081993
33.22,9.992632,140.54842,-0.034649197,-0.0027261078,34.082264
33.23,9.993108,140.55142,-0.03480338,-0.0042679906,34.082577
33.24,9.99358,140.55447,-0.034957018,-0.005805999,34.082855
33.25,9.994051,140.5575,-0.035110787,-0.0073399544,34.08313
33.26,9.994517,140.56047,-0.03526393,-0.008866519,34.083412
33.27,9.994982,140.56345,-0.035416674,-0.010394305,34.08369
33.28,9.995445,140.56633,-0.035569258,-0.011915773,34.08397
33.29,9.995904,140.56923,-0.03572185,-0.013432115,34.08423
33.3,9.996358,140.57202,-0.03587357,-0.014947265,34.0845
33.31,9.996813,140.5749,-0.03602517,-0.016459346,34.084766
33.32,9.99726,140.57776,-0.036176816,-0.0179618,34.085026
33.33,9.997708,140.5805,-0.036328,-0.019467235,34.085274
33.34,9.998153,140.58325,-0.0364787,-0.020965308,34.085537
33.35,9.998594,140.58598,-0.036629044,-0.022461265,34.08579
33.36,9.99903,140.58867,-0.036779255,-0.023952216,34.08603
33.37,9.999466,140.59132,-0.036929123,-0.02543816,34.086277
33.38,9.999898,140.59398,-0.03707864,-0.026922375,34.086506
33.39,10.000326,140.59662,-0.037227932,-0.028402716,34.08675
33.4,10.000753,140.59914,-0.03737671,-0.02987808,34.08698
33.41,10.001178,140.60176,-0.037525386,-0.03134969,34.087208
33.42,10.001599,140.60425,-0.037673555,-0.032821,34.08743
33.43,10.002017,140.60678,-0.037822023,-0.034285516,34.087658
33.44,10.002432,140.60925,-0.03796953,-0.03574601,34.08788
33.45,10.002843,140.61172,-0.038116686,-0.037205905,34.088093
33.46,10.003253,140.61415,-0.038264006,-0.038659096,34.088306
33.47,10.003658,140.61656,-0.038410783,-0.04011056,34.088528
33.48,10.004062,140.6189,-0.03855741,-0.04155624,34.08873
33.49,10.004465,140.62129,-0.03870368,-0.043001562,34.088932
33.5,10.004863,140.62367,-0.03884945,-0.04444015,34.089134
33.51,10.005257,140.62592,-0.03899512,-0.045877934,34.089325
33.52,10.005651,140.62819,-0.039140582,-0.047314405,34.089523
33.53,10.006041,140.63048,-0.039285254,-0.048744082,34.089714
33.54,10.006431,140.63269,-0.039430264,-0.050171167,34.08989
33.55,10.006812,140.6349,-0.039574947,-0.051592678,34.09009
33.56,10.0071945,140.63704,-0.03971897,-0.053014845,34.09027
33.57,10.007572,140.63922,-0.039863016,-0.054429322,34.09045
33.58,10.00795,140.64139,-0.040006597,-0.05584541,34.090614
33.59,10.008321,140.64348,-0.040149715,-0.057255685,34.090786
33.6,10.008694,140.6456,-0.04029269,-0.05866158,34.090965
33.61,10.00906,140.64764,-0.040435582,-0.060068518,34.091125
33.62,10.009428,140.64969,-0.04057832,-0.061466068,34.09129
33.63,10.009786,140.6517,-0.040720582,-0.06286478,34.091446
33.64,10.010149,140.6537,-0.040862303,-0.06425995,34.091602
33.65,10.010505,140.65562,-0.041004006,-0.06565067,34.09176
33.66,10.010861,140.65758,-0.041145504,-0.067040145,34.091908
33.67,10.011213,140.6595,-0.04128653,-0.06842345,34.09205
33.68,10.011561,140.66138,-0.041427694,-0.06980616,34.09219
33.69,10.011909,140.66325,-0.041568045,-0.071187526,34.092335
33.7,10.012251,140.66515,-0.041708514,-0.07256457,34.09247
33.71,10.012592,140.66696,-0.04184857,-0.073939025,34.092606
33.72,10.01293,140.6688,-0.04198834,-0.07530838,34.092728
33.73,10.013267,140.6706,-0.04212811,-0.07667503,34.092857
33.74,10.013602,140.67235,-0.042267207,-0.07804161,34.092983
33.75,10.013933,140.67407,-0.042406023,-0.07939884,34.093098
33.76,10.014259,140.6758,-0.04254497,-0.08076063,34.09322
33.77,10.014587,140.67747,-0.042683892,-0.08212027,34.09333
33.78,10.014911,140.67912,-0.042822316,-0.083468944,34.09345
33.79,10.015229,140.68079,-0.04296026,-0.0848254,34.093555
33.8,10.015547,140.68245,-0.043097816,-0.0861696,34.093655
33.81,10.015863,140.68405,-0.043235604,-0.08751488,34.09376
33.82,10.016176,140.68561,-0.04337311,-0.08885926,34.09386
33.83,10.016486,140.68718,-0.043509886,-0.09019822,34.09395
33.84,10.016791,140.68872,-0.04364711,-0.09153819,34.094044
33.85,10.017099,140.69028,-0.043783683,-0.0928731,34.094135
33.86,10.017401,140.69174,-0.043920066,-0.094207585,34.09422
33.87,10.017703,140.69325,-0.04405622,-0.09553683,34.094307
33.88,10.018001,140.69467,-0.04419224,-0.096863806,34.094387
33.89,10.018293,140.69612,-0.04432818,-0.09819043,34.09446
33.9,10.018592,140.69754,-0.044463463,-0.09951168,34.09454
33.91,10.018879,140.69893,-0.04459917,-0.10083306,34.094616
33.92,10.019165,140.70032,-0.044734083,-0.10215074,34.09468
33.93,10.019449,140.70168,-0.044869184,-0.10346937,34.09474
33.94,10.019735,140.70297,-0.04500378,-0.10478121,34.09481
33.95,10.020016,140.7043,-0.045138456,-0.1060946,34.09486
33.96,10.020293,140.7056,-0.045272477,-0.107403636,34.094917
33.97,10.02057,140.70688,-0.045406602,-0.108709455,34.094975
33.98,10.020844,140.70811,-0.045540474,-0.110014975,34.09503
33.99,10.021118,140.70937,-0.045674305,-0.11132002,34.095078
34.0,10.021386,140.71056,-0.04580779,-0.11261821,34.095116
34.01,10.021652,140.71178,-0.04594129,-0.113918364,34.095154
34.02,10.021917,140.71295,-0.046074703,-0.11521596,34.095192
34.03,10.022176,140.7141,-0.046207547,-0.11651158,34.095222
34.04,10.022436,140.7152,-0.04634022,-0.117803395,34.095245
34.05,10.022694,140.71635,-0.04647291,-0.11909497,34.095287
34.06,10.02295,140.71744,-0.046605397,-0.120381296,34.095303
34.07,10.023202,140.71846,-0.046737667,-0.121670365,34.095333
34.08,10.023453,140.71956,-0.046869766,-0.12295711,34.095345
34.09,10.023701,140.7206,-0.04700175,-0.124239385,34.095367
34.1,10.023944,140.72156,-0.047133196,-0.12552094,34.095383
34.11,10.024188,140.72258,-0.047265053,-0.12680322,34.09539
34.12,10.024427,140.72356,-0.04739655,-0.1280812,34.095398
34.13,10.024668,140.72455,-0.047527835,-0.1293596,34.0954
34.14,10.024906,140.72546,-0.047658738,-0.13063067,34.09541
34.15,10.02514,140.72638,-0.04778984,-0.13190573,34.095406
34.16,10.0253725,140.7273,-0.04792085,-0.13317835,34.0954
34.17,10.025601,140.72816,-0.0480513,-0.13444883,34.095398
34.18,10.025828,140.729,-0.04818193,-0.13571763,34.095375
34.19,10.026056,140.7299,-0.048312616,-0.1369847,34.09538
34.2,10.026278,140.7307,-0.048442807,-0.13825089,34.09535
34.21,10.026501,140.73152,-0.04857296,-0.1395157,34.095333
34.22,10.026717,140.7323,-0.048702996,-0.14078021,34.095314
34.23,10.026936,140.73306,-0.048832733,-0.14203995,34.095287
34.24,10.02715,140.73383,-0.048962872,-0.14330047,34.095257
34.25,10.027363,140.73454,-0.049092416,-0.1445598,34.095226
34.26,10.027573,140.73526,-0.049221937,-0.14581847,34.095196
34.27,10.0277815,140.73595,-0.049351346,-0.1470781,34.095146
34.28,10.027988,140.73665,-0.049480464,-0.1483329,34.09512
34.29,10.028191,140.73729,-0.049609866,-0.1495868,34.095074
34.3,10.028393,140.73795,-0.04973915,-0.15084124,34.09503
34.31,10.028594,140.73857,-0.049867872,-0.152094,34.094975
34.32,10.028789,140.73921,-0.049997266,-0.15334159,34.09493
34.33,10.028985,140.73978,-0.0501257,-0.15459329,34.094868
34.34,10.029181,140.74037,-0.050254557,-0.15584385,34.09481
34.35,10.029372,140.74086,-0.050383445,-0.15709221,34.094757
34.36,10.029563,140.74144,-0.0505119,-0.15834081,34.094685
34.37,10.029751,140.74197,-0.05064025,-0.1595878,34.094627
34.38,10.029936,140.74245,-0.050768804,-0.16083431,34.09455
34.39,10.030118,140.74292,-0.050897118,-0.16207916,34.094486
34.4,10.0303,140.74338,-0.051025745,-0.16332471,34.09441
34.41,10.03048,140.74385,-0.051153902,-0.16456771,34.09434
34.42,10.030657,140.74428,-0.051281955,-0.16580796,34.09425
34.43,10.030833,140.74472,-0.051409874,-0.16705048,34.094166
34.44,10.031011,140.74509,-0.051537927,-0.16829216,34.09409
34.45,10.03118,140.74548,-0.051666018,-0.1695345,34.093994
34.46,10.031348,140.74583,-0.051793758,-0.17077512,34.093906
34.47,10.031517,140.7462,-0.051921677,-0.17201781,34.09382
34.48,10.031683,140.74655,-0.052049737,-0.17325276,34.093716
34.49,10.031845,140.74684,-0.052177485,-0.1744951,34.093616
34.5,10.032004,140.74713,-0.052305,-0.17573023,34.0935
34.51,10.032166,140.74742,-0.05243278,-0.17696828,34.093395
34.52,10.032325,140.74763,-0.052560646,-0.17820638,34.0933
34.53,10.032485,140.74791,-0.052688394,-0.17944229,34.09318
34.54,10.032635,140.74812,-0.052816015,-0.18068093,34.093067
34.55,10.032787,140.74834,-0.052943353,-0.18191588,34.092945
34.56,10.032939,140.74852,-0.05307131,-0.18315297,34.09283
34.57,10.033089,140.74872,-0.053198334,-0.18438876,34.092705
34.58,10.033234,140.74892,-0.053326417,-0.18562806,34.092575
34.59,10.033379,140.74904,-0.05345365,-0.18686205,34.09245
34.6,10.033521,140.74911,-0.05358127,-0.18809599,34.09231
34.61,10.033661,140.74925,-0.053708907,-0.1893335,34.09218
34.62,10.033801,140.7494,-0.053836275,-0.19056934,34.092045
34.63,10.0339365,140.74947,-0.053963933,-0.19180441,34.091904
34.64,10.034071,140.74953,-0.05409151,-0.19303644,34.09176
34.65,10.034209,140.74957,-0.05421896,-0.19427621,34.091614
34.66,10.03434,140.74959,-0.05434635,-0.19551277,34.091465
34.67,10.034471,140.74962,-0.05447397,-0.1967467,34.091312
34.68,10.0346,140.74959,-0.05460185,-0.19798595,34.09116
34.69,10.034726,140.7496,-0.05472925,-0.19922096,34.091003
34.7,10.034849,140.74956,-0.054857146,-0.20045751,34.090843
34.71,10.034973,140.74951,-0.054984625,-0.20169145,34.09067
34.72,10.035094,140.74944,-0.0551125,-0.20292932,34.09051
34.73,10.035217,140.74936,-0.055240165,-0.20416838,34.090347
34.74,10.035334,140.74925,-0.055368196,-0.2054041,34.090168
34.75,10.035451,140.74916,-0.055495728,-0.20664358,34.090008
34.76,10.035565,140.74904,-0.055623855,-0.20788121,34.089817
34.77,10.035679,140.7489,-0.05575181,-0.20912164,34.089634
34.78,10.035788,140.74875,-0.05587965,-0.21035981,34.089455
34.79,10.035897,140.74861,-0.056007605,-0.21159935,34.08927
34.8,10.036003,140.74841,-0.056136083,-0.21284193,34.08908
34.81,10.036112,140.74818,-0.056264136,-0.21408182,34.088882
34.82,10.036216,140.748,-0.05639221,-0.21532518,34.088696
34.83,10.036321,140.74771,-0.056520585,-0.21656585,34.0885
34.84,10.036418,140.74748,-0.05664896,-0.21780598,34.088303
34.85,10.03652,140.74722,-0.056777377,-0.2190538,34.0881
34.86,10.036615,140.74695,-0.056905862,-0.22029907,34.087887
34.87,10.036713,140.74664,-0.057034787,-0.22154456,34.087685
34.88,10.036808,140.74634,-0.05716339,-0.22279072,34.087475
34.89,10.036898,140.74602,-0.057292204,-0.22403932,34.087254
34.9,10.036994,140.74568,-0.05742122,-0.22528195,34.087044
34.91,10.037083,140.74532,-0.057550136,-0.22653186,34.086826
34.92,10.037169,140.74496,-0.05767906,-0.22778183,34.086594
34.93,10.037257,140.74454,-0.05780836,-0.22903341,34.086376
34.94,10.037342,140.74413,-0.057937358,-0.23028618,34.086143
34.95,10.037427,140.74373,-0.058066998,-0.23153877,34.08592
34.96,10.037507,140.74327,-0.0581966,-0.23279297,34.085682
34.97,10.037585,140.74284,-0.058326144,-0.23404944,34.08545
34.98,10.037668,140.74237,-0.058456104,-0.2353034,34.08521
34.99,10.0377445,140.74193,-0.058585893,-0.23656273,34.084965
35.0,10.037822,140.74142,-0.05871595,-0.23782301,34.08473
35.01,10.037893,140.74089,-0.05884589,-0.23907948,34.084476
35.02,10.037966,140.74039,-0.058976162,-0.24034,34.084225
35.03,10.038037,140.73985,-0.059106465,-0.2416032,34.08397
35.04,10.038106,140.73933,-0.05923717,-0.24286723,34.083714
35.05,10.038176,140.73874,-0.059367966,-0.24413139,34.083466
35.06,10.03824,140.73813,-0.05949864,-0.24539757,34.083195
35.07,10.038305,140.73758,-0.059629653,-0.24666661,34.082935
35.08,10.038371,140.73695,-0.059760768,-0.2479356,34.08266
35.09,10.038431,140.73631,-0.05989212,-0.24920654,34.082394
35.1,10.038493,140.73572,-0.06002379,-0.25048012,34.082127
35.11,10.03855,140.73505,-0.06015512,-0.25175285,34.081844
35.12,10.038606,140.73439,-0.060287174,-0.25302643,34.081573
35.13,10.038665,140.73373,-0.060419116,-0.25430423,34.081284
35.14,10.038721,140.73302,-0.060551,-0.2555822,34.08101
35.15,10.03877,140.73227,-0.06068336,-0.25686413,34.080723
35.16,10.038826,140.73157,-0.06081577,-0.2581473,34.080425
35.17,10.038875,140.73083,-0.060948472,-0.2594329,34.080143
35.18,10.038926,140.73009,-0.06108154,-0.2607162,34.07985
35.19,10.038971,140.72932,-0.061214197,-0.2620026,34.079548
35.2,10.039018,140.72855,-0.061347608,-0.2632922,34.079247
35.21,10.0390625,140.72777,-0.061480965,-0.26458555,34.07894
35.22,10.039106,140.7269,-0.06161469,-0.2658798,34.078632
35.23,10.0391445,140.7261,-0.061748404,-0.2671737,34.07833
35.24,10.039187,140.72523,-0.061882425,-0.2684723,34.078022
35.25,10.039225,140.72443,-0.06201679,-0.2697705,34.0777
35.26,10.039265,140.72354,-0.06215102,-0.2710718,34.077393
35.27,10.039302,140.72264,-0.062285934,-0.27237624,34.07706
35.28,10.039336,140.72177,-0.062420662,-0.27368212,34.07674
35.29,10.039368,140.72089,-0.06255593,-0.27498776,34.076412
35.3,10.039402,140.71999,-0.06269121,-0.27629727,34.07609
35.31,10.039432,140.71904,-0.06282674,-0.27760905,34.075752
35.32,10.039461,140.71803,-0.0629626,-0.27892393,34.075428
35.33,10.039491,140.7171,-0.06309831,-0.28024012,34.075085
35.34,10.03952,140.71611,-0.06323498,-0.28156096,34.074745
35.35,10.039543,140.71512,-0.063371375,-0.2828794,34.07441
35.36,10.039568,140.71408,-0.06350806,-0.28420216,34.07407
35.37,10.039592,140.71307,-0.06364482,-0.2855307,34.07371
35.38,10.039615,140.71202,-0.063782476,-0.2868585,34.073357
35.39,10.039634,140.711,-0.063919656,-0.28818685,34.07301
35.4,10.039654,140.7099,-0.064057276,-0.28952134,34.072643
35.41,10.039671,140.70886,-0.064195886,-0.29085755,34.072292
35.42,10.039689,140.70778,-0.06433359,-0.2921931,34.071922
35.43,10.039701,140.70663,-0.06447236,-0.29353577,34.07156
35.44,10.039715,140.70552,-0.06461125,-0.2948773,34.071194
35.45,10.039727,140.70439,-0.06475017,-0.29622465,34.07082
35.46,10.039739,140.70328,-0.0648895,-0.2975738,34.070454
35.47,10.03975,140.70207,-0.065029256,-0.29892582,34.07008
35.48,10.039762,140.70091,-0.06516911,-0.30027992,34.069695
35.49,10.039766,140.6997,-0.06530948,-0.30163687,34.069317
35.5,10.039772,140.69849,-0.065449946,-0.30299568,34.068928
35.51,10.039779,140.69733,-0.06559074,-0.3043583,34.068542
35.52,10.039782,140.69609,-0.06573192,-0.3057263,34.068157
35.53,10.0397835,140.69484,-0.06587334,-0.30709177,34.067764
35.54,10.039787,140.69357,-0.06601489,-0.30846357,34.067368
35.55,10.039785,140.69229,-0.06615722,-0.30983853,34.066963
35.56,10.039787,140.691,-0.06629925,-0.3112163,34.066563
35.57,10.039784,140.68973,-0.0664419,-0.31259435,34.066162
35.58,10.03978,140.68842,-0.066584945,-0.3139791,34.06575
35.59,10.039776,140.68707,-0.066728294,-0.3153655,34.065342
35.6,10.039769,140.68576,-0.06687166,-0.31675446,34.06493
35.61,10.039763,140.68437,-0.06701545,-0.3181463,34.064514
35.62,10.039754,140.68303,-0.067159764,-0.3195426,34.064083
35.63,10.0397415,140.68163,-0.06730428,-0.32094222,34.063667
35.64,10.039733,140.68022,-0.067449465,-0.32234323,34.063244
35.65,10.039723,140.67882,-0.06759465,-0.32374883,34.06282
35.66,10.039711,140.6774,-0.0677404,-0.32515705,34.062386
35.67,10.039693,140.67596,-0.06788618,-0.32656968,34.06196
35.68,10.0396805,140.67453,-0.068032555,-0.32798594,34.06152
35.69,10.039661,140.67307,-0.068178855,-0.3294025,34.061085
35.7,10.039646,140.67157,-0.068325974,-0.33082592,34.06064
35.71,10.039629,140.6701,-0.068473406,-0.33224863,34.06019
35.72,10.039609,140.6686,-0.06862118,-0.3336802,34.059742
35.73,10.039588,140.66707,-0.068769306,-0.33511192,34.059296
35.74,10.039562,140.66551,-0.06891757,-0.33654797,34.05885
35.75,10.039539,140.66396,-0.06906631,-0.33798826,34.058384
35.76,10.039517,140.66241,-0.06921552,-0.3394314,34.05792
35.77,10.0394945,140.66086,-0.06936511,-0.34088063,34.05746
35.78,10.039464,140.65927,-0.06951496,-0.34232628,34.05699
35.79,10.039437,140.65764,-0.069665395,-0.34378183,34.05653
35.8,10.039408,140.65604,-0.069816075,-0.3452373,34.056057
35.81,10.039378,140.65445,-0.06996711,-0.3467,34.055584
35.82,10.039348,140.65276,-0.07011891,-0.3481651,34.055103
35.83,10.039313,140.65114,-0.07027062,-0.3496346,34.054623
35.84,10.039283,140.64948,-0.07042273,-0.3511083,34.05415
35.85,10.0392475,140.6478,-0.07057555,-0.35258394,34.05366
35.86,10.039213,140.64609,-0.07072841,-0.3540656,34.053165
35.87,10.039175,140.6444,-0.070882,-0.35555094,34.052685
35.88,10.039139,140.64264,-0.07103567,-0.3570376,34.052185
35.89,10.0391,140.64091,-0.07119008,-0.35853308,34.05168
35.9,10.03906,140.63916,-0.07134494,-0.36003047,34.05118
35.91,10.039019,140.63742,-0.0715,-0.36153007,34.050682
35.92,10.0389805,140.63564,-0.07165609,-0.36303538,34.050175
35.93,10.038937,140.63387,-0.07181169,-0.36454344,34.04966
35.94,10.038891,140.63202,-0.071968235,-0.36605543,34.049152
35.95,10.038846,140.6302,-0.07212477,-0.36757272,34.04864
35.96,10.038797,140.62837,-0.07228221,-0.36909395,34.04812
35.97,10.0387535,140.62654,-0.07243999,-0.37061918,34.047596
35.98,10.038705,140.62466,-0.07259825,-0.37215012,34.047073
35.99,10.038657,140.62283,-0.07275669,-0.3736831,34.046543
36.0,10.038606,140.62091,-0.07291596,-0.375221,34.04602
36.01,10.038554,140.61906,-0.073075384,-0.37676495,34.04548
36.02,10.038501,140.61714,-0.07323542,-0.37831277,34.04494
36.03,10.03845,140.61519,-0.07339587,-0.3798632,34.044407
36.04,10.038398,140.61327,-0.07355688,-0.38141984,34.04386
36.05,10.038338,140.6113,-0.07371821,-0.38297892,34.04332
36.06,10.038285,140.60934,-0.07387978,-0.38454556,34.042774
36.07,10.038228,140.60738,-0.07404215,-0.38611102,34.04223
36.08,10.038167,140.60538,-0.074205026,-0.38768774,34.04167
36.09,10.038107,140.60336,-0.07436838,-0.38926548,34.0411
36.1,10.038049,140.60135,-0.07453198,-0.3908475,34.040546
36.11,10.037988,140.5993,-0.07469616,-0.39243764,34.039986
36.12,10.037928,140.59726,-0.07486092,-0.3940292,34.039417
36.13,10.037861,140.5952,-0.075026244,-0.39562643,34.03885
36.14,10.037797,140.59314,-0.075191714,-0.39722967,34.038277
36.15,10.037731,140.59102,-0.07535786,-0.3988346,34.0377
36.16,10.037664,140.58891,-0.075524606,-0.40044516,34.03711
36.17,10.0376,140.58684,-0.07569185,-0.40206063,34.036533
36.18,10.03753,140.58469,-0.07585967,-0.40368217,34.035957
36.19,10.037459,140.58253,-0.07602755,-0.40530628,34.035362
36.2,10.037394,140.58037,-0.076196514,-0.40693825,34.03478
36.21,10.03732,140.57822,-0.07636563,-0.40857524,34.034176
36.22,10.037249,140.57599,-0.0765354,-0.41021556,34.03358
36.23,10.037174,140.57382,-0.07670552,-0.4118595,34.03297
36.24,10.037101,140.5716,-0.07687646,-0.4135093,34.032375
36.25,10.037024,140.56935,-0.07704772,-0.4151665,34.03177
36.26,10.036946,140.56712,-0.077219486,-0.41682518,34.03116
36.27,10.036871,140.5649,-0.07739185,-0.41849345,34.03055
36.28,10.036794,140.5626,-0.077564836,-0.42016482,34.029915
36.29,10.036717,140.56032,-0.07773838,-0.42184156,34.02931
36.3,10.036636,140.55801,-0.077911936,-0.4235195,34.028687
36.31,10.036555,140.55573,-0.0780867,-0.42520726,34.028053
36.32,10.03647,140.55339,-0.07826177,-0.42690146,34.027435
36.33,10.036388,140.55104,-0.07843744,-0.42859685,34.0268
36.34,10.036305,140.54866,-0.07861356,-0.4303004,34.026165
36.35,10.0362215,140.54631,-0.07879024,-0.43200433,34.02552
36.36,10.036135,140.54395,-0.07896749,-0.43371934,34.024883
36.37,10.036051,140.54158,-0.07914548,-0.43543768,34.02424
36.38,10.035965,140.53914,-0.07932399,-0.4371614,34.02358
36.39,10.035876,140.5367,-0.07950283,-0.43888897,34.022934
36.4,10.035785,140.53424,-0.07968239,-0.44062585,34.02228
36.41,10.035696,140.53186,-0.07986252,-0.44236457,34.02162
36.42,10.035606,140.52937,-0.08004336,-0.44411033,34.02097
36.43,10.035516,140.52689,-0.080224805,-0.44586456,34.020298
36.44,10.03542,140.5244,-0.080406785,-0.4476213,34.019627
36.45,10.035327,140.5219,-0.080588944,-0.449382,34.018955
36.46,10.035232,140.5194,-0.08077205,-0.4511484,34.018284
36.47,10.035142,140.51686,-0.08095569,-0.4529236,34.01761
36.48,10.035044,140.5143,-0.08113992,-0.45470357,34.016926
36.49,10.034945,140.51176,-0.08132495,-0.45649076,34.016247
36.5,10.034847,140.5092,-0.081510074,-0.45828003,34.01556
36.51,10.034747,140.5066,-0.081696354,-0.46007562,34.014866
36.52,10.034648,140.50398,-0.08188308,-0.46188045,34.01417
36.53,10.034544,140.50137,-0.08207047,-0.4636885,34.013474
36.54,10.034445,140.49873,-0.082258314,-0.4655035,34.01278
36.55,10.034342,140.49611,-0.082446925,-0.4673252,34.01207
36.56,10.034239,140.49341,-0.08263602,-0.4691509,34.01136
36.57,10.034135,140.49075,-0.0828256,-0.4709831,34.01065
36.58,10.034028,140.48805,-0.08301615,-0.4728223,34.00994
36.59,10.033924,140.48537,-0.083207324,-0.47466397,34.00923
36.6,10.033819,140.48262,-0.083399065,-0.47651547,34.008503
36.61,10.033707,140.47993,-0.08359101,-0.4783727,34.00778
36.62,10.033601,140.47717,-0.08378405,-0.4802351,34.007046
36.63,10.033489,140.47441,-0.083977714,-0.48210442,34.006325
36.64,10.03338,140.47166,-0.08417201,-0.48398,34.00559
36.65,10.033269,140.46889,-0.08436704,-0.48586088,34.004845
36.66,10.033154,140.46608,-0.084562294,-0.48774713,34.00411
36.67,10.033044,140.46324,-0.084758654,-0.4896409,34.003372
36.68,10.03293,140.46037,-0.08495548,-0.49154282,34.002617
36.69,10.032818,140.45757,-0.08515289,-0.49344903,34.001873
36.7,10.0327,140.45471,-0.085351266,-0.49535966,34.001118
36.71,10.032582,140.45186,-0.08555006,-0.49727815,34.00036
36.72,10.032463,140.44897,-0.0857499,-0.49920684,33.9996
36.73,10.032345,140.44604,-0.085949846,-0.50113666,33.998833
36.74,10.032226,140.44312,-0.086150534,-0.5030737,33.998062
36.75,10.032107,140.44019,-0.08635216,-0.5050214,33.997303
36.76,10.031984,140.43724,-0.08655452,-0.5069699,33.996532
36.77,10.031866,140.43428,-0.08675721,-0.50892746,33.995747
36.78,10.031743,140.43134,-0.08696104,-0.5108919,33.994957
36.79,10.031616,140.42833,-0.087165274,-0.51286364,33.99418
36.8,10.031496,140.42531,-0.08737023,-0.5148395,33.99339
36.81,10.031374,140.42232,-0.08757589,-0.5168247,33.9926
36.82,10.031245,140.41927,-0.08778237,-0.5188168,33.9918
36.83,10.031118,140.41626,-0.087989315,-0.5208141,33.991005
36.84,10.030991,140.41318,-0.088197246,-0.52281857,33.990204
36.85,10.030864,140.41011,-0.088405654,-0.52482986,33.989403
36.86,10.030734,140.40698,-0.08861507,-0.52685076,33.988598
36.87,10.030605,140.4039,-0.08882484,-0.52887094,33.987778
36.88,10.030476,140.40077,-0.08903566,-0.53090405,33.98696
36.89,10.03034,140.39764,-0.08924684,-0.5329425,33.986137
36.9,10.0302105,140.39452,-0.08945906,-0.53499115,33.98532
36.91,10.030075,140.39133,-0.08967186,-0.5370435,33.98449
36.92,10.0299425,140.38812,-0.089885406,-0.5390989,33.983654
36.93,10.029804,140.38496,-0.090099886,-0.5411685,33.982826
36.94,10.029672,140.38174,-0.09031482,-0.54324013,33.98199
36.95,10.029538,140.37852,-0.09053075,-0.54532087,33.98114
36.96,10.029397,140.3753,-0.0907472,-0.54740804,33.980312
36.97,10.029259,140.37207,-0.090964496,-0.549504,33.979458
36.98,10.029119,140.36879,-0.091182426,-0.5516041,33.978603
36.99,10.02898,140.3655,-0.0914014,-0.5537143,33.977745
37.0,10.02884,140.36218,-0.09162087,-0.5558291,33.976883
37.01,10.028699,140.35889,-0.09184093,-0.5579533,33.97602
37.02,10.028558,140.35551,-0.09206207,-0.5600867,33.975163
37.03,10.028415,140.35222,-0.09228385,-0.56222314,33.97428
37.04,10.028272,140.34883,-0.092506714,-0.5643701,33.973415
37.05,10.028126,140.34544,-0.09272989,-0.56651956,33.972538
37.06,10.027978,140.34209,-0.0929543,-0.5686793,33.971653
37.07,10.027834,140.3387,-0.093178906,-0.57084924,33.97077
37.08,10.027686,140.33527,-0.09340471,-0.5730219,33.96988
37.09,10.027541,140.33183,-0.09363102,-0.5752049,33.968983
37.1,10.0273905,140.32835,-0.093858324,-0.5773954,33.968094
37.11,10.027242,140.32489,-0.09408662,-0.57959235,33.967194
37.12,10.027091,140.32143,-0.09431529,-0.5817975,33.966293
37.13,10.0269375,140.31796,-0.09454502,-0.5840102,33.965374
37.14,10.026786,140.31444,-0.094775125,-0.5862284,33.964474
37.15,10.026633,140.31091,-0.0950066,-0.588457,33.963547
37.16,10.026484,140.30734,-0.09523856,-0.5906923,33.96264
37.17,10.026327,140.30379,-0.09547143,-0.5929332,33.961716
37.18,10.0261755,140.30022,-0.09570508,-0.59518516,33.96079
37.19,10.026019,140.29663,-0.09593973,-0.5974449,33.95987
37.2,10.025863,140.29305,-0.0961749,-0.59970975,33.95894
37.21,10.025706,140.28941,-0.09641109,-0.6019846,33.957993
37.22,10.025544,140.28577,-0.096648015,-0.6042681,33.957043
37.23,10.025387,140.28212,-0.09688569,-0.60655916,33.95611
37.24,10.025229,140.27846,-0.09712441,-0.608853,33.955162
37.25,10.025065,140.27478,-0.09736379,-0.6111611,33.9542
37.26,10.024905,140.2711,-0.097603835,-0.6134732,33.953247
37.27,10.024746,140.26736,-0.097845055,-0.6157948,33.952282
37.28,10.024579,140.2637,-0.09808689,-0.61812425,33.951324
37.29,10.024418,140.2599,-0.09832956,-0.62046146,33.950348
37.3,10.024254,140.25616,-0.09857327,-0.6228055,33.949387
37.31,10.024088,140.25238,-0.09881763,-0.62515914,33.948406
37.32,10.023922,140.2486,-0.0990631,-0.6275226,33.94743
37.33,10.023754,140.24477,-0.0993095,-0.6298903,33.946445
37.34,10.023586,140.24097,-0.0995564,-0.632269,33.945457
37.35,10.023421,140.23712,-0.09980427,-0.6346519,33.94446
37.36,10.023252,140.2333,-0.10005308,-0.63704896,33.94347
37.37,10.023079,140.22945,-0.10030247,-0.6394522,33.942467
37.38,10.022908,140.22551,-0.10055344,-0.6418631,33.941467
37.39,10.022738,140.22162,-0.10080445,-0.6442833,33.94046
37.4,10.022565,140.2177,-0.10105683,-0.6467116,33.939457
37.41,10.02239,140.21378,-0.10131007,-0.6491461,33.93844
37.42,10.022218,140.20981,-0.101563685,-0.6515889,33.93742
37.43,10.022042,140.20584,-0.10181852,-0.6540431,33.93639
37.44,10.021868,140.20189,-0.10207434,-0.6565056,33.93537
37.45,10.021692,140.19789,-0.102331094,-0.6589745,33.934334
37.46,10.021514,140.19386,-0.10258844,-0.661451,33.933304
37.47,10.0213375,140.18982,-0.10284733,-0.66393745,33.932266
37.48,10.021159,140.18579,-0.103106394,-0.6664306,33.931232
37.49,10.020983,140.18167,-0.10336703,-0.66893744,33.930183
37.5,10.020802,140.17761,-0.103628084,-0.6714492,33.929127
37.51,10.020622,140.17351,-0.10389011,-0.67397034,33.928066
37.52,10.020438,140.1694,-0.104153,-0.67650104,33.92701
37.53,10.020253,140.16527,-0.104416855,-0.6790372,33.92595
37.54,10.020074,140.16118,-0.10468182,-0.6815852,33.924885
37.55,10.019888,140.157,-0.104947604,-0.6841415,33.92381
37.56,10.019703,140.15282,-0.105214015,-0.68670654,33.922737
37.57,10.019517,140.14864,-0.10548162,-0.6892787,33.921658
37.58,10.019331,140.14444,-0.10575009,-0.69186103,33.920567
37.59,10.019145,140.1402,-0.106019646,-0.69445205,33.919487
37.6,10.018957,140.13593,-0.10629,-0.69704914,33.918392
37.61,10.01877,140.13168,-0.10656134,-0.6996589,33.917297
37.62,10.0185795,140.12744,-0.106833726,-0.70227706,33.916203
37.63,10.01839,140.12311,-0.10710689,-0.70490646,33.91508
37.64,10.018201,140.1188,-0.107380874,-0.70754063,33.913982
37.65,10.018007,140.1145,-0.10765633,-0.71018493,33.912865
37.66,10.017815,140.11017,-0.10793224,-0.71284044,33.91176
37.67,10.017624,140.10577,-0.10820903,-0.7155026,33.910633
37.68,10.017429,140.1014,-0.108487055,-0.7181753,33.909504
37.69,10.017234,140.09698,-0.10876612,-0.7208562,33.908382
37.7,10.017039,140.09262,-0.10904579,-0.7235452,33.90724
37.71,10.016842,140.0882,-0.109326884,-0.72624373,33.9061
37.72,10.0166445,140.08372,-0.10960858,-0.7289541,33.90497
37.73,10.016445,140.07928,-0.10989152,-0.7316723,33.903816
37.74,10.016248,140.07478,-0.110175304,-0.7343999,33.90266
37.75,10.01605,140.07025,-0.11046016,-0.73713493,33.90152
37.76,10.015851,140.06578,-0.110746,-0.7398808,33.90036
37.77,10.015648,140.06123,-0.11103243,-0.74263465,33.899185
37.78,10.015447,140.05669,-0.11132031,-0.74540126,33.89802
37.79,10.015245,140.05214,-0.11160881,-0.74817395,33.896847
37.8,10.01504,140.04755,-0.1118987,-0.7509564,33.89568
37.81,10.014837,140.04294,-0.11218936,-0.7537507,33.894497
37.82,10.01463,140.03838,-0.11248093,-0.7565534,33.893307
37.83,10.014429,140.0337,-0.11277392,-0.7593633,33.89212
37.84,10.014221,140.02908,-0.113067545,-0.76218617,33.890923
37.85,10.014014,140.02438,-0.11336226,-0.76501966,33.88973
37.86,10.013806,140.01971,-0.113657914,-0.76785874,33.88853
37.87,10.013602,140.01503,-0.113954656,-0.7707057,33.887318
37.88,10.013387,140.01028,-0.11425235,-0.7735702,33.8861
37.89,10.013178,140.00557,-0.11455115,-0.7764362,33.88489
37.9,10.012966,140.0008,-0.1148512,-0.779317,33.883663
37.91,10.012755,139.99605,-0.115151696,-0.7822031,33.88244
37.92,10.012543,139.99126,-0.11545368,-0.7851031,33.881214
37.93,10.012329,139.98645,-0.115756445,-0.78801405,33.87998
37.94,10.012117,139.98161,-0.1160605,-0.7909311,33.87874
37.95,10.0119,139.97675,-0.116365515,-0.79385996,33.8775
37.96,10.011684,139.97188,-0.116671346,-0.7967973,33.87625
37.97,10.011467,139.96704,-0.11697855,-0.79974675,33.875
37.98,10.011251,139.96213,-0.117286675,-0.8027046,33.873745
37.99,10.011032,139.95721,-0.117595784,-0.8056749,33.87249
38.0,10.010816,139.95226,-0.117906146,-0.8086475,33.871216
38.01,10.010596,139.94731,-0.118216924,-0.81163526,33.86995
38.02,10.010378,139.94235,-0.11852943,-0.81463635,33.86868
38.03,10.010156,139.93736,-0.11884292,-0.8176422,33.8674
38.04,10.009932,139.93231,-0.11915747,-0.8206606,33.86611
38.05,10.00971,139.92734,-0.11947239,-0.82368875,33.86483
38.06,10.00949,139.92232,-0.11978919,-0.8267251,33.863537
38.07,10.009263,139.91727,-0.120107,-0.8297745,33.86224
38.08,10.009039,139.91219,-0.12042565,-0.8328371,33.860935
38.09,10.008812,139.90707,-0.1207455,-0.8359026,33.859634
38.1,10.008585,139.90198,-0.121066086,-0.8389813,33.85831
38.11,10.008359,139.89682,-0.121388294,-0.84207106,33.857002
38.12,10.00813,139.89171,-0.12171129,-0.8451711,33.855686
38.13,10.0079,139.88652,-0.12203532,-0.84828305,33.854362
38.14,10.007671,139.88132,-0.122360565,-0.8514011,33.853027
38.15,10.007444,139.8761,-0.122686975,-0.8545351,33.851696
38.16,10.007212,139.87086,-0.123014145,-0.85767496,33.85036
38.17,10.00698,139.86568,-0.12334255,-0.86082566,33.849014
38.18,10.006748,139.86041,-0.123672344,-0.863989,33.847664
38.19,10.006511,139.85512,-0.124002926,-0.86715984,33.846313
38.2,10.006279,139.84982,-0.124334805,-0.8703468,33.844955
38.21,10.006043,139.84451,-0.12466783,-0.873539,33.843594
38.22,10.005809,139.83914,-0.12500195,-0.87673974,33.842224
38.23,10.00557,139.83383,-0.12533669,-0.8799566,33.840855
38.24,10.005332,139.82845,-0.12567341,-0.88318276,33.839485
38.25,10.005095,139.82306,-0.12601091,-0.8864192,33.838097
38.26,10.004856,139.81763,-0.12634909,-0.8896642,33.836708
38.27,10.004619,139.81221,-0.12668861,-0.89292204,33.835327
38.28,10.004374,139.8068,-0.12702979,-0.89619064,33.833916
38.29,10.00413,139.80133,-0.12737155,-0.8994688,33.832523
38.3,10.003891,139.79584,-0.12771446,-0.9027612,33.831116
38.31,10.003647,139.79031,-0.12805896,-0.906059,33.82971
38.32,10.003404,139.7848,-0.12840419,-0.909371,33.828285
38.33,10.003159,139.77928,-0.12875022,-0.9126947,33.826874
38.34,10.002914,139.77371,-0.12909801,-0.91602707,33.825443
38.35,10.002665,139.7681,-0.12944669,-0.91936994,33.824017
38.36,10.00242,139.76251,-0.1297967,-0.9227252,33.82258
38.37,10.002172,139.75691,-0.1301478,-0.9260899,33.821148
38.38,10.001921,139.75128,-0.13049996,-0.92946684,33.81969
38.39,10.001674,139.7456,-0.13085325,-0.93285537,33.818253
38.4,10.001426,139.73993,-0.13120797,-0.9362538,33.8168
38.41,10.001168,139.73425,-0.13156353,-0.93966436,33.815342
38.42,10.000921,139.72855,-0.13192043,-0.9430847,33.813877
38.43,10.000667,139.7228,-0.13227853,-0.94651806,33.812397
38.44,10.000414,139.71701,-0.13263763,-0.94996154,33.81093
38.45,10.000159,139.71124,-0.13299808,-0.95341563,33.80945
38.46,9.999904,139.70546,-0.13335961,-0.9568814,33.80796
38.47,9.999649,139.69965,-0.13372242,-0.96035874,33.806484
38.48,9.99939,139.69382,-0.13408649,-0.9638461,33.804974
38.49,9.999136,139.68796,-0.13445173,-0.9673463,33.803474
38.5,9.998875,139.68214,-0.13481814,-0.9708564,33.80197
38.51,9.998615,139.67621,-0.13518517,-0.97437584,33.800472
38.52,9.998355,139.67029,-0.13555439,-0.97791183,33.79895
38.53,9.998094,139.66434,-0.1359239,-0.98145485,33.79744
38.54,9.997829,139.6584,-0.13629515,-0.98501205,33.795906
38.55,9.997565,139.65247,-0.13666737,-0.9885806,33.794376
38.56,9.997304,139.64648,-0.13704112,-0.99215925,33.792835
38.57,9.997043,139.64043,-0.13741544,-0.995749,33.791306
38.58,9.996775,139.63441,-0.1377914,-0.999351,33.78976
38.59,9.996509,139.62837,-0.13816847,-1.0029635,33.788204
38.6,9.996244,139.6223,-0.13854691,-1.0065905,33.786648
38.61,9.995974,139.61621,-0.13892652,-1.0102259,33.785095
38.62,9.9957075,139.61009,-0.13930716,-1.0138721,33.78353
38.63,9.995439,139.60396,-0.13968937,-1.017533,33.781948
38.64,9.995163,139.59781,-0.14007214,-1.021204,33.78038
38.65,9.994894,139.59164,-0.14045699,-1.024889,33.7788
38.66,9.994625,139.58546,-0.14084272,-1.0285832,33.77721
38.67,9.994352,139.57924,-0.14122944,-1.0322872,33.775616
38.68,9.994077,139.57303,-0.14161773,-1.0360073,33.774025
38.69,9.993801,139.56676,-0.14200728,-1.0397363,33.772423
38.7,9.993526,139.56049,-0.14239806,-1.04348,33.770817
38.71,9.993251,139.55417,-0.14278978,-1.0472331,33.769196
38.72,9.992975,139.5479,-0.1431829,-1.0510004,33.767586
38.73,9.992694,139.54153,-0.14357685,-1.0547771,33.76596
38.74,9.992415,139.53516,-0.14397316,-1.0585685,33.76433
38.75,9.992134,139.5288,-0.14436986,-1.0623686,33.762695
38.76,9.991856,139.5224,-0.14476766,-1.0661778,33.76106
38.77,9.991575,139.51596,-0.1451673,-1.0700055,33.759422
38.78,9.99129,139.50954,-0.14556803,-1.073842,33.757767
38.79,9.991008,139.50307,-0.14596984,-1.0776924,33.756104
38.8,9.990723,139.4966,-0.14637305,-1.0815537,33.754456
38.81,9.990438,139.49007,-0.1467774,-1.0854267,33.752785
38.82,9.990152,139.48355,-0.14718306,-1.0893067,33.751106
38.83,9.989864,139.47704,-0.14759022,-1.0932087,33.74943
38.84,9.989579,139.47044,-0.14799857,-1.0971154,33.747753
38.85,9.989292,139.46387,-0.14840782,-1.101037,33.74606
38.86,9.989,139.45728,-0.14881895,-1.1049732,33.74437
38.87,9.988709,139.45065,-0.14923078,-1.1089194,33.742676
38.88,9.988418,139.44398,-0.1496444,-1.1128774,33.740967
38.89,9.988129,139.43733,-0.1500589,-1.1168479,33.739254
38.9,9.987834,139.43062,-0.15047523,-1.1208313,33.73754
38.91,9.987539,139.4239,-0.15089217,-1.1248255,33.73582
38.92,9.987243,139.41718,-0.15131085,-1.1288307,33.734097
38.93,9.986951,139.41043,-0.15173085,-1.1328527,33.732365
38.94,9.986653,139.40367,-0.15215223,-1.1368847,33.730625
38.95,9.986355,139.39685,-0.15257445,-1.1409315,33.728886
38.96,9.986059,139.39005,-0.15299839,-1.144985,33.727127
38.97,9.985759,139.3832,-0.15342365,-1.1490562,33.72538
38.98,9.985461,139.37633,-0.15384974,-1.1531358,33.72363
38.99,9.985159,139.36946,-0.15427761,-1.1572318,33.72186
39.0,9.984856,139.36255,-0.15470634,-1.1613377,33.720085
39.01,9.984553,139.35562,-0.15513657,-1.1654577,33.71832
39.02,9.984249,139.34866,-0.15556851,-1.1695911,33.716526
39.03,9.983946,139.34167,-0.15600137,-1.1737336,33.71475
39.04,9.983639,139.33472,-0.15643577,-1.1778941,33.712948
39.05,9.983334,139.32765,-0.1568714,-1.182061,33.71115
39.06,9.983026,139.32066,-0.15730828,-1.186243,33.709347
39.07,9.982716,139.31357,-0.15774648,-1.1904385,33.70754
39.08,9.982407,139.30652,-0.15818638,-1.1946464,33.705723
39.09,9.982098,139.2994,-0.15862757,-1.1988662,33.7039
39.1,9.981785,139.29228,-0.15906917,-1.2030983,33.702084
39.11,9.981475,139.28516,-0.159513,-1.2073461,33.700237
39.12,9.981159,139.27798,-0.15995787,-1.2116023,33.698406
39.13,9.980847,139.27075,-0.16040455,-1.2158766,33.69655
39.14,9.980531,139.26353,-0.16085209,-1.2201599,33.69471
39.15,9.980216,139.25635,-0.16130118,-1.2244576,33.692852
39.16,9.9798975,139.24905,-0.16175137,-1.2287687,33.69099
39.17,9.979579,139.24179,-0.16220309,-1.2330905,33.689125
39.18,9.979259,139.23448,-0.16265622,-1.2374277,33.68725
39.19,9.978941,139.2271,-0.16311075,-1.2417725,33.68537
39.2,9.978621,139.21979,-0.16356649,-1.2461375,33.683483
39.21,9.978299,139.21242,-0.1640236,-1.2505107,33.681595
39.22,9.977976,139.20502,-0.16448238,-1.2548991,33.6797
39.23,9.9776535,139.19763,-0.16494212,-1.2592964,33.677795
39.24,9.97733,139.19016,-0.1654034,-1.2637134,33.67589
39.25,9.977002,139.1827,-0.16586594,-1.2681397,33.67397
39.26,9.976677,139.17522,-0.16633,-1.2725804,33.672062
39.27,9.976348,139.16772,-0.1667953,-1.2770349,33.670135
39.28,9.976021,139.16017,-0.16726193,-1.281501,33.6682
39.29,9.975688,139.15262,-0.16773027,-1.2859794,33.66626
39.3,9.975359,139.1451,-0.16819985,-1.2904714,33.664318
39.31,9.975028,139.13748,-0.16867091,-1.2949764,33.662357
39.32,9.974691,139.12984,-0.16914265,-1.2994964,33.660416
39.33,9.97436,139.1222,-0.1696167,-1.3040293,33.658455
39.34,9.974027,139.11452,-0.17009184,-1.3085736,33.656483
39.35,9.973692,139.10684,-0.17056791,-1.3131291,33.654503
39.36,9.973356,139.09909,-0.17104599,-1.3177042,33.65253
39.37,9.973017,139.09135,-0.17152496,-1.3222891,33.650547
39.38,9.972679,139.08362,-0.17200576,-1.3268869,33.648544
39.39,9.97234,139.07582,-0.17248788,-1.3315004,33.646557
39.4,9.972,139.06802,-0.17297125,-1.3361256,33.644547
39.41,9.971657,139.06015,-0.1734563,-1.3407644,33.642536
39.42,9.971311,139.05232,-0.1739425,-1.3454165,33.640522
39.43,9.970966,139.04443,-0.17443022,-1.350082,33.638496
39.44,9.970623,139.03656,-0.17491913,-1.3547626,33.636475
39.45,9.97028,139.02863,-0.17540966,-1.3594534,33.634438
39.46,9.9699335,139.02068,-0.17590146,-1.3641617,33.632397
39.47,9.969586,139.0127,-0.176395,-1.3688778,33.630344
39.48,9.969236,139.00471,-0.17688943,-1.3736143,33.628296
39.49,9.968883,138.9967,-0.17738587,-1.3783623,33.62624
39.5,9.9685335,138.98866,-0.17788346,-1.3831213,33.624176
39.51,9.968183,138.98056,-0.17838208,-1.3878928,33.6221
39.52,9.96783,138.97249,-0.17888284,-1.3926837,33.62003
39.53,9.967474,138.96439,-0.17938468,-1.3974808,33.617947
39.54,9.967119,138.95624,-0.17988808,-1.402301,33.615845
39.55,9.96676,138.94806,-0.18039268,-1.4071264,33.61376
39.56,9.966404,138.93988,-0.18089893,-1.411971,33.611652
39.57,9.966047,138.93169,-0.18140648,-1.416827,33.609543
39.58,9.965686,138.92343,-0.18191592,-1.4216962,33.607433
39.59,9.965327,138.91522,-0.18242595,-1.4265774,33.605316
39.6,9.964965,138.9069,-0.18293785,-1.4314744,33.603188
39.61,9.964604,138.89859,-0.18345152,-1.4363878,33.601044
39.62,9.964237,138.89027,-0.18396607,-1.4413121,33.59891
39.63,9.963871,138.8819,-0.18448216,-1.4462506,33.596764
39.64,9.963505,138.87352,-0.18499963,-1.4512037,33.594612
39.65,9.963139,138.8651,-0.18551937,-1.4561722,33.59245
39.66,9.962772,138.85667,-0.18603979,-1.4611518,33.590286
39.67,9.962405,138.84822,-0.18656147,-1.4661447,33.588116
39.68,9.96203,138.83977,-0.18708526,-1.4711547,33.58593
39.69,9.961659,138.83125,-0.18761013,-1.4761766,33.58376
39.7,9.961286,138.82271,-0.18813664,-1.4812126,33.58157
39.71,9.960913,138.81418,-0.18866427,-1.4862617,33.579357
39.72,9.960538,138.8056,-0.18919404,-1.4913261,33.577152
39.73,9.960159,138.79698,-0.18972489,-1.4964076,33.57496
39.74,9.959786,138.78835,-0.19025725,-1.5014997,33.572735
39.75,9.959406,138.77971,-0.19079055,-1.5066042,33.570515
39.76,9.959028,138.77106,-0.19132581,-1.511723,33.56828
39.77,9.958645,138.76236,-0.19186258,-1.5168604,33.566044
39.78,9.9582615,138.7536,-0.19240072,-1.522007,33.563805
39.79,9.957881,138.74486,-0.19294052,-1.5271726,33.561554
39.8,9.957497,138.7361,-0.1934815,-1.5323476,33.5593
39.81,9.957112,138.72731,-0.19402434,-1.5375382,33.557034
39.82,9.956724,138.71844,-0.19456819,-1.542745,33.554768
39.83,9.956335,138.7096,-0.19511408,-1.5479652,33.55249
39.84,9.955949,138.70071,-0.19566076,-1.5531977,33.55021
39.85,9.955555,138.69183,-0.19620925,-1.5584463,33.547924
39.86,9.955163,138.68292,-0.19675921,-1.5637084,33.545616
39.87,9.954774,138.67397,-0.19731085,-1.5689856,33.543324
39.88,9.954381,138.665,-0.19786401,-1.5742774,33.541016
39.89,9.953985,138.65596,-0.19841848,-1.5795797,33.538708
39.9,9.9535885,138.64691,-0.19897434,-1.5849018,33.536385
39.91,9.95319,138.6379,-0.19953202,-1.5902352,33.53405
39.92,9.952791,138.6288,-0.20009093,-1.5955827,33.531723
39.93,9.952395,138.61967,-0.20065148,-1.6009471,33.529373
39.94,9.951993,138.61057,-0.20121352,-1.6063216,33.52703
39.95,9.951591,138.60141,-0.20177665,-1.6117144,33.524685
39.96,9.951188,138.5922,-0.2023416,-1.6171191,33.522316
39.97,9.950781,138.58302,-0.20290843,-1.6225429,33.519943
39.98,9.950375,138.5738,-0.20347632,-1.6279757,33.517563
39.99,9.9499655,138.56453,-0.20404595,-1.6334262,33.515186
40.0,9.949558,138.55522,-0.20461662,-1.6388891,33.512794
40.01,9.949153,138.54591,-0.20518944,-1.6443675,33.510406
40.02,9.948737,138.53659,-0.20576312,-1.6498582,33.508003
40.03,9.948329,138.52724,-0.20633873,-1.6553671,33.5056
40.04,9.947916,138.51782,-0.20691593,-1.6608891,33.50318
40.05,9.947501,138.50842,-0.2074945,-1.6664238,33.500763
40.06,9.947085,138.49898,-0.20807439,-1.6719756,33.49832
40.07,9.946668,138.48952,-0.20865624,-1.6775398,33.495888
40.08,9.946246,138.47998,-0.20923929,-1.6831219,33.49345
40.09,9.945832,138.47049,-0.20982401,-1.6887155,33.490986
40.1,9.945411,138.46097,-0.21040994,-1.6943271,33.488544
40.11,9.944989,138.4514,-0.21099783,-1.6999507,33.48608
40.12,9.944564,138.44179,-0.2115872,-1.7055895,33.48361
40.13,9.9441395,138.43216,-0.21217816,-1.7112446,33.48113
40.14,9.943715,138.4225,-0.21277018,-1.7169111,33.478645
40.15,9.943286,138.41281,-0.21336417,-1.7225959,33.476154
40.16,9.942859,138.4031,-0.21395916,-1.7282913,33.47366
40.17,9.942428,138.39336,-0.21455583,-1.7340057,33.471153
40.18,9.941997,138.38362,-0.21515475,-1.7397323,33.46864
40.19,9.941564,138.37384,-0.21575457,-1.7454748,33.466114
40.2,9.94113,138.36403,-0.21635619,-1.7512324,33.463593
40.21,9.940694,138.35419,-0.21695895,-1.7570031,33.461067
40.22,9.940258,138.34431,-0.21756364,-1.7627914,33.458523
40.23,9.939819,138.33441,-0.21816981,-1.7685924,33.45598
40.24,9.93938,138.3245,-0.21877742,-1.7744088,33.45342
40.25,9.938938,138.31458,-0.21938649,-1.7802408,33.45086
40.26,9.9384985,138.30458,-0.21999726,-1.7860863,33.448296
40.27,9.938053,138.2946,-0.22060944,-1.7919483,33.445713
40.28,9.937609,138.28452,-0.22122334,-1.797822,33.443134
40.29,9.937166,138.27448,-0.2218387,-1.8037145,33.440544
40.3,9.936714,138.26442,-0.22245564,-1.8096159,33.437958
40.31,9.936268,138.25433,-0.22307433,-1.8155417,33.435352
40.32,9.935817,138.24417,-0.22369425,-1.8214741,33.432743
40.33,9.935367,138.23402,-0.22431584,-1.8274283,33.43012
40.34,9.934913,138.22382,-0.22493924,-1.8333926,33.427494
40.35,9.934458,138.2136,-0.2255637,-1.8393748,33.424862
40.36,9.934006,138.20337,-0.22619009,-1.8453693,33.422222
40.37,9.933546,138.19307,-0.22681728,-1.8513777,33.419582
40.38,9.93309,138.18277,-0.227447,-1.8574047,33.41692
40.39,9.932628,138.17242,-0.22807787,-1.8634441,33.41426
40.4,9.932167,138.1621,-0.22871071,-1.8695033,33.411594
40.41,9.931705,138.15173,-0.2293444,-1.8755717,33.408916
40.42,9.931239,138.1413,-0.22997977,-1.8816581,33.40624
40.43,9.930776,138.13086,-0.2306175,-1.8877625,33.403545
40.44,9.930308,138.12039,-0.23125607,-1.8938751,33.40085
40.45,9.929838,138.10991,-0.23189642,-1.9000108,33.398148
40.46,9.929372,138.09938,-0.23253843,-1.9061568,33.395435
40.47,9.9289,138.08882,-0.23318173,-1.9123204,33.392715
40.48,9.928423,138.0782,-0.23382635,-1.9184926,33.38999
40.49,9.927951,138.06763,-0.23447335,-1.9246893,33.387264
40.5,9.927478,138.057,-0.23512161,-1.9308951,33.384514
40.51,9.926998,138.04634,-0.23577087,-1.9371204,33.38177
40.52,9.92652,138.03564,-0.2364224,-1.9433582,33.379017
40.53,9.926039,138.02493,-0.23707528,-1.9496095,33.37625
40.54,9.925558,138.01419,-0.2377298,-1.9558787,33.373478
40.55,9.925074,138.00339,-0.2383856,-1.9621615,33.370705
40.56,9.924589,137.9926,-0.2390437,-1.9684639,33.367916
40.57,9.924105,137.9818,-0.23970275,-1.9747741,33.365128
40.58,9.923616,137.9709,-0.2403634,-1.9811072,33.362316
40.59,9.923129,137.96002,-0.24102564,-1.9874504,33.359524
40.6,9.922638,137.94914,-0.24168934,-1.9938099,33.3567
40.61,9.922143,137.93819,-0.24235521,-2.0001886,33.35388
40.62,9.921648,137.92719,-0.2430221,-2.0065777,33.35105
40.63,9.921157,137.91618,-0.24369104,-2.0129828,33.348213
40.64,9.920658,137.90514,-0.24436097,-2.0194073,33.345375
40.65,9.920162,137.89409,-0.24503295,-2.0258443,33.342518
40.66,9.919661,137.88301,-0.24570622,-2.0322952,33.33966
40.67,9.91916,137.87192,-0.24638142,-2.0387628,33.336796
40.68,9.918659,137.86075,-0.24705823,-2.0452466,33.33392
40.69,9.91815,137.84958,-0.24773602,-2.051742,33.331043
40.7,9.917645,137.83838,-0.2484162,-2.0582566,33.328148
40.71,9.917137,137.82713,-0.24909718,-2.0647886,33.32525
40.72,9.916628,137.81589,-0.24978067,-2.071335,33.322342
40.73,9.916118,137.80458,-0.25046483,-2.0778918,33.319427
40.74,9.915607,137.79327,-0.25115108,-2.084471,33.316517
40.75,9.915092,137.78194,-0.2518387,-2.0910597,33.31359
40.76,9.9145775,137.77055,-0.25252816,-2.097666,33.310654
40.77,9.914061,137.75912,-0.2532193,-2.1042902,33.307713
40.78,9.913542,137.74771,-0.2539117,-2.1109266,33.30476
40.79,9.913023,137.73625,-0.25460595,-2.117584,33.301796
40.8,9.912499,137.72475,-0.25530142,-2.124252,33.298836
40.81,9.911977,137.71326,-0.2559991,-2.1309383,33.295868
40.82,9.911449,137.70166,-0.25669783,-2.1376364,33.29288
40.83,9.910922,137.6901,-0.25739828,-2.1443524,33.289894
40.84,9.910395,137.67848,-0.25810024,-2.1510844,33.286896
40.85,9.909863,137.66684,-0.2588041,-2.1578298,33.2839
40.86,9.909336,137.65515,-0.25950986,-2.1645973,33.28088
40.87,9.908799,137.64345,-0.26021641,-2.1713715,33.277863
40.88,9.908262,137.63171,-0.26092517,-2.1781669,33.27484
40.89,9.907727,137.61996,-0.26163504,-2.1849751,33.271805
40.9,9.90719,137.60818,-0.262347,-2.1917999,33.268764
40.91,9.906649,137.59637,-0.2630602,-2.1986403,33.265705
40.92,9.906109,137.58452,-0.26377514,-2.2054954,33.262653
40.93,9.905565,137.57259,-0.26449162,-2.2123678,33.259586
40.94,9.90502,137.56075,-0.26520997,-2.2192566,33.25652
40.95,9.904471,137.54877,-0.2659296,-2.2261603,33.25343
40.96,9.903925,137.53685,-0.26665103,-2.2330787,33.25034
40.97,9.903374,137.52483,-0.26737428,-2.2400131,33.24725
40.98,9.902824,137.51277,-0.26809868,-2.246965,33.244144
40.99,9.902268,137.50075,-0.26882517,-2.253929,33.24102
41.0,9.901711,137.48868,-0.2695528,-2.2609098,33.2379
41.01,9.901159,137.47656,-0.2702821,-2.2679052,33.23478
41.02,9.900598,137.4644,-0.2710132,-2.2749233,33.23164
41.03,9.900037,137.45221,-0.2717456,-2.2819493,33.228493
41.04,9.899474,137.44,-0.27248022,-2.2889943,33.225346
41.05,9.8989105,137.4278,-0.273216,-2.2960558,33.222187
41.06,9.898345,137.41551,-0.2739536,-2.3031332,33.219017
41.07,9.897777,137.40321,-0.2746923,-2.3102224,33.215843
41.08,9.897208,137.39088,-0.27543333,-2.3173327,33.212658
41.09,9.896639,137.37852,-0.27617568,-2.3244548,33.20946
41.1,9.896064,137.36615,-0.27691948,-2.3315935,33.206264
41.11,9.895488,137.35371,-0.27766508,-2.3387496,33.203053
41.12,9.894912,137.34126,-0.27841187,-2.3459194,33.199833
41.13,9.894333,137.32877,-0.27916104,-2.3531055,33.19662
41.14,9.893755,137.31627,-0.27991146,-2.3603098,33.193386
41.15,9.893171,137.30373,-0.28066352,-2.3675277,33.190144
41.16,9.892589,137.29112,-0.28141725,-2.374762,33.186897
41.17,9.891999,137.27853,-0.2821721,-2.3820097,33.183643
41.18,9.891416,137.26587,-0.28292915,-2.3892787,33.180378
41.19,9.890829,137.25325,-0.28368738,-2.3965576,33.177105
41.2,9.890237,137.24055,-0.28444758,-2.4038568,33.173824
41.21,9.889645,137.22783,-0.2852096,-2.4111714,33.17054
41.22,9.889052,137.21506,-0.28597328,-2.4185014,33.16724
41.23,9.888454,137.20227,-0.28673804,-2.4258463,33.163937
41.24,9.887853,137.18944,-0.2875048,-2.433207,33.16062
41.25,9.887253,137.17659,-0.28827247,-2.4405823,33.15731
41.26,9.886655,137.16371,-0.28904244,-2.4479737,33.15398
41.27,9.886048,137.15077,-0.2898138,-2.455383,33.15064
41.28,9.885445,137.13788,-0.29058683,-2.4628057,33.147293
41.29,9.884838,137.12485,-0.29136202,-2.4702501,33.143944
41.3,9.884225,137.1119,-0.29213792,-2.477705,33.140575
41.31,9.883616,137.09888,-0.2929163,-2.48518,33.137207
41.32,9.883002,137.0858,-0.29369557,-2.4926655,33.133835
41.33,9.882388,137.0727,-0.2944769,-2.5001729,33.130447
41.34,9.881769,137.05954,-0.2952594,-2.5076914,33.127056
41.35,9.881151,137.04639,-0.29604393,-2.5152273,33.123653
41.36,9.880532,137.0332,-0.29683006,-2.522781,33.120247
41.37,9.879906,137.01994,-0.29761788,-2.5303469,33.11682
41.38,9.879282,137.0067,-0.2984071,-2.5379329,33.113407
41.39,9.878656,136.99344,-0.29919794,-2.5455315,33.109962
41.4,9.878026,136.9801,-0.29999065,-2.5531492,33.106514
41.41,9.877396,136.96675,-0.3007845,-2.5607789,33.10307
41.42,9.876766,136.95337,-0.30158052,-2.5684278,33.09961
41.43,9.876131,136.93994,-0.302378,-2.5760918,33.096134
41.44,9.875493,136.92653,-0.3031769,-2.5837703,33.092663
41.45,9.874856,136.91301,-0.30397773,-2.5914683,33.089184
41.46,9.874218,136.89955,-0.30477992,-2.599178,33.08569
41.47,9.873572,136.88602,-0.30558392,-2.6069095,33.082184
41.48,9.872929,136.8724,-0.30638957,-2.6146505,33.078674
41.49,9.872281,136.8588,-0.3071968,-2.622411,33.07516
41.5,9.8716345,136.8452,-0.30800572,-2.630189,33.071632
41.51,9.870985,136.8315,-0.30881578,-2.637977,33.068096
41.52,9.870333,136.81781,-0.30962813,-2.6457872,33.06456
41.53,9.869676,136.8041,-0.31044164,-2.6536107,33.06101
41.54,9.869022,136.79033,-0.31125715,-2.6614518,33.05745
41.55,9.868361,136.77652,-0.31207377,-2.6693087,33.05388
41.56,9.867702,136.76274,-0.3128926,-2.677183,33.050304
41.57,9.867041,136.74884,-0.31371275,-2.6850696,33.046722
41.58,9.866375,136.73494,-0.31453463,-2.6929736,33.043118
41.59,9.865706,136.721,-0.31535813,-2.7008936,33.039516
41.6,9.86504,136.70705,-0.31618276,-2.708826,33.03592
41.61,9.8643675,136.69308,-0.3170098,-2.7167828,33.032295
41.62,9.863698,136.67903,-0.317838,-2.7247493,33.028664
41.63,9.863023,136.665,-0.318668,-2.7327359,33.02503
41.64,9.862346,136.65091,-0.31949955,-2.7407346,33.021385
41.65,9.861667,136.6368,-0.32033294,-2.7487526,33.01774
41.66,9.860987,136.62263,-0.32116732,-2.7567837,33.01407
41.67,9.860304,136.6085,-0.32200396,-2.7648325,33.01041
41.68,9.859619,136.59424,-0.32284218,-2.7729006,33.006725
41.69,9.858931,136.57999,-0.32368168,-2.78098,33.003036
41.7,9.858243,136.56572,-0.32452306,-2.7890782,32.999344
41.71,9.857552,136.55142,-0.3253662,-2.7971892,32.995636
41.72,9.856857,136.53708,-0.32621074,-2.8053205,32.991924
41.73,9.856161,136.52272,-0.32705715,-2.8134656,32.988205
41.74,9.855464,136.50824,-0.32790476,-2.821627,32.984478
41.75,9.854765,136.49385,-0.32875425,-2.829806,32.980747
41.76,9.854064,136.47937,-0.3296052,-2.837997,32.976997
41.77,9.853359,136.46484,-0.33045825,-2.846207,32.973248
41.78,9.852654,136.45029,-0.33131227,-2.8544345,32.96948
41.79,9.851946,136.43571,-0.33216843,-2.8626752,32.965706
41.8,9.851235,136.42111,-0.33302584,-2.870934,32.96193
41.81,9.850521,136.4065,-0.33388543,-2.8792114,32.95814
41.82,9.849805,136.3918,-0.334746,-2.8874998,32.954346
41.83,9.849089,136.37712,-0.33560887,-2.8958073,32.95054
41.84,9.8483715,136.36235,-0.33647263,-2.9041274,32.94672
41.85,9.84765,136.3476,-0.3373381,-2.9124656,32.942894
41.86,9.846925,136.3328,-0.33820578,-2.9208221,32.93906
41.87,9.846199,136.31792,-0.33907455,-2.929192,32.935223
41.88,9.845472,136.30309,-0.33994514,-2.9375775,32.931374
41.89,9.844742,136.2882,-0.34081742,-2.9459834,32.92752
41.9,9.844008,136.27327,-0.34169164,-2.9544044,32.92365
41.91,9.843276,136.2583,-0.34256667,-2.9628394,32.91978
41.92,9.84254,136.24329,-0.34344378,-2.9712865,32.91589
41.93,9.841802,136.22823,-0.34432274,-2.9797583,32.912
41.94,9.841059,136.21317,-0.34520283,-2.98824,32.90809
41.95,9.840318,136.1981,-0.34608507,-2.9967456,32.90419
41.96,9.83957,136.18292,-0.3469687,-3.005259,32.90027
41.97,9.83882,136.16774,-0.34785387,-3.0137944,32.89634
41.98,9.838072,136.15254,-0.34874055,-3.0223389,32.8924
41.99,9.83732,136.13731,-0.34962934,-3.0309043,32.88846
42.0,9.836566,136.12204,-0.3505194,-3.039484,32.8845
42.01,9.835809,136.10674,-0.35141084,-3.0480807,32.88054
42.02,9.835049,136.09142,-0.35230425,-3.056696,32.876564
42.03,9.834287,136.07607,-0.3531989,-3.0653224,32.87259
42.04,9.833524,136.06061,-0.35409606,-3.0739708,32.8686
42.05,9.832756,136.04518,-0.35499394,-3.082633,32.8646
42.06,9.831989,136.02968,-0.3558938,-3.0913126,32.860596
42.07,9.831219,136.01422,-0.35679504,-3.1000025,32.856586
42.08,9.830447,135.99867,-0.35769874,-3.1087146,32.852554
42.09,9.82967,135.98311,-0.35860285,-3.117441,32.848526
42.1,9.828893,135.96753,-0.35950908,-3.1261775,32.844482
42.11,9.828116,135.95189,-0.36041743,-3.1349406,32.84043
42.12,9.8273325,135.9362,-0.3613267,-3.1437132,32.836372
42.13,9.826548,135.92046,-0.36223814,-3.1525085,32.832302
42.14,9.825761,135.9047,-0.36315086,-3.1613145,32.828224
42.15,9.824972,135.88898,-0.36406526,-3.1701376,32.82414
42.16,9.824181,135.87317,-0.36498109,-3.178975,32.82005
42.17,9.823388,135.85733,-0.36589873,-3.1878297,32.81594
42.18,9.822592,135.84143,-0.3668179,-3.1966999,32.81183
42.19,9.8217945,135.82552,-0.36773884,-3.2055876,32.807716
42.2,9.82099,135.80959,-0.36866158,-3.214494,32.803577
42.21,9.8201885,135.79362,-0.3695854,-3.2234113,32.79944
42.22,9.819384,135.77759,-0.37051144,-3.2323503,32.795288
42.23,9.818579,135.76154,-0.37143865,-3.2413025,32.791134
42.24,9.817765,135.74547,-0.3723678,-3.250272,32.786972
42.25,9.816954,135.72935,-0.37329778,-3.2592525,32.7828
42.26,9.816138,135.71323,-0.37423033,-3.268254,32.778606
42.27,9.81532,135.697,-0.3751642,-3.2772746,32.774418
42.28,9.814497,135.68083,-0.37609917,-3.286304,32.770214
42.29,9.813679,135.66457,-0.37703645,-3.2953515,32.766
42.3,9.812854,135.6483,-0.3779751,-3.3044176,32.76179
42.31,9.812027,135.63196,-0.3789154,-3.3135018,32.757553
42.32,9.811196,135.6156,-0.37985745,-3.3225968,32.753323
42.33,9.810368,135.59921,-0.38080078,-3.3317125,32.74907
42.34,9.809532,135.58276,-0.38174582,-3.3408394,32.744816
42.35,9.808698,135.56631,-0.38269237,-3.3499858,32.740562
42.36,9.807855,135.54985,-0.38364106,-3.3591514,32.736282
42.37,9.807016,135.53331,-0.38459077,-3.368327,32.732002
42.38,9.80617,135.51672,-0.3855425,-3.3775237,32.727707
42.39,9.805324,135.50017,-0.3864955,-3.386732,32.723404
42.4,9.804475,135.48354,-0.3874501,-3.3959606,32.7191
42.41,9.803622,135.46687,-0.38840613,-3.4052005,32.714783
42.42,9.80277,135.45018,-0.38936406,-3.414457,32.71045
42.43,9.801914,135.43344,-0.3903238,-3.4237359,32.706112
42.44,9.801055,135.41669,-0.3912847,-3.433025,32.701775
42.45,9.800196,135.39987,-0.39224797,-3.442336,32.697422
42.46,9.79933,135.38304,-0.39321208,-3.4516544,32.69305
42.47,9.798464,135.36615,-0.39417836,-3.4609988,32.688683
42.48,9.797593,135.34929,-0.39514574,-3.4703515,32.6843
42.49,9.796723,135.33232,-0.39611512,-3.4797254,32.67991
42.5,9.79585,135.31534,-0.39708582,-3.4891129,32.67551
42.51,9.794973,135.29836,-0.3980585,-3.4985163,32.6711
42.52,9.794095,135.28127,-0.39903238,-3.507938,32.66669
42.53,9.793217,135.26422,-0.40000784,-3.5173707,32.662266
42.54,9.792331,135.2471,-0.4009853,-3.5268276,32.657825
42.55,9.791448,135.22995,-0.40196368,-3.536291,32.65338
42.56,9.790554,135.2128,-0.40294445,-3.5457764,32.648926
42.57,9.789666,135.19557,-0.40392628,-3.5552783,32.64445
42.58,9.788773,135.1783,-0.40491027,-3.5647945,32.639988
42.59,9.787876,135.16104,-0.40589505,-3.574324,32.63551
42.6,9.786978,135.1437,-0.4068819,-3.583876,32.631023
42.61,9.7860775,135.12634,-0.40787047,-3.5934374,32.626526
42.62,9.7851715,135.10898,-0.4088604,-3.6030166,32.622017
42.63,9.7842655,135.09154,-0.40985236,-3.6126187,32.617496
42.64,9.783359,135.07407,-0.4108451,-3.6222289,32.612972
42.65,9.782447,135.05656,-0.4118401,-3.6318629,32.608433
42.66,9.781529,135.03905,-0.41283637,-3.6415055,32.60388
42.67,9.780614,135.02148,-0.41383424,-3.6511652,32.59933
42.68,9.779696,135.00388,-0.41483414,-3.6608436,32.59477
42.69,9.778774,134.98625,-0.4158355,-3.6705396,32.5902
42.7,9.777849,134.96855,-0.4168382,-3.6802452,32.585617
42.71,9.776924,134.95087,-0.41784263,-3.6899765,32.581028
42.72,9.775992,134.9331,-0.41884848,-3.6997173,32.576427
42.73,9.775061,134.91537,-0.41985598,-3.7094724,32.57182
42.74,9.774123,134.89752,-0.42086557,-3.71925,32.5672
42.75,9.773191,134.87968,-0.42187613,-3.7290375,32.562576
42.76,9.772249,134.8618,-0.42288813,-3.7388403,32.557938
42.77,9.771304,134.84387,-0.42390227,-3.7486641,32.553288
42.78,9.770362,134.82593,-0.42491782,-3.7585027,32.548637
42.79,9.769415,134.80797,-0.42593512,-3.7683556,32.543972
42.8,9.768463,134.78993,-0.4269534,-3.7782261,32.5393
42.81,9.767511,134.77188,-0.4279739,-3.7881153,32.534615
42.82,9.766555,134.75378,-0.42899597,-3.7980158,32.529926
42.83,9.765596,134.73564,-0.43001938,-3.807933,32.525223
42.84,9.764637,134.71748,-0.4310444,-3.817866,32.52052
42.85,9.763672,134.69926,-0.43207076,-3.8278148,32.515797
42.86,9.762707,134.68106,-0.43309918,-3.8377821,32.51107
42.87,9.76174,134.66277,-0.43412825,-3.8477623,32.506332
42.88,9.760765,134.64444,-0.43516052,-3.8577645,32.50158
42.89,9.759794,134.62613,-0.43619314,-3.8677733,32.49683
42.9,9.758816,134.60777,-0.43722787,-3.8778079,32.492058
42.91,9.757834,134.58937,-0.4382639,-3.8878539,32.48729
42.92,9.756855,134.57088,-0.43930122,-3.8979123,32.48251
42.93,9.755869,134.5524,-0.44034144,-3.907996,32.47772
42.94,9.754879,134.53389,-0.4413817,-3.9180863,32.47291
42.95,9.75389,134.51537,-0.44242433,-3.9281962,32.468094
42.96,9.752897,134.49675,-0.4434681,-3.9383218,32.463284
42.97,9.751905,134.47815,-0.44451368,-3.9484613,32.45845
42.98,9.750906,134.45944,-0.44556084,-3.9586236,32.45361
42.99,9.749907,134.44078,-0.44660997,-3.9687984,32.44876
43.0,9.7489,134.42203,-0.44766006,-3.978987,32.443897
43.01,9.747895,134.40327,-0.44871187,-3.9891908,32.439045
43.02,9.746888,134.38449,-0.44976512,-3.9994137,32.43417
43.03,9.745875,134.36565,-0.4508201,-4.009651,32.429276
43.04,9.744863,134.34677,-0.45187724,-4.019905,32.424377
43.05,9.743842,134.32784,-0.45293513,-4.0301743,32.419483
43.06,9.742824,134.30891,-0.45399517,-4.0404587,32.414562
43.07,9.741801,134.28992,-0.45505637,-4.050762,32.40964
43.08,9.740777,134.27095,-0.45611948,-4.061081,32.404713
43.09,9.73975,134.2519,-0.4571833,-4.071413,32.399773
43.1,9.73872,134.23282,-0.45824948,-4.0817595,32.394825
43.11,9.737682,134.21368,-0.4593174,-4.0921288,32.38987
43.12,9.736648,134.19452,-0.4603859,-4.102504,32.3849
43.13,9.73561,134.17532,-0.4614573,-4.1129036,32.379913
43.14,9.7345705,134.1561,-0.46252915,-4.123312,32.374935
43.15,9.733525,134.13683,-0.46360347,-4.133745,32.36993
43.16,9.732479,134.11751,-0.46467897,-4.144191,32.364937
43.17,9.731429,134.09822,-0.4657555,-4.154645,32.35992
43.18,9.730377,134.07883,-0.46683416,-4.165122,32.354893
43.19,9.729321,134.05945,-0.46791452,-4.1756144,32.34986
43.2,9.728265,134.04,-0.46899605,-4.186124,32.34481
43.21,9.727205,134.02051,-0.47007915,-4.1966457,32.33976
43.22,9.726139,134.00098,-0.47116423,-4.2071905,32.3347
43.23,9.725073,133.98146,-0.4722504,-4.217742,32.329628
43.24,9.724004,133.96185,-0.47333857,-4.2283144,32.324547
43.25,9.722933,133.94221,-0.47442794,-4.238904,32.31946
43.26,9.721859,133.92259,-0.47551852,-4.249503,32.314358
43.27,9.72078,133.90288,-0.4766115,-4.2601233,32.309254
43.28,9.719701,133.88318,-0.47770557,-4.270753,32.304134
43.29,9.718618,133.86337,-0.47880134,-4.2814083,32.29901
43.3,9.717533,133.84361,-0.47989854,-4.2920723,32.293877
43.31,9.716445,133.82375,-0.48099735,-4.302758,32.28873
43.32,9.715352,133.8039,-0.48209766,-4.3134537,32.283577
43.33,9.714257,133.784,-0.48319995,-4.324169,32.27841
43.34,9.713163,133.76404,-0.48430294,-4.334897,32.273243
43.35,9.712064,133.74408,-0.48540792,-4.345641,32.26806
43.36,9.710962,133.72403,-0.48651475,-4.3564043,32.26286
43.37,9.709858,133.70395,-0.48762262,-4.367175,32.257664
43.38,9.708748,133.6839,-0.48873252,-4.3779736,32.252445
43.39,9.70764,133.66377,-0.4898433,-4.388776,32.247234
43.4,9.706525,133.64362,-0.49095637,-4.399603,32.242004
43.41,9.705406,133.62341,-0.49207026,-4.4104404,32.236763
43.42,9.7042885,133.6032,-0.49318624,-4.421295,32.231525
43.43,9.703165,133.58292,-0.494304,-4.432169,32.226265
43.44,9.702044,133.56264,-0.49542254,-4.4430504,32.220997
43.45,9.700915,133.54228,-0.49654305,-4.4539557,32.215725
43.46,9.699786,133.52191,-0.49766505,-4.4648733,32.210434
43.47,9.698652,133.50154,-0.4987886,-4.475807,32.205143
43.48,9.697515,133.48106,-0.4999135,-4.4867554,32.19984
43.49,9.696378,133.46059,-0.5010404,-4.4977236,32.194527
43.5,9.695233,133.44006,-0.5021684,-4.5087023,32.1892
43.51,9.694092,133.41953,-0.50329775,-4.519697,32.183876
43.52,9.692944,133.39891,-0.50442946,-4.530712,32.178528
43.53,9.691792,133.37831,-0.505562,-4.5417376,32.17319
43.54,9.690641,133.35765,-0.5066966,-4.552784,32.167824
43.55,9.6894865,133.33696,-0.507832,-4.563838,32.16246
43.56,9.688328,133.31621,-0.5089696,-4.574915,32.15708
43.57,9.687166,133.29546,-0.5101086,-4.586005,32.151695
43.58,9.685998,133.27464,-0.5112492,-4.5971136,32.146297
43.59,9.6848345,133.25381,-0.5123906,-4.6082325,32.140884
43.6,9.683662,133.23294,-0.51353395,-4.6193657,32.135475
43.61,9.682492,133.21204,-0.51467925,-4.6305227,32.130054
43.62,9.681315,133.19112,-0.51582545,-4.6416883,32.124622
43.63,9.680138,133.17007,-0.5169738,-4.652876,32.11918
43.64,9.678955,133.14908,-0.5181235,-4.664076,32.113724
43.65,9.677771,133.12799,-0.5192746,-4.675291,32.10826
43.66,9.676584,133.10693,-0.52042675,-4.686515,32.102783
43.67,9.675394,133.0858,-0.5215812,-4.6977644,32.09731
43.68,9.6742,133.06462,-0.52273697,-4.7090282,32.09182
43.69,9.673005,133.04341,-0.52389437,-4.7203035,32.086315
43.7,9.671806,133.02219,-0.5250529,-4.731599,32.080807
43.71,9.670604,133.00096,-0.526213,-4.7429047,32.075294
43.72,9.669404,132.97966,-0.5273751,-4.7542305,32.069767
43.73,9.668195,132.95828,-0.5285381,-4.765568,32.064236
43.74,9.666984,132.93687,-0.5297035,-4.776928,32.05869
43.75,9.66577,132.91547,-0.53086925,-4.788295,32.053127
43.76,9.664556,132.89404,-0.5320371,-4.799679,32.047573
43.77,9.663337,132.87257,-0.53320664,-4.811083,32.041996
43.78,9.662114,132.85103,-0.5343773,-4.8224974,32.03642
43.79,9.66089,132.82945,-0.5355502,-4.8339357,32.03082
43.8,9.659664,132.80789,-0.5367238,-4.8453817,32.025215
43.81,9.658433,132.78625,-0.5378995,-4.856845,32.01961
43.82,9.657201,132.76456,-0.53907603,-4.8683224,32.01399
43.83,9.655964,132.74286,-0.5402547,-4.879816,32.008358
43.84,9.654724,132.72113,-0.54143435,-4.891323,32.002716
43.85,9.653485,132.69937,-0.54261583,-4.9028473,31.99708
43.86,9.652238,132.67754,-0.5437992,-4.9143944,31.991415
43.87,9.650991,132.6557,-0.54498297,-4.9259443,31.985754
43.88,9.64974,132.63382,-0.5461693,-4.937518,31.980082
43.89,9.648485,132.6119,-0.5473565,-4.9491024,31.974388
43.9,9.64723,132.58997,-0.54854566,-4.9607086,31.968704
43.91,9.645972,132.56796,-0.54973584,-4.9723225,31.962996
43.92,9.64471,132.54593,-0.55092764,-4.9839544,31.957289
43.93,9.643446,132.5239,-0.55212146,-4.9956036,31.95156
43.94,9.6421795,132.50177,-0.55331624,-5.007268,31.945827
43.95,9.640906,132.47963,-0.55451274,-5.0189466,31.940088
43.96,9.639633,132.45746,-0.55571085,-5.0306406,31.934343
43.97,9.638356,132.43527,-0.5569103,-5.0423555,31.928583
43.98,9.637078,132.41304,-0.5581109,-5.0540733,31.922817
43.99,9.635795,132.39073,-0.55931383,-5.065817,31.917032
44.0,9.63451,132.36844,-0.56051797,-5.077573,31.91125
44.01,9.633221,132.34608,-0.5617231,-5.089342,31.905458
44.02,9.631932,132.32372,-0.56292987,-5.1011286,31.899656
44.03,9.630637,132.30128,-0.56413835,-5.1129255,31.893833
44.04,9.629341,132.27882,-0.56534845,-5.1247473,31.88801
44.05,9.628041,132.25635,-0.5665597,-5.136574,31.882174
44.06,9.626739,132.2338,-0.5677723,-5.148423,31.876335
44.07,9.625433,132.21123,-0.568987,-5.160289,31.87048
44.08,9.624124,132.18867,-0.5702028,-5.172165,31.864626
44.09,9.622812,132.16599,-0.5714204,-5.184059,31.858755
44.1,9.621498,132.14336,-0.57263845,-5.195961,31.852873
44.11,9.620182,132.12064,-0.57385945,-5.2078876,31.846987
44.12,9.618862,132.0979,-0.57508105,-5.2198267,31.841091
44.13,9.617538,132.0751,-0.5763043,-5.23178,31.835182
44.14,9.616214,132.05229,-0.5775291,-5.2437468,31.829262
44.15,9.614885,132.02945,-0.57875556,-5.2557364,31.823343
44.16,9.613554,132.00656,-0.5799831,-5.2677317,31.817411
44.17,9.612219,131.98363,-0.5812122,-5.279748,31.811464
44.18,9.61088,131.9607,-0.5824429,-5.2917757,31.80551
44.19,9.609539,131.93768,-0.58367497,-5.3038197,31.799545
44.2,9.608197,131.91467,-0.58490884,-5.315881,31.793575
44.21,9.60685,131.8916,-0.58614355,-5.3279533,31.7876
44.22,9.6055,131.86848,-0.58738035,-5.340046,31.7816
44.23,9.604148,131.84537,-0.58861846,-5.352152,31.77561
44.24,9.602794,131.8222,-0.58985806,-5.36427,31.769602
44.25,9.601437,131.799,-0.5910991,-5.3764057,31.763577
44.26,9.600075,131.77576,-0.59234124,-5.3885584,31.75756
44.27,9.598713,131.75246,-0.59358513,-5.4007215,31.75152
44.28,9.597343,131.72916,-0.5948306,-5.412902,31.745481
44.29,9.595974,131.70581,-0.59607756,-5.4250994,31.73942
44.3,9.594601,131.68243,-0.59732574,-5.437311,31.733366
44.31,9.593226,131.659,-0.5985757,-5.449538,31.727283
44.32,9.591848,131.63556,-0.59982663,-5.461773,31.721209
44.33,9.590467,131.61206,-0.60107976,-5.474037,31.715113
44.34,9.589083,131.58853,-0.60233355,-5.4862986,31.70902
44.35,9.587695,131.56496,-0.60358924,-5.4985886,31.70291
44.36,9.586306,131.5414,-0.60484654,-5.510889,31.696789
44.37,9.584911,131.51775,-0.60610455,-5.523201,31.690672
44.38,9.583517,131.49408,-0.60736513,-5.535535,31.684534
44.39,9.582117,131.4704,-0.6086264,-5.5478773,31.678392
44.4,9.580716,131.44664,-0.6098896,-5.5602417,31.67224
44.41,9.579308,131.42287,-0.6111536,-5.5726166,31.66607
44.42,9.577906,131.39906,-0.6124196,-5.585003,31.659897
44.43,9.576494,131.37521,-0.61368656,-5.597412,31.653719
44.44,9.57508,131.35133,-0.61495525,-5.609829,31.647522
44.45,9.573663,131.3274,-0.6162259,-5.6222677,31.641323
44.46,9.572245,131.30344,-0.6174975,-5.634718,31.635107
44.47,9.570821,131.27946,-0.6187705,-5.6471853,31.628897
44.48,9.569397,131.25543,-0.6200446,-5.6596613,31.622663
44.49,9.567969,131.2314,-0.62132096,-5.6721563,31.616432
44.5,9.566538,131.20729,-0.62259835,-5.684662,31.61019
44.51,9.565104,131.18315,-0.6238774,-5.697191,31.603931
44.52,9.563665,131.159,-0.6251578,-5.709729,31.597673
44.53,9.562228,131.13481,-0.6264392,-5.7222805,31.591398
44.54,9.560785,131.11055,-0.6277226,-5.734851,31.58511
44.55,9.55934,131.08629,-0.62900716,-5.7474337,31.57883
44.56,9.557891,131.06198,-0.63029313,-5.7600346,31.572523
44.57,9.556438,131.03766,-0.63158053,-5.772646,31.56622
44.58,9.554985,131.01328,-0.6328702,-5.78528,31.559898
44.59,9.553525,130.98883,-0.6341601,-5.7979164,31.553576
44.6,9.552066,130.96443,-0.6354514,-5.8105707,31.547232
44.61,9.550605,130.93991,-0.6367451,-5.823249,31.540892
44.62,9.549139,130.9154,-0.6380396,-5.835931,31.534538
44.63,9.547668,130.89085,-0.6393359,-5.8486366,31.528175
44.64,9.546196,130.86629,-0.6406331,-5.861349,31.521805
44.65,9.544722,130.84163,-0.64193237,-5.8740854,31.515427
44.66,9.543247,130.817,-0.6432331,-5.8868303,31.509027
44.67,9.541764,130.7923,-0.64453405,-5.8995867,31.502638
44.68,9.540281,130.76756,-0.64583725,-5.912359,31.49623
44.69,9.538796,130.74281,-0.6471421,-5.925151,31.489813
44.7,9.537306,130.71799,-0.6484487,-5.9379616,31.48338
44.71,9.535814,130.69319,-0.6497558,-5.950774,31.47695
44.72,9.534317,130.66829,-0.6510651,-5.9636126,31.470503
44.73,9.532819,130.64342,-0.6523752,-5.9764557,31.464054
44.74,9.531322,130.61847,-0.6536873,-5.9893227,31.45759
44.75,9.529817,130.5935,-0.6550002,-6.0021973,31.451128
44.76,9.528308,130.5685,-0.65631497,-6.015088,31.444645
44.77,9.526801,130.54347,-0.6576309,-6.027996,31.438154
44.78,9.525287,130.51836,-0.65894836,-6.0409164,31.431662
44.79,9.523771,130.49326,-0.66026753,-6.053852,31.425154
44.8,9.522255,130.46811,-0.6615875,-6.066798,31.418634
44.81,9.520732,130.4429,-0.6629096,-6.07977,31.412115
44.82,9.519208,130.41771,-0.66423243,-6.092746,31.405575
44.83,9.517681,130.39244,-0.66555697,-6.1057405,31.399033
44.84,9.5161495,130.36716,-0.6668831,-6.1187515,31.392487
44.85,9.514619,130.34184,-0.66820973,-6.131772,31.38593
44.86,9.513083,130.3165,-0.66953874,-6.1448097,31.37936
44.87,9.511545,130.29109,-0.67086893,-6.1578617,31.372784
44.88,9.510001,130.26569,-0.6722003,-6.1709223,31.366196
44.89,9.508458,130.2402,-0.67353344,-6.1840057,31.359598
44.9,9.506907,130.21472,-0.6748678,-6.1971016,31.352997
44.91,9.5053625,130.1892,-0.6762031,-6.210207,31.34639
44.92,9.503809,130.16364,-0.6775403,-6.2233315,31.339762
44.93,9.502253,130.13803,-0.67887926,-6.23647,31.333134
44.94,9.500691,130.1124,-0.6802188,-6.2496214,31.32649
44.95,9.499133,130.08673,-0.6815606,-6.2627897,31.319841
44.96,9.497567,130.061,-0.6829033,-6.2759724,31.313189
44.97,9.496001,130.0353,-0.6842473,-6.2891684,31.306526
44.98,9.494428,130.00952,-0.6855926,-6.302376,31.299852
44.99,9.492856,129.9837,-0.6869401,-6.315608,31.293163
45.0,9.49128,129.95789,-0.6882878,-6.3288383,31.286478
45.01,9.489701,129.93196,-0.68963766,-6.3420935,31.279774
45.02,9.488118,129.9061,-0.6909889,-6.35536,31.273064
45.03,9.486535,129.88011,-0.69234115,-6.368636,31.266348
45.04,9.484946,129.85414,-0.6936953,-6.381939,31.259623
45.05,9.483356,129.82812,-0.69505054,-6.3952503,31.25288
45.06,9.481762,129.80206,-0.6964077,-6.408572,31.24614
45.07,9.480164,129.77599,-0.69776493,-6.4219065,31.239388
45.08,9.478569,129.74988,-0.69912434,-6.4352617,31.232624
45.09,9.476966,129.72374,-0.7004857,-6.4486313,31.225855
45.1,9.475362,129.69757,-0.70184714,-6.4620028,31.219074
45.11,9.473754,129.67134,-0.7032109,-6.4754057,31.212288
45.12,9.472145,129.64508,-0.70457554,-6.4888115,31.205494
45.13,9.47053,129.61882,-0.70594263,-6.502242,31.198679
45.14,9.468916,129.59251,-0.7073098,-6.5156717,31.191874
45.15,9.467295,129.56612,-0.708679,-6.529127,31.185051
45.16,9.4656725,129.53972,-0.71004933,-6.542593,31.178213
45.17,9.464047,129.5133,-0.7114207,-6.5560703,31.171383
45.18,9.462421,129.4869,-0.71279407,-6.569566,31.164528
45.19,9.460789,129.46036,-0.7141684,-6.583068,31.157677
45.2,9.459159,129.43384,-0.7155448,-6.5966005,31.150805
45.21,9.4575205,129.40727,-0.7169216,-6.6101284,31.143936
45.22,9.455883,129.38069,-0.71830046,-6.623681,31.137049
45.23,9.454239,129.35408,-0.7196807,-6.637248,31.130157
45.24,9.452594,129.32738,-0.72106206,-6.6508274,31.123253
45.25,9.450948,129.30072,-0.7224445,-6.6644154,31.116354
45.26,9.449297,129.27399,-0.723828,-6.6780205,31.10943
45.27,9.447644,129.24724,-0.7252141,-6.691639,31.102497
45.28,9.445988,129.22041,-0.7266003,-6.7052717,31.095572
45.29,9.444331,129.19362,-0.7279887,-6.7189274,31.088625
45.3,9.442668,129.16675,-0.72937834,-6.732589,31.081676
45.31,9.441005,129.13982,-0.73076916,-6.7462635,31.074715
45.32,9.439337,129.11292,-0.7321613,-6.7599516,31.067743
45.33,9.437665,129.08595,-0.73355514,-6.7736635,31.060768
45.34,9.435993,129.05893,-0.73494923,-6.7873716,31.053785
45.35,9.434319,129.03192,-0.7363459,-6.8011074,31.046783
45.36,9.43264,129.00488,-0.73774374,-6.8148518,31.039783
45.37,9.430961,128.97777,-0.7391426,-6.8286095,31.03278
45.38,9.429272,128.95062,-0.74054325,-6.8423862,31.025751
45.39,9.427588,128.92346,-0.7419442,-6.8561687,31.018726
45.4,9.425898,128.89624,-0.7433475,-6.869974,31.011694
45.41,9.424205,128.86903,-0.74475145,-6.8837852,31.004637
45.42,9.42251,128.84174,-0.7461572,-6.8976173,30.997583
45.43,9.420812,128.81445,-0.7475644,-6.911457,30.99052
45.44,9.419111,128.78712,-0.7489726,-6.925312,30.983456
45.45,9.417407,128.75977,-0.7503822,-6.9391804,30.976377
45.46,9.415699,128.73236,-0.75179327,-6.9530687,30.969294
45.47,9.41399,128.7049,-0.7532061,-6.9669666,30.962189
45.48,9.41228,128.67747,-0.75461954,-6.980876,30.955091
45.49,9.410563,128.64995,-0.7560347,-6.9947987,30.947973
45.5,9.408845,128.62242,-0.75745064,-7.0087385,30.940853
45.51,9.407125,128.59486,-0.7588687,-7.022687,30.933722
45.52,9.405403,128.56723,-0.7602875,-7.0366545,30.92659
45.53,9.403677,128.53964,-0.7617074,-7.0506296,30.919447
45.54,9.401948,128.51195,-0.76312953,-7.0646276,30.912296
45.55,9.400215,128.48427,-0.7645523,-7.0786333,30.905128
45.56,9.398481,128.45654,-0.76597655,-7.0926514,30.897959
45.57,9.396743,128.42877,-0.76740235,-7.1066856,30.89077
45.58,9.395002,128.40097,-0.76882946,-7.1207333,30.883585
45.59,9.393262,128.37311,-0.77025765,-7.134795,30.876387
45.6,9.391515,128.34528,-0.77168673,-7.1488647,30.86919
45.61,9.389768,128.31737,-0.7731185,-7.162961,30.861965
45.62,9.388018,128.28947,-0.77455014,-7.1770573,30.85475
45.63,9.386264,128.2615,-0.7759842,-7.1911783,30.847523
45.64,9.384507,128.23347,-0.7774183,-7.2053003,30.840284
45.65,9.382747,128.20547,-0.7788552,-7.219449,30.833038
45.66,9.380987,128.17738,-0.7802925,-7.2335997,30.825779
45.67,9.379225,128.14932,-0.7817309,-7.2477674,30.818521
45.68,9.377453,128.12117,-0.7831713,-7.2619524,30.811245
45.69,9.375685,128.09306,-0.7846124,-7.276141,30.803976
45.7,9.373911,128.06483,-0.7860554,-7.2903595,30.79668
45.71,9.372133,128.03664,-0.7874989,-7.304577,30.789392
45.72,9.370356,128.00836,-0.7889446,-7.318819,30.78208
45.73,9.368575,127.98003,-0.7903911,-7.333066,30.774767
45.74,9.366792,127.951744,-0.79183936,-7.347333,30.76745
45.75,9.3650055,127.9234,-0.793288,-7.3616047,30.760124
45.76,9.363215,127.89502,-0.79473877,-7.3758926,30.752794
45.77,9.361424,127.86661,-0.7961903,-7.390195,30.745453
45.78,9.359628,127.83811,-0.79764396,-7.404516,30.738094
45.79,9.357831,127.80963,-0.7990983,-7.4188433,30.730732
45.8,9.356031,127.781136,-0.8005535,-7.4331856,30.723373
45.81,9.354228,127.752594,-0.80201083,-7.4475393,30.71599
45.82,9.352423,127.72402,-0.80346924,-7.4619093,30.7086
45.83,9.350612,127.695404,-0.80492914,-7.4762983,30.701212
45.84,9.348805,127.6668,-0.8063894,-7.4906855,30.693813
45.85,9.3469925,127.63809,-0.8078513,-7.5050945,30.686405
45.86,9.345174,127.60937,-0.809315,-7.519519,30.678986
45.87,9.343355,127.58064,-0.8107788,-7.533949,30.671572
45.88,9.341534,127.55186,-0.81224555,-7.5484056,30.664125
45.89,9.339708,127.52309,-0.8137129,-7.5628614,30.656693
45.9,9.337881,127.4942,-0.8151819,-7.577342,30.649231
45.91,9.336053,127.46536,-0.81665117,-7.5918245,30.64178
45.92,9.33422,127.43648,-0.8181219,-7.606328,30.634315
45.93,9.332383,127.40757,-0.8195946,-7.620841,30.62684
45.94,9.330546,127.37857,-0.82106817,-7.6353674,30.619362
45.95,9.328706,127.34959,-0.82254344,-7.649912,30.611874
45.96,9.326863,127.32055,-0.82401943,-7.664462,30.60438
45.97,9.325018,127.29146,-0.8254976,-7.679034,30.59687
45.98,9.323169,127.262405,-0.8269755,-7.6936083,30.589363
45.99,9.321317,127.23327,-0.82845604,-7.7082014,30.581835
46.0,9.319467,127.204124,-0.8299369,-7.722804,30.574312
46.01,9.31761,127.17498,-0.83141893,-7.737418,30.566772
46.02,9.315747,127.145744,-0.8329036,-7.752056,30.55923
46.03,9.313889,127.11646,-0.83438814,-7.766699,30.551676
46.04,9.312024,127.08717,-0.83587503,-7.7813616,30.544123
46.05,9.310157,127.057846,-0.8373626,-7.796029,30.536549
46.06,9.308287,127.028564,-0.8388508,-7.810706,30.528975
46.07,9.306414,126.99917,-0.8403411,-7.825405,30.521397
46.08,9.304541,126.96977,-0.8418326,-7.8401194,30.5138
46.09,9.302662,126.94029,-0.843325,-7.8548346,30.5062
46.1,9.300782,126.91085,-0.84481865,-7.8695707,30.498592
46.11,9.298901,126.881355,-0.84631383,-7.8843184,30.49098
46.12,9.297013,126.85184,-0.8478102,-7.8990755,30.483362
46.13,9.295126,126.82226,-0.84930813,-7.91385,30.475725
46.14,9.293237,126.7927,-0.85080594,-7.928632,30.468092
46.15,9.291342,126.763054,-0.8523069,-7.943433,30.460445
46.16,9.289448,126.73339,-0.853808,-7.9582453,30.452795
46.17,9.287549,126.70373,-0.8553098,-7.9730654,30.44513
46.18,9.285647,126.674034,-0.85681427,-7.9879017,30.437464
46.19,9.283747,126.64427,-0.858319,-8.002751,30.429787
46.2,9.281838,126.61448,-0.85982656,-8.017619,30.422102
46.21,9.27993,126.584694,-0.8613328,-8.03249,30.414412
46.22,9.278019,126.554825,-0.86284244,-8.047383,30.406706
46.23,9.276106,126.52494,-0.864352,-8.062279,30.399008
46.24,9.27419,126.495056,-0.86586314,-8.077189,30.391289
46.25,9.272268,126.46514,-0.8673753,-8.092114,30.383572
46.26,9.270347,126.43517,-0.86888933,-8.107051,30.375841
46.27,9.26842,126.40517,-0.8704047,-8.122006,30.368093
46.28,9.266495,126.37516,-0.8719203,-8.136969,30.36035
46.29,9.264565,126.34511,-0.8734378,-8.151942,30.352602
46.3,9.262634,126.315,-0.874956,-8.166931,30.344837
46.31,9.260699,126.284874,-0.87647647,-8.181932,30.337072
46.32,9.258761,126.25474,-0.877997,-8.196948,30.329294
46.33,9.256824,126.224556,-0.8795196,-8.21197,30.321507
46.34,9.254881,126.19436,-0.8810435,-8.227014,30.313715
46.35,9.252938,126.16409,-0.88256747,-8.242062,30.305916
46.36,9.250991,126.133835,-0.8840941,-8.257128,30.29811
46.37,9.24904,126.10356,-0.8856204,-8.272194,30.2903
46.38,9.247088,126.07322,-0.8871492,-8.287288,30.28248
46.39,9.2451315,126.04286,-0.88867885,-8.302389,30.274654
46.4,9.243178,126.01249,-0.890209,-8.317501,30.266815
46.41,9.241216,125.982056,-0.89174134,-8.332626,30.258976
46.42,9.239256,125.951584,-0.8932741,-8.347757,30.251125
46.43,9.2372875,125.92111,-0.894809,-8.362911,30.243261
46.44,9.235322,125.89062,-0.8963446,-8.37807,30.235401
46.45,9.233354,125.86008,-0.8978813,-8.393248,30.227526
46.46,9.23138,125.82954,-0.89941895,-8.408433,30.219648
46.47,9.229406,125.79891,-0.90095866,-8.423637,30.211756
46.48,9.22743,125.76831,-0.90249807,-8.438841,30.203869
46.49,9.225447,125.73761,-0.9040407,-8.454075,30.19596
46.5,9.223467,125.706955,-0.9055829,-8.469306,30.18805
46.51,9.221481,125.67624,-0.9071266,-8.48455,30.18013
46.52,9.219496,125.64547,-0.9086718,-8.499814,30.172205
46.53,9.2175045,125.614716,-0.91021824,-8.515083,30.164278
46.54,9.215512,125.58389,-0.911766,-8.530374,30.156336
46.55,9.213515,125.55308,-0.9133146,-8.545665,30.148386
46.56,9.21152,125.5222,-0.914865,-8.560977,30.140432
46.57,9.209521,125.491325,-0.91641533,-8.576293,30.132479
46.58,9.207518,125.46036,-0.91796863,-8.591638,30.124512
46.59,9.205513,125.42943,-0.9195213,-8.606973,30.116531
46.6,9.2035055,125.39843,-0.9210757,-8.62233,30.108557
46.61,9.201497,125.36745,-0.922632,-8.637702,30.100554
46.62,9.199486,125.33639,-0.9241885,-8.653073,30.092564
46.63,9.19747,125.30532,-0.9257465,-8.668469,30.08456
46.64,9.195456,125.274216,-0.92730564,-8.683874,30.076546
46.65,9.193436,125.24311,-0.9288672,-8.699294,30.068527
46.66,9.191416,125.21193,-0.9304282,-8.714725,30.060503
46.67,9.189392,125.18073,-0.9319907,-8.73016,30.052465
46.68,9.187365,125.14951,-0.9335552,-8.745617,30.04442
46.69,9.185334,125.11829,-0.9351197,-8.761077,30.036383
46.7,9.183302,125.087006,-0.9366868,-8.776564,30.028328
46.71,9.181268,125.0557,-0.93825376,-8.792046,30.020262
46.72,9.179234,125.02436,-0.9398229,-8.8075485,30.012201
46.73,9.177195,124.99301,-0.9413926,-8.823063,30.004116
46.74,9.175153,124.961586,-0.942964,-8.838592,29.996035
46.75,9.173109,124.93019,-0.94453603,-8.854127,29.987946
46.76,9.171065,124.898796,-0.9461083,-8.869663,29.979853
46.77,9.169017,124.86731,-0.9476832,-8.885226,29.971748
46.78,9.166966,124.83577,-0.9492585,-8.900797,29.963636
46.79,9.164914,124.804214,-0.950836,-8.916388,29.955511
46.8,9.162857,124.77268,-0.95241374,-8.931976,29.94738
46.81,9.160801,124.74109,-0.95399284,-8.947586,29.939253
46.82,9.158738,124.70948,-0.9555734,-8.963209,29.931114
46.83,9.156677,124.67782,-0.95715445,-8.978837,29.92297
46.84,9.1546135,124.646126,-0.95873654,-8.994478,29.914808
46.85,9.152546,124.61444,-0.9603203,-9.010125,29.906662
46.86,9.1504755,124.5827,-0.9619051,-9.025793,29.89849
46.87,9.148407,124.550934,-0.96349066,-9.041468,29.890318
46.88,9.146333,124.51916,-0.9650783,-9.057159,29.882132
46.89,9.144255,124.48734,-0.9666657,-9.072853,29.873951
46.9,9.142176,124.455475,-0.9682551,-9.088564,29.865753
46.91,9.140095,124.42363,-0.96984565,-9.104289,29.857553
46.92,9.13801,124.39173,-0.9714372,-9.120026,29.849342
46.93,9.135924,124.35979,-0.97303015,-9.13577,29.84113
46.94,9.133837,124.32786,-0.9746236,-9.151528,29.832905
46.95,9.131746,124.295845,-0.97621894,-9.1672945,29.824677
46.96,9.129655,124.26385,-0.9778149,-9.183079,29.816442
46.97,9.127559,124.23179,-0.9794122,-9.198871,29.808195
46.98,9.12546,124.19973,-0.98101026,-9.214672,29.799948
46.99,9.12336,124.16765,-0.9826103,-9.2304945,29.791693
47.0,9.121259,124.1355,-0.98421025,-9.246308,29.783434
47.01,9.119155,124.10338,-0.98581177,-9.262147,29.775175
47.02,9.117048,124.071175,-0.9874151,-9.278006,29.766888
47.03,9.114939,124.03898,-0.9890189,-9.293862,29.758596
47.04,9.112827,124.00671,-0.99062395,-9.309732,29.750309
47.05,9.110715,123.97448,-0.9922296,-9.325613,29.742016
47.06,9.108599,123.94217,-0.993837,-9.34151,29.733715
47.07,9.106481,123.90986,-0.9954456,-9.357419,29.725407
47.08,9.104358,123.87751,-0.99705505,-9.37333,29.717085
47.09,9.102236,123.84514,-0.998665,-9.389259,29.708769
47.1,9.100113,123.81277,-1.0002767,-9.405192,29.700436
47.11,9.097987,123.78034,-1.00189,-9.421151,29.692097
47.12,9.095855,123.74788,-1.0035033,-9.437108,29.683758
47.13,9.093723,123.715385,-1.0051187,-9.453089,29.6754
47.14,9.091591,123.68291,-1.0067341,-9.469064,29.667055
47.15,9.089453,123.65033,-1.0083519,-9.4850645,29.65868
47.16,9.087315,123.6178,-1.00997,-9.501068,29.65032
47.17,9.0851755,123.58521,-1.0115888,-9.517077,29.641943
47.18,9.0830345,123.5526,-1.0132097,-9.533116,29.633553
47.19,9.080887,123.51995,-1.0148313,-9.549155,29.62517
47.2,9.078741,123.48727,-1.0164535,-9.565203,29.616772
47.21,9.0765915,123.45459,-1.018077,-9.581264,29.608377
47.22,9.074439,123.42187,-1.0197023,-9.59734,29.59997
47.23,9.072285,123.389084,-1.0213283,-9.613425,29.591553
47.24,9.0701275,123.35633,-1.0229552,-9.629521,29.583128
47.25,9.067969,123.32351,-1.0245831,-9.645623,29.574703
47.26,9.065809,123.29071,-1.0262114,-9.661734,29.566273
47.27,9.063646,123.25784,-1.0278417,-9.677864,29.557825
47.28,9.061481,123.22497,-1.0294728,-9.694,29.549385
47.29,9.059313,123.192055,-1.031106,-9.7101555,29.540924
47.3,9.057148,123.15912,-1.0327387,-9.726311,29.532469
47.31,9.054973,123.12618,-1.0343732,-9.742482,29.524
47.32,9.0528,123.09319,-1.0360087,-9.758665,29.515522
47.33,9.050624,123.06014,-1.0376455,-9.77486,29.507048
47.34,9.048446,123.027115,-1.0392833,-9.791066,29.498556
47.35,9.046266,122.994064,-1.0409214,-9.807278,29.49007
47.36,9.044085,122.96096,-1.042561,-9.823503,29.481573
47.37,9.0419,122.92783,-1.0442017,-9.839736,29.473076
47.38,9.039713,122.89472,-1.0458438,-9.855984,29.46456
47.39,9.037525,122.86155,-1.0474862,-9.872237,29.456049
47.4,9.035332,122.82833,-1.0491308,-9.88851,29.447517
47.41,9.033143,122.79513,-1.0507758,-9.904788,29.438982
47.42,9.030943,122.7619,-1.0524213,-9.921073,29.43046
47.43,9.028747,122.72857,-1.0540689,-9.937377,29.421913
47.44,9.026548,122.69528,-1.0557171,-9.953685,29.413368
47.45,9.024344,122.66196,-1.0573664,-9.970013,29.404806
47.46,9.022142,122.62859,-1.0590165,-9.986343,29.39625
47.47,9.019937,122.59525,-1.0606678,-10.002684,29.387682
47.48,9.017729,122.56182,-1.0623195,-10.019033,29.379112
47.49,9.015519,122.528404,-1.0639738,-10.035405,29.37053
47.5,9.013308,122.49495,-1.065628,-10.051774,29.361946
47.51,9.011092,122.46146,-1.067283,-10.068155,29.353352
47.52,9.008877,122.42795,-1.0689393,-10.08455,29.344753
47.53,9.006655,122.39444,-1.0705966,-10.100957,29.336159
47.54,9.004434,122.36086,-1.0722562,-10.117375,29.327549
47.55,9.0022135,122.32729,-1.0739148,-10.133792,29.318933
47.56,8.999989,122.293686,-1.075576,-10.15024,29.310305
47.57,8.997763,122.26008,-1.0772376,-10.166686,29.301685
47.58,8.995533,122.226395,-1.0789001,-10.183142,29.293053
47.59,8.993303,122.1927,-1.0805639,-10.199611,29.28441
47.6,8.99107,122.159035,-1.0822273,-10.216084,29.275768
47.61,8.988836,122.125305,-1.0838939,-10.232575,29.267107
47.62,8.986597,122.091545,-1.0855604,-10.249073,29.258455
47.63,8.984357,122.057755,-1.0872284,-10.265585,29.249786
47.64,8.982117,122.02395,-1.0888968,-10.2821045,29.241127
47.65,8.979873,121.99012,-1.090567,-10.298638,29.23244
47.66,8.977627,121.956276,-1.0922371,-10.315169,29.22377
47.67,8.975382,121.9224,-1.0939096,-10.331719,29.215076
47.68,8.973132,121.88849,-1.0955817,-10.348281,29.206383
47.69,8.970881,121.85454,-1.0972556,-10.36485,29.197691
47.7,8.968628,121.8206,-1.0989307,-10.381429,29.188986
47.71,8.966371,121.786606,-1.1006061,-10.398021,29.180273
47.72,8.964113,121.7526,-1.1022835,-10.414629,29.171547
47.73,8.961854,121.718575,-1.1039605,-10.431235,29.16283
47.74,8.959592,121.684525,-1.1056395,-10.447857,29.1541
47.75,8.95733,121.65044,-1.1073198,-10.464492,29.145367
47.76,8.955064,121.61638,-1.1089995,-10.481124,29.136623
47.77,8.952797,121.58224,-1.1106822,-10.497782,29.127878
47.78,8.950527,121.548065,-1.1123643,-10.514438,29.119137
47.79,8.948256,121.513916,-1.1140484,-10.531108,29.11038
47.8,8.945984,121.47971,-1.1157331,-10.547793,29.101612
47.81,8.943707,121.44549,-1.1174188,-10.564486,29.092846
47.82,8.94143,121.41124,-1.1191049,-10.581182,29.084066
47.83,8.939152,121.37699,-1.1207931,-10.597897,29.075281
47.84,8.93687,121.34269,-1.1224817,-10.6146145,29.066504
47.85,8.934587,121.30834,-1.124171,-10.63134,29.057714
47.86,8.932303,121.27398,-1.1258621,-10.64809,29.048912
47.87,8.9300165,121.23966,-1.1275529,-10.664834,29.040113
47.88,8.927723,121.20527,-1.1292459,-10.681598,29.031303
47.89,8.925434,121.17087,-1.1309391,-10.698367,29.022488
47.9,8.9231415,121.1364,-1.1326336,-10.715151,29.01366
47.91,8.920847,121.10195,-1.1343291,-10.7319355,29.004845
47.92,8.91855,121.06751,-1.1360247,-10.748731,28.996012
47.93,8.916252,121.03299,-1.1377224,-10.765543,28.987185
47.94,8.913951,120.99847,-1.1394209,-10.782358,28.978336
47.95,8.911648,120.96387,-1.1411196,-10.7991905,28.969486
47.96,8.909344,120.929306,-1.1428199,-10.816024,28.960638
47.97,8.907037,120.89471,-1.1445216,-10.832875,28.951777
47.98,8.904728,120.8601,-1.1462233,-10.8497305,28.942913
47.99,8.902418,120.82543,-1.1479273,-10.866605,28.934038
48.0,8.900107,120.79081,-1.1496311,-10.883478,28.925163
48.01,8.897792,120.75612,-1.1513356,-10.900362,28.916292
48.02,8.895476,120.721375,-1.1530412,-10.917257,28.907402
48.03,8.893159,120.68663,-1.1547484,-10.934159,28.898512
48.04,8.890839,120.651855,-1.156456,-10.951081,28.88961
48.05,8.888516,120.617096,-1.1581649,-10.968004,28.880714
48.06,8.886195,120.58228,-1.1598756,-10.984942,28.871807
48.07,8.883867,120.54743,-1.1615853,-11.001881,28.862892
48.08,8.88154,120.512596,-1.1632973,-11.018835,28.853966
48.09,8.879212,120.47772,-1.1650097,-11.035794,28.84505
48.1,8.876883,120.44281,-1.1667228,-11.052769,28.836123
48.11,8.874548,120.407875,-1.1684377,-11.06975,28.82718
48.12,8.872212,120.37294,-1.1701527,-11.086732,28.818245
48.13,8.869878,120.33796,-1.1718693,-11.103743,28.809294
48.14,8.867541,120.302986,-1.1735864,-11.120748,28.800352
48.15,8.865199,120.26797,-1.1753044,-11.137765,28.791391
48.16,8.862859,120.23294,-1.1770233,-11.154793,28.782434
48.17,8.860515,120.197876,-1.1787424,-11.1718235,28.77347
48.18,8.858168,120.16279,-1.1804637,-11.188871,28.764498
48.19,8.855821,120.127716,-1.1821852,-11.205927,28.755524
48.2,8.853472,120.09256,-1.1839086,-11.222999,28.74653
48.21,8.851123,120.0574,-1.1856321,-11.240074,28.737549
48.22,8.848767,120.02224,-1.1873566,-11.257156,28.728554
48.23,8.846414,119.987076,-1.1890817,-11.274245,28.719559
48.24,8.844058,119.95186,-1.190809,-11.29135,28.710554
48.25,8.8417,119.91664,-1.1925355,-11.30846,28.701548
48.26,8.839339,119.88134,-1.1942635,-11.325573,28.692543
48.27,8.836977,119.84609,-1.1959931,-11.342708,28.683517
48.28,8.834612,119.8108,-1.1977227,-11.359843,28.67449
48.29,8.832246,119.775475,-1.1994544,-11.376998,28.665466
48.3,8.829881,119.74012,-1.2011851,-11.394149,28.65644
48.31,8.827516,119.70476,-1.2029182,-11.41131,28.647387
48.32,8.825142,119.669365,-1.2046511,-11.428484,28.638355
48.33,8.822768,119.63396,-1.2063863,-11.445672,28.629305
48.34,8.820396,119.59856,-1.2081208,-11.462854,28.620249
48.35,8.818022,119.563095,-1.2098575,-11.4800625,28.611189
48.36,8.815642,119.52763,-1.2115943,-11.49727,28.602121
48.37,8.813264,119.49213,-1.2133316,-11.514483,28.593056
48.38,8.810882,119.456604,-1.2150714,-11.531718,28.583984
48.39,8.808499,119.42108,-1.2168106,-11.548947,28.574913
48.4,8.806114,119.385506,-1.2185518,-11.566199,28.565823
48.41,8.803729,119.34993,-1.2202932,-11.583451,28.55673
48.42,8.801342,119.31435,-1.2220348,-11.600706,28.54764
48.43,8.798949,119.27872,-1.223779,-11.617984,28.53854
48.44,8.796559,119.24307,-1.2255225,-11.635267,28.529438
48.45,8.7941675,119.20739,-1.227268,-11.652553,28.52032
48.46,8.791771,119.17171,-1.2290128,-11.669848,28.511219
48.47,8.789375,119.13604,-1.2307597,-11.687157,28.5021
48.48,8.786975,119.10026,-1.232508,-11.704474,28.49298
48.49,8.784577,119.064545,-1.2342563,-11.721796,28.48385
48.5,8.782175,119.028755,-1.2360057,-11.739125,28.474716
48.51,8.779773,118.99298,-1.2377555,-11.756471,28.46558
48.52,8.777365,118.9572,-1.239507,-11.773823,28.456436
48.53,8.774961,118.92134,-1.2412584,-11.791172,28.447292
48.54,8.7725525,118.885475,-1.2430108,-11.808541,28.438135
48.55,8.7701435,118.84962,-1.2447648,-11.825917,28.428976
48.56,8.76773,118.81371,-1.2465194,-11.84331,28.419823
48.57,8.765318,118.7778,-1.2482744,-11.860695,28.410652
48.58,8.7629,118.741844,-1.2500317,-11.878106,28.401474
48.59,8.760486,118.70593,-1.2517879,-11.895508,28.392303
48.6,8.758067,118.66998,-1.2535449,-11.912914,28.383125
48.61,8.755648,118.63395,-1.2553047,-11.930353,28.373941
48.62,8.753228,118.59795,-1.2570637,-11.9477825,28.364754
48.63,8.750803,118.561905,-1.2588243,-11.965229,28.355556
48.64,8.74838,118.52584,-1.2605847,-11.982677,28.34637
48.65,8.745951,118.489784,-1.2623475,-12.000142,28.337158
48.66,8.743524,118.45368,-1.2641096,-12.017607,28.327953
48.67,8.741095,118.41757,-1.2658733,-12.035076,28.318743
48.68,8.738663,118.38143,-1.2676376,-12.052561,28.30952
48.69,8.736231,118.34525,-1.2694031,-12.070061,28.3003
48.7,8.733796,118.309074,-1.2711694,-12.08756,28.291075
48.71,8.731359,118.27291,-1.2729367,-12.105073,28.28184
48.72,8.728923,118.2367,-1.2747043,-12.122587,28.27261
48.73,8.726485,118.20047,-1.2764732,-12.140114,28.263365
48.74,8.724043,118.1642,-1.2782428,-12.157656,28.25412
48.75,8.721598,118.127945,-1.2800131,-12.175199,28.244873
48.76,8.719155,118.09163,-1.2817839,-12.192741,28.23562
48.77,8.71671,118.05531,-1.2835557,-12.210301,28.22636
48.78,8.714262,118.01904,-1.2853281,-12.227859,28.217098
48.79,8.711814,117.98263,-1.2871022,-12.245445,28.207832
48.8,8.709364,117.94625,-1.2888763,-12.263026,28.198563
48.81,8.706912,117.909836,-1.2906518,-12.280619,28.189283
48.82,8.70446,117.873474,-1.2924267,-12.298211,28.180002
48.83,8.702003,117.83704,-1.2942047,-12.315827,28.170717
48.84,8.699548,117.8006,-1.2959816,-12.333436,28.16143
48.85,8.697091,117.76411,-1.2977599,-12.351061,28.152138
48.86,8.69463,117.727615,-1.299539,-12.36869,28.142834
48.87,8.692168,117.69112,-1.3013188,-12.386327,28.133541
48.88,8.689706,117.65459,-1.3030995,-12.403976,28.124233
48.89,8.68724,117.61805,-1.3048815,-12.421634,28.114922
48.9,8.684776,117.581505,-1.3066634,-12.439291,28.105612
48.91,8.68231,117.54494,-1.308446,-12.456959,28.096289
48.92,8.67984,117.508316,-1.3102299,-12.474631,28.086971
48.93,8.677368,117.47172,-1.3120145,-12.492322,28.077637
48.94,8.674898,117.43507,-1.3138003,-12.51002,28.068306
48.95,8.672425,117.39842,-1.315586,-12.527716,28.058973
48.96,8.669951,117.36173,-1.3173728,-12.545428,28.04963
48.97,8.667473,117.32502,-1.319162,-12.56315,28.040277
48.98,8.664998,117.28835,-1.3209492,-12.580863,28.030933
48.99,8.662517,117.251595,-1.3227398,-12.59861,28.021572
49.0,8.660035,117.21488,-1.324529,-12.616339,28.012236
49.01,8.657555,117.17811,-1.3263195,-12.634087,28.002869
49.02,8.65507,117.14131,-1.3281116,-12.651847,27.993496
49.03,8.652584,117.104515,-1.3299034,-12.669604,27.984127
49.04,8.6501,117.06769,-1.331697,-12.687374,27.974758
49.05,8.647612,117.03084,-1.3334912,-12.705159,27.965378
49.06,8.64512,116.99399,-1.3352854,-12.722946,27.955996
49.07,8.642632,116.95713,-1.337081,-12.740739,27.9466
49.08,8.640136,116.92022,-1.3388773,-12.758542,27.93722
49.09,8.637646,116.88331,-1.3406738,-12.7763405,27.927826
49.1,8.635149,116.84638,-1.3424711,-12.794155,27.918427
49.11,8.63265,116.809425,-1.3442706,-12.811985,27.909027
49.12,8.630154,116.77247,-1.3460692,-12.829815,27.899616
49.13,8.627654,116.7355,-1.347869,-12.8476515,27.890203
49.14,8.625154,116.69849,-1.3496696,-12.865495,27.880795
49.15,8.62265,116.6615,-1.3514713,-12.883349,27.871372
49.16,8.620147,116.62443,-1.3532741,-12.901214,27.861942
49.17,8.617642,116.58737,-1.3550755,-12.919072,27.852526
49.18,8.615133,116.55028,-1.3568803,-12.936954,27.843094
49.19,8.612627,116.51324,-1.358684,-12.954833,27.833662
49.2,8.610119,116.47614,-1.3604894,-12.972726,27.824224
49.21,8.607607,116.43898,-1.362295,-12.9906225,27.814774
49.22,8.605094,116.40185,-1.364102,-13.008523,27.80533
49.23,8.602581,116.36468,-1.3659087,-13.026437,27.79588
49.24,8.600068,116.3275,-1.367717,-13.0443535,27.786428
49.25,8.597549,116.2903,-1.3695256,-13.06228,27.77697
49.26,8.595031,116.25313,-1.3713344,-13.080208,27.76751
49.27,8.592515,116.215866,-1.3731451,-13.098151,27.75805
49.28,8.5899935,116.17864,-1.3749554,-13.116094,27.748583
49.29,8.587469,116.14136,-1.3767678,-13.134054,27.739105
49.3,8.58495,116.10412,-1.3785791,-13.15201,27.729626
49.31,8.582424,116.066795,-1.3803933,-13.169985,27.720146
49.32,8.579897,116.029495,-1.3822064,-13.187957,27.71067
49.33,8.57737,115.99214,-1.3840216,-13.205944,27.701178
49.34,8.5748415,115.95483,-1.3858358,-13.223922,27.69168
49.35,8.572312,115.91744,-1.3876519,-13.241922,27.682188
49.36,8.569781,115.88007,-1.3894686,-13.259928,27.67269
49.37,8.567249,115.842674,-1.3912859,-13.277936,27.663183
49.38,8.564714,115.80528,-1.393104,-13.295954,27.653673
49.39,8.562178,115.76785,-1.3949224,-13.313977,27.64417
49.4,8.559643,115.7304,-1.3967421,-13.332008,27.634653
49.41,8.557105,115.69294,-1.3985623,-13.350051,27.625132
49.42,8.554566,115.65548,-1.4003822,-13.368081,27.61562
49.43,8.552024,115.617966,-1.4022043,-13.386139,27.606096
49.44,8.549483,115.58048,-1.4040252,-13.404191,27.59657
49.45,8.54694,115.54294,-1.4058492,-13.422267,27.587027
49.46,8.5443945,115.50541,-1.4076719,-13.440328,27.577501
49.47,8.54185,115.46783,-1.4094971,-13.458416,27.567953
49.48,8.539305,115.430275,-1.4113207,-13.476496,27.558418
49.49,8.536753,115.39266,-1.4131464,-13.494591,27.548876
49.5,8.5342045,115.35507,-1.414973,-13.512693,27.539322
49.51,8.531654,115.31747,-1.4167998,-13.530791,27.529764
49.52,8.529102,115.279785,-1.4186273,-13.548914,27.520205
49.53,8.526547,115.24214,-1.4204558,-13.56702,27.510649
49.54,8.523993,115.20449,-1.422284,-13.585146,27.50109
49.55,8.521441,115.16679,-1.4241139,-13.603278,27.49152
49.56,8.518881,115.12906,-1.4259446,-13.621424,27.481947
49.57,8.516322,115.09136,-1.4277751,-13.639563,27.472376
49.58,8.513763,115.053635,-1.429607,-13.657716,27.46279
49.59,8.5112,115.015884,-1.4314393,-13.675878,27.453215
49.6,8.50864,114.97811,-1.4332721,-13.694039,27.443628
49.61,8.506077,114.940346,-1.4351056,-13.71221,27.434044
49.62,8.503513,114.90256,-1.4369394,-13.730384,27.424456
49.63,8.500945,114.86469,-1.4387753,-13.748572,27.41486
49.64,8.498378,114.8269,-1.4406103,-13.766762,27.405256
49.65,8.4958105,114.78905,-1.4424466,-13.7849655,27.39566
49.66,8.493242,114.751236,-1.4442829,-13.803157,27.386045
49.67,8.490673,114.71336,-1.4461204,-13.821369,27.376446
49.68,8.488098,114.67546,-1.4479585,-13.839587,27.366835
49.69,8.485526,114.63755,-1.449797,-13.8578,27.357222
49.7,8.482953,114.599625,-1.4516366,-13.8760395,27.3476
49.71,8.480378,114.56171,-1.453477,-13.894269,27.33798
49.72,8.477798,114.52374,-1.4553177,-13.912517,27.328354
49.73,8.475224,114.48584,-1.4571581,-13.930753,27.318733
49.74,8.472643,114.44781,-1.4590006,-13.949011,27.309095
49.75,8.470062,114.40983,-1.4608427,-13.967268,27.299463
49.76,8.467483,114.37183,-1.4626853,-13.985535,27.289827
49.77,8.464898,114.333786,-1.4645299,-14.003805,27.280184
49.78,8.462315,114.29577,-1.4663744,-14.022083,27.27054
49.79,8.459731,114.25769,-1.4682205,-14.040373,27.26089
49.8,8.457144,114.21964,-1.470065,-14.058658,27.25124
49.81,8.454557,114.18157,-1.4719115,-14.076955,27.241587
49.82,8.451968,114.14346,-1.4737585,-14.095259,27.231934
49.83,8.449379,114.10535,-1.4756062,-14.113573,27.222277
49.84,8.44679,114.067245,-1.4774534,-14.131876,27.212618
49.85,8.444197,114.02914,-1.4793025,-14.150201,27.202948
49.86,8.441604,113.99097,-1.4811525,-14.168529,27.193275
49.87,8.439011,113.952805,-1.4830015,-14.186854,27.18361
49.88,8.436415,113.91459,-1.4848534,-14.205199,27.173927
49.89,8.43382,113.87645,-1.4867034,-14.22354,27.164263
49.9,8.431221,113.83823,-1.4885551,-14.241893,27.154577
49.91,8.428623,113.79998,-1.4904087,-14.260253,27.14489
49.92,8.426025,113.76175,-1.4922606,-14.278605,27.135208
49.93,8.423423,113.723495,-1.4941143,-14.296979,27.12551
49.94,8.420818,113.68525,-1.4959685,-14.3153515,27.11582
49.95,8.418219,113.64696,-1.4978235,-14.333731,27.10613
49.96,8.415614,113.60867,-1.4996786,-14.35211,27.096432
49.97,8.413009,113.570366,-1.5015343,-14.370505,27.086727
49.98,8.410403,113.53206,-1.503391,-14.3889,27.077024
49.99,8.407795,113.4937,-1.5052484,-14.4073,27.067316
50.0,8.405187,113.45537,-1.5071062,-14.425713,27.057602
50.01,8.402578,113.41703,-1.5089638,-14.444116,27.047892
50.02,8.399964,113.37866,-1.510823,-14.462541,27.038168
50.03,8.397356,113.340225,-1.5126827,-14.480971,27.02845
50.04,8.394743,113.30184,-1.5145429,-14.499401,27.01873
50.05,8.39213,113.26342,-1.5164033,-14.517834,27.009007
50.06,8.389511,113.225,-1.5182645,-14.536282,26.999275
50.07,8.386897,113.18657,-1.5201262,-14.554725,26.989548
50.08,8.384281,113.1481,-1.5219883,-14.573175,26.979815
50.09,8.381661,113.10964,-1.5238516,-14.591639,26.970083
50.1,8.379043,113.07115,-1.525715,-14.610101,26.960339
50.11,8.376423,113.03266,-1.5275798,-14.62857,26.950594
50.12,8.3738,112.99415,-1.5294433,-14.64704,26.94085
50.13,8.37118,112.95563,-1.5313089,-14.665529,26.931095
50.14,8.368557,112.917114,-1.5331746,-14.684011,26.921349
50.15,8.365931,112.878555,-1.5350413,-14.702509,26.9116
50.16,8.363308,112.84002,-1.5369073,-14.720993,26.901842
50.17,8.360681,112.80144,-1.5387748,-14.739498,26.892086
50.18,8.358054,112.762856,-1.5406424,-14.758007,26.88233
50.19,8.355425,112.724266,-1.5425111,-14.776521,26.872564
50.2,8.352797,112.68564,-1.5443807,-14.795037,26.862795
50.21,8.350166,112.64702,-1.5462495,-14.813558,26.853027
50.22,8.347533,112.608376,-1.5481198,-14.832095,26.843246
50.23,8.344903,112.56973,-1.5499905,-14.850624,26.83348
50.24,8.342268,112.5311,-1.5518619,-14.869163,26.823704
50.25,8.339634,112.4924,-1.5537336,-14.887708,26.813923
50.26,8.337,112.45372,-1.5556059,-14.906256,26.80414
50.27,8.334364,112.41503,-1.557479,-14.924812,26.79436
50.28,8.331726,112.37632,-1.559352,-14.943369,26.784573
50.29,8.329086,112.33759,-1.5612262,-14.961942,26.774773
50.3,8.3264475,112.298874,-1.5631002,-14.980504,26.764986
50.31,8.32381,112.26009,-1.5649759,-14.999083,26.75519
50.32,8.321167,112.221375,-1.5668505,-15.017663,26.745392
50.33,8.318522,112.18256,-1.5687267,-15.036255,26.73559
50.34,8.315881,112.1438,-1.5706036,-15.05484,26.725788
50.35,8.31324,112.10501,-1.5724798,-15.073436,26.715977
50.36,8.310594,112.0662,-1.5743581,-15.092034,26.70618
50.37,8.307947,112.02738,-1.5762359,-15.1106415,26.69636
50.38,8.305301,111.98851,-1.5781149,-15.129253,26.686556
50.39,8.302651,111.94971,-1.579994,-15.147868,26.676746
50.4,8.300002,111.91086,-1.5818735,-15.1664915,26.666918
50.41,8.297354,111.872,-1.5837529,-15.185112,26.6571
50.42,8.294705,111.83314,-1.5856338,-15.203739,26.647284
50.43,8.292053,111.794235,-1.587515,-15.222373,26.637457
50.44,8.2894,111.75532,-1.5893966,-15.241015,26.627634
50.45,8.286748,111.716415,-1.5912788,-15.259663,26.617807
50.46,8.284093,111.67747,-1.5931607,-15.278305,26.607962
50.47,8.281435,111.638535,-1.5950445,-15.296963,26.598133
50.48,8.278782,111.59961,-1.596928,-15.315622,26.588297
50.49,8.276123,111.560616,-1.5988127,-15.334293,26.578457
50.5,8.273467,111.52168,-1.6006962,-15.352953,26.568619
50.51,8.270807,111.48269,-1.6025819,-15.37162,26.55878
50.52,8.268149,111.44372,-1.604468,-15.390306,26.548922
50.53,8.265488,111.404724,-1.606353,-15.408988,26.539083
50.54,8.262828,111.3657,-1.60824,-15.427675,26.529226
50.55,8.260164,111.32668,-1.6101264,-15.446364,26.519377
50.56,8.2575,111.28764,-1.6120147,-15.465069,26.509523
50.57,8.254837,111.24858,-1.6139024,-15.483767,26.49967
50.58,8.252172,111.20951,-1.6157914,-15.502475,26.489803
50.59,8.249504,111.17047,-1.6176801,-15.521186,26.479946
50.6,8.2468405,111.13141,-1.619569,-15.539891,26.47008
50.61,8.244171,111.0923,-1.6214592,-15.558614,26.460215
50.62,8.241503,111.05319,-1.623349,-15.577332,26.450344
50.63,8.238835,111.01407,-1.6252409,-15.596068,26.44047
50.64,8.236164,110.97496,-1.6271322,-15.6148,26.430609
50.65,8.233496,110.93582,-1.6290234,-15.633533,26.420729
50.66,8.230823,110.89668,-1.6309155,-15.652276,26.410854
50.67,8.22815,110.85755,-1.6328077,-15.671016,26.40098
50.68,8.225477,110.81837,-1.6347014,-15.6897745,26.391092
50.69,8.222803,110.7792,-1.6365947,-15.70852,26.381216
50.7,8.220127,110.740005,-1.638489,-15.727283,26.371326
50.71,8.21745,110.70082,-1.6403835,-15.746053,26.361435
50.72,8.214773,110.6616,-1.6422791,-15.764817,26.351547
50.73,8.212097,110.6224,-1.6441734,-15.783584,26.341663
50.74,8.20942,110.583145,-1.6460702,-15.802369,26.331764
50.75,8.206738,110.54392,-1.6479657,-15.821141,26.321869
50.76,8.204059,110.504654,-1.649863,-15.839929,26.311972
50.77,8.201379,110.46544,-1.6517595,-15.858714,26.302074
50.78,8.198697,110.426155,-1.6536574,-15.877507,26.292175
50.79,8.1960125,110.38686,-1.6555556,-15.896312,26.282269
50.8,8.193331,110.347595,-1.6574535,-15.915101,26.272373
50.81,8.190647,110.308266,-1.6593536,-15.933921,26.262451
50.82,8.187962,110.26899,-1.6612529,-15.9527235,26.25255
50.83,8.185278,110.22965,-1.6631528,-15.9715395,26.242638
50.84,8.182592,110.19034,-1.6650531,-15.990359,26.232725
50.85,8.179904,110.15102,-1.6669532,-16.009178,26.222813
50.86,8.177216,110.111664,-1.6688541,-16.028004,26.2129
50.87,8.174529,110.07232,-1.6707553,-16.046827,26.202978
50.88,8.17184,110.03292,-1.6726586,-16.065672,26.193052
50.89,8.1691475,109.99358,-1.67456,-16.084507,26.183132
50.9,8.166457,109.954185,-1.6764632,-16.103352,26.173212
50.91,8.163767,109.9148,-1.6783661,-16.122198,26.163275
50.92,8.161077,109.8754,-1.6802683,-16.141031,26.153357
50.93,8.158382,109.83598,-1.6821735,-16.159893,26.143425
50.94,8.155688,109.79659,-1.684078,-16.178745,26.133493
50.95,8.152994,109.75712,-1.6859831,-16.19761,26.123556
50.96,8.150298,109.71766,-1.6878884,-16.216476,26.113625
50.97,8.147602,109.67822,-1.6897943,-16.23535,26.103691
50.98,8.144905,109.63876,-1.6917006,-16.254223,26.093748
50.99,8.142208,109.599304,-1.6936067,-16.273096,26.083803
51.0,8.139511,109.559845,-1.6955129,-16.291973,26.073872
51.01,8.136812,109.52035,-1.6974206,-16.310858,26.063927
51.02,8.134113,109.48089,-1.699328,-16.329744,26.053984
51.03,8.131411,109.44136,-1.7012361,-16.348637,26.044027
51.04,8.128709,109.401825,-1.7031451,-16.367537,26.034082
51.05,8.12601,109.36232,-1.7050538,-16.386435,26.024128
51.06,8.123306,109.32279,-1.7069625,-16.40533,26.014177
51.07,8.120603,109.28326,-1.7088724,-16.42424,26.00422
51.08,8.117898,109.24369,-1.7107829,-16.443151,25.994267
51.09,8.115193,109.20416,-1.712693,-16.462067,25.984308
51.1,8.112491,109.16458,-1.7146034,-16.480978,25.974348
51.11,8.109784,109.125015,-1.7165151,-16.499905,25.964384
51.12,8.107079,109.08543,-1.718426,-16.518824,25.954426
51.13,8.104369,109.04583,-1.720339,-16.537756,25.94446
51.14,8.101662,109.006226,-1.7222512,-16.556686,25.934496
51.15,8.098952,108.96661,-1.7241637,-16.575623,25.924532
51.16,8.096243,108.92702,-1.7260771,-16.59456,25.914564
51.17,8.0935335,108.887375,-1.7279897,-16.613493,25.904596
51.18,8.090822,108.84775,-1.729904,-16.632448,25.894619
51.19,8.088111,108.80812,-1.7318182,-16.651388,25.884651
51.2,8.085401,108.76848,-1.7337321,-16.670343,25.874672
51.21,8.082687,108.728806,-1.7356477,-16.689299,25.864702
51.22,8.079973,108.68917,-1.7375625,-16.70826,25.854713
51.23,8.077262,108.64948,-1.7394776,-16.727217,25.844746
51.24,8.074545,108.609795,-1.7413942,-16.746181,25.834759
51.25,8.071832,108.570114,-1.7433109,-16.765154,25.824772
51.26,8.069114,108.530426,-1.7452269,-16.784122,25.814785
51.27,8.066396,108.490715,-1.747144,-16.803099,25.8048
51.28,8.063682,108.451004,-1.7490603,-16.822071,25.794823
51.29,8.060964,108.411285,-1.7509795,-16.841059,25.784828
51.3,8.058248,108.37157,-1.7528969,-16.860039,25.774843
51.31,8.055527,108.33181,-1.7548156,-16.879025,25.764856
51.32,8.052805,108.292046,-1.7567347,-16.898022,25.754862
51.33,8.050087,108.25232,-1.7586536,-16.917017,25.744867
51.34,8.047367,108.2126,-1.7605727,-16.936007,25.734879
51.35,8.044644,108.172806,-1.7624924,-16.955011,25.724878
51.36,8.0419235,108.133026,-1.7644126,-16.974014,25.714884
51.37,8.039202,108.09325,-1.7663336,-16.993021,25.70488
51.38,8.036477,108.05345,-1.7682546,-17.01204,25.694878
51.39,8.033753,108.01365,-1.7701751,-17.031048,25.684874
51.4,8.031032,107.973885,-1.7720968,-17.05006,25.674873
51.41,8.028305,107.934044,-1.7740186,-17.069075,25.664867
51.42,8.02558,107.89426,-1.77594,-17.088089,25.654875
51.43,8.022856,107.85442,-1.7778627,-17.107122,25.644861
51.44,8.020127,107.814606,-1.7797854,-17.126143,25.634855
51.45,8.017399,107.774765,-1.7817088,-17.145176,25.624838
51.46,8.014672,107.73492,-1.7836314,-17.164211,25.614834
51.47,8.011943,107.695045,-1.7855561,-17.183247,25.604818
51.48,8.009215,107.65518,-1.78748,-17.20229,25.594809
51.49,8.006485,107.61531,-1.7894045,-17.22133,25.584793
51.5,8.003755,107.57547,-1.7913294,-17.240376,25.574774
51.51,8.001025,107.53558,-1.7932537,-17.259418,25.564758
51.52,7.9982934,107.4957,-1.795179,-17.278473,25.554743
51.53,7.995564,107.455795,-1.7971044,-17.297523,25.544724
51.54,7.992828,107.41586,-1.7990309,-17.316582,25.53471
51.55,7.990097,107.375984,-1.800957,-17.33564,25.52468
51.56,7.9873643,107.33605,-1.8028839,-17.354706,25.51466
51.57,7.9846306,107.29617,-1.8048109,-17.373768,25.504635
51.58,7.981897,107.25621,-1.8067371,-17.39283,25.494612
51.59,7.979161,107.21626,-1.8086655,-17.411903,25.48458
51.6,7.976428,107.17635,-1.8105919,-17.43097,25.474556
51.61,7.97369,107.1364,-1.8125205,-17.45005,25.464529
51.62,7.9709554,107.09646,-1.8144482,-17.469114,25.454508
51.63,7.968215,107.05651,-1.8163769,-17.488203,25.444473
51.64,7.9654784,107.01654,-1.8183051,-17.507286,25.434437
51.65,7.962741,106.97654,-1.820235,-17.526377,25.424408
51.66,7.960002,106.93659,-1.8221643,-17.545454,25.414375
51.67,7.9572654,106.8966,-1.8240938,-17.564543,25.40434
51.68,7.9545245,106.8566,-1.8260238,-17.583641,25.394306
51.69,7.9517856,106.81664,-1.8279542,-17.60273,25.384275
51.7,7.9490423,106.7766,-1.8298854,-17.621836,25.374237
51.71,7.946304,106.73661,-1.8318154,-17.640924,25.364199
51.72,7.943562,106.696594,-1.8337464,-17.660034,25.354164
51.73,7.9408193,106.65656,-1.8356782,-17.67914,25.344118
51.74,7.938076,106.616554,-1.8376102,-17.69825,25.334076
51.75,7.9353347,106.57649,-1.839542,-17.717361,25.324036
51.76,7.9325924,106.53649,-1.8414732,-17.736462,25.313995
51.77,7.9298472,106.49642,-1.8434062,-17.75558,25.303942
51.78,7.927102,106.45636,-1.8453392,-17.774698,25.2939
51.79,7.924358,106.41637,-1.8472726,-17.793814,25.283857
51.8,7.9216137,106.3763,-1.8492042,-17.812931,25.273813
51.81,7.9188666,106.33621,-1.8511385,-17.832058,25.263765
51.82,7.9161224,106.296135,-1.8530723,-17.851185,25.253717
51.83,7.9133754,106.25604,-1.8550067,-17.870317,25.24366
51.84,7.910626,106.21599,-1.8569405,-17.88944,25.23361
51.85,7.9078794,106.17591,-1.8588747,-17.908573,25.223564
51.86,7.9051337,106.13581,-1.8608096,-17.92771,25.213514
51.87,7.902386,106.09571,-1.8627445,-17.946842,25.203459
51.88,7.8996367,106.055626,-1.8646802,-17.96599,25.19341
51.89,7.896888,106.0155,-1.8666153,-17.98512,25.183355
51.9,7.894136,105.975395,-1.8685509,-18.004265,25.1733
51.91,7.891388,105.93528,-1.8704863,-18.023403,25.16324
51.92,7.8886366,105.89519,-1.8724232,-18.042555,25.153189
51.93,7.8858867,105.85503,-1.8743602,-18.061705,25.143131
51.94,7.883136,105.81489,-1.8762954,-18.08085,25.13308
51.95,7.880382,105.77476,-1.8782328,-18.100006,25.123013
51.96,7.8776293,105.73463,-1.8801703,-18.119167,25.112951
51.97,7.874879,105.694466,-1.8821068,-18.138323,25.102896
51.98,7.8721247,105.65433,-1.8840454,-18.157484,25.09283
51.99,7.869372,105.614136,-1.8859829,-18.176638,25.082773
52.0,7.866618,105.574,-1.8879211,-18.195807,25.072708
52.01,7.863864,105.533844,-1.8898585,-18.214962,25.062653
52.02,7.8611097,105.49365,-1.8917979,-18.234133,25.052582
52.03,7.858356,105.45348,-1.8937365,-18.253298,25.042517
52.04,7.8555994,105.41326,-1.8956753,-18.272474,25.032455
52.05,7.8528447,105.373085,-1.8976141,-18.291643,25.022387
52.06,7.8500886,105.33294,-1.8995534,-18.310816,25.012325
52.07,7.8473315,105.29274,-1.9014931,-18.32999,25.00226
52.08,7.8445745,105.25253,-1.9034327,-18.349167,24.992193
52.09,7.841815,105.21233,-1.9053731,-18.368351,24.982126
52.1,7.83906,105.17211,-1.9073129,-18.387524,24.972063
52.11,7.836301,105.13189,-1.9092542,-18.406712,24.961987
52.12,7.8335433,105.09171,-1.9111937,-18.425888,24.951921
52.13,7.8307858,105.051445,-1.9131348,-18.445082,24.941849
52.14,7.8280253,105.011246,-1.9150757,-18.464264,24.931793
52.15,7.8252673,104.971016,-1.9170176,-18.483458,24.921705
52.16,7.8225064,104.930786,-1.9189589,-18.502647,24.911634
52.17,7.8197484,104.890526,-1.9209002,-18.521843,24.901562
52.18,7.816986,104.85029,-1.922842,-18.541037,24.89149
52.19,7.814225,104.810074,-1.924783,-18.560225,24.881422
52.2,7.811465,104.76981,-1.9267257,-18.579426,24.87134
52.21,7.8087044,104.729576,-1.9286691,-18.598621,24.861261
52.22,7.80594,104.68931,-1.9306107,-18.617828,24.851194
52.23,7.803179,104.64904,-1.9325536,-18.637028,24.84111
52.24,7.8004184,104.60875,-1.934496,-18.656221,24.831045
52.25,7.797654,104.56851,-1.9364396,-18.675428,24.820965
52.26,7.7948914,104.528275,-1.9383821,-18.694628,24.810902
52.27,7.7921267,104.48796,-1.9403273,-18.713848,24.80081
52.28,7.7893643,104.44766,-1.9422708,-18.733059,24.790737
52.29,7.7865977,104.407394,-1.9442145,-18.752266,24.78066
52.3,7.7838354,104.36714,-1.9461573,-18.771473,24.770588
52.31,7.781071,104.32682,-1.948102,-18.790688,24.760506
52.32,7.7783055,104.28652,-1.9500467,-18.809908,24.75042
52.33,7.7755375,104.24622,-1.9519914,-18.829123,24.740341
52.34,7.772776,104.20594,-1.9539354,-18.848335,24.730268
52.35,7.7700105,104.16566,-1.9558802,-18.86755,24.72019
52.36,7.767242,104.12532,-1.9578259,-18.886776,24.710108
52.37,7.764477,104.08502,-1.9597704,-18.90599,24.700027
52.38,7.7617097,104.04469,-1.961717,-18.925219,24.68994
52.39,7.7589455,104.00439,-1.9636616,-18.94444,24.679867
52.4,7.7561736,103.96401,-1.9656079,-18.963667,24.669779
52.41,7.753407,103.923744,-1.9675531,-18.982893,24.6597
52.42,7.7506394,103.88342,-1.9694984,-19.002104,24.649626
52.43,7.7478714,103.84308,-1.9714458,-19.021347,24.63954
52.44,7.745104,103.80275,-1.9733915,-19.040571,24.629457
52.45,7.742336,103.76242,-1.9753376,-19.059805,24.619375
52.46,7.7395678,103.72208,-1.9772836,-19.07903,24.609293
52.47,7.736797,103.681725,-1.9792322,-19.098276,24.599205
52.48,7.7340283,103.641396,-1.9811782,-19.1175,24.58913
52.49,7.731257,103.60101,-1.9831259,-19.136747,24.579033
52.5,7.728486,103.5607,-1.9850719,-19.15597,24.568954
52.51,7.72572,103.52035,-1.9870191,-19.17521,24.558874
52.52,7.7229466,103.47999,-1.988967,-19.194445,24.548794
52.53,7.720178,103.43965,-1.9909143,-19.213682,24.538712
52.54,7.717405,103.399284,-1.9928629,-19.232927,24.528624
52.55,7.7146344,103.35892,-1.9948103,-19.252163,24.518534
52.56,7.7118626,103.318535,-1.9967585,-19.271404,24.508455
52.57,7.7090907,103.27819,-1.9987063,-19.29065,24.498373
52.58,7.7063203,103.23784,-2.0006547,-19.309893,24.488283
52.59,7.7035494,103.19743,-2.0026026,-19.329134,24.4782
52.6,7.7007737,103.15706,-2.0045512,-19.348377,24.468119
52.61,7.698001,103.11669,-2.0065,-19.367626,24.458033
52.62,7.6952305,103.07635,-2.0084488,-19.38687,24.44794
52.63,7.692459,103.03592,-2.0103967,-19.406115,24.437862
52.64,7.689686,102.995544,-2.0123458,-19.425362,24.42778
52.65,7.686911,102.95516,-2.014295,-19.44461,24.417686
52.66,7.6841373,102.91479,-2.016244,-19.463854,24.407612
52.67,7.6813655,102.87439,-2.0181935,-19.48311,24.397518
52.68,7.6785884,102.833984,-2.0201433,-19.502369,24.387434
52.69,7.675814,102.79358,-2.022092,-19.52161,24.377352
52.7,7.6730385,102.75322,-2.0240421,-19.540865,24.367266
52.71,7.6702642,102.712814,-2.025992,-19.560118,24.357176
52.72,7.6674924,102.67241,-2.0279417,-19.57937,24.347095
52.73,7.6647167,102.63203,-2.0298913,-19.598623,24.337008
52.74,7.6619406,102.591576,-2.0318427,-19.61789,24.326914
52.75,7.6591654,102.5512,-2.0337918,-19.637138,24.316837
52.76,7.6563888,102.51079,-2.0357413,-19.656391,24.306753
52.77,7.653614,102.470375,-2.037693,-19.675655,24.296661
52.78,7.650836,102.42998,-2.0396423,-19.694906,24.286581
52.79,7.648061,102.38953,-2.041594,-19.714169,24.2765
52.8,7.645285,102.34916,-2.043544,-19.733427,24.266415
52.81,7.642508,102.30872,-2.0454948,-19.752682,24.256325
52.82,7.6397314,102.26829,-2.0474463,-19.771952,24.246235
52.83,7.6369553,102.227905,-2.0493972,-19.79121,24.236153
52.84,7.634178,102.18748,-2.0513477,-19.810469,24.226074
52.85,7.631403,102.14706,-2.053299,-19.829727,24.215986
52.86,7.628622,102.10661,-2.0552502,-19.848991,24.205898
52.87,7.625845,102.06623,-2.0572014,-19.86825,24.195814
52.88,7.6230683,102.02579,-2.0591526,-19.88752,24.185736
52.89,7.620292,101.98535,-2.0611033,-19.906769,24.175652
52.9,7.6175137,101.94492,-2.063056,-19.926043,24.165565
52.91,7.6147337,101.90451,-2.0650072,-19.9453,24.155483
52.92,7.611958,101.86408,-2.0669577,-19.964556,24.145401
52.93,7.60918,101.82365,-2.0689101,-19.98382,24.135317
52.94,7.6063995,101.7832,-2.0708618,-20.003092,24.125233
52.95,7.603623,101.74278,-2.072814,-20.022354,24.115149
52.96,7.600843,101.702324,-2.0747647,-20.041615,24.10506
52.97,7.598066,101.66191,-2.0767179,-20.060886,24.094984
52.98,7.5952854,101.62148,-2.0786688,-20.080149,24.084906
52.99,7.592507,101.58103,-2.0806215,-20.09941,24.074821
53.0,7.5897274,101.540596,-2.082574,-20.118673,24.06474
53.01,7.58695,101.500175,-2.0845258,-20.137938,24.054663
53.02,7.5841675,101.4597,-2.0864787,-20.157215,24.044573
53.03,7.5813913,101.41929,-2.0884297,-20.176466,24.034504
53.04,7.5786085,101.37883,-2.0903835,-20.195744,24.02442
53.05,7.575832,101.33838,-2.092335,-20.215004,24.014336
53.06,7.57305,101.29794,-2.0942874,-20.234272,24.004261
53.07,7.570268,101.25752,-2.0962408,-20.253542,23.994175
53.08,7.567489,101.21705,-2.098194,-20.272812,23.984093
53.09,7.564709,101.17661,-2.1001458,-20.292068,23.974024
53.1,7.5619297,101.13616,-2.1020975,-20.311333,23.963942
53.11,7.5591483,101.09573,-2.1040514,-20.330603,23.953863
53.12,7.5563703,101.055275,-2.1060038,-20.349867,23.943785
53.13,7.553589,101.01484,-2.1079566,-20.369131,23.933712
53.14,7.5508075,100.97438,-2.1099093,-20.388401,23.923634
53.15,7.5480275,100.93393,-2.1118624,-20.407671,23.913544
53.16,7.5452485,100.89352,-2.1138148,-20.426918,23.903486
53.17,7.542467,100.85307,-2.1157677,-20.44619,23.89341
53.18,7.5396857,100.8126,-2.1177213,-20.465466,23.88332
53.19,7.5369053,100.77217,-2.1196742,-20.484724,23.873255
53.2,7.5341234,100.73172,-2.1216264,-20.50399,23.863182
53.21,7.5313444,100.691284,-2.1235805,-20.52325,23.853106
53.22,7.528562,100.65082,-2.1255338,-20.542517,23.84303
53.23,7.5257807,100.61042,-2.1274862,-20.561777,23.83296
53.24,7.5230002,100.5699,-2.1294403,-20.581059,23.822878
53.25,7.5202184,100.529495,-2.131393,-20.600313,23.812809
53.26,7.5174375,100.48905,-2.1333451,-20.619572,23.802748
53.27,7.514653,100.44858,-2.1352994,-20.638851,23.792673
53.28,7.511873,100.408165,-2.1372523,-20.658102,23.782598
53.29,7.509092,100.36771,-2.139206,-20.67737,23.77253
53.3,7.506312,100.32726,-2.1411588,-20.696629,23.762459
53.31,7.503529,100.28679,-2.143113,-20.7159,23.752392
53.32,7.500746,100.24636,-2.1450653,-20.735159,23.742329
53.33,7.497963,100.2059,-2.1470196,-20.754435,23.732252
53.34,7.495182,100.165474,-2.1489727,-20.773684,23.722183
53.35,7.492401,100.12503,-2.1509247,-20.792936,23.712124
53.36,7.4896193,100.08459,-2.152879,-20.812204,23.702045
53.37,7.4868393,100.04415,-2.1548316,-20.831459,23.691988
53.38,7.484057,100.00368,-2.156785,-20.85072,23.681929
53.39,7.481274,99.96326,-2.1587386,-20.869976,23.671862
53.4,7.478493,99.922806,-2.1606922,-20.889246,23.661795
53.41,7.4757094,99.88237,-2.1626456,-20.908495,23.651733
53.42,7.47293,99.84195,-2.1645977,-20.92775,23.641672
53.43,7.4701467,99.8015,-2.1665523,-20.947014,23.631605
53.44,7.467366,99.76107,-2.1685052,-20.966274,23.621546
53.45,7.4645834,99.720604,-2.1704586,-20.985529,23.61148
53.46,7.4618015,99.68018,-2.1724122,-21.004784,23.60143
53.47,7.4590187,99.63972,-2.174366,-21.024036,23.591364
53.48,7.45624,99.59928,-2.1763186,-21.043299,23.581303
53.49,7.4534554,99.558846,-2.1782718,-21.062546,23.571245
53.5,7.450674,99.51844,-2.1802254,-21.081804,23.561193
53.51,7.447892,99.478004,-2.1821775,-21.101046,23.551142
53.52,7.44511,99.43755,-2.1841314,-21.120302,23.541075
53.53,7.4423304,99.39715,-2.1860838,-21.139555,23.531027
53.54,7.4395466,99.3567,-2.1880376,-21.158806,23.520975
53.55,7.436765,99.31628,-2.1899905,-21.178057,23.510918
53.56,7.4339843,99.275856,-2.1919441,-21.197306,23.500862
53.57,7.4312,99.23542,-2.193897,-21.216558,23.49081
53.58,7.42842,99.19499,-2.1958516,-21.235811,23.480762
53.59,7.4256377,99.154564,-2.197803,-21.255045,23.470707
53.6,7.4228573,99.11415,-2.1997564,-21.274298,23.46066
53.61,7.4200754,99.073746,-2.2017093,-21.293541,23.450611
53.62,7.4172935,99.03333,-2.2036622,-21.312786,23.440561
53.63,7.4145117,98.992874,-2.205616,-21.332035,23.430513
53.64,7.41173,98.9525,-2.2075675,-21.35127,23.420465
53.65,7.408949,98.91203,-2.2095218,-21.370516,23.41042
53.66,7.406168,98.87162,-2.2114735,-21.389757,23.400377
53.67,7.4033856,98.83127,-2.213426,-21.408995,23.390331
53.68,7.400605,98.79088,-2.215378,-21.428232,23.38029
53.69,7.3978243,98.75042,-2.2173307,-21.447466,23.370249
53.7,7.3950424,98.71,-2.2192838,-21.46671,23.360203
53.71,7.392261,98.6696,-2.221236,-21.485947,23.350164
53.72,7.3894806,98.629196,-2.2231886,-21.50518,23.340128
53.73,7.3867,98.58882,-2.2251413,-21.524414,23.330086
53.74,7.383919,98.54837,-2.227094,-21.543652,23.320034
53.75,7.3811383,98.50802,-2.229045,-21.562876,23.310005
53.76,7.3783565,98.467606,-2.2309985,-21.582115,23.299973
53.77,7.375576,98.42721,-2.2329512,-21.601345,23.289938
53.78,7.3727956,98.38683,-2.234902,-21.620565,23.279903
53.79,7.3700137,98.34643,-2.2368548,-21.639801,23.269865
53.8,7.3672338,98.30604,-2.2388065,-21.659025,23.259832
53.81,7.3644524,98.26564,-2.2407594,-21.678253,23.249796
53.82,7.361672,98.22525,-2.2427104,-21.69748,23.23977
53.83,7.3588924,98.18491,-2.2446632,-21.716702,23.229738
53.84,7.356114,98.14451,-2.2466145,-21.735924,23.219719
53.85,7.353332,98.10413,-2.2485657,-21.755138,23.209682
53.86,7.350552,98.06377,-2.2505178,-21.774364,23.199657
53.87,7.347771,98.02336,-2.2524698,-21.793585,23.18963
53.88,7.3449917,97.98299,-2.2544215,-21.81281,23.179605
53.89,7.342213,97.942635,-2.2563725,-21.832024,23.169582
53.9,7.339433,97.90229,-2.2583244,-21.851238,23.159554
53.91,7.336653,97.86194,-2.2602754,-21.870455,23.149534
53.92,7.333873,97.82157,-2.262226,-21.88966,23.139517
53.93,7.331093,97.781204,-2.264178,-21.90888,23.129494
53.94,7.3283153,97.74084,-2.266128,-21.928083,23.119482
53.95,7.325536,97.70048,-2.2680795,-21.947298,23.109459
53.96,7.3227572,97.6601,-2.270031,-21.9665,23.099443
53.97,7.3199797,97.61977,-2.271981,-21.985704,23.089432
53.98,7.317198,97.57941,-2.273932,-22.004906,23.079414
53.99,7.3144193,97.53905,-2.275883,-22.024118,23.069397
54.0,7.3116426,97.49873,-2.2778327,-22.043314,23.059385
54.01,7.308866,97.45838,-2.2797832,-22.062513,23.049377
54.02,7.3060856,97.41805,-2.2817342,-22.081717,23.039368
54.03,7.3033075,97.37774,-2.2836843,-22.10092,23.029356
54.04,7.300526,97.3374,-2.2856352,-22.120121,23.019348
54.05,7.297751,97.297066,-2.2875843,-22.139305,23.009342
54.06,7.2949734,97.25673,-2.289535,-22.158503,22.999327
54.07,7.292196,97.21642,-2.2914846,-22.177685,22.989326
54.08,7.289418,97.1761,-2.293435,-22.196884,22.979326
54.09,7.2866416,97.135796,-2.2953842,-22.216068,22.969322
54.1,7.283864,97.09546,-2.2973332,-22.235256,22.959314
54.11,7.2810874,97.05516,-2.299283,-22.254452,22.949322
54.12,7.2783113,97.01488,-2.3012311,-22.273628,22.939322
54.13,7.275533,96.97455,-2.303182,-22.292818,22.929317
54.14,7.2727585,96.93428,-2.3051307,-22.311981,22.919334
54.15,7.269981,96.89398,-2.3070793,-22.331167,22.909334
54.16,7.267205,96.85368,-2.3090284,-22.350338,22.899342
54.17,7.26443,96.813385,-2.3109772,-22.369516,22.889347
54.18,7.261653,96.7731,-2.3129258,-22.388697,22.879358
54.19,7.2588778,96.7328,-2.3148744,-22.407866,22.869368
54.2,7.256102,96.6925,-2.3168237,-22.427038,22.859371
54.21,7.2533255,96.65225,-2.3187716,-22.446196,22.84939
54.22,7.2505493,96.611946,-2.3207207,-22.465387,22.839397
54.23,7.2477775,96.57172,-2.3226678,-22.484535,22.829414
54.24,7.2450023,96.5314,-2.3246162,-22.503706,22.819437
54.25,7.242227,96.49115,-2.326564,-22.522865,22.809443
54.26,7.239452,96.450905,-2.328511,-22.54202,22.799469
54.27,7.236675,96.41061,-2.3304594,-22.561193,22.789482
54.28,7.233904,96.370384,-2.3324056,-22.580343,22.779514
54.29,7.23113,96.33011,-2.3343542,-22.599503,22.769526
54.3,7.2283564,96.28989,-2.3363006,-22.61865,22.759556
54.31,7.225582,96.24965,-2.3382483,-22.637793,22.749577
54.32,7.2228093,96.209404,-2.3401952,-22.656954,22.739601
54.33,7.2200336,96.16916,-2.3421423,-22.676104,22.729631
54.34,7.2172623,96.12895,-2.3440883,-22.695242,22.719666
54.35,7.214488,96.088684,-2.346035,-22.714392,22.70969
54.36,7.2117176,96.04843,-2.3479822,-22.73354,22.699722
54.37,7.208943,96.008255,-2.349928,-22.752668,22.68976
54.38,7.206171,95.968025,-2.351875,-22.771814,22.679785
54.39,7.203399,95.92783,-2.3538203,-22.790943,22.66982
54.4,7.2006264,95.887596,-2.3557658,-22.810085,22.659857
54.41,7.197858,95.84742,-2.3577104,-22.8292,22.649908
54.42,7.1950855,95.807236,-2.359656,-22.84833,22.639938
54.43,7.1923122,95.766975,-2.3616028,-22.86747,22.629984
54.44,7.189543,95.726776,-2.3635476,-22.886599,22.620028
54.45,7.186774,95.68664,-2.3654923,-22.905718,22.610071
54.46,7.1840024,95.64643,-2.3674371,-22.924828,22.60012
54.47,7.1812315,95.606285,-2.3693821,-22.943956,22.590168
54.48,7.1784625,95.5661,-2.3713264,-22.963076,22.580212
54.49,7.175692,95.52591,-2.373272,-22.982199,22.570257
54.5,7.172922,95.485756,-2.3752158,-23.001307,22.56032
54.51,7.170156,95.44561,-2.3771584,-23.020407,22.550371
54.52,7.1673827,95.405426,-2.3791041,-23.039532,22.540417
54.53,7.1646156,95.36527,-2.3810477,-23.058634,22.530481
54.54,7.1618466,95.32511,-2.3829908,-23.077732,22.520533
54.55,7.159076,95.28493,-2.3849351,-23.09685,22.510592
54.56,7.156308,95.24481,-2.3868792,-23.115944,22.500647
54.57,7.153541,95.20467,-2.3888214,-23.135033,22.490723
54.58,7.150773,95.164536,-2.3907647,-23.154139,22.480778
54.59,7.148007,95.12443,-2.3927076,-23.173233,22.470844
54.6,7.1452374,95.084305,-2.39465,-23.192326,22.460913
54.61,7.1424737,95.04421,-2.3965917,-23.211403,22.450981
54.62,7.139704,95.00406,-2.3985338,-23.2305,22.441046
54.63,7.136939,94.96397,-2.400476,-23.249578,22.431118
54.64,7.1341734,94.92386,-2.4024184,-23.268661,22.421188
54.65,7.131404,94.883736,-2.4043603,-23.287743,22.411264
54.66,7.128641,94.84365,-2.4063025,-23.306824,22.401333
54.67,7.125877,94.803566,-2.408243,-23.325886,22.391424
54.68,7.1231103,94.7635,-2.4101849,-23.344961,22.3815
54.69,7.1203475,94.72342,-2.4121253,-23.36403,22.371578
54.7,7.117581,94.683334,-2.414066,-23.383112,22.361664
54.71,7.114819,94.643265,-2.416007,-23.402163,22.351748
54.72,7.112052,94.6032,-2.4179475,-23.421232,22.34183
54.73,7.109289,94.56312,-2.4198878,-23.440292,22.331919
54.74,7.106528,94.52309,-2.4218278,-23.459352,22.32201
54.75,7.103764,94.48302,-2.4237673,-23.478405,22.312096
54.76,7.101001,94.44296,-2.4257069,-23.497448,22.30219
54.77,7.0982366,94.40292,-2.4276474,-23.51651,22.292284
54.78,7.095473,94.3629,-2.429586,-23.535557,22.28238
54.79,7.092712,94.32287,-2.431526,-23.55461,22.27247
54.8,7.0899506,94.282814,-2.433465,-23.573647,22.262568
54.81,7.0871873,94.2428,-2.4354038,-23.592701,22.252665
54.82,7.0844293,94.20281,-2.4373407,-23.611721,22.242777
54.83,7.081667,94.16278,-2.439281,-23.63077,22.232872
54.84,7.078905,94.12277,-2.441219,-23.649801,22.222977
54.85,7.0761466,94.08279,-2.4431555,-23.66882,22.213095
54.86,7.073387,94.04277,-2.445094,-23.687847,22.203194
54.87,7.070628,94.002815,-2.4470313,-23.706879,22.193312
54.88,7.0678654,93.96279,-2.4489691,-23.725904,22.183426
54.89,7.0651083,93.92287,-2.450906,-23.744913,22.173542
54.9,7.0623474,93.88283,-2.4528427,-23.763943,22.163654
54.91,7.0595903,93.84287,-2.45478,-23.782955,22.153772
54.92,7.0568323,93.80293,-2.4567158,-23.801968,22.14388
54.93,7.0540743,93.76297,-2.4586527,-23.820978,22.134008
54.94,7.051318,93.723015,-2.4605873,-23.839975,22.124138
54.95,7.0485597,93.683105,-2.4625235,-23.85898,22.11426
54.96,7.0458035,93.64315,-2.464459,-23.87798,22.104385
54.97,7.043047,93.60319,-2.4663947,-23.896978,22.09451
54.98,7.040291,93.56327,-2.4683301,-23.915974,22.084637
54.99,7.0375323,93.52333,-2.470265,-23.934969,22.07477
55.0,7.0347786,93.48343,-2.4721997,-23.95395,22.064909
55.01,7.032025,93.443504,-2.474134,-23.972937,22.05504
55.02,7.0292683,93.40362,-2.4760697,-23.991932,22.045176
55.03,7.026516,93.36372,-2.4780025,-24.010904,22.035316
55.04,7.0237594,93.32382,-2.4799364,-24.029882,22.02546
55.05,7.0210066,93.28391,-2.4818707,-24.048866,22.015596
55.06,7.0182524,93.24405,-2.483803,-24.067837,22.005737
55.07,7.0154986,93.20419,-2.4857364,-24.0868,21.995892
55.08,7.0127482,93.164314,-2.4876692,-24.105768,21.98603
55.09,7.009994,93.12442,-2.4896019,-24.124733,21.976187
55.1,7.007243,93.0846,-2.4915342,-24.143692,21.96634
55.11,7.0044904,93.04472,-2.4934669,-24.162657,21.956495
55.12,7.001737,93.0049,-2.495398,-24.181614,21.946651
55.13,6.9989867,92.965065,-2.4973307,-24.200567,21.936798
55.14,6.9962378,92.92521,-2.4992614,-24.219501,21.926966
55.15,6.993485,92.88535,-2.5011935,-24.238457,21.917122
55.16,6.9907346,92.84554,-2.503124,-24.257399,21.907286
55.17,6.9879885,92.80577,-2.505054,-24.276335,21.897453
55.18,6.985237,92.765945,-2.506985,-24.295269,21.887617
55.19,6.9824877,92.72612,-2.508916,-24.314213,21.87778
55.2,6.979738,92.68634,-2.510845,-24.333134,21.867956
55.21,6.976991,92.64654,-2.5127752,-24.352066,21.858133
55.22,6.9742427,92.606766,-2.514704,-24.370981,21.84831
55.23,6.9714956,92.56696,-2.5166335,-24.38992,21.838476
55.24,6.968751,92.52721,-2.518563,-24.408836,21.828653
55.25,6.9660025,92.48746,-2.520491,-24.427748,21.818838
55.26,6.9632564,92.44769,-2.5224192,-24.446651,21.80902
55.27,6.9605103,92.407936,-2.524348,-24.46556,21.79921
55.28,6.957763,92.36822,-2.5262759,-24.484468,21.789392
55.29,6.9550166,92.32843,-2.5282047,-24.503386,21.779575
55.3,6.9522724,92.288734,-2.5301313,-24.522274,21.769766
55.31,6.949527,92.24901,-2.5320582,-24.541166,21.759962
55.32,6.946787,92.209274,-2.5339847,-24.560062,21.750154
55.33,6.9440403,92.16955,-2.535913,-24.578959,21.74035
55.34,6.9412975,92.12985,-2.537839,-24.59784,21.730549
55.35,6.938556,92.09018,-2.539764,-24.616722,21.720757
55.36,6.935811,92.05047,-2.5416915,-24.635612,21.71095
55.37,6.9330697,92.01077,-2.543616,-24.654476,21.701157
55.38,6.930329,91.97111,-2.5455418,-24.673351,21.69136
55.39,6.9275866,91.93143,-2.5474672,-24.692225,21.681568
55.4,6.9248457,91.89178,-2.5493913,-24.711098,21.671783
55.41,6.922105,91.852104,-2.5513153,-24.729948,21.661995
55.42,6.919367,91.81248,-2.5532393,-24.748802,21.65222
55.43,6.9166265,91.77283,-2.5551634,-24.76767,21.642431
55.44,6.913888,91.733185,-2.5570872,-24.786516,21.632648
55.45,6.911149,91.69354,-2.5590105,-24.805368,21.622871
55.46,6.908408,91.65393,-2.560934,-24.824224,21.613094
55.47,6.90567,91.61429,-2.5628576,-24.843067,21.60331
55.48,6.9029336,91.57469,-2.5647788,-24.8619,21.593542
55.49,6.900195,91.535095,-2.5667014,-24.880737,21.583769
55.5,6.8974595,91.49548,-2.5686238,-24.899574,21.574001
55.51,6.8947225,91.45591,-2.5705452,-24.918404,21.564236
55.52,6.891987,91.41632,-2.5724666,-24.937227,21.554476
55.53,6.889252,91.37678,-2.5743868,-24.956043,21.544708
55.54,6.886514,91.33719,-2.5763097,-24.974888,21.534943
55.55,6.883782,91.29763,-2.57823,-24.993683,21.525192
55.56,6.881046,91.25807,-2.5801504,-25.012499,21.515436
55.57,6.8783116,91.21854,-2.5820696,-25.031305,21.505682
55.58,6.875579,91.17901,-2.5839894,-25.050117,21.495932
55.59,6.872847,91.13945,-2.5859084,-25.068914,21.486181
55.6,6.8701153,91.099945,-2.5878267,-25.0877,21.476439
55.61,6.867382,91.060425,-2.5897462,-25.106516,21.466688
55.62,6.8646507,91.02096,-2.591664,-25.125282,21.456955
55.63,6.8619194,90.981415,-2.5935829,-25.144081,21.447203
55.64,6.859189,90.94193,-2.5955012,-25.162868,21.437462
55.65,6.856457,90.90244,-2.5974188,-25.18165,21.42773
55.66,6.8537292,90.862976,-2.5993357,-25.200434,21.418
55.67,6.8509994,90.8235,-2.6012518,-25.219189,21.40827
55.68,6.848268,90.78403,-2.6031687,-25.237963,21.398535
55.69,6.8455405,90.744576,-2.6050854,-25.25673,21.388807
55.7,6.842812,90.70513,-2.6070015,-25.27549,21.379087
55.71,6.840084,90.66567,-2.6089177,-25.294254,21.369362
55.72,6.8373575,90.62626,-2.6108327,-25.313005,21.359644
55.73,6.834632,90.58683,-2.6127472,-25.331758,21.34993
55.74,6.831907,90.54743,-2.6146626,-25.350502,21.340204
55.75,6.82918,90.508064,-2.6165767,-25.369236,21.330496
55.76,6.8264546,90.468605,-2.6184914,-25.387978,21.320778
55.77,6.823729,90.42921,-2.6204052,-25.40672,21.311073
55.78,6.8210053,90.38983,-2.6223183,-25.42545,21.301361
55.79,6.8182797,90.350464,-2.6242318,-25.444174,21.291662
55.8,6.8155584,90.3111,-2.6261442,-25.4629,21.281954
55.81,6.8128343,90.27171,-2.6280577,-25.481623,21.272259
55.82,6.810111,90.23237,-2.6299694,-25.500343,21.262558
55.83,6.8073897,90.193016,-2.6318817,-25.519056,21.252865
55.84,6.8046675,90.15369,-2.6337922,-25.537752,21.24318
55.85,6.801948,90.11437,-2.6357036,-25.55646,21.233482
55.86,6.799226,90.075035,-2.637615,-25.57516,21.223791
55.87,6.796505,90.03572,-2.6395261,-25.593863,21.214104
55.88,6.793787,89.9964,-2.6414366,-25.612562,21.204422
55.89,6.7910676,89.9571,-2.643346,-25.631245,21.194746
55.9,6.788347,89.91782,-2.645256,-25.649942,21.185057
55.91,6.7856283,89.87853,-2.6471658,-25.66862,21.175383
55.92,6.782912,89.83927,-2.6490731,-25.687286,21.16571
55.93,6.780194,89.79999,-2.650983,-25.705967,21.156038
55.94,6.7774773,89.760735,-2.6528914,-25.724636,21.146374
55.95,6.774762,89.72147,-2.6548,-25.743303,21.1367
55.96,6.772046,89.68223,-2.656707,-25.761967,21.127037
55.97,6.76933,89.643005,-2.658614,-25.780617,21.117376
55.98,6.7666163,89.60381,-2.6605208,-25.799274,21.107716
55.99,6.7639027,89.5646,-2.6624286,-25.81793,21.09805
56.0,6.7611876,89.52539,-2.6643333,-25.836576,21.0884
56.01,6.7584743,89.48618,-2.6662405,-25.855215,21.078745
56.02,6.7557607,89.44698,-2.6681452,-25.87385,21.069098
56.03,6.753051,89.407814,-2.6700506,-25.892485,21.059448
56.04,6.7503366,89.36861,-2.6719568,-25.911123,21.049799
56.05,6.7476277,89.32946,-2.67386,-25.929739,21.040161
56.06,6.744914,89.29031,-2.675764,-25.948362,21.030514
56.07,6.742205,89.25116,-2.677669,-25.966986,21.020884
56.08,6.7394953,89.21202,-2.679572,-25.985594,21.01124
56.09,6.7367854,89.1729,-2.6814744,-26.004202,21.001608
56.1,6.734078,89.1338,-2.683378,-26.022814,20.991983
56.11,6.731371,89.094666,-2.68528,-26.041414,20.98235
56.12,6.728662,89.055534,-2.687182,-26.060009,20.972723
56.13,6.7259555,89.01646,-2.6890843,-26.078604,20.963097
56.14,6.723247,88.97736,-2.690986,-26.09719,20.953478
56.15,6.720543,88.9383,-2.692887,-26.115772,20.943863
56.16,6.7178354,88.89921,-2.694788,-26.134354,20.934242
56.17,6.715132,88.86017,-2.6966877,-26.152924,20.924631
56.18,6.712427,88.82112,-2.6985877,-26.171501,20.915016
56.19,6.7097225,88.782074,-2.7004874,-26.19006,20.905418
56.2,6.7070184,88.743,-2.7023883,-26.208641,20.895796
56.21,6.704314,88.704,-2.7042856,-26.227194,20.886194
56.22,6.701615,88.664986,-2.7061844,-26.245745,20.8766
56.23,6.698911,88.62595,-2.7080827,-26.264301,20.866999
56.24,6.6962094,88.58698,-2.70998,-26.282845,20.857399
56.25,6.6935086,88.54799,-2.7118776,-26.301378,20.847809
56.26,6.6908083,88.508995,-2.7137744,-26.319918,20.838224
56.27,6.6881113,88.47005,-2.7156708,-26.33845,20.82863
56.28,6.685412,88.43105,-2.717567,-26.356985,20.819044
56.29,6.682712,88.39213,-2.7194629,-26.3755,20.809458
56.3,6.6800137,88.35317,-2.721359,-26.394024,20.799885
56.31,6.6773176,88.314224,-2.723255,-26.412546,20.790302
56.32,6.67462,88.27531,-2.7251487,-26.431053,20.780725
56.33,6.671923,88.236404,-2.7270439,-26.44956,20.771147
56.34,6.6692257,88.19747,-2.728937,-26.468061,20.761583
56.35,6.666531,88.15858,-2.7308311,-26.486567,20.752008
56.36,6.6638346,88.119705,-2.7327247,-26.505062,20.742445
56.37,6.6611423,88.08082,-2.734618,-26.523548,20.732887
56.38,6.658447,88.04192,-2.7365112,-26.54204,20.723318
56.39,6.6557565,88.00309,-2.7384024,-26.560509,20.713762
56.4,6.653063,87.96421,-2.7402942,-26.578987,20.704203
56.41,6.650373,87.92538,-2.7421846,-26.597456,20.694658
56.42,6.6476774,87.886536,-2.7440755,-26.615917,20.685114
56.43,6.6449914,87.847725,-2.745966,-26.63438,20.675564
56.44,6.6423006,87.80892,-2.7478566,-26.652843,20.666025
56.45,6.639608,87.770065,-2.7497475,-26.671303,20.656471
56.46,6.636921,87.73129,-2.7516358,-26.689745,20.646933
56.47,6.6342297,87.692505,-2.7535257,-26.708199,20.637396
56.48,6.631543,87.653725,-2.7554135,-26.726631,20.627867
56.49,6.6288524,87.61493,-2.7573023,-26.745066,20.618334
56.5,6.6261683,87.57618,-2.7591906,-26.763504,20.608803
56.51,6.6234827,87.53746,-2.761077,-26.781923,20.599274
56.52,6.620797,87.49868,-2.7629642,-26.800344,20.589752
56.53,6.618111,87.45999,-2.7648518,-26.818766,20.580238
56.54,6.6154275,87.42126,-2.7667377,-26.837183,20.570719
56.55,6.612743,87.382576,-2.7686226,-26.855581,20.5612
56.56,6.6100607,87.34383,-2.7705095,-26.873987,20.551685
56.57,6.6073766,87.30517,-2.7723944,-26.892387,20.542181
56.58,6.6046934,87.2665,-2.774279,-26.910776,20.532665
56.59,6.602011,87.2278,-2.7761636,-26.929167,20.52317
56.6,6.599334,87.18914,-2.7780473,-26.947552,20.513662
56.61,6.5966516,87.15049,-2.7799315,-26.965937,20.50416
56.62,6.5939717,87.111855,-2.7818139,-26.984303,20.494669
56.63,6.5912914,87.07321,-2.7836971,-27.002686,20.485178
56.64,6.588612,87.034584,-2.7855797,-27.021051,20.475677
56.65,6.5859346,86.99597,-2.787461,-27.03941,20.466196
56.66,6.5832562,86.95735,-2.7893426,-27.057772,20.456709
56.67,6.580584,86.91881,-2.7912219,-27.076107,20.447233
56.68,6.5779037,86.880196,-2.7931035,-27.094465,20.437748
56.69,6.5752296,86.84164,-2.7949836,-27.112797,20.428265
56.7,6.5725536,86.80306,-2.7968638,-27.131136,20.418793
56.71,6.569881,86.76448,-2.7987432,-27.149473,20.409325
56.72,6.567205,86.725945,-2.8006227,-27.167803,20.399855
56.73,6.5645323,86.687416,-2.8025012,-27.186125,20.390388
56.74,6.561861,86.6489,-2.8043787,-27.204447,20.380928
56.75,6.5591884,86.610374,-2.806256,-27.22276,20.371466
56.76,6.556516,86.57189,-2.8081343,-27.241066,20.36201
56.77,6.5538445,86.53337,-2.8100116,-27.259373,20.352547
56.78,6.5511756,86.49489,-2.8118875,-27.277668,20.343102
56.79,6.5485053,86.45642,-2.8137631,-27.295965,20.333645
56.8,6.5458364,86.41796,-2.815639,-27.314247,20.324203
56.81,6.543167,86.37947,-2.817515,-27.33255,20.314753
56.82,6.5405006,86.341064,-2.8193893,-27.350819,20.305317
56.83,6.5378346,86.302635,-2.8212628,-27.36909,20.295883
56.84,6.5351663,86.264206,-2.8231368,-27.387356,20.28644
56.85,6.532501,86.22579,-2.82501,-27.405619,20.27701
56.86,6.529835,86.18738,-2.8268843,-27.423893,20.267576
56.87,6.5271697,86.149,-2.8287563,-27.442137,20.258154
56.88,6.524506,86.11061,-2.8306293,-27.460386,20.248724
56.89,6.5218425,86.072235,-2.832501,-27.47864,20.239307
56.9,6.5191793,86.033875,-2.8343725,-27.496883,20.229881
56.91,6.516518,85.99553,-2.8362427,-27.51511,20.220476
56.92,6.513857,85.957214,-2.8381128,-27.533333,20.211054
56.93,6.5111947,85.91885,-2.8399835,-27.55157,20.201649
56.94,6.5085344,85.88051,-2.8418534,-27.5698,20.192238
56.95,6.505878,85.84225,-2.8437219,-27.587996,20.182835
56.96,6.5032177,85.80393,-2.8455904,-27.60621,20.173439
56.97,6.50056,85.765625,-2.8474598,-27.624428,20.164036
56.98,6.497901,85.72738,-2.8493264,-27.642622,20.154644
56.99,6.4952445,85.689095,-2.8511941,-27.660822,20.145254
57.0,6.492587,85.65082,-2.8530614,-27.679007,20.13586
57.01,6.4899316,85.6126,-2.854927,-27.697187,20.12648
57.02,6.4872766,85.574356,-2.8567936,-27.71537,20.117088
57.03,6.484621,85.536125,-2.8586588,-27.733543,20.107712
57.04,6.481966,85.49795,-2.8605247,-27.751715,20.098331
57.05,6.4793158,85.459724,-2.8623888,-27.76987,20.088955
57.06,6.476662,85.421555,-2.8642535,-27.788034,20.079588
57.07,6.474012,85.38333,-2.866117,-27.806189,20.070211
57.08,6.4713593,85.34518,-2.867981,-27.824347,20.060848
57.09,6.468709,85.307045,-2.8698442,-27.842495,20.051485
57.1,6.466059,85.268875,-2.8717065,-27.860622,20.04212
57.11,6.4634123,85.23077,-2.873568,-27.878757,20.032774
57.12,6.46076,85.19261,-2.8754292,-27.896875,20.023424
57.13,6.458115,85.1545,-2.8772914,-27.915014,20.014063
57.14,6.455465,85.116394,-2.8791516,-27.933126,20.004719
57.15,6.4528184,85.0783,-2.8810124,-27.951246,19.995369
57.16,6.450173,85.04021,-2.882872,-27.96935,19.986021
57.17,6.447528,85.002144,-2.8847306,-27.987453,19.97668
57.18,6.4448824,84.96408,-2.8865895,-28.005547,19.967352
57.19,6.44224,84.926025,-2.888448,-28.023645,19.958014
57.2,6.439598,84.88798,-2.8903065,-28.041735,19.94868
57.21,6.436953,84.84998,-2.892162,-28.059809,19.939362
57.22,6.434313,84.81192,-2.89402,-28.077892,19.930037
57.23,6.4316707,84.773926,-2.8958764,-28.095959,19.92071
57.24,6.429028,84.73591,-2.8977332,-28.114035,19.911385
57.25,6.426391,84.69793,-2.899588,-28.13208,19.902077
57.26,6.4237523,84.65998,-2.901443,-28.150137,19.892761
57.27,6.421112,84.621994,-2.9032986,-28.1682,19.883451
57.28,6.4184756,84.58405,-2.9051528,-28.186243,19.874146
57.29,6.415836,84.5461,-2.9070065,-28.204283,19.864832
57.3,6.4132004,84.50819,-2.90886,-28.222322,19.85554
57.31,6.410565,84.47025,-2.9107137,-28.240349,19.84624
57.32,6.4079285,84.43236,-2.9125657,-28.258366,19.836945
57.33,6.405293,84.39444,-2.9144166,-28.276384,19.827652
57.34,6.4026613,84.35655,-2.9162676,-28.2944,19.818365
57.35,6.40003,84.318695,-2.9181187,-28.312405,19.809086
57.36,6.397395,84.28084,-2.9199696,-28.330416,19.799793
57.37,6.394764,84.242966,-2.9218194,-28.348404,19.79052
57.38,6.392132,84.20514,-2.9236693,-28.366398,19.781239
57.39,6.389502,84.167305,-2.9255176,-28.384388,19.771967
57.4,6.3868704,84.12946,-2.9273682,-28.40237,19.762697
57.41,6.384242,84.09167,-2.9292152,-28.420347,19.753428
57.42,6.3816147,84.053894,-2.9310625,-28.438314,19.744167
57.43,6.3789883,84.01611,-2.9329095,-28.456274,19.734903
57.44,6.3763604,83.97833,-2.9347558,-28.474237,19.725643
57.45,6.3737335,83.94058,-2.9366024,-28.492193,19.716387
57.46,6.3711085,83.902824,-2.938448,-28.510138,19.707136
57.47,6.3684826,83.8651,-2.9402936,-28.528082,19.697886
57.48,6.36586,83.82738,-2.9421375,-28.546013,19.688648
57.49,6.3632345,83.789635,-2.943983,-28.563961,19.679394
57.5,6.3606133,83.75195,-2.945826,-28.58188,19.670162
57.51,6.35799,83.71424,-2.9476693,-28.59979,19.660925
57.52,6.3553715,83.676605,-2.9495106,-28.617702,19.651693
57.53,6.3527513,83.63891,-2.9513538,-28.635618,19.642462
57.54,6.3501287,83.60125,-2.9531968,-28.65353,19.633232
57.55,6.3475094,83.563614,-2.955037,-28.671425,19.624006
57.56,6.3448906,83.525955,-2.9568784,-28.689323,19.61478
57.57,6.3422747,83.48834,-2.9587185,-28.707209,19.60557
57.58,6.339657,83.45073,-2.9605587,-28.725092,19.596354
57.59,6.3370433,83.41312,-2.9623978,-28.74297,19.587145
57.6,6.334425,83.375534,-2.9642365,-28.760836,19.577932
57.61,6.3318105,83.33795,-2.9660745,-28.778698,19.568727
57.62,6.329196,83.30041,-2.9679132,-28.79656,19.55953
57.63,6.326582,83.26283,-2.9697506,-28.814425,19.550327
57.64,6.3239694,83.22532,-2.971586,-28.832253,19.541132
57.65,6.321358,83.18779,-2.9734235,-28.850107,19.531942
57.66,6.3187466,83.150246,-2.9752598,-28.867945,19.522745
57.67,6.316136,83.11276,-2.9770935,-28.885767,19.513565
57.68,6.313524,83.07523,-2.97893,-28.903603,19.50438
57.69,6.310917,83.037766,-2.9807637,-28.92142,19.495201
57.7,6.308309,83.00029,-2.982598,-28.939241,19.486023
57.71,6.3057003,82.962845,-2.9844303,-28.957045,19.476854
57.72,6.303093,82.92538,-2.9862647,-28.974852,19.46768
57.73,6.300486,82.88796,-2.9880955,-28.992647,19.458511
57.74,6.2978797,82.85054,-2.9899287,-29.010447,19.449348
57.75,6.2952766,82.81315,-2.991758,-29.028225,19.440187
57.76,6.2926726,82.77572,-2.9935896,-29.046005,19.431036
57.77,6.2900686,82.73834,-2.9954202,-29.063782,19.421871
57.78,6.2874684,82.700966,-2.9972503,-29.081558,19.412724
57.79,6.2848635,82.66359,-2.9990802,-29.099325,19.403576
57.8,6.2822638,82.62627,-3.0009086,-29.117075,19.394426
57.81,6.2796626,82.58891,-3.0027368,-29.134832,19.385283
57.82,6.2770634,82.55159,-3.0045652,-29.15258,19.376144
57.83,6.2744627,82.51428,-3.006392,-29.170315,19.367014
57.84,6.2718644,82.47697,-3.0082197,-29.188057,19.357883
57.85,6.2692695,82.4397,-3.0100446,-29.205786,19.348753
57.86,6.2666726,82.40243,-3.0118701,-29.223497,19.339626
57.87,6.264077,82.36516,-3.013695,-29.241217,19.33051
57.88,6.2614822,82.32787,-3.0155213,-29.258934,19.321383
57.89,6.2588873,82.290665,-3.017344,-29.276632,19.312271
57.9,6.2562923,82.253426,-3.0191684,-29.29434,19.303158
57.91,6.2536983,82.216194,-3.0209923,-29.31204,19.294046
57.92,6.251108,82.179,-3.0228133,-29.329721,19.28494
57.93,6.2485166,82.14178,-3.024636,-29.347403,19.275833
57.94,6.2459254,82.10463,-3.0264573,-29.365082,19.266739
57.95,6.2433333,82.06741,-3.0282798,-29.382757,19.257637
57.96,6.2407455,82.030266,-3.0300996,-29.400415,19.248547
57.97,6.2381573,81.99314,-3.0319204,-29.418085,19.239454
57.98,6.2355704,81.95602,-3.0337403,-29.435728,19.230377
57.99,6.232982,81.9189,-3.035558,-29.453382,19.221292
58.0,6.2303977,81.881775,-3.0373757,-29.47102,19.21221
58.01,6.227812,81.84467,-3.0391932,-29.488644,19.203135
58.02,6.225228,81.807625,-3.0410109,-29.506285,19.194063
58.03,6.222644,81.770546,-3.0428276,-29.523905,19.184994
58.04,6.220059,81.73347,-3.0446446,-29.541529,19.175924
58.05,6.2174764,81.69644,-3.0464604,-29.55914,19.166862
58.06,6.2148957,81.65942,-3.0482757,-29.576748,19.1578
58.07,6.2123146,81.622375,-3.0500903,-29.594347,19.148743
58.08,6.2097335,81.58537,-3.0519044,-29.611937,19.139692
58.09,6.2071533,81.548386,-3.0537186,-29.629519,19.130642
58.1,6.204578,81.5114,-3.0555313,-29.647108,19.121593
58.11,6.2020006,81.474434,-3.0573437,-29.664694,19.11255
58.12,6.199424,81.43747,-3.059156,-29.682251,19.103514
58.13,6.196844,81.40052,-3.060968,-29.699825,19.094463
58.14,6.19427,81.36361,-3.062779,-29.717373,19.085436
58.15,6.1916947,81.326645,-3.06459,-29.734941,19.076406
58.16,6.1891212,81.289795,-3.066399,-29.752474,19.067383
58.17,6.1865478,81.252884,-3.0682085,-29.770016,19.058355
58.18,6.1839743,81.21596,-3.0700178,-29.78756,19.049334
58.19,6.181403,81.17913,-3.0718257,-29.805079,19.040318
58.2,6.178833,81.14227,-3.0736337,-29.822607,19.031303
58.21,6.1762633,81.10543,-3.0754404,-29.84011,19.022299
58.22,6.1736927,81.068565,-3.0772474,-29.857634,19.013287
58.23,6.1711245,81.03174,-3.0790534,-29.87514,19.004288
58.24,6.168556,80.99496,-3.0808597,-29.89264,18.995283
58.25,6.1659894,80.95818,-3.0826635,-29.910124,18.986288
58.26,6.1634254,80.92141,-3.0844681,-29.927608,18.977297
58.27,6.160857,80.884605,-3.0862737,-29.945099,18.968304
58.28,6.1582947,80.84786,-3.088076,-29.962568,18.959318
58.29,6.155731,80.81112,-3.0898786,-29.980038,18.950335
58.3,6.1531677,80.77439,-3.0916822,-29.997505,18.941353
58.31,6.1506042,80.73767,-3.093483,-30.014961,18.932383
58.32,6.148043,80.70096,-3.0952852,-30.032412,18.923409
58.33,6.145481,80.664246,-3.097084,-30.049843,18.914438
58.34,6.1429224,80.62757,-3.098885,-30.067284,18.90547
58.35,6.140363,80.59091,-3.1006846,-30.084717,18.896505
58.36,6.1378045,80.55426,-3.1024842,-30.10215,18.88755
58.37,6.1352468,80.517624,-3.1042821,-30.119556,18.878592
58.38,6.1326895,80.481,-3.1060803,-30.13697,18.86964
58.39,6.130136,80.44442,-3.1078773,-30.154377,18.860693
58.4,6.1275797,80.4078,-3.1096745,-30.171778,18.851746
58.41,6.1250267,80.371216,-3.1114702,-30.189175,18.842804
58.42,6.122473,80.33466,-3.1132662,-30.20655,18.833868
58.43,6.119917,80.29805,-3.115062,-30.22395,18.824926
58.44,6.117366,80.261505,-3.1168554,-30.241327,18.815996
58.45,6.114815,80.22498,-3.118649,-30.258686,18.807068
58.46,6.112266,80.18845,-3.1204433,-30.27605,18.798143
58.47,6.1097164,80.15195,-3.1222363,-30.293419,18.78922
58.48,6.1071663,80.115456,-3.124029,-30.310764,18.780304
58.49,6.1046166,80.07894,-3.125822,-30.328112,18.771385
58.5,6.1020737,80.04252,-3.127612,-30.345436,18.76248
58.51,6.0995245,80.00603,-3.1294036,-30.362778,18.753565
58.52,6.096981,79.96958,-3.1311932,-30.380096,18.744663
58.53,6.094437,79.93318,-3.1329813,-30.39741,18.735765
58.54,6.091893,79.89675,-3.1347709,-30.414728,18.726868
58.55,6.0893483,79.860344,-3.13656,-30.43204,18.717968
58.56,6.086807,79.823906,-3.138348,-30.449348,18.709074
58.57,6.084264,79.78756,-3.140135,-30.466637,18.70019
58.58,6.0817227,79.75117,-3.141922,-30.483934,18.691303
58.59,6.079185,79.71484,-3.1437073,-30.50121,18.682428
58.6,6.0766454,79.6785,-3.1454933,-30.51848,18.673548
58.61,6.074108,79.64216,-3.1472778,-30.535757,18.664677
58.62,6.0715694,79.60588,-3.1490624,-30.55301,18.655806
58.63,6.0690327,79.56954,-3.1508472,-30.570284,18.646936
58.64,6.0664983,79.53328,-3.1526299,-30.587524,18.638075
58.65,6.063961,79.49698,-3.154413,-30.604782,18.629215
58.66,6.061428,79.46074,-3.1561954,-30.622007,18.620358
58.67,6.058895,79.424484,-3.1579757,-30.639235,18.61151
58.68,6.0563626,79.38825,-3.1597567,-30.65646,18.602657
58.69,6.0538306,79.352036,-3.1615376,-30.67368,18.593813
58.7,6.0512996,79.31583,-3.1633186,-30.690905,18.584965
58.71,6.0487695,79.27963,-3.1650977,-30.708103,18.57613
58.72,6.0462418,79.24344,-3.1668758,-30.725307,18.567297
58.73,6.043713,79.207275,-3.1686535,-30.742498,18.558466
58.74,6.041184,79.17112,-3.1704319,-30.759686,18.549635
58.75,6.0386567,79.13497,-3.172208,-30.776865,18.54081
58.76,6.036134,79.09886,-3.1739843,-30.794039,18.531988
58.77,6.0336075,79.06271,-3.1757607,-30.811205,18.52317
58.78,6.0310826,79.026634,-3.1775365,-30.82837,18.514359
58.79,6.0285587,78.99055,-3.1793118,-30.845522,18.50555
58.8,6.0260363,78.95448,-3.1810849,-30.862669,18.496738
58.81,6.023512,78.91841,-3.1828582,-30.87982,18.487934
58.82,6.0209956,78.882355,-3.1846309,-30.896946,18.479141
58.83,6.018473,78.84632,-3.1864026,-30.914072,18.470339
58.84,6.0159545,78.810326,-3.1881738,-30.931196,18.461555
58.85,6.0134377,78.77431,-3.189946,-30.948326,18.452759
58.86,6.010919,78.738335,-3.1917164,-30.965431,18.443977
58.87,6.008401,78.702354,-3.193486,-30.982536,18.435196
58.88,6.0058856,78.666336,-3.195257,-30.999634,18.426409
58.89,6.0033717,78.63042,-3.197024,-31.016722,18.41764
58.9,6.0008554,78.594475,-3.1987936,-31.033798,18.408863
58.91,5.998343,78.55858,-3.2005606,-31.050882,18.40009
58.92,5.9958286,78.52267,-3.2023282,-31.067955,18.391335
58.93,5.9933176,78.48678,-3.2040944,-31.085012,18.382576
58.94,5.990808,78.45086,-3.20586,-31.102068,18.373817
58.95,5.9882965,78.414986,-3.207626,-31.119133,18.365057
58.96,5.9857883,78.37917,-3.2093902,-31.136175,18.356312
58.97,5.9832797,78.34329,-3.2111547,-31.153204,18.347565
58.98,5.980773,78.30747,-3.2129185,-31.17024,18.338821
58.99,5.9782624,78.271675,-3.2146811,-31.187271,18.330082
59.0,5.9757605,78.23587,-3.216443,-31.20429,18.321346
59.01,5.9732556,78.20008,-3.2182043,-31.221292,18.312613
59.02,5.9707513,78.16432,-3.219966,-31.238302,18.303886
59.03,5.968245,78.12852,-3.2217271,-31.255314,18.29516
59.04,5.9657445,78.09279,-3.2234871,-31.272303,18.286438
59.05,5.9632425,78.05706,-3.225246,-31.289284,18.277721
59.06,5.9607406,78.02133,-3.2270048,-31.306274,18.269003
59.07,5.9582405,77.98563,-3.2287636,-31.323244,18.260294
59.08,5.9557424,77.94992,-3.2305212,-31.340208,18.251589
59.09,5.953244,77.914246,-3.2322774,-31.357164,18.242884
59.1,5.9507465,77.87859,-3.2340338,-31.374119,18.234188
59.11,5.948251,77.84293,-3.2357898,-31.391066,18.22549
59.12,5.945755,77.80733,-3.2375457,-31.408003,18.216795
59.13,5.9432592,77.77168,-3.2393003,-31.424952,18.208107
59.14,5.940765,77.73607,-3.2410524,-31.441868,18.199425
59.15,5.9382744,77.700485,-3.2428074,-31.458796,18.19074
59.16,5.935782,77.66489,-3.2445605,-31.475706,18.182058
59.17,5.9332886,77.62933,-3.2463124,-31.492615,18.17339
59.18,5.9308,77.593765,-3.248064,-31.509508,18.164713
59.19,5.92831,77.55823,-3.2498145,-31.526402,18.15605
59.2,5.9258213,77.5227,-3.2515652,-31.543299,18.147387
59.21,5.923335,77.48719,-3.2533154,-31.560179,18.138725
59.22,5.9208474,77.45169,-3.2550642,-31.57705,18.130066
59.23,5.9183593,77.41621,-3.2568119,-31.593912,18.121414
59.24,5.9158745,77.38072,-3.258561,-31.610788,18.112762
59.25,5.9133916,77.34531,-3.2603068,-31.627634,18.104124
59.26,5.9109077,77.30983,-3.262055,-31.64448,18.095478
59.27,5.908423,77.2744,-3.2638013,-31.661333,18.08684
59.28,5.905943,77.23898,-3.2655456,-31.678152,18.078205
59.29,5.903459,77.20358,-3.2672918,-31.694986,18.069565
59.3,5.900982,77.16821,-3.2690353,-31.711805,18.060947
59.31,5.8985014,77.13285,-3.2707784,-31.72861,18.052322
59.32,5.8960233,77.097466,-3.2725215,-31.745424,18.043701
59.33,5.8935456,77.06213,-3.2742646,-31.762232,18.035082
59.34,5.8910694,77.02682,-3.2760062,-31.779028,18.02647
59.35,5.888595,76.99149,-3.2777472,-31.795805,18.017864
59.36,5.886119,76.95621,-3.2794878,-31.812582,18.00926
59.37,5.8836455,76.92091,-3.281228,-31.829355,18.000656
59.38,5.8811707,76.88562,-3.2829678,-31.846132,17.992058
59.39,5.8787017,76.85038,-3.2847064,-31.862883,17.983465
59.4,5.876228,76.81514,-3.2864444,-31.879637,17.97488
59.41,5.8737574,76.77992,-3.288182,-31.896383,17.966288
59.42,5.8712873,76.7447,-3.2899196,-31.91313,17.957697
59.43,5.8688207,76.70947,-3.2916548,-31.929861,17.949121
59.44,5.866353,76.67433,-3.29339,-31.94658,17.940554
59.45,5.8638864,76.639145,-3.295126,-31.9633,17.931974
59.46,5.861417,76.60396,-3.2968605,-31.980024,17.923405
59.47,5.8589516,76.56882,-3.298595,-31.996729,17.91484
59.48,5.85649,76.53371,-3.3003263,-32.013412,17.906284
59.49,5.8540244,76.49856,-3.30206,-32.03012,17.897724
59.5,5.851562,76.46346,-3.3037918,-32.046806,17.889168
59.51,5.849102,76.428406,-3.305522,-32.06348,17.880623
59.52,5.8466396,76.393295,-3.3072531,-32.080162,17.87207
59.53,5.8441825,76.35825,-3.3089828,-32.096806,17.863533
59.54,5.84172,76.32318,-3.3107145,-32.11348,17.854988
59.55,5.83926,76.28817,-3.3124423,-32.130127,17.84645
59.56,5.8368063,76.25312,-3.3141718,-32.146786,17.83792
59.57,5.8343496,76.21814,-3.3158984,-32.16341,17.829395
59.58,5.8318944,76.18316,-3.3176258,-32.180046,17.820871
59.59,5.829441,76.1482,-3.319352,-32.196663,17.812353
59.6,5.8269854,76.113235,-3.3210769,-32.213284,17.803833
59.61,5.8245316,76.07829,-3.322803,-32.229897,17.79532
59.62,5.822082,76.04337,-3.324525,-32.24649,17.786818
59.63,5.8196287,76.00844,-3.3262506,-32.2631,17.778301
59.64,5.8171806,75.97355,-3.3279727,-32.279682,17.769808
59.65,5.81473,75.93864,-3.3296962,-32.296272,17.761305
59.66,5.812282,75.90377,-3.3314183,-32.312847,17.752806
59.67,5.8098354,75.8689,-3.3331394,-32.329414,17.744318
59.68,5.8073864,75.83409,-3.3348608,-32.345978,17.735828
59.69,5.8049426,75.79926,-3.3365796,-32.362537,17.72735
59.7,5.8025002,75.76444,-3.3382995,-32.379078,17.71887
59.71,5.800055,75.72961,-3.3400185,-32.395622,17.710396
59.72,5.79761,75.69484,-3.3417363,-32.41216,17.70192
59.73,5.7951684,75.66005,-3.343454,-32.428696,17.693449
59.74,5.7927265,75.62527,-3.3451707,-32.445213,17.684986
59.75,5.790289,75.59055,-3.3468876,-32.461723,17.676529
59.76,5.7878466,75.55583,-3.3486035,-32.478237,17.668072
59.77,5.7854104,75.52114,-3.3503175,-32.494736,17.659616
59.78,5.7829733,75.486435,-3.3520322,-32.511223,17.651169
59.79,5.780534,75.45172,-3.353747,-32.52772,17.642715
59.8,5.778099,75.41705,-3.3554585,-32.5442,17.634281
59.81,5.7756624,75.38239,-3.3571713,-32.56066,17.625843
59.82,5.773231,75.34775,-3.3588839,-32.577137,17.617409
59.83,5.7707977,75.31313,-3.360595,-32.59359,17.608976
59.84,5.7683654,75.27852,-3.362305,-32.610043,17.600552
59.85,5.765934,75.24393,-3.3640144,-32.626488,17.592133
59.86,5.7635016,75.20933,-3.3657248,-32.642944,17.583702
59.87,5.7610745,75.174774,-3.367432,-32.65936,17.575293
59.88,5.758646,75.14018,-3.3691406,-32.67579,17.566877
59.89,5.7562184,75.105675,-3.370847,-32.692204,17.55847
59.9,5.7537923,75.07114,-3.3725545,-32.70862,17.550062
59.91,5.751366,75.03664,-3.3742604,-32.725018,17.541668
59.92,5.7489424,75.00215,-3.3759665,-32.74141,17.53327
59.93,5.746517,74.967636,-3.3776717,-32.7578,17.524876
59.94,5.7440963,74.933205,-3.3793743,-32.774174,17.516489
59.95,5.741671,74.89872,-3.3810787,-32.790558,17.508102
59.96,5.7392483,74.864296,-3.3827813,-32.806927,17.499718
59.97,5.736831,74.82989,-3.3844833,-32.823288,17.491343
59.98,5.734412,74.79548,-3.386185,-32.839645,17.482965
59.99,5.731993,74.7611,-3.3878853,-32.855988,17.474596
60.0,5.729575,74.72669,-3.3895864,-32.87233,17.466227
