t,w,W,x,y,z
0.0,0.04663279,-0.0009384155,6.1345015,78.54382,0.86880374
0.01,0.046829794,-0.0015773773,6.1342244,78.54198,0.8698225
0.02,0.047025297,-0.0022383928,6.133944,78.54014,0.8708452
0.03,0.04721937,-0.0029190779,6.133663,78.538246,0.8718693
0.04,0.04741149,-0.0036162138,6.1333766,78.53639,0.8728969
0.05,0.047602326,-0.00433743,6.133088,78.53448,0.87392783
0.06,0.047792353,-0.005070448,6.132797,78.532555,0.87496054
0.07,0.04798097,-0.0058135986,6.1325045,78.530624,0.8759955
0.08,0.048167843,-0.0065875053,6.1322064,78.52866,0.8770342
0.09,0.048354216,-0.0073655844,6.131911,78.52668,0.8780757
0.1,0.04853791,-0.008159637,6.13161,78.524704,0.8791181
0.11,0.048722476,-0.008971095,6.131308,78.522705,0.8801644
0.12,0.048904963,-0.009796381,6.1309996,78.52072,0.88121355
0.13,0.04908655,-0.010632753,6.130691,78.518684,0.88226557
0.14,0.049267348,-0.011485219,6.130382,78.51665,0.8833196
0.15,0.049447387,-0.01233995,6.130071,78.51459,0.88437593
0.16,0.049626067,-0.013213277,6.129756,78.512535,0.88543594
0.17,0.04980441,-0.014097333,6.12944,78.510475,0.88649833
0.18,0.04998182,-0.0149902105,6.129121,78.50838,0.8875638
0.19,0.05015896,-0.015892029,6.1287994,78.50628,0.88863146
0.2,0.050335407,-0.016801,6.128479,78.504166,0.8897022
0.21,0.050510857,-0.017724514,6.128155,78.502045,0.8907759
0.22,0.05068616,-0.018650413,6.1278296,78.49989,0.8918518
0.23,0.050861016,-0.019590259,6.1275015,78.49778,0.89293206
0.24,0.051035598,-0.020527363,6.127171,78.49563,0.8940147
0.25,0.051209904,-0.021480918,6.1268377,78.49345,0.8950994
0.26,0.05138303,-0.022438645,6.1265044,78.49127,0.8961859
0.27,0.051556636,-0.023398757,6.1261697,78.48908,0.89727783
0.28,0.05172968,-0.02436781,6.125833,78.4869,0.8983711
0.29,0.051902413,-0.025340796,6.125495,78.484695,0.8994682
0.3,0.05207545,-0.026316285,6.125153,78.48247,0.90056705
0.31,0.052248,-0.027297974,6.124812,78.48023,0.9016696
0.32,0.05242053,-0.028281331,6.1244693,78.478,0.90277493
0.33,0.052592594,-0.029269457,6.1241245,78.47575,0.903883
0.34,0.05276509,-0.030264258,6.123778,78.473495,0.90499437
0.35,0.05293774,-0.03125584,6.1234307,78.47124,0.9061086
0.36,0.05310999,-0.032262444,6.12308,78.46897,0.90722525
0.37,0.053282604,-0.033257484,6.1227293,78.466705,0.90834534
0.38,0.053454824,-0.034256935,6.1223764,78.464424,0.9094672
0.39,0.053627647,-0.03526032,6.122024,78.46211,0.91059446
0.4,0.053799912,-0.036269426,6.121669,78.45981,0.91172326
0.41,0.0539735,-0.037273884,6.1213145,78.4575,0.9128554
0.42,0.054146245,-0.03827703,6.120954,78.45519,0.91399014
0.43,0.05431966,-0.03929329,6.120597,78.45286,0.9151281
0.44,0.05449327,-0.04029715,6.1202354,78.45053,0.9162687
0.45,0.054666653,-0.041303396,6.1198764,78.44819,0.91741276
0.46,0.054841343,-0.042309403,6.119512,78.44582,0.9185612
0.47,0.05501553,-0.043317795,6.119149,78.443474,0.9197103
0.48,0.05518967,-0.044330955,6.1187835,78.4411,0.92086303
0.49,0.055365,-0.045328856,6.1184173,78.438736,0.92202044
0.5,0.05554035,-0.046336293,6.118048,78.436356,0.92317975
0.51,0.05571586,-0.047344208,6.11768,78.43396,0.9243419
0.52,0.05589232,-0.0483464,6.117309,78.431564,0.925509
0.53,0.05606846,-0.04935372,6.116938,78.42915,0.9266771
0.54,0.056245048,-0.05035734,6.1165648,78.42676,0.92784846
0.55,0.05642251,-0.051351547,6.1161914,78.42433,0.9290242
0.56,0.056600455,-0.05235076,6.115817,78.4219,0.93020356
0.57,0.05677803,-0.053345203,6.1154404,78.41947,0.9313837
0.58,0.056957155,-0.054338336,6.1150618,78.41704,0.9325702
0.59,0.057136055,-0.055333376,6.1146836,78.41457,0.9337555
0.6,0.05731578,-0.056325316,6.114304,78.41212,0.9349474
0.61,0.05749583,-0.057306647,6.113921,78.40966,0.93614197
0.62,0.05767617,-0.058288455,6.113539,78.4072,0.9373392
0.63,0.057857312,-0.059271216,6.113157,78.404724,0.9385401
0.64,0.058038622,-0.060247183,6.1127734,78.402245,0.9397433
0.65,0.05822038,-0.06122923,6.1123867,78.39975,0.94095075
0.66,0.058403127,-0.0621984,6.112,78.39724,0.94216037
0.67,0.05858637,-0.063173175,6.1116133,78.394745,0.94337404
0.68,0.05877005,-0.06413686,6.1112247,78.39223,0.94459236
0.69,0.05895427,-0.065099955,6.1108327,78.38971,0.94581187
0.7,0.05913957,-0.066055775,6.110442,78.387184,0.947036
0.71,0.059324726,-0.06701505,6.110049,78.38465,0.94826317
0.72,0.059510123,-0.067968965,6.1096554,78.38211,0.94949186
0.73,0.059696823,-0.0689199,6.1092596,78.37956,0.9507263
0.74,0.059884112,-0.06986225,6.1088653,78.37701,0.9519627
0.75,0.060072076,-0.07080054,6.108467,78.37444,0.9532037
0.76,0.06026055,-0.07173383,6.1080685,78.37188,0.9544463
0.77,0.060449366,-0.072669506,6.107671,78.3693,0.9556948
0.78,0.060638912,-0.07359791,6.107269,78.366714,0.9569442
0.79,0.06082926,-0.07451856,6.1068687,78.36414,0.9581976
0.8,0.061020195,-0.075440526,6.1064663,78.361534,0.9594557
0.81,0.0612119,-0.07635474,6.106062,78.35895,0.96071744
0.82,0.06140422,-0.07726717,6.1056585,78.35634,0.9619814
0.83,0.061596774,-0.07817495,6.1052523,78.35373,0.9632484
0.84,0.061790362,-0.07907963,6.104844,78.35111,0.96452165
0.85,0.06198448,-0.07997072,6.1044374,78.34849,0.9657942
0.86,0.06217917,-0.08086777,6.104028,78.345856,0.9670733
0.87,0.062374678,-0.0817548,6.103616,78.34323,0.9683547
0.88,0.06257079,-0.08264041,6.1032047,78.34057,0.96964
0.89,0.06276861,-0.08351946,6.1027923,78.33792,0.97092974
0.9,0.06296547,-0.084394455,6.102379,78.33524,0.9722222
0.91,0.0631636,-0.08525908,6.101964,78.33258,0.9735184
0.92,0.0633629,-0.08612275,6.1015477,78.32991,0.97481847
0.93,0.0635624,-0.08698571,6.10113,78.32721,0.97612226
0.94,0.06376332,-0.0878346,6.100713,78.32453,0.9774302
0.95,0.06396441,-0.088685274,6.1002917,78.32182,0.97874033
0.96,0.064165995,-0.08952415,6.0998707,78.31914,0.98005474
0.97,0.06436936,-0.09036183,6.099449,78.316414,0.9813734
0.98,0.064572096,-0.09119046,6.0990252,78.31368,0.9826964
0.99,0.064776056,-0.09201932,6.0986004,78.31096,0.9840208
1.0,0.06498114,-0.092838526,6.0981746,78.30823,0.98535144
1.01,0.06518693,-0.093652606,6.0977488,78.30549,0.98668516
1.02,0.06539306,-0.094463944,6.0973206,78.302734,0.9880222
1.03,0.06560035,-0.095270276,6.09689,78.29997,0.9893639
1.04,0.06580888,-0.09606612,6.096461,78.29721,0.99070835
1.05,0.066017404,-0.096855044,6.096028,78.29443,0.9920578
1.06,0.06622705,-0.097647786,6.0955954,78.29165,0.99341047
1.07,0.06643719,-0.098425865,6.0951624,78.28886,0.99476683
1.08,0.06664882,-0.0992043,6.094727,78.28607,0.9961283
1.09,0.06686073,-0.099967,6.0942903,78.28327,0.99749327
1.1,0.06707376,-0.100732446,6.093853,78.28044,0.99886286
1.11,0.06728724,-0.10148966,6.0934143,78.277626,1.0002351
1.12,0.067502126,-0.10223746,6.0929737,78.274796,1.0016122
1.13,0.067716785,-0.10298598,6.092533,78.27197,1.0029931
1.14,0.067933306,-0.10372615,6.0920906,78.26912,1.0043781
1.15,0.06815046,-0.104452014,6.0916476,78.26627,1.0057672
1.16,0.06836835,-0.1051805,6.0912013,78.26341,1.0071605
1.17,0.06858719,-0.10589993,6.0907545,78.260544,1.0085579
1.18,0.06880709,-0.10661435,6.0903087,78.25768,1.0099608
1.19,0.06902755,-0.107319474,6.089859,78.2548,1.0113668
1.2,0.0692488,-0.10801768,6.0894084,78.25191,1.012777
1.21,0.06947122,-0.108715534,6.088958,78.249016,1.0141907
1.22,0.06969478,-0.10940218,6.0885043,78.24612,1.0156102
1.23,0.069918536,-0.1100831,6.088051,78.2432,1.0170325
1.24,0.07014395,-0.11075592,6.0875955,78.240265,1.0184605
1.25,0.07037014,-0.11142051,6.087139,78.237335,1.0198926
1.26,0.07059662,-0.11208141,6.0866814,78.2344,1.0213292
1.27,0.07082444,-0.11274278,6.086222,78.23145,1.0227687
1.28,0.07105362,-0.1133858,6.085761,78.22851,1.0242145
1.29,0.07128319,-0.11402643,6.0853004,78.22555,1.0256631
1.3,0.07151385,-0.1146605,6.084837,78.222565,1.0271181
1.31,0.07174511,-0.11528838,6.0843725,78.219574,1.0285767
1.32,0.07197817,-0.11590922,6.0839076,78.2166,1.0300403
1.33,0.072211415,-0.116520286,6.0834403,78.21361,1.0315078
1.34,0.07244593,-0.11712992,6.082972,78.2106,1.0329813
1.35,0.07268145,-0.11772883,6.082502,78.20758,1.0344572
1.36,0.07291797,-0.11832619,6.0820317,78.204575,1.0359386
1.37,0.07315547,-0.11890745,6.081558,78.20154,1.0374247
1.38,0.07339418,-0.11948776,6.0810843,78.1985,1.0389168
1.39,0.07363372,-0.12006712,6.080609,78.19544,1.0404122
1.4,0.07387456,-0.120625496,6.0801325,78.1924,1.0419129
1.41,0.0741154,-0.121184826,6.079654,78.18933,1.0434164
1.42,0.074358046,-0.12173879,6.079175,78.18627,1.0449286
1.43,0.07460189,-0.1222831,6.078694,78.18318,1.046442
1.44,0.07484636,-0.12281883,6.0782104,78.18009,1.0479617
1.45,0.07509206,-0.123346925,6.0777273,78.17698,1.0494869
1.46,0.07533901,-0.12386668,6.077242,78.173874,1.0510175
1.47,0.07558709,-0.12438917,6.0767546,78.170746,1.0525507
1.48,0.07583537,-0.12488878,6.0762672,78.16762,1.0540901
1.49,0.07608555,-0.12539923,6.075778,78.1645,1.0556351
1.5,0.07633636,-0.12589216,6.075286,78.161354,1.0571839
1.51,0.076588824,-0.12637663,6.074794,78.15817,1.0587388
1.52,0.0768417,-0.12685776,6.0743,78.155014,1.0602974
1.53,0.077095866,-0.12732601,6.073805,78.15184,1.0618626
1.54,0.07735134,-0.12779212,6.0733075,78.14866,1.0634322
1.55,0.077607125,-0.1282512,6.0728087,78.14546,1.0650079
1.56,0.077864945,-0.12869942,6.0723085,78.14225,1.0665865
1.57,0.07812305,-0.12914598,6.071807,78.139046,1.0681708
1.58,0.07838307,-0.12957656,6.0713043,78.13582,1.0697616
1.59,0.07864333,-0.13000572,6.0708,78.132576,1.0713582
1.6,0.07890547,-0.13042939,6.0702944,78.12933,1.0729581
1.61,0.079168305,-0.13084495,6.0697865,78.12608,1.0745639
1.62,0.07943209,-0.13125503,6.069278,78.12283,1.0761753
1.63,0.07969762,-0.13164997,6.0687675,78.11955,1.0777926
1.64,0.07996371,-0.13204122,6.0682545,78.11627,1.0794139
1.65,0.08023136,-0.13242745,6.06774,78.11299,1.081042
1.66,0.08049917,-0.1328069,6.0672245,78.10967,1.0826749
1.67,0.0807694,-0.13317859,6.066708,78.10635,1.0843129
1.68,0.081040174,-0.13353539,6.0661907,78.10304,1.085957
1.69,0.08131196,-0.13389325,6.0656695,78.09972,1.0876039
1.7,0.08158499,-0.13424551,6.0651474,78.096375,1.0892588
1.71,0.08185902,-0.13458383,6.0646243,78.09303,1.0909189
1.72,0.082134485,-0.13491869,6.0641003,78.08966,1.0925846
1.73,0.08241052,-0.13524568,6.0635734,78.08628,1.0942558
1.74,0.08268855,-0.13556302,6.0630445,78.08291,1.0959322
1.75,0.082967214,-0.13587725,6.0625157,78.07951,1.0976137
1.76,0.08324731,-0.13617837,6.061984,78.07611,1.0993023
1.77,0.083528206,-0.13647783,6.0614495,78.07269,1.1009945
1.78,0.08381056,-0.13676775,6.0609155,78.06927,1.1026943
1.79,0.0840937,-0.13705075,6.060379,78.06583,1.1043985
1.8,0.08437827,-0.13732421,6.0598407,78.06238,1.1061088
1.81,0.08466374,-0.13759029,6.0593004,78.05892,1.1078249
1.82,0.084950686,-0.13785434,6.05876,78.055466,1.1095465
1.83,0.08523867,-0.13810682,6.058216,78.05199,1.1112738
1.84,0.08552751,-0.13835478,6.057671,78.048485,1.1130072
1.85,0.08581755,-0.13859582,6.0571237,78.04498,1.1147467
1.86,0.08610902,-0.1388278,6.056576,78.04147,1.1164898
1.87,0.08640147,-0.13904715,6.056025,78.03796,1.1182411
1.88,0.08669516,-0.13926911,6.0554724,78.0344,1.1199973
1.89,0.08699005,-0.13948154,6.054919,78.030876,1.1217598
1.9,0.0872866,-0.13968253,6.054364,78.02733,1.1235282
1.91,0.08758317,-0.13987935,6.053806,78.02374,1.1253014
1.92,0.08788135,-0.14006948,6.0532475,78.020164,1.1270819
1.93,0.0881811,-0.14025712,6.0526867,78.01657,1.1288676
1.94,0.08848196,-0.14042735,6.052125,78.01298,1.1306589
1.95,0.08878323,-0.14059865,6.0515614,78.00936,1.132456
1.96,0.08908656,-0.14075327,6.050994,78.00574,1.1342599
1.97,0.08939022,-0.14091086,6.050426,78.002106,1.1360695
1.98,0.08969577,-0.14105463,6.0498567,77.998474,1.1378859
1.99,0.09000157,-0.14120102,6.049285,77.99481,1.1397057
2.0,0.090309456,-0.14133644,6.0487123,77.99114,1.1415336
2.01,0.09061803,-0.14146209,6.0481367,77.98745,1.1433684
2.02,0.09092754,-0.1415832,6.04756,77.98378,1.1452079
2.03,0.09123868,-0.1416924,6.0469813,77.98007,1.1470529
2.04,0.09155093,-0.14179778,6.0464005,77.97636,1.1489059
2.05,0.09186347,-0.14189982,6.0458183,77.97263,1.1507632
2.06,0.09217805,-0.1419928,6.045233,77.968895,1.1526271
2.07,0.09249359,-0.14208078,6.0446463,77.965126,1.1544973
2.08,0.092809804,-0.14216173,6.0440574,77.96137,1.1563736
2.09,0.093128026,-0.14222932,6.043468,77.95759,1.1582565
2.1,0.093447134,-0.14229178,6.0428762,77.95381,1.1601456
2.11,0.09376663,-0.14235139,6.0422807,77.95001,1.1620408
2.12,0.09408744,-0.1424017,6.0416856,77.9462,1.163942
2.13,0.09441005,-0.14244771,6.0410886,77.94239,1.1658491
2.14,0.09473288,-0.14249015,6.0404882,77.93853,1.1677624
2.15,0.09505777,-0.14252424,6.039887,77.934685,1.1696831
2.16,0.09538326,-0.14254403,6.039283,77.93083,1.1716088
2.17,0.09571023,-0.14256287,6.0386763,77.92697,1.1735425
2.18,0.09603761,-0.14257932,6.0380692,77.92309,1.1754801
2.19,0.09636666,-0.14258265,6.0374594,77.91919,1.1774257
2.2,0.09669684,-0.14258504,6.0368485,77.915276,1.1793768
2.21,0.09702714,-0.14257526,6.036234,77.91135,1.1813345
2.22,0.09735987,-0.14256084,6.0356193,77.90742,1.1832982
2.23,0.09769291,-0.14253831,6.0350013,77.90349,1.1852686
2.24,0.09802719,-0.14251459,6.034382,77.89951,1.1872457
2.25,0.09836306,-0.14247918,6.033759,77.895546,1.1892307
2.26,0.09869897,-0.14244533,6.0331354,77.89155,1.1912183
2.27,0.099036485,-0.14239931,6.0325108,77.88755,1.1932147
2.28,0.09937547,-0.14234972,6.0318823,77.883545,1.1952174
2.29,0.099715486,-0.14229369,6.031252,77.879524,1.1972264
2.3,0.10005579,-0.1422193,6.0306196,77.87549,1.1992419
2.31,0.10039783,-0.14215446,6.029987,77.87143,1.2012644
2.32,0.10074038,-0.14207602,6.029351,77.86736,1.2032925
2.33,0.10108463,-0.14199114,6.0287123,77.86329,1.2053279
2.34,0.10142944,-0.14190722,6.028073,77.8592,1.2073686
2.35,0.10177604,-0.14180851,6.0274296,77.85511,1.2094172
2.36,0.10212275,-0.14170408,6.026785,77.85099,1.2114718
2.37,0.102471255,-0.14160275,6.0261397,77.84686,1.2135328
2.38,0.102820635,-0.14148545,6.0254893,77.84271,1.2155999
2.39,0.103170775,-0.141366,6.024839,77.83856,1.2176741
2.4,0.103522114,-0.14123368,6.024185,77.83439,1.2197547
2.41,0.103874214,-0.14110494,6.02353,77.830215,1.2218435
2.42,0.10422758,-0.14096808,6.0228724,77.826,1.2239364
2.43,0.10458225,-0.14082038,6.022214,77.821785,1.2260371
2.44,0.10493789,-0.14066803,6.021552,77.81757,1.2281464
2.45,0.10529442,-0.14051759,6.0208883,77.81333,1.2302599
2.46,0.105651505,-0.1403557,6.0202236,77.80908,1.2323797
2.47,0.10601056,-0.14018238,6.019553,77.804825,1.2345072
2.48,0.106370084,-0.14000905,6.018885,77.80054,1.2366412
2.49,0.10673018,-0.13982856,6.0182104,77.79626,1.2387818
2.5,0.10709192,-0.13964069,6.017536,77.79195,1.2409289
2.51,0.10745479,-0.13945091,6.0168595,77.78763,1.2430832
2.52,0.10781795,-0.13924801,6.01618,77.7833,1.2452445
2.53,0.10818277,-0.1390487,6.0154977,77.77896,1.2474121
2.54,0.10854848,-0.13883793,6.014815,77.77459,1.2495866
2.55,0.1089147,-0.13861978,6.014129,77.770226,1.2517678
2.56,0.1092826,-0.1383959,6.01344,77.76582,1.2539567
2.57,0.10965092,-0.13817239,6.01275,77.76144,1.2561507
2.58,0.11002054,-0.13793695,6.012057,77.757,1.2583529
2.59,0.11039098,-0.13769805,6.011361,77.75258,1.2605612
2.6,0.1107624,-0.13745272,6.0106654,77.74814,1.262776
2.61,0.11113498,-0.13720036,6.009965,77.743675,1.2649994
2.62,0.111508615,-0.13694346,6.009263,77.739204,1.2672294
2.63,0.1118828,-0.1366831,6.0085583,77.73471,1.2694651
2.64,0.11225844,-0.13641179,6.0078516,77.7302,1.2717077
2.65,0.112634696,-0.13613462,6.0071425,77.725685,1.2739573
2.66,0.11301207,-0.13585341,6.006431,77.72116,1.2762154
2.67,0.11339043,-0.1355679,6.0057173,77.71662,1.2784781
2.68,0.11376936,-0.13527977,6.0050025,77.71206,1.2807494
2.69,0.11414956,-0.13497841,6.0042834,77.70749,1.2830272
2.7,0.114531055,-0.13467383,6.0035634,77.70289,1.2853129
2.71,0.11491342,-0.13435829,6.0028396,77.69828,1.2876045
2.72,0.115296304,-0.13404691,6.002114,77.693665,1.2899036
2.73,0.11568059,-0.13372207,6.0013857,77.68902,1.2922099
2.74,0.11606562,-0.13340127,6.000655,77.68437,1.2945226
2.75,0.11645143,-0.13306332,5.999923,77.679726,1.2968427
2.76,0.11683837,-0.13272166,5.999187,77.67503,1.2991703
2.77,0.117226444,-0.13237417,5.9984517,77.67034,1.3015043
2.78,0.117615424,-0.132025,5.99771,77.665634,1.3038458
2.79,0.118005134,-0.13166714,5.9969687,77.66091,1.3061947
2.8,0.1183955,-0.13130331,5.9962234,77.65617,1.3085493
2.81,0.11878762,-0.1309303,5.9954762,77.6514,1.3109123
2.82,0.11918032,-0.13055491,5.994727,77.64663,1.3132827
2.83,0.11957368,-0.13017738,5.9939747,77.641846,1.3156595
2.84,0.11996871,-0.12978506,5.993221,77.637054,1.3180453
2.85,0.12036382,-0.1293912,5.9924636,77.63223,1.3204367
2.86,0.12076032,-0.12899446,5.991705,77.627396,1.3228363
2.87,0.12115775,-0.12858093,5.9909425,77.622574,1.3252425
2.88,0.12155601,-0.12817264,5.990176,77.617714,1.327656
2.89,0.12195531,-0.12775636,5.9894104,77.61282,1.3300761
2.9,0.12235563,-0.12732911,5.9886403,77.60795,1.3325055
2.91,0.12275723,-0.12690175,5.987869,77.60303,1.3349404
2.92,0.12315881,-0.12646806,5.987095,77.5981,1.3373817
2.93,0.12356207,-0.1260184,5.986317,77.59316,1.3398331
2.94,0.12396659,-0.12556493,5.985536,77.58823,1.3422904
2.95,0.12437153,-0.12511313,5.984755,77.583244,1.344756
2.96,0.124777734,-0.124651074,5.983969,77.578255,1.3472277
2.97,0.12518449,-0.124180675,5.983184,77.57326,1.3497081
2.98,0.12559259,-0.123708725,5.9823923,77.56824,1.3521957
2.99,0.1260015,-0.123227,5.981601,77.56321,1.3546903
3.0,0.12641114,-0.122734666,5.980805,77.55815,1.357193
3.01,0.12682159,-0.122244,5.980008,77.55309,1.3597028
3.02,0.12723398,-0.1217407,5.979207,77.548004,1.3622197
3.03,0.12764625,-0.12123573,5.978404,77.54291,1.3647445
3.04,0.12806009,-0.12072313,5.9775996,77.53779,1.367276
3.05,0.12847528,-0.12019956,5.976791,77.53267,1.3698165
3.06,0.12889065,-0.119668365,5.9759808,77.52752,1.3723643
3.07,0.12930742,-0.11913526,5.975166,77.52237,1.3749193
3.08,0.12972486,-0.11859512,5.974352,77.51718,1.377483
3.09,0.13014361,-0.11804509,5.9735336,77.511986,1.3800534
3.1,0.13056314,-0.11748898,5.9727125,77.50679,1.3826317
3.11,0.13098389,-0.11692464,5.9718876,77.501564,1.3852179
3.12,0.13140553,-0.116362214,5.971062,77.49632,1.3878108
3.13,0.13182807,-0.11578715,5.9702325,77.49105,1.3904124
3.14,0.132252,-0.11520398,5.969401,77.48578,1.3930228
3.15,0.1326762,-0.11461091,5.9685664,77.480484,1.3956401
3.16,0.13310179,-0.11401272,5.967729,77.47518,1.3982643
3.17,0.1335286,-0.113404155,5.96689,77.46983,1.4008968
3.18,0.13395634,-0.11279881,5.9660463,77.46452,1.4035374
3.19,0.13438515,-0.11217785,5.9652014,77.45916,1.4061857
3.2,0.1348145,-0.11155069,5.9643536,77.45376,1.4088423
3.21,0.13524523,-0.11091757,5.963503,77.44838,1.4115064
3.22,0.13567707,-0.11027384,5.96265,77.44298,1.4141785
3.23,0.13611013,-0.10962534,5.961794,77.43755,1.4168591
3.24,0.13654375,-0.108971596,5.9609346,77.432106,1.4195472
3.25,0.13697895,-0.10830319,5.9600735,77.42666,1.422242
3.26,0.13741462,-0.10763085,5.9592085,77.421196,1.4249471
3.27,0.13785155,-0.10695577,5.9583426,77.41568,1.4276588
3.28,0.13828991,-0.10626531,5.9574723,77.41017,1.4303792
3.29,0.13872932,-0.105567575,5.9566,77.40465,1.4331075
3.3,0.13916923,-0.10486758,5.9557247,77.39911,1.4358442
3.31,0.13961095,-0.104151964,5.9548464,77.39355,1.4385887
3.32,0.14005359,-0.10343099,5.953965,77.38798,1.4413426
3.33,0.14049669,-0.1027025,5.953082,77.38239,1.4441016
3.34,0.1409415,-0.10196793,5.9521956,77.37676,1.4468719
3.35,0.14138702,-0.10122228,5.9513063,77.37115,1.449649
3.36,0.14183399,-0.100465894,5.950414,77.3655,1.4524354
3.37,0.14228214,-0.0997076,5.9495206,77.35984,1.4552287
3.38,0.142731,-0.09893668,5.948622,77.354164,1.4580305
3.39,0.14318135,-0.098159075,5.9477215,77.34847,1.4608418
3.4,0.14363308,-0.09737182,5.946818,77.34276,1.4636599
3.41,0.14408566,-0.09657097,5.945913,77.33702,1.4664888
3.42,0.1445395,-0.095766544,5.9450035,77.331276,1.4693242
3.43,0.14499433,-0.09495568,5.944091,77.32549,1.472167
3.44,0.14545062,-0.09412861,5.9431777,77.319725,1.4750212
3.45,0.14590824,-0.09329736,5.9422593,77.31392,1.4778827
3.46,0.14636679,-0.09245467,5.9413385,77.308105,1.4807534
3.47,0.1468269,-0.09160352,5.9404163,77.30227,1.483631
3.48,0.14728746,-0.09074223,5.939491,77.29643,1.4865174
3.49,0.14774954,-0.089873314,5.938562,77.29056,1.4894125
3.5,0.14821276,-0.088997126,5.9376307,77.28467,1.4923164
3.51,0.14867763,-0.08810079,5.936695,77.278755,1.4952298
3.52,0.14914322,-0.087201476,5.9357567,77.27284,1.4981507
3.53,0.14961085,-0.086296916,5.9348173,77.26691,1.501081
3.54,0.15007867,-0.08538079,5.933873,77.26094,1.5040189
3.55,0.15054859,-0.08445299,5.932928,77.25497,1.5069668
3.56,0.15101948,-0.08351505,5.931979,77.24896,1.5099232
3.57,0.15149221,-0.082564235,5.931027,77.24295,1.5128883
3.58,0.15196534,-0.0816077,5.9300733,77.23694,1.5158626
3.59,0.15244049,-0.08063781,5.9291153,77.23088,1.5188448
3.6,0.15291676,-0.07965636,5.9281545,77.224815,1.5218369
3.61,0.15339425,-0.078668356,5.9271913,77.21875,1.5248379
3.62,0.15387282,-0.07767117,5.9262233,77.21263,1.5278475
3.63,0.15435332,-0.076657414,5.925255,77.20653,1.5308661
3.64,0.15483445,-0.07564044,5.9242816,77.20038,1.5338928
3.65,0.1553174,-0.07460928,5.9233055,77.19424,1.5369295
3.66,0.15580237,-0.07356298,5.922327,77.18805,1.5399755
3.67,0.15628773,-0.07251084,5.9213457,77.18187,1.5430305
3.68,0.15677507,-0.07144964,5.9203625,77.17567,1.5460948
3.69,0.15726362,-0.07037532,5.9193745,77.16942,1.5491683
3.7,0.15775323,-0.06928873,5.918386,77.16318,1.5522492
3.71,0.158245,-0.06818998,5.9173903,77.15692,1.5553414
3.72,0.15873787,-0.06708038,5.9163947,77.150635,1.558442
3.73,0.15923253,-0.06596053,5.915396,77.14433,1.5615523
3.74,0.15972844,-0.06482363,5.9143934,77.138016,1.5646713
3.75,0.16022545,-0.06368101,5.9133883,77.1317,1.5678003
3.76,0.16072458,-0.062528014,5.9123793,77.125336,1.5709383
3.77,0.16122407,-0.06136048,5.9113693,77.118965,1.5740857
3.78,0.16172633,-0.06017959,5.9103546,77.11256,1.577241
3.79,0.16222984,-0.058990836,5.9093375,77.10615,1.5804086
3.8,0.16273436,-0.057792425,5.9083176,77.099724,1.5835835
3.81,0.16324086,-0.056576252,5.907294,77.093285,1.5867696
3.82,0.16374883,-0.055349708,5.906267,77.086815,1.5899637
3.83,0.16425851,-0.05410576,5.905238,77.08034,1.593169
3.84,0.16476941,-0.05285728,5.9042068,77.07382,1.5963832
3.85,0.16528255,-0.051596045,5.9031706,77.06731,1.5996057
3.86,0.16579665,-0.050316572,5.9021316,77.06076,1.6028395
3.87,0.16631266,-0.049025416,5.9010906,77.05421,1.606083
3.88,0.1668304,-0.04772353,5.9000454,77.04762,1.6093365
3.89,0.16734949,-0.046412468,5.8989983,77.04104,1.6125981
3.9,0.16787067,-0.045084834,5.897947,77.034424,1.6158706
3.91,0.1683932,-0.043747544,5.896894,77.02779,1.6191527
3.92,0.1689176,-0.042388797,5.895837,77.02113,1.6224458
3.93,0.16944355,-0.041027427,5.894777,77.01445,1.6257476
3.94,0.16997099,-0.03964567,5.8937125,77.00776,1.6290588
3.95,0.17050037,-0.03824973,5.8926473,77.00105,1.632382
3.96,0.17103152,-0.03684497,5.891578,76.99433,1.6357135
3.97,0.17156428,-0.03543055,5.8905053,76.98757,1.6390547
3.98,0.17209929,-0.03399384,5.88943,76.98082,1.6424078
3.99,0.1726357,-0.032547355,5.888352,76.97404,1.6457698
4.0,0.17317356,-0.031087518,5.887269,76.967224,1.6491416
4.01,0.17371374,-0.029616594,5.886184,76.960396,1.6525247
4.02,0.17425519,-0.028130174,5.885096,76.953545,1.6559175
4.03,0.17479882,-0.026629806,5.8840046,76.9467,1.6593206
4.04,0.17534468,-0.025110126,5.882911,76.93981,1.6627343
4.05,0.17589195,-0.023583412,5.8818126,76.932915,1.6661578
4.06,0.17644107,-0.022046685,5.880713,76.925995,1.6695913
4.07,0.17699167,-0.02049017,5.8796067,76.91906,1.673035
4.08,0.17754462,-0.018915653,5.8785,76.912094,1.6764907
4.09,0.17809954,-0.017332673,5.877391,76.90512,1.6799573
4.1,0.17865574,-0.015733719,5.876278,76.89812,1.6834317
4.11,0.17921436,-0.014120817,5.8751597,76.89111,1.6869179
4.12,0.17977475,-0.0124976635,5.874041,76.88406,1.6904145
4.13,0.18033725,-0.010854125,5.872918,76.877014,1.6939226
4.14,0.1809019,-0.009197712,5.8717904,76.86995,1.6974409
4.15,0.18146801,-0.0075318813,5.8706613,76.86285,1.7009695
4.16,0.18203665,-0.00584352,5.8695283,76.85573,1.7045095
4.17,0.18260612,-0.004146576,5.8683925,76.848595,1.7080579
4.18,0.18317914,-0.0024312735,5.8672533,76.84144,1.7116196
4.19,0.1837536,-0.00070142746,5.86611,76.83425,1.7151914
4.2,0.1843293,0.0010399818,5.8649664,76.82707,1.7187741
4.21,0.18490818,0.0028018951,5.863815,76.81986,1.7223684
4.22,0.18548855,0.0045681,5.8626633,76.81263,1.725972
4.23,0.18607107,0.0063598156,5.8615074,76.80535,1.7295882
4.24,0.1866557,0.008159518,5.860348,76.79809,1.7332147
4.25,0.18724252,0.009976745,5.8591857,76.79078,1.7368513
4.26,0.18783084,0.01181221,5.858021,76.78348,1.7405003
4.27,0.1884219,0.013654351,5.856852,76.77612,1.7441605
4.28,0.18901497,0.015518546,5.8556805,76.768776,1.7478321
4.29,0.18961017,0.017397761,5.8545046,76.761406,1.751514
4.3,0.19020705,0.019287586,5.8533254,76.754005,1.7552071
4.31,0.19080669,0.021192908,5.8521447,76.74659,1.7589116
4.32,0.19140801,0.023112416,5.850958,76.73916,1.7626271
4.33,0.19201174,0.025051355,5.8497705,76.731705,1.7663536
4.34,0.19261806,0.02700293,5.848578,76.72423,1.7700927
4.35,0.19322608,0.028965712,5.8473816,76.716736,1.7738422
4.36,0.19383606,0.0309546,5.8461843,76.70921,1.7776047
4.37,0.19444853,0.032945037,5.844982,76.70167,1.7813774
4.38,0.19506353,0.03495419,5.8437767,76.69412,1.7851614
4.39,0.19568105,0.036982775,5.8425674,76.68654,1.7889587
4.4,0.19630039,0.03902912,5.841354,76.678925,1.7927662
4.41,0.19692153,0.041081786,5.8401384,76.67132,1.7965853
4.42,0.19754511,0.043154478,5.838918,76.663666,1.8004172
4.43,0.19817151,0.045244336,5.8376956,76.656006,1.8042595
4.44,0.19880009,0.047343135,5.8364697,76.64834,1.8081138
4.45,0.19943017,0.049457908,5.835239,76.64062,1.8119817
4.46,0.2000638,0.05159247,5.834007,76.63287,1.8158603
4.47,0.20069867,0.053735614,5.83277,76.625145,1.8197498
4.48,0.2013371,0.05590284,5.8315296,76.617355,1.8236538
4.49,0.20197698,0.058075428,5.8302865,76.609566,1.8275665
4.5,0.2026191,0.06026864,5.8290396,76.60176,1.8314935
4.51,0.2032638,0.06247163,5.8277893,76.59392,1.8354317
4.52,0.20391083,0.064691305,5.826534,76.58607,1.8393816
4.53,0.2045604,0.06692743,5.8252764,76.57819,1.8433433
4.54,0.20521238,0.069184184,5.824016,76.5703,1.8473191
4.55,0.20586637,0.071443796,5.8227506,76.56237,1.8513057
4.56,0.20652324,0.0737226,5.8214817,76.55443,1.8553052
4.57,0.20718235,0.07602143,5.8202105,76.54647,1.8593156
4.58,0.20784411,0.07832348,5.8189344,76.538475,1.8633415
4.59,0.20850775,0.08064723,5.8176546,76.53047,1.8673772
4.6,0.20917454,0.08298969,5.8163724,76.52244,1.8714257
4.61,0.20984316,0.08534062,5.815087,76.5144,1.875487
4.62,0.2105145,0.087705255,5.8137965,76.50632,1.8795599
4.63,0.21118838,0.090088844,5.812503,76.49822,1.883647
4.64,0.21186444,0.09248304,5.811206,76.49012,1.8877454
4.65,0.2125433,0.09488952,5.809904,76.48196,1.8918571
4.66,0.21322435,0.09731305,5.808601,76.4738,1.8959808
4.67,0.2139082,0.09975445,5.807293,76.46562,1.9001184
4.68,0.2145946,0.10220647,5.805981,76.45742,1.9042691
4.69,0.21528347,0.10467172,5.8046656,76.44918,1.9084302
4.7,0.21597415,0.10714364,5.803346,76.44092,1.9126054
4.71,0.2166684,0.10963547,5.8020234,76.43264,1.9167944
4.72,0.21736452,0.112140894,5.8006954,76.424355,1.9209957
4.73,0.21806368,0.11466217,5.7993655,76.41603,1.925211
4.74,0.21876481,0.117194295,5.798031,76.40769,1.9294379
4.75,0.21946901,0.11973524,5.796692,76.39932,1.9336777
4.76,0.220175,0.12229061,5.7953515,76.39094,1.9379306
4.77,0.22088459,0.12486768,5.7940044,76.38252,1.9421974
4.78,0.22159603,0.12745464,5.7926555,76.37409,1.9464773
4.79,0.22231013,0.13004804,5.7913017,76.36563,1.9507695
4.8,0.22302726,0.13265705,5.789943,76.35715,1.9550766
4.81,0.22374648,0.13528156,5.7885838,76.34862,1.9593954
4.82,0.2244682,0.13791156,5.7872176,76.34009,1.9637291
4.83,0.22519308,0.1405592,5.785848,76.331535,1.9680755
4.84,0.22592014,0.14322317,5.7844753,76.32296,1.9724357
4.85,0.22665003,0.14588964,5.783098,76.31434,1.9768094
4.86,0.22738239,0.14857578,5.781718,76.305725,1.9811956
4.87,0.22811747,0.15126944,5.780334,76.29707,1.9855968
4.88,0.22885484,0.15397966,5.7789454,76.2884,1.9900106
4.89,0.22959545,0.15668869,5.777553,76.2797,1.9944379
4.9,0.23033881,0.15942526,5.7761545,76.27097,1.9988804
4.91,0.23108387,0.16216254,5.774754,76.26224,2.0033355
4.92,0.23183179,0.16491675,5.77335,76.25345,2.0078046
4.93,0.23258337,0.16767788,5.771941,76.24467,2.0122874
4.94,0.23333657,0.17044973,5.77053,76.23584,2.0167835
4.95,0.23409224,0.17323565,5.7691097,76.22698,2.0212955
4.96,0.23485148,0.17603171,5.76769,76.218124,2.0258207
4.97,0.23561257,0.17883122,5.7662663,76.20922,2.0303586
4.98,0.23637661,0.18165028,5.764837,76.2003,2.0349123
4.99,0.23714381,0.18447232,5.7634025,76.19135,2.0394793
5.0,0.23791292,0.18731439,5.7619658,76.18239,2.044061
5.01,0.23868474,0.19015133,5.7605233,76.17338,2.048656
5.02,0.23945999,0.19300866,5.7590785,76.16435,2.053265
5.03,0.24023712,0.1958648,5.757629,76.155304,2.05789
5.04,0.24101758,0.19873965,5.7561746,76.14622,2.0625286
5.05,0.24180013,0.20162117,5.754718,76.13712,2.0671813
5.06,0.24258578,0.20451093,5.7532544,76.12801,2.0718489
5.07,0.24337414,0.20740998,5.7517877,76.11885,2.0765302
5.08,0.24416485,0.21031499,5.750315,76.10966,2.0812266
5.09,0.24495846,0.21322787,5.7488403,76.10046,2.0859375
5.1,0.24575481,0.21615815,5.7473593,76.09122,2.0906634
5.11,0.24655366,0.21908486,5.745876,76.08196,2.0954034
5.12,0.2473554,0.22202694,5.7443876,76.07268,2.1001575
5.13,0.24815986,0.22496927,5.7428956,76.06336,2.1049275
5.14,0.24896681,0.22792101,5.741398,76.05403,2.109712
5.15,0.24977684,0.23088121,5.7398953,76.04466,2.114512
5.16,0.25058922,0.23385036,5.738389,76.03528,2.1193256
5.17,0.25140402,0.2368226,5.736879,76.02585,2.124155
5.18,0.25222215,0.23980427,5.735364,76.016396,2.1289992
5.19,0.25304294,0.24278843,5.7338457,76.00693,2.1338582
5.2,0.25386664,0.24578106,5.7323213,75.997444,2.138733
5.21,0.25469232,0.24877644,5.7307935,75.98791,2.143623
5.22,0.2555214,0.2517829,5.72926,75.97834,2.1485279
5.23,0.2563525,0.25479138,5.7277226,75.96876,2.1534467
5.24,0.25718695,0.25780797,5.7261796,75.95915,2.158382
5.25,0.25802365,0.260831,5.724633,75.94951,2.1633325
5.26,0.25886384,0.2638508,5.723083,75.93985,2.1682997
5.27,0.25970623,0.26688194,5.7215266,75.93014,2.1732814
5.28,0.26055092,0.26991642,5.719965,75.92041,2.1782775
5.29,0.261399,0.27295637,5.718402,75.91065,2.1832902
5.3,0.26224998,0.2759987,5.716831,75.90088,2.1883185
5.31,0.26310328,0.2790445,5.715258,75.89107,2.1933606
5.32,0.2639594,0.28209043,5.7136774,75.88123,2.198421
5.33,0.26481807,0.28514934,5.712094,75.871376,2.2034943
5.34,0.26567948,0.28820002,5.710506,75.861465,2.208586
5.35,0.2665442,0.29126143,5.7089133,75.85155,2.2136922
5.36,0.2674107,0.29432654,5.707313,75.84158,2.2188156
5.37,0.2682812,0.29739165,5.7057114,75.8316,2.2239535
5.38,0.26915336,0.30045772,5.7041035,75.8216,2.2291076
5.39,0.27002853,0.30352914,5.702492,75.811554,2.234277
5.4,0.2709062,0.3066008,5.700875,75.801476,2.2394629
5.41,0.2717868,0.3096695,5.6992526,75.79135,2.2446647
5.42,0.27267084,0.31274712,5.6976237,75.78124,2.2498837
5.43,0.27355716,0.31582344,5.695992,75.77108,2.255118
5.44,0.27444625,0.3189026,5.694356,75.76088,2.2603693
5.45,0.2753382,0.3219813,5.692713,75.75066,2.2656362
5.46,0.27623242,0.32505608,5.6910653,75.74042,2.2709203
5.47,0.27712995,0.3281443,5.689415,75.73012,2.276218
5.48,0.27802995,0.331226,5.687758,75.719795,2.2815359
5.49,0.27893305,0.33430517,5.6860976,75.70944,2.286868
5.5,0.27983838,0.3373872,5.68443,75.69907,2.292217
5.51,0.280747,0.34046686,5.682759,75.68866,2.297583
5.52,0.2816583,0.34354222,5.6810813,75.67822,2.3029644
5.53,0.28257248,0.3466289,5.6793985,75.66774,2.3083644
5.54,0.28348854,0.34970617,5.6777124,75.657265,2.3137794
5.55,0.28440863,0.35278356,5.676019,75.64672,2.319211
5.56,0.285331,0.3558632,5.6743217,75.636154,2.3246615
5.57,0.2862563,0.35893762,5.6726203,75.62556,2.3301265
5.58,0.28718388,0.36201298,5.670913,75.61493,2.3356092
5.59,0.28811494,0.3650911,5.6691985,75.604256,2.3411095
5.6,0.28904843,0.36816168,5.6674805,75.59356,2.346626
5.61,0.28998494,0.37123227,5.6657567,75.582855,2.3521607
5.62,0.2909243,0.37429833,5.6640277,75.57209,2.357711
5.63,0.29186594,0.37736452,5.6622963,75.5613,2.3632789
5.64,0.29281145,0.38042665,5.6605554,75.55047,2.3688643
5.65,0.29375905,0.3834902,5.6588135,75.53962,2.3744662
5.66,0.2947094,0.38654768,5.6570616,75.52874,2.3800855
5.67,0.2956632,0.38960266,5.655307,75.517815,2.385724
5.68,0.29661933,0.39266002,5.653546,75.50686,2.3913784
5.69,0.2975784,0.39570928,5.6517806,75.49588,2.3970494
5.7,0.2985401,0.39875805,5.65001,75.48486,2.4027383
5.71,0.29950505,0.4018029,5.648233,75.47378,2.4084466
5.72,0.30047303,0.40484214,5.6464515,75.46271,2.4141698
5.73,0.30144382,0.4078771,5.6446643,75.451584,2.419912
5.74,0.3024172,0.41091287,5.6428714,75.44043,2.4256718
5.75,0.30339384,0.4139421,5.641074,75.42924,2.4314501
5.76,0.30437317,0.4169718,5.6392694,75.41802,2.4372451
5.77,0.30535525,0.4199841,5.6374593,75.40677,2.443057
5.78,0.30634052,0.4230082,5.6356444,75.39548,2.4488893
5.79,0.30732876,0.42601943,5.633826,75.384155,2.4547372
5.8,0.3083198,0.4290334,5.632001,75.37281,2.4606035
5.81,0.30931368,0.43203676,5.6301694,75.361404,2.4664898
5.82,0.3103108,0.4350356,5.628331,75.34998,2.4723928
5.83,0.31131035,0.43803155,5.6264896,75.33851,2.4783115
5.84,0.31231335,0.44102454,5.6246414,75.32702,2.4842522
5.85,0.31331933,0.4440124,5.6227884,75.315475,2.4902081
5.86,0.31432822,0.4469962,5.6209292,75.303925,2.4961836
5.87,0.31534013,0.44997597,5.6190653,75.292305,2.5021765
5.88,0.31635496,0.45295453,5.617194,75.28067,2.5081887
5.89,0.31737265,0.4559158,5.6153183,75.26901,2.5142188
5.9,0.3183938,0.45888114,5.613436,75.25729,2.5202675
5.91,0.3194183,0.46184367,5.61155,75.245544,2.5263362
5.92,0.32044527,0.4647928,5.609657,75.23376,2.532421
5.93,0.3214751,0.46774924,5.6077576,75.22195,2.5385253
5.94,0.32250863,0.47068846,5.605854,75.210106,2.5446494
5.95,0.3235449,0.47362518,5.603945,75.19822,2.5507905
5.96,0.3245849,0.47656262,5.602029,75.18628,2.5569506
5.97,0.32562703,0.47949255,5.600107,75.17433,2.56313
5.98,0.32667264,0.48241842,5.5981774,75.162346,2.5693295
5.99,0.3277215,0.48533624,5.5962453,75.15031,2.5755455
6.0,0.3287742,0.48825657,5.594306,75.13822,2.5817819
6.01,0.32982928,0.49116182,5.592361,75.12613,2.588035
6.02,0.33088806,0.4940698,5.5904117,75.11398,2.5943105
6.03,0.33194932,0.4969735,5.5884542,75.10181,2.6006026
6.04,0.33301398,0.4998706,5.5864916,75.08959,2.6069155
6.05,0.33408266,0.5027649,5.5845237,75.07735,2.6132462
6.06,0.3351539,0.5056528,5.582549,75.06505,2.619596
6.07,0.33622858,0.50853765,5.5805693,75.05273,2.625967
6.08,0.33730656,0.51141226,5.578585,75.04036,2.6323552
6.09,0.3383877,0.514289,5.5765924,75.02795,2.6387632
6.1,0.33947265,0.5171535,5.5745945,75.01551,2.6451914
6.11,0.34056103,0.5200205,5.5725923,75.00303,2.6516383
6.12,0.34165174,0.52288145,5.570582,74.99052,2.658105
6.13,0.3427468,0.52574193,5.5685678,74.977974,2.664591
6.14,0.3438446,0.5285935,5.566545,74.96537,2.6710968
6.15,0.34494665,0.531442,5.5645185,74.95274,2.677622
6.16,0.3460516,0.5342912,5.5624857,74.94009,2.6841683
6.17,0.34716016,0.53713596,5.560447,74.927376,2.6907337
6.18,0.34827203,0.53996855,5.558402,74.91465,2.6973186
6.19,0.34938753,0.5428079,5.5563507,74.90186,2.7039218
6.2,0.35050637,0.545643,5.5542936,74.88905,2.7105482
6.21,0.3516288,0.5484713,5.552231,74.87618,2.7171917
6.22,0.3527551,0.5512971,5.5501614,74.86329,2.723856
6.23,0.35388482,0.55411965,5.548086,74.85034,2.730541
6.24,0.35501772,0.5569414,5.5460052,74.83738,2.7372453
6.25,0.3561543,0.559756,5.5439177,74.82436,2.7439704
6.26,0.35729477,0.5625765,5.5418243,74.81131,2.7507167
6.27,0.35843888,0.56538934,5.539726,74.79821,2.7574818
6.28,0.35958704,0.568208,5.5376205,74.785095,2.7642665
6.29,0.3607384,0.5710214,5.535509,74.77192,2.7710736
6.3,0.3618938,0.57383084,5.5333905,74.75871,2.7779005
6.31,0.3630527,0.576638,5.5312696,74.745476,2.7847462
6.32,0.3642155,0.5794445,5.5291376,74.73219,2.7916145
6.33,0.3653822,0.5822515,5.527002,74.71887,2.7985039
6.34,0.36655244,0.5850521,5.524861,74.70549,2.805411
6.35,0.36772627,0.5878602,5.5227127,74.69209,2.8123405
6.36,0.36890414,0.59066904,5.5205574,74.67866,2.8192909
6.37,0.37008694,0.5934735,5.518398,74.66516,2.826262
6.38,0.37127206,0.5962767,5.5162315,74.651634,2.8332536
6.39,0.372462,0.5990817,5.5140595,74.63806,2.8402674
6.4,0.37365547,0.6018897,5.51188,74.62445,2.8473012
6.41,0.37485334,0.60469794,5.509696,74.61082,2.8543558
6.42,0.3760551,0.6075066,5.507506,74.59714,2.8614314
6.43,0.37726113,0.6103201,5.5053077,74.5834,2.8685296
6.44,0.37847063,0.6131247,5.503104,74.56962,2.8756483
6.45,0.37968442,0.6159396,5.500895,74.55582,2.8827863
6.46,0.3809023,0.61875594,5.4986787,74.54197,2.8899477
6.47,0.38212448,0.6215759,5.4964557,74.528076,2.8971307
6.48,0.3833509,0.62439364,5.4942284,74.514145,2.9043348
6.49,0.38458103,0.62721753,5.4919925,74.500175,2.9115574
6.5,0.3858154,0.63004726,5.4897523,74.48615,2.9188058
6.51,0.38705423,0.63287467,5.4875064,74.47211,2.9260726
6.52,0.3882974,0.63571334,5.4852543,74.458015,2.933363
6.53,0.38954458,0.63854396,5.482994,74.44388,2.9406753
6.54,0.3907959,0.64139,5.480728,74.429695,2.9480093
6.55,0.3920514,0.6442382,5.4784565,74.41548,2.9553628
6.56,0.39331204,0.6470952,5.4761796,74.40122,2.9627395
6.57,0.3945764,0.6499454,5.473894,74.38691,2.9701402
6.58,0.39584562,0.65281135,5.4716034,74.37257,2.9775617
6.59,0.3971185,0.65568197,5.4693055,74.358185,2.9850028
6.6,0.39839596,0.6585534,5.467003,74.34373,2.992469
6.61,0.3996785,0.6614385,5.4646935,74.32927,2.9999573
6.62,0.4009651,0.6643239,5.4623756,74.31476,3.0074666
6.63,0.40225595,0.6672205,5.460054,74.3002,3.0149975
6.64,0.4035512,0.6701224,5.457726,74.28559,3.0225515
6.65,0.40485206,0.67302436,5.4553914,74.27095,3.0301282
6.66,0.40615678,0.6759485,5.4530487,74.25626,3.0377264
6.67,0.40746602,0.6788713,5.4507017,74.24154,3.0453486
6.68,0.40877974,0.6818021,5.4483476,74.22678,3.052993
6.69,0.41009855,0.684746,5.4459877,74.211945,3.0606608
6.7,0.4114218,0.6876943,5.443621,74.19708,3.06835
6.71,0.4127494,0.6906572,5.4412475,74.182175,3.0760624
6.72,0.41408244,0.6936252,5.4388676,74.16722,3.0838
6.73,0.41541958,0.69659495,5.4364834,74.15223,3.0915568
6.74,0.4167616,0.6995952,5.4340887,74.13721,3.0993392
6.75,0.41810852,0.70258975,5.431691,74.12213,3.1071432
6.76,0.41945967,0.7056002,5.4292855,74.107,3.114971
6.77,0.4208166,0.70862615,5.426873,74.091835,3.1228218
6.78,0.42217767,0.71165586,5.4244566,74.07659,3.1306965
6.79,0.42354372,0.7146996,5.422032,74.061356,3.1385922
6.8,0.42491493,0.71776056,5.4196014,74.04607,3.146514
6.81,0.42629042,0.72082615,5.417163,74.030716,3.1544585
6.82,0.42767152,0.7239043,5.414717,74.015335,3.1624262
6.83,0.429057,0.7270005,5.412267,73.99989,3.1704202
6.84,0.4304475,0.7301072,5.4098096,73.98442,3.178434
6.85,0.43184304,0.7332263,5.407346,73.96888,3.186472
6.86,0.43324372,0.73635685,5.404876,73.95331,3.1945362
6.87,0.4346493,0.7395051,5.402398,73.9377,3.2026215
6.88,0.43605953,0.74266946,5.3999157,73.92205,3.2107327
6.89,0.4374748,0.7458363,5.397424,73.906334,3.2188673
6.9,0.4388959,0.74903744,5.3949285,73.89059,3.2270272
6.91,0.4403216,0.7522337,5.392424,73.87478,3.2352102
6.92,0.44175246,0.7554574,5.389915,73.85893,3.2434187
6.93,0.443188,0.7586878,5.387398,73.843025,3.2516487
6.94,0.44462925,0.76194304,5.384874,73.827095,3.2599044
6.95,0.44607508,0.7652062,5.3823433,73.8111,3.2681863
6.96,0.44752628,0.76849085,5.379807,73.79508,3.2764902
6.97,0.4489827,0.7717877,5.377266,73.779,3.2848217
6.98,0.45044395,0.77510446,5.3747134,73.76285,3.2931755
6.99,0.45191076,0.77843624,5.3721557,73.746666,3.3015554
7.0,0.45338288,0.7817882,5.369593,73.73047,3.309959
7.01,0.45485988,0.785154,5.3670206,73.71418,3.3183887
7.02,0.45634228,0.78853846,5.3644447,73.69786,3.326843
7.03,0.45782968,0.79193586,5.3618608,73.68151,3.3353221
7.04,0.45932233,0.79535615,5.359269,73.66508,3.3438249
7.05,0.46082097,0.7987979,5.3566704,73.648605,3.352356
7.06,0.46232402,0.802252,5.354066,73.63209,3.360911
7.07,0.4638328,0.805726,5.3514543,73.61554,3.3694909
7.08,0.46534684,0.80922025,5.348836,73.598915,3.3780973
7.09,0.46686593,0.8127314,5.346211,73.58228,3.3867288
7.1,0.46839046,0.81626755,5.3435774,73.565544,3.3953872
7.11,0.4699206,0.8198153,5.3409386,73.54879,3.4040694
7.12,0.47145578,0.8233847,5.338292,73.532,3.4127777
7.13,0.47299662,0.8269714,5.335639,73.51512,3.4215136
7.14,0.4745419,0.8305851,5.332978,73.498215,3.430273
7.15,0.47609302,0.8342116,5.330311,73.481255,3.4390602
7.16,0.47765005,0.83785605,5.3276367,73.46423,3.4478722
7.17,0.47921196,0.841533,5.3249536,73.447174,3.4567108
7.18,0.48077914,0.8452221,5.322267,73.43005,3.4655766
7.19,0.48235166,0.8489242,5.3195686,73.412895,3.474468
7.2,0.4839302,0.852656,5.316865,73.39566,3.4833868
7.21,0.4855137,0.8564141,5.314156,73.378395,3.4923308
7.22,0.48710227,0.8601871,5.3114386,73.36108,3.5013025
7.23,0.48869625,0.8639804,5.308714,73.34371,3.5103014
7.24,0.49029645,0.8677977,5.305982,73.326294,3.5193245
7.25,0.49190152,0.8716322,5.303242,73.30881,3.5283747
7.26,0.49351156,0.87549114,5.3004966,73.29128,3.5374565
7.27,0.49512777,0.8793725,5.297742,73.27371,3.5465605
7.28,0.4967492,0.88327247,5.294981,73.25607,3.5556936
7.29,0.49837574,0.88720036,5.292214,73.23838,3.5648532
7.3,0.50000817,0.891141,5.289438,73.220634,3.5740411
7.31,0.50164586,0.89510983,5.2866535,73.20284,3.5832553
7.32,0.50328904,0.8990957,5.283863,73.18503,3.5924973
7.33,0.5049377,0.9031115,5.281065,73.16711,3.6017668
7.34,0.5065914,0.9071431,5.2782607,73.149155,3.611063
7.35,0.50825095,0.91120607,5.275449,73.13114,3.6203885
7.36,0.50991577,0.9152787,5.2726264,73.11307,3.6297414
7.37,0.5115866,0.91937935,5.269799,73.09495,3.6391213
7.38,0.51326156,0.9235046,5.2669644,73.076775,3.6485288
7.39,0.5149432,0.9276546,5.264121,73.05854,3.6579666
7.4,0.5166297,0.9318231,5.26127,73.04026,3.6674316
7.41,0.51832175,0.9360188,5.2584124,73.0219,3.6769235
7.42,0.52001965,0.9402313,5.2555466,73.00352,3.686443
7.43,0.5217222,0.9444667,5.2526727,72.98507,3.6959946
7.44,0.5234315,0.94872785,5.249792,72.96656,3.7055726
7.45,0.525145,0.95301443,5.2469025,72.94799,3.7151794
7.46,0.5268645,0.9573195,5.2440066,72.92937,3.7248127
7.47,0.5285896,0.9616495,5.2411017,72.91071,3.7344773
7.48,0.53032005,0.96600604,5.2381883,72.89198,3.744169
7.49,0.53205585,0.97038263,5.235269,72.873184,3.753889
7.5,0.5337966,0.9747814,5.232341,72.85435,3.7636404
7.51,0.53554326,0.97920537,5.2294064,72.83542,3.7734187
7.52,0.53729564,0.9836514,5.226462,72.81644,3.7832277
7.53,0.5390534,0.9881208,5.22351,72.79744,3.7930655
7.54,0.54081637,0.99261427,5.220551,72.77835,3.802933
7.55,0.5425854,0.9971366,5.217583,72.759224,3.8128297
7.56,0.54435897,1.0016767,5.214609,72.740005,3.822753
7.57,0.5461386,1.006244,5.211624,72.72076,3.83271
7.58,0.54792356,1.0108273,5.208633,72.70143,3.8426938
7.59,0.54971427,1.0154406,5.2056317,72.68206,3.8527079
7.6,0.5515105,1.0200744,5.2026253,72.66263,3.8627515
7.61,0.5533112,1.0247302,5.19961,72.64316,3.8728268
7.62,0.5551181,1.029414,5.1965866,72.62359,3.8829308
7.63,0.55693036,1.034115,5.1935544,72.60398,3.8930638
7.64,0.558748,1.0388484,5.190514,72.58431,3.9032269
7.65,0.5605714,1.0435967,5.187465,72.564575,3.9134228
7.66,0.5624004,1.0483739,5.184409,72.544785,3.923646
7.67,0.56423473,1.0531712,5.181347,72.52494,3.933902
7.68,0.5660738,1.0579944,5.1782737,72.50503,3.9441862
7.69,0.5679194,1.0628448,5.1751914,72.48505,3.9545019
7.7,0.5697703,1.0677224,5.1721015,72.46501,3.9648504
7.71,0.5716264,1.0726138,5.1690044,72.44491,3.975227
7.72,0.573488,1.0775278,5.1658993,72.42475,3.9856339
7.73,0.5753549,1.0824703,5.1627846,72.40453,3.9960713
7.74,0.5772281,1.0874352,5.159661,72.38423,4.0065393
7.75,0.5791059,1.0924242,5.156531,72.3639,4.0170407
7.76,0.58098996,1.0974386,5.15339,72.3435,4.027572
7.77,0.5828791,1.1024777,5.150243,72.32302,4.038134
7.78,0.5847734,1.1075381,5.147087,72.30249,4.0487266
7.79,0.5866741,1.1126202,5.143922,72.28191,4.0593524
7.8,0.5885795,1.1177337,5.140748,72.26125,4.0700073
7.81,0.59049106,1.122865,5.1375666,72.24055,4.080694
7.82,0.59240824,1.1280158,5.134377,72.21976,4.0914145
7.83,0.5943302,1.1331949,5.131178,72.19891,4.102166
7.84,0.5962582,1.1383991,5.1279693,72.17801,4.1129475
7.85,0.5981916,1.1436268,5.1247525,72.157036,4.1237607
7.86,0.6001313,1.148876,5.121529,72.13601,4.1346064
7.87,0.602076,1.1541497,5.1182957,72.11491,4.145484
7.88,0.6040266,1.1594468,5.115054,72.09375,4.1563945
7.89,0.6059819,1.1647733,5.111802,72.07253,4.1673346
7.9,0.60794353,1.1701181,5.1085424,72.051254,4.1783094
7.91,0.6099111,1.1754944,5.105276,72.02989,4.1893153
7.92,0.61188394,1.1808791,5.1019998,72.00849,4.2003536
7.93,0.6138625,1.1862967,5.0987153,71.98702,4.211424
7.94,0.6158461,1.1917424,5.0954194,71.965454,4.2225246
7.95,0.61783606,1.1972084,5.0921173,71.94383,4.23366
7.96,0.61983186,1.2026939,5.0888047,71.92215,4.244828
7.97,0.62183315,1.2082076,5.0854845,71.90044,4.2560287
7.98,0.6238402,1.2137483,5.0821557,71.87864,4.2672606
7.99,0.62585294,1.2193046,5.078818,71.85676,4.278527
8.0,0.6278714,1.2248964,5.075471,71.834816,4.289824
8.01,0.62989527,1.2305028,5.072115,71.81282,4.3011546
8.02,0.6319252,1.2361375,5.068751,71.79078,4.312518
8.03,0.63396126,1.2418003,5.065378,71.76863,4.323915
8.04,0.6360031,1.2474787,5.0619955,71.74643,4.335346
8.05,0.6380499,1.2531867,5.0586047,71.72417,4.3468094
8.06,0.64010364,1.2589165,5.0552053,71.70183,4.3583064
8.07,0.6421626,1.2646742,5.0517964,71.679436,4.369837
8.08,0.64422786,1.2704543,5.0483785,71.657,4.381399
8.09,0.64629877,1.2762555,5.0449533,71.63447,4.392996
8.1,0.6483755,1.2820896,5.0415173,71.61186,4.4046264
8.11,0.6504582,1.2879406,5.038073,71.58922,4.416289
8.12,0.65254724,1.293818,5.0346203,71.566505,4.4279866
8.13,0.65464175,1.2997231,5.031156,71.5437,4.4397187
8.14,0.6567428,1.3056483,5.027686,71.52086,4.451484
8.15,0.65884936,1.3116052,5.0242057,71.49795,4.4632797
8.16,0.6609623,1.3175718,5.020716,71.47496,4.4751143
8.17,0.6630814,1.3235811,5.017218,71.4519,4.4869804
8.18,0.6652065,1.3296059,5.0137105,71.42878,4.4988804
8.19,0.66733754,1.3356606,5.010195,71.405594,4.510814
8.2,0.6694749,1.3417269,5.00667,71.382324,4.5227823
8.21,0.6716188,1.3478342,5.0031343,71.35901,4.534787
8.22,0.6737683,1.3539581,4.9995904,71.33562,4.5468235
8.23,0.675924,1.3601065,4.996039,71.312164,4.558895
8.24,0.67808634,1.3662881,4.9924774,71.28865,4.5710034
8.25,0.6802551,1.3724859,4.988906,71.26506,4.5831428
8.26,0.6824302,1.3787137,4.985327,71.24139,4.5953197
8.27,0.68461114,1.3849653,4.9817386,71.21767,4.6075287
8.28,0.6867986,1.3912418,4.9781404,71.193886,4.619773
8.29,0.6889927,1.3975441,4.9745345,71.17002,4.6320524
8.3,0.6911933,1.403873,4.970918,71.146095,4.6443663
8.31,0.6934003,1.4102271,4.967294,71.12211,4.656716
8.32,0.6956131,1.4166045,4.9636607,71.09803,4.6691003
8.33,0.6978328,1.4230028,4.9600167,71.07389,4.6815195
8.34,0.70005983,1.4294367,4.956364,71.04971,4.6939745
8.35,0.70229274,1.4358925,4.9527035,71.02543,4.706463
8.36,0.7045321,1.4423723,4.949033,71.00111,4.718986
8.37,0.7067782,1.4488798,4.945354,70.97669,4.731547
8.38,0.7090313,1.455409,4.9416633,70.95223,4.7441416
8.39,0.71129054,1.4619657,4.9379663,70.9277,4.756775
8.4,0.7135571,1.468558,4.9342594,70.903076,4.7694397
8.41,0.7158306,1.475162,4.9305425,70.87841,4.7821403
8.42,0.71810967,1.4817977,4.9268174,70.85365,4.79488
8.43,0.7203968,1.488463,4.923084,70.82885,4.807652
8.44,0.72269046,1.4951501,4.91934,70.80397,4.820462
8.45,0.72499084,1.5018654,4.9155865,70.77902,4.8333054
8.46,0.72729874,1.5086021,4.911826,70.75401,4.8461876
8.47,0.7296133,1.5153704,4.9080544,70.72893,4.859106
8.48,0.7319343,1.5221609,4.904274,70.70376,4.8720574
8.49,0.73426265,1.528985,4.9004846,70.678535,4.885046
8.5,0.736598,1.5358306,4.8966866,70.65325,4.8980722
8.51,0.7389407,1.5426997,4.8928776,70.62789,4.9111333
8.52,0.7412901,1.5495958,4.889062,70.60246,4.9242325
8.53,0.743647,1.5565244,4.885236,70.57695,4.937364
8.54,0.7460111,1.563475,4.8813996,70.5514,4.9505343
8.55,0.7483826,1.5704511,4.8775554,70.52575,4.963742
8.56,0.7507613,1.577461,4.873701,70.500015,4.976988
8.57,0.75314647,1.5844848,4.8698387,70.474266,4.9902654
8.58,0.7555396,1.5915425,4.865967,70.448425,5.0035825
8.59,0.7579403,1.5986242,4.8620853,70.422485,5.016935
8.6,0.7603482,1.6057383,4.858195,70.396515,5.0303273
8.61,0.76276356,1.612872,4.8542957,70.37046,5.043754
8.62,0.7651859,1.620033,4.850385,70.34432,5.057219
8.63,0.7676161,1.6272236,4.8464694,70.31812,5.0707235
8.64,0.77005404,1.6344348,4.842541,70.29186,5.0842633
8.65,0.77249914,1.6416781,4.8386035,70.265526,5.097838
8.66,0.7749523,1.6489472,4.834658,70.23909,5.1114492
8.67,0.7774128,1.6562402,4.830704,70.21263,5.125104
8.68,0.7798811,1.6635658,4.8267384,70.18607,5.1387925
8.69,0.7823567,1.6709142,4.8227654,70.15946,5.152516
8.7,0.78484017,1.6782867,4.818783,70.132774,5.1662793
8.71,0.7873316,1.6856943,4.81479,70.106,5.180082
8.72,0.78983104,1.6931183,4.8107886,70.07917,5.1939206
8.73,0.792338,1.700574,4.806778,70.05227,5.2077985
8.74,0.7948524,1.7080534,4.802758,70.02528,5.2217116
8.75,0.7973751,1.7155626,4.798729,69.99824,5.235666
8.76,0.7999057,1.7230916,4.7946906,69.97111,5.249656
8.77,0.8024443,1.7306546,4.7906427,69.943924,5.2636857
8.78,0.8049908,1.7382382,4.7865863,69.91666,5.277753
8.79,0.8075451,1.745853,4.7825193,69.889336,5.291858
8.8,0.81010765,1.7534906,4.7784452,69.86191,5.3060017
8.81,0.812678,1.7611573,4.774359,69.83443,5.3201833
8.82,0.8152565,1.7688444,4.7702646,69.80687,5.3344026
8.83,0.8178437,1.7765616,4.76616,69.779236,5.3486633
8.84,0.8204385,1.7843047,4.7620487,69.75154,5.362963
8.85,0.8230414,1.7920755,4.7579255,69.723755,5.377299
8.86,0.8256524,1.7998686,4.7537947,69.6959,5.3916717
8.87,0.82827216,1.8076911,4.7496552,69.66799,5.406088
8.88,0.8308999,1.815537,4.7455044,69.64,5.4205413
8.89,0.8335359,1.8234068,4.741345,69.61193,5.4350333
8.9,0.83617973,1.8313112,4.7371764,69.5838,5.449562
8.91,0.83883286,1.8392396,4.732999,69.55558,5.464136
8.92,0.8414941,1.8471816,4.72881,69.52728,5.478746
8.93,0.84416336,1.8551561,4.724614,69.498924,5.493396
8.94,0.84684163,1.863161,4.720408,69.47048,5.5080843
8.95,0.84952754,1.8711903,4.7161922,69.44196,5.5228143
8.96,0.8522223,1.8792393,4.7119675,69.41339,5.537581
8.97,0.85492593,1.887316,4.707732,69.38472,5.55239
8.98,0.8576374,1.8954188,4.703489,69.35598,5.5672355
8.99,0.86035764,1.9035404,4.699236,69.32717,5.5821233
9.0,0.86308634,1.9116962,4.694973,69.29827,5.597051
9.01,0.8658242,1.9198666,4.6907005,69.2693,5.6120195
9.02,0.86856997,1.9280744,4.686419,69.240265,5.6270256
9.03,0.8713251,1.9363002,4.6821294,69.21115,5.6420727
9.04,0.87408763,1.9445474,4.677827,69.18195,5.657163
9.05,0.87686044,1.9528265,4.6735177,69.15267,5.6722903
9.06,0.879641,1.9611281,4.669199,69.12334,5.687461
9.07,0.8824298,1.9694583,4.6648703,69.0939,5.702668
9.08,0.8852282,1.9778037,4.660532,69.06441,5.717918
9.09,0.8880351,1.9861753,4.656184,69.03481,5.733208
9.1,0.8908505,1.9945722,4.651828,69.00515,5.7485394
9.11,0.8936755,2.0030072,4.6474614,68.975426,5.763913
9.12,0.89650834,2.0114467,4.643085,68.945595,5.779326
9.13,0.89935136,2.0199215,4.638699,68.9157,5.7947807
9.14,0.9022021,2.028416,4.6343036,68.88573,5.8102775
9.15,0.905062,2.0369384,4.6298995,68.855675,5.8258147
9.16,0.90793055,2.0454807,4.6254835,68.825554,5.841393
9.17,0.91080827,2.0540476,4.6210604,68.79534,5.8570113
9.18,0.91369504,2.0626338,4.6166253,68.76504,5.8726735
9.19,0.91659045,2.071247,4.6121826,68.73468,5.8883767
9.2,0.9194949,2.079885,4.6077313,68.70422,5.9041195
9.21,0.9224086,2.0885482,4.6032686,68.67369,5.9199047
9.22,0.9253312,2.0972338,4.5987973,68.64308,5.9357343
9.23,0.92826253,2.1059413,4.594316,68.61238,5.9516034
9.24,0.9312036,2.11467,4.589825,68.581604,5.967517
9.25,0.9341532,2.1234264,4.5853224,68.55076,5.983472
9.26,0.9371117,2.132205,4.5808115,68.51981,5.9994683
9.27,0.9400798,2.1410038,4.576294,68.48881,6.0155067
9.28,0.94305676,2.1498349,4.5717635,68.45768,6.0315876
9.29,0.9460431,2.158678,4.567224,68.4265,6.0477147
9.3,0.9490383,2.1675494,4.5626745,68.39525,6.063879
9.31,0.9520429,2.176448,4.5581155,68.3639,6.080088
9.32,0.955056,2.1853576,4.55355,68.33249,6.0963364
9.33,0.95807874,2.1942942,4.5489697,68.30096,6.1126328
9.34,0.9611113,2.2032666,4.544382,68.26936,6.128971
9.35,0.9641522,2.2122498,4.5397835,68.23768,6.1453543
9.36,0.9672029,2.221253,4.535178,68.20591,6.1617756
9.37,0.970262,2.230282,4.5305614,68.17407,6.178244
9.38,0.97333115,2.2393417,4.5259337,68.14212,6.1947536
9.39,0.9764092,2.2484174,4.5212975,68.110115,6.2113094
9.4,0.97949696,2.257518,4.516651,68.07801,6.227905
9.41,0.9825933,2.2666373,4.5119953,68.04582,6.2445483
9.42,0.9856994,2.275785,4.507329,68.013535,6.2612324
9.43,0.9888154,2.2849464,4.502652,67.98118,6.2779617
9.44,0.9919399,2.294145,4.497969,67.948746,6.2947307
9.45,0.9950738,2.30336,4.493274,67.91619,6.3115506
9.46,0.99821746,2.312594,4.4885693,67.88358,6.3284116
9.47,1.0013708,2.3218527,4.4838533,67.85088,6.345319
9.48,1.0045332,2.3311348,4.47913,67.81809,6.362263
9.49,1.007705,2.3404396,4.4743934,67.78521,6.3792577
9.5,1.0108867,2.3497713,4.469652,67.75224,6.396297
9.51,1.0140775,2.3591218,4.4648976,67.71918,6.4133806
9.52,1.0172777,2.368501,4.4601336,67.68605,6.430508
9.53,1.0204872,2.3778954,4.45536,67.652824,6.4476795
9.54,1.0237061,2.3873165,4.450577,67.6195,6.4648967
9.55,1.0269349,2.396762,4.4457836,67.5861,6.482161
9.56,1.0301732,2.406234,4.4409795,67.55259,6.499469
9.57,1.0334203,2.4157116,4.4361672,67.51901,6.5168157
9.58,1.0366784,2.4252362,4.4313426,67.485344,6.534218
9.59,1.0399451,2.4347706,4.42651,67.45158,6.551661
9.6,1.043222,2.4443326,4.421667,67.41773,6.56915
9.61,1.0465083,2.4539127,4.4168143,67.38378,6.5866804
9.62,1.049804,2.4635363,4.4119525,67.34975,6.6042614
9.63,1.0531093,2.4731672,4.40708,67.315636,6.621888
9.64,1.0564244,2.4828246,4.402198,67.28142,6.6395555
9.65,1.059749,2.4925108,4.397305,67.24711,6.6572723
9.66,1.0630832,2.5022173,4.392403,67.212715,6.6750364
9.67,1.0664277,2.5119472,4.387491,67.17823,6.692847
9.68,1.0697811,2.5217104,4.382569,67.14365,6.710699
9.69,1.0731444,2.5314906,4.377637,67.10899,6.728601
9.7,1.0765182,2.5412939,4.3726945,67.07421,6.74655
9.71,1.0799011,2.5511231,4.3677425,67.03936,6.764545
9.72,1.0832946,2.5609825,4.3627815,67.00441,6.7825885
9.73,1.0866969,2.5708613,4.3578086,66.96938,6.8006725
9.74,1.0901091,2.5807757,4.352827,66.93425,6.8188047
9.75,1.0935323,2.5907073,4.3478346,66.89901,6.836987
9.76,1.0969648,2.600669,4.342833,66.8637,6.8552155
9.77,1.100407,2.6106496,4.3378205,66.82829,6.873492
9.78,1.1038584,2.6206627,4.332799,66.79279,6.8918114
9.79,1.1073208,2.6307092,4.327769,66.75719,6.910181
9.8,1.1107926,2.6407619,4.3227262,66.72151,6.9285965
9.81,1.1142744,2.6508577,4.3176756,66.68572,6.947059
9.82,1.1177655,2.6609764,4.312614,66.64984,6.965572
9.83,1.1212682,2.671125,4.3075433,66.61388,6.9841337
9.84,1.1247799,2.681301,4.302461,66.57779,7.002735
9.85,1.1283019,2.6915035,4.29737,66.54164,7.0213895
9.86,1.1318337,2.7017345,4.2922688,66.50538,7.0400915
9.87,1.1353756,2.7119927,4.287159,66.46903,7.0588417
9.88,1.1389275,2.7222798,4.2820363,66.43259,7.077639
9.89,1.1424894,2.7325983,4.2769065,66.39604,7.0964866
9.9,1.1460613,2.742941,4.2717667,66.35942,7.115378
9.91,1.1496439,2.7533107,4.2666144,66.322685,7.1343193
9.92,1.1532366,2.7637177,4.261454,66.28586,7.1533093
9.93,1.1568395,2.7741477,4.2562823,66.24895,7.1723495
9.94,1.1604521,2.784608,4.2511024,66.211914,7.1914344
9.95,1.1640759,2.795104,4.2459106,66.17481,7.2105703
9.96,1.1677092,2.805626,4.2407107,66.137596,7.229753
9.97,1.171353,2.8161812,4.2355003,66.10029,7.2489867
9.98,1.1750073,2.8267639,4.230281,66.06288,7.2682652
9.99,1.1786711,2.837369,4.2250504,66.02541,7.2875977
10.0,1.1823461,2.8480206,4.2198105,65.9878,7.3069754
10.01,1.1860311,2.8586974,4.2145596,65.95009,7.326406
10.02,1.1897272,2.8694127,4.209299,65.9123,7.345882
10.03,1.1934322,2.8801553,4.204031,65.87441,7.365408
10.04,1.1971486,2.8909292,4.19875,65.83644,7.384984
10.05,1.2008752,2.9017348,4.1934624,65.798355,7.404609
10.06,1.2046118,2.912572,4.188162,65.760185,7.4242816
10.07,1.2083603,2.923448,4.182853,65.72191,7.444002
10.08,1.212118,2.9343655,4.1775346,65.68353,7.463775
10.09,1.2158864,2.9452927,4.172206,65.645065,7.4835997
10.1,1.219666,2.9562693,4.166869,65.606476,7.503468
10.11,1.2234553,2.967278,4.1615186,65.56781,7.52339
10.12,1.2272558,2.9783223,4.1561604,65.52903,7.5433636
10.13,1.2310667,2.9893954,4.1507936,65.49018,7.5633817
10.14,1.234889,3.0005105,4.1454144,65.45121,7.5834527
10.15,1.2387209,3.011655,4.140027,65.41215,7.6035714
10.16,1.2425638,3.0228357,4.1346307,65.37299,7.6237464
10.17,1.246418,3.0340648,4.1292233,65.33373,7.643968
10.18,1.2502826,3.0453205,4.1238055,65.294365,7.6642365
10.19,1.2541573,3.0566034,4.1183796,65.254906,7.684559
10.2,1.2580435,3.06793,4.112943,65.215355,7.704927
10.21,1.2619404,3.0792966,4.107497,65.1757,7.7253475
10.22,1.265848,3.090693,4.1020403,65.13595,7.7458215
10.23,1.2697662,3.1021285,4.0965753,65.0961,7.7663393
10.24,1.2736952,3.1136081,4.0911007,65.05614,7.786915
10.25,1.277636,3.125123,4.0856156,65.01609,7.8075385
10.26,1.2815877,3.136676,4.0801206,64.97593,7.8282123
10.27,1.2855502,3.1482654,4.0746183,64.935684,7.84894
10.28,1.2895231,3.159894,4.0691037,64.89535,7.8697143
10.29,1.2935067,3.1715598,4.0635796,64.85487,7.89054
10.3,1.2975022,3.1832652,4.0580463,64.81433,7.911418
10.31,1.3015081,3.1950111,4.052504,64.77367,7.9323406
10.32,1.3055259,3.20679,4.046952,64.73294,7.9533215
10.33,1.3095547,3.2186148,4.041391,64.69208,7.97435
10.34,1.3135942,3.230482,4.035819,64.65114,7.9954286
10.35,1.3176448,3.2423844,4.0302396,64.610085,8.016559
10.36,1.3217058,3.2543225,4.024649,64.56893,8.037741
10.37,1.3257793,3.2663062,4.019049,64.52767,8.058971
10.38,1.3298634,3.2783308,4.0134406,64.48633,8.080259
10.39,1.3339587,3.2903981,4.007821,64.44486,8.101597
10.4,1.3380654,3.3025045,4.0021944,64.403305,8.122981
10.41,1.3421834,3.3146558,3.9965565,64.36166,8.144419
10.42,1.3463124,3.3268466,3.9909103,64.31989,8.165909
10.43,1.3504535,3.3390703,3.9852545,64.27803,8.187451
10.44,1.3546054,3.3513427,3.9795885,64.23607,8.209044
10.45,1.3587682,3.3636494,3.9739141,64.194016,8.230685
10.46,1.3629433,3.3760047,3.9682288,64.151855,8.252378
10.47,1.3671294,3.3884053,3.9625356,64.109604,8.274126
10.48,1.3713274,3.400848,3.9568326,64.06722,8.295924
10.49,1.3755358,3.4133282,3.9511216,64.02477,8.317775
10.5,1.3797567,3.425856,3.9453995,63.9822,8.339675
10.51,1.383989,3.4384205,3.939667,63.939545,8.361629
10.52,1.3882327,3.4510303,3.9339273,63.896767,8.383635
10.53,1.3924875,3.4636807,3.9281802,63.853924,8.405689
10.54,1.3967544,3.4763765,3.9224203,63.810944,8.427796
10.55,1.4010324,3.4891214,3.916653,63.76787,8.449959
10.56,1.4053226,3.5019078,3.9108756,63.72471,8.472172
10.57,1.4096235,3.5147386,3.9050913,63.68144,8.494435
10.58,1.4139371,3.527604,3.8992956,63.638054,8.51675
10.59,1.4182627,3.5405245,3.893492,63.594585,8.539118
10.6,1.4225997,3.553481,3.8876786,63.551003,8.561539
10.61,1.4269472,3.5664854,3.881857,63.507324,8.584005
10.62,1.4313076,3.5795302,3.8760252,63.46353,8.606531
10.63,1.4356803,3.5926247,3.870184,63.419655,8.629109
10.64,1.4400635,3.6057558,3.864335,63.37566,8.651738
10.65,1.4444591,3.6189346,3.8584774,63.331573,8.674412
10.66,1.4488666,3.6321635,3.8526113,63.28738,8.697146
10.67,1.4532862,3.6454377,3.8467348,63.24308,8.719932
10.68,1.4577172,3.6587439,3.8408494,63.198673,8.742771
10.69,1.4621599,3.6721015,3.834956,63.15417,8.765656
10.7,1.4666157,3.6855087,3.8290534,63.109577,8.788598
10.71,1.4710823,3.6989565,3.8231418,63.064846,8.811591
10.72,1.4755619,3.7124496,3.8172214,63.020035,8.834638
10.73,1.4800525,3.7259908,3.8112936,62.975136,8.857736
10.74,1.4845556,3.7395782,3.8053548,62.930134,8.880885
10.75,1.4890709,3.7532096,3.7994082,62.885002,8.904087
10.76,1.4935977,3.766883,3.7934537,62.839787,8.927343
10.77,1.4981377,3.7806077,3.7874882,62.794456,8.950652
10.78,1.5026884,3.7943711,3.7815173,62.749035,8.974006
10.79,1.5072516,3.8081746,3.7755349,62.7035,8.997423
10.8,1.5118277,3.8220243,3.7695432,62.657856,9.020887
10.81,1.5164161,3.8359342,3.763546,62.612133,9.044407
10.82,1.5210156,3.8498793,3.7575376,62.566303,9.067974
10.83,1.5256279,3.863875,3.7515233,62.520363,9.091598
10.84,1.530253,3.877915,3.7454996,62.474308,9.115274
10.85,1.5348897,3.8920007,3.739466,62.42815,9.139001
10.86,1.5395386,3.906124,3.7334251,62.381897,9.16278
10.87,1.5442003,3.920311,3.7273736,62.33552,9.186616
10.88,1.5488743,3.9345307,3.7213163,62.289066,9.210501
10.89,1.55356,3.948802,3.71525,62.242493,9.234441
10.9,1.5582583,3.9631133,3.7091753,62.195827,9.258427
10.91,1.5629696,3.9774752,3.7030911,62.149055,9.282472
10.92,1.567693,3.9918842,3.6969995,62.102165,9.306571
10.93,1.5724287,4.006334,3.6908998,62.055183,9.330724
10.94,1.5771767,4.0208335,3.6847925,62.008102,9.354922
10.95,1.5819368,4.035373,3.678675,61.960888,9.379178
10.96,1.5867108,4.0499754,3.6725507,61.913593,9.403494
10.97,1.5914965,4.064609,3.6664176,61.866177,9.427854
10.98,1.596294,4.0792894,3.660277,61.818665,9.452264
10.99,1.6011055,4.0940194,3.6541252,61.771053,9.476736
11.0,1.605929,4.1088,3.6479702,61.72334,9.501258
11.01,1.6107653,4.1236153,3.6418035,61.675503,9.525832
11.02,1.6156138,4.1384864,3.63563,61.62757,9.55046
11.03,1.6204755,4.1533995,3.629449,61.57955,9.575137
11.04,1.6253487,4.168357,3.6232595,61.531403,9.599868
11.05,1.6302359,4.1833653,3.6170604,61.48316,9.624656
11.06,1.6351357,4.1984253,3.6108553,61.434803,9.649499
11.07,1.6400473,4.2135262,3.6046426,61.38635,9.674386
11.08,1.6449724,4.228672,3.5984206,61.337788,9.699335
11.09,1.6499108,4.2438602,3.592191,61.289124,9.724337
11.1,1.6548612,4.2591085,3.5859537,61.240353,9.749388
11.11,1.6598241,4.274394,3.5797093,61.191463,9.774491
11.12,1.6648005,4.28972,3.5734563,61.142487,9.799651
11.13,1.6697901,4.3051033,3.5671947,61.093403,9.824863
11.14,1.674792,4.3205285,3.5609262,61.044197,9.850129
11.15,1.6798071,4.3360085,3.5546513,60.994873,9.875443
11.16,1.6848341,4.351523,3.548369,60.94548,9.900819
11.17,1.6898761,4.367091,3.5420773,60.895943,9.926246
11.18,1.6949289,4.3827047,3.5357788,60.846313,9.951725
11.19,1.6999959,4.3983645,3.5294719,60.796597,9.977259
11.2,1.7050755,4.414074,3.5231566,60.746754,10.002843
11.21,1.710169,4.429825,3.5168357,60.696827,10.028488
11.22,1.715275,4.445632,3.510507,60.646763,10.054176
11.23,1.7203939,4.461478,3.5041707,60.596615,10.079923
11.24,1.7255263,4.4773765,3.4978273,60.546345,10.105724
11.25,1.7306718,4.493317,3.491476,60.49595,10.131579
11.26,1.7358298,4.5093126,3.4851155,60.445465,10.157485
11.27,1.7410021,4.52535,3.4787514,60.394882,10.18345
11.28,1.7461869,4.5414333,3.472378,60.344185,10.209465
11.29,1.7513851,4.5575757,3.4659963,60.293392,10.23553
11.3,1.7565966,4.573752,3.4596095,60.242477,10.261653
11.31,1.7618212,4.589985,3.453215,60.191452,10.28783
11.32,1.7670584,4.606251,3.4468133,60.140358,10.314054
11.33,1.7723101,4.622582,3.4404042,60.089096,10.340338
11.34,1.7775754,4.6389546,3.433988,60.037758,10.366678
11.35,1.7828526,4.655371,3.4275658,59.986305,10.393068
11.36,1.7881444,4.6718445,3.4211357,59.934765,10.419511
11.37,1.7934494,4.6883597,3.4146984,59.883095,10.446008
11.38,1.7987676,4.704925,3.4082534,59.83132,10.47256
11.39,1.8040988,4.721542,3.4018037,59.779438,10.499167
11.4,1.8094438,4.7381997,3.3953454,59.72745,10.5258255
11.41,1.8148028,4.7549143,3.3888812,59.675346,10.552542
11.42,1.820175,4.7716804,3.38241,59.62315,10.579302
11.43,1.8255609,4.7884846,3.375931,59.570835,10.606127
11.44,1.8309597,4.805342,3.3694463,59.518417,10.632999
11.45,1.8363727,4.822253,3.3629556,59.46588,10.659927
11.46,1.8417996,4.8392086,3.3564565,59.413242,10.686915
11.47,1.8472396,4.856211,3.349951,59.360493,10.713948
11.48,1.8526925,4.873267,3.343441,59.30765,10.741039
11.49,1.8581601,4.890372,3.3369226,59.254684,10.768182
11.5,1.8636416,4.9075294,3.3303986,59.201584,10.795381
11.51,1.869137,4.924727,3.3238673,59.148407,10.822635
11.52,1.8746454,4.941982,3.3173316,59.095116,10.84994
11.53,1.8801675,4.9592867,3.310787,59.041733,10.877297
11.54,1.885704,4.976645,3.304236,58.988216,10.904709
11.55,1.8912541,4.9940443,3.2976816,58.934593,10.932178
11.56,1.8968172,5.0115075,3.2911198,58.88087,10.959698
11.57,1.9023944,5.0290112,3.284551,58.827045,10.987273
11.58,1.907986,5.046572,3.2779768,58.773094,11.014907
11.59,1.9135919,5.0641847,3.2713954,58.71905,11.042589
11.6,1.9192115,5.0818377,3.2648077,58.664886,11.070327
11.61,1.9248441,5.099556,3.2582152,58.610634,11.098115
11.62,1.9304919,5.1173143,3.2516155,58.556236,11.12596
11.63,1.9361526,5.1351376,3.2450116,58.50174,11.153859
11.64,1.9418285,5.1530085,3.2384014,58.44714,11.181811
11.65,1.9475169,5.170926,3.231785,58.392452,11.209815
11.66,1.9532197,5.1888957,3.2251618,58.337612,11.237879
11.67,1.9589376,5.206919,3.218534,58.282696,11.265991
11.68,1.9646698,5.2250023,3.2119,58.227665,11.294163
11.69,1.9704146,5.2431364,3.2052612,58.17253,11.322378
11.7,1.9761745,5.2613144,3.1986156,58.117268,11.350655
11.71,1.9819484,5.2795544,3.1919649,58.061897,11.378985
11.72,1.9877359,5.297845,3.1853092,58.00643,11.407371
11.73,1.9935374,5.3161917,3.1786475,57.95085,11.435805
11.74,1.9993544,5.3345923,3.1719792,57.89518,11.4642935
11.75,2.0051844,5.3530416,3.1653068,57.83938,11.492846
11.76,2.01103,5.371555,3.1586297,57.783455,11.521439
11.77,2.016889,5.390118,3.1519463,57.727455,11.550094
11.78,2.0227618,5.40874,3.1452582,57.671326,11.5787945
11.79,2.0286496,5.427409,3.1385646,57.615105,11.607554
11.8,2.0345516,5.4461412,3.1318653,57.558754,11.636369
11.81,2.040468,5.464929,3.1251621,57.502296,11.665235
11.82,2.046398,5.483768,3.1184525,57.445732,11.694152
11.83,2.0523434,5.5026674,3.1117394,57.38907,11.723125
11.84,2.0583026,5.5216184,3.1050208,57.332306,11.752156
11.85,2.0642772,5.5406284,3.0982962,57.275414,11.781238
11.86,2.0702648,5.559695,3.0915682,57.218403,11.8103695
11.87,2.0762675,5.578823,3.0848339,57.161324,11.839559
11.88,2.0822852,5.598007,3.0780962,57.1041,11.868795
11.89,2.088317,5.6172495,3.0713525,57.046764,11.898093
11.9,2.094362,5.636545,3.064606,56.98935,11.927442
11.91,2.1004233,5.655896,3.0578542,56.9318,11.956845
11.92,2.1064985,5.6753163,3.0510964,56.87416,11.986294
11.93,2.112589,5.69479,3.044334,56.816387,12.015811
11.94,2.1186926,5.714319,3.03757,56.758545,12.045363
11.95,2.1248116,5.733913,3.0307994,56.70056,12.074982
11.96,2.130946,5.7535644,3.024025,56.64249,12.104649
11.97,2.1370938,5.773281,3.0172458,56.584293,12.134369
11.98,2.1432552,5.793048,3.0104637,56.52599,12.164141
11.99,2.1494334,5.812887,3.0036764,56.4676,12.193965
12.0,2.1556253,5.8327785,2.9968843,56.409077,12.223847
12.01,2.1618328,5.852737,2.9900897,56.350456,12.253778
12.02,2.168054,5.872746,2.9832883,56.291714,12.28377
12.03,2.17429,5.8928294,2.9764864,56.232883,12.313802
12.04,2.1805415,5.9129667,2.9696784,56.173935,12.343897
12.05,2.1868064,5.933169,2.9628665,56.114902,12.374039
12.06,2.1930873,5.9534345,2.9560533,56.05575,12.404238
12.07,2.1993825,5.973758,2.9492345,55.996475,12.434487
12.08,2.2056925,5.9941554,2.9424112,55.93709,12.464788
12.09,2.2120166,6.014608,2.9355843,55.87762,12.495144
12.1,2.2183568,6.035121,2.9287539,55.818047,12.525556
12.11,2.2247112,6.0557027,2.9219205,55.758335,12.556008
12.12,2.23108,6.0763545,2.9150841,55.698536,12.586521
12.13,2.2374637,6.097063,2.9082444,55.638634,12.617086
12.14,2.2438629,6.1178403,2.9014003,55.578613,12.647703
12.15,2.2502768,6.138681,2.8945534,55.518475,12.678373
12.16,2.2567055,6.1595836,2.8877032,55.458267,12.709088
12.17,2.2631485,6.1805525,2.8808484,55.397923,12.739868
12.18,2.269607,6.201595,2.8739922,55.33747,12.770693
12.19,2.27608,6.2226934,2.8671331,55.276917,12.801568
12.2,2.2825694,6.243869,2.860269,55.216267,12.8325
12.21,2.2890718,6.2651086,2.8534038,55.155506,12.863484
12.22,2.2955906,6.2864156,2.8465345,55.094646,12.894518
12.23,2.3021228,6.307785,2.8396628,55.033657,12.925599
12.24,2.3086705,6.329225,2.832788,54.972576,12.956735
12.25,2.315234,6.3507295,2.8259125,54.911407,12.98792
12.26,2.321812,6.3722987,2.8190312,54.8501,13.019166
12.27,2.3284044,6.393954,2.812149,54.788723,13.050456
12.28,2.3350122,6.4156694,2.805264,54.72721,13.081799
12.29,2.3416355,6.4374447,2.7983758,54.66561,13.113192
12.3,2.3482733,6.4592953,2.791485,54.60389,13.144633
12.31,2.3549256,6.4812236,2.7845929,54.54209,13.176134
12.32,2.3615932,6.503217,2.7776973,54.480175,13.207684
12.33,2.3682764,6.5252776,2.7708006,54.41815,13.239279
12.34,2.374975,6.547414,2.7639008,54.356014,13.270931
12.35,2.3816884,6.5696173,2.756999,54.293777,13.302631
12.36,2.388415,6.5918946,2.7500958,54.23146,13.334382
12.37,2.3951583,6.614237,2.7431889,54.169006,13.366185
12.38,2.4019165,6.636658,2.73628,54.106472,13.398045
12.39,2.40869,6.6591415,2.7293706,54.043835,13.429945
12.4,2.415478,6.6817064,2.7224588,53.981075,13.461899
12.41,2.4222808,6.7043447,2.7155457,53.918224,13.493903
12.42,2.4290988,6.7270455,2.708632,53.855274,13.525955
12.43,2.4359329,6.749833,2.701713,53.79219,13.558065
12.44,2.442781,6.772677,2.6947954,53.72902,13.590217
12.45,2.4496443,6.7956095,2.6878738,53.66577,13.622424
12.46,2.4565234,6.818613,2.6809506,53.60239,13.654688
12.47,2.4634175,6.841681,2.6740277,53.538933,13.686991
12.48,2.470325,6.8648276,2.6671035,53.47536,13.719344
12.49,2.477249,6.888045,2.660178,53.411682,13.75175
12.5,2.4841876,6.911351,2.6532514,53.347916,13.784207
12.51,2.491142,6.9347177,2.646321,53.284035,13.816714
12.52,2.4981105,6.9581666,2.6393905,53.22005,13.849267
12.53,2.5050945,6.981681,2.6324613,53.155968,13.881863
12.54,2.5120935,7.005283,2.6255288,53.091805,13.914519
12.55,2.5191088,7.02895,2.6185944,53.02752,13.947223
12.56,2.5261383,7.0526967,2.6116605,52.96314,13.979981
12.57,2.5331829,7.0765224,2.6047268,52.898636,14.012776
12.58,2.5402412,7.1004233,2.5977914,52.834076,14.045624
12.59,2.547316,7.124393,2.5908558,52.769394,14.078524
12.6,2.5544066,7.1484504,2.5839186,52.7046,14.111473
12.61,2.5615106,7.172579,2.576982,52.63972,14.144469
12.62,2.568631,7.196786,2.5700421,52.574726,14.177512
12.63,2.5757656,7.2210693,2.563103,52.50965,14.210604
12.64,2.5829158,7.245425,2.5561647,52.444473,14.243743
12.65,2.59008,7.2698636,2.5492268,52.379208,14.276934
12.66,2.5972605,7.2943754,2.5422864,52.313812,14.310171
12.67,2.604455,7.3189654,2.5353465,52.248344,14.343453
12.68,2.6116672,7.343634,2.528406,52.182766,14.376792
12.69,2.6188905,7.368381,2.5214655,52.117104,14.410171
12.7,2.6261315,7.393203,2.514526,52.05132,14.443592
12.71,2.633387,7.418109,2.507585,51.985447,14.477069
12.72,2.6406577,7.4430947,2.500644,51.91948,14.510599
12.73,2.6479433,7.4681525,2.4937057,51.85341,14.544163
12.74,2.655244,7.493283,2.4867651,51.78726,14.577786
12.75,2.6625595,7.518509,2.4798267,51.72099,14.61145
12.76,2.6698902,7.5437984,2.4728868,51.65464,14.645163
12.77,2.6772363,7.569178,2.4659479,51.588207,14.678924
12.78,2.6845968,7.594627,2.4590101,51.521675,14.712722
12.79,2.6919725,7.620159,2.4520726,51.455006,14.746574
12.8,2.6993642,7.645773,2.445135,51.388294,14.780477
12.81,2.7067695,7.671462,2.438198,51.32146,14.814416
12.82,2.71419,7.697223,2.4312644,51.254555,14.848409
12.83,2.7216253,7.723077,2.424329,51.187523,14.882448
12.84,2.7290769,7.749002,2.4173944,51.120407,14.916527
12.85,2.7365427,7.7750106,2.4104607,51.053196,14.950659
12.86,2.7440233,7.8010964,2.4035294,50.985893,14.984831
12.87,2.75152,7.827273,2.396599,50.918518,15.019048
12.88,2.75903,7.853513,2.3896687,50.85101,15.053316
12.89,2.7665563,7.8798413,2.38274,50.78344,15.087625
12.9,2.7740967,7.9062448,2.3758135,50.715755,15.121982
12.91,2.781653,7.9327264,2.368887,50.648,15.156381
12.92,2.7892227,7.9592915,2.361961,50.580143,15.190831
12.93,2.7968094,7.9859443,2.3550384,50.512177,15.225325
12.94,2.8044088,8.012662,2.3481176,50.444164,15.259848
12.95,2.8120239,8.039459,2.3411987,50.37603,15.294431
12.96,2.8196554,8.066363,2.3342798,50.30778,15.329054
12.97,2.827301,8.093318,2.3273625,50.239464,15.363724
12.98,2.8349617,8.120362,2.320448,50.171062,15.398432
12.99,2.842636,8.147488,2.3135362,50.10256,15.433192
13.0,2.850328,8.174692,2.306623,50.03397,15.467997
13.01,2.8580322,8.201982,2.2997148,49.965294,15.502833
13.02,2.865753,8.229348,2.2928073,49.896526,15.537726
13.03,2.8734875,8.256793,2.285903,49.827686,15.572651
13.04,2.8812377,8.284313,2.2790024,49.75872,15.607627
13.05,2.8890014,8.311924,2.2721016,49.6897,15.642637
13.06,2.896782,8.339614,2.2652042,49.620583,15.677699
13.07,2.9045763,8.367382,2.258309,49.55136,15.712803
13.08,2.9123857,8.3952265,2.251416,49.48207,15.747946
13.09,2.92021,8.423155,2.2445252,49.41267,15.783135
13.1,2.9280488,8.451164,2.2376373,49.34319,15.818373
13.11,2.9359024,8.479249,2.230754,49.273655,15.853634
13.12,2.9437718,8.50742,2.2238708,49.204002,15.88895
13.13,2.9516563,8.535672,2.2169907,49.134254,15.92431
13.14,2.9595537,8.564003,2.2101154,49.064445,15.959698
13.15,2.9674683,8.592405,2.2032416,48.994545,15.99514
13.16,2.9753962,8.620905,2.196372,48.92456,16.03062
13.17,2.9833384,8.649473,2.1895037,48.854473,16.066135
13.18,2.9912968,8.678119,2.1826394,48.7843,16.101707
13.19,2.9992688,8.706853,2.1757796,48.714066,16.137306
13.2,3.0072565,8.735665,2.1689215,48.643738,16.17295
13.21,3.0152595,8.76456,2.1620686,48.57333,16.208633
13.22,3.023278,8.793543,2.1552165,48.502815,16.24436
13.23,3.0313091,8.822586,2.1483698,48.43223,16.280123
13.24,3.0393553,8.851721,2.1415267,48.36157,16.315928
13.25,3.0474174,8.880937,2.134687,48.290813,16.351776
13.26,3.0554934,8.910233,2.1278508,48.219986,16.387663
13.27,3.0635853,8.939609,2.1210175,48.14907,16.423586
13.28,3.0716894,8.969059,2.1141906,48.078075,16.459543
13.29,3.0798113,8.9986,2.1073656,48.006992,16.495552
13.3,3.0879457,9.028216,2.1005454,47.93584,16.531593
13.31,3.096097,9.0579195,2.09373,47.864597,16.567673
13.32,3.1042614,9.087695,2.0869176,47.79329,16.603788
13.33,3.1124408,9.117552,2.0801103,47.721893,16.63995
13.34,3.120635,9.147495,2.073306,47.650406,16.676151
13.35,3.128844,9.177509,2.0665061,47.57883,16.712385
13.36,3.1370676,9.207614,2.0597134,47.507225,16.748655
13.37,3.1453059,9.237792,2.0529232,47.435497,16.784967
13.38,3.1535594,9.268059,2.0461383,47.363697,16.821318
13.39,3.1618273,9.298399,2.0393562,47.2918,16.857698
13.4,3.1701093,9.328819,2.032581,47.219852,16.894115
13.41,3.1784065,9.359325,2.0258095,47.147816,16.930582
13.42,3.1867187,9.389912,2.0190437,47.075726,16.967087
13.43,3.1950462,9.420581,2.0122821,47.00352,17.00362
13.44,3.2033868,9.451322,2.0055254,46.931267,17.040184
13.45,3.2117426,9.482148,1.9987742,46.85895,17.07679
13.46,3.2201138,9.513064,1.9920281,46.786522,17.113436
13.47,3.2284997,9.544047,1.9852864,46.71401,17.15012
13.48,3.2368987,9.575118,1.9785516,46.641468,17.18683
13.49,3.2453127,9.606266,1.9718213,46.56882,17.22358
13.5,3.2537417,9.637499,1.9650972,46.496098,17.260368
13.51,3.262186,9.668807,1.9583782,46.423306,17.297194
13.52,3.2706447,9.7002,1.9516633,46.350433,17.334047
13.53,3.2791173,9.731676,1.9449556,46.277477,17.370947
13.54,3.2876048,9.763239,1.9382546,46.204475,17.40787
13.55,3.296108,9.794874,1.9315574,46.131397,17.44483
13.56,3.304624,9.826594,1.9248675,46.058243,17.481827
13.57,3.3131547,9.858382,1.9181833,45.985023,17.518858
13.58,3.321701,9.890271,1.9115046,45.91171,17.555914
13.59,3.3302624,9.922231,1.904832,45.83833,17.593012
13.6,3.3388376,9.95428,1.8981663,45.76489,17.630146
13.61,3.347425,9.986394,1.8915066,45.691383,17.667305
13.62,3.3560293,10.018604,1.8848525,45.617794,17.704502
13.63,3.3646486,10.050892,1.8782051,45.544125,17.741732
13.64,3.373283,10.083266,1.8715643,45.4704,17.778997
13.65,3.381929,10.115714,1.8649305,45.39661,17.816292
13.66,3.3905914,10.1482525,1.8583022,45.322758,17.853619
13.67,3.3992686,10.180859,1.8516811,45.248814,17.890976
13.68,3.4079595,10.213556,1.8450664,45.174816,17.928371
13.69,3.4166641,10.246333,1.8384597,45.10075,17.96579
13.7,3.425384,10.279191,1.8318592,45.02662,18.003244
13.71,3.4341192,10.312134,1.8252652,44.952408,18.040735
13.72,3.442868,10.345161,1.8186785,44.878124,18.078253
13.73,3.4516306,10.378263,1.8120987,44.80379,18.115799
13.74,3.4604082,10.411449,1.8055261,44.72939,18.153374
13.75,3.4692008,10.444723,1.798961,44.654934,18.190989
13.76,3.4780073,10.478074,1.7924026,44.580395,18.228626
13.77,3.4868274,10.511514,1.7858522,44.505814,18.266289
13.78,3.4956622,10.545028,1.77931,44.43114,18.303978
13.79,3.5045125,10.578629,1.7727737,44.35641,18.341707
13.8,3.513375,10.612316,1.7662451,44.281612,18.379463
13.81,3.522254,10.646077,1.7597249,44.206764,18.417263
13.82,3.5311453,10.679924,1.7532132,44.13186,18.455067
13.83,3.540053,10.713864,1.7467074,44.05686,18.492914
13.84,3.5489745,10.747874,1.7402096,43.981827,18.53079
13.85,3.5579095,10.78197,1.7337211,43.90673,18.568682
13.86,3.5668585,10.816149,1.7272393,43.831566,18.606606
13.87,3.5758226,10.850412,1.7207665,43.756363,18.644562
13.88,3.5847995,10.884765,1.7143005,43.68108,18.682545
13.89,3.5937915,10.919191,1.7078445,43.605724,18.720549
13.9,3.6027968,10.953704,1.7013959,43.53033,18.758581
13.91,3.6118176,10.988305,1.694956,43.454872,18.796648
13.92,3.6208527,11.022981,1.6885229,43.379356,18.83474
13.93,3.6299005,11.057746,1.682099,43.303783,18.872852
13.94,3.638963,11.092595,1.675685,43.228146,18.910982
13.95,3.6480389,11.127526,1.6692786,43.152447,18.949146
13.96,3.6571307,11.162552,1.6628809,43.07671,18.98734
13.97,3.6662357,11.197651,1.6564916,43.00091,19.02556
13.98,3.6753533,11.232834,1.6501116,42.925056,19.063793
13.99,3.6844866,11.268108,1.6437393,42.849144,19.102058
14.0,3.6936343,11.303467,1.6373767,42.773174,19.140352
14.01,3.702795,11.338903,1.6310235,42.697163,19.178667
14.02,3.7119691,11.37443,1.6246797,42.62107,19.217
14.03,3.7211564,11.410044,1.6183448,42.544983,19.255354
14.04,3.7303598,11.445741,1.6120179,42.46878,19.293741
14.05,3.7395768,11.481524,1.6057014,42.392548,19.33215
14.06,3.7488072,11.5173855,1.5993931,42.316246,19.37058
14.07,3.75805,11.553338,1.5930953,42.239902,19.409033
14.08,3.767307,11.589371,1.5868068,42.163536,19.4475
14.09,3.776579,11.625502,1.580527,42.087097,19.486
14.1,3.7858658,11.661715,1.5742568,42.010616,19.524517
14.11,3.795163,11.698002,1.5679969,41.934082,19.563051
14.12,3.8044772,11.734391,1.5617465,41.857494,19.601618
14.13,3.8138041,11.770861,1.5555062,41.78088,19.640188
14.14,3.8231454,11.80742,1.5492744,41.70418,19.678785
14.15,3.8324966,11.844047,1.5430539,41.62747,19.717407
14.16,3.8418646,11.880789,1.5368431,41.55069,19.75605
14.17,3.8512456,11.917608,1.5306413,41.47387,19.794714
14.18,3.8606389,11.954508,1.5244501,41.397007,19.833391
14.19,3.8700473,11.991502,1.5182703,41.320107,19.872076
14.2,3.8794692,12.028579,1.5120987,41.243156,19.910805
14.21,3.8889055,12.06575,1.5059373,41.166157,19.94954
14.22,3.8983533,12.103008,1.4997874,41.08911,19.988298
14.23,3.9078128,12.140342,1.493648,41.012024,20.02706
14.24,3.9172897,12.177788,1.4875178,40.934895,20.065853
14.25,3.926778,12.215304,1.4813982,40.85773,20.104668
14.26,3.9362795,12.252921,1.4752909,40.780506,20.143488
14.27,3.9457943,12.290614,1.4691929,40.703274,20.182323
14.28,3.9553218,12.328408,1.4631054,40.625977,20.221184
14.29,3.9648633,12.366288,1.4570291,40.54865,20.260052
14.3,3.9744194,12.404262,1.4509625,40.471287,20.298944
14.31,3.9839876,12.44232,1.4449075,40.393867,20.33785
14.32,3.9935682,12.480469,1.4388651,40.31643,20.37677
14.33,4.0031624,12.5187025,1.4328309,40.238937,20.415707
14.34,4.01277,12.557043,1.4268084,40.16143,20.454662
14.35,4.0223904,12.595461,1.4207964,40.08387,20.493624
14.36,4.0320234,12.63397,1.4147974,40.006275,20.532597
14.37,4.0416703,12.672576,1.4088084,39.928654,20.571596
14.38,4.051328,12.711281,1.4028307,39.850983,20.610607
14.39,4.061001,12.750071,1.396864,39.77328,20.649624
14.4,4.070685,12.788948,1.3909093,39.695564,20.688658
14.41,4.0803843,12.827927,1.3849654,39.617794,20.727694
14.42,4.090095,12.86699,1.379033,39.54,20.766754
14.43,4.0998163,12.90615,1.3731127,39.46218,20.80583
14.44,4.1095533,12.945402,1.3672036,39.38432,20.844915
14.45,4.119302,12.984751,1.3613051,39.306423,20.884007
14.46,4.1290646,13.024199,1.3554194,39.228508,20.923115
14.47,4.1388383,13.063734,1.349544,39.150536,20.962227
14.48,4.148625,13.103359,1.343682,39.072586,21.001354
14.49,4.158423,13.143091,1.3378317,38.99459,21.040485
14.5,4.168235,13.182919,1.3319927,38.91654,21.079636
14.51,4.178061,13.2228365,1.3261644,38.83846,21.1188
14.52,4.1878953,13.262849,1.3203493,38.760387,21.15796
14.53,4.1977453,13.3029585,1.3145465,38.682278,21.197128
14.54,4.207606,13.343161,1.3087548,38.604137,21.236319
14.55,4.2174788,13.383474,1.3029755,38.525978,21.275513
14.56,4.2273655,13.423873,1.2972076,38.447777,21.314716
14.57,4.2372637,13.464369,1.2914528,38.369576,21.353935
14.58,4.2471757,13.504971,1.2857105,38.291344,21.39314
14.59,4.2570977,13.545665,1.2799798,38.213066,21.43237
14.6,4.2670326,13.586463,1.2742617,38.134777,21.471601
14.61,4.2769785,13.62736,1.2685564,38.05648,21.510832
14.62,4.286937,13.668352,1.2628627,37.978165,21.550095
14.63,4.296909,13.709451,1.2571813,37.899822,21.589338
14.64,4.30689,13.750644,1.251513,37.821453,21.628595
14.65,4.316886,13.791944,1.2458566,37.74306,21.667866
14.66,4.3268943,13.833336,1.2402134,37.664654,21.707129
14.67,4.3369126,13.874834,1.2345816,37.58625,21.746407
14.68,4.3469415,13.916434,1.2289637,37.507824,21.785679
14.69,4.3569837,13.958136,1.2233588,37.429356,21.824974
14.7,4.367037,13.99993,1.2177659,37.350883,21.864258
14.71,4.377102,14.04185,1.2121857,37.272392,21.90356
14.72,4.387181,14.083857,1.206619,37.193893,21.94284
14.73,4.3972692,14.125976,1.2010643,37.11538,21.98215
14.74,4.407368,14.168195,1.1955236,37.036858,22.02144
14.75,4.4174805,14.210522,1.1899949,36.95832,22.060757
14.76,4.427604,14.252952,1.1844785,36.879738,22.100065
14.77,4.437739,14.295487,1.1789763,36.80118,22.139374
14.78,4.4478855,14.33813,1.1734873,36.722614,22.178688
14.79,4.4580407,14.380876,1.1680107,36.644005,22.217997
14.8,4.4682107,14.423735,1.162547,36.565407,22.257322
14.81,4.4783907,14.4667,1.1570972,36.486797,22.296648
14.82,4.4885798,14.509757,1.1516607,36.40817,22.335953
14.83,4.4987817,14.552942,1.1462371,36.329556,22.375265
14.84,4.5089965,14.5962305,1.1408267,36.250904,22.41459
14.85,4.519222,14.639631,1.1354291,36.172264,22.45391
14.86,4.5294566,14.683142,1.1300466,36.093613,22.493223
14.87,4.5397024,14.726754,1.1246766,36.014965,22.532549
14.88,4.5499606,14.770473,1.1193194,35.936306,22.57187
14.89,4.560227,14.814314,1.1139761,35.857616,22.611187
14.9,4.570508,14.858261,1.1086468,35.778954,22.650501
14.91,4.5807967,14.902316,1.1033298,35.700256,22.689817
14.92,4.591098,14.946499,1.0980275,35.621605,22.729122
14.93,4.601407,14.990778,1.0927385,35.542904,22.768435
14.94,4.6117315,15.035174,1.0874622,35.464222,22.807749
14.95,4.6220627,15.079688,1.0822016,35.38555,22.847046
14.96,4.6324053,15.124312,1.0769526,35.30684,22.886353
14.97,4.64276,15.169054,1.0717186,35.228157,22.92565
14.98,4.653122,15.213901,1.066498,35.14947,22.96494
14.99,4.6634965,15.258871,1.0612901,35.070766,23.004236
15.0,4.6738806,15.303959,1.0560982,34.992096,23.04352
15.01,4.6842766,15.349165,1.0509182,34.9134,23.082804
15.02,4.694682,15.39448,1.0457536,34.83472,23.122084
15.03,4.705097,15.439912,1.0406022,34.756054,23.16136
15.04,4.7155247,15.485457,1.0354643,34.677372,23.20063
15.05,4.7259583,15.531132,1.0303411,34.598705,23.239897
15.06,4.7364054,15.5769205,1.0252308,34.520027,23.27915
15.07,4.746859,15.622824,1.0201362,34.441383,23.318401
15.08,4.7573256,15.668846,1.0150547,34.36273,23.35765
15.09,4.767801,15.714991,1.0099868,34.284077,23.396881
15.1,4.7782865,15.761248,1.0049342,34.205433,23.43611
15.11,4.7887826,15.80764,0.99989474,34.126816,23.475338
15.12,4.7992883,15.854139,0.9948708,34.048187,23.51455
15.13,4.809802,15.900763,0.98985934,33.969563,23.55376
15.14,4.8203263,15.94751,0.9848626,33.89096,23.592964
15.15,4.830859,15.994368,0.979881,33.81236,23.63215
15.16,4.841404,16.041365,0.9749126,33.73378,23.671349
15.17,4.8519554,16.08847,0.96995914,33.65522,23.710524
15.18,4.8625183,16.1357,0.9650199,33.57666,23.749685
15.19,4.8730903,16.183052,0.96009463,33.498108,23.788847
15.2,4.8836713,16.230536,0.9551843,33.419582,23.82799
15.21,4.8942633,16.27814,0.9502879,33.341053,23.867126
15.22,4.9048615,16.32587,0.9454069,33.262554,23.906248
15.23,4.9154673,16.373713,0.940539,33.184074,23.945374
15.24,4.926086,16.421692,0.9356863,33.10561,23.98448
15.25,4.9367137,16.469791,0.93084806,33.02715,24.023565
15.26,4.9473495,16.51801,0.9260243,32.948708,24.062654
15.27,4.9579935,16.566364,0.921215,32.8703,24.101717
15.28,4.9686475,16.614841,0.91642046,32.791893,24.140783
15.29,4.9793086,16.663439,0.9116404,32.7135,24.179836
15.3,4.989982,16.712164,0.90687495,32.635143,24.218859
15.31,5.000661,16.761019,0.9021234,32.556793,24.257896
15.32,5.011348,16.809994,0.89738816,32.478493,24.296898
15.33,5.0220447,16.8591,0.8926661,32.400177,24.335896
15.34,5.0327525,16.908342,0.8879588,32.32191,24.374876
15.35,5.0434647,16.9577,0.88326746,32.243645,24.413843
15.36,5.0541854,17.007183,0.8785895,32.165413,24.452797
15.37,5.0649176,17.056799,0.87392735,32.087204,24.491734
15.38,5.075657,17.10655,0.8692788,32.00902,24.530664
15.39,5.0864024,17.156416,0.86464614,31.930878,24.56957
15.4,5.0971575,17.206419,0.86002755,31.852737,24.608458
15.41,5.1079206,17.256542,0.85542446,31.774641,24.647346
15.42,5.1186914,17.3068,0.8508361,31.69656,24.686201
15.43,5.1294703,17.357191,0.84626245,31.618526,24.725046
15.44,5.140258,17.4077,0.8417038,31.540493,24.763876
15.45,5.1510506,17.45834,0.83716005,31.46251,24.802681
15.46,5.161856,17.509111,0.8326309,31.38454,24.84148
15.47,5.1726656,17.560013,0.8281168,31.306604,24.880255
15.48,5.1834836,17.611034,0.82361865,31.228724,24.919004
15.49,5.1943088,17.662197,0.8191335,31.150848,24.95776
15.5,5.2051425,17.713476,0.8146646,31.073015,24.996479
15.51,5.215983,17.7649,0.8102105,30.995216,25.03518
15.52,5.226829,17.816444,0.805771,30.91744,25.07386
15.53,5.237685,17.868116,0.80134755,30.839706,25.112528
15.54,5.2485485,17.919912,0.79693854,30.762009,25.15117
15.55,5.2594175,17.971853,0.79254496,30.68436,25.189796
15.56,5.2702937,18.023914,0.7881659,30.606724,25.228405
15.57,5.281177,18.076101,0.7838021,30.529148,25.266985
15.58,5.292067,18.128424,0.7794534,30.451586,25.305542
15.59,5.302965,18.180868,0.77512044,30.374079,25.344086
15.6,5.31387,18.233446,0.770802,30.29661,25.382612
15.61,5.32478,18.28615,0.7664989,30.219181,25.421104
15.62,5.3356967,18.33899,0.76221097,30.141785,25.459581
15.63,5.346623,18.391956,0.7579381,30.06443,25.49804
15.64,5.3575554,18.445053,0.7536798,29.987114,25.536467
15.65,5.368491,18.498268,0.7494376,29.909851,25.574862
15.66,5.3794355,18.551622,0.74520993,29.832617,25.613255
15.67,5.3903875,18.605093,0.7409973,29.75543,25.651619
15.68,5.401345,18.658707,0.7368007,29.678295,25.689959
15.69,5.412307,18.71243,0.73261946,29.601208,25.728266
15.7,5.4232755,18.766296,0.72845304,29.524153,25.76655
15.71,5.434252,18.820293,0.724302,29.447166,25.80481
15.72,5.445234,18.87441,0.72016597,29.370197,25.843039
15.73,5.45622,18.928648,0.7160457,29.293283,25.881248
15.74,5.4672136,18.983028,0.71194077,29.216434,25.919432
15.75,5.4782124,19.037533,0.7078504,29.139633,25.957602
15.76,5.4892163,19.092154,0.7037754,29.062862,25.995726
15.77,5.500229,19.146915,0.69971555,28.986137,26.033834
15.78,5.511244,19.201788,0.6956717,28.90949,26.071917
15.79,5.522264,19.256792,0.69164246,28.832876,26.10996
15.8,5.5332923,19.31193,0.6876291,28.756313,26.147991
15.81,5.5443244,19.367193,0.6836304,28.679806,26.185984
15.82,5.5553613,19.42257,0.6796481,28.60337,26.223938
15.83,5.5664043,19.478085,0.67568046,28.52697,26.261877
15.84,5.5774536,19.533714,0.67172784,28.450623,26.299788
15.85,5.588506,19.589476,0.6677906,28.374323,26.337662
15.86,5.599564,19.645355,0.66386986,28.2981,26.375505
15.87,5.610628,19.701366,0.65996325,28.221916,26.41333
15.88,5.6216955,19.757498,0.65607196,28.145802,26.451117
15.89,5.63277,19.813753,0.65219635,28.069738,26.488873
15.9,5.6438446,19.870129,0.6483359,27.993734,26.526594
15.91,5.6549277,19.92662,0.6444912,27.91779,26.564285
15.92,5.666016,19.983252,0.64066136,27.841894,26.601954
15.93,5.677109,20.040003,0.63684726,27.766064,26.639591
15.94,5.688202,20.096859,0.6330486,27.690315,26.67718
15.95,5.699303,20.153856,0.6292649,27.6146,26.71475
15.96,5.7104077,20.210964,0.6254962,27.538954,26.752287
15.97,5.721518,20.2682,0.6217433,27.463377,26.789787
15.98,5.7326307,20.325546,0.618006,27.387852,26.827255
15.99,5.743748,20.383022,0.6142832,27.3124,26.864685
16.0,5.754871,20.440617,0.61057633,27.237015,26.902086
16.01,5.765996,20.498322,0.60688424,27.161684,26.939455
16.02,5.777127,20.55616,0.60320747,27.086416,26.976788
16.03,5.7882576,20.61411,0.5995463,27.011217,27.014084
16.04,5.799397,20.672178,0.5959006,26.936085,27.051344
16.05,5.8105345,20.730352,0.59227085,26.861046,27.088556
16.06,5.821679,20.788662,0.5886553,26.786047,27.12575
16.07,5.832827,20.847082,0.5850545,26.71111,27.162907
16.08,5.8439775,20.905622,0.5814704,26.636261,27.200026
16.09,5.855135,20.964283,0.57790065,26.56147,27.237112
16.1,5.8662906,21.023048,0.5743463,26.486755,27.27414
16.11,5.8774533,21.081945,0.57080686,26.412096,27.311155
16.12,5.888618,21.14095,0.5672831,26.337524,27.348118
16.13,5.899783,21.200054,0.5637747,26.263031,27.385052
16.14,5.910956,21.259289,0.5602815,26.18859,27.421944
16.15,5.92213,21.318636,0.5568023,26.114222,27.458796
16.16,5.933308,21.3781,0.5533398,26.03994,27.495613
16.17,5.9444876,21.437681,0.54989153,25.965717,27.532394
16.18,5.95567,21.497364,0.5464587,25.891573,27.569124
16.19,5.966856,21.557169,0.54304075,25.817513,27.605824
16.2,5.978043,21.617085,0.5396385,25.743523,27.642492
16.21,5.9892316,21.677107,0.53625125,25.669613,27.679092
16.22,6.0004263,21.737242,0.5328793,25.595774,27.715675
16.23,6.011624,21.797493,0.5295217,25.522005,27.752214
16.24,6.0228214,21.857853,0.526179,25.448315,27.78871
16.25,6.034021,21.918331,0.52285194,25.374718,27.825165
16.26,6.045224,21.97892,0.51953954,25.301176,27.861586
16.27,6.056429,22.039606,0.5162424,25.227722,27.89796
16.28,6.067638,22.100409,0.51295984,25.154356,27.93429
16.29,6.0788445,22.161324,0.50969255,25.081053,27.970573
16.3,6.090057,22.222326,0.5064405,25.007853,28.006819
16.31,6.101268,22.283468,0.50320375,24.934729,28.04303
16.32,6.1124845,22.34471,0.4999812,24.861677,28.079187
16.33,6.123702,22.406048,0.49677333,24.788704,28.115309
16.34,6.13492,22.467508,0.49357986,24.715805,28.151386
16.35,6.146139,22.529066,0.49040255,24.643013,28.187414
16.36,6.1573653,22.590744,0.48723876,24.570267,28.223413
16.37,6.1685877,22.652521,0.48409083,24.497643,28.259352
16.38,6.1798134,22.714388,0.48095804,24.425098,28.29524
16.39,6.1910367,22.776379,0.47783846,24.352623,28.331099
16.4,6.202266,22.838467,0.47473466,24.28025,28.366909
16.41,6.213496,22.900675,0.47164565,24.207945,28.402678
16.42,6.2247243,22.962978,0.46857047,24.13572,28.438402
16.43,6.235959,23.025385,0.46551013,24.063587,28.47409
16.44,6.247192,23.087902,0.4624648,23.991545,28.509703
16.45,6.2584267,23.150528,0.45943406,23.9196,28.545282
16.46,6.2696605,23.213242,0.4564179,23.847734,28.580816
16.47,6.2808957,23.276064,0.45341623,23.775946,28.616308
16.48,6.292134,23.339005,0.45042866,23.704245,28.65176
16.49,6.303373,23.402037,0.44745585,23.632645,28.687151
16.5,6.3146086,23.465178,0.44449767,23.561136,28.722502
16.51,6.3258486,23.528421,0.441554,23.489712,28.757809
16.52,6.337089,23.591768,0.43862432,23.418375,28.79307
16.53,6.3483286,23.655209,0.4357095,23.347132,28.828276
16.54,6.3595705,23.718765,0.4328083,23.27597,28.863434
16.55,6.3708086,23.782402,0.42992246,23.204916,28.898546
16.56,6.382051,23.84616,0.4270504,23.133951,28.933613
16.57,6.3932943,23.91002,0.42419156,23.063063,28.96864
16.58,6.4045362,23.973984,0.42134857,22.992281,29.003588
16.59,6.4157786,24.038038,0.418519,22.921583,29.0385
16.6,6.4270234,24.1022,0.41570342,22.850983,29.073372
16.61,6.4382668,24.166466,0.41290173,22.780458,29.108206
16.62,6.44951,24.23083,0.4101146,22.710047,29.142979
16.63,6.460749,24.29528,0.40734223,22.63975,29.17768
16.64,6.471994,24.359852,0.40458322,22.569511,29.212357
16.65,6.4832363,24.424522,0.401838,22.499384,29.246971
16.66,6.494479,24.489286,0.3991066,22.429342,29.281553
16.67,6.5057206,24.554152,0.39638922,22.359402,29.316065
16.68,6.5169635,24.61912,0.39368597,22.289562,29.35054
16.69,6.5282044,24.684195,0.39099687,22.219814,29.384958
16.7,6.539447,24.74936,0.38832077,22.150154,29.419321
16.71,6.550686,24.814613,0.3856595,22.080624,29.45363
16.72,6.5619245,24.879978,0.3830115,22.011168,29.487886
16.73,6.5731635,24.945448,0.38037717,21.94181,29.5221
16.74,6.584404,25.01103,0.37775612,21.87255,29.556276
16.75,6.5956407,25.076689,0.3751487,21.803385,29.590385
16.76,6.606878,25.14246,0.3725555,21.734333,29.624426
16.77,6.6181154,25.208324,0.36997515,21.665373,29.65843
16.78,6.629349,25.274294,0.36740896,21.596498,29.69239
16.79,6.640587,25.340366,0.36485597,21.527744,29.726295
16.8,6.651815,25.406525,0.36231697,21.459093,29.760126
16.81,6.6630483,25.47279,0.35979077,21.390533,29.793926
16.82,6.6742826,25.539162,0.35727805,21.322065,29.827656
16.83,6.685509,25.605618,0.35477865,21.253717,29.861343
16.84,6.696737,25.672188,0.35229254,21.185463,29.894974
16.85,6.707965,25.738853,0.34981996,21.117308,29.928547
16.86,6.7191906,25.805624,0.34736064,21.049267,29.962069
16.87,6.7304134,25.872484,0.34491393,20.981306,29.99554
16.88,6.7416325,25.939442,0.3424816,20.913488,30.028948
16.89,6.7528534,26.0065,0.3400611,20.845749,30.06231
16.9,6.7640743,26.073675,0.3376546,20.778126,30.095615
16.91,6.7752886,26.140932,0.33526063,20.710585,30.128859
16.92,6.7865057,26.208303,0.33287963,20.643166,30.162058
16.93,6.797719,26.275763,0.3305111,20.575836,30.195202
16.94,6.808931,26.34334,0.32815632,20.508638,30.228283
16.95,6.82014,26.410997,0.3258141,20.44153,30.26131
16.96,6.8313446,26.478758,0.32348534,20.374546,30.294273
16.97,6.84255,26.546614,0.3211687,20.307663,30.327183
16.98,6.853756,26.614592,0.3188647,20.24086,30.36005
16.99,6.8649526,26.68265,0.31657386,20.174189,30.392857
17.0,6.8761516,26.750826,0.31429508,20.107618,30.425594
17.01,6.8873487,26.8191,0.31202945,20.041153,30.458284
17.02,6.8985405,26.887468,0.30977616,19.9748,30.490925
17.03,6.9097295,26.955942,0.3075361,19.908562,30.523495
17.04,6.920919,27.024511,0.30530766,19.84242,30.556015
17.05,6.9321003,27.093174,0.30309245,19.77642,30.58847
17.06,6.943283,27.161957,0.30088982,19.710497,30.620869
17.07,6.954464,27.230833,0.29869872,19.644693,30.653212
17.08,6.965641,27.299803,0.29652065,19.57901,30.685492
17.09,6.976811,27.368881,0.29435447,19.51342,30.717737
17.1,6.987983,27.43808,0.29220077,19.447954,30.749912
17.11,6.9991503,27.50736,0.2900592,19.382599,30.782022
17.12,7.0103154,27.57675,0.28792974,19.31735,30.814064
17.13,7.021474,27.646223,0.28581345,19.252235,30.846048
17.14,7.032634,27.715826,0.283708,19.187208,30.877993
17.15,7.0437846,27.785526,0.28161505,19.122309,30.909864
17.16,7.054936,27.85532,0.27953407,19.057508,30.941689
17.17,7.066083,27.92523,0.27746528,18.992836,30.97344
17.18,7.077228,27.995234,0.2754084,18.928272,31.00514
17.19,7.088367,28.06534,0.27336326,18.863825,31.036777
17.2,7.0995026,28.135565,0.27132985,18.799488,31.068356
17.21,7.110633,28.205872,0.26930907,18.735283,31.099869
17.22,7.1217613,28.2763,0.26729962,18.671186,31.13133
17.23,7.1328835,28.346817,0.26530147,18.607195,31.16272
17.24,7.144005,28.417452,0.26331547,18.543331,31.194057
17.25,7.155122,28.4882,0.26134086,18.479574,31.225332
17.26,7.1662326,28.559042,0.25937855,18.415953,31.256556
17.27,7.177338,28.629988,0.25742725,18.352436,31.287714
17.28,7.1884446,28.70104,0.25548786,18.289045,31.318794
17.29,7.1995425,28.772202,0.25355983,18.225765,31.349829
17.3,7.2106333,28.843456,0.25164366,18.162615,31.380781
17.31,7.221724,28.914837,0.24973801,18.099577,31.4117
17.32,7.2328086,28.986317,0.24784443,18.036655,31.442537
17.33,7.243887,29.0579,0.2459622,17.97385,31.473333
17.34,7.254965,29.129593,0.2440905,17.911163,31.50404
17.35,7.266036,29.201393,0.2422306,17.848604,31.534704
17.36,7.277099,29.273304,0.24038231,17.786171,31.565304
17.37,7.2881618,29.345327,0.23854448,17.72385,31.595833
17.38,7.2992144,29.417433,0.23671864,17.661665,31.626307
17.39,7.310267,29.489662,0.23490322,17.59959,31.656717
17.4,7.3213124,29.562008,0.23309906,17.537638,31.68705
17.41,7.332351,29.634453,0.23130605,17.475807,31.717344
17.42,7.3433876,29.707012,0.22952382,17.41411,31.747562
17.43,7.3544145,29.779684,0.22775275,17.352528,31.777708
17.44,7.3654394,29.852465,0.22599244,17.291069,31.807789
17.45,7.3764577,29.92535,0.2242426,17.229734,31.837831
17.46,7.3874683,29.99833,0.22250421,17.168524,31.867786
17.47,7.3984776,30.071434,0.22077662,17.107445,31.89769
17.48,7.4094787,30.144657,0.21905914,17.046482,31.927515
17.49,7.4204736,30.217985,0.2173527,16.985645,31.957289
17.5,7.431463,30.29142,0.21565707,16.92493,31.986998
17.51,7.4424424,30.364967,0.21397181,16.864359,32.016655
17.52,7.4534225,30.438633,0.21229738,16.803902,32.046223
17.53,7.464396,30.512403,0.2106328,16.743563,32.075737
17.54,7.4753594,30.58629,0.20897931,16.68336,32.105186
17.55,7.4863157,30.66028,0.2073367,16.623297,32.134563
17.56,7.4972696,30.73439,0.20570405,16.563343,32.16387
17.57,7.508217,30.808598,0.20408139,16.503517,32.193134
17.58,7.519157,30.88293,0.20246978,16.443838,32.222317
17.59,7.5300903,30.957384,0.20086811,16.384268,32.251427
17.6,7.5410175,31.031948,0.1992762,16.324821,32.280495
17.61,7.551939,31.10663,0.19769515,16.265518,32.309483
17.62,7.5628514,31.18141,0.19612402,16.206343,32.33841
17.63,7.5737576,31.2563,0.19456302,16.147291,32.36727
17.64,7.5846562,31.33132,0.19301258,16.088379,32.396057
17.65,7.5955496,31.406433,0.19147141,16.029585,32.424786
17.66,7.6064353,31.481688,0.18994054,15.970932,32.453453
17.67,7.6173143,31.557043,0.18841961,15.912407,32.482033
17.68,7.6281877,31.63253,0.18690863,15.854006,32.51056
17.69,7.639051,31.70811,0.18540779,15.795742,32.539032
17.7,7.649908,31.783821,0.18391632,15.737597,32.56742
17.71,7.6607575,31.859621,0.18243517,15.679599,32.595757
17.72,7.671602,31.935566,0.18096334,15.621724,32.624027
17.73,7.682439,32.011616,0.17950122,15.563985,32.652218
17.74,7.693263,32.08778,0.17804903,15.5063715,32.680332
17.75,7.704087,32.164066,0.17660631,15.448906,32.708397
17.76,7.7148967,32.24047,0.17517333,15.391564,32.736385
17.77,7.7257037,32.316982,0.1737497,15.3343525,32.764313
17.78,7.736502,32.393627,0.1723356,15.277275,32.792175
17.79,7.7472925,32.470375,0.1709312,15.220332,32.819973
17.8,7.7580743,32.547245,0.16953605,15.163527,32.847687
17.81,7.768845,32.62422,0.16815004,15.106846,32.87536
17.82,7.779616,32.701332,0.16677399,15.05031,32.902946
17.83,7.790372,32.77855,0.16540681,14.993901,32.93047
17.84,7.801125,32.8559,0.16404888,14.937623,32.95792
17.85,7.8118668,32.93335,0.16269983,14.881474,32.985313
17.86,7.8225994,33.01093,0.16136079,14.825476,33.012627
17.87,7.833325,33.088627,0.1600308,14.769614,33.03988
17.88,7.8440433,33.16644,0.15870972,14.713882,33.06706
17.89,7.8547525,33.244373,0.15739737,14.658284,33.094193
17.9,7.8654537,33.322414,0.15609428,14.602817,33.12123
17.91,7.876147,33.400593,0.15480047,14.547494,33.1482
17.92,7.8868318,33.478897,0.1535153,14.492295,33.175117
17.93,7.8975058,33.5573,0.15223855,14.437233,33.201965
17.94,7.9081764,33.635834,0.15097114,14.382318,33.22874
17.95,7.9188323,33.71448,0.14971226,14.327532,33.25545
17.96,7.9294796,33.79324,0.14846277,14.272883,33.28209
17.97,7.940123,33.872116,0.14722164,14.21838,33.308662
17.98,7.9507513,33.95114,0.14598903,14.164001,33.335186
17.99,7.9613776,34.030262,0.14476511,14.109755,33.361607
18.0,7.971993,34.10952,0.14354981,14.055651,33.387978
18.01,7.9825983,34.188896,0.14234304,14.001692,33.414272
18.02,7.9931946,34.26839,0.14114498,13.947859,33.44051
18.03,8.003782,34.34801,0.13995528,13.894166,33.466675
18.04,8.014363,34.42773,0.138774,13.840608,33.49276
18.05,8.024931,34.507565,0.13760059,13.787192,33.518787
18.06,8.03549,34.587547,0.13643646,13.733919,33.54474
18.07,8.046039,34.667633,0.13527998,13.680777,33.570633
18.08,8.056584,34.747852,0.13413219,13.62777,33.596462
18.09,8.067115,34.828186,0.13299249,13.574906,33.622215
18.1,8.077638,34.908646,0.13186117,13.522172,33.647896
18.11,8.088151,34.989212,0.13073722,13.469573,33.673515
18.12,8.098655,35.06992,0.1296219,13.417125,33.699055
18.13,8.109148,35.15073,0.12851498,13.364813,33.724533
18.14,8.119637,35.231655,0.12741575,13.312639,33.749943
18.15,8.130108,35.31272,0.12632437,13.260597,33.775276
18.16,8.140575,35.393913,0.12524052,13.208683,33.800575
18.17,8.1510315,35.4752,0.12416558,13.156929,33.82577
18.18,8.161477,35.556637,0.12309793,13.105304,33.850918
18.19,8.171915,35.638176,0.12203803,13.053805,33.875977
18.2,8.182341,35.71984,0.12098563,13.002458,33.900986
18.21,8.192757,35.80162,0.11994177,12.951254,33.925915
18.22,8.203165,35.88352,0.118905,12.900176,33.950775
18.23,8.213558,35.965538,0.117876045,12.849251,33.975574
18.24,8.223944,36.047695,0.11685476,12.798454,34.000298
18.25,8.2343235,36.12997,0.115840815,12.747789,34.024963
18.26,8.244689,36.212353,0.11483425,12.697267,34.049557
18.27,8.255044,36.294872,0.11383566,12.646892,34.074066
18.28,8.26539,36.37749,0.11284409,12.5966425,34.098526
18.29,8.27573,36.460247,0.11185985,12.54653,34.12293
18.3,8.286051,36.543095,0.11088325,12.49658,34.14723
18.31,8.296364,36.6261,0.10991403,12.446751,34.171482
18.32,8.306668,36.709213,0.108951665,12.39705,34.19566
18.33,8.316967,36.79244,0.10799695,12.347501,34.219772
18.34,8.327246,36.875793,0.107049346,12.298099,34.243816
18.35,8.337521,36.959267,0.106108814,12.248818,34.26779
18.36,8.347783,37.042843,0.10517494,12.199668,34.291702
18.37,8.358037,37.126568,0.10424838,12.150666,34.315544
18.38,8.368275,37.21037,0.10332916,12.101825,34.3393
18.39,8.378504,37.29432,0.10241686,12.053091,34.36301
18.4,8.388726,37.3784,0.10151122,12.004503,34.386654
18.41,8.3989315,37.462566,0.100612916,11.956069,34.410213
18.42,8.409131,37.5469,0.09972088,11.907746,34.43372
18.43,8.419321,37.63132,0.098835975,11.859573,34.45715
18.44,8.429494,37.71585,0.097957805,11.811541,34.480507
18.45,8.439658,37.80051,0.09708625,11.763641,34.50381
18.46,8.449809,37.88527,0.096221834,11.715902,34.527035
18.47,8.459955,37.97017,0.09536343,11.668265,34.550186
18.48,8.470088,38.055187,0.094511755,11.6207905,34.573284
18.49,8.4802065,38.140324,0.0936672,11.573451,34.59632
18.5,8.4903145,38.225574,0.09282869,11.526238,34.61928
18.51,8.500411,38.310944,0.09199673,11.4791565,34.642162
18.52,8.510499,38.39642,0.09117136,11.432233,34.66499
18.53,8.520575,38.482025,0.09035217,11.385428,34.687748
18.54,8.530637,38.567734,0.08953932,11.338769,34.710438
18.55,8.540689,38.653545,0.08873348,11.292268,34.733063
18.56,8.550729,38.7395,0.08793337,11.245876,34.755596
18.57,8.560756,38.825554,0.08713924,11.199628,34.77808
18.58,8.570774,38.911743,0.08635151,11.153512,34.800507
18.59,8.58078,38.998043,0.08557018,11.107544,34.822853
18.6,8.5907755,39.084457,0.08479506,11.061708,34.845135
18.61,8.600758,39.170967,0.084025696,11.016003,34.86735
18.62,8.610729,39.257603,0.08326242,10.970448,34.889507
18.63,8.620685,39.34434,0.08250544,10.925018,34.91157
18.64,8.630631,39.431206,0.08175438,10.879728,34.933586
18.65,8.640565,39.518196,0.08100941,10.834586,34.95554
18.66,8.65049,39.605274,0.08026951,10.789557,34.97743
18.67,8.6604,39.69248,0.079536214,10.744676,34.999237
18.68,8.6703005,39.779797,0.07880849,10.699925,35.02099
18.69,8.680186,39.86724,0.07808656,10.655311,35.042675
18.7,8.69006,39.95478,0.077370204,10.61083,35.06428
18.71,8.69992,40.042404,0.07666013,10.566508,35.085823
18.72,8.709773,40.13017,0.07595488,10.522302,35.107307
18.73,8.719609,40.218052,0.07525569,10.478234,35.128723
18.74,8.729434,40.306026,0.07456213,10.434296,35.15006
18.75,8.739246,40.394142,0.07387452,10.390507,35.171337
18.76,8.749049,40.482338,0.073191814,10.346836,35.19256
18.77,8.758836,40.570656,0.07251506,10.303319,35.213707
18.78,8.76861,40.659092,0.07184376,10.259927,35.234787
18.79,8.778376,40.747616,0.07117707,10.216652,35.255795
18.8,8.788124,40.836254,0.070516035,10.173537,35.27673
18.81,8.797862,40.925007,0.069860935,10.1305485,35.297626
18.82,8.807589,41.013863,0.06921077,10.087692,35.31845
18.83,8.817302,41.10284,0.06856577,10.04497,35.339195
18.84,8.827001,41.1919,0.06792578,10.002377,35.359875
18.85,8.836687,41.28108,0.06729178,9.959934,35.380497
18.86,8.84636,41.370377,0.066661716,9.917603,35.401047
18.87,8.856023,41.459763,0.06603775,9.875415,35.421535
18.88,8.865669,41.54926,0.06541878,9.833373,35.441936
18.89,8.875303,41.63886,0.06480453,9.791455,35.462307
18.9,8.884925,41.728565,0.06419554,9.749676,35.482586
18.91,8.894536,41.818394,0.06359096,9.708003,35.502815
18.92,8.904131,41.90831,0.062992,9.66649,35.522957
18.93,8.913714,41.99833,0.062397577,9.6251,35.54306
18.94,8.923282,42.088455,0.061808094,9.583844,35.5631
18.95,8.932839,42.178688,0.061223492,9.542727,35.583042
18.96,8.942384,42.269,0.060644206,9.50174,35.60294
18.97,8.951911,42.359432,0.060068715,9.4608755,35.622765
18.98,8.96143,42.449986,0.05949835,9.420143,35.642517
18.99,8.970931,42.540627,0.05893262,9.379546,35.662224
19.0,8.980419,42.631348,0.05837214,9.339101,35.681854
19.01,8.989896,42.7222,0.057815377,9.29875,35.70145
19.02,8.999362,42.813145,0.057263814,9.25855,35.720932
19.03,9.008808,42.904175,0.05671682,9.218489,35.74038
19.04,9.018246,42.995323,0.05617381,9.178539,35.759758
19.05,9.027664,43.08656,0.055636033,9.138748,35.779068
19.06,9.037072,43.177887,0.05510232,9.099062,35.798306
19.07,9.046465,43.26933,0.054573134,9.059516,35.817482
19.08,9.055847,43.360847,0.054048155,9.020099,35.8366
19.09,9.065212,43.452484,0.053527806,8.98081,35.85565
19.1,9.074567,43.544224,0.053011715,8.941662,35.874634
19.11,9.083909,43.63604,0.05249978,8.902625,35.893574
19.12,9.093234,43.72798,0.051992156,8.863724,35.91243
19.13,9.102545,43.81999,0.051489204,8.824968,35.931217
19.14,9.11184,43.912086,0.050989985,8.786328,35.949936
19.15,9.121124,44.00429,0.05049509,8.747814,35.96861
19.16,9.130397,44.096615,0.050004624,8.70944,35.987198
19.17,9.139645,44.189014,0.049517676,8.671186,36.00575
19.18,9.1488905,44.2815,0.04903527,8.633064,36.02423
19.19,9.158118,44.374084,0.048556834,8.595072,36.042633
19.2,9.16733,44.46677,0.04808242,8.557201,36.06099
19.21,9.176529,44.559532,0.04761233,8.519473,36.07927
19.22,9.185713,44.65239,0.04714577,8.481862,36.09748
19.23,9.194881,44.745354,0.04668341,8.444384,36.115635
19.24,9.20404,44.838417,0.046224456,8.407014,36.133724
19.25,9.213182,44.93155,0.04576972,8.369785,36.151764
19.26,9.222312,45.02479,0.045319173,8.332687,36.169727
19.27,9.231424,45.118107,0.044872448,8.295717,36.187622
19.28,9.2405205,45.211517,0.044428926,8.258865,36.205475
19.29,9.249607,45.30503,0.04398936,8.222145,36.22325
19.3,9.258672,45.398605,0.04355419,8.185557,36.24095
19.31,9.26773,45.492294,0.043122265,8.149091,36.258602
19.32,9.2767725,45.586056,0.0426937,8.112747,36.276215
19.33,9.285798,45.679928,0.042269632,8.076537,36.293728
19.34,9.294812,45.77387,0.041848253,8.040436,36.311195
19.35,9.303807,45.867912,0.041430924,8.004465,36.328598
19.36,9.312793,45.96203,0.041017182,7.96863,36.345947
19.37,9.321759,46.05624,0.04060681,7.932908,36.363216
19.38,9.330711,46.150528,0.04020055,7.8973303,36.380424
19.39,9.339649,46.24491,0.039797258,7.8618603,36.39757
19.4,9.348572,46.33937,0.039397746,7.826524,36.41467
19.41,9.357485,46.43394,0.03900109,7.7912874,36.431694
19.42,9.36638,46.528576,0.03860848,7.7562075,36.448658
19.43,9.375258,46.62329,0.03821885,7.7212334,36.46557
19.44,9.384121,46.71809,0.037832897,7.6863832,36.482414
19.45,9.392972,46.812992,0.037450634,7.651662,36.499203
19.46,9.401807,46.90795,0.03707121,7.6170664,36.515907
19.47,9.410627,47.003006,0.036695153,7.582596,36.53258
19.48,9.419436,47.098152,0.036322203,7.548231,36.54918
19.49,9.42822,47.193363,0.03595284,7.5140066,36.565716
19.5,9.4369955,47.288685,0.03558652,7.479887,36.5822
19.51,9.445761,47.38409,0.035223193,7.4458942,36.598614
19.52,9.454503,47.47956,0.034863546,7.41203,36.614964
19.53,9.463236,47.575104,0.034506697,7.3782873,36.63126
19.54,9.471954,47.67077,0.034153063,7.344657,36.6475
19.55,9.48065,47.76644,0.033802286,7.3111515,36.663673
19.56,9.489336,47.862247,0.033454698,7.277775,36.679783
19.57,9.49801,47.95811,0.03311059,7.2445097,36.69584
19.58,9.506662,48.054077,0.03276934,7.2113705,36.711826
19.59,9.515304,48.150112,0.032431245,7.178358,36.72776
19.6,9.523934,48.246235,0.032095812,7.1454525,36.743633
19.61,9.532541,48.342422,0.031763144,7.1126766,36.759464
19.62,9.541137,48.43869,0.031434014,7.080003,36.775223
19.63,9.549713,48.53501,0.031107504,7.047471,36.79091
19.64,9.558279,48.63147,0.030783847,7.015047,36.80654
19.65,9.566829,48.727978,0.030463237,6.9827404,36.822117
19.66,9.575361,48.824554,0.030145422,6.950553,36.83764
19.67,9.583881,48.9212,0.029830907,6.918503,36.853085
19.68,9.592387,49.01796,0.029518407,6.8865376,36.868477
19.69,9.600873,49.114773,0.029208956,6.8547077,36.883835
19.7,9.609349,49.211662,0.028902687,6.823,36.899117
19.71,9.617806,49.308617,0.028598558,6.791399,36.914345
19.72,9.626247,49.405666,0.02829753,6.759923,36.929497
19.73,9.634677,49.50279,0.027999049,6.7285595,36.9446
19.74,9.643087,49.59999,0.02770328,6.6973143,36.959652
19.75,9.651487,49.69725,0.027410474,6.6661873,36.97464
19.76,9.659869,49.79459,0.027120322,6.6351795,36.989574
19.77,9.668235,49.89202,0.026832687,6.6042843,37.00444
19.78,9.676588,49.989525,0.026547242,6.5734873,37.019264
19.79,9.684921,50.087105,0.026264584,6.5428257,37.034016
19.8,9.69324,50.18472,0.025985125,6.512288,37.04872
19.81,9.701549,50.282436,0.025707591,6.4818516,37.06337
19.82,9.709841,50.380226,0.025432583,6.4515266,37.077946
19.83,9.718113,50.47809,0.02516007,6.421322,37.092484
19.84,9.726369,50.576035,0.024890428,6.3912315,37.10696
19.85,9.734616,50.674046,0.024623059,6.361245,37.121372
19.86,9.742846,50.77213,0.02435824,6.33138,37.135715
19.87,9.751059,50.8703,0.024096064,6.301631,37.15003
19.88,9.759255,50.968502,0.023835756,6.272002,37.164276
19.89,9.767437,51.066795,0.023578301,6.2424803,37.178463
19.9,9.775602,51.165165,0.023323035,6.2130737,37.192593
19.91,9.783753,51.26363,0.02307003,6.1837626,37.206676
19.92,9.791887,51.362125,0.022819672,6.154584,37.22069
19.93,9.800014,51.460728,0.022571456,6.1255083,37.234673
19.94,9.808118,51.559395,0.022325225,6.0965376,37.248566
19.95,9.816207,51.658115,0.02208168,6.0676823,37.262405
19.96,9.824279,51.756897,0.021840714,6.0389547,37.27621
19.97,9.832338,51.855762,0.021601658,6.0103283,37.289967
19.98,9.840383,51.9547,0.021364726,5.981804,37.303654
19.99,9.84841,52.053703,0.021130312,5.9534044,37.31729
20.0,9.856421,52.152786,0.020897951,5.9250946,37.33087
20.01,9.864416,52.25195,0.020667832,5.8969088,37.3444
20.02,9.872399,52.351173,0.020439764,5.868826,37.35787
20.03,9.880367,52.45046,0.020213977,5.8408575,37.371277
20.04,9.888319,52.54982,0.019990044,5.8130016,37.384624
20.05,9.896253,52.649204,0.019768788,5.7852526,37.39794
20.06,9.904172,52.748722,0.019549029,5.7576065,37.4112
20.07,9.912077,52.848286,0.019331772,5.730076,37.424397
20.08,9.919967,52.947933,0.019116206,5.7026405,37.437534
20.09,9.92784,53.047634,0.018903213,5.6753273,37.45064
20.1,9.935698,53.147392,0.018692132,5.64812,37.463673
20.11,9.943539,53.247242,0.01848324,5.6210213,37.476658
20.12,9.951367,53.347145,0.018275889,5.5940237,37.48957
20.13,9.959179,53.447098,0.018070564,5.5671263,37.502476
20.14,9.966973,53.547153,0.017867396,5.540351,37.515285
20.15,9.974754,53.647274,0.01766633,5.5136757,37.52806
20.16,9.98252,53.747425,0.017466977,5.4871025,37.540775
20.17,9.99027,53.847675,0.017269796,5.460643,37.55343
20.18,9.998003,53.94801,0.017074011,5.434273,37.566063
20.19,10.005723,54.04838,0.016880767,5.408024,37.57862
20.2,10.013429,54.148827,0.016689269,5.381876,37.591137
20.21,10.021109,54.249336,0.016499078,5.3558245,37.603592
20.22,10.028779,54.349907,0.016311452,5.3298893,37.61601
20.23,10.036444,54.450573,0.016125241,5.3040495,37.62836
20.24,10.044082,54.55128,0.015941162,5.2783203,37.640667
20.25,10.0517025,54.652058,0.015758831,5.252692,37.652912
20.26,10.059319,54.75291,0.0155782215,5.227166,37.66511
20.27,10.0669155,54.853825,0.015399201,5.2017374,37.67726
20.28,10.074495,54.954803,0.015222347,5.1764164,37.689358
20.29,10.082057,55.05586,0.015046914,5.1511936,37.701412
20.3,10.089603,55.156948,0.014873624,5.126086,37.713398
20.31,10.0971365,55.25814,0.014701702,5.101076,37.725353
20.32,10.104659,55.35937,0.014531629,5.0761595,37.737255
20.33,10.112158,55.460697,0.014363121,5.0513535,37.7491
20.34,10.119646,55.56205,0.014196229,5.026635,37.760918
20.35,10.127116,55.663517,0.014031378,5.0020275,37.772655
20.36,10.134575,55.765015,0.013867699,4.977521,37.784348
20.37,10.142015,55.866592,0.013705732,4.953106,37.795994
20.38,10.149439,55.96821,0.013545882,4.9288044,37.8076
20.39,10.156849,56.06991,0.013386944,4.90458,37.81915
20.4,10.164247,56.17168,0.013230846,4.8804846,37.83065
20.41,10.171623,56.273518,0.013075166,4.856472,37.842106
20.42,10.178986,56.375412,0.012921368,4.8325605,37.853497
20.43,10.186335,56.477367,0.012769243,4.808751,37.86484
20.44,10.193664,56.579395,0.012618406,4.7850285,37.876167
20.45,10.200984,56.681507,0.01246965,4.7614164,37.887405
20.46,10.208286,56.783623,0.012321717,4.7379055,37.898605
20.47,10.215571,56.88585,0.0121757295,4.714485,37.909782
20.48,10.222845,56.988144,0.012031194,4.6911564,37.920895
20.49,10.230102,57.090492,0.011888129,4.6679277,37.931953
20.5,10.237337,57.192886,0.01174648,4.6447973,37.94297
20.51,10.244561,57.295387,0.011606369,4.621768,37.953945
20.52,10.251772,57.39792,0.011467534,4.5988283,37.96487
20.53,10.258968,57.500538,0.011330266,4.575986,37.97574
20.54,10.2661495,57.603207,0.011194238,4.553234,37.98656
20.55,10.273312,57.705906,0.0110597,4.530588,37.997337
20.56,10.280458,57.80872,0.01092709,4.508037,38.008083
20.57,10.287587,57.911564,0.010795203,4.4855785,38.018757
20.58,10.294708,58.01448,0.010664816,4.4632044,38.029404
20.59,10.301814,58.117474,0.010535748,4.440928,38.04
20.6,10.308894,58.22052,0.010408547,4.4187646,38.050537
20.61,10.315969,58.323654,0.01028192,4.3966646,38.06105
20.62,10.323027,58.42685,0.010157177,4.37468,38.0715
20.63,10.330069,58.530056,0.010033343,4.352777,38.081905
20.64,10.337092,58.633343,0.009911008,4.330971,38.092274
20.65,10.344102,58.73673,0.009790184,4.3092623,38.10259
20.66,10.351095,58.84016,0.009670218,4.2876396,38.11285
20.67,10.358077,58.943665,0.009551612,4.266111,38.12309
20.68,10.365045,59.04721,0.009434393,4.244676,38.133278
20.69,10.371989,59.150833,0.00931859,4.223332,38.143414
20.7,10.3789215,59.25452,0.00920365,4.2020707,38.1535
20.71,10.385844,59.358242,0.0090901535,4.180915,38.163544
20.72,10.392747,59.462036,0.0089778295,4.159837,38.173557
20.73,10.399633,59.565926,0.008866794,4.1388593,38.183502
20.74,10.406507,59.669872,0.008756572,4.1179667,38.19342
20.75,10.413363,59.773853,0.008648019,4.0971665,38.203297
20.76,10.420208,59.87793,0.008540383,4.076449,38.213127
20.77,10.427031,59.98204,0.008433657,4.0558224,38.2229
20.78,10.433844,60.08624,0.008328335,4.035288,38.232635
20.79,10.440641,60.19048,0.008224171,4.014838,38.242317
20.8,10.447422,60.294773,0.008120967,3.994485,38.25199
20.81,10.454189,60.399155,0.0080189,3.9742138,38.261597
20.82,10.460941,60.503574,0.0079178065,3.9540322,38.27115
20.83,10.467673,60.608078,0.007818537,3.933938,38.28067
20.84,10.474396,60.71262,0.0077195177,3.9139318,38.290165
20.85,10.481101,60.81724,0.007621655,3.8940065,38.29959
20.86,10.487789,60.921936,0.007525294,3.8741791,38.308987
20.87,10.494467,61.026688,0.0074296296,3.854434,38.318333
20.88,10.501127,61.13146,0.007335076,3.8347733,38.327644
20.89,10.507772,61.236343,0.0072418083,3.8152015,38.336903
20.9,10.514401,61.341236,0.0071489015,3.795709,38.34613
20.91,10.521014,61.446255,0.007057608,3.7763052,38.355312
20.92,10.527613,61.5513,0.006967388,3.7569926,38.36444
20.93,10.534199,61.656414,0.0068778074,3.7377634,38.373554
20.94,10.540767,61.7616,0.006789338,3.7186036,38.382607
20.95,10.54732,61.866837,0.006701624,3.6995423,38.391617
20.96,10.553858,61.97211,0.0066153402,3.680571,38.400585
20.97,10.560379,62.07746,0.006529367,3.6616726,38.409527
20.98,10.566892,62.182903,0.006444757,3.6428573,38.41842
20.99,10.573386,62.2884,0.006361205,3.624128,38.427265
21.0,10.579865,62.393932,0.006277795,3.6054752,38.43608
21.01,10.586329,62.499542,0.0061961403,3.586922,38.444855
21.02,10.592774,62.6052,0.0061150473,3.5684366,38.453575
21.03,10.59921,62.710938,0.0060347617,3.5500357,38.462273
21.04,10.60563,62.816742,0.005955752,3.531717,38.470936
21.05,10.612031,62.922554,0.0058774846,3.5134933,38.47953
21.06,10.618419,63.02847,0.0057998104,3.495339,38.488094
21.07,10.624788,63.134445,0.0057226587,3.4772575,38.496624
21.08,10.631148,63.24049,0.005646944,3.4592636,38.505104
21.09,10.637489,63.346577,0.0055718813,3.4413557,38.51355
21.1,10.643822,63.452732,0.0054978915,3.4235215,38.52198
21.11,10.650133,63.558952,0.0054244604,3.4057703,38.53035
21.12,10.656431,63.66523,0.0053515937,3.3881006,38.538673
21.13,10.662717,63.771545,0.005280437,3.3705158,38.546967
21.14,10.668981,63.877953,0.0052090446,3.352999,38.555206
21.15,10.675233,63.984413,0.0051392866,3.335568,38.56344
21.16,10.681473,64.09092,0.0050699506,3.3182187,38.571598
21.17,10.687697,64.19752,0.0050008753,3.3009305,38.57975
21.18,10.693907,64.304146,0.004933022,3.2837348,38.58785
21.19,10.7001,64.41083,0.0048660506,3.2666228,38.595917
21.2,10.706276,64.51761,0.0047996948,3.249572,38.603943
21.21,10.712438,64.62439,0.0047343094,3.23261,38.611897
21.22,10.718591,64.73129,0.004669357,3.2157261,38.61985
21.23,10.724723,64.83824,0.0046050493,3.198911,38.627766
21.24,10.7308445,64.94524,0.0045416383,3.1821795,38.635647
21.25,10.736949,65.05231,0.0044785896,3.1655169,38.64349
21.26,10.743039,65.15942,0.00441703,3.1489394,38.651276
21.27,10.749115,65.2666,0.0043554595,3.1324346,38.65903
21.28,10.755173,65.37386,0.0042950166,3.116009,38.666748
21.29,10.76122,65.481155,0.004234841,3.0996487,38.674442
21.3,10.767244,65.5885,0.0041750073,3.0833645,38.682087
21.31,10.773259,65.695915,0.0041165706,3.0671623,38.689697
21.32,10.779266,65.803406,0.0040584616,3.0510268,38.697277
21.33,10.785249,65.910965,0.0040010223,3.0349667,38.704815
21.34,10.791216,66.01855,0.0039443523,3.0189867,38.712322
21.35,10.797176,66.12622,0.0038882894,3.00308,38.719803
21.36,10.803117,66.23392,0.003832803,2.9872458,38.727222
21.37,10.809045,66.341705,0.0037777033,2.9714792,38.734615
21.38,10.814959,66.44953,0.003723546,2.9557917,38.741962
21.39,10.820855,66.55744,0.0036696242,2.9401712,38.749306
21.4,10.826736,66.665405,0.0036165882,2.9246304,38.75659
21.41,10.832604,66.77341,0.0035641436,2.909153,38.763844
21.42,10.838459,66.881485,0.0035121301,2.8937528,38.771053
21.43,10.844295,66.98965,0.0034605814,2.878423,38.778233
21.44,10.850122,67.09782,0.0034098784,2.8631697,38.78539
21.45,10.855932,67.20607,0.0033598328,2.847979,38.792496
21.46,10.861724,67.31439,0.0033100015,2.8328643,38.79956
21.47,10.867505,67.42274,0.003261026,2.8178196,38.80661
21.48,10.873268,67.53117,0.0032125572,2.8028457,38.813618
21.49,10.8790245,67.63966,0.0031645792,2.787943,38.82059
21.5,10.88476,67.74822,0.0031164829,2.7730994,38.827534
21.51,10.890482,67.85682,0.003069764,2.7583373,38.834435
21.52,10.89619,67.965485,0.0030230377,2.7436378,38.84131
21.53,10.90188,68.07425,0.0029770145,2.7290168,38.84816
21.54,10.90756,68.183014,0.0029318416,2.7144542,38.854954
21.55,10.913223,68.29182,0.0028865943,2.6999671,38.861725
21.56,10.918876,68.40073,0.0028420696,2.6855397,38.868458
21.57,10.924507,68.50968,0.0027981158,2.6711898,38.875145
21.58,10.930132,68.61871,0.002754638,2.656907,38.881824
21.59,10.935736,68.727806,0.0027116118,2.6426897,38.888474
21.6,10.94133,68.83693,0.002669108,2.6285307,38.895065
21.61,10.946905,68.946106,0.0026269173,2.6144507,38.901634
21.62,10.952469,69.055374,0.0025850954,2.6004295,38.90818
21.63,10.958016,69.16467,0.0025437512,2.5864725,38.914684
21.64,10.963551,69.27404,0.0025031213,2.572595,38.921165
21.65,10.96907,69.38347,0.0024626106,2.5587747,38.92758
21.66,10.974576,69.49293,0.002422765,2.5450184,38.933994
21.67,10.980069,69.602486,0.0023830729,2.5313282,38.940353
21.68,10.985544,69.71207,0.002344328,2.517703,38.94673
21.69,10.991008,69.821754,0.0023054648,2.5041504,38.95305
21.7,10.996457,69.931465,0.0022672722,2.490654,38.959335
21.71,11.001886,70.04119,0.0022297585,2.4772282,38.965572
21.72,11.007313,70.15104,0.0021922318,2.4638658,38.97178
21.73,11.012718,70.26092,0.0021552322,2.450563,38.97796
21.74,11.018106,70.37088,0.0021181814,2.437324,38.984104
21.75,11.023483,70.48087,0.0020824596,2.4241605,38.99024
21.76,11.028847,70.59092,0.0020461455,2.4110398,38.99634
21.77,11.034195,70.701065,0.0020107506,2.3979907,39.00239
21.78,11.039534,70.81126,0.0019754535,2.3850102,39.00843
21.79,11.044855,70.921486,0.001940527,2.3720818,39.014423
21.8,11.050159,71.031746,0.0019060383,2.3592188,39.02039
21.81,11.055451,71.142075,0.0018722434,2.3464289,39.02632
21.82,11.060726,71.25247,0.0018388508,2.3336954,39.032227
21.83,11.065995,71.36295,0.0018053055,2.3210192,39.038116
21.84,11.071244,71.47346,0.0017724559,2.308403,39.043957
21.85,11.076483,71.584045,0.0017399136,2.295853,39.04977
21.86,11.081702,71.694664,0.0017072754,2.283355,39.055565
21.87,11.086911,71.80532,0.001675331,2.2709274,39.06133
21.88,11.092102,71.91608,0.0016435916,2.2585523,39.067055
21.89,11.097284,72.02686,0.0016125869,2.2462487,39.072742
21.9,11.102451,72.13771,0.001581504,2.2339957,39.07841
21.91,11.107602,72.24863,0.0015507396,2.221805,39.08406
21.92,11.112741,72.35959,0.0015203618,2.2096646,39.089676
21.93,11.117867,72.470604,0.0014899783,2.1975913,39.095238
21.94,11.122979,72.58171,0.0014599916,2.1855726,39.100792
21.95,11.128078,72.69285,0.0014310563,2.173625,39.106323
21.96,11.1331625,72.80399,0.0014018463,2.1617308,39.111816
21.97,11.138231,72.91525,0.0013728747,2.149889,39.117283
21.98,11.143285,73.02656,0.0013438473,2.138101,39.122715
21.99,11.148329,73.1379,0.001316282,2.1263835,39.128136
22.0,11.153355,73.24929,0.0012876326,2.114709,39.13352
22.01,11.158372,73.36076,0.0012600105,2.1031022,39.138863
22.02,11.163375,73.47229,0.0012325002,2.0915475,39.144184
22.03,11.168362,73.58389,0.0012052013,2.0800505,39.14947
22.04,11.173337,73.69552,0.0011781789,2.0686107,39.154755
22.05,11.178296,73.80718,0.0011514323,2.0572274,39.160004
22.06,11.183241,73.91889,0.0011251578,2.045902,39.16521
22.07,11.188171,74.0307,0.0010990538,2.0346332,39.17039
22.08,11.193092,74.14254,0.0010730783,2.0234175,39.17555
22.09,11.197998,74.25443,0.0010470543,2.012253,39.180687
22.1,11.20289,74.36641,0.0010219384,2.0011525,39.185787
22.11,11.20777,74.47839,0.0009969417,1.9901016,39.19087
22.12,11.212634,74.590485,0.0009718612,1.9790986,39.195923
22.13,11.217486,74.70259,0.0009472342,1.9681642,39.20096
22.14,11.222323,74.81475,0.00092250574,1.9572718,39.20594
22.15,11.227145,74.92698,0.0008981498,1.9464377,39.21091
22.16,11.231959,75.03922,0.0008744523,1.9356635,39.215855
22.17,11.236754,75.15157,0.0008502221,1.9249326,39.22078
22.18,11.241543,75.26397,0.0008268235,1.9142593,39.225677
22.19,11.246314,75.37638,0.00080371834,1.903642,39.230545
22.2,11.251069,75.48889,0.00078036916,1.8930721,39.23539
22.21,11.2558155,75.60141,0.0007576281,1.8825636,39.240196
22.22,11.260548,75.71399,0.00073466636,1.8720976,39.24498
22.23,11.265267,75.82669,0.0007122839,1.8616871,39.24974
22.24,11.269971,75.93934,0.0006901482,1.8513322,39.254482
22.25,11.274662,76.0521,0.00066757854,1.8410218,39.259197
22.26,11.279342,76.164894,0.00064630527,1.8307686,39.263878
22.27,11.284008,76.27778,0.0006235745,1.8205541,39.26853
22.28,11.288656,76.39068,0.00060278084,1.8104115,39.27317
22.29,11.293296,76.503654,0.0005809758,1.8003083,39.277805
22.3,11.29792,76.6166,0.00056046713,1.7902647,39.282375
22.31,11.302537,76.729675,0.0005394621,1.7802652,39.28693
22.32,11.30714,76.84279,0.0005186163,1.7703162,39.291462
22.33,11.311729,76.955956,0.00049786177,1.7604117,39.295982
22.34,11.316297,77.069176,0.00047734752,1.7505563,39.30048
22.35,11.320858,77.18245,0.00045766868,1.7407664,39.304935
22.36,11.325406,77.29574,0.00043720938,1.7310032,39.30937
22.37,11.329943,77.40914,0.00041726418,1.7213092,39.31379
22.38,11.334465,77.52251,0.0003979206,1.7116616,39.31818
22.39,11.338972,77.63601,0.0003782073,1.7020557,39.322548
22.4,11.343468,77.74949,0.00035894383,1.692497,39.32688
22.41,11.347948,77.86307,0.00033983216,1.6829901,39.331226
22.42,11.352422,77.97664,0.00032119732,1.6735369,39.3355
22.43,11.356876,78.090355,0.00030183606,1.6641212,39.339787
22.44,11.361322,78.20406,0.0002828203,1.6547539,39.34403
22.45,11.365759,78.31783,0.00026494637,1.6454468,39.348263
22.46,11.3701725,78.43158,0.00024630595,1.6361663,39.35247
22.47,11.374581,78.545456,0.00022817496,1.6269529,39.356632
22.48,11.378973,78.659386,0.00021034479,1.6177778,39.360794
22.49,11.383354,78.77332,0.00019242242,1.6086508,39.364937
22.5,11.387721,78.88733,0.00017419271,1.5995643,39.369045
22.51,11.392081,79.0014,0.00015693344,1.5905355,39.37312
22.52,11.3964205,79.11552,0.0001396276,1.5815442,39.377205
22.53,11.400753,79.22964,0.00012234692,1.5726066,39.38124
22.54,11.40507,79.34383,0.00010521058,1.5637075,39.385242
22.55,11.409377,79.458046,8.8335946e-05,1.5548608,39.38925
22.56,11.41367,79.57234,7.153768e-05,1.5460469,39.39322
22.57,11.417949,79.68668,5.5070035e-05,1.5372947,39.39719
22.58,11.422217,79.80106,3.811065e-05,1.5285779,39.40112
22.59,11.426474,79.9155,2.2035092e-05,1.5199171,39.405018
22.6,11.430718,80.029976,5.716458e-06,1.5112833,39.408916
22.61,11.434946,80.144485,-1.0279939e-05,1.502702,39.412777
22.62,11.439162,80.259056,-2.6346184e-05,1.494161,39.416615
22.63,11.443374,80.373665,-4.2211264e-05,1.4856726,39.42044
22.64,11.447568,80.48831,-5.79888e-05,1.4772164,39.42425
22.65,11.451748,80.60301,-7.3392875e-05,1.4688222,39.428036
22.66,11.455918,80.717766,-8.8771805e-05,1.4604554,39.431786
22.67,11.460073,80.83256,-0.00010397658,1.4521345,39.43553
22.68,11.464218,80.94738,-0.00011914596,1.4438653,39.439255
22.69,11.46835,81.06226,-0.00013420358,1.435626,39.44295
22.7,11.472465,81.17725,-0.00014930591,1.4274312,39.446625
22.71,11.47658,81.29219,-0.00016397238,1.4192884,39.45028
22.72,11.480674,81.40719,-0.00017862767,1.4111823,39.453915
22.73,11.484759,81.52223,-0.00019288994,1.4031212,39.45754
22.74,11.488825,81.63736,-0.00020716991,1.3951021,39.461124
22.75,11.4928875,81.75249,-0.00022091344,1.3871269,39.464687
22.76,11.496934,81.86764,-0.00023542996,1.3791882,39.468246
22.77,11.500969,81.9829,-0.00024954695,1.3712912,39.471775
22.78,11.5049925,82.09823,-0.0002632346,1.3634317,39.475277
22.79,11.5090065,82.21353,-0.00027696695,1.3556259,39.478775
22.8,11.513005,82.32885,-0.0002906723,1.3478495,39.482254
22.81,11.516989,82.44422,-0.00030395947,1.3401217,39.4857
22.82,11.5209675,82.55973,-0.00031715352,1.3324353,39.489132
22.83,11.524929,82.675186,-0.00033054408,1.3247736,39.492558
22.84,11.528882,82.79073,-0.00034352858,1.317166,39.495945
22.85,11.532821,82.90628,-0.00035633333,1.3095968,39.499317
22.86,11.53675,83.02193,-0.0003693495,1.3020633,39.502678
22.87,11.540666,83.13754,-0.0003821589,1.2945738,39.506016
22.88,11.544568,83.25321,-0.00039486494,1.287122,39.509323
22.89,11.54846,83.368965,-0.0004070308,1.279713,39.512627
22.9,11.552343,83.484726,-0.00041958876,1.2723349,39.515896
22.91,11.556213,83.60054,-0.000431804,1.2650038,39.519165
22.92,11.560071,83.71641,-0.00044347998,1.2577121,39.522404
22.93,11.563916,83.83232,-0.0004557604,1.2504531,39.525627
22.94,11.56775,83.948235,-0.00046752207,1.2432358,39.52884
22.95,11.571572,84.06422,-0.00047918223,1.2360549,39.53202
22.96,11.57538,84.18024,-0.000490739,1.2289155,39.53519
22.97,11.579178,84.296265,-0.00050239544,1.22181,39.538322
22.98,11.582968,84.41235,-0.00051373336,1.2147427,39.54145
22.99,11.586746,84.528496,-0.0005248422,1.2077177,39.54457
23.0,11.590511,84.64466,-0.00053585507,1.200726,39.547672
23.01,11.594265,84.76085,-0.00054691266,1.1937754,39.55074
23.02,11.598004,84.8771,-0.0005576983,1.1868582,39.55381
23.03,11.601734,84.99337,-0.0005686013,1.1799804,39.556835
23.04,11.605456,85.109695,-0.00057872105,1.1731375,39.559853
23.05,11.609161,85.22604,-0.0005891975,1.1663332,39.562855
23.06,11.612858,85.34243,-0.0005996851,1.1595614,39.56586
23.07,11.616545,85.45889,-0.0006101383,1.1528322,39.56882
23.08,11.620216,85.57533,-0.0006202776,1.1461306,39.57178
23.09,11.623878,85.69181,-0.0006302176,1.1394701,39.574703
23.1,11.627532,85.80839,-0.00063969195,1.1328495,39.577618
23.11,11.631174,85.92494,-0.0006495565,1.1262629,39.580532
23.12,11.6348,86.04156,-0.0006593792,1.1197071,39.583412
23.13,11.638415,86.1582,-0.00066871755,1.1131876,39.58629
23.14,11.642021,86.27488,-0.0006781379,1.1067042,39.58913
23.15,11.645617,86.391594,-0.0006875368,1.1002517,39.59196
23.16,11.649203,86.50835,-0.00069633033,1.0938468,39.59477
23.17,11.652772,86.625145,-0.00070556253,1.0874581,39.597572
23.18,11.65633,86.74199,-0.0007144138,1.0811168,39.60035
23.19,11.659882,86.85885,-0.0007227529,1.0748143,39.603123
23.2,11.663421,86.97576,-0.0007315874,1.0685349,39.605892
23.21,11.666946,87.09265,-0.0007400848,1.0622944,39.608604
23.22,11.670465,87.209625,-0.00074864924,1.0560832,39.61133
23.23,11.67397,87.326645,-0.0007566111,1.0499163,39.61402
23.24,11.677468,87.44364,-0.0007648384,1.0437711,39.616707
23.25,11.68095,87.56071,-0.0007726839,1.0376656,39.619377
23.26,11.6844225,87.67781,-0.0007805312,1.0315955,39.62202
23.27,11.687888,87.79494,-0.0007882193,1.0255568,39.62467
23.28,11.691336,87.912094,-0.0007956559,1.0195472,39.627296
23.29,11.694776,88.029305,-0.00080313254,1.0135747,39.629894
23.3,11.698203,88.14652,-0.0008107582,1.0076278,39.632484
23.31,11.701624,88.26379,-0.00081741065,1.0017291,39.635044
23.32,11.705032,88.38108,-0.00082467217,0.99585116,39.63761
23.33,11.708428,88.49841,-0.00083160214,0.99000376,39.640163
23.34,11.711817,88.6158,-0.00083851255,0.9841882,39.642693
23.35,11.71519,88.73319,-0.0008453885,0.9784037,39.645218
23.36,11.718557,88.85061,-0.00085188635,0.97265196,39.647705
23.37,11.7219095,88.968056,-0.00085850805,0.96693635,39.65018
23.38,11.725253,89.08554,-0.0008644536,0.9612583,39.65266
23.39,11.728583,89.20309,-0.0008711191,0.9555925,39.655117
23.4,11.731906,89.32063,-0.00087640714,0.94998014,39.65756
23.41,11.735218,89.43819,-0.0008826554,0.94438624,39.65996
23.42,11.738516,89.55582,-0.00088849664,0.9388188,39.662373
23.43,11.741806,89.67346,-0.0008941628,0.933289,39.664772
23.44,11.745088,89.791145,-0.00089951605,0.9277879,39.667156
23.45,11.748358,89.90885,-0.00090519525,0.92231214,39.669518
23.46,11.751617,90.02658,-0.000910582,0.91687125,39.671864
23.47,11.754867,90.14434,-0.00091531686,0.9114704,39.674202
23.48,11.758101,90.26213,-0.0009203423,0.90608406,39.67652
23.49,11.761332,90.37998,-0.00092516,0.90074205,39.678837
23.5,11.764547,90.49785,-0.00092968997,0.8954179,39.681126
23.51,11.767753,90.61573,-0.0009350432,0.89011973,39.683414
23.52,11.770947,90.73365,-0.00093878247,0.8848658,39.685677
23.53,11.774133,90.85159,-0.00094306003,0.87962985,39.687927
23.54,11.7773075,90.96956,-0.00094726775,0.87442744,39.690166
23.55,11.780473,91.087555,-0.0009517502,0.8692452,39.692413
23.56,11.783631,91.20557,-0.00095556956,0.8641012,39.6946
23.57,11.786774,91.32365,-0.00095925666,0.858989,39.69681
23.58,11.789911,91.441765,-0.00096283853,0.85389805,39.69899
23.59,11.793035,91.559875,-0.0009666672,0.8488413,39.701168
23.6,11.796147,91.678024,-0.0009694565,0.8438102,39.703316
23.61,11.79925,91.7962,-0.00097301975,0.8387989,39.70547
23.62,11.802342,91.9144,-0.0009758556,0.8338261,39.707603
23.63,11.805428,92.03261,-0.0009792326,0.8288753,39.70972
23.64,11.808495,92.15088,-0.0009820489,0.82395047,39.71183
23.65,11.811558,92.26916,-0.0009848531,0.81905913,39.71391
23.66,11.814613,92.38749,-0.0009874664,0.81418985,39.716
23.67,11.817655,92.50585,-0.0009896718,0.809356,39.718067
23.68,11.820691,92.62424,-0.0009923251,0.8045403,39.72011
23.69,11.823711,92.74262,-0.000994266,0.7997614,39.72215
23.7,11.826727,92.861084,-0.0009964015,0.79498875,39.724174
23.71,11.829729,92.97948,-0.0009985752,0.7902654,39.726192
23.72,11.83272,93.09795,-0.0010003448,0.7855524,39.728195
23.73,11.835705,93.21648,-0.0010019103,0.7808754,39.730198
23.74,11.838676,93.33503,-0.0010036184,0.77622294,39.732166
23.75,11.841638,93.45362,-0.001004776,0.7715885,39.73415
23.76,11.844589,93.57217,-0.0010062717,0.7669892,39.7361
23.77,11.847532,93.69082,-0.0010075243,0.7624086,39.738056
23.78,11.850464,93.80946,-0.0010086028,0.75785613,39.739983
23.79,11.853392,93.92816,-0.0010093348,0.75333405,39.741898
23.8,11.856305,94.04683,-0.0010103099,0.748836,39.7438
23.81,11.85921,94.16552,-0.0010109162,0.7443601,39.745686
23.82,11.862103,94.284294,-0.0010115001,0.73991024,39.74757
23.83,11.864989,94.40307,-0.0010119239,0.73548627,39.74947
23.84,11.86786,94.52187,-0.0010120841,0.731086,39.75131
23.85,11.870724,94.64069,-0.0010126671,0.72670484,39.753162
23.86,11.873581,94.75957,-0.0010125469,0.7223546,39.755
23.87,11.876428,94.87843,-0.0010124939,0.7180307,39.756813
23.88,11.879264,94.997345,-0.0010122182,0.7137254,39.75864
23.89,11.88209,95.116264,-0.0010119826,0.70944476,39.760445
23.9,11.884905,95.235245,-0.0010116659,0.70518976,39.762234
23.91,11.887715,95.354225,-0.0010109367,0.7009633,39.76402
23.92,11.8905115,95.47324,-0.0010104962,0.69675547,39.7658
23.93,11.893302,95.5923,-0.0010096068,0.6925697,39.767548
23.94,11.896075,95.71133,-0.0010088561,0.6884054,39.769302
23.95,11.898846,95.830444,-0.0010080561,0.6842764,39.771046
23.96,11.901605,95.94952,-0.0010065697,0.6801637,39.772762
23.97,11.904354,96.06864,-0.001005548,0.6760629,39.774467
23.98,11.907099,96.18781,-0.0010046605,0.671994,39.776176
23.99,11.909827,96.30703,-0.0010027401,0.66794956,39.777866
24.0,11.912551,96.42626,-0.0010010097,0.6639326,39.779556
24.01,11.915266,96.54549,-0.0009995466,0.65993094,39.78123
24.02,11.91797,96.664734,-0.0009977147,0.6559484,39.782894
24.03,11.920662,96.78402,-0.0009961519,0.65199304,39.78454
24.04,11.923343,96.90335,-0.0009941813,0.6480622,39.78619
24.05,11.926022,97.02266,-0.000992165,0.6441463,39.78782
24.06,11.928683,97.14204,-0.0009901617,0.64025456,39.789444
24.07,11.931343,97.26141,-0.0009876583,0.6363863,39.791058
24.08,11.933992,97.38081,-0.0009849761,0.6325447,39.792664
24.09,11.936633,97.500244,-0.0009827344,0.6287175,39.79424
24.1,11.939265,97.61971,-0.0009802813,0.62490994,39.79582
24.11,11.941886,97.7392,-0.0009778198,0.6211295,39.7974
24.12,11.944493,97.858734,-0.00097490754,0.6173723,39.79897
24.13,11.947099,97.978264,-0.0009720968,0.6136242,39.800526
24.14,11.949693,98.097824,-0.0009695124,0.60990894,39.80205
24.15,11.952276,98.217384,-0.0009663291,0.6062088,39.803593
24.16,11.954851,98.337,-0.00096344296,0.6025282,39.80513
24.17,11.9574175,98.45664,-0.00096016657,0.59887,39.806633
24.18,11.95997,98.57631,-0.00095683895,0.5952305,39.808132
24.19,11.962519,98.69594,-0.00095360447,0.59161115,39.80963
24.2,11.96506,98.81564,-0.0009503616,0.58801323,39.81112
24.21,11.967593,98.93537,-0.00094696507,0.58444214,39.812595
24.22,11.970111,99.05512,-0.0009431513,0.5808842,39.81406
24.23,11.972622,99.17488,-0.0009397622,0.5773445,39.815514
24.24,11.975129,99.2947,-0.0009359522,0.573825,39.81698
24.25,11.977625,99.41454,-0.0009320369,0.5703299,39.818417
24.26,11.980106,99.534355,-0.00092850626,0.5668418,39.81985
24.27,11.982588,99.65427,-0.0009251023,0.5633844,39.82127
24.28,11.985058,99.774155,-0.0009206096,0.5599467,39.8227
24.29,11.987518,99.89406,-0.00091655366,0.55652297,39.82409
24.3,11.989967,100.01397,-0.000912237,0.5531202,39.825497
24.31,11.992409,100.13398,-0.00090863835,0.5497278,39.82687
24.32,11.994845,100.253944,-0.0009043133,0.5463708,39.82825
24.33,11.997272,100.37394,-0.00090012234,0.54302907,39.829617
24.34,11.999685,100.49398,-0.0008959975,0.5396966,39.83097
24.35,12.002092,100.61403,-0.00089163333,0.5363865,39.832317
24.36,12.004493,100.73413,-0.00088700093,0.53309757,39.833664
24.37,12.006885,100.854225,-0.00088279694,0.52982306,39.835007
24.38,12.009266,100.97434,-0.0008782046,0.52657187,39.836327
24.39,12.011642,101.094475,-0.00087391865,0.5233293,39.837666
24.4,12.014006,101.214645,-0.000869317,0.5201112,39.838974
24.41,12.016363,101.334854,-0.0008647097,0.51690876,39.840267
24.42,12.018712,101.45508,-0.0008601155,0.5137235,39.84159
24.43,12.021051,101.575325,-0.00085545983,0.5105651,39.84287
24.44,12.023384,101.69557,-0.0008510342,0.507408,39.844135
24.45,12.025708,101.815865,-0.0008463692,0.5042765,39.8454
24.46,12.02802,101.936134,-0.00084158033,0.5011639,39.846657
24.47,12.030328,102.056526,-0.00083693955,0.49806485,39.847916
24.48,12.032626,102.17684,-0.0008320436,0.49499536,39.84915
24.49,12.034916,102.29724,-0.00082760025,0.4919207,39.850414
24.5,12.037201,102.41761,-0.00082237925,0.4888832,39.851635
24.51,12.039476,102.538055,-0.0008179601,0.48584986,39.852867
24.52,12.041745,102.65849,-0.0008128956,0.4828376,39.854076
24.53,12.043999,102.77896,-0.00080828834,0.47983524,39.855278
24.54,12.046243,102.89944,-0.0008034194,0.47686088,39.856476
24.55,12.048488,103.01992,-0.00079861656,0.4739004,39.857666
24.56,12.050719,103.14046,-0.0007937066,0.47095275,39.85885
24.57,12.052942,103.26099,-0.00078909006,0.46801877,39.860027
24.58,12.055162,103.38158,-0.0007841578,0.46510664,39.86119
24.59,12.05737,103.502174,-0.00077943783,0.4622047,39.862362
24.6,12.05957,103.62282,-0.0007744124,0.4593284,39.86352
24.61,12.061762,103.74346,-0.0007697074,0.45646033,39.864662
24.62,12.06395,103.864136,-0.00076512806,0.45360684,39.865818
24.63,12.066124,103.98477,-0.0007603131,0.45077506,39.86695
24.64,12.068292,104.1055,-0.0007555075,0.44795716,39.868073
24.65,12.070456,104.22622,-0.000750985,0.44514596,39.869186
24.66,12.072611,104.34694,-0.0007464327,0.44235653,39.870304
24.67,12.074755,104.46774,-0.00074176304,0.43959025,39.871418
24.68,12.076896,104.58856,-0.0007368168,0.43682754,39.872517
24.69,12.079026,104.70938,-0.0007322449,0.43408903,39.873608
24.7,12.081142,104.83023,-0.00072752684,0.4313573,39.87468
24.71,12.083259,104.95108,-0.0007233005,0.42865238,39.875763
24.72,12.085368,105.071945,-0.000718914,0.42594352,39.876827
24.73,12.087467,105.192825,-0.00071425363,0.42326576,39.877888
24.74,12.089555,105.31376,-0.0007098969,0.42059708,39.87896
24.75,12.091638,105.43471,-0.0007052254,0.41794917,39.880013
24.76,12.093714,105.55565,-0.00070090685,0.41531023,39.88106
24.77,12.095783,105.67667,-0.0006968668,0.4126799,39.88209
24.78,12.097843,105.79765,-0.00069237314,0.4100725,39.883137
24.79,12.099897,105.91869,-0.00068842433,0.40747145,39.884144
24.8,12.101938,106.03971,-0.0006844085,0.40489024,39.88516
24.81,12.103978,106.1608,-0.000680075,0.40232295,39.886166
24.82,12.106009,106.28188,-0.0006761281,0.39976987,39.887173
24.83,12.10803,106.402985,-0.0006719427,0.39723206,39.888176
24.84,12.110048,106.524086,-0.0006682258,0.39470828,39.88915
24.85,12.112054,106.645226,-0.00066406,0.39219615,39.890152
24.86,12.114055,106.76643,-0.0006606262,0.3896994,39.891117
24.87,12.116049,106.887596,-0.00065693073,0.38721126,39.892105
24.88,12.118036,107.00882,-0.0006531067,0.3847378,39.893055
24.89,12.120013,107.13005,-0.0006495891,0.38228905,39.894024
24.9,12.121985,107.251305,-0.00064627733,0.37984276,39.894978
24.91,12.123951,107.372574,-0.000642946,0.37740564,39.89593
24.92,12.125911,107.49384,-0.00063955877,0.37499344,39.896866
24.93,12.127856,107.61516,-0.0006364938,0.37258655,39.897804
24.94,12.129798,107.7365,-0.0006330181,0.37020135,39.898724
24.95,12.131733,107.857834,-0.00062975846,0.3678254,39.899647
24.96,12.133663,107.97919,-0.00062687416,0.3654679,39.900566
24.97,12.13558,108.10058,-0.00062390976,0.36311483,39.90148
24.98,12.137497,108.222,-0.00062098727,0.36077672,39.902386
24.99,12.1394,108.34344,-0.0006181346,0.35845646,39.903297
25.0,12.1413,108.46485,-0.0006156247,0.3561489,39.90419
25.01,12.143195,108.58638,-0.0006129686,0.35384613,39.90507
25.02,12.14508,108.70783,-0.0006101532,0.35156828,39.905956
25.03,12.146958,108.829315,-0.0006081611,0.3492858,39.906822
25.04,12.148829,108.9508,-0.0006055059,0.34703153,39.907703
25.05,12.15069,109.072334,-0.00060338434,0.34477913,39.90856
25.06,12.152554,109.19394,-0.00060097873,0.34255186,39.909428
25.07,12.1544,109.31549,-0.00059911795,0.34032604,39.910267
25.08,12.156246,109.437096,-0.00059722085,0.33811858,39.91113
25.09,12.158084,109.55868,-0.00059556216,0.33591378,39.911964
25.1,12.159914,109.680305,-0.0005937135,0.33373597,39.912796
25.11,12.1617365,109.80199,-0.00059218425,0.3315619,39.913635
25.12,12.163555,109.92365,-0.00059035607,0.32940596,39.91446
25.13,12.165363,110.045334,-0.00058892556,0.32725078,39.915276
25.14,12.167165,110.16699,-0.0005875621,0.32511574,39.91609
25.15,12.1689625,110.28875,-0.0005864026,0.322992,39.91689
25.16,12.170753,110.41051,-0.0005853493,0.32087696,39.917694
25.17,12.172535,110.532234,-0.0005844012,0.318776,39.918495
25.18,12.17431,110.65402,-0.00058339257,0.31669304,39.9193
25.19,12.176084,110.775826,-0.00058240164,0.31461948,39.920067
25.2,12.177841,110.89763,-0.00058159884,0.31254944,39.920853
25.21,12.1796,111.0194,-0.00058129523,0.3104933,39.921635
25.22,12.181351,111.141266,-0.00058054924,0.3084558,39.922398
25.23,12.183091,111.26314,-0.00058030896,0.30642337,39.92317
25.24,12.184831,111.38501,-0.00057996344,0.30440915,39.923935
25.25,12.186558,111.50686,-0.0005798917,0.30239984,39.92467
25.26,12.18828,111.62881,-0.0005798368,0.30040568,39.925426
25.27,12.189997,111.75071,-0.0005798219,0.29842317,39.926155
25.28,12.191707,111.87265,-0.00057988334,0.29644924,39.926903
25.29,12.193409,111.99464,-0.0005801348,0.29448405,39.927647
25.3,12.195107,112.11661,-0.00058048405,0.29253685,39.928368
25.31,12.196801,112.23856,-0.0005812319,0.290595,39.929092
25.32,12.198482,112.36054,-0.00058162306,0.28867567,39.929802
25.33,12.200163,112.48257,-0.0005820878,0.28676337,39.930515
25.34,12.201838,112.60462,-0.00058294367,0.2848579,39.93123
25.35,12.203503,112.726685,-0.0005840091,0.282958,39.931923
25.36,12.205161,112.848785,-0.00058502704,0.2810722,39.932617
25.37,12.206813,112.97085,-0.000586031,0.2792041,39.933308
25.38,12.208462,113.092896,-0.0005869558,0.27734545,39.93398
25.39,12.210101,113.21504,-0.00058829505,0.27549782,39.934654
25.4,12.211738,113.33717,-0.000589747,0.27365476,39.935333
25.41,12.213365,113.4593,-0.0005911542,0.2718258,39.936024
25.42,12.214986,113.58147,-0.0005928641,0.27000648,39.936687
25.43,12.216602,113.70364,-0.0005943775,0.26819628,39.93735
25.44,12.218211,113.82583,-0.00059634075,0.26640862,39.938004
25.45,12.219817,113.948044,-0.00059825927,0.2646188,39.93865
25.46,12.221413,114.07026,-0.00059990864,0.26284537,39.9393
25.47,12.223003,114.19248,-0.0006020572,0.26107353,39.93994
25.48,12.22459,114.31477,-0.00060457364,0.25932142,39.94058
25.49,12.226171,114.437004,-0.0006065881,0.25757822,39.94121
25.5,12.227743,114.55928,-0.0006090645,0.255845,39.941837
25.51,12.229309,114.68159,-0.00061132107,0.25411856,39.942463
25.52,12.230873,114.803894,-0.00061396416,0.25241032,39.943085
25.53,12.232427,114.92619,-0.00061640795,0.2507095,39.943684
25.54,12.2339735,115.04849,-0.0006190967,0.24901873,39.944294
25.55,12.23552,115.17086,-0.0006221263,0.2473368,39.944904
25.56,12.237053,115.29322,-0.0006250134,0.24565855,39.94549
25.57,12.238592,115.41558,-0.0006278455,0.2439988,39.946083
25.58,12.240117,115.537964,-0.0006307373,0.24234328,39.946682
25.59,12.241635,115.66038,-0.00063373055,0.24070168,39.947258
25.6,12.24315,115.782814,-0.00063699204,0.23906982,39.94784
25.61,12.2446575,115.90523,-0.0006403588,0.23745045,39.94841
25.62,12.246161,116.02769,-0.0006434433,0.23583904,39.948986
25.63,12.247655,116.15012,-0.0006469535,0.23423418,39.94955
25.64,12.24915,116.27255,-0.0006504636,0.23264754,39.950115
25.65,12.250633,116.395096,-0.0006539719,0.23105621,39.950657
25.66,12.252112,116.51754,-0.00065752026,0.2294834,39.951214
25.67,12.253585,116.640045,-0.0006610509,0.22791666,39.951767
25.68,12.255056,116.76259,-0.00066474546,0.22636446,39.95231
25.69,12.256515,116.8851,-0.00066852756,0.22482285,39.95285
25.7,12.257972,117.007614,-0.00067216717,0.22328806,39.95337
25.71,12.2594185,117.13017,-0.0006762184,0.22175545,39.953903
25.72,12.260864,117.252716,-0.00067978445,0.22024766,39.954437
25.73,12.262305,117.37531,-0.0006836634,0.21873981,39.95494
25.74,12.263739,117.497894,-0.00068771746,0.21724704,39.955456
25.75,12.265166,117.62055,-0.0006917855,0.21575019,39.95598
25.76,12.266589,117.743164,-0.0006959969,0.21427083,39.95648
25.77,12.268005,117.86577,-0.00069995504,0.21279633,39.956978
25.78,12.269418,117.9884,-0.0007039327,0.21134225,39.957485
25.79,12.270822,118.111046,-0.00070840865,0.20989326,39.957973
25.8,12.272222,118.23369,-0.00071239844,0.20844689,39.95845
25.81,12.273618,118.35636,-0.0007165158,0.20701742,39.95894
25.82,12.275006,118.47904,-0.00072072726,0.20558879,39.959415
25.83,12.276388,118.60175,-0.0007248912,0.20417485,39.959896
25.84,12.277766,118.72444,-0.0007291995,0.20276538,39.960365
25.85,12.279139,118.84715,-0.0007337313,0.201363,39.96083
25.86,12.280507,118.96992,-0.00073763914,0.199981,39.961285
25.87,12.281865,119.092636,-0.00074196514,0.19859946,39.96175
25.88,12.283223,119.215355,-0.00074631814,0.19722837,39.962196
25.89,12.284576,119.338135,-0.00075053703,0.19586232,39.962643
25.9,12.285919,119.46089,-0.0007547261,0.19450924,39.96309
25.91,12.287257,119.58371,-0.00075925235,0.19316298,39.963535
25.92,12.288597,119.70649,-0.0007634079,0.19182688,39.96397
25.93,12.289925,119.8293,-0.0007676622,0.19050029,39.964405
25.94,12.291245,119.95209,-0.0007718541,0.18917984,39.964832
25.95,12.292563,120.07492,-0.0007763617,0.18786764,39.96524
25.96,12.293877,120.19774,-0.00078056287,0.18656221,39.96567
25.97,12.295185,120.32062,-0.00078461505,0.18526107,39.966087
25.98,12.296489,120.44346,-0.00078856666,0.18398198,39.96649
25.99,12.297785,120.56632,-0.00079280976,0.18270814,39.96691
26.0,12.299075,120.68919,-0.0007968247,0.18142587,39.967316
26.01,12.300361,120.81208,-0.00080098957,0.1801694,39.96771
26.02,12.301642,120.93498,-0.0008050101,0.17891744,39.968098
26.03,12.302919,121.0579,-0.0008091666,0.17766225,39.968487
26.04,12.30419,121.18084,-0.00081297103,0.17642435,39.968872
26.05,12.305454,121.3037,-0.00081675686,0.17520154,39.969265
26.06,12.306711,121.42663,-0.00082047656,0.17397982,39.96962
26.07,12.307968,121.54961,-0.00082443375,0.17275816,39.970005
26.08,12.309217,121.67254,-0.0008281693,0.17155951,39.970383
26.09,12.310465,121.795494,-0.0008318601,0.17035732,39.97075
26.1,12.311702,121.91853,-0.00083551183,0.16916203,39.97111
26.11,12.312935,122.0415,-0.0008388255,0.16798252,39.971462
26.12,12.314166,122.16448,-0.0008426178,0.16680121,39.971817
26.13,12.315387,122.28748,-0.0008458365,0.16563654,39.972187
26.14,12.316604,122.41048,-0.0008490477,0.16447988,39.97253
26.15,12.317818,122.533516,-0.0008523371,0.16331974,39.97287
26.16,12.319025,122.656586,-0.0008555036,0.16217682,39.973213
26.17,12.320225,122.77963,-0.00085835997,0.16103116,39.973545
26.18,12.321425,122.902664,-0.0008615609,0.159901,39.973885
26.19,12.322618,123.02571,-0.0008646259,0.15877822,39.974197
26.2,12.323806,123.14879,-0.00086718984,0.15765744,39.97451
26.21,12.324986,123.2719,-0.00087000243,0.15654671,39.974827
26.22,12.326163,123.394966,-0.00087263156,0.15544838,39.97515
26.23,12.327337,123.51803,-0.0008749133,0.15435302,39.975452
26.24,12.328505,123.6412,-0.0008775471,0.15326226,39.97578
26.25,12.329663,123.7643,-0.00088006165,0.15217924,39.976078
26.26,12.330824,123.88741,-0.00088202674,0.15110168,39.97639
26.27,12.331973,124.010574,-0.0008841902,0.15003508,39.97668
26.28,12.33312,124.13376,-0.00088621397,0.14897248,39.97699
26.29,12.334256,124.25686,-0.00088832714,0.14791644,39.977272
26.3,12.335393,124.38001,-0.0008900985,0.14686549,39.977562
26.31,12.336524,124.50323,-0.0008913884,0.14582977,39.977848
26.32,12.337651,124.62638,-0.0008932613,0.14478713,39.978123
26.33,12.338774,124.749565,-0.0008944124,0.14376357,39.9784
26.34,12.33989,124.87278,-0.00089608785,0.14274174,39.978683
26.35,12.3410015,124.99602,-0.0008970555,0.14172083,39.97894
26.36,12.342108,125.119225,-0.0008982774,0.14071319,39.979206
26.37,12.34321,125.242424,-0.0008990681,0.13971439,39.979473
26.38,12.344306,125.36567,-0.00089964084,0.13871568,39.979725
26.39,12.345396,125.48887,-0.0009005228,0.13772085,39.979996
26.4,12.346484,125.61221,-0.0009008255,0.13673791,39.980244
26.41,12.347564,125.73546,-0.0009012539,0.1357612,39.980503
26.42,12.348639,125.858765,-0.0009016916,0.13478926,39.98074
26.43,12.349714,125.98201,-0.00090174563,0.13382787,39.980995
26.44,12.350779,126.105316,-0.0009016236,0.13285825,39.981236
26.45,12.35184,126.2286,-0.0009015305,0.13191167,39.98147
26.46,12.352895,126.3519,-0.00090117566,0.13096154,39.98171
26.47,12.353946,126.4752,-0.00090054143,0.13001713,39.981937
26.48,12.354997,126.59862,-0.0009000236,0.12908512,39.982162
26.49,12.356037,126.72189,-0.00089929905,0.1281538,39.982388
26.5,12.357072,126.845245,-0.00089838356,0.1272254,39.982616
26.51,12.358107,126.968636,-0.0008973172,0.12630686,39.982838
26.52,12.359134,127.091995,-0.0008961046,0.12538776,39.983032
26.53,12.360154,127.215355,-0.0008946173,0.1244899,39.983257
26.54,12.361174,127.33877,-0.0008931216,0.12358415,39.983463
26.55,12.362186,127.46212,-0.00089174137,0.12268597,39.983673
26.56,12.3631935,127.58551,-0.00088970736,0.121794105,39.983883
26.57,12.364197,127.70892,-0.00088767987,0.12090486,39.98408
26.58,12.365195,127.83238,-0.0008857297,0.12001979,39.984287
26.59,12.366194,127.95578,-0.00088318624,0.11914772,39.984478
26.6,12.367181,128.07925,-0.0008811094,0.118275225,39.98468
26.61,12.368164,128.2027,-0.00087841507,0.11740732,39.98486
26.62,12.36914,128.32617,-0.00087573845,0.11655158,39.985046
26.63,12.370114,128.44958,-0.00087270327,0.11568901,39.985245
26.64,12.371082,128.57306,-0.0008698534,0.114840865,39.985413
26.65,12.372047,128.69656,-0.0008666804,0.113994926,39.985596
26.66,12.37301,128.82004,-0.0008632513,0.11315468,39.98577
26.67,12.373962,128.94356,-0.0008599581,0.11231652,39.985947
26.68,12.374913,129.06703,-0.00085605215,0.11148554,39.98612
26.69,12.375858,129.1906,-0.00085227005,0.110664904,39.986298
26.7,12.376801,129.3141,-0.0008482821,0.10983738,39.986454
26.71,12.377733,129.4376,-0.0008444702,0.10902026,39.98659
26.72,12.378667,129.5612,-0.00084029324,0.10821012,39.98677
26.73,12.379595,129.68475,-0.0008356897,0.10740158,39.98693
26.74,12.380515,129.8083,-0.00083125476,0.10659742,39.987095
26.75,12.381435,129.93188,-0.0008264994,0.105802834,39.98725
26.76,12.382344,130.0555,-0.0008218391,0.10500255,39.987423
26.77,12.383252,130.1791,-0.000816674,0.104215354,39.987556
26.78,12.384159,130.3027,-0.000811453,0.10343593,39.987698
26.79,12.385054,130.42627,-0.00080620777,0.10264975,39.987843
26.8,12.385949,130.54991,-0.0008010287,0.10187322,39.987995
26.81,12.38684,130.67352,-0.00079547986,0.101105064,39.98812
26.82,12.387723,130.79713,-0.00078976806,0.10033381,39.988262
26.83,12.388605,130.9208,-0.000784155,0.0995681,39.988396
26.84,12.38948,131.04443,-0.00077829976,0.09881157,39.988537
26.85,12.390353,131.16808,-0.0007724324,0.098057,39.98868
26.86,12.391218,131.2918,-0.00076596905,0.097302616,39.988796
26.87,12.392078,131.41548,-0.00075988565,0.09655613,39.988922
26.88,12.392939,131.53918,-0.0007536253,0.095813006,39.989048
26.89,12.393789,131.66283,-0.0007470064,0.09507042,39.989166
26.9,12.394637,131.78651,-0.0007402403,0.094335616,39.989292
26.91,12.395481,131.91025,-0.00073364563,0.09360814,39.989418
26.92,12.396319,132.03398,-0.0007267911,0.09288406,39.989536
26.93,12.397157,132.1577,-0.00071956497,0.09215966,39.989655
26.94,12.397988,132.28145,-0.0007128725,0.0914377,39.989784
26.95,12.398818,132.4052,-0.0007056091,0.09072727,39.989883
26.96,12.399641,132.52892,-0.00069839787,0.0900169,39.989986
26.97,12.400452,132.6527,-0.0006911447,0.0893057,39.99009
26.98,12.401267,132.77646,-0.00068366714,0.08860603,39.990208
26.99,12.402074,132.90024,-0.00067626964,0.08790317,39.990326
27.0,12.402878,133.024,-0.000668969,0.08720264,39.990433
27.01,12.40368,133.14783,-0.0006611673,0.08651897,39.99052
27.02,12.404474,133.27162,-0.0006532222,0.085826546,39.990635
27.03,12.405265,133.39542,-0.0006453432,0.08514133,39.99072
27.04,12.40605,133.51926,-0.00063753035,0.084457904,39.99083
27.05,12.406835,133.6431,-0.00063000247,0.08378911,39.990906
27.06,12.40761,133.76692,-0.00062172953,0.08310741,39.991013
27.07,12.408388,133.89078,-0.00061385427,0.082436174,39.991108
27.08,12.409153,134.01463,-0.0006060172,0.081768095,39.9912
27.09,12.40992,134.13846,-0.00059736986,0.08110672,39.99129
27.1,12.410682,134.26236,-0.000589381,0.080450475,39.991394
27.11,12.411442,134.38622,-0.00058122166,0.0797908,39.991467
27.12,12.4121895,134.51009,-0.0005730875,0.07913908,39.991566
27.13,12.41294,134.634,-0.0005645072,0.07848787,39.99165
27.14,12.413683,134.75784,-0.0005564587,0.07783702,39.99174
27.15,12.414428,134.88174,-0.0005479511,0.07719767,39.991814
27.16,12.415163,135.00566,-0.00053976197,0.076559395,39.991898
27.17,12.4158945,135.12961,-0.0005312329,0.07592726,39.991985
27.18,12.416621,135.2535,-0.00052341353,0.075292796,39.992073
27.19,12.417345,135.37743,-0.0005146591,0.07466334,39.992134
27.2,12.418064,135.50139,-0.00050644483,0.07403666,39.992214
27.21,12.418783,135.6253,-0.00049798284,0.073419005,39.99229
27.22,12.419497,135.74927,-0.0004898282,0.072799355,39.992363
27.23,12.4201975,135.87321,-0.0004814798,0.07218334,39.992447
27.24,12.420901,135.99718,-0.0004732106,0.07157421,39.992516
27.25,12.421606,136.12117,-0.00046498794,0.0709621,39.992596
27.26,12.422302,136.24513,-0.00045669172,0.070360094,39.99267
27.27,12.422993,136.36911,-0.0004487615,0.06975463,39.99273
27.28,12.423682,136.49315,-0.0004403321,0.06915885,39.99279
27.29,12.424364,136.61716,-0.0004323665,0.06856528,39.992874
27.3,12.425045,136.7411,-0.00042431243,0.06797704,39.992928
27.31,12.42572,136.86513,-0.00041640736,0.06739056,39.993008
27.32,12.426394,136.98912,-0.00040854607,0.06679806,39.993065
27.33,12.427065,137.11319,-0.00040075555,0.0662179,39.993137
27.34,12.427727,137.23721,-0.00039284676,0.06563741,39.9932
27.35,12.428392,137.36125,-0.0003853403,0.06507233,39.99326
27.36,12.429047,137.48526,-0.00037741195,0.064495385,39.99331
27.37,12.429704,137.6093,-0.00037004333,0.063928574,39.993385
27.38,12.430353,137.73332,-0.00036287308,0.063361496,39.99344
27.39,12.431,137.8574,-0.0003554793,0.06280172,39.993504
27.4,12.431639,137.9815,-0.00034814887,0.06223932,39.993553
27.41,12.4322815,138.10555,-0.00034120027,0.06168869,39.99362
27.42,12.432917,138.2296,-0.00033429638,0.06113872,39.993687
27.43,12.433551,138.3537,-0.00032743718,0.06059614,39.993736
27.44,12.4341755,138.4778,-0.00032053888,0.060047925,39.993793
27.45,12.4348,138.60187,-0.00031424873,0.059509248,39.99386
27.46,12.435426,138.72595,-0.00030762702,0.058974713,39.99392
27.47,12.436045,138.85004,-0.0003012009,0.05843851,39.99396
27.48,12.436655,138.97414,-0.0002950104,0.057908148,39.994026
27.49,12.437269,139.09825,-0.00028925668,0.057380468,39.994072
27.5,12.437877,139.22235,-0.00028318074,0.056858778,39.99412
27.51,12.438479,139.34645,-0.00027736556,0.056339443,39.994175
27.52,12.439079,139.47061,-0.0002719825,0.05581829,39.994236
27.53,12.439678,139.59476,-0.00026641693,0.05530274,39.994293
27.54,12.440274,139.71886,-0.00026144087,0.054796964,39.994347
27.55,12.440863,139.843,-0.00025645643,0.05429104,39.994392
27.56,12.441451,139.96713,-0.00025154743,0.053789496,39.99444
27.57,12.442038,140.0913,-0.00024706405,0.053281367,39.99448
27.58,12.442613,140.21542,-0.00024265144,0.052789778,39.99455
27.59,12.443191,140.33954,-0.00023800042,0.052303016,39.994595
27.6,12.4437685,140.46376,-0.00023400132,0.05181068,39.994648
27.61,12.444341,140.58788,-0.00023032445,0.051327705,39.994694
27.62,12.444908,140.71205,-0.00022644736,0.05084893,39.99474
27.63,12.445474,140.83617,-0.00022325758,0.05036688,39.994774
27.64,12.446033,140.9604,-0.00021983217,0.049896568,39.994816
27.65,12.446593,141.08456,-0.00021681562,0.04942593,39.994877
27.66,12.447149,141.20876,-0.00021420326,0.04895392,39.99492
27.67,12.447702,141.33293,-0.00021150056,0.04849747,39.994957
27.68,12.44825,141.4571,-0.00020930357,0.048034757,39.995003
27.69,12.448794,141.58128,-0.00020715222,0.04758072,39.995045
27.7,12.449341,141.70547,-0.00020516478,0.04712677,39.9951
27.71,12.449881,141.82965,-0.00020374171,0.04667151,39.99514
27.72,12.450418,141.95386,-0.0002020467,0.046236277,39.995182
27.73,12.450952,142.07806,-0.00020103902,0.045791358,39.995224
27.74,12.451487,142.20227,-0.00020044856,0.045351535,39.995266
27.75,12.452015,142.3265,-0.00019949954,0.044918537,39.995308
27.76,12.45254,142.45071,-0.00019906368,0.044489026,39.995342
27.77,12.453063,142.57495,-0.00019920804,0.044061244,39.99538
27.78,12.453587,142.69919,-0.00019914657,0.043638885,39.99543
27.79,12.4541,142.82338,-0.00019951351,0.043222904,39.99547
27.8,12.4546175,142.94757,-0.00020008069,0.04280612,39.99551
27.81,12.45513,143.07181,-0.00020091608,0.042396843,39.99556
27.82,12.455637,143.19608,-0.00020191167,0.041989237,39.995594
27.83,12.45614,143.32027,-0.0002037175,0.041581035,39.995632
27.84,12.456649,143.44449,-0.00020498037,0.041185766,39.995667
27.85,12.457149,143.56882,-0.00020726677,0.040784955,39.99572
27.86,12.457647,143.69305,-0.00020915922,0.04039961,39.995747
27.87,12.458143,143.81729,-0.00021179207,0.04000926,39.99579
27.88,12.458632,143.94151,-0.00021457858,0.039628,39.99582
27.89,12.459127,144.0658,-0.00021755602,0.039245695,39.995865
27.9,12.459619,144.19006,-0.00022067036,0.038866043,39.995907
27.91,12.460099,144.31432,-0.00022429042,0.03849268,39.995926
27.92,12.460584,144.43858,-0.00022802316,0.0381245,39.995968
27.93,12.461064,144.56285,-0.00023204274,0.037758976,39.996
27.94,12.461542,144.68715,-0.00023638923,0.037395597,39.996037
27.95,12.462016,144.81143,-0.00024091639,0.037041962,39.996063
27.96,12.462492,144.93568,-0.0002457369,0.036687165,39.996098
27.97,12.462958,145.05998,-0.0002510026,0.036340505,39.996147
27.98,12.463429,145.18422,-0.00025613327,0.035996407,39.996178
27.99,12.463894,145.30855,-0.00026164204,0.035650253,39.996216
28.0,12.464362,145.43289,-0.00026769098,0.035312057,39.99623
28.01,12.464821,145.55716,-0.00027386285,0.034979492,39.99626
28.02,12.46528,145.68152,-0.0002800068,0.034647852,39.996296
28.03,12.4657345,145.80586,-0.0002868101,0.034325838,39.996323
28.04,12.466188,145.93019,-0.00029352494,0.03399989,39.996346
28.05,12.466641,146.05447,-0.0003006477,0.033683807,39.996387
28.06,12.467086,146.17879,-0.0003079744,0.033373833,39.996418
28.07,12.467534,146.30315,-0.00031559356,0.033058465,39.99644
28.08,12.4679785,146.4275,-0.00032343715,0.03275183,39.996475
28.09,12.46842,146.55185,-0.00033120438,0.03245309,39.996506
28.1,12.468863,146.6762,-0.00033972505,0.03215328,39.996532
28.11,12.469298,146.80052,-0.00034800824,0.03186491,39.996544
28.12,12.469733,146.9249,-0.00035656337,0.03157091,39.99658
28.13,12.470166,147.04927,-0.00036580674,0.031283706,39.996613
28.14,12.470595,147.17368,-0.00037477445,0.031004578,39.996616
28.15,12.4710245,147.29805,-0.00038394518,0.030724108,39.99664
28.16,12.471451,147.42249,-0.0003937781,0.030444652,39.996666
28.17,12.47187,147.54684,-0.0004033232,0.03017205,39.996677
28.18,12.472296,147.67125,-0.0004131999,0.02990669,39.996716
28.19,12.472714,147.79568,-0.00042317063,0.029643685,39.99674
28.2,12.473133,147.92012,-0.0004333537,0.029381156,39.99676
28.21,12.473547,148.0445,-0.00044382643,0.029122919,39.996788
28.22,12.473961,148.16896,-0.00045452826,0.028868675,39.996807
28.23,12.474371,148.29338,-0.00046506524,0.028622985,39.996826
28.24,12.474777,148.41788,-0.00047603156,0.028378755,39.996834
28.25,12.475185,148.54231,-0.00048696063,0.028133452,39.996857
28.26,12.47559,148.6668,-0.00049784034,0.027901798,39.996872
28.27,12.475992,148.79124,-0.0005094018,0.02766046,39.996883
28.28,12.476394,148.9158,-0.00052089244,0.027434021,39.9969
28.29,12.476794,149.04033,-0.0005321996,0.027209282,39.99692
28.3,12.477184,149.16481,-0.00054395944,0.026979387,39.996937
28.31,12.477579,149.2893,-0.0005556615,0.026759863,39.99696
28.32,12.477971,149.41385,-0.0005673254,0.026551098,39.996975
28.33,12.478358,149.53842,-0.00057927053,0.026335895,39.996967
28.34,12.478746,149.66289,-0.00059140753,0.026121974,39.996983
28.35,12.479131,149.78752,-0.0006032381,0.025919348,39.997
28.36,12.479517,149.91205,-0.0006153239,0.025718719,39.997
28.37,12.479893,150.03664,-0.00062740874,0.025514752,39.99701
28.38,12.480272,150.16127,-0.0006398335,0.025320917,39.997005
28.39,12.480648,150.28586,-0.00065196026,0.025128901,39.997036
28.4,12.481026,150.41049,-0.0006639743,0.024940819,39.99703
28.41,12.481397,150.53516,-0.0006765127,0.024754107,39.99704
28.42,12.481766,150.65976,-0.00068867207,0.024574399,39.99704
28.43,12.482132,150.78445,-0.00070085283,0.024388999,39.997047
28.44,12.4825,150.90916,-0.00071324967,0.024220109,39.997036
28.45,12.482863,151.03387,-0.0007253047,0.024043024,39.997044
28.46,12.483227,151.15855,-0.0007376848,0.023881614,39.99705
28.47,12.483583,151.28328,-0.0007496085,0.023705304,39.997055
28.48,12.483938,151.40802,-0.00076198205,0.023541003,39.997055
28.49,12.484296,151.53278,-0.0007738853,0.023386091,39.99705
28.5,12.484648,151.6575,-0.0007859515,0.023225337,39.99704
28.51,12.485001,151.78227,-0.0007979246,0.023070455,39.99705
28.52,12.4853525,151.90714,-0.00080951955,0.022920936,39.99705
28.53,12.48569,152.03192,-0.000821054,0.022771955,39.997032
28.54,12.486037,152.1568,-0.0008327821,0.022627324,39.99703
28.55,12.486379,152.28162,-0.00084430445,0.022476703,39.997032
28.56,12.486716,152.40648,-0.000855647,0.022339463,39.99703
28.57,12.487055,152.53137,-0.00086699706,0.022199064,39.996998
28.58,12.487389,152.65628,-0.000878104,0.022066832,39.997
28.59,12.48772,152.7812,-0.0008890871,0.021930367,39.996994
28.6,12.488053,152.90617,-0.000899679,0.021801203,39.99697
28.61,12.4883795,153.03114,-0.00091060624,0.021673173,39.99696
28.62,12.488708,153.1561,-0.00092087965,0.021551818,39.996956
28.63,12.489032,153.28104,-0.0009312164,0.02142319,39.99694
28.64,12.489351,153.40613,-0.0009412924,0.02129978,39.99692
28.65,12.489673,153.53117,-0.00095129013,0.021175325,39.996918
28.66,12.489986,153.65625,-0.00096110813,0.021063447,39.99689
28.67,12.4903,153.78134,-0.00097056106,0.020940214,39.99688
28.68,12.490613,153.90639,-0.0009798128,0.02083394,39.996857
28.69,12.490924,154.03156,-0.0009884601,0.020725131,39.996853
28.7,12.491234,154.1567,-0.0009976029,0.020611495,39.99682
28.71,12.491539,154.28183,-0.0010062763,0.020497888,39.996815
28.72,12.49184,154.40698,-0.0010144617,0.020394802,39.996788
28.73,12.492139,154.53224,-0.001022636,0.02028519,39.99677
28.74,12.492435,154.65746,-0.0010301657,0.020192832,39.99675
28.75,12.492733,154.78273,-0.0010378854,0.02008611,39.996716
28.76,12.493023,154.90802,-0.0010449896,0.019985408,39.996693
28.77,12.493315,155.03328,-0.0010519456,0.019888997,39.996677
28.78,12.493602,155.15866,-0.0010585701,0.01979053,39.99665
28.79,12.493887,155.284,-0.0010651834,0.01969111,39.99662
28.8,12.49417,155.40935,-0.0010710191,0.019598365,39.99658
28.81,12.494449,155.53477,-0.0010767635,0.019503951,39.99655
28.82,12.49473,155.66014,-0.0010824734,0.019405693,39.996517
28.83,12.495004,155.78563,-0.001087388,0.01931569,39.99649
28.84,12.495278,155.9111,-0.0010924451,0.019220859,39.996468
28.85,12.495547,156.03656,-0.0010967683,0.019134969,39.99644
28.86,12.495814,156.16205,-0.0011010291,0.019040227,39.9964
28.87,12.4960785,156.28761,-0.0011046119,0.018953413,39.99637
28.88,12.496341,156.41321,-0.0011083996,0.018863827,39.996334
28.89,12.496598,156.5387,-0.0011117524,0.01877579,39.996307
28.9,12.496857,156.66432,-0.0011145016,0.018686652,39.996265
28.91,12.497113,156.78995,-0.0011172863,0.018598348,39.996227
28.92,12.497364,156.91563,-0.0011195587,0.018508285,39.996178
28.93,12.497613,157.04132,-0.0011213496,0.018425643,39.99616
28.94,12.49786,157.16698,-0.0011229496,0.018335193,39.996113
28.95,12.4981,157.29277,-0.0011244528,0.018244326,39.996075
28.96,12.498344,157.41846,-0.001125277,0.01815784,39.996033
28.97,12.498582,157.54424,-0.0011260035,0.018073618,39.99601
28.98,12.498819,157.67001,-0.0011261674,0.017986119,39.995964
28.99,12.499045,157.79587,-0.0011260947,0.017893285,39.99592
29.0,12.499277,157.9217,-0.0011259848,0.01780349,39.995872
29.01,12.499507,158.04758,-0.0011252584,0.017713398,39.99583
29.02,12.499731,158.17346,-0.0011244761,0.01762414,39.995785
29.03,12.499952,158.29936,-0.0011231126,0.017532587,39.99574
29.04,12.500173,158.42534,-0.001121576,0.017440319,39.995697
29.05,12.500384,158.5512,-0.0011197459,0.017346919,39.99565
29.06,12.500598,158.67719,-0.0011177147,0.017249376,39.99561
29.07,12.500809,158.80318,-0.0011153156,0.017158002,39.99556
29.08,12.501015,158.92923,-0.001112665,0.017059594,39.995518
29.09,12.501221,159.05527,-0.00110975,0.016963035,39.99548
29.1,12.501421,159.18134,-0.0011063255,0.016864866,39.995426
29.11,12.5016165,159.30742,-0.0011030473,0.01676476,39.995373
29.12,12.501811,159.43347,-0.0010994766,0.01666066,39.995323
29.13,12.502007,159.55952,-0.0010955706,0.016555399,39.995274
29.14,12.502197,159.68565,-0.0010914318,0.01645422,39.995228
29.15,12.50238,159.8118,-0.001086764,0.016348362,39.995174
29.16,12.50257,159.93797,-0.0010823067,0.016236663,39.99512
29.17,12.502749,160.06418,-0.0010777945,0.01612711,39.995068
29.18,12.502924,160.19032,-0.0010729702,0.01601109,39.99501
29.19,12.503103,160.31651,-0.0010675816,0.015899688,39.994972
29.2,12.503277,160.44275,-0.0010623354,0.015784323,39.994907
29.21,12.503442,160.56891,-0.001057053,0.015664965,39.99486
29.22,12.503609,160.69522,-0.0010516746,0.0155365765,39.994816
29.23,12.503773,160.8214,-0.0010458911,0.015413463,39.99475
29.24,12.503934,160.9476,-0.0010402668,0.015286654,39.994698
29.25,12.504091,161.0739,-0.001034311,0.015158117,39.994644
29.26,12.504242,161.20018,-0.0010284008,0.015025109,39.99458
29.27,12.504393,161.3264,-0.001022582,0.014890045,39.994534
29.28,12.504542,161.45273,-0.0010164594,0.014752299,39.99449
29.29,12.504685,161.57903,-0.0010102484,0.014612675,39.99441
29.3,12.504828,161.70526,-0.0010040356,0.014473915,39.99437
29.31,12.50497,161.83156,-0.0009980584,0.014324367,39.994297
29.32,12.505108,161.95782,-0.0009919032,0.0141788125,39.99424
29.33,12.50524,162.08415,-0.0009859363,0.014021277,39.99419
29.34,12.50537,162.21046,-0.0009799264,0.013866931,39.994118
29.35,12.5055,162.33665,-0.00097373873,0.013709635,39.994053
29.36,12.505626,162.4629,-0.00096768327,0.01355201,39.994
29.37,12.505744,162.58919,-0.00096183363,0.013386011,39.993935
29.38,12.505864,162.71542,-0.0009560492,0.0132184625,39.993877
29.39,12.50598,162.84167,-0.0009503821,0.013046563,39.993813
29.4,12.506093,162.9679,-0.0009448165,0.012872875,39.99376
29.41,12.506203,163.09406,-0.0009392351,0.012697399,39.9937
29.42,12.506312,163.22028,-0.00093386695,0.012518525,39.993633
29.43,12.506416,163.34637,-0.0009286422,0.012337148,39.99357
29.44,12.506519,163.47256,-0.00092404056,0.012144029,39.993507
29.45,12.506622,163.59872,-0.0009191949,0.011958897,39.993446
29.46,12.506722,163.72475,-0.0009147646,0.011758685,39.993385
29.47,12.506816,163.85081,-0.00091026165,0.011564434,39.99331
29.48,12.506908,163.97688,-0.0009060735,0.011365533,39.99324
29.49,12.506998,164.10292,-0.00090222526,0.011162698,39.99317
29.5,12.507083,164.22888,-0.00089832395,0.010958374,39.993103
29.51,12.507172,164.35478,-0.00089497864,0.01074481,39.99303
29.52,12.507254,164.48068,-0.00089196395,0.010530055,39.992973
29.53,12.507335,164.60654,-0.0008887779,0.010319531,39.9929
29.54,12.507412,164.7323,-0.00088622514,0.010099709,39.992836
29.55,12.507488,164.85806,-0.00088395644,0.00988245,39.992764
29.56,12.507563,164.98376,-0.0008820733,0.009652257,39.992695
29.57,12.507632,165.1094,-0.0008802209,0.009427905,39.99262
29.58,12.507699,165.23508,-0.0008788947,0.00919497,39.992558
29.59,12.507766,165.36061,-0.0008776272,0.008966327,39.992485
29.6,12.507834,165.48604,-0.00087689236,0.008731484,39.9924
29.61,12.507901,165.61151,-0.00087655336,0.008495212,39.992332
29.62,12.507963,165.7368,-0.0008762432,0.008254766,39.99224
29.63,12.508022,165.86203,-0.0008763103,0.0080145,39.992176
29.64,12.50808,165.98724,-0.0008768607,0.007771075,39.99211
29.65,12.508136,166.11237,-0.00087750144,0.007525742,39.992023
29.66,12.508191,166.23734,-0.0008782726,0.007283151,39.991943
29.67,12.508242,166.36229,-0.0008796146,0.0070347786,39.991867
29.68,12.508294,166.48717,-0.0008816039,0.006787002,39.991787
29.69,12.5083475,166.6119,-0.0008832365,0.0065324903,39.991714
29.7,12.508401,166.7365,-0.00088546425,0.006282985,39.991627
29.71,12.508447,166.86102,-0.00088791735,0.0060325265,39.99153
29.72,12.508493,166.98549,-0.0008905772,0.0057784915,39.991455
29.73,12.508541,167.1098,-0.0008933032,0.0055270195,39.991367
29.74,12.508587,167.23404,-0.0008967947,0.0052752495,39.991272
29.75,12.508635,167.35814,-0.0009000376,0.0050245523,39.9912
29.76,12.508681,167.48215,-0.0009032106,0.0047736764,39.991108
29.77,12.508723,167.60602,-0.00090721063,0.0045163035,39.991016
29.78,12.508762,167.72978,-0.00091090053,0.0042723417,39.990925
29.79,12.508807,167.85332,-0.00091508124,0.004019141,39.990826
29.8,12.50885,167.97679,-0.0009189984,0.0037742853,39.99073
29.81,12.508891,168.10007,-0.0009232769,0.0035296679,39.99064
29.82,12.508935,168.22322,-0.0009276094,0.003283918,39.990547
29.83,12.50898,168.34612,-0.0009313701,0.0030478835,39.99045
29.84,12.509023,168.46895,-0.0009354232,0.0028132796,39.990353
29.85,12.509068,168.59167,-0.0009395573,0.0025787354,39.99025
29.86,12.50911,168.71419,-0.0009437315,0.002344489,39.990128
29.87,12.509158,168.83649,-0.0009475611,0.0021224022,39.990036
29.88,12.509203,168.95863,-0.0009509465,0.0019011497,39.98993
29.89,12.509246,169.08064,-0.00095474254,0.0016839504,39.989826
29.9,12.509298,169.20235,-0.00095786434,0.001475215,39.989708
29.91,12.509349,169.32388,-0.0009608725,0.0012675524,39.98959
29.92,12.509397,169.44527,-0.0009633908,0.0010694861,39.989475
29.93,12.509449,169.56642,-0.0009658169,0.0008736253,39.989365
29.94,12.509501,169.68741,-0.0009678174,0.0006878972,39.989243
29.95,12.509557,169.80817,-0.0009690616,0.00051134825,39.98912
29.96,12.509611,169.92862,-0.0009697052,0.00033944845,39.989002
29.97,12.509671,170.04886,-0.0009702584,0.0001719594,39.98888
29.98,12.50973,170.1689,-0.0009697294,1.9073486e-05,39.98875
29.99,12.509794,170.28873,-0.00096877106,-0.00012230873,39.988617
30.0,12.50986,170.40822,-0.0009666784,-0.00025951862,39.988483
30.01,12.509925,170.52754,-0.00096439384,-0.00038725138,39.98835
30.02,12.51,170.6466,-0.0009609284,-0.00050228834,39.988216
30.03,12.510071,170.76537,-0.0009563286,-0.0006060004,39.988064
30.04,12.510155,170.88388,-0.00095077883,-0.0006952882,39.987938
30.05,12.51023,171.0021,-0.0009444775,-0.00077575445,39.987778
30.06,12.510315,171.12003,-0.00093680806,-0.0008403063,39.987633
30.07,12.510403,171.23772,-0.0009281738,-0.00089532137,39.987484
30.08,12.51049,171.35506,-0.0009186957,-0.0009416938,39.987324
30.09,12.510587,171.47214,-0.0009070486,-0.0009639263,39.987175
30.1,12.510685,171.58893,-0.000894092,-0.0009750128,39.987026
30.11,12.510786,171.7054,-0.0008801101,-0.00097334385,39.986866
30.12,12.510896,171.82155,-0.0008643577,-0.00095140934,39.98669
30.13,12.511006,171.93735,-0.00084727444,-0.00091689825,39.986526
30.14,12.511122,172.05283,-0.0008286135,-0.00086659193,39.986355
30.15,12.511243,172.16797,-0.0008078851,-0.0007944107,39.986176
30.16,12.51137,172.2828,-0.0007850798,-0.0007057786,39.985992
30.17,12.5115,172.39722,-0.0007608803,-0.0005979538,39.985817
30.18,12.511637,172.51134,-0.0007349625,-0.00047540665,39.985626
30.19,12.511782,172.62509,-0.0007066773,-0.00033259392,39.985443
30.2,12.511928,172.73853,-0.0006758962,-0.00016069412,39.985256
30.21,12.512079,172.85143,-0.00064363517,2.0444393e-05,39.98505
30.22,12.512239,172.9641,-0.0006088987,0.00022691488,39.984856
30.23,12.5124035,173.07634,-0.000571792,0.0004541874,39.984657
30.24,12.512576,173.18819,-0.0005323868,0.0007047653,39.98445
30.25,12.512752,173.29964,-0.00049035624,0.0009768605,39.984257
30.26,12.51294,173.41074,-0.00044602342,0.0012702346,39.98403
30.27,12.51313,173.52141,-0.0003989488,0.0015909076,39.983818
30.28,12.513327,173.6317,-0.00034936517,0.0019347072,39.983597
30.29,12.513531,173.74147,-0.00029715337,0.0022994876,39.98338
30.3,12.513741,173.85088,-0.00024170056,0.002693534,39.983147
30.31,12.513959,173.95985,-0.00018374622,0.0031101704,39.982906
30.32,12.514183,174.0684,-0.00012282748,0.0035553575,39.982685
30.33,12.514412,174.17653,-5.8724545e-05,0.0040252805,39.982452
30.34,12.514657,174.28421,8.407049e-06,0.004521787,39.982197
30.35,12.514906,174.39137,7.822644e-05,0.0050436854,39.98195
30.36,12.5151615,174.49817,0.00015175994,0.005594671,39.98169
30.37,12.515429,174.60448,0.00022823364,0.006177008,39.98144
30.38,12.515698,174.71033,0.00030806847,0.0067821145,39.981197
30.39,12.515973,174.81572,0.0003913613,0.0074184537,39.980923
30.4,12.516264,174.92058,0.0004781047,0.008085072,39.980663
30.41,12.516561,175.02501,0.00056844763,0.008780599,39.98038
30.42,12.516866,175.12897,0.0006618835,0.009501994,39.98012
30.43,12.517176,175.23244,0.0007589748,0.010258019,39.979824
30.44,12.517499,175.33537,0.00085974764,0.011039913,39.979553
30.45,12.51783,175.43784,0.0009642234,0.011856377,39.97926
30.46,12.518165,175.53983,0.0010725493,0.012702823,39.97896
30.47,12.518511,175.6413,0.0011846786,0.013584316,39.97865
30.48,12.5188675,175.7423,0.0013000919,0.014490098,39.978367
30.49,12.519235,175.84274,0.0014198525,0.0154310465,39.97806
30.5,12.519608,175.94272,0.0015433291,0.016403139,39.97775
30.51,12.519992,176.04216,0.0016702916,0.01740545,39.977448
30.52,12.520383,176.14102,0.0018016445,0.018443584,39.97712
30.53,12.520783,176.23938,0.0019369125,0.019514441,39.976795
30.54,12.521189,176.33723,0.002076068,0.02061513,39.976498
30.55,12.521607,176.43462,0.0022193287,0.02174756,39.976162
30.56,12.522035,176.53136,0.0023666248,0.022916108,39.975822
30.57,12.522472,176.62761,0.0025182283,0.024116993,39.975487
30.58,12.5229225,176.72336,0.002673639,0.025353074,39.97515
30.59,12.523377,176.81848,0.0028331308,0.026618928,39.9748
30.6,12.523839,176.91309,0.0029964857,0.027914584,39.974445
30.61,12.524311,177.00717,0.003164473,0.029250056,39.974106
30.62,12.5248,177.10072,0.0033364343,0.0306153,39.973763
30.63,12.5252905,177.19371,0.0035122866,0.032010645,39.973396
30.64,12.525787,177.28615,0.0036926465,0.033443958,39.973034
30.65,12.526303,177.37804,0.003876796,0.03490895,39.97266
30.66,12.526821,177.46939,0.0040654363,0.03641042,39.972286
30.67,12.527349,177.56015,0.0042581065,0.037941813,39.97191
30.68,12.527885,177.65034,0.004454756,0.039505392,39.97153
30.69,12.528436,177.73997,0.0046558697,0.041105956,39.97117
30.7,12.528994,177.82909,0.0048606647,0.04273492,39.970757
30.71,12.529558,177.91757,0.0050699757,0.044398874,39.970383
30.72,12.530132,178.00548,0.0052831788,0.046093047,39.969982
30.73,12.530717,178.0929,0.005500396,0.04781702,39.96958
30.74,12.531311,178.17973,0.005721925,0.049580276,39.96917
30.75,12.53191,178.26598,0.005947372,0.051372647,39.968765
30.76,12.5325165,178.35165,0.006176738,0.053196102,39.968376
30.77,12.533139,178.43678,0.006410066,0.055048734,39.967968
30.78,12.533767,178.52135,0.006647585,0.056934327,39.967556
30.79,12.534404,178.60536,0.0068886294,0.058851123,39.967136
30.8,12.535048,178.68881,0.0071342452,0.060801715,39.966717
30.81,12.535697,178.77165,0.0073834225,0.06278235,39.966297
30.82,12.536359,178.85387,0.0076363403,0.06478974,39.96585
30.83,12.537031,178.9356,0.007893316,0.06682965,39.96544
30.84,12.537712,179.01675,0.008153925,0.06890023,39.96501
30.85,12.538401,179.09735,0.008418136,0.070997745,39.964565
30.86,12.539092,179.17741,0.008686166,0.07312259,39.964134
30.87,12.539797,179.25679,0.008957773,0.07528207,39.963684
30.88,12.540509,179.33566,0.0092332,0.077466995,39.96324
30.89,12.541228,179.414,0.009512072,0.0796774,39.9628
30.9,12.541955,179.49179,0.0097946,0.08191934,39.96236
30.91,12.542686,179.56903,0.010080217,0.084183246,39.96191
30.92,12.543427,179.64563,0.01036956,0.0864816,39.96145
30.93,12.544175,179.72173,0.0106623,0.08880311,39.961
30.94,12.544929,179.79721,0.010958245,0.091148615,39.960537
30.95,12.545693,179.87218,0.011257639,0.0935235,39.960075
30.96,12.546465,179.94655,0.011559896,0.09592113,39.959614
30.97,12.547244,180.02045,0.011865609,0.09834385,39.95915
30.98,12.548024,180.09373,0.012174252,0.10078907,39.958687
30.99,12.548814,180.16646,0.012485954,0.10325959,39.95821
31.0,12.549613,180.23866,0.012801023,0.10575852,39.95775
31.01,12.550414,180.31038,0.013118698,0.10827568,39.957275
31.02,12.551224,180.38144,0.013439099,0.1108149,39.9568
31.03,12.55204,180.45203,0.013762479,0.11337903,39.95633
31.04,12.552862,180.52205,0.014088793,0.115963906,39.95586
31.05,12.553691,180.5915,0.014417407,0.11857346,39.95537
31.06,12.554524,180.66043,0.01474876,0.12119654,39.954903
31.07,12.555367,180.72885,0.015083076,0.12384719,39.95441
31.08,12.556211,180.79677,0.015419522,0.12651283,39.953938
31.09,12.55706,180.86407,0.015758289,0.12920168,39.95346
31.1,12.5579195,180.93091,0.016099464,0.13190609,39.952972
31.11,12.55878,180.99724,0.016443245,0.13463181,39.9525
31.12,12.559645,181.063,0.016788991,0.13737136,39.95201
31.13,12.560516,181.1282,0.01713708,0.14013186,39.95151
31.14,12.561393,181.19292,0.017487109,0.14290845,39.951035
31.15,12.562272,181.25716,0.017839242,0.14570189,39.950554
31.16,12.563156,181.32085,0.018193508,0.14851087,39.950066
31.17,12.564048,181.38405,0.018549852,0.15134019,39.949566
31.18,12.5649395,181.44672,0.018907718,0.154179,39.94908
31.19,12.565834,181.50887,0.019267403,0.1570299,39.94858
31.2,12.566733,181.57059,0.019629087,0.15990227,39.9481
31.21,12.567641,181.63173,0.019991875,0.16278258,39.94761
31.22,12.568553,181.69237,0.020356642,0.16567767,39.947113
31.23,12.569465,181.75256,0.02072293,0.16858706,39.94662
31.24,12.570379,181.81229,0.021090657,0.17150685,39.946148
31.25,12.571299,181.8715,0.02145987,0.17443928,39.945644
31.26,12.572223,181.93016,0.021830205,0.17738354,39.94515
31.27,12.573149,181.98843,0.022202112,0.18033987,39.94466
31.28,12.574079,182.04623,0.022575181,0.18330073,39.94416
31.29,12.575008,182.10352,0.022949472,0.1862793,39.943684
31.3,12.575946,182.16028,0.023324192,0.1892589,39.94318
31.31,12.576878,182.21658,0.023700625,0.19225526,39.942703
31.32,12.577815,182.27249,0.0240776,0.19525367,39.942207
31.33,12.578758,182.32791,0.024455775,0.19826224,39.941715
31.34,12.579705,182.38283,0.024834875,0.20128122,39.941246
31.35,12.580645,182.43729,0.025214653,0.20430571,39.940754
31.36,12.581591,182.49133,0.025594845,0.2073355,39.94025
31.37,12.582538,182.54495,0.025976019,0.21036991,39.939766
31.38,12.583494,182.59802,0.026357628,0.21341306,39.939278
31.39,12.584445,182.65067,0.026740056,0.2164596,39.9388
31.4,12.585398,182.70294,0.027122764,0.21951059,39.938316
31.41,12.586353,182.75475,0.027506031,0.22256929,39.937836
31.42,12.587311,182.80614,0.027889386,0.22563168,39.93735
31.43,12.588266,182.85707,0.028273322,0.22869799,39.936874
31.44,12.589223,182.90752,0.028657481,0.23176521,39.936398
31.45,12.590181,182.95761,0.029041894,0.23483607,39.935917
31.46,12.591142,183.00725,0.02942656,0.23790851,39.935432
31.47,12.592105,183.05643,0.029811144,0.24098518,39.93496
31.48,12.593061,183.10526,0.03019594,0.24406236,39.934486
31.49,12.594026,183.1537,0.030580662,0.24714127,39.934013
31.5,12.594986,183.20168,0.03096531,0.2502237,39.933537
31.51,12.595945,183.24922,0.031350058,0.25330234,39.93307
31.52,12.596908,183.29643,0.031734597,0.25638306,39.932606
31.53,12.597866,183.3432,0.032118723,0.25946406,39.93213
31.54,12.59883,183.38956,0.032502793,0.26254314,39.93166
31.55,12.599789,183.43552,0.0328867,0.2656209,39.931202
31.56,12.600753,183.48112,0.033269793,0.26869574,39.930744
31.57,12.601709,183.52629,0.03365302,0.271775,39.930286
31.58,12.602671,183.57104,0.03403584,0.27484882,39.929813
31.59,12.603629,183.61551,0.03441804,0.2779222,39.929356
31.6,12.6045885,183.65958,0.034799926,0.28099364,39.928894
31.61,12.605546,183.70325,0.035180885,0.28406107,39.928444
31.62,12.606503,183.74652,0.035561547,0.28712186,39.927986
31.63,12.607461,183.78943,0.035941362,0.290182,39.927536
31.64,12.608415,183.83195,0.036320724,0.29323813,39.92709
31.65,12.609375,183.8742,0.036699455,0.296291,39.92664
31.66,12.610326,183.91603,0.03707725,0.2993392,39.9262
31.67,12.611276,183.9575,0.037454594,0.30238366,39.92576
31.68,12.612226,183.99858,0.03783105,0.30542374,39.925312
31.69,12.6131735,184.03937,0.038206343,0.30845588,39.924873
31.7,12.614122,184.07977,0.03858097,0.31148612,39.924435
31.71,12.6150675,184.11983,0.038954724,0.31450754,39.924004
31.72,12.616011,184.15955,0.039327476,0.31752685,39.923576
31.73,12.616957,184.19891,0.03969911,0.32053304,39.92314
31.74,12.617897,184.23793,0.04007018,0.32353944,39.922707
31.75,12.618833,184.27664,0.040440038,0.32653707,39.922283
31.76,12.619766,184.31502,0.040808782,0.32952917,39.92186
31.77,12.620707,184.35303,0.041176446,0.33251292,39.921436
31.78,12.621635,184.39075,0.041542735,0.33548903,39.92102
31.79,12.622566,184.42807,0.041908298,0.33845848,39.920597
31.8,12.623495,184.46513,0.04227251,0.3414194,39.920197
31.81,12.62442,184.5019,0.04263526,0.34437203,39.919777
31.82,12.625343,184.53833,0.042997297,0.3473179,39.91936
31.83,12.626262,184.57443,0.04335778,0.3502524,39.91895
31.84,12.627181,184.61018,0.04371686,0.35318053,39.91853
31.85,12.628101,184.64575,0.044074953,0.35610026,39.918148
31.86,12.629014,184.68091,0.04443169,0.35901392,39.917747
31.87,12.629924,184.71579,0.044786967,0.3619157,39.91736
31.88,12.630834,184.75032,0.045140788,0.3648074,39.916954
31.89,12.631741,184.78465,0.04549343,0.36768898,39.916557
31.9,12.63264,184.81859,0.04584465,0.37056154,39.916176
31.91,12.633539,184.8523,0.046194386,0.37342763,39.915787
31.92,12.634436,184.88571,0.04654291,0.37628165,39.915386
31.93,12.63533,184.91881,0.046889734,0.3791253,39.915012
31.94,12.636223,184.95164,0.04723505,0.38195935,39.914623
31.95,12.63711,184.98422,0.047579013,0.38478264,39.914246
31.96,12.637995,185.01645,0.047921196,0.38759643,39.913868
31.97,12.638881,185.0485,0.048262153,0.39039904,39.913498
31.98,12.63976,185.0802,0.048601545,0.39318848,39.91313
31.99,12.640637,185.11162,0.048939332,0.395972,39.912773
32.0,12.641512,185.14282,0.04927565,0.39874235,39.9124
32.01,12.642382,185.17369,0.049610138,0.4014992,39.91204
32.02,12.643249,185.20432,0.049943417,0.404251,39.91168
32.03,12.644113,185.23477,0.050274838,0.40698642,39.911324
32.04,12.64497,185.26483,0.05060486,0.40971044,39.910976
32.05,12.645824,185.29477,0.050933026,0.41242856,39.91061
32.06,12.646685,185.32431,0.051259484,0.41512698,39.910275
32.07,12.64753,185.35365,0.05158463,0.4178204,39.90992
32.08,12.648376,185.38278,0.051908046,0.42050073,39.909565
32.09,12.649222,185.41156,0.052229702,0.4231676,39.90923
32.1,12.6500635,185.44025,0.05254937,0.4258241,39.90889
32.11,12.650898,185.46861,0.052868024,0.4284646,39.908566
32.12,12.651733,185.49667,0.053184595,0.43109703,39.908226
32.13,12.652559,185.52458,0.05349948,0.43372124,39.90789
32.14,12.653387,185.55223,0.05381286,0.4363265,39.907566
32.15,12.654212,185.57962,0.054124452,0.43892282,39.90724
32.16,12.655029,185.60678,0.054434482,0.44150686,39.906906
32.17,12.655848,185.63376,0.054742783,0.44407812,39.906578
32.18,12.656655,185.66048,0.055049054,0.4466382,39.90626
32.19,12.657466,185.68695,0.055353776,0.44918254,39.905945
32.2,12.658268,185.7132,0.055656657,0.4517168,39.905636
32.21,12.65907,185.7392,0.055957805,0.45423785,39.905327
32.22,12.659866,185.76508,0.056257427,0.45674902,39.90502
32.23,12.660661,185.79065,0.056555245,0.45924586,39.90472
32.24,12.661451,185.81596,0.056851156,0.46172908,39.904415
32.25,12.662234,185.84117,0.0571457,0.46419978,39.90411
32.26,12.663016,185.86604,0.057438,0.46665713,39.90382
32.27,12.6637945,185.89078,0.05772903,0.46910492,39.903515
32.28,12.664568,185.91534,0.058018308,0.4715388,39.903233
32.29,12.665345,185.93965,0.05830557,0.47395992,39.902943
32.3,12.666111,185.96373,0.05859123,0.4763693,39.902645
32.31,12.666875,185.98763,0.058875013,0.47876415,39.90237
32.32,12.667632,186.01135,0.059157208,0.4811444,39.90208
32.33,12.668392,186.03487,0.05943759,0.4835145,39.90181
32.34,12.669145,186.05815,0.059716266,0.4858735,39.901527
32.35,12.669889,186.08134,0.059992816,0.48821416,39.901264
32.36,12.670637,186.10426,0.06026808,0.4905474,39.900978
32.37,12.671378,186.12697,0.0605415,0.49286494,39.900715
32.38,12.672113,186.14943,0.060813293,0.49517277,39.900455
32.39,12.672852,186.17178,0.06108321,0.4974658,39.90017
32.4,12.673583,186.19394,0.06135147,0.4997474,39.899918
32.41,12.674306,186.21593,0.061617643,0.5020134,39.89965
32.42,12.675027,186.23767,0.061882477,0.50426865,39.8994
32.43,12.675742,186.25926,0.062145483,0.50651,39.89913
32.44,12.6764555,186.28069,0.06240685,0.50873923,39.898884
32.45,12.677169,186.30196,0.06266625,0.5109553,39.898636
32.46,12.677875,186.32298,0.062924355,0.5131582,39.89839
32.47,12.678579,186.34386,0.06318034,0.51535034,39.898136
32.48,12.679277,186.36456,0.06343458,0.5175268,39.897892
32.49,12.6799755,186.38507,0.06368764,0.51969355,39.89765
32.5,12.680665,186.40552,0.06393865,0.52184874,39.897408
32.51,12.681354,186.42569,0.06418793,0.5239883,39.89717
32.52,12.682035,186.44571,0.064435475,0.5261154,39.896954
32.53,12.682715,186.46559,0.064681515,0.5282303,39.8967
32.54,12.683392,186.48521,0.064925715,0.5303326,39.896484
32.55,12.684062,186.50479,0.06516832,0.53242296,39.89626
32.56,12.684735,186.52417,0.065409444,0.534503,39.896023
32.57,12.685397,186.54337,0.06564859,0.5365635,39.895813
32.58,12.686057,186.56245,0.06588633,0.5386175,39.895596
32.59,12.686718,186.58134,0.06612244,0.5406585,39.89537
32.6,12.687373,186.60008,0.06635676,0.5426868,39.895164
32.61,12.688023,186.61865,0.0665894,0.5447022,39.894947
32.62,12.688668,186.63702,0.066820115,0.5467039,39.894726
32.63,12.689313,186.65532,0.06704971,0.54869556,39.894516
32.64,12.689952,186.6734,0.06727748,0.5506717,39.89432
32.65,12.690587,186.69139,0.067503795,0.5526426,39.89411
32.66,12.691217,186.70924,0.067728244,0.5545944,39.8939
32.67,12.691844,186.72694,0.06795132,0.5565363,39.893692
32.68,12.692471,186.74445,0.06817295,0.5584679,39.893497
32.69,12.6930895,186.76186,0.06839259,0.56038433,39.893295
32.7,12.693707,186.77908,0.068610914,0.56229305,39.89312
32.71,12.694322,186.79613,0.068827614,0.564187,39.892925
32.72,12.694929,186.81303,0.06904285,0.5660666,39.892727
32.73,12.695538,186.82997,0.0692562,0.5679377,39.89254
32.74,12.69614,186.84666,0.06946837,0.5697955,39.892357
32.75,12.696737,186.86316,0.06967859,0.5716413,39.892166
32.76,12.697334,186.87962,0.06988771,0.5734751,39.89198
32.77,12.697924,186.89589,0.070094965,0.5753011,39.891796
32.78,12.698514,186.91203,0.070301086,0.57711107,39.891636
32.79,12.699098,186.92801,0.07050516,0.5789093,39.89145
32.8,12.699681,186.9439,0.07070814,0.5807009,39.891285
32.81,12.70026,186.95969,0.07090943,0.58247596,39.891094
32.82,12.700833,186.9753,0.07110921,0.5842413,39.890934
32.83,12.701409,186.9908,0.07130793,0.58599466,39.890778
32.84,12.701974,187.00615,0.07150474,0.58773947,39.89062
32.85,12.702535,187.02144,0.071700364,0.58947057,39.89045
32.86,12.703095,187.03651,0.071894385,0.5911905,39.89028
32.87,12.7036495,187.05159,0.072086714,0.59289974,39.89012
32.88,12.704205,187.06645,0.072277896,0.59459734,39.889954
32.89,12.704753,187.08119,0.07246773,0.59628457,39.889793
32.9,12.705298,187.09587,0.0726561,0.5979599,39.889633
32.91,12.705844,187.11043,0.07284274,0.59962434,39.88949
32.92,12.706384,187.12474,0.0730283,0.6012759,39.889324
32.93,12.70692,187.13907,0.07321262,0.6029191,39.889194
32.94,12.707456,187.15323,0.07339508,0.6045526,39.889038
32.95,12.707985,187.16728,0.07357632,0.6061739,39.888905
32.96,12.70851,187.18124,0.07375649,0.6077862,39.88875
32.97,12.709036,187.19508,0.07393494,0.6093843,39.888615
32.98,12.709553,187.20879,0.07411216,0.6109716,39.888474
32.99,12.7100725,187.22235,0.07428812,0.6125531,39.888336
33.0,12.710586,187.23595,0.0744626,0.61412203,39.8882
33.01,12.711096,187.24933,0.07463583,0.61567855,39.88806
33.02,12.711602,187.26265,0.07480796,0.6172268,39.88792
33.03,12.712102,187.27583,0.07497839,0.6187638,39.887787
33.04,12.712604,187.28893,0.07514772,0.62029266,39.88765
33.05,12.713105,187.30188,0.075315446,0.62180793,39.887524
33.06,12.7136,187.31473,0.07548247,0.62331563,39.8874
33.07,12.714091,187.3275,0.07564786,0.624812,39.887268
33.08,12.714578,187.34016,0.07581201,0.6262983,39.887142
33.09,12.715063,187.3528,0.075974956,0.6277753,39.887035
33.1,12.715547,187.36528,0.076136425,0.6292403,39.8869
33.11,12.716024,187.37756,0.07629691,0.6306964,39.886787
33.12,12.716499,187.38985,0.07645617,0.63214713,39.886658
33.13,12.716972,187.40198,0.07661409,0.63358414,39.886536
33.14,12.717443,187.41403,0.0767707,0.6350104,39.886436
33.15,12.717911,187.42612,0.07692609,0.63642836,39.88632
33.16,12.718373,187.43799,0.07708042,0.6378365,39.886192
33.17,12.718835,187.44978,0.07723367,0.6392361,39.88609
33.18,12.719293,187.46153,0.07738566,0.64062446,39.885983
33.19,12.719746,187.47314,0.07753625,0.64200693,39.885868
33.2,12.720196,187.48473,0.07768612,0.6433752,39.88577
33.21,12.72065,187.49611,0.0778343,0.6447367,39.885662
33.22,12.721096,187.50748,0.077981725,0.6460885,39.885563
33.23,12.721536,187.51869,0.078127824,0.6474311,39.885456
33.24,12.721977,187.5299,0.078272976,0.6487675,39.88535
33.25,12.722413,187.54092,0.07841671,0.6500908,39.885258
33.26,12.722847,187.55193,0.07855959,0.65140605,39.885143
33.27,12.72328,187.56287,0.078701265,0.65271384,39.88505
33.28,12.723706,187.57367,0.07884168,0.6540117,39.884968
33.29,12.724137,187.58446,0.07898113,0.65530163,39.88487
33.3,12.724557,187.5951,0.079119526,0.656582,39.88478
33.31,12.7249775,187.60565,0.07925664,0.65785396,39.884693
33.32,12.725399,187.61618,0.079393074,0.65911627,39.884598
33.33,12.725811,187.6266,0.07952802,0.66036916,39.884514
33.34,12.726225,187.63693,0.07966251,0.6616166,39.884426
33.35,12.726635,187.64713,0.079795375,0.6628551,39.88433
33.36,12.727045,187.65733,0.07992737,0.6640831,39.884243
33.37,12.727447,187.66743,0.08005862,0.6653033,39.884163
33.38,12.727847,187.67741,0.0801885,0.6665169,39.884075
33.39,12.728247,187.68736,0.08031735,0.6677188,39.884003
33.4,12.728643,187.69717,0.08044518,0.66891557,39.88391
33.41,12.729037,187.70702,0.08057218,0.6701016,39.883827
33.42,12.729431,187.71674,0.08069834,0.6712806,39.88376
33.43,12.729819,187.7263,0.08082304,0.67245144,39.88368
33.44,12.730205,187.73596,0.08094709,0.67361706,39.883606
33.45,12.73059,187.74538,0.08107026,0.6747711,39.883514
33.46,12.730972,187.75484,0.08119215,0.67591906,39.883457
33.47,12.73135,187.76419,0.08131343,0.6770572,39.883373
33.48,12.731727,187.77348,0.08143348,0.67819,39.8833
33.49,12.732099,187.78271,0.08155283,0.67931587,39.883232
33.5,12.73247,187.79182,0.08167115,0.68043214,39.883156
33.51,12.73284,187.8009,0.08178839,0.68153805,39.8831
33.52,12.733206,187.80984,0.08190511,0.6826398,39.88303
33.53,12.733567,187.81883,0.082020506,0.6837332,39.882965
33.54,12.733933,187.82768,0.08213527,0.6848191,39.8829
33.55,12.734292,187.83644,0.08224916,0.6858991,39.88283
33.56,12.734649,187.84517,0.08236205,0.68697155,39.88278
33.57,12.735007,187.85384,0.08247373,0.6880351,39.882713
33.58,12.735361,187.86241,0.08258525,0.68909264,39.882656
33.59,12.735707,187.87094,0.08269527,0.6901415,39.882584
33.6,12.736054,187.87943,0.08280447,0.69118166,39.882515
33.61,12.736402,187.8879,0.08291321,0.69222206,39.88246
33.62,12.736741,187.8962,0.08302097,0.6932458,39.882412
33.63,12.737082,187.90446,0.08312788,0.6942698,39.88235
33.64,12.737423,187.91267,0.08323386,0.69528174,39.88231
33.65,12.73776,187.92085,0.08333899,0.6962918,39.882236
33.66,12.738089,187.92899,0.083443366,0.69729006,39.882183
33.67,12.738423,187.93701,0.08354691,0.6982847,39.882133
33.68,12.73875,187.94499,0.08364981,0.699272,39.88209
33.69,12.739077,187.9529,0.083751656,0.7002519,39.88203
33.7,12.739403,187.96074,0.08385295,0.70122594,39.881973
33.71,12.739726,187.96854,0.08395322,0.7021902,39.881947
33.72,12.74005,187.97629,0.08405285,0.703152,39.881897
33.73,12.740369,187.98396,0.084152006,0.7041036,39.88185
33.74,12.740687,187.9916,0.08424991,0.7050514,39.8818
33.75,12.741002,187.99918,0.08434715,0.70599234,39.88175
33.76,12.741313,188.00667,0.084443696,0.7069271,39.88171
33.77,12.741621,188.01418,0.08453962,0.7078563,39.88167
33.78,12.741932,188.02162,0.08463462,0.70877665,39.88162
33.79,12.742238,188.02895,0.084728986,0.709691,39.881584
33.8,12.742543,188.03622,0.08482242,0.7106011,39.881542
33.81,12.742846,188.04346,0.08491553,0.71150434,39.8815
33.82,12.743147,188.05067,0.08500769,0.71240103,39.881443
33.83,12.743446,188.0578,0.08509914,0.71329224,39.88142
33.84,12.743743,188.06483,0.085189946,0.7141745,39.881382
33.85,12.744036,188.07185,0.08527978,0.71505654,39.881344
33.86,12.744331,188.07884,0.08536941,0.7159286,39.8813
33.87,12.74462,188.08574,0.085458025,0.71679175,39.881275
33.88,12.74491,188.09265,0.08554612,0.71765625,39.881237
33.89,12.745196,188.09944,0.085633054,0.7185112,39.8812
33.9,12.745478,188.10634,0.08571992,0.71935815,39.881153
33.91,12.745764,188.11305,0.0858061,0.72020495,39.881126
33.92,12.746046,188.11974,0.085891336,0.72104335,39.881104
33.93,12.746326,188.12637,0.0859761,0.7218748,39.881058
33.94,12.746603,188.1329,0.08606019,0.72270155,39.881035
33.95,12.7468815,188.13947,0.08614358,0.7235205,39.881012
33.96,12.747154,188.14597,0.08622617,0.7243364,39.88097
33.97,12.747424,188.15242,0.08630851,0.72515005,39.88094
33.98,12.747698,188.15883,0.0863898,0.72595346,39.88091
33.99,12.747966,188.16518,0.08647057,0.7267529,39.880882
34.0,12.748233,188.17148,0.086551085,0.72754604,39.88086
34.01,12.748496,188.17772,0.08663058,0.7283331,39.88083
34.02,12.748763,188.18394,0.086709686,0.7291175,39.880806
34.03,12.749024,188.19016,0.08678806,0.7298957,39.88076
34.04,12.74928,188.19629,0.0868662,0.730669,39.880753
34.05,12.749537,188.20236,0.0869432,0.7314327,39.88072
34.06,12.749793,188.20844,0.087019816,0.732199,39.8807
34.07,12.750049,188.21446,0.08709607,0.7329547,39.88068
34.08,12.750302,188.22043,0.08717152,0.7337103,39.880665
34.09,12.750552,188.2263,0.087246425,0.73445624,39.88063
34.1,12.750803,188.23216,0.08732097,0.7351993,39.880615
34.11,12.751056,188.23804,0.08739471,0.7359351,39.88059
34.12,12.7513,188.2438,0.08746796,0.7366685,39.88057
34.13,12.751547,188.24953,0.087540716,0.7373971,39.88055
34.14,12.751788,188.25525,0.087613046,0.7381205,39.880547
34.15,12.752028,188.26088,0.0876848,0.738837,39.880516
34.16,12.752273,188.26654,0.087755814,0.73955035,39.880493
34.17,12.75251,188.27208,0.087826215,0.7402582,39.880463
34.18,12.752745,188.27766,0.08789637,0.74096483,39.880455
34.19,12.752983,188.2832,0.08796585,0.74166167,39.880436
34.2,12.753215,188.28865,0.08803491,0.74235594,39.880413
34.21,12.753447,188.29413,0.08810343,0.743047,39.880398
34.22,12.753676,188.29947,0.08817148,0.7437327,39.880386
34.23,12.75391,188.30486,0.08823889,0.74441135,39.880367
34.24,12.754137,188.31018,0.08830581,0.7450897,39.88036
34.25,12.754368,188.31549,0.088372335,0.74575984,39.880337
34.26,12.75459,188.3207,0.08843847,0.7464273,39.88033
34.27,12.754812,188.3259,0.08850405,0.7470926,39.880325
34.28,12.755034,188.33107,0.088568725,0.74775213,39.88031
34.29,12.755254,188.3362,0.08863354,0.74840605,39.8803
34.3,12.755476,188.34131,0.08869745,0.74905545,39.88028
34.31,12.75569,188.34634,0.08876127,0.7497014,39.88028
34.32,12.755908,188.3514,0.08882458,0.7503425,39.88026
34.33,12.756123,188.35638,0.08888685,0.7509827,39.88025
34.34,12.756335,188.36133,0.088949405,0.75161505,39.880238
34.35,12.756548,188.36626,0.08901093,0.75224346,39.880222
34.36,12.756758,188.3712,0.08907213,0.75286865,39.880222
34.37,12.7569685,188.37607,0.0891332,0.7534908,39.88021
34.38,12.757175,188.38089,0.08919361,0.7541055,39.88021
34.39,12.757386,188.38571,0.08925338,0.7547181,39.88019
34.4,12.757589,188.39047,0.08931314,0.75532603,39.880188
34.41,12.757792,188.39523,0.0893723,0.75593305,39.88018
34.42,12.757999,188.39986,0.08943077,0.7565352,39.88017
34.43,12.7582,188.40456,0.089489534,0.7571332,39.88016
34.44,12.7584,188.40921,0.089547224,0.75772476,39.88015
34.45,12.758596,188.4138,0.0896042,0.7583145,39.88015
34.46,12.758796,188.41837,0.089661464,0.75889957,39.880154
34.47,12.758995,188.42287,0.08971802,0.75948274,39.880146
34.48,12.759189,188.42741,0.08977422,0.76006144,39.88014
34.49,12.759378,188.43188,0.089829974,0.76063764,39.880142
34.5,12.759575,188.4363,0.089885585,0.76120865,39.880127
34.51,12.759765,188.4407,0.08994073,0.76177406,39.88013
34.52,12.759956,188.44511,0.08999538,0.76233983,39.880127
34.53,12.760146,188.44948,0.090049595,0.7628971,39.880123
34.54,12.760334,188.45378,0.09010359,0.7634548,39.880123
34.55,12.76052,188.45807,0.09015686,0.7640079,39.880123
34.56,12.760705,188.46234,0.0902097,0.76455593,39.88012
34.57,12.760889,188.46658,0.09026266,0.7651024,39.88012
34.58,12.761071,188.47083,0.09031494,0.7656472,39.880108
34.59,12.761251,188.475,0.09036703,0.7661853,39.88011
34.6,12.761436,188.47916,0.090418555,0.7667204,39.880108
34.61,12.761615,188.48332,0.09046986,0.76725173,39.88011
34.62,12.761797,188.48747,0.090520814,0.76778054,39.880108
34.63,12.761971,188.4915,0.09057124,0.768308,39.880108
34.64,12.762148,188.49553,0.090621494,0.76882744,39.8801
34.65,12.762323,188.49951,0.09067112,0.7693463,39.880104
34.66,12.762496,188.50352,0.09072083,0.76986384,39.880096
34.67,12.762669,188.50748,0.09076983,0.770375,39.880104
34.68,12.762842,188.51144,0.09081877,0.7708833,39.88011
34.69,12.763009,188.51534,0.09086728,0.7713902,39.88012
34.7,12.763181,188.5192,0.09091521,0.7718922,39.880116
34.71,12.763349,188.5231,0.09096319,0.7723934,39.88011
34.72,12.763515,188.52693,0.091010675,0.7728906,39.880104
34.73,12.763683,188.53076,0.09105784,0.77338064,39.880116
34.74,12.763845,188.53456,0.091104716,0.7738712,39.880127
34.75,12.764012,188.5383,0.091151476,0.7743599,39.88013
34.76,12.764176,188.54204,0.09119735,0.77484214,39.880123
34.77,12.76434,188.54573,0.09124334,0.77532613,39.880135
34.78,12.7645,188.54945,0.09128874,0.7758049,39.880146
34.79,12.764665,188.55309,0.091334015,0.77627814,39.880127
34.8,12.764819,188.55673,0.09137899,0.7767514,39.88013
34.81,12.764978,188.56036,0.09142381,0.7772181,39.880142
34.82,12.765135,188.56395,0.09146806,0.7776859,39.880157
34.83,12.765289,188.56754,0.091512084,0.7781504,39.88016
34.84,12.765448,188.57104,0.091555595,0.77861,39.880173
34.85,12.7656,188.5746,0.09159935,0.77907,39.880165
34.86,12.765757,188.57816,0.09164237,0.7795228,39.880184
34.87,12.765908,188.58162,0.091685236,0.7799771,39.880188
34.88,12.766064,188.58505,0.09172799,0.780425,39.88019
34.89,12.766211,188.58852,0.091770165,0.78087294,39.88019
34.9,12.766362,188.5919,0.091812186,0.7813159,39.880203
34.91,12.766508,188.5953,0.09185393,0.7817569,39.880207
34.92,12.766659,188.59865,0.09189542,0.7821983,39.880215
34.93,12.766802,188.602,0.09193682,0.78263366,39.880222
34.94,12.766953,188.60535,0.09197758,0.7830664,39.88022
34.95,12.767094,188.60861,0.09201828,0.7834986,39.88023
34.96,12.767239,188.61195,0.09205881,0.78392375,39.880234
34.97,12.767381,188.61514,0.09209883,0.78435385,39.880245
34.98,12.767525,188.6184,0.092138804,0.7847758,39.880245
34.99,12.767669,188.62163,0.092178285,0.78519315,39.88026
35.0,12.767803,188.6248,0.09221785,0.7856131,39.88027
35.01,12.767945,188.62805,0.0922568,0.78602946,39.88028
35.02,12.7680855,188.63113,0.092295885,0.7864418,39.880295
35.03,12.768224,188.63432,0.09233442,0.7868526,39.88029
35.04,12.768358,188.63744,0.092372544,0.78726065,39.88029
35.05,12.768496,188.64047,0.092410825,0.7876663,39.8803
35.06,12.768631,188.64362,0.092448585,0.7880668,39.880325
35.07,12.768766,188.64668,0.092486404,0.78846884,39.88032
35.08,12.7689,188.64972,0.092523515,0.7888671,39.880333
35.09,12.769032,188.65274,0.09256094,0.7892633,39.880344
35.1,12.769164,188.65573,0.092597775,0.78965616,39.880352
35.11,12.769296,188.65874,0.09263424,0.7900474,39.88036
35.12,12.769425,188.66168,0.09267092,0.7904396,39.880375
35.13,12.769559,188.66463,0.09270707,0.7908238,39.88039
35.14,12.769691,188.66754,0.09274301,0.7912073,39.880398
35.15,12.76982,188.6705,0.092778735,0.7915894,39.880417
35.16,12.769948,188.67332,0.09281432,0.79196984,39.88043
35.17,12.770073,188.67616,0.09284971,0.79234695,39.880436
35.18,12.7702,188.67908,0.0928848,0.79272264,39.88045
35.19,12.770323,188.68192,0.09291951,0.7930968,39.880455
35.2,12.770448,188.6848,0.09295427,0.79346573,39.880466
35.21,12.77057,188.68752,0.09298873,0.7938341,39.880474
35.22,12.770694,188.69029,0.09302307,0.7942008,39.880478
35.23,12.770818,188.69305,0.09305683,0.79456437,39.88049
35.24,12.770941,188.69582,0.093090996,0.79492855,39.88051
35.25,12.771057,188.69849,0.0931243,0.79528844,39.880516
35.26,12.771178,188.70125,0.093157925,0.79564816,39.880527
35.27,12.7712965,188.70395,0.09319103,0.79600275,39.880543
35.28,12.771418,188.70662,0.09322413,0.7963592,39.880558
35.29,12.771536,188.70923,0.093256816,0.7967107,39.880558
35.3,12.771654,188.71194,0.093289465,0.7970617,39.880577
35.31,12.771772,188.71465,0.0933219,0.7974117,39.8806
35.32,12.771887,188.71724,0.09335405,0.79775524,39.880604
35.33,12.772005,188.7198,0.093386196,0.7980989,39.880604
35.34,12.77212,188.7224,0.093417756,0.7984389,39.88062
35.35,12.772228,188.72499,0.09344945,0.7987823,39.88063
35.36,12.772343,188.7275,0.09348095,0.79912007,39.880646
35.37,12.772455,188.73003,0.09351215,0.7994559,39.880657
35.38,12.772564,188.73257,0.09354333,0.7997904,39.88068
35.39,12.772676,188.73505,0.093574144,0.80012405,39.880688
35.4,12.772786,188.73756,0.09360486,0.80045223,39.880703
35.41,12.772898,188.74005,0.09363538,0.8007808,39.880714
35.42,12.773005,188.74255,0.093665764,0.80110866,39.880722
35.43,12.773117,188.74498,0.09369605,0.8014348,39.88074
35.44,12.773228,188.74739,0.093725905,0.8017577,39.880745
35.45,12.7733345,188.7498,0.09375578,0.8020782,39.88075
35.46,12.773437,188.75223,0.093785316,0.80239546,39.880768
35.47,12.773545,188.75461,0.09381474,0.8027149,39.88078
35.48,12.773649,188.75699,0.093844056,0.8030324,39.8808
35.49,12.773754,188.75937,0.09387297,0.8033461,39.880817
35.5,12.773861,188.7617,0.093902156,0.8036586,39.880825
35.51,12.773965,188.76398,0.09393092,0.80396825,39.880844
35.52,12.774067,188.76633,0.093959495,0.80427825,39.880867
35.53,12.774169,188.76859,0.093987994,0.8045864,39.880875
35.54,12.774269,188.77095,0.094016455,0.8048898,39.880882
35.55,12.77437,188.7732,0.09404471,0.80519366,39.8809
35.56,12.774471,188.7755,0.09407255,0.80549675,39.880917
35.57,12.774573,188.77776,0.09410058,0.8057978,39.880924
35.58,12.774672,188.77997,0.09412805,0.8060967,39.88095
35.59,12.77477,188.78221,0.09415553,0.806394,39.88095
35.6,12.774869,188.78441,0.094183005,0.80668867,39.880966
35.61,12.774969,188.78656,0.09421011,0.80698323,39.880985
35.62,12.775065,188.78874,0.09423728,0.8072751,39.880997
35.63,12.775159,188.79092,0.0942641,0.80756557,39.881016
35.64,12.775256,188.79303,0.09429096,0.807855,39.88103
35.65,12.77535,188.7952,0.0943175,0.8081404,39.881046
35.66,12.775448,188.7974,0.094344094,0.80842793,39.88106
35.67,12.775544,188.79947,0.09437032,0.80871207,39.881073
35.68,12.775636,188.80159,0.09439659,0.80899537,39.88109
35.69,12.775726,188.80363,0.094422676,0.80927813,39.881096
35.7,12.775823,188.80573,0.09444847,0.8095558,39.881115
35.71,12.775913,188.80786,0.09447431,0.80983484,39.881126
35.72,12.776008,188.80994,0.09450018,0.8101127,39.881138
35.73,12.776099,188.81194,0.09452532,0.8103895,39.881153
35.74,12.776188,188.81396,0.09455096,0.81066227,39.88117
35.75,12.776276,188.816,0.09457594,0.81093526,39.881187
35.76,12.776369,188.81798,0.094601125,0.8112067,39.8812
35.77,12.776458,188.81996,0.094626054,0.81147486,39.881203
35.78,12.776547,188.82191,0.09465077,0.8117436,39.88121
35.79,12.776633,188.82396,0.09467562,0.81200945,39.88123
35.8,12.776722,188.82591,0.09470041,0.81227493,39.88125
35.81,12.77681,188.82787,0.09472455,0.81253844,39.88127
35.82,12.776899,188.8298,0.09474901,0.81280226,39.881287
35.83,12.776981,188.83174,0.09477308,0.8130632,39.881298
35.84,12.777072,188.83365,0.09479699,0.8133223,39.881317
35.85,12.777152,188.83554,0.09482094,0.81358284,39.881317
35.86,12.777239,188.83748,0.09484477,0.81383884,39.881348
35.87,12.777322,188.83937,0.09486839,0.8140942,39.881348
35.88,12.777404,188.84123,0.09489228,0.8143476,39.881374
35.89,12.777488,188.84306,0.09491524,0.8145989,39.88139
35.9,12.777569,188.84492,0.09493875,0.8148508,39.881397
35.91,12.777655,188.84677,0.09496206,0.8151041,39.88142
35.92,12.777737,188.8486,0.094984986,0.8153516,39.881428
35.93,12.777819,188.8504,0.095007956,0.81559944,39.88144
35.94,12.777899,188.85222,0.095030926,0.8158462,39.881454
35.95,12.777979,188.85406,0.0950535,0.8160904,39.881474
35.96,12.778058,188.85585,0.09507628,0.81633484,39.88149
35.97,12.77814,188.8576,0.095098466,0.8165793,39.881516
35.98,12.778216,188.85938,0.09512121,0.81681883,39.881527
35.99,12.778294,188.86115,0.09514354,0.81705946,39.88154
36.0,12.778376,188.86288,0.095165476,0.8172977,39.881557
36.01,12.778456,188.86465,0.09518769,0.81753445,39.881573
36.02,12.778534,188.86635,0.095209554,0.8177728,39.88158
36.03,12.778609,188.86807,0.095231175,0.818009,39.881596
36.04,12.778687,188.86977,0.095253296,0.8182417,39.881615
36.05,12.778763,188.8715,0.0952749,0.8184732,39.881634
36.06,12.778838,188.87315,0.09529633,0.8187053,39.881645
36.07,12.778913,188.87483,0.09531759,0.8189358,39.88165
36.08,12.778985,188.87654,0.09533896,0.8191678,39.881676
36.09,12.779058,188.87819,0.095360406,0.81939495,39.881683
36.1,12.779136,188.87985,0.09538147,0.81962276,39.881702
36.11,12.779209,188.88148,0.09540219,0.81984687,39.881714
36.12,12.779285,188.88313,0.09542326,0.82007366,39.88172
36.13,12.77936,188.88472,0.09544419,0.8202975,39.881733
36.14,12.77943,188.88637,0.095464796,0.8205186,39.881756
36.15,12.779504,188.88795,0.095485315,0.8207401,39.881763
36.16,12.779573,188.88954,0.095505774,0.8209599,39.88178
36.17,12.779646,188.89117,0.09552619,0.8211801,39.88179
36.18,12.779716,188.89273,0.09554664,0.8213998,39.88181
36.19,12.77979,188.89433,0.09556695,0.82161504,39.88182
36.2,12.77986,188.89587,0.09558712,0.82183063,39.88184
36.21,12.779926,188.89743,0.095607355,0.8220457,39.88185
36.22,12.779995,188.89902,0.095626935,0.82225925,39.881874
36.23,12.7800665,188.90053,0.0956469,0.8224721,39.881886
36.24,12.780134,188.90204,0.09566669,0.8226839,39.88191
36.25,12.780204,188.90356,0.09568645,0.8228961,39.881912
36.26,12.780271,188.90506,0.09570608,0.8231081,39.88193
36.27,12.78034,188.90659,0.09572567,0.82331574,39.881947
36.28,12.780406,188.9081,0.09574496,0.82352257,39.88196
36.29,12.780475,188.90955,0.095764235,0.8237283,39.88197
36.3,12.78054,188.9111,0.095783286,0.82393515,39.881985
36.31,12.780607,188.91255,0.09580261,0.82413864,39.881992
36.32,12.780672,188.91403,0.09582153,0.82434255,39.882015
36.33,12.780739,188.91542,0.09584083,0.8245433,39.882027
36.34,12.780803,188.9169,0.0958597,0.8247462,39.88205
36.35,12.780869,188.91829,0.0958785,0.82494754,39.88206
36.36,12.780932,188.91975,0.09589734,0.8251467,39.882076
36.37,12.780998,188.92119,0.095915884,0.8253472,39.88209
36.38,12.781063,188.92259,0.0959345,0.8255424,39.88213
36.39,12.781124,188.92406,0.09595287,0.8257408,39.882137
36.4,12.781188,188.92543,0.09597139,0.82593703,39.882145
36.41,12.781249,188.92679,0.095989525,0.8261318,39.882156
36.42,12.781314,188.9282,0.096007966,0.826326,39.882156
36.43,12.781375,188.9296,0.0960262,0.826519,39.88217
36.44,12.781437,188.93092,0.09604437,0.8267129,39.882183
36.45,12.781498,188.93227,0.096062414,0.8269024,39.882206
36.46,12.781559,188.93367,0.09608016,0.8270949,39.88221
36.47,12.78162,188.93497,0.09609817,0.8272849,39.882217
36.48,12.781681,188.93631,0.09611568,0.82747084,39.88224
36.49,12.781739,188.9376,0.09613383,0.8276588,39.882256
36.5,12.781802,188.9389,0.09615144,0.82784724,39.88227
36.51,12.781857,188.94025,0.09616895,0.82803285,39.882286
36.52,12.781914,188.94154,0.09618657,0.82821965,39.8823
36.53,12.781975,188.94292,0.09620391,0.82840264,39.882317
36.54,12.782033,188.9442,0.09622106,0.82858735,39.882347
36.55,12.782092,188.94547,0.09623856,0.8287685,39.882347
36.56,12.782151,188.94676,0.0962556,0.8289516,39.882374
36.57,12.782211,188.94809,0.09627287,0.82913315,39.882385
36.58,12.782265,188.94934,0.09629016,0.8293143,39.882393
36.59,12.782323,188.9506,0.09630685,0.8294918,39.882393
36.6,12.782378,188.95186,0.096324004,0.8296697,39.882412
36.61,12.782435,188.9531,0.09634107,0.8298483,39.88244
36.62,12.782496,188.95435,0.09635775,0.8300262,39.882458
36.63,12.782552,188.95561,0.09637439,0.83020145,39.88247
36.64,12.782604,188.95682,0.096391104,0.8303752,39.882484
36.65,12.782665,188.95811,0.09640787,0.8305506,39.882496
36.66,12.782719,188.95934,0.09642428,0.83072525,39.882507
36.67,12.782773,188.9605,0.09644083,0.8308979,39.88252
36.68,12.782826,188.96172,0.09645725,0.8310672,39.882523
36.69,12.782881,188.96289,0.09647345,0.83124244,39.88255
36.7,12.782933,188.9641,0.09648976,0.83141136,39.882553
36.71,12.782991,188.96533,0.096506126,0.8315844,39.88256
36.72,12.783042,188.96648,0.09652241,0.8317524,39.882584
36.73,12.783095,188.96765,0.09653811,0.8319206,39.88259
36.74,12.78315,188.96881,0.09655442,0.8320876,39.882603
36.75,12.783202,188.96997,0.09657035,0.832255,39.882618
36.76,12.783254,188.97108,0.09658628,0.8324218,39.882633
36.77,12.783305,188.97223,0.0966023,0.8325877,39.88264
36.78,12.783358,188.9734,0.09661799,0.8327525,39.882645
36.79,12.783412,188.97452,0.09663361,0.83291346,39.882675
36.8,12.783463,188.97571,0.09664921,0.8330768,39.882694
36.81,12.783514,188.97679,0.096665025,0.8332408,39.882698
36.82,12.783564,188.97794,0.0966805,0.83340085,39.8827
36.83,12.783615,188.97906,0.09669593,0.8335632,39.882717
36.84,12.783666,188.98021,0.09671175,0.8337245,39.882732
36.85,12.783716,188.98131,0.09672685,0.8338841,39.882744
36.86,12.783767,188.98239,0.09674228,0.8340435,39.88275
36.87,12.783813,188.98347,0.09675741,0.8342001,39.88277
36.88,12.783865,188.98451,0.09677281,0.8343576,39.882782
36.89,12.783914,188.98563,0.096788004,0.83451533,39.882805
36.9,12.783962,188.98671,0.09680324,0.8346711,39.88281
36.91,12.784011,188.98778,0.09681821,0.8348259,39.88282
36.92,12.784059,188.98878,0.09683312,0.83498096,39.88283
36.93,12.784106,188.98987,0.09684803,0.83513576,39.882835
36.94,12.784157,188.99092,0.09686318,0.8352889,39.882862
36.95,12.784204,188.992,0.09687774,0.835443,39.88288
36.96,12.78425,188.99303,0.09689282,0.8355936,39.882885
36.97,12.784298,188.99402,0.0969074,0.8357467,39.882896
36.98,12.784346,188.99506,0.096922174,0.8358969,39.88292
36.99,12.78439,188.99608,0.09693672,0.83604896,39.882935
37.0,12.784436,188.99712,0.096951395,0.83619595,39.88294
37.01,12.784486,188.9982,0.09696574,0.8363445,39.88296
37.02,12.78453,188.99918,0.09698057,0.83649516,39.88297
37.03,12.784576,189.00018,0.096994855,0.8366432,39.882977
37.04,12.784622,189.00113,0.09700933,0.83678746,39.882996
37.05,12.784668,189.0021,0.09702372,0.8369366,39.883007
37.06,12.784715,189.00313,0.09703767,0.83708096,39.883015
37.07,12.784762,189.00409,0.097052366,0.83722687,39.88302
37.08,12.784805,189.0051,0.09706659,0.8373721,39.88303
37.09,12.784847,189.00606,0.09708056,0.8375163,39.883053
37.1,12.784894,189.00702,0.09709467,0.8376609,39.883068
37.11,12.784934,189.00806,0.09710876,0.83780295,39.88308
37.12,12.784978,189.009,0.09712267,0.8379456,39.88309
37.13,12.785023,189.00996,0.097137004,0.83808744,39.883095
37.14,12.785067,189.0109,0.097150564,0.8382294,39.883114
37.15,12.78511,189.01186,0.09716454,0.83837223,39.883125
37.16,12.785153,189.01282,0.09717834,0.8385095,39.88314
37.17,12.785199,189.01375,0.09719226,0.83864874,39.88315
37.18,12.785241,189.01466,0.097205825,0.83878636,39.88315
37.19,12.785285,189.01555,0.09721964,0.83892494,39.883167
37.2,12.785325,189.01648,0.09723318,0.8390629,39.883186
37.21,12.785368,189.0174,0.09724681,0.83920026,39.88319
37.22,12.785408,189.0183,0.0972605,0.83933747,39.883198
37.23,12.785449,189.01924,0.097274244,0.8394755,39.88321
37.24,12.785492,189.02016,0.097287506,0.8396092,39.883217
37.25,12.785536,189.02106,0.09730083,0.8397429,39.883232
37.26,12.785575,189.02194,0.09731444,0.83988154,39.883244
37.27,12.785618,189.02283,0.09732753,0.840011,39.883255
37.28,12.785657,189.02373,0.09734099,0.8401468,39.883266
37.29,12.785698,189.02461,0.09735421,0.8402792,39.88328
37.3,12.785735,189.02551,0.09736759,0.84041,39.8833
37.31,12.785775,189.02632,0.09738072,0.84054327,39.883312
37.32,12.785816,189.02716,0.09739385,0.8406736,39.88332
37.33,12.785857,189.02803,0.097406864,0.84080565,39.88332
37.34,12.785897,189.02893,0.09742003,0.84093636,39.88334
37.35,12.785936,189.02979,0.09743313,0.84106827,39.88335
37.36,12.7859745,189.03061,0.09744613,0.84119594,39.883358
37.37,12.786012,189.03146,0.09745914,0.8413249,39.88336
37.38,12.786054,189.03227,0.0974721,0.8414538,39.88337
37.39,12.786089,189.03311,0.09748488,0.8415804,39.88338
37.4,12.786131,189.03397,0.09749777,0.8417109,39.883404
37.41,12.786171,189.03479,0.097510494,0.8418349,39.883415
37.42,12.78621,189.03561,0.09752305,0.84196043,39.88343
37.43,12.786246,189.03642,0.09753607,0.8420887,39.88345
37.44,12.786287,189.0373,0.0975488,0.8422119,39.88345
37.45,12.786321,189.03806,0.09756149,0.84233963,39.883453
37.46,12.786356,189.03885,0.09757402,0.8424636,39.883465
37.47,12.786397,189.03969,0.09758659,0.84258616,39.883476
37.48,12.786434,189.04054,0.097599275,0.8427086,39.883484
37.49,12.786469,189.0413,0.0976117,0.84283334,39.8835
37.5,12.786506,189.04205,0.09762426,0.8429531,39.883503
37.51,12.786543,189.04288,0.097636856,0.8430793,39.883507
37.52,12.786579,189.0437,0.097649105,0.84319776,39.883522
37.53,12.786616,189.04445,0.09766135,0.8433211,39.883522
37.54,12.786652,189.04524,0.097673655,0.84343994,39.883533
37.55,12.786689,189.0461,0.09768603,0.8435614,39.883553
37.56,12.786724,189.04678,0.09769823,0.84368074,39.883568
37.57,12.786764,189.04756,0.09771075,0.8437985,39.88357
37.58,12.7867985,189.04831,0.09772274,0.8439182,39.88359
37.59,12.786829,189.04912,0.097735286,0.8440368,39.883606
37.6,12.786868,189.0499,0.09774712,0.84415555,39.88361
37.61,12.7869005,189.05066,0.09775937,0.84427345,39.883614
37.62,12.786932,189.05139,0.09777121,0.84439063,39.883625
37.63,12.786973,189.05208,0.09778347,0.8445065,39.88364
37.64,12.787007,189.05283,0.097795345,0.84462273,39.883648
37.65,12.787043,189.05359,0.09780737,0.8447391,39.88365
37.66,12.787074,189.05435,0.09781936,0.84485435,39.883667
37.67,12.787108,189.05508,0.09783119,0.8449688,39.883675
37.68,12.78714,189.05579,0.097843386,0.8450845,39.883682
37.69,12.787173,189.0565,0.097855054,0.8451971,39.88369
37.7,12.787209,189.05725,0.09786679,0.8453138,39.883705
37.71,12.787245,189.05797,0.097878516,0.84542775,39.883717
37.72,12.78728,189.05865,0.097890474,0.845539,39.883717
37.73,12.787311,189.0594,0.09790222,0.84565175,39.883728
37.74,12.787345,189.06012,0.09791383,0.8457625,39.88375
37.75,12.787373,189.06087,0.0979254,0.84587467,39.883755
37.76,12.787409,189.06152,0.09793703,0.8459859,39.88377
37.77,12.787438,189.06224,0.09794875,0.84609544,39.88376
37.78,12.787471,189.06291,0.097960256,0.8462062,39.883774
37.79,12.787505,189.0636,0.09797191,0.8463162,39.88378
37.8,12.787538,189.0643,0.0979832,0.8464265,39.88379
37.81,12.787568,189.06497,0.097995155,0.8465347,39.883797
37.82,12.787599,189.06563,0.09800632,0.8466452,39.88381
37.83,12.78763,189.06631,0.09801797,0.8467531,39.883812
37.84,12.787661,189.06694,0.09802904,0.8468609,39.88381
37.85,12.787698,189.0677,0.09804028,0.84696877,39.883827
37.86,12.787728,189.06834,0.098051906,0.84707737,39.883835
37.87,12.787758,189.06908,0.09806321,0.8471848,39.883854
37.88,12.78779,189.06969,0.09807469,0.84729093,39.883854
37.89,12.787819,189.07031,0.098085746,0.8473978,39.883873
37.9,12.787852,189.07103,0.09809726,0.8475038,39.883877
37.91,12.787883,189.07167,0.09810853,0.84760785,39.88388
37.92,12.787911,189.07234,0.09811955,0.8477148,39.883892
37.93,12.787943,189.07298,0.098130725,0.84782016,39.883904
37.94,12.7879715,189.07361,0.09814192,0.84792507,39.883907
37.95,12.788,189.07425,0.09815317,0.8480279,39.88391
37.96,12.788032,189.07489,0.09816412,0.84813106,39.883923
37.97,12.78806,189.07555,0.0981752,0.8482337,39.883938
37.98,12.788091,189.07617,0.09818613,0.8483386,39.88394
37.99,12.788119,189.07675,0.098197035,0.8484416,39.883945
38.0,12.78815,189.07738,0.09820822,0.84854347,39.883945
38.01,12.788184,189.07803,0.09821911,0.848644,39.88397
38.02,12.788211,189.07866,0.098230176,0.8487464,39.883976
38.03,12.788239,189.07936,0.098240875,0.8488463,39.883987
38.04,12.788265,189.07996,0.09825171,0.84894764,39.883987
38.05,12.788294,189.08055,0.09826272,0.8490478,39.884007
38.06,12.788321,189.08118,0.09827373,0.84914935,39.884003
38.07,12.788352,189.08179,0.09828431,0.8492484,39.884014
38.08,12.788379,189.08238,0.0982951,0.8493482,39.884026
38.09,12.788409,189.08296,0.09830611,0.84944767,39.884033
38.1,12.788436,189.08359,0.098316446,0.84954846,39.884037
38.11,12.788464,189.08412,0.0983274,0.849648,39.884037
38.12,12.788491,189.08472,0.09833825,0.8497466,39.884052
38.13,12.788519,189.08531,0.09834891,0.8498429,39.88405
38.14,12.788547,189.08592,0.09835945,0.84993917,39.88406
38.15,12.788574,189.0865,0.09837007,0.850034,39.884087
38.16,12.788604,189.08704,0.09838051,0.85013366,39.884083
38.17,12.788629,189.08772,0.09839137,0.8502309,39.88409
38.18,12.788657,189.08826,0.098401904,0.85032606,39.8841
38.19,12.788686,189.08882,0.098412454,0.85042155,39.884106
38.2,12.78871,189.08937,0.09842296,0.8505208,39.884113
38.21,12.788739,189.08992,0.09843345,0.85061675,39.884117
38.22,12.788766,189.09047,0.09844386,0.8507089,39.884125
38.23,12.788792,189.09108,0.09845429,0.85080487,39.884132
38.24,12.788821,189.09169,0.098464675,0.8508986,39.88414
38.25,12.788845,189.09221,0.09847497,0.85099375,39.88414
38.26,12.788873,189.09276,0.09848561,0.8510871,39.884163
38.27,12.788898,189.09332,0.09849605,0.8511805,39.884174
38.28,12.788922,189.09384,0.09850623,0.85127497,39.884174
38.29,12.78895,189.09439,0.098516606,0.8513678,39.88418
38.3,12.788977,189.09492,0.098526835,0.85146,39.88418
38.31,12.789002,189.09546,0.09853727,0.8515512,39.88419
38.32,12.78903,189.09602,0.098547414,0.8516449,39.884186
38.33,12.789058,189.09662,0.098557696,0.8517369,39.8842
38.34,12.789081,189.09714,0.098567836,0.85182905,39.8842
38.35,12.789107,189.09769,0.09857792,0.8519213,39.88422
38.36,12.78913,189.0982,0.098588265,0.8520124,39.88422
38.37,12.789157,189.09872,0.09859851,0.8521008,39.884216
38.38,12.78918,189.09927,0.0986085,0.8521906,39.88423
38.39,12.789204,189.09978,0.09861871,0.8522812,39.884247
38.4,12.789228,189.10034,0.098628424,0.85237163,39.88425
38.41,12.789255,189.10085,0.09863863,0.8524616,39.884247
38.42,12.789279,189.10138,0.098648936,0.8525528,39.88425
38.43,12.789305,189.10187,0.09865879,0.8526399,39.884262
38.44,12.789326,189.10236,0.098668694,0.8527291,39.884266
38.45,12.789352,189.10292,0.09867889,0.8528149,39.88427
38.46,12.789376,189.10338,0.09868901,0.8529074,39.884277
38.47,12.789403,189.1039,0.09869882,0.8529953,39.884285
38.48,12.789426,189.10432,0.09870872,0.8530815,39.884296
38.49,12.789451,189.10483,0.098718695,0.85316956,39.884304
38.5,12.789475,189.1053,0.09872859,0.8532582,39.884315
38.51,12.789498,189.10582,0.098738566,0.85334325,39.884327
38.52,12.789521,189.10634,0.09874828,0.8534316,39.88432
38.53,12.789547,189.10681,0.09875836,0.8535173,39.88432
38.54,12.789568,189.10735,0.09876797,0.8536024,39.884327
38.55,12.789593,189.10779,0.09877797,0.8536886,39.88434
38.56,12.789615,189.10832,0.098787725,0.8537765,39.88434
38.57,12.7896385,189.10881,0.09879744,0.8538585,39.884346
38.58,12.7896595,189.10925,0.09880726,0.8539463,39.88435
38.59,12.789683,189.10974,0.0988168,0.8540284,39.88435
38.6,12.789706,189.11023,0.098826684,0.8541155,39.884357
38.61,12.789731,189.11073,0.09883632,0.8541988,39.88436
38.62,12.789751,189.11124,0.098845854,0.8542816,39.884373
38.63,12.789778,189.11172,0.09885576,0.8543668,39.884377
38.64,12.789802,189.11217,0.09886538,0.8544501,39.884377
38.65,12.7898245,189.1126,0.0988748,0.854534,39.884384
38.66,12.789845,189.1131,0.09888454,0.85461533,39.884384
38.67,12.78987,189.11359,0.098894216,0.8546995,39.88439
38.68,12.789888,189.11398,0.0989037,0.8547834,39.88439
38.69,12.789911,189.11449,0.09891351,0.8548649,39.884396
38.7,12.789933,189.11496,0.09892312,0.8549481,39.884407
38.71,12.789956,189.11543,0.09893244,0.8550302,39.884415
38.72,12.789975,189.11584,0.09894194,0.855111,39.884422
38.73,12.79,189.11633,0.098951295,0.8551944,39.88443
38.74,12.790019,189.11674,0.09896096,0.8552743,39.88444
38.75,12.790041,189.11719,0.09897052,0.855355,39.884445
38.76,12.790066,189.11761,0.098979786,0.8554356,39.88445
38.77,12.790087,189.1181,0.09898944,0.8555176,39.884453
38.78,12.790109,189.11848,0.09899883,0.8555951,39.884464
38.79,12.790132,189.11897,0.099008135,0.85567784,39.88447
38.8,12.79015,189.11938,0.0990176,0.8557576,39.884464
38.81,12.790173,189.11983,0.09902702,0.8558357,39.88447
38.82,12.790192,189.12021,0.09903636,0.85591733,39.88446
38.83,12.7902155,189.12065,0.099045455,0.855994,39.884464
38.84,12.790235,189.12108,0.099055015,0.85607547,39.884468
38.85,12.7902565,189.12155,0.09906429,0.85615265,39.88448
38.86,12.7902775,189.12189,0.09907331,0.8562281,39.884476
38.87,12.790296,189.12238,0.09908314,0.8563083,39.884495
38.88,12.790319,189.12283,0.09909209,0.85638773,39.884495
38.89,12.790337,189.12321,0.099101186,0.8564652,39.884506
38.9,12.790356,189.12367,0.09911051,0.85654444,39.884506
38.91,12.790379,189.12408,0.099119805,0.8566198,39.8845
38.92,12.790399,189.12451,0.09912918,0.8566972,39.884518
38.93,12.790417,189.12491,0.09913822,0.8567749,39.884518
38.94,12.790436,189.12532,0.099147364,0.8568516,39.884525
38.95,12.790457,189.12575,0.099156275,0.8569269,39.884525
38.96,12.790477,189.12613,0.09916555,0.8570055,39.884533
38.97,12.790498,189.12654,0.09917475,0.8570814,39.884525
38.98,12.790516,189.12694,0.099183924,0.8571588,39.88454
38.99,12.790539,189.12733,0.09919319,0.85723406,39.884544
39.0,12.790559,189.12772,0.09920214,0.8573083,39.884544
39.01,12.790576,189.12813,0.09921136,0.8573833,39.884552
39.02,12.790596,189.12854,0.09922034,0.85745966,39.884563
39.03,12.790617,189.12892,0.09922931,0.8575332,39.884563
39.04,12.790632,189.12929,0.09923842,0.85760987,39.884567
39.05,12.790653,189.12975,0.09924741,0.8576822,39.884567
39.06,12.790672,189.13016,0.09925631,0.85775924,39.88458
39.07,12.790693,189.13051,0.099265374,0.85783124,39.884583
39.08,12.790711,189.13089,0.099274375,0.857906,39.884583
39.09,12.7907295,189.13133,0.09928311,0.85798264,39.884583
39.1,12.790749,189.1317,0.0992924,0.85805565,39.88458
39.11,12.790766,189.13205,0.09930128,0.85812783,39.88458
39.12,12.790788,189.13248,0.09931025,0.85820067,39.88458
39.13,12.79081,189.13283,0.09931897,0.85827523,39.884575
39.14,12.790823,189.13326,0.099327855,0.85834897,39.884586
39.15,12.790844,189.1336,0.09933696,0.85842,39.884586
39.16,12.790865,189.13399,0.099345855,0.8584933,39.884594
39.17,12.790886,189.13435,0.099354655,0.85856414,39.88459
39.18,12.790902,189.13469,0.09936364,0.85863817,39.884598
39.19,12.790922,189.1351,0.09937248,0.8587082,39.884605
39.2,12.790938,189.13547,0.09938119,0.8587767,39.884613
39.21,12.790957,189.13582,0.099390045,0.8588524,39.88461
39.22,12.790973,189.13617,0.099398956,0.858921,39.884605
39.23,12.79099,189.13652,0.09940753,0.8589933,39.88462
39.24,12.791008,189.1369,0.09941659,0.85906464,39.884624
39.25,12.791027,189.13724,0.09942543,0.8591364,39.88463
39.26,12.791043,189.13756,0.09943396,0.85920644,39.884636
39.27,12.791062,189.13794,0.09944276,0.8592762,39.884632
39.28,12.791078,189.13829,0.09945154,0.8593496,39.884644
39.29,12.791098,189.13869,0.09946016,0.8594171,39.884647
39.3,12.791114,189.13902,0.0994689,0.8594862,39.88465
39.31,12.791132,189.13939,0.09947758,0.8595581,39.88465
39.32,12.79115,189.13974,0.09948636,0.8596251,39.884647
39.33,12.791167,189.14009,0.09949509,0.8596971,39.88465
39.34,12.791189,189.14044,0.09950369,0.8597677,39.88466
39.35,12.791202,189.14078,0.09951238,0.85983586,39.88466
39.36,12.791219,189.14113,0.09952092,0.8599047,39.884663
39.37,12.791238,189.14148,0.09952944,0.85997367,39.884663
39.38,12.791255,189.1418,0.09953792,0.86004025,39.884666
39.39,12.79127,189.14212,0.09954665,0.8601109,39.88467
39.4,12.791287,189.14249,0.09955513,0.8601788,39.884678
39.41,12.791304,189.1428,0.09956392,0.8602446,39.884666
39.42,12.79132,189.14319,0.0995725,0.86031365,39.884678
39.43,12.791336,189.1435,0.09958111,0.86038196,39.884678
39.44,12.791351,189.14384,0.09958978,0.8604523,39.884678
39.45,12.791368,189.14415,0.099598296,0.8605153,39.88468
39.46,12.791386,189.14444,0.0996067,0.860584,39.884697
39.47,12.791399,189.1448,0.09961527,0.86065066,39.88469
39.48,12.791418,189.14514,0.0996235,0.8607173,39.884686
39.49,12.79144,189.14545,0.09963212,0.8607849,39.884693
39.5,12.791456,189.14574,0.099640794,0.86085075,39.884697
39.51,12.791469,189.14607,0.099649176,0.8609196,39.8847
39.52,12.791488,189.14644,0.09965767,0.86098444,39.884697
39.53,12.791503,189.14677,0.09966597,0.8610507,39.88471
39.54,12.791517,189.14713,0.09967455,0.8611171,39.884693
39.55,12.791533,189.14746,0.09968297,0.8611819,39.884697
39.56,12.79155,189.14774,0.09969154,0.86124957,39.884697
39.57,12.791565,189.14803,0.099699944,0.861313,39.884693
39.58,12.791583,189.14839,0.09970837,0.8613802,39.884697
39.59,12.791599,189.14868,0.09971652,0.8614426,39.8847
39.6,12.791611,189.14897,0.09972481,0.86151004,39.88471
39.61,12.791628,189.1493,0.099733405,0.86157537,39.88471
39.62,12.791645,189.1496,0.099741615,0.8616387,39.884724
39.63,12.791658,189.14995,0.099750094,0.861704,39.88473
39.64,12.791676,189.15028,0.0997585,0.86176693,39.884727
39.65,12.791693,189.15051,0.09976663,0.8618313,39.884724
39.66,12.791707,189.15082,0.0997751,0.86189795,39.88473
39.67,12.791723,189.1511,0.099783495,0.86196077,39.884735
39.68,12.791741,189.15141,0.09979136,0.86202556,39.884727
39.69,12.791756,189.15169,0.09979992,0.8620873,39.88473
39.7,12.791772,189.15196,0.099808335,0.86215186,39.884727
39.71,12.791786,189.15225,0.09981642,0.86221623,39.884724
39.72,12.791801,189.15256,0.09982488,0.86228174,39.884727
39.73,12.791815,189.15285,0.099833,0.86234206,39.884724
39.74,12.791829,189.15321,0.099840984,0.86240673,39.88473
39.75,12.791844,189.15346,0.099849455,0.86246634,39.88473
39.76,12.79186,189.15378,0.09985767,0.86253226,39.88474
39.77,12.791872,189.1541,0.099865824,0.8625942,39.884747
39.78,12.791892,189.15439,0.09987402,0.86265355,39.88474
39.79,12.791904,189.15468,0.099882185,0.86271894,39.88474
39.8,12.79192,189.15495,0.09989032,0.8627807,39.88475
39.81,12.791934,189.15529,0.09989841,0.862845,39.884747
39.82,12.791945,189.15556,0.09990643,0.86290234,39.884747
39.83,12.79196,189.15584,0.0999149,0.8629669,39.884754
39.84,12.791972,189.15611,0.09992314,0.86303115,39.884747
39.85,12.791988,189.15643,0.0999311,0.8630911,39.88475
39.86,12.792004,189.15668,0.09993949,0.8631513,39.884754
39.87,12.79202,189.15701,0.09994733,0.8632123,39.88475
39.88,12.792037,189.15727,0.09995588,0.8632748,39.884758
39.89,12.79205,189.15752,0.09996366,0.8633344,39.88475
39.9,12.792062,189.15779,0.09997166,0.863397,39.884747
39.91,12.792077,189.15805,0.099980034,0.86345637,39.884743
39.92,12.79209,189.15831,0.099988,0.8635187,39.884747
39.93,12.792104,189.15858,0.099996135,0.8635771,39.884758
39.94,12.79212,189.15887,0.10000414,0.8636404,39.88474
39.95,12.792134,189.15913,0.10001198,0.86369956,39.88475
39.96,12.792145,189.15941,0.10002002,0.8637573,39.884743
39.97,12.792158,189.15965,0.100028016,0.86381733,39.88474
39.98,12.792175,189.15987,0.100036204,0.8638787,39.884747
39.99,12.7921915,189.16014,0.10004415,0.86393964,39.884754
40.0,12.792203,189.16042,0.10005224,0.8639983,39.88476
40.01,12.792215,189.16068,0.10006006,0.8640579,39.88476
40.02,12.792232,189.16093,0.10006821,0.8641167,39.884754
40.03,12.792241,189.16121,0.10007605,0.8641763,39.88475
40.04,12.792255,189.1615,0.10008414,0.86423385,39.884747
40.05,12.79227,189.16171,0.100091994,0.86429346,39.884743
40.06,12.792283,189.16205,0.1001,0.8643538,39.88475
40.07,12.792297,189.1623,0.10010788,0.86441123,39.88475
40.08,12.792308,189.16254,0.100115836,0.86446834,39.88475
40.09,12.792325,189.16278,0.1001239,0.8645281,39.884754
40.1,12.792337,189.16302,0.10013177,0.86458564,39.88475
40.11,12.79235,189.16328,0.10013971,0.8646454,39.884754
40.12,12.792363,189.16354,0.10014733,0.8647042,39.88475
40.13,12.792375,189.16379,0.1001554,0.8647611,39.884758
40.14,12.79239,189.16405,0.1001635,0.8648201,39.88476
40.15,12.792403,189.16429,0.1001712,0.86487746,39.884754
40.16,12.792418,189.16458,0.100179054,0.8649366,39.884747
40.17,12.79243,189.16478,0.100186914,0.8649924,39.884747
40.18,12.792441,189.16504,0.100194745,0.8650521,39.884747
40.19,12.792458,189.16527,0.10020255,0.8651055,39.884743
40.2,12.792467,189.16551,0.1002106,0.8651638,39.884747
40.21,12.792485,189.16576,0.10021825,0.865222,39.884747
40.22,12.792495,189.166,0.10022597,0.8652787,39.88475
40.23,12.792506,189.16624,0.10023379,0.8653345,39.884747
40.24,12.792519,189.16647,0.10024164,0.86539114,39.884747
40.25,12.792532,189.16675,0.1002496,0.86545026,39.884754
40.26,12.792544,189.16696,0.100257136,0.8655053,39.88475
40.27,12.792556,189.16722,0.100265004,0.86556053,39.884743
40.28,12.792568,189.16739,0.10027278,0.86561614,39.88475
40.29,12.7925825,189.16766,0.1002808,0.86567557,39.884743
40.3,12.792594,189.16788,0.10028844,0.86572766,39.884747
40.31,12.792605,189.16812,0.10029618,0.8657874,39.88474
40.32,12.792622,189.16832,0.100304015,0.86584103,39.884735
40.33,12.792631,189.16858,0.100311674,0.86589706,39.88474
40.34,12.792646,189.16878,0.10031935,0.86595273,39.884724
40.35,12.792658,189.16904,0.10032709,0.86600864,39.884727
40.36,12.792666,189.16928,0.100334905,0.8660654,39.88473
40.37,12.792683,189.1695,0.10034239,0.86612,39.88473
40.38,12.792692,189.1698,0.10035007,0.86617494,39.88473
40.39,12.792703,189.17001,0.100357994,0.8662312,39.884727
40.4,12.792717,189.17024,0.10036551,0.8662871,39.88474
40.41,12.792728,189.17047,0.10037339,0.8663428,39.88473
40.42,12.792743,189.17067,0.10038096,0.8663959,39.88473
40.43,12.792753,189.17087,0.100388944,0.86645055,39.884735
40.44,12.792766,189.17108,0.10039646,0.8665035,39.884735
40.45,12.792778,189.17125,0.10040409,0.8665582,39.884727
40.46,12.792788,189.17151,0.100411825,0.86661243,39.88473
40.47,12.792801,189.17169,0.100419156,0.8666678,39.884727
40.48,12.792813,189.1719,0.1004268,0.86672163,39.88472
40.49,12.792826,189.1721,0.10043476,0.86677766,39.88473
40.5,12.792839,189.1724,0.10044206,0.86683005,39.884735
40.51,12.79285,189.17258,0.100449756,0.8668847,39.88473
40.52,12.792861,189.1728,0.10045745,0.8669379,39.88472
40.53,12.792873,189.173,0.100465305,0.8669925,39.884716
40.54,12.792884,189.17323,0.10047272,0.8670448,39.88471
40.55,12.792895,189.17346,0.10048038,0.86709744,39.884712
40.56,12.792907,189.1737,0.100487836,0.8671534,39.884705
40.57,12.792918,189.17392,0.1004952,0.8672035,39.88471
40.58,12.792926,189.17412,0.10050303,0.8672588,39.88471
40.59,12.79294,189.17435,0.10051052,0.86731327,39.884705
40.6,12.792953,189.17453,0.10051791,0.86736506,39.884705
40.61,12.792962,189.17476,0.10052565,0.86741877,39.884697
40.62,12.792975,189.17493,0.10053322,0.8674693,39.88471
40.63,12.792986,189.17517,0.1005407,0.8675239,39.884697
40.64,12.792997,189.17534,0.100548156,0.8675761,39.884712
40.65,12.793014,189.17555,0.10055569,0.8676315,39.8847
40.66,12.793024,189.17578,0.1005631,0.8676808,39.884705
40.67,12.793035,189.17604,0.10057076,0.86773545,39.884705
40.68,12.793044,189.17621,0.100578345,0.8677874,39.8847
40.69,12.793053,189.17636,0.10058573,0.86783916,39.8847
40.7,12.793064,189.17656,0.10059314,0.8678905,39.884697
40.71,12.793076,189.17677,0.1006007,0.86794233,39.884697
40.72,12.793086,189.17696,0.100607954,0.867993,39.884697
40.73,12.7930975,189.17714,0.10061574,0.8680468,39.884697
40.74,12.793112,189.17737,0.100622915,0.8681008,39.884693
40.75,12.793122,189.17755,0.100630514,0.86814886,39.884693
40.76,12.793129,189.17775,0.10063787,0.86820114,39.884674
40.77,12.793138,189.17795,0.10064548,0.86825305,39.88467
40.78,12.793151,189.17815,0.10065305,0.86830306,39.884678
40.79,12.793163,189.17834,0.100660294,0.8683555,39.884674
40.8,12.793173,189.17853,0.1006679,0.86840767,39.884674
40.81,12.793182,189.17868,0.100675076,0.8684584,39.88467
40.82,12.793193,189.17886,0.10068244,0.86850715,39.884678
40.83,12.793203,189.17903,0.10068962,0.8685585,39.884686
40.84,12.793216,189.17921,0.10069724,0.868611,39.88468
40.85,12.793225,189.17947,0.100704655,0.868659,39.884674
40.86,12.793237,189.17964,0.10071182,0.868711,39.884666
40.87,12.793246,189.17978,0.10071957,0.86876273,39.884666
40.88,12.793257,189.17995,0.10072695,0.86881304,39.884663
40.89,12.793268,189.1802,0.10073383,0.8688635,39.884663
40.9,12.793277,189.1804,0.10074159,0.8689122,39.88467
40.91,12.793286,189.18059,0.10074888,0.8689647,39.884663
40.92,12.793298,189.1808,0.10075605,0.86901367,39.884663
40.93,12.793307,189.18097,0.10076362,0.86906564,39.884644
40.94,12.793318,189.18118,0.10077107,0.8691149,39.88465
40.95,12.793328,189.1813,0.10077835,0.86916363,39.884644
40.96,12.793338,189.18146,0.10078557,0.8692156,39.884644
40.97,12.793348,189.18169,0.1007928,0.8692649,39.884647
40.98,12.793356,189.18182,0.100800104,0.8693141,39.884636
40.99,12.79337,189.18205,0.10080746,0.8693625,39.88464
41.0,12.793382,189.18225,0.10081462,0.86941254,39.884647
41.01,12.793393,189.18243,0.10082231,0.86946154,39.884644
41.02,12.7934,189.18259,0.10082929,0.8695089,39.884636
41.03,12.793409,189.18275,0.10083679,0.8695612,39.884636
41.04,12.793419,189.18294,0.10084402,0.8696105,39.884632
41.05,12.7934265,189.18304,0.10085123,0.8696599,39.88463
41.06,12.793438,189.18327,0.10085875,0.86970675,39.884624
41.07,12.793448,189.18344,0.10086587,0.8697562,39.88463
41.08,12.793458,189.18358,0.10087326,0.8698071,39.88462
41.09,12.793467,189.18379,0.1008802,0.86985457,39.88462
41.1,12.793477,189.18391,0.10088762,0.8699045,39.884617
41.11,12.79349,189.18411,0.10089481,0.8699522,39.884613
41.12,12.7935,189.18428,0.10090196,0.8700003,39.88461
41.13,12.793507,189.18445,0.100909345,0.870051,39.884613
41.14,12.793519,189.18462,0.1009164,0.87009734,39.88461
41.15,12.793525,189.18481,0.10092383,0.8701462,39.8846
41.16,12.793533,189.18495,0.10093092,0.8701936,39.8846
41.17,12.793546,189.18509,0.10093791,0.87024254,39.884605
41.18,12.793555,189.18527,0.10094533,0.87029135,39.884598
41.19,12.793561,189.18544,0.10095246,0.87034124,39.884594
41.2,12.7935705,189.1856,0.10095964,0.87038624,39.884583
41.21,12.793581,189.18579,0.100966915,0.8704339,39.884583
41.22,12.7935915,189.18597,0.10097398,0.8704832,39.884583
41.23,12.793599,189.18614,0.10098148,0.87053,39.88458
41.24,12.79361,189.18626,0.10098839,0.8705802,39.884575
41.25,12.793618,189.18646,0.10099555,0.870626,39.88457
41.26,12.793627,189.18661,0.10100297,0.87067294,39.88457
41.27,12.793639,189.18677,0.101009995,0.8707212,39.884563
41.28,12.79365,189.1869,0.10101711,0.8707681,39.884567
41.29,12.793659,189.18704,0.1010241,0.8708155,39.88456
41.3,12.793669,189.18718,0.10103131,0.87086225,39.884556
41.31,12.793675,189.18736,0.10103828,0.87091017,39.884544
41.32,12.793687,189.18752,0.10104567,0.87095827,39.884552
41.33,12.7936945,189.18767,0.1010526,0.8710042,39.88454
41.34,12.793707,189.18784,0.10105991,0.8710494,39.884544
41.35,12.793714,189.18802,0.10106689,0.87109625,39.884533
41.36,12.79372,189.18816,0.10107399,0.87114257,39.884533
41.37,12.793728,189.18832,0.1010811,0.87119126,39.884525
41.38,12.793737,189.18848,0.101088226,0.8712369,39.88452
41.39,12.793745,189.18864,0.10109535,0.8712829,39.884518
41.4,12.793754,189.18877,0.10110244,0.8713294,39.884533
41.41,12.793766,189.18889,0.101109326,0.8713782,39.88453
41.42,12.793775,189.18903,0.10111691,0.87142336,39.884525
41.43,12.793783,189.18921,0.10112365,0.87147033,39.884525
41.44,12.793793,189.18935,0.101130895,0.8715168,39.884518
41.45,12.793802,189.18951,0.101137795,0.8715631,39.88452
41.46,12.793813,189.18967,0.10114474,0.8716064,39.884506
41.47,12.793821,189.18982,0.101152174,0.87165374,39.8845
41.48,12.793827,189.18999,0.101159,0.8717003,39.884502
41.49,12.793839,189.1901,0.1011661,0.87174684,39.884495
41.5,12.793846,189.19025,0.10117302,0.87179345,39.88449
41.51,12.793854,189.1904,0.10118003,0.87183774,39.88449
41.52,12.793864,189.19055,0.101187244,0.8718836,39.88449
41.53,12.79387,189.19073,0.101194076,0.8719281,39.884476
41.54,12.7938795,189.19084,0.10120116,0.871973,39.88448
41.55,12.793888,189.191,0.1012082,0.87202114,39.884476
41.56,12.793895,189.19115,0.10121521,0.8720668,39.884468
41.57,12.793904,189.19128,0.10122238,0.8721093,39.88447
41.58,12.793914,189.1914,0.101229295,0.8721591,39.88446
41.59,12.793924,189.19159,0.101236254,0.8722019,39.884464
41.6,12.793929,189.19173,0.10124343,0.8722471,39.884457
41.61,12.79394,189.19185,0.10125034,0.87229383,39.884457
41.62,12.793949,189.19205,0.10125715,0.8723366,39.884453
41.63,12.793958,189.19212,0.10126431,0.8723827,39.88444
41.64,12.793963,189.19228,0.10127103,0.8724259,39.88443
41.65,12.793973,189.19241,0.10127828,0.8724719,39.88444
41.66,12.793981,189.19254,0.101284854,0.8725159,39.884434
41.67,12.79399,189.19263,0.10129198,0.87256366,39.884434
41.68,12.793996,189.19278,0.10129916,0.8726078,39.88443
41.69,12.794002,189.1929,0.10130581,0.87265277,39.884422
41.7,12.794009,189.19304,0.10131289,0.8726949,39.884422
41.71,12.794023,189.1932,0.10131999,0.87274146,39.884415
41.72,12.794031,189.19333,0.10132688,0.8727832,39.88441
41.73,12.794037,189.1935,0.10133381,0.8728306,39.88441
41.74,12.7940445,189.19363,0.10134075,0.87287444,39.884407
41.75,12.794051,189.19376,0.10134774,0.8729186,39.8844
41.76,12.79406,189.19388,0.101354584,0.87296593,39.88439
41.77,12.794068,189.194,0.10136158,0.8730083,39.88439
41.78,12.794077,189.19408,0.1013682,0.8730502,39.884388
41.79,12.794085,189.19423,0.10137512,0.8730928,39.884388
41.8,12.794095,189.1944,0.10138217,0.87314004,39.88438
41.81,12.794102,189.1945,0.10138892,0.87318397,39.884377
41.82,12.79411,189.19463,0.10139599,0.87322605,39.88437
41.83,12.794119,189.19478,0.101402715,0.8732691,39.884365
41.84,12.794125,189.19498,0.10140966,0.8733142,39.88436
41.85,12.794134,189.19505,0.10141662,0.87335694,39.884354
41.86,12.794143,189.19527,0.1014235,0.87340343,39.88435
41.87,12.794148,189.19531,0.101430394,0.8734479,39.884346
41.88,12.794155,189.19545,0.10143736,0.87348807,39.884354
41.89,12.794167,189.19556,0.10144395,0.87352836,39.884342
41.9,12.794173,189.19568,0.101450846,0.873574,39.88434
41.91,12.794179,189.1958,0.10145753,0.8736147,39.88433
41.92,12.794187,189.19595,0.10146447,0.87366015,39.884327
41.93,12.794194,189.19608,0.101471506,0.873703,39.884335
41.94,12.794206,189.19618,0.10147825,0.8737466,39.88433
41.95,12.794212,189.19632,0.101485044,0.8737896,39.884323
41.96,12.794221,189.19647,0.1014921,0.87383205,39.884315
41.97,12.794227,189.1966,0.10149894,0.8738766,39.884304
41.98,12.794235,189.19672,0.10150576,0.87391925,39.884304
41.99,12.794242,189.1968,0.10151246,0.8739611,39.884293
42.0,12.79425,189.1969,0.10151949,0.8740064,39.884285
42.01,12.794259,189.19704,0.10152618,0.87405,39.884285
42.02,12.794267,189.19719,0.101532824,0.8740902,39.88429
42.03,12.794273,189.19731,0.101539716,0.8741331,39.884293
42.04,12.794279,189.19745,0.10154663,0.8741752,39.884285
42.05,12.794286,189.19751,0.10155355,0.8742186,39.884274
42.06,12.794293,189.19765,0.10156007,0.87426186,39.884266
42.07,12.794302,189.19774,0.10156711,0.87430394,39.88427
42.08,12.794309,189.19789,0.101573706,0.8743452,39.884262
42.09,12.794316,189.19797,0.10158031,0.8743852,39.884254
42.1,12.794323,189.1981,0.10158704,0.8744322,39.884254
42.11,12.79433,189.19821,0.101593845,0.87447333,39.884247
42.12,12.794337,189.19832,0.10160086,0.8745147,39.884243
42.13,12.794342,189.19846,0.1016074,0.8745595,39.884243
42.14,12.794353,189.19858,0.10161455,0.8745997,39.884235
42.15,12.794361,189.19868,0.10162108,0.87464356,39.884228
42.16,12.794371,189.19879,0.101627916,0.8746836,39.884224
42.17,12.794377,189.19887,0.101634435,0.8747261,39.884212
42.18,12.794382,189.19902,0.1016412,0.87476826,39.88421
42.19,12.794391,189.19913,0.101648,0.874812,39.88421
42.2,12.794397,189.19925,0.101654686,0.8748511,39.8842
42.21,12.794407,189.19933,0.101661384,0.87489486,39.88419
42.22,12.794413,189.19946,0.10166822,0.87493384,39.884193
42.23,12.794418,189.19962,0.10167528,0.8749769,39.884193
42.24,12.794425,189.19969,0.10168151,0.8750186,39.884182
42.25,12.79443,189.19978,0.101688474,0.8750595,39.884186
42.26,12.794439,189.19989,0.101695076,0.87510073,39.884167
42.27,12.794447,189.20004,0.10170167,0.8751426,39.88416
42.28,12.794453,189.20012,0.10170868,0.8751823,39.88415
42.29,12.794459,189.20026,0.10171503,0.87522626,39.88415
42.3,12.794467,189.20032,0.10172167,0.87526566,39.884148
42.31,12.7944765,189.20045,0.101728335,0.87530565,39.88414
42.32,12.794484,189.20055,0.10173535,0.87534916,39.884132
42.33,12.79449,189.20068,0.101741865,0.875391,39.884132
42.34,12.794498,189.20082,0.10174841,0.87542844,39.88412
42.35,12.794504,189.20088,0.10175534,0.87547183,39.884117
42.36,12.794508,189.20099,0.101761915,0.87551236,39.884117
42.37,12.794517,189.20111,0.10176866,0.87555516,39.88411
42.38,12.794523,189.20119,0.10177524,0.87559664,39.884113
42.39,12.794529,189.20135,0.10178216,0.87563664,39.88411
42.4,12.794537,189.20142,0.10178858,0.8756789,39.884106
42.41,12.794545,189.20154,0.10179518,0.8757177,39.88409
42.42,12.794552,189.20161,0.101801835,0.875759,39.884087
42.43,12.7945595,189.20169,0.101808645,0.8757985,39.884068
42.44,12.794566,189.20184,0.10181525,0.8758408,39.884064
42.45,12.794572,189.20193,0.10182189,0.8758801,39.88406
42.46,12.794578,189.20201,0.10182844,0.8759211,39.884056
42.47,12.794583,189.20207,0.101834826,0.87595886,39.88405
42.48,12.79459,189.20227,0.10184169,0.8760015,39.88405
42.49,12.794596,189.20233,0.10184844,0.8760432,39.884045
42.5,12.794603,189.20244,0.10185491,0.8760817,39.884033
42.51,12.794609,189.20256,0.101861484,0.8761225,39.88403
42.52,12.794617,189.20262,0.101868115,0.87616354,39.88403
42.53,12.794624,189.2027,0.101874806,0.87620455,39.884018
42.54,12.79463,189.20276,0.1018812,0.87624216,39.884026
42.55,12.794636,189.2029,0.101887934,0.8762839,39.884026
42.56,12.794643,189.20302,0.10189425,0.8763212,39.884014
42.57,12.794651,189.20312,0.10190115,0.87636256,39.884007
42.58,12.794658,189.20322,0.10190788,0.8764031,39.884003
42.59,12.7946615,189.2033,0.10191449,0.8764437,39.883995
42.6,12.794669,189.20338,0.10192096,0.87648237,39.883995
42.61,12.794678,189.20349,0.10192745,0.87652296,39.88399
42.62,12.794683,189.2036,0.10193408,0.8765638,39.88398
42.63,12.794692,189.20367,0.10194051,0.8766019,39.883984
42.64,12.794694,189.20377,0.10194726,0.87664205,39.88397
42.65,12.794702,189.20387,0.10195385,0.8766798,39.88396
42.66,12.794706,189.20398,0.101960115,0.87671995,39.883957
42.67,12.794716,189.204,0.10196697,0.8767612,39.883953
42.68,12.794721,189.20415,0.101973556,0.87680113,39.88395
42.69,12.794729,189.20425,0.101980135,0.8768403,39.883938
42.7,12.794737,189.20436,0.1019867,0.87688005,39.88393
42.71,12.794744,189.20445,0.10199325,0.8769177,39.883923
42.72,12.794747,189.2045,0.101999626,0.8769573,39.883923
42.73,12.794753,189.2046,0.102006175,0.8769969,39.883926
42.74,12.794761,189.20468,0.10201265,0.87703466,39.883915
42.75,12.794766,189.20477,0.1020194,0.877077,39.883904
42.76,12.79477,189.20488,0.10202578,0.87711555,39.8839
42.77,12.794777,189.20493,0.10203238,0.8771535,39.883892
42.78,12.794785,189.20503,0.10203889,0.87719214,39.883884
42.79,12.79479,189.20514,0.10204521,0.87723297,39.88387
42.8,12.794797,189.20515,0.10205194,0.87727064,39.883873
42.81,12.794802,189.20523,0.10205851,0.87731,39.88387
42.82,12.794807,189.20538,0.10206507,0.87735057,39.883854
42.83,12.794813,189.20544,0.10207156,0.8773891,39.883858
42.84,12.794821,189.20557,0.102077805,0.8774252,39.883854
42.85,12.794829,189.20564,0.10208438,0.877467,39.883846
42.86,12.794835,189.20576,0.10209097,0.87750494,39.88384
42.87,12.794843,189.20584,0.10209722,0.87754405,39.88384
42.88,12.7948475,189.20593,0.10210387,0.877581,39.883827
42.89,12.794852,189.20601,0.10211022,0.87761915,39.88382
42.9,12.794858,189.20607,0.10211678,0.8776599,39.883816
42.91,12.794865,189.20616,0.10212329,0.87769854,39.88381
42.92,12.79487,189.20628,0.10213006,0.8777357,39.8838
42.93,12.794876,189.20636,0.10213601,0.87777525,39.883785
42.94,12.794884,189.20644,0.10214294,0.8778147,39.883785
42.95,12.79489,189.20653,0.102149,0.8778509,39.88378
42.96,12.794892,189.20663,0.102155775,0.8778897,39.883778
42.97,12.794899,189.20668,0.10216214,0.8779286,39.883778
42.98,12.794902,189.20673,0.10216864,0.87796795,39.883766
42.99,12.794909,189.20685,0.10217516,0.8780044,39.883755
43.0,12.794915,189.20692,0.10218152,0.87804186,39.883755
43.01,12.794919,189.20699,0.10218817,0.87808204,39.883747
43.02,12.794926,189.20708,0.10219445,0.8781204,39.883743
43.03,12.794932,189.20718,0.10220088,0.8781569,39.88374
43.04,12.794937,189.20726,0.10220729,0.87819517,39.883728
43.05,12.794944,189.2073,0.10221384,0.8782356,39.88372
43.06,12.794951,189.20744,0.10222002,0.8782722,39.88372
43.07,12.794954,189.20746,0.10222652,0.8783095,39.883713
43.08,12.794961,189.20758,0.102232926,0.87834716,39.883698
43.09,12.794968,189.20767,0.10223942,0.8783848,39.88369
43.1,12.794971,189.20773,0.10224563,0.87842345,39.883686
43.11,12.79498,189.2078,0.102252245,0.87845904,39.88369
43.12,12.794985,189.2079,0.10225867,0.87849957,39.883675
43.13,12.794991,189.20795,0.10226493,0.87853664,39.88367
43.14,12.794997,189.20802,0.102271244,0.8785752,39.883663
43.15,12.795002,189.20811,0.10227782,0.8786119,39.88366
43.16,12.79501,189.20818,0.102284275,0.8786528,39.883656
43.17,12.795014,189.20822,0.10229082,0.8786869,39.88365
43.18,12.795023,189.2083,0.10229701,0.87872624,39.88364
43.19,12.795027,189.20834,0.10230329,0.87876415,39.88364
43.2,12.7950325,189.20845,0.10230964,0.8788004,39.88364
43.21,12.795038,189.2085,0.102315895,0.878838,39.883636
43.22,12.795043,189.20859,0.10232258,0.87887454,39.88362
43.23,12.795047,189.20868,0.10232892,0.87891257,39.88361
43.24,12.7950535,189.20877,0.10233521,0.8789501,39.8836
43.25,12.795061,189.20885,0.10234137,0.8789868,39.883587
43.26,12.795064,189.20892,0.102347925,0.8790233,39.88358
43.27,12.795071,189.20895,0.10235423,0.8790611,39.883575
43.28,12.7950735,189.209,0.10236072,0.8790983,39.883568
43.29,12.795077,189.2091,0.10236712,0.87913793,39.883556
43.3,12.795084,189.20918,0.102373496,0.87917066,39.883556
43.31,12.795087,189.2093,0.102379754,0.8792104,39.883553
43.32,12.7950945,189.20937,0.10238591,0.8792486,39.883545
43.33,12.7951,189.20946,0.10239272,0.87928534,39.883537
43.34,12.795107,189.20955,0.1023988,0.8793225,39.88353
43.35,12.795113,189.20964,0.102405,0.87936014,39.88353
43.36,12.795115,189.20967,0.10241149,0.87939286,39.883522
43.37,12.795123,189.20978,0.10241769,0.8794319,39.883507
43.38,12.795125,189.20984,0.10242407,0.87946975,39.88351
43.39,12.795132,189.20995,0.10243049,0.87950575,39.883503
43.4,12.795139,189.20999,0.10243675,0.879544,39.8835
43.41,12.795145,189.2101,0.10244321,0.87957996,39.883495
43.42,12.795151,189.21013,0.1024495,0.87961566,39.883484
43.43,12.795155,189.21019,0.102455884,0.87965333,39.88348
43.44,12.795157,189.21019,0.10246211,0.8796902,39.88347
43.45,12.795164,189.21033,0.10246824,0.8797252,39.883457
43.46,12.795167,189.21034,0.10247465,0.8797624,39.88345
43.47,12.795173,189.2104,0.10248116,0.8797993,39.883442
43.48,12.7951765,189.21048,0.10248734,0.8798361,39.883434
43.49,12.795184,189.21054,0.10249366,0.8798727,39.883427
43.5,12.795189,189.21057,0.1024999,0.879907,39.88344
43.51,12.795197,189.21063,0.10250604,0.8799452,39.883434
43.52,12.7952,189.21077,0.10251261,0.8799818,39.883423
43.53,12.795207,189.2108,0.1025189,0.8800175,39.883423
43.54,12.795211,189.21083,0.10252508,0.88005275,39.883415
43.55,12.795217,189.2109,0.10253115,0.8800901,39.8834
43.56,12.795221,189.21101,0.10253766,0.88012564,39.883392
43.57,12.795228,189.21106,0.10254403,0.88016343,39.88338
43.58,12.795233,189.21109,0.10255007,0.88019836,39.88337
43.59,12.795237,189.2112,0.1025564,0.8802358,39.88337
43.6,12.795242,189.21126,0.10256261,0.8802698,39.883358
43.61,12.795248,189.21132,0.10256886,0.8803071,39.88335
43.62,12.795252,189.21136,0.10257491,0.88034284,39.88335
43.63,12.795257,189.21144,0.102581404,0.8803799,39.883343
43.64,12.795262,189.21153,0.102587484,0.88041455,39.883335
43.65,12.795269,189.21164,0.102593824,0.8804506,39.88333
43.66,12.795274,189.21169,0.10259995,0.88048744,39.883312
43.67,12.795276,189.21173,0.10260635,0.8805238,39.883312
43.68,12.7952795,189.21178,0.10261294,0.8805592,39.883305
43.69,12.795285,189.21184,0.102618925,0.88059413,39.883297
43.7,12.795291,189.21194,0.10262502,0.8806299,39.883293
43.71,12.795297,189.21199,0.10263125,0.88066554,39.88329
43.72,12.795302,189.21204,0.102637686,0.88070416,39.883286
43.73,12.795306,189.2121,0.10264383,0.8807374,39.883274
43.74,12.795313,189.21214,0.10265024,0.88077354,39.88327
43.75,12.795317,189.21222,0.10265618,0.8808094,39.88326
43.76,12.795322,189.21228,0.10266259,0.88084495,39.88325
43.77,12.795327,189.21231,0.1026688,0.8808768,39.88325
43.78,12.795329,189.21236,0.10267496,0.8809158,39.883236
43.79,12.795336,189.21245,0.10268104,0.8809508,39.883224
43.8,12.795339,189.21248,0.10268746,0.8809851,39.88322
43.81,12.795344,189.21254,0.10269347,0.88102233,39.883205
43.82,12.795351,189.21257,0.102699794,0.8810569,39.883205
43.83,12.795356,189.21263,0.1027058,0.88109374,39.883194
43.84,12.795361,189.21269,0.102712125,0.8811284,39.883186
43.85,12.795366,189.21278,0.1027182,0.8811643,39.88318
43.86,12.795373,189.2128,0.10272447,0.8812003,39.88317
43.87,12.795377,189.21286,0.10273073,0.881235,39.883163
43.88,12.795381,189.2129,0.10273684,0.8812687,39.88316
43.89,12.795383,189.21301,0.102743074,0.88130605,39.883152
43.9,12.795389,189.21304,0.1027491,0.8813392,39.88315
43.91,12.795393,189.21307,0.10275527,0.8813758,39.883137
43.92,12.795398,189.21312,0.10276142,0.88141036,39.883137
43.93,12.795403,189.21321,0.102767676,0.8814472,39.883125
43.94,12.795405,189.21329,0.102774136,0.8814789,39.88312
43.95,12.795411,189.21332,0.102779984,0.881515,39.883125
43.96,12.795415,189.2134,0.102786124,0.881549,39.883102
43.97,12.795421,189.21344,0.10279244,0.88158536,39.883102
43.98,12.795425,189.21347,0.10279863,0.8816211,39.88309
43.99,12.795431,189.21356,0.10280453,0.8816556,39.883083
44.0,12.795435,189.21361,0.10281079,0.8816922,39.883076
44.01,12.795438,189.21367,0.102816984,0.8817266,39.883064
44.02,12.795442,189.2137,0.10282323,0.8817611,39.88306
44.03,12.795447,189.21371,0.102829315,0.8817947,39.88305
44.04,12.795453,189.21379,0.102835305,0.8818307,39.883045
44.05,12.795458,189.2138,0.10284175,0.88186467,39.88304
44.06,12.795461,189.21391,0.10284766,0.88189995,39.88303
44.07,12.795467,189.2139,0.10285401,0.8819349,39.883015
44.08,12.795471,189.21399,0.102859855,0.881968,39.88301
44.09,12.795476,189.21402,0.10286623,0.8820034,39.883003
44.1,12.795482,189.2141,0.10287228,0.8820385,39.88299
44.11,12.795485,189.21413,0.10287846,0.88207495,39.882988
44.12,12.795491,189.21417,0.10288433,0.882108,39.88298
44.13,12.795496,189.21423,0.10289055,0.8821422,39.882977
44.14,12.795499,189.2143,0.10289676,0.8821774,39.88297
44.15,12.795504,189.21436,0.10290287,0.88221127,39.882954
44.16,12.795508,189.2144,0.102909066,0.882247,39.882942
44.17,12.795513,189.21445,0.10291534,0.88227993,39.88294
44.18,12.795516,189.21448,0.10292137,0.8823147,39.882927
44.19,12.795522,189.21452,0.10292738,0.88234854,39.882923
44.2,12.7955265,189.21458,0.1029334,0.88238364,39.882915
44.21,12.795531,189.21468,0.1029395,0.88241947,39.88291
44.22,12.795536,189.2147,0.102945514,0.8824513,39.882904
44.23,12.795541,189.21478,0.10295191,0.8824853,39.882893
44.24,12.795544,189.21478,0.10295791,0.8825201,39.88289
44.25,12.795548,189.21489,0.1029638,0.8825556,39.882885
44.26,12.795551,189.21492,0.10296997,0.88258934,39.88288
44.27,12.795555,189.21494,0.10297618,0.88262415,39.88287
44.28,12.795561,189.21497,0.10298212,0.8826572,39.88287
44.29,12.795564,189.21501,0.10298845,0.8826936,39.882862
44.3,12.7955675,189.2151,0.10299444,0.8827245,39.882847
44.31,12.795574,189.21515,0.10300052,0.88275915,39.882835
44.32,12.795578,189.2152,0.10300644,0.8827944,39.88283
44.33,12.795583,189.21524,0.1030124,0.88282865,39.88282
44.34,12.7955885,189.2153,0.10301852,0.88286316,39.882812
44.35,12.795592,189.2153,0.10302466,0.88289696,39.882805
44.36,12.795597,189.2154,0.10303057,0.88293016,39.88281
44.37,12.7956,189.21544,0.10303673,0.8829628,39.882793
44.38,12.795604,189.21547,0.103042714,0.88299656,39.882774
44.39,12.795606,189.21553,0.10304895,0.88303185,39.88277
44.4,12.795609,189.21555,0.10305487,0.8830658,39.88277
44.41,12.795614,189.21564,0.10306084,0.88309956,39.88276
44.42,12.795618,189.21567,0.10306708,0.8831335,39.882748
44.43,12.795623,189.21571,0.10307306,0.8831645,39.882736
44.44,12.795628,189.21576,0.10307908,0.88319993,39.882736
44.45,12.795632,189.21577,0.10308507,0.88323593,39.882732
44.46,12.795638,189.21584,0.10309132,0.8832668,39.882725
44.47,12.795641,189.21587,0.10309737,0.8833016,39.882717
44.48,12.795646,189.21596,0.10310333,0.8833339,39.88271
44.49,12.7956505,189.21594,0.1031092,0.88336885,39.882698
44.5,12.795654,189.216,0.10311537,0.88340116,39.882683
44.51,12.795659,189.21606,0.10312146,0.8834361,39.882675
44.52,12.795661,189.21613,0.10312729,0.88346744,39.882675
44.53,12.795667,189.21613,0.10313331,0.8835025,39.882664
44.54,12.7956705,189.21616,0.103139445,0.88353765,39.882652
44.55,12.795675,189.21617,0.10314539,0.8835707,39.88265
44.56,12.79568,189.21623,0.10315139,0.88360107,39.882633
44.57,12.795684,189.21623,0.10315741,0.8836366,39.882618
44.58,12.795689,189.2163,0.10316359,0.8836707,39.882614
44.59,12.7956915,189.21635,0.10316947,0.8837052,39.88261
44.6,12.795695,189.2164,0.10317549,0.88373744,39.882603
44.61,12.795698,189.21643,0.10318155,0.88376963,39.882595
44.62,12.795706,189.21645,0.10318745,0.8838037,39.88258
44.63,12.795708,189.21652,0.1031933,0.88383675,39.88258
44.64,12.795711,189.21655,0.10319958,0.8838699,39.882584
44.65,12.795715,189.21661,0.103205234,0.88390225,39.882576
44.66,12.795717,189.21667,0.1032114,0.8839362,39.88257
44.67,12.795721,189.21666,0.103217445,0.8839719,39.88256
44.68,12.795727,189.2167,0.10322339,0.88400286,39.88255
44.69,12.795731,189.21675,0.10322922,0.88403547,39.882538
44.7,12.795733,189.21683,0.103235275,0.88406885,39.882526
44.71,12.795737,189.21687,0.10324138,0.88410246,39.882523
44.72,12.79574,189.21695,0.10324721,0.88413626,39.882507
44.73,12.795743,189.217,0.10325315,0.8841676,39.8825
44.74,12.795747,189.21703,0.10325908,0.8841996,39.882492
44.75,12.79575,189.21709,0.10326516,0.8842356,39.882484
44.76,12.795754,189.21709,0.10327123,0.88426673,39.88249
44.77,12.795759,189.2171,0.10327691,0.8843,39.88248
44.78,12.795767,189.21712,0.10328311,0.88433254,39.88247
44.79,12.795771,189.21716,0.1032892,0.8843663,39.882465
44.8,12.795773,189.21716,0.103294946,0.8843995,39.882446
44.81,12.795775,189.21722,0.10330087,0.884431,39.882435
44.82,12.795782,189.21727,0.10330691,0.88446474,39.882423
44.83,12.795787,189.21732,0.10331301,0.8844966,39.88242
44.84,12.79579,189.21736,0.1033186,0.88453233,39.882404
44.85,12.795792,189.21738,0.10332489,0.8845624,39.882397
44.86,12.795797,189.21742,0.10333081,0.8845975,39.882397
44.87,12.795798,189.21747,0.10333677,0.88462853,39.88238
44.88,12.795805,189.21747,0.10334275,0.88466406,39.882378
44.89,12.795811,189.21753,0.10334846,0.8846966,39.882374
44.9,12.795813,189.21754,0.10335435,0.8847294,39.88237
44.91,12.795816,189.21758,0.10336023,0.88476115,39.88236
44.92,12.795821,189.21762,0.1033662,0.88479364,39.88235
44.93,12.795824,189.21765,0.103372246,0.88482535,39.88234
44.94,12.795828,189.2177,0.10337815,0.8848585,39.882328
44.95,12.795833,189.21771,0.1033841,0.8848902,39.882317
44.96,12.795838,189.21774,0.10339008,0.8849242,39.88232
44.97,12.795842,189.21773,0.10339583,0.8849549,39.882313
44.98,12.795844,189.21779,0.103401795,0.8849889,39.882298
44.99,12.795847,189.21783,0.10340767,0.88501954,39.882286
45.0,12.795852,189.21785,0.103413485,0.88505304,39.88228
45.01,12.795855,189.21791,0.10341955,0.88508326,39.882275
45.02,12.7958555,189.21794,0.103425495,0.88511825,39.882263
45.03,12.795859,189.21797,0.10343128,0.8851491,39.882256
45.04,12.795865,189.21802,0.10343754,0.88518155,39.882236
45.05,12.79587,189.21806,0.10344318,0.88521576,39.882233
45.06,12.795871,189.21808,0.10344909,0.88525,39.88223
45.07,12.7958765,189.2181,0.10345486,0.8852794,39.882214
45.08,12.795878,189.21811,0.103460886,0.88531095,39.882206
45.09,12.795883,189.21814,0.10346683,0.8853442,39.8822
45.1,12.795885,189.21819,0.103472635,0.88537717,39.882187
45.11,12.795891,189.2182,0.103478596,0.885409,39.88218
45.12,12.795894,189.21825,0.10348427,0.8854426,39.882168
45.13,12.795895,189.21829,0.10349015,0.88547176,39.88216
45.14,12.795901,189.21835,0.10349612,0.8855057,39.882153
45.15,12.795904,189.21841,0.10350209,0.88553697,39.88215
45.16,12.795907,189.21841,0.103507854,0.88556993,39.88214
45.17,12.79591,189.21841,0.10351376,0.8856008,39.88213
45.18,12.795914,189.21848,0.10351961,0.88563395,39.882126
45.19,12.7959175,189.2185,0.10352561,0.88566506,39.882114
45.2,12.79592,189.21855,0.103531174,0.8856989,39.882107
45.21,12.795923,189.21858,0.10353696,0.8857305,39.88209
45.22,12.795925,189.2186,0.1035431,0.8857629,39.882084
45.23,12.795931,189.21864,0.10354876,0.8857924,39.88208
45.24,12.795933,189.21864,0.10355455,0.8858254,39.882076
45.25,12.795938,189.21873,0.103560604,0.885857,39.882065
45.26,12.79594,189.21872,0.10356616,0.88588953,39.882057
45.27,12.795945,189.21873,0.103572205,0.88592243,39.882042
45.28,12.795947,189.21877,0.10357829,0.88595337,39.882034
45.29,12.795951,189.21877,0.10358399,0.88598627,39.88202
45.3,12.795952,189.21878,0.10358977,0.8860165,39.882015
45.31,12.7959585,189.21883,0.10359543,0.8860475,39.88201
45.32,12.795963,189.2189,0.103601694,0.88607895,39.882004
45.33,12.795966,189.21892,0.10360728,0.8861126,39.881996
45.34,12.795969,189.21892,0.1036132,0.8861445,39.881985
45.35,12.795972,189.21896,0.103619285,0.8861768,39.881977
45.36,12.795978,189.21896,0.10362468,0.8862066,39.88197
45.37,12.79598,189.21896,0.1036305,0.88623834,39.881958
45.38,12.795984,189.219,0.10363661,0.88626975,39.881947
45.39,12.79599,189.21906,0.10364239,0.88630307,39.88194
45.4,12.795991,189.21909,0.10364805,0.8863354,39.881927
45.41,12.795995,189.21912,0.10365383,0.88636696,39.881916
45.42,12.795998,189.21915,0.1036598,0.88639784,39.88191
45.43,12.796003,189.21918,0.10366565,0.88642853,39.8819
45.44,12.796005,189.2192,0.10367127,0.8864597,39.881897
45.45,12.796006,189.21921,0.103677206,0.88649243,39.88189
45.46,12.796009,189.21922,0.103683114,0.88652444,39.88188
45.47,12.796015,189.21927,0.103688836,0.88655615,39.88187
45.48,12.796015,189.21933,0.103694536,0.886588,39.88185
45.49,12.796017,189.21933,0.10370071,0.8866209,39.881844
45.5,12.79602,189.21936,0.10370637,0.88665134,39.881832
45.51,12.796027,189.21935,0.10371191,0.88668144,39.881824
45.52,12.796031,189.21935,0.103717774,0.88671243,39.881813
45.53,12.796033,189.21944,0.10372341,0.8867444,39.881813
45.54,12.79604,189.21947,0.103729285,0.88677734,39.881805
45.55,12.7960415,189.2195,0.10373512,0.886807,39.881794
45.56,12.796046,189.2195,0.10374108,0.8868388,39.881786
45.57,12.79605,189.21951,0.10374659,0.8868687,39.88177
45.58,12.796052,189.21957,0.1037526,0.8869003,39.88178
45.59,12.796054,189.21956,0.10375818,0.88693094,39.88177
45.6,12.79606,189.21962,0.1037642,0.88696164,39.881756
45.61,12.7960615,189.2196,0.103769846,0.8869926,39.88174
45.62,12.796065,189.21962,0.103775494,0.88702554,39.88173
45.63,12.796068,189.21967,0.10378132,0.88705534,39.881725
45.64,12.796072,189.21971,0.10378733,0.8870862,39.881718
45.65,12.796074,189.21976,0.10379286,0.8871173,39.88171
45.66,12.796076,189.21982,0.10379869,0.8871505,39.881695
45.67,12.796079,189.21979,0.1038045,0.88718235,39.881687
45.68,12.7960825,189.21983,0.10381025,0.887213,39.88168
45.69,12.796084,189.21983,0.10381579,0.8872422,39.881676
45.7,12.796088,189.2199,0.10382188,0.8872747,39.881657
45.71,12.796091,189.21992,0.103827484,0.8873057,39.881657
45.72,12.796096,189.21991,0.10383321,0.88733566,39.881645
45.73,12.796101,189.21994,0.103839085,0.8873671,39.881638
45.74,12.7961035,189.21994,0.10384464,0.8873982,39.88163
45.75,12.796107,189.22,0.10385067,0.88742936,39.88162
45.76,12.796111,189.22002,0.103856504,0.887462,39.88161
45.77,12.796115,189.22006,0.103862174,0.8874911,39.881596
45.78,12.796118,189.2201,0.10386784,0.887524,39.881584
45.79,12.796121,189.22011,0.1038734,0.8875524,39.88158
45.8,12.796123,189.22011,0.10387909,0.88758445,39.88157
45.81,12.7961235,189.22012,0.10388506,0.8876151,39.881554
45.82,12.796126,189.22015,0.103890546,0.88764465,39.881546
45.83,12.796132,189.22017,0.10389664,0.88767606,39.881535
45.84,12.796134,189.2202,0.10390226,0.88770765,39.881523
45.85,12.796136,189.2202,0.10390794,0.88773996,39.88152
45.86,12.796139,189.22018,0.10391377,0.88776994,39.88151
45.87,12.79614,189.22021,0.10391923,0.88779855,39.881504
45.88,12.796145,189.22018,0.10392497,0.8878324,39.881493
45.89,12.796149,189.22025,0.103930786,0.88786,39.881477
45.9,12.796153,189.22025,0.10393662,0.8878908,39.881477
45.91,12.796157,189.22028,0.10394229,0.8879227,39.88146
45.92,12.79616,189.2203,0.10394794,0.8879529,39.881447
45.93,12.796161,189.22029,0.10395376,0.8879849,39.881447
45.94,12.796164,189.22032,0.10395956,0.8880151,39.88144
45.95,12.796167,189.22034,0.10396514,0.8880459,39.881424
45.96,12.79617,189.22035,0.103970654,0.8880779,39.881416
45.97,12.796174,189.22037,0.10397638,0.8881061,39.881413
45.98,12.796176,189.22038,0.10398205,0.8881371,39.881405
45.99,12.796179,189.22043,0.103987746,0.8881663,39.881393
46.0,12.796184,189.22043,0.10399354,0.8881992,39.88138
46.01,12.7961855,189.22049,0.10399931,0.8882302,39.881367
46.02,12.796188,189.2205,0.10400493,0.88826036,39.881363
46.03,12.796187,189.22052,0.10401068,0.8882911,39.881348
46.04,12.796191,189.22052,0.104016356,0.88832057,39.881344
46.05,12.796197,189.22058,0.10402184,0.8883523,39.881336
46.06,12.796202,189.22058,0.104027644,0.8883833,39.881325
46.07,12.796206,189.22061,0.10403324,0.8884126,39.881313
46.08,12.796206,189.22063,0.104039006,0.88844216,39.881306
46.09,12.796209,189.22069,0.10404469,0.8884742,39.881306
46.1,12.796214,189.22069,0.1040504,0.88850534,39.881298
46.11,12.796219,189.2207,0.104056105,0.8885336,39.881294
46.12,12.79622,189.22073,0.10406176,0.88856524,39.88127
46.13,12.796219,189.22073,0.10406728,0.8885946,39.88127
46.14,12.796222,189.22075,0.10407303,0.8886224,39.881264
46.15,12.796226,189.22078,0.10407868,0.8886535,39.881256
46.16,12.796229,189.2208,0.104084514,0.888685,39.881245
46.17,12.796233,189.2208,0.104090124,0.88871515,39.881233
46.18,12.796234,189.22078,0.10409553,0.88874364,39.88122
46.19,12.796237,189.22081,0.104101464,0.8887749,39.88121
46.2,12.796241,189.22084,0.10410717,0.888807,39.881203
46.21,12.796241,189.22084,0.10411277,0.8888376,39.881187
46.22,12.796246,189.22087,0.10411839,0.8888669,39.88118
46.23,12.7962475,189.22087,0.10412413,0.88889575,39.88117
46.24,12.796253,189.22089,0.10412991,0.8889289,39.881157
46.25,12.796258,189.22089,0.10413538,0.8889576,39.881153
46.26,12.796261,189.2209,0.10414109,0.888988,39.88114
46.27,12.796266,189.22093,0.10414651,0.88901806,39.88113
46.28,12.796267,189.22098,0.10415237,0.8890488,39.881115
46.29,12.796271,189.22098,0.10415784,0.8890785,39.88111
46.3,12.796274,189.22096,0.10416377,0.8891084,39.881096
46.31,12.796276,189.221,0.1041693,0.88914025,39.881096
46.32,12.796278,189.221,0.10417501,0.8891705,39.881084
46.33,12.796281,189.221,0.10418053,0.8891996,39.881084
46.34,12.796284,189.22101,0.10418612,0.8892302,39.88107
46.35,12.796287,189.22104,0.10419182,0.8892585,39.881058
46.36,12.7962885,189.22102,0.10419734,0.8892918,39.88105
46.37,12.796289,189.22107,0.10420298,0.88932014,39.881042
46.38,12.796292,189.22107,0.10420853,0.88935,39.881035
46.39,12.796296,189.2211,0.104214236,0.8893802,39.881023
46.4,12.7963,189.2211,0.10421973,0.8894079,39.88101
46.41,12.796302,189.2211,0.10422552,0.8894396,39.881012
46.42,12.796306,189.22116,0.10423113,0.88947034,39.881
46.43,12.796307,189.22118,0.1042369,0.88949823,39.88099
46.44,12.796311,189.22119,0.10424247,0.8895283,39.880978
46.45,12.796312,189.2212,0.10424777,0.8895587,39.88097
46.46,12.796313,189.22125,0.10425345,0.8895868,39.880962
46.47,12.796314,189.22124,0.1042589,0.8896179,39.880955
46.48,12.796316,189.2212,0.10426453,0.8896481,39.880943
46.49,12.796321,189.22122,0.104270294,0.8896766,39.880936
46.5,12.796323,189.22127,0.10427592,0.8897079,39.880924
46.51,12.796325,189.22128,0.1042817,0.8897397,39.88092
46.52,12.796329,189.22134,0.10428695,0.88976747,39.880913
46.53,12.796331,189.22131,0.104292795,0.88979524,39.880894
46.54,12.796335,189.22131,0.1042985,0.88982624,39.880886
46.55,12.796339,189.22133,0.10430398,0.8898553,39.88087
46.56,12.796342,189.22133,0.10430949,0.8898866,39.880867
46.57,12.796342,189.22134,0.10431506,0.8899139,39.88085
46.58,12.796343,189.22134,0.104320645,0.88994503,39.880844
46.59,12.796347,189.22136,0.104326315,0.88997436,39.88084
46.6,12.79635,189.22133,0.10433186,0.8900031,39.88083
46.61,12.796352,189.22139,0.10433747,0.89003396,39.880825
46.62,12.796354,189.22137,0.10434308,0.8900621,39.880814
46.63,12.796359,189.22137,0.10434873,0.89009184,39.880802
46.64,12.796365,189.2214,0.10435418,0.890121,39.88079
46.65,12.796368,189.2214,0.10435956,0.89015204,39.880783
46.66,12.796369,189.22145,0.10436534,0.8901806,39.88077
46.67,12.796372,189.22145,0.10437108,0.8902098,39.88076
46.68,12.796372,189.22144,0.10437647,0.8902397,39.88075
46.69,12.796375,189.22148,0.10438194,0.89027,39.880745
46.7,12.796379,189.2215,0.10438763,0.89030033,39.880737
46.71,12.796382,189.22148,0.10439324,0.8903298,39.880733
46.72,12.796384,189.22148,0.10439872,0.89035964,39.880722
46.73,12.796387,189.22153,0.10440422,0.8903878,39.880707
46.74,12.79639,189.22153,0.10440978,0.8904189,39.880695
46.75,12.7963915,189.22153,0.10441526,0.8904462,39.88069
46.76,12.796394,189.22156,0.10442086,0.8904773,39.880676
46.77,12.796397,189.22154,0.104426436,0.8905057,39.88067
46.78,12.796399,189.2216,0.10443204,0.89053524,39.880657
46.79,12.796401,189.22163,0.1044374,0.8905643,39.88065
46.8,12.796404,189.22163,0.10444305,0.89059603,39.88064
46.81,12.796408,189.22163,0.10444868,0.89062446,39.88062
46.82,12.79641,189.22163,0.1044542,0.89065194,39.880615
46.83,12.796411,189.22163,0.10445977,0.89068234,39.880604
46.84,12.796415,189.22163,0.1044654,0.8907106,39.880592
46.85,12.796415,189.22163,0.104470916,0.8907412,39.88059
46.86,12.79642,189.22165,0.104476444,0.8907687,39.880577
46.87,12.796425,189.22163,0.104481705,0.89079887,39.880566
46.88,12.796427,189.22165,0.10448762,0.8908278,39.880554
46.89,12.79643,189.22165,0.10449306,0.8908566,39.880543
46.9,12.79643,189.22163,0.10449854,0.890887,39.880543
46.91,12.796435,189.22166,0.104504235,0.89091545,39.88053
46.92,12.796437,189.2217,0.10450963,0.8909436,39.88052
46.93,12.796438,189.22171,0.10451495,0.89097524,39.88051
46.94,12.79644,189.22174,0.10452045,0.8910024,39.8805
46.95,12.796442,189.22174,0.10452614,0.89103365,39.88049
46.96,12.796444,189.22173,0.10453177,0.8910618,39.88048
46.97,12.796446,189.22173,0.10453721,0.8910911,39.88047
46.98,12.796449,189.22174,0.10454271,0.8911201,39.880447
46.99,12.796452,189.22174,0.10454827,0.89114857,39.880444
47.0,12.796453,189.22176,0.10455377,0.8911773,39.880436
47.01,12.796451,189.22177,0.10455891,0.8912066,39.88042
47.02,12.796454,189.2218,0.10456463,0.8912343,39.880413
47.03,12.796456,189.22179,0.10457028,0.8912636,39.8804
47.04,12.796461,189.22179,0.10457576,0.89129496,39.88039
47.05,12.796464,189.2218,0.10458116,0.89132184,39.880383
47.06,12.796467,189.22183,0.104586534,0.89135265,39.880367
47.07,12.796471,189.22182,0.10459226,0.8913801,39.88036
47.08,12.796475,189.22183,0.10459768,0.8914108,39.880352
47.09,12.796478,189.22183,0.10460297,0.8914397,39.880344
47.1,12.796479,189.22183,0.104608685,0.89146686,39.88034
47.11,12.796478,189.22185,0.104614265,0.8914967,39.88033
47.12,12.796481,189.22186,0.10461957,0.8915273,39.880318
47.13,12.796482,189.22185,0.1046251,0.89155465,39.88031
47.14,12.796485,189.22183,0.10463058,0.89158535,39.8803
47.15,12.796488,189.22186,0.104636006,0.8916131,39.8803
47.16,12.796488,189.22186,0.10464164,0.8916402,39.88029
47.17,12.796492,189.22185,0.104647,0.89166975,39.880283
47.18,12.796495,189.2219,0.10465253,0.891698,39.880272
47.19,12.796496,189.22188,0.10465827,0.89172983,39.88026
47.2,12.796498,189.22188,0.104663484,0.891757,39.880245
47.21,12.796503,189.2219,0.10466879,0.8917844,39.880234
47.22,12.796505,189.2219,0.10467442,0.8918148,39.88023
47.23,12.796505,189.22188,0.10467989,0.89184266,39.880222
47.24,12.796508,189.22188,0.10468554,0.8918729,39.880203
47.25,12.796511,189.22192,0.10469098,0.89190197,39.88019
47.26,12.7965145,189.22192,0.10469631,0.8919312,39.88018
47.27,12.7965145,189.22194,0.10470178,0.89195824,39.88017
47.28,12.796518,189.22194,0.10470737,0.8919859,39.880157
47.29,12.79652,189.22191,0.104712754,0.8920169,39.88015
47.3,12.796518,189.22192,0.104718275,0.89204663,39.88015
47.31,12.796523,189.22195,0.10472364,0.89207304,39.88014
47.32,12.796527,189.22192,0.10472918,0.8921015,39.880123
47.33,12.79653,189.22191,0.104734756,0.89213085,39.880116
47.34,12.796531,189.22197,0.104740255,0.8921597,39.880108
47.35,12.7965355,189.22198,0.10474547,0.8921872,39.880093
47.36,12.796536,189.222,0.104750924,0.8922174,39.880074
47.37,12.796537,189.22203,0.10475642,0.89224535,39.880066
47.38,12.796541,189.22202,0.10476157,0.89227194,39.880054
47.39,12.796543,189.22202,0.10476723,0.89230263,39.880035
47.4,12.796543,189.222,0.10477274,0.8923296,39.880028
47.41,12.796546,189.22203,0.10477821,0.89236045,39.880013
47.42,12.796551,189.22202,0.104783766,0.8923881,39.88
47.43,12.796552,189.22203,0.10478891,0.89241457,39.879993
47.44,12.796554,189.22203,0.104794264,0.8924434,39.879982
47.45,12.796555,189.22208,0.10479986,0.8924732,39.879974
47.46,12.796558,189.22205,0.10480536,0.89250267,39.879967
47.47,12.79656,189.22206,0.10481078,0.89253056,39.87995
47.48,12.796562,189.22208,0.10481609,0.8925586,39.87994
47.49,12.796563,189.22209,0.104821675,0.89258575,39.879936
47.5,12.796567,189.22206,0.10482714,0.89261675,39.879917
47.51,12.796571,189.22208,0.10483252,0.8926455,39.87991
47.52,12.79657,189.22209,0.10483766,0.892673,39.8799
47.53,12.796575,189.22208,0.10484324,0.89270043,39.8799
47.54,12.796576,189.22206,0.10484847,0.8927288,39.879883
47.55,12.796578,189.22206,0.10485419,0.8927568,39.879875
47.56,12.796581,189.22208,0.1048594,0.8927872,39.87987
47.57,12.796586,189.22208,0.10486489,0.8928155,39.87986
47.58,12.796587,189.22209,0.1048703,0.8928435,39.87985
47.59,12.79659,189.22208,0.10487567,0.89287156,39.879837
47.6,12.79659,189.22206,0.104881175,0.8928983,39.879826
47.61,12.796594,189.22209,0.10488653,0.89292884,39.879818
47.62,12.796596,189.22208,0.104892105,0.8929544,39.879807
47.63,12.796599,189.2221,0.10489759,0.8929837,39.879795
47.64,12.7966,189.22206,0.1049028,0.8930135,39.879787
47.65,12.796602,189.22208,0.10490799,0.8930416,39.879772
47.66,12.796605,189.22206,0.1049138,0.8930694,39.87976
47.67,12.796609,189.22206,0.10491909,0.8930972,39.879745
47.68,12.796608,189.22208,0.10492425,0.8931247,39.879738
47.69,12.79661,189.22208,0.10492967,0.8931525,39.879723
47.7,12.796615,189.22208,0.104935125,0.89318514,39.87971
47.71,12.796616,189.22209,0.10494061,0.8932115,39.879707
47.72,12.7966175,189.22208,0.10494585,0.89323723,39.8797
47.73,12.79662,189.22208,0.10495129,0.89326584,39.87969
47.74,12.796622,189.22208,0.10495663,0.89329433,39.87968
47.75,12.796623,189.22206,0.10496224,0.8933233,39.879673
47.76,12.796624,189.22206,0.10496739,0.89335024,39.87966
47.77,12.796625,189.22205,0.10497287,0.89338,39.879646
47.78,12.796627,189.22208,0.10497841,0.8934071,39.879642
47.79,12.796629,189.22206,0.10498384,0.89343476,39.87963
47.8,12.796634,189.2221,0.10498905,0.893465,39.879627
47.81,12.796634,189.22214,0.10499459,0.8934912,39.879623
47.82,12.796638,189.2221,0.10499971,0.8935199,39.87961
47.83,12.79664,189.22215,0.10500517,0.89354646,39.8796
47.84,12.796641,189.22214,0.105010495,0.8935748,39.87958
47.85,12.796642,189.2221,0.10501593,0.89360356,39.879566
47.86,12.796644,189.22208,0.10502134,0.8936305,39.879562
47.87,12.796646,189.2221,0.10502663,0.8936585,39.879555
47.88,12.796649,189.2221,0.10503201,0.89368755,39.879547
47.89,12.796652,189.22212,0.10503726,0.8937162,39.879536
47.9,12.796655,189.22215,0.10504274,0.8937435,39.87952
47.91,12.796656,189.22215,0.105048165,0.89377296,39.879513
47.92,12.7966585,189.22214,0.1050535,0.8937993,39.879505
47.93,12.796659,189.22212,0.105058745,0.8938292,39.879498
47.94,12.796659,189.2221,0.10506426,0.8938585,39.879486
47.95,12.796661,189.22212,0.10506946,0.8938843,39.87947
47.96,12.796664,189.22212,0.10507478,0.8939125,39.87946
47.97,12.796666,189.22209,0.10508026,0.8939384,39.87945
47.98,12.796669,189.2221,0.10508555,0.89396805,39.87944
47.99,12.796671,189.22212,0.10509072,0.8939951,39.87943
48.0,12.796672,189.22212,0.10509607,0.8940244,39.879417
48.01,12.796677,189.22209,0.10510152,0.8940508,39.879406
48.02,12.79668,189.2221,0.10510692,0.89408016,39.879395
48.03,12.79668,189.22209,0.105112135,0.8941059,39.879383
48.04,12.796682,189.22208,0.10511783,0.89413476,39.879364
48.05,12.796682,189.22208,0.10512303,0.89416134,39.879353
48.06,12.796685,189.22205,0.10512826,0.894191,39.879337
48.07,12.796685,189.22205,0.10513367,0.89421856,39.879326
48.08,12.796686,189.22203,0.10513921,0.89424527,39.87932
48.09,12.796688,189.22208,0.10514448,0.8942734,39.879314
48.1,12.796692,189.22206,0.1051497,0.8942999,39.8793
48.11,12.796695,189.22208,0.10515494,0.89432955,39.879295
48.12,12.796695,189.22208,0.10516055,0.89435524,39.879284
48.13,12.796697,189.22206,0.105165474,0.89438546,39.879272
48.14,12.796699,189.22206,0.10517084,0.8944124,39.879265
48.15,12.796701,189.22208,0.10517609,0.8944385,39.879257
48.16,12.796702,189.22209,0.105181426,0.8944664,39.879253
48.17,12.796708,189.22206,0.10518684,0.8944944,39.879246
48.18,12.79671,189.22203,0.10519221,0.894523,39.879242
48.19,12.79671,189.22203,0.10519729,0.8945528,39.879227
48.2,12.796712,189.22205,0.1052029,0.8945786,39.879208
48.21,12.796714,189.22209,0.10520807,0.8946067,39.879204
48.22,12.796717,189.22208,0.10521348,0.894632,39.87919
48.23,12.79672,189.22206,0.10521871,0.89465976,39.879177
48.24,12.7967205,189.22206,0.10522391,0.8946887,39.87917
48.25,12.796722,189.22205,0.10522908,0.8947152,39.879154
48.26,12.796724,189.22203,0.10523474,0.8947433,39.87914
48.27,12.796725,189.22206,0.105239764,0.89477026,39.879128
48.28,12.796727,189.22202,0.10524535,0.8948003,39.879112
48.29,12.79673,189.22205,0.10525049,0.8948256,39.8791
48.3,12.796732,189.22203,0.10525584,0.89485323,39.87909
48.31,12.796732,189.22203,0.10526124,0.89487946,39.87908
48.32,12.796736,189.22206,0.10526655,0.8949069,39.879074
48.33,12.796738,189.22205,0.1052718,0.8949368,39.87907
48.34,12.7967415,189.22203,0.10527693,0.89496434,39.879063
48.35,12.796741,189.222,0.10528217,0.8949903,39.879055
48.36,12.7967415,189.22202,0.10528766,0.89502096,39.879044
48.37,12.796744,189.22202,0.105293036,0.8950478,39.879032
48.38,12.796747,189.22202,0.10529824,0.8950728,39.879025
48.39,12.796753,189.22203,0.10530344,0.89510155,39.879017
48.4,12.796751,189.22202,0.10530874,0.89512986,39.878998
48.41,12.796755,189.22202,0.10531421,0.89515626,39.878994
48.42,12.796755,189.222,0.10531911,0.89518315,39.878983
48.43,12.796757,189.22198,0.10532445,0.8952099,39.878967
48.44,12.796759,189.22202,0.10532972,0.8952386,39.87896
48.45,12.796757,189.22205,0.105335176,0.8952671,39.87895
48.46,12.796761,189.22203,0.10534036,0.8952918,39.878937
48.47,12.796764,189.22198,0.10534559,0.89531875,39.878925
48.48,12.796764,189.22195,0.10535093,0.89534855,39.878914
48.49,12.796765,189.22195,0.10535626,0.89537704,39.87891
48.5,12.796768,189.22197,0.10536158,0.8954027,39.878902
48.51,12.796771,189.22194,0.105366886,0.8954303,39.878883
48.52,12.796773,189.22192,0.10537189,0.8954567,39.878876
48.53,12.796772,189.22195,0.10537724,0.89548457,39.87887
48.54,12.796777,189.22192,0.10538255,0.89551175,39.878857
48.55,12.796778,189.22194,0.105387926,0.8955405,39.87885
48.56,12.796779,189.22195,0.10539304,0.8955667,39.878838
48.57,12.796782,189.22192,0.10539832,0.8955927,39.878826
48.58,12.796783,189.22192,0.10540338,0.89562047,39.87882
48.59,12.796783,189.22194,0.10540877,0.8956469,39.87881
48.6,12.796784,189.22192,0.10541404,0.89567673,39.8788
48.61,12.796787,189.22194,0.10541935,0.89570343,39.878784
48.62,12.79679,189.22195,0.105424434,0.8957307,39.87877
48.63,12.796792,189.22197,0.10542975,0.89575696,39.87876
48.64,12.796793,189.22194,0.105434984,0.895785,39.878757
48.65,12.796795,189.22194,0.105440184,0.8958115,39.878742
48.66,12.796797,189.22192,0.10544543,0.8958379,39.878723
48.67,12.796796,189.22191,0.10545093,0.8958671,39.878716
48.68,12.796797,189.22194,0.10545589,0.8958949,39.878708
48.69,12.7968,189.22191,0.105461195,0.8959205,39.878704
48.7,12.796803,189.22188,0.10546647,0.8959473,39.878685
48.71,12.796806,189.22188,0.105471864,0.89597636,39.878677
48.72,12.796806,189.22188,0.10547732,0.8960017,39.878662
48.73,12.796806,189.22185,0.105482265,0.8960293,39.878654
48.74,12.796808,189.22183,0.1054873,0.89605606,39.87864
48.75,12.79681,189.22185,0.10549258,0.89608634,39.878628
48.76,12.796809,189.22183,0.10549794,0.89611185,39.878616
48.77,12.79681,189.22183,0.10550301,0.8961376,39.878616
48.78,12.796813,189.2218,0.10550823,0.8961654,39.878605
48.79,12.796816,189.22182,0.10551369,0.89619184,39.878593
48.8,12.796817,189.2218,0.10551882,0.8962196,39.878586
48.81,12.796819,189.22182,0.10552399,0.8962468,39.87857
48.82,12.796822,189.22179,0.105529115,0.8962741,39.87856
48.83,12.796823,189.22179,0.10553448,0.8963003,39.878544
48.84,12.796824,189.2218,0.1055395,0.89632714,39.878536
48.85,12.796826,189.22179,0.10554491,0.8963547,39.878525
48.86,12.796826,189.22177,0.105550006,0.8963803,39.878513
48.87,12.796831,189.22174,0.105555266,0.8964071,39.878498
48.88,12.796834,189.22171,0.10556049,0.8964381,39.87849
48.89,12.796838,189.22173,0.10556562,0.8964621,39.87847
48.9,12.796839,189.22171,0.105570726,0.89649034,39.878464
48.91,12.79684,189.22168,0.1055762,0.89651704,39.878452
48.92,12.79684,189.22165,0.1055812,0.8965437,39.878437
48.93,12.7968445,189.22165,0.10558662,0.8965695,39.878426
48.94,12.796845,189.22166,0.10559195,0.8965993,39.878426
48.95,12.796846,189.22168,0.10559713,0.8966234,39.87842
48.96,12.796848,189.22166,0.10560207,0.89664817,39.878403
48.97,12.796848,189.22166,0.10560718,0.896677,39.8784
48.98,12.79685,189.22163,0.105612434,0.8967042,39.878387
48.99,12.796852,189.22163,0.10561779,0.89673036,39.87838
49.0,12.796854,189.22162,0.10562293,0.89675844,39.87837
49.01,12.796857,189.2216,0.10562804,0.8967851,39.878357
49.02,12.796857,189.2216,0.105633214,0.8968102,39.87835
49.03,12.796862,189.2216,0.105638415,0.89683735,39.878338
49.04,12.796861,189.22159,0.10564372,0.8968667,39.878326
49.05,12.796862,189.22157,0.10564907,0.8968899,39.878315
49.06,12.796863,189.22157,0.10565412,0.8969185,39.87831
49.07,12.796864,189.2216,0.10565928,0.8969471,39.878292
49.08,12.796865,189.22157,0.10566406,0.896973,39.87828
49.09,12.796867,189.22157,0.10566944,0.8969993,39.87827
49.1,12.796866,189.22151,0.10567466,0.8970262,39.878258
49.11,12.796869,189.2215,0.10567982,0.89705235,39.87825
49.12,12.796872,189.2215,0.10568496,0.8970783,39.878227
49.13,12.796876,189.22148,0.10569018,0.8971069,39.87822
49.14,12.796874,189.22147,0.10569546,0.8971318,39.87821
49.15,12.796875,189.2215,0.10570067,0.8971611,39.878197
49.16,12.796879,189.22147,0.10570579,0.8971869,39.878185
49.17,12.796881,189.22147,0.105710976,0.8972132,39.87817
49.18,12.796881,189.22145,0.10571611,0.89724076,39.878162
49.19,12.796883,189.22144,0.10572129,0.8972662,39.878147
49.2,12.7968855,189.22145,0.10572634,0.89729345,39.878136
49.21,12.7968855,189.22147,0.10573147,0.89732015,39.878124
49.22,12.796888,189.22147,0.10573665,0.8973478,39.87812
49.23,12.796888,189.22148,0.10574191,0.8973738,39.878117
49.24,12.796892,189.22145,0.10574692,0.8974007,39.878098
49.25,12.796893,189.22148,0.10575212,0.89742786,39.87809
49.26,12.796896,189.22147,0.10575747,0.8974533,39.878075
49.27,12.796898,189.22147,0.10576243,0.89747906,39.878067
49.28,12.796899,189.22145,0.10576762,0.89750606,39.878056
49.29,12.796903,189.22142,0.10577259,0.8975334,39.878044
49.3,12.796903,189.2214,0.10577785,0.89755946,39.878036
49.31,12.796905,189.22139,0.10578323,0.89758605,39.87802
49.32,12.7969055,189.2214,0.10578816,0.8976128,39.878017
49.33,12.7969055,189.22139,0.10579347,0.8976393,39.87801
49.34,12.796906,189.22137,0.105798654,0.8976661,39.878006
49.35,12.796907,189.22136,0.10580355,0.8976917,39.877983
49.36,12.796908,189.22134,0.10580865,0.8977194,39.87797
49.37,12.79691,189.22134,0.10581382,0.8977456,39.877956
49.38,12.796912,189.22131,0.10581917,0.8977721,39.87794
49.39,12.796917,189.22128,0.10582416,0.897798,39.87793
49.4,12.79692,189.22128,0.10582953,0.8978262,39.877922
49.41,12.79692,189.2213,0.10583467,0.8978493,39.877914
49.42,12.796922,189.22133,0.1058396,0.89787686,39.877907
49.43,12.796923,189.2213,0.10584496,0.89790624,39.877895
49.44,12.796922,189.2213,0.1058498,0.897931,39.87788
49.45,12.796923,189.2213,0.105855174,0.8979584,39.87788
49.46,12.796925,189.22127,0.105860226,0.8979843,39.87787
49.47,12.796927,189.22127,0.10586534,0.89801,39.877853
49.48,12.796928,189.22124,0.10587031,0.89803535,39.877846
49.49,12.79693,189.22122,0.10587578,0.8980651,39.877827
49.5,12.796931,189.22124,0.10588064,0.8980907,39.877815
49.51,12.796933,189.22125,0.105885565,0.8981147,39.877808
49.52,12.796934,189.22122,0.10589096,0.8981437,39.8778
49.53,12.796934,189.2212,0.10589617,0.89816976,39.877792
49.54,12.796937,189.22118,0.105901204,0.8981956,39.87778
49.55,12.796937,189.22118,0.105906464,0.8982239,39.877766
49.56,12.79694,189.22118,0.10591143,0.8982476,39.877758
49.57,12.79694,189.22115,0.10591658,0.89827454,39.87775
49.58,12.796942,189.22113,0.105921715,0.89830136,39.87774
49.59,12.796944,189.22112,0.10592659,0.8983283,39.877724
49.6,12.796944,189.22108,0.105931796,0.8983535,39.877712
49.61,12.796947,189.22107,0.105937116,0.8983796,39.8777
49.62,12.7969475,189.22108,0.10594213,0.89840704,39.877686
49.63,12.796949,189.22105,0.105946995,0.8984331,39.87768
49.64,12.796949,189.22102,0.10595216,0.898459,39.877678
49.65,12.79695,189.22102,0.10595731,0.8984848,39.87766
49.66,12.796954,189.22102,0.10596257,0.8985107,39.877647
49.67,12.796956,189.22101,0.1059676,0.898539,39.877632
49.68,12.796959,189.22096,0.10597268,0.89856374,39.877625
49.69,12.796959,189.22096,0.105977826,0.8985882,39.87761
49.7,12.79696,189.22093,0.10598256,0.8986132,39.877598
49.71,12.796959,189.22093,0.10598797,0.8986426,39.877586
49.72,12.796962,189.22092,0.105992936,0.8986676,39.877575
49.73,12.796961,189.22092,0.10599818,0.8986954,39.877563
49.74,12.796964,189.22092,0.1060032,0.8987198,39.87756
49.75,12.796966,189.22087,0.10600846,0.8987463,39.877544
49.76,12.7969675,189.22086,0.1060135,0.89877343,39.87754
49.77,12.79697,189.22086,0.106018454,0.89880204,39.87753
49.78,12.79697,189.22086,0.10602359,0.8988258,39.877518
49.79,12.796972,189.22084,0.10602863,0.89885354,39.877502
49.8,12.796974,189.22081,0.10603378,0.89887875,39.877495
49.81,12.796977,189.22078,0.10603879,0.8989053,39.877476
49.82,12.796978,189.22078,0.106043726,0.89892995,39.877457
49.83,12.796978,189.22078,0.1060489,0.8989577,39.87745
49.84,12.796979,189.22075,0.10605394,0.8989841,39.877445
49.85,12.79698,189.22078,0.10605889,0.8990109,39.877434
49.86,12.796981,189.22075,0.10606423,0.8990357,39.87742
49.87,12.796985,189.22075,0.10606931,0.8990625,39.877403
49.88,12.796986,189.22072,0.106074326,0.8990878,39.87739
49.89,12.796987,189.2207,0.106079526,0.899116,39.87738
49.9,12.796987,189.2207,0.10608441,0.8991418,39.877365
49.91,12.796989,189.22069,0.1060896,0.89916635,39.877357
49.92,12.796989,189.22069,0.10609441,0.8991928,39.877346
49.93,12.796991,189.22072,0.10609954,0.8992178,39.87734
49.94,12.796994,189.22069,0.10610461,0.8992446,39.87733
49.95,12.796994,189.22066,0.10610976,0.89927,39.87732
49.96,12.796997,189.22066,0.10611502,0.899295,39.877308
49.97,12.796997,189.22063,0.106119946,0.8993245,39.877293
49.98,12.797001,189.22061,0.106124975,0.8993491,39.87729
49.99,12.797001,189.22061,0.10613003,0.89937496,39.877274
50.0,12.797003,189.22063,0.10613496,0.8993995,39.877262
50.01,12.797004,189.22058,0.10614014,0.89942604,39.877247
50.02,12.797005,189.2206,0.106145166,0.8994509,39.87724
50.03,12.797006,189.22058,0.10615042,0.89947766,39.877224
50.04,12.797008,189.22057,0.10615535,0.8995051,39.877216
50.05,12.797009,189.22052,0.10616025,0.89952934,39.8772
50.06,12.797009,189.22052,0.10616533,0.89955664,39.877186
50.07,12.797011,189.22049,0.10617051,0.8995822,39.87718
50.08,12.797014,189.22046,0.10617558,0.89960897,39.877167
50.09,12.797015,189.22047,0.10618053,0.89963365,39.87715
50.1,12.797015,189.22043,0.1061857,0.8996603,39.87714
50.11,12.797015,189.22041,0.10619042,0.8996857,39.877132
50.12,12.797016,189.22041,0.106195666,0.8997132,39.877117
50.13,12.797016,189.22041,0.10620061,0.8997351,39.87711
50.14,12.797017,189.2204,0.106205665,0.89976406,39.8771
50.15,12.797019,189.22037,0.10621079,0.899789,39.877094
50.16,12.797021,189.22038,0.10621586,0.89981556,39.87709
50.17,12.797023,189.22035,0.10622095,0.8998418,39.87708
50.18,12.797023,189.22034,0.106226005,0.89986765,39.877068
50.19,12.797026,189.22035,0.106230736,0.8998945,39.87705
50.2,12.797027,189.2203,0.10623584,0.8999212,39.87704
50.21,12.7970295,189.2203,0.10624089,0.899946,39.87702
50.22,12.7970295,189.22029,0.10624593,0.8999721,39.877014
50.23,12.797032,189.22025,0.106251016,0.8999969,39.877003
50.24,12.797031,189.22026,0.106256045,0.9000228,39.876987
50.25,12.797034,189.22028,0.10626084,0.900049,39.87699
50.26,12.797032,189.22025,0.1062661,0.90007573,39.87698
50.27,12.797036,189.22023,0.10627105,0.9000997,39.87697
50.28,12.797036,189.2202,0.10627618,0.90012527,39.876957
50.29,12.797041,189.22018,0.106281154,0.9001518,39.87694
50.3,12.797041,189.22021,0.10628613,0.9001767,39.87693
50.31,12.79704,189.22018,0.10629121,0.9002047,39.876923
50.32,12.797042,189.22015,0.10629622,0.9002305,39.87691
50.33,12.797043,189.22014,0.106301345,0.90025425,39.876896
50.34,12.797045,189.22012,0.10630613,0.90028054,39.876884
50.35,12.797044,189.2201,0.106311314,0.9003066,39.876877
50.36,12.797047,189.2201,0.10631613,0.9003322,39.87687
50.37,12.797048,189.22008,0.10632121,0.9003582,39.876854
50.38,12.79705,189.22006,0.10632592,0.90038353,39.87684
50.39,12.79705,189.22002,0.10633118,0.9004106,39.876827
50.4,12.797051,189.22,0.10633632,0.9004352,39.876816
50.41,12.797052,189.21999,0.10634116,0.9004626,39.876812
50.42,12.797055,189.22,0.10634618,0.90048504,39.8768
50.43,12.797053,189.21999,0.10635114,0.90051275,39.876785
50.44,12.797054,189.22002,0.10635627,0.90053874,39.876774
50.45,12.797056,189.21996,0.10636097,0.9005637,39.876762
50.46,12.797055,189.21999,0.10636614,0.90059185,39.87675
50.47,12.797057,189.21996,0.10637138,0.9006157,39.87674
50.48,12.797057,189.21992,0.1063761,0.90064216,39.87673
50.49,12.79706,189.2199,0.10638096,0.90066546,39.87672
50.5,12.797058,189.2199,0.10638615,0.90069,39.87671
50.51,12.79706,189.21986,0.106391184,0.90071964,39.8767
50.52,12.79706,189.21985,0.10639619,0.9007436,39.87669
50.53,12.797065,189.21983,0.10640121,0.9007699,39.876675
50.54,12.797066,189.2198,0.10640604,0.90079445,39.876663
50.55,12.797066,189.21982,0.10641126,0.90081954,39.876656
50.56,12.797068,189.21979,0.10641613,0.90084517,39.876644
50.57,12.7970705,189.21976,0.10642106,0.9008715,39.876625
50.58,12.797072,189.21973,0.10642614,0.9008982,39.87662
50.59,12.797071,189.21974,0.106431164,0.9009216,39.876614
50.6,12.797074,189.2197,0.1064359,0.90094703,39.8766
50.61,12.797075,189.21971,0.1064411,0.9009721,39.876595
50.62,12.797077,189.2197,0.10644587,0.9010001,39.876583
50.63,12.797078,189.21968,0.106450945,0.90102476,39.876568
50.64,12.797082,189.21965,0.106455944,0.90105313,39.876556
50.65,12.797082,189.21967,0.10646071,0.9010774,39.87655
50.66,12.797083,189.21964,0.106465764,0.9011011,39.876534
50.67,12.797085,189.21962,0.106470965,0.90112746,39.876522
50.68,12.797086,189.21962,0.106475905,0.9011533,39.87651
50.69,12.797087,189.21959,0.106480695,0.9011799,39.876503
50.7,12.797089,189.21957,0.10648599,0.90120673,39.876488
50.71,12.797089,189.21953,0.106490694,0.90122795,39.87648
50.72,12.79709,189.21951,0.10649559,0.9012565,39.876476
50.73,12.7970915,189.21953,0.10650057,0.9012816,39.87646
50.74,12.797092,189.21953,0.106505536,0.9013045,39.87645
50.75,12.797093,189.21951,0.10651036,0.9013286,39.876442
50.76,12.797094,189.2195,0.10651529,0.90135765,39.876423
50.77,12.797094,189.21948,0.10652054,0.9013815,39.87641
50.78,12.797096,189.21947,0.10652556,0.9014094,39.8764
50.79,12.797097,189.21944,0.10653023,0.90143454,39.876385
50.8,12.797098,189.21942,0.1065354,0.9014578,39.87637
50.81,12.797099,189.2194,0.10654046,0.9014846,39.876358
50.82,12.797101,189.21939,0.10654519,0.9015082,39.876347
50.83,12.797103,189.21936,0.106550165,0.9015337,39.876335
50.84,12.797103,189.21935,0.10655492,0.9015602,39.876328
50.85,12.797105,189.21931,0.106560014,0.90158457,39.876312
50.86,12.797106,189.2193,0.10656495,0.9016142,39.8763
50.87,12.797107,189.21928,0.10657004,0.9016361,39.876293
50.88,12.797107,189.21924,0.106574915,0.9016614,39.876278
50.89,12.797108,189.21924,0.10658006,0.90168715,39.876266
50.9,12.797108,189.21927,0.106584944,0.901713,39.876255
50.91,12.79711,189.21924,0.10658962,0.9017377,39.876244
50.92,12.7971115,189.21921,0.10659461,0.9017627,39.876236
50.93,12.797113,189.21922,0.10659959,0.90178823,39.876213
50.94,12.797114,189.2192,0.106604524,0.90181375,39.876205
50.95,12.797115,189.21918,0.106609516,0.90183985,39.876194
50.96,12.797117,189.21915,0.10661449,0.9018649,39.876186
50.97,12.797118,189.21913,0.10661937,0.90188974,39.876175
50.98,12.797119,189.2191,0.106624305,0.9019151,39.876163
50.99,12.797121,189.21907,0.10662917,0.9019389,39.876152
51.0,12.79712,189.21904,0.10663424,0.9019669,39.876137
51.01,12.797123,189.21902,0.10663904,0.9019902,39.876133
51.02,12.797124,189.219,0.10664409,0.90201545,39.87612
51.03,12.797125,189.21901,0.10664904,0.9020412,39.876106
51.04,12.797125,189.219,0.10665363,0.9020665,39.8761
51.05,12.797126,189.21898,0.10665884,0.9020926,39.876087
51.06,12.797124,189.21898,0.10666368,0.9021178,39.876072
51.07,12.797128,189.21893,0.10666882,0.90214187,39.876057
51.08,12.797127,189.2189,0.10667362,0.9021689,39.876045
51.09,12.797128,189.21889,0.106678516,0.90219176,39.876034
51.1,12.797128,189.21889,0.106683336,0.90221715,39.87602
51.11,12.79713,189.21889,0.10668828,0.9022434,39.876015
51.12,12.797132,189.21887,0.10669314,0.9022679,39.876
51.13,12.7971325,189.21886,0.10669781,0.9022922,39.875988
51.14,12.7971325,189.2188,0.106703125,0.90232015,39.875973
51.15,12.797133,189.21878,0.10670795,0.90234417,39.87596
51.16,12.797133,189.21875,0.10671281,0.902369,39.875946
51.17,12.797135,189.21875,0.10671774,0.90239483,39.875935
51.18,12.797136,189.21872,0.10672233,0.9024167,39.875927
51.19,12.797138,189.2187,0.10672744,0.90244395,39.875916
51.2,12.797138,189.21869,0.10673241,0.90246767,39.875916
51.21,12.79714,189.2187,0.10673741,0.90249646,39.875908
51.22,12.79714,189.21867,0.106742345,0.90251935,39.875896
51.23,12.797142,189.21867,0.10674707,0.90254605,39.87588
51.24,12.797143,189.21866,0.10675193,0.90256953,39.875874
51.25,12.797145,189.21866,0.106756695,0.90259516,39.875866
51.26,12.797146,189.21863,0.106761836,0.9026208,39.87586
51.27,12.797149,189.21861,0.10676662,0.9026458,39.87585
51.28,12.79715,189.21858,0.10677155,0.90267086,39.875835
51.29,12.797152,189.21855,0.10677641,0.90269744,39.87582
51.3,12.797152,189.2185,0.106781445,0.9027225,39.875805
51.31,12.797152,189.21848,0.106786154,0.9027489,39.875797
51.32,12.797153,189.21848,0.10679123,0.9027737,39.87578
51.33,12.797154,189.21848,0.10679605,0.9027984,39.875767
51.34,12.797154,189.21844,0.10680077,0.902821,39.875755
51.35,12.797157,189.21843,0.10680563,0.90284836,39.875744
51.36,12.797158,189.21841,0.106810726,0.9028718,39.875732
51.37,12.797159,189.21838,0.106815584,0.90289533,39.87573
51.38,12.79716,189.21835,0.10682031,0.90292287,39.875713
51.39,12.797161,189.21832,0.10682518,0.9029486,39.875698
51.4,12.797161,189.21832,0.10683019,0.902973,39.87569
51.41,12.797164,189.21832,0.10683521,0.902997,39.87568
51.42,12.797163,189.21828,0.1068399,0.9030231,39.875664
51.43,12.797163,189.21828,0.10684499,0.90304947,39.875656
51.44,12.797163,189.21826,0.10684971,0.9030739,39.87564
51.45,12.797166,189.21828,0.106854506,0.9030969,39.87563
51.46,12.797168,189.21826,0.10685944,0.9031225,39.87562
51.47,12.797168,189.21823,0.10686403,0.9031466,39.875607
51.48,12.797169,189.2182,0.10686909,0.903172,39.875603
51.49,12.797171,189.21822,0.1068739,0.90319717,39.875584
51.5,12.797171,189.21817,0.10687895,0.9032229,39.875565
51.51,12.797172,189.21814,0.106883906,0.9032471,39.875557
51.52,12.797171,189.21812,0.10688865,0.9032706,39.87554
51.53,12.797172,189.21808,0.10689365,0.9032981,39.875534
51.54,12.797174,189.21806,0.1068983,0.90332186,39.87552
51.55,12.797174,189.21803,0.10690341,0.9033457,39.875515
51.56,12.797175,189.21805,0.10690805,0.9033718,39.875504
51.57,12.797175,189.21803,0.10691292,0.90339726,39.875492
51.58,12.797178,189.218,0.106917955,0.90342164,39.87548
51.59,12.797179,189.21797,0.10692256,0.9034463,39.875465
51.6,12.797179,189.21796,0.10692752,0.9034715,39.875458
51.61,12.79718,189.21793,0.10693241,0.90349764,39.875446
51.62,12.797183,189.21793,0.10693719,0.9035214,39.875435
51.63,12.797182,189.21793,0.10694217,0.9035487,39.875423
51.64,12.797184,189.21796,0.10694688,0.90357,39.875416
51.65,12.797183,189.21791,0.10695179,0.90359664,39.87541
51.66,12.797185,189.21794,0.106956564,0.9036205,39.875397
51.67,12.797187,189.2179,0.106961526,0.90364563,39.875385
51.68,12.797189,189.21786,0.10696621,0.90366995,39.875366
51.69,12.797189,189.21785,0.10697095,0.9036974,39.875355
51.7,12.797189,189.21783,0.10697607,0.9037209,39.87534
51.71,12.79719,189.2178,0.10698095,0.9037455,39.875324
51.72,12.7971945,189.21777,0.1069859,0.90377027,39.875317
51.73,12.7971945,189.21774,0.10699056,0.903793,39.875305
51.74,12.797194,189.21773,0.10699539,0.90381885,39.875286
51.75,12.797196,189.2177,0.10700018,0.9038441,39.875275
51.76,12.797196,189.21767,0.107005246,0.9038689,39.87526
51.77,12.797198,189.21765,0.1070101,0.90389484,39.875244
51.78,12.797197,189.21764,0.107014745,0.9039175,39.875244
51.79,12.7972,189.2176,0.1070194,0.90394276,39.875237
51.8,12.7972,189.21758,0.107024565,0.9039676,39.87522
51.81,12.797202,189.21758,0.1070295,0.9039943,39.87521
51.82,12.797202,189.21756,0.10703417,0.9040175,39.8752
51.83,12.797203,189.21753,0.10703883,0.90404224,39.875187
51.84,12.797203,189.21753,0.10704377,0.90406966,39.875175
51.85,12.797205,189.21751,0.10704855,0.9040935,39.875164
51.86,12.797206,189.21748,0.10705348,0.9041178,39.875153
51.87,12.797205,189.21745,0.10705839,0.90414286,39.875137
51.88,12.797206,189.21744,0.10706333,0.9041678,39.875134
51.89,12.797205,189.21744,0.107067786,0.90419185,39.875126
51.9,12.79721,189.21739,0.10707273,0.9042175,39.87511
51.91,12.797211,189.21738,0.10707747,0.90424156,39.8751
51.92,12.797212,189.21736,0.10708223,0.9042648,39.87509
51.93,12.797212,189.21732,0.10708729,0.9042921,39.87508
51.94,12.797214,189.2173,0.107092,0.9043144,39.875065
51.95,12.797213,189.21729,0.10709686,0.9043421,39.87505
51.96,12.7972145,189.21725,0.10710143,0.904365,39.875046
51.97,12.797218,189.21724,0.107106514,0.9043893,39.87503
51.98,12.797219,189.21721,0.10711116,0.9044149,39.875015
51.99,12.79722,189.21721,0.107115775,0.90443826,39.875004
52.0,12.797223,189.21718,0.10712069,0.9044627,39.87499
52.01,12.797221,189.21713,0.10712552,0.904489,39.87498
52.02,12.797222,189.21713,0.10713029,0.9045127,39.874973
52.03,12.797223,189.21709,0.10713516,0.90453684,39.87496
52.04,12.797223,189.21709,0.107139766,0.90456235,39.874947
52.05,12.797224,189.21706,0.107144594,0.90458643,39.874935
52.06,12.797223,189.21701,0.10714966,0.9046125,39.87492
52.07,12.797224,189.21703,0.10715428,0.90463483,39.87491
52.08,12.797226,189.217,0.10715917,0.90466267,39.8749
52.09,12.797228,189.21695,0.107164055,0.9046871,39.874893
52.1,12.797229,189.21696,0.10716875,0.9047117,39.87488
52.11,12.797229,189.21695,0.10717361,0.90473557,39.874874
52.12,12.79723,189.21693,0.1071782,0.90475786,39.874863
52.13,12.79723,189.21689,0.107183084,0.9047838,39.87485
52.14,12.797232,189.21686,0.10718794,0.9048083,39.874832
52.15,12.797232,189.21683,0.10719274,0.9048338,39.874817
52.16,12.797232,189.2168,0.10719751,0.90485793,39.87481
52.17,12.797234,189.21677,0.107202396,0.9048835,39.874798
52.18,12.797235,189.21674,0.10720725,0.90490735,39.874786
52.19,12.797235,189.21672,0.10721181,0.90493006,39.874775
52.2,12.797237,189.2167,0.1072167,0.9049543,39.87476
52.21,12.797236,189.21667,0.10722163,0.904979,39.874752
52.22,12.797236,189.21666,0.10722616,0.90500295,39.874737
52.23,12.797238,189.21663,0.10723099,0.9050267,39.874725
52.24,12.797239,189.2166,0.10723603,0.9050517,39.874714
52.25,12.797241,189.21657,0.10724074,0.9050794,39.874702
52.26,12.797241,189.21658,0.10724524,0.90510297,39.87469
52.27,12.797243,189.21657,0.10725029,0.90512764,39.87468
52.28,12.797243,189.21652,0.107255116,0.9051526,39.874672
52.29,12.797244,189.21652,0.10725978,0.9051759,39.874653
52.3,12.797244,189.21654,0.10726461,0.9051988,39.87464
52.31,12.797246,189.21652,0.10726932,0.90522707,39.874634
52.32,12.797246,189.2165,0.107274026,0.9052472,39.87462
52.33,12.797245,189.21646,0.10727908,0.90527517,39.874607
52.34,12.797246,189.21646,0.1072838,0.9052992,39.8746
52.35,12.797245,189.21643,0.107288465,0.9053221,39.874584
52.36,12.797247,189.21642,0.10729313,0.9053482,39.874573
52.37,12.797248,189.21637,0.10729785,0.90537226,39.87456
52.38,12.797247,189.21637,0.107302666,0.90539664,39.874554
52.39,12.797248,189.21634,0.107307404,0.90542006,39.874542
52.4,12.797247,189.21632,0.10731217,0.9054431,39.874527
52.41,12.797248,189.2163,0.107317016,0.9054708,39.87451
52.42,12.797248,189.21628,0.10732174,0.9054924,39.8745
52.43,12.797249,189.21626,0.10732655,0.905518,39.874485
52.44,12.79725,189.21625,0.107331485,0.9055449,39.87448
52.45,12.797252,189.21623,0.10733621,0.90556765,39.874474
52.46,12.797251,189.21623,0.10734071,0.9055903,39.87446
52.47,12.797253,189.21619,0.10734558,0.9056171,39.874447
52.48,12.797253,189.21617,0.10735051,0.9056382,39.87443
52.49,12.797253,189.21614,0.10735506,0.9056654,39.874428
52.5,12.797254,189.2161,0.10735983,0.9056897,39.874416
52.51,12.7972555,189.2161,0.10736464,0.9057119,39.8744
52.52,12.797256,189.21606,0.10736932,0.9057356,39.874393
52.53,12.797254,189.21605,0.10737419,0.90576196,39.874382
52.54,12.797256,189.21603,0.10737869,0.9057858,39.874374
52.55,12.797259,189.21603,0.107383564,0.90581167,39.874363
52.56,12.797259,189.21599,0.1073886,0.9058361,39.874344
52.57,12.79726,189.21596,0.107393324,0.9058595,39.87433
52.58,12.797259,189.21591,0.107397795,0.90588564,39.874317
52.59,12.797261,189.21591,0.10740274,0.9059089,39.874306
52.6,12.797263,189.21587,0.10740724,0.9059342,39.87429
52.61,12.797264,189.21585,0.107412264,0.9059578,39.87428
52.62,12.797264,189.21584,0.10741688,0.9059836,39.874275
52.63,12.797265,189.21584,0.10742164,0.906006,39.87426
52.64,12.797266,189.2158,0.1074263,0.9060285,39.87425
52.65,12.797267,189.21577,0.10743123,0.9060551,39.874233
52.66,12.79727,189.21574,0.107436,0.9060759,39.874218
52.67,12.797271,189.21571,0.1074404,0.9061016,39.87421
52.68,12.797272,189.2157,0.10744518,0.90612674,39.8742
52.69,12.797273,189.21567,0.107449874,0.9061521,39.87419
52.7,12.797274,189.21565,0.10745469,0.90617573,39.87418
52.71,12.797275,189.21565,0.107459575,0.9061995,39.874172
52.72,12.797275,189.21564,0.107464105,0.9062228,39.87416
52.73,12.797276,189.21558,0.10746893,0.90624785,39.874146
52.74,12.7972765,189.21556,0.10747364,0.9062726,39.874138
52.75,12.797278,189.21552,0.10747844,0.90629756,39.874123
52.76,12.797279,189.21552,0.10748306,0.90631974,39.874107
52.77,12.797279,189.21547,0.107487634,0.9063462,39.8741
52.78,12.797278,189.21547,0.107492745,0.9063703,39.87409
52.79,12.797279,189.21547,0.10749732,0.9063953,39.874073
52.8,12.79728,189.21544,0.10750191,0.9064183,39.874058
52.81,12.797282,189.21542,0.10750674,0.9064439,39.874046
52.82,12.797283,189.21538,0.10751143,0.9064671,39.874035
52.83,12.797282,189.21538,0.10751623,0.90649116,39.874023
52.84,12.797282,189.21536,0.10752098,0.9065155,39.874012
52.85,12.797283,189.21532,0.10752559,0.9065392,39.874
52.86,12.797286,189.21529,0.10753052,0.9065614,39.873997
52.87,12.797285,189.21527,0.10753517,0.9065878,39.873985
52.88,12.797285,189.21521,0.10753989,0.90661204,39.873974
52.89,12.797283,189.2152,0.107544586,0.906636,39.873966
52.9,12.797286,189.21515,0.10754931,0.9066615,39.873955
52.91,12.797286,189.21515,0.1075539,0.9066861,39.873943
52.92,12.79729,189.21513,0.10755852,0.90670717,39.873936
52.93,12.797289,189.2151,0.10756345,0.9067315,39.873917
52.94,12.797291,189.21509,0.10756792,0.90675783,39.873905
52.95,12.797291,189.21506,0.10757294,0.90678287,39.87389
52.96,12.797292,189.21504,0.1075774,0.90680635,39.873882
52.97,12.797292,189.21503,0.10758217,0.90683067,39.873867
52.98,12.797295,189.215,0.10758677,0.9068532,39.873863
52.99,12.797294,189.21497,0.107591644,0.9068774,39.87385
53.0,12.797295,189.21495,0.10759632,0.90690136,39.87384
53.01,12.797295,189.21495,0.10760096,0.9069282,39.873825
53.02,12.7972975,189.21492,0.10760559,0.90695196,39.873814
53.03,12.797298,189.21487,0.10761042,0.90697443,39.8738
53.04,12.797298,189.21484,0.10761505,0.90699935,39.87379
53.05,12.797299,189.21484,0.10761975,0.90702415,39.873775
53.06,12.797298,189.2148,0.107624486,0.9070451,39.873768
53.07,12.7973,189.21478,0.107628986,0.9070678,39.873756
53.08,12.797299,189.21475,0.10763377,0.907092,39.87374
53.09,12.797301,189.21472,0.10763843,0.90711844,39.87373
53.1,12.797301,189.21472,0.10764314,0.90714,39.873714
53.11,12.797302,189.21469,0.107647836,0.9071662,39.8737
53.12,12.797302,189.21468,0.107652515,0.9071908,39.873684
53.13,12.797302,189.21465,0.10765709,0.9072149,39.873676
53.14,12.797305,189.21463,0.10766181,0.9072385,39.873657
53.15,12.797303,189.21461,0.107666686,0.90726125,39.873646
53.16,12.797305,189.21458,0.107671306,0.9072876,39.873634
53.17,12.797305,189.21457,0.107675955,0.9073092,39.873627
53.18,12.797305,189.21454,0.1076808,0.90733445,39.87361
53.19,12.797307,189.21451,0.10768522,0.90735984,39.873604
53.2,12.797308,189.21451,0.10768989,0.9073817,39.87359
53.21,12.797311,189.21448,0.10769479,0.9074069,39.873577
53.22,12.79731,189.21443,0.107699126,0.90743244,39.873573
53.23,12.79731,189.2144,0.10770407,0.9074553,39.87356
53.24,12.797311,189.21439,0.10770869,0.907478,39.87355
53.25,12.797309,189.21437,0.10771339,0.9075019,39.87354
53.26,12.797311,189.21436,0.107718006,0.907525,39.873528
53.27,12.797308,189.21434,0.10772288,0.90754986,39.873516
53.28,12.79731,189.2143,0.10772739,0.90757656,39.873505
53.29,12.79731,189.21426,0.10773194,0.907598,39.873497
53.3,12.797312,189.21425,0.10773675,0.9076226,39.873478
53.31,12.797313,189.21422,0.107741416,0.9076444,39.873466
53.32,12.797313,189.21419,0.10774605,0.9076693,39.873455
53.33,12.797314,189.21416,0.10775086,0.90769595,39.87344
53.34,12.797313,189.21413,0.10775541,0.907719,39.873432
53.35,12.797312,189.21413,0.10775991,0.90774286,39.87342
53.36,12.797314,189.2141,0.10776475,0.9077676,39.873413
53.37,12.797313,189.21408,0.107769534,0.9077897,39.8734
53.38,12.797317,189.21405,0.107773975,0.90781426,39.87339
53.39,12.797317,189.21402,0.10777876,0.9078379,39.87338
53.4,12.797317,189.21402,0.10778344,0.90786123,39.873367
53.41,12.7973175,189.21397,0.10778788,0.90788525,39.873356
53.42,12.797318,189.21394,0.10779272,0.90790886,39.873344
53.43,12.7973175,189.21393,0.10779728,0.90793276,39.873325
53.44,12.797319,189.21391,0.107801974,0.90795827,39.873318
53.45,12.797318,189.21387,0.10780673,0.907981,39.873306
53.46,12.797321,189.21385,0.1078112,0.9080048,39.873295
53.47,12.79732,189.2138,0.10781571,0.9080286,39.873287
53.48,12.79732,189.21379,0.10782078,0.9080526,39.87327
53.49,12.797323,189.21378,0.107825264,0.9080751,39.87326
53.5,12.797325,189.21375,0.10782984,0.90809923,39.87325
53.51,12.797325,189.21373,0.10783464,0.9081237,39.87324
53.52,12.797324,189.21373,0.107839525,0.9081483,39.87323
53.53,12.797324,189.21371,0.10784401,0.90816915,39.87322
53.54,12.797324,189.21368,0.107848555,0.90819645,39.873203
53.55,12.797325,189.21365,0.10785335,0.90821993,39.873196
53.56,12.797324,189.21364,0.10785809,0.9082421,39.873184
53.57,12.797327,189.21361,0.10786244,0.90826696,39.87317
53.58,12.797327,189.21358,0.10786702,0.9082911,39.873154
53.59,12.797328,189.21355,0.10787162,0.9083159,39.87315
53.6,12.797329,189.2135,0.107876346,0.90833604,39.87314
53.61,12.797327,189.21347,0.10788129,0.90836036,39.873123
53.62,12.797331,189.21342,0.10788582,0.90838575,39.873116
53.63,12.797329,189.21342,0.10789043,0.90841067,39.873108
53.64,12.797332,189.2134,0.10789508,0.90843344,39.873093
53.65,12.797333,189.21338,0.107899696,0.9084582,39.873074
53.66,12.797332,189.21335,0.10790424,0.908483,39.873062
53.67,12.797335,189.21333,0.10790877,0.9085064,39.873047
53.68,12.797334,189.2133,0.107913405,0.9085281,39.87304
53.69,12.797336,189.21329,0.107918054,0.908553,39.873028
53.7,12.797337,189.21324,0.10792279,0.90857613,39.873013
53.71,12.797337,189.21323,0.10792728,0.9086,39.873
53.72,12.797337,189.21318,0.107932046,0.9086244,39.87299
53.73,12.797336,189.21318,0.107936576,0.9086461,39.872982
53.74,12.797337,189.21313,0.107941136,0.9086717,39.872967
53.75,12.797338,189.21313,0.10794595,0.9086969,39.872955
53.76,12.7973385,189.21309,0.10795045,0.9087181,39.872944
53.77,12.797339,189.21306,0.10795502,0.9087429,39.872932
53.78,12.797341,189.21304,0.10795964,0.90876585,39.872925
53.79,12.79734,189.21303,0.1079642,0.9087911,39.87291
53.8,12.797342,189.21301,0.10796891,0.90881205,39.872894
53.81,12.797344,189.21297,0.10797356,0.90883565,39.872883
53.82,12.797343,189.21297,0.107978344,0.90886,39.87287
53.83,12.797344,189.21294,0.10798296,0.9088845,39.872856
53.84,12.797345,189.2129,0.107987404,0.9089093,39.87285
53.85,12.797344,189.21288,0.10799213,0.90893215,39.872833
53.86,12.797346,189.21284,0.10799667,0.9089567,39.872814
53.87,12.797345,189.2128,0.10800114,0.90898025,39.872807
53.88,12.797347,189.21275,0.108005956,0.9090036,39.872795
53.89,12.797347,189.21272,0.108010486,0.90902704,39.872784
53.9,12.797349,189.21272,0.10801518,0.90904975,39.872772
53.91,12.797347,189.21272,0.108019695,0.9090729,39.872765
53.92,12.797347,189.21272,0.108024284,0.9090972,39.872757
53.93,12.797347,189.21272,0.108028844,0.90912086,39.87274
53.94,12.797348,189.21269,0.10803346,0.9091454,39.872734
53.95,12.797349,189.21268,0.10803811,0.90916896,39.872715
53.96,12.79735,189.21265,0.10804281,0.90919197,39.872707
53.97,12.79735,189.21265,0.108047515,0.9092159,39.8727
53.98,12.79735,189.21263,0.10805197,0.9092376,39.872692
53.99,12.79735,189.21259,0.108056605,0.90926254,39.872677
54.0,12.797351,189.21257,0.10806115,0.9092876,39.872665
54.01,12.797351,189.21251,0.10806586,0.90931016,39.87265
54.02,12.797351,189.2125,0.10807024,0.9093358,39.87264
54.03,12.797354,189.21245,0.10807499,0.9093597,39.872623
54.04,12.797354,189.21242,0.1080794,0.9093808,39.872612
54.05,12.797354,189.21239,0.10808392,0.909404,39.872597
54.06,12.797353,189.21237,0.10808888,0.90942657,39.872585
54.07,12.797355,189.21234,0.10809331,0.90945226,39.87258
54.08,12.797355,189.2123,0.10809785,0.9094731,39.872566
54.09,12.797356,189.2123,0.10810247,0.90949917,39.872555
54.1,12.797357,189.21223,0.108107,0.9095233,39.872543
54.11,12.797354,189.2122,0.10811183,0.909547,39.872528
54.12,12.797355,189.21219,0.10811633,0.9095712,39.872517
54.13,12.797356,189.21217,0.1081209,0.9095936,39.87251
54.14,12.797358,189.21213,0.10812558,0.90961623,39.872494
54.15,12.7973585,189.21213,0.1081301,0.9096416,39.872482
54.16,12.7973585,189.21208,0.10813467,0.9096639,39.872467
54.17,12.7973585,189.21208,0.10813922,0.90968716,39.872456
54.18,12.79736,189.21204,0.10814366,0.90970933,39.872444
54.19,12.797361,189.21204,0.108148485,0.9097336,39.872437
54.2,12.79736,189.21199,0.10815315,0.90975773,39.87242
54.21,12.797361,189.21198,0.108157426,0.9097828,39.872406
54.22,12.797361,189.21196,0.10816215,0.90980446,39.872395
54.23,12.797362,189.21196,0.108166546,0.9098296,39.87238
54.24,12.797362,189.21191,0.108171225,0.9098536,39.87237
54.25,12.797362,189.2119,0.10817592,0.909876,39.87236
54.26,12.797362,189.21187,0.10818052,0.90989834,39.87235
54.27,12.797363,189.21184,0.10818508,0.9099221,39.872334
54.28,12.797363,189.21179,0.10818964,0.90994436,39.872322
54.29,12.797363,189.21178,0.10819425,0.9099697,39.872307
54.3,12.797363,189.21176,0.10819878,0.9099927,39.872295
54.31,12.797362,189.21175,0.10820341,0.91001534,39.872288
54.32,12.797363,189.2117,0.10820809,0.91003954,39.872272
54.33,12.797361,189.21167,0.10821234,0.9100649,39.87226
54.34,12.797364,189.21165,0.108217046,0.9100883,39.87225
54.35,12.797367,189.21162,0.108221695,0.91011095,39.872227
54.36,12.797368,189.2116,0.10822618,0.9101318,39.872215
54.37,12.797368,189.21156,0.10823071,0.9101573,39.872204
54.38,12.797369,189.21152,0.108235344,0.9101813,39.8722
54.39,12.797369,189.21149,0.108239904,0.9102054,39.87219
54.4,12.797372,189.21143,0.10824461,0.9102278,39.872173
54.41,12.797371,189.21143,0.10824913,0.91024923,39.872166
54.42,12.797372,189.21141,0.1082536,0.9102751,39.872147
54.43,12.797373,189.21136,0.10825813,0.9102981,39.872143
54.44,12.797375,189.21135,0.10826269,0.910321,39.87213
54.45,12.797373,189.21133,0.10826722,0.9103437,39.872124
54.46,12.797375,189.21132,0.10827164,0.91036844,39.87211
54.47,12.797376,189.21127,0.108275995,0.9103917,39.8721
54.48,12.797377,189.21124,0.10828067,0.9104135,39.872093
54.49,12.797378,189.2112,0.10828525,0.9104394,39.87208
54.5,12.797377,189.21117,0.1082899,0.91046023,39.872074
54.51,12.797377,189.21114,0.1082945,0.9104854,39.87206
54.52,12.797379,189.2111,0.10829905,0.9105089,39.872047
54.53,12.797379,189.21109,0.10830358,0.91053236,39.87203
54.54,12.797379,189.21104,0.10830821,0.9105552,39.872017
54.55,12.79738,189.21104,0.10831271,0.91057813,39.87201
54.56,12.7973795,189.21103,0.108317286,0.9105989,39.871994
54.57,12.7973795,189.21098,0.108321905,0.9106254,39.871986
54.58,12.797381,189.21097,0.10832639,0.91064626,39.871967
54.59,12.79738,189.21094,0.10833076,0.910673,39.871956
54.6,12.797381,189.21092,0.10833527,0.9106945,39.871944
54.61,12.797382,189.2109,0.10833973,0.9107194,39.87193
54.62,12.797383,189.21088,0.10834439,0.9107436,39.871918
54.63,12.797384,189.21089,0.10834889,0.91076493,39.87191
54.64,12.797383,189.21085,0.108353585,0.9107901,39.871895
54.65,12.797384,189.21082,0.108358085,0.9108118,39.871883
54.66,12.797387,189.21077,0.10836245,0.9108362,39.871872
54.67,12.797385,189.21072,0.10836713,0.91085833,39.871857
54.68,12.797385,189.21071,0.10837138,0.9108821,39.871845
54.69,12.797386,189.21065,0.10837613,0.91090494,39.871834
54.7,12.797386,189.21063,0.10838084,0.91092944,39.871822
54.71,12.797386,189.2106,0.10838528,0.9109496,39.871807
54.72,12.797387,189.21056,0.108389795,0.91097724,39.871796
54.73,12.797386,189.21053,0.10839416,0.9109972,39.871788
54.74,12.797387,189.21046,0.10839875,0.91102076,39.871777
54.75,12.797389,189.21046,0.108403355,0.91104436,39.87176
54.76,12.797389,189.21039,0.10840802,0.9110688,39.87175
54.77,12.797387,189.21039,0.10841264,0.9110929,39.871735
54.78,12.797387,189.21033,0.10841705,0.91111577,39.871727
54.79,12.797388,189.21033,0.108421445,0.91113555,39.871723
54.8,12.79739,189.21033,0.108425975,0.9111612,39.871708
54.81,12.797391,189.2103,0.10843052,0.9111838,39.8717
54.82,12.797392,189.21025,0.10843532,0.91120696,39.871685
54.83,12.797392,189.21024,0.10843952,0.9112301,39.87167
54.84,12.797394,189.21022,0.108443916,0.91125375,39.871655
54.85,12.797395,189.21017,0.10844858,0.91127944,39.871647
54.86,12.797393,189.21014,0.108453155,0.9112982,39.871635
54.87,12.797393,189.21011,0.108457506,0.9113251,39.871624
54.88,12.797393,189.2101,0.108461976,0.9113486,39.871613
54.89,12.797393,189.21005,0.108466744,0.9113726,39.871593
54.9,12.797394,189.21005,0.10847095,0.9113955,39.871586
54.91,12.797394,189.21002,0.10847548,0.9114156,39.871574
54.92,12.797394,189.20998,0.108480155,0.91143954,39.871563
54.93,12.797394,189.20998,0.10848454,0.91146183,39.87155
54.94,12.797394,189.20996,0.10848923,0.911487,39.871532
54.95,12.797394,189.20996,0.108493924,0.9115089,39.871525
54.96,12.797395,189.20992,0.108498186,0.91153157,39.871517
54.97,12.797396,189.20988,0.10850282,0.91155577,39.871502
54.98,12.797395,189.20987,0.10850723,0.9115784,39.871494
54.99,12.797398,189.20985,0.10851148,0.9116022,39.87148
55.0,12.797398,189.20985,0.108516335,0.91162366,39.87147
55.01,12.797396,189.20978,0.10852073,0.91164845,39.871456
55.02,12.797398,189.20976,0.10852517,0.9116738,39.871445
55.03,12.797398,189.20973,0.10852967,0.9116954,39.87143
55.04,12.797398,189.2097,0.10853396,0.91171837,39.871418
55.05,12.797399,189.20966,0.10853872,0.9117412,39.871407
55.06,12.7974,189.20964,0.10854313,0.91176224,39.871395
55.07,12.7973995,189.20961,0.10854773,0.9117879,39.871384
55.08,12.7974,189.20958,0.10855222,0.9118086,39.871365
55.09,12.7973995,189.20956,0.10855658,0.91183305,39.87136
55.1,12.797399,189.20953,0.10856108,0.91185594,39.871346
55.11,12.7974,189.20952,0.10856561,0.91187865,39.871338
55.12,12.7973995,189.20946,0.10857025,0.911903,39.871326
55.13,12.7973995,189.20944,0.10857451,0.911927,39.87132
55.14,12.7973995,189.20941,0.1085791,0.9119483,39.871304
55.15,12.7973995,189.20938,0.108583644,0.9119723,39.87129
55.16,12.797399,189.20935,0.108588085,0.91199374,39.871273
55.17,12.7974,189.20932,0.108592704,0.9120169,39.871265
55.18,12.7973995,189.20929,0.10859701,0.91203976,39.871258
55.19,12.7974,189.20927,0.10860166,0.9120645,39.871243
55.2,12.7974,189.20923,0.108606026,0.91208667,39.87123
55.21,12.797401,189.20921,0.108610526,0.912109,39.871223
55.22,12.7974,189.20917,0.10861491,0.9121331,39.871212
55.23,12.797401,189.20914,0.108619586,0.91215396,39.871197
55.24,12.7974,189.2091,0.108624116,0.91217923,39.871178
55.25,12.797402,189.20909,0.1086286,0.9122015,39.871174
55.26,12.797402,189.20906,0.10863291,0.9122253,39.87116
55.27,12.797405,189.20901,0.10863751,0.91224974,39.871147
55.28,12.797405,189.20897,0.10864195,0.91227037,39.87114
55.29,12.797405,189.20894,0.10864653,0.91229504,39.871124
55.3,12.797404,189.20892,0.10865113,0.91231894,39.871117
55.31,12.797405,189.2089,0.10865542,0.9123423,39.871105
55.32,12.797403,189.20888,0.10866012,0.9123643,39.871094
55.33,12.797406,189.20886,0.10866432,0.91238785,39.871082
55.34,12.797405,189.20883,0.108668834,0.91241163,39.871075
55.35,12.797406,189.2088,0.10867329,0.9124323,39.871063
55.36,12.797405,189.20877,0.1086777,0.91245604,39.871048
55.37,12.797404,189.20876,0.108682066,0.9124788,39.871037
55.38,12.797405,189.20874,0.10868667,0.91250145,39.87103
55.39,12.797406,189.20871,0.1086912,0.9125239,39.871017
55.4,12.797405,189.20868,0.108695835,0.9125509,39.871006
55.41,12.797406,189.20865,0.10870008,0.9125712,39.87099
55.42,12.797405,189.20863,0.10870452,0.91259444,39.87098
55.43,12.797406,189.20857,0.10870898,0.9126158,39.870968
55.44,12.797406,189.20859,0.10871364,0.9126402,39.870956
55.45,12.797406,189.20854,0.108717784,0.9126618,39.87094
55.46,12.797407,189.2085,0.108722225,0.91268456,39.87093
55.47,12.797405,189.20848,0.10872683,0.9127102,39.87092
55.48,12.797405,189.20842,0.10873139,0.912732,39.87091
55.49,12.797406,189.20839,0.108735666,0.9127536,39.870895
55.5,12.797406,189.20836,0.108740225,0.9127786,39.87088
55.51,12.797407,189.20834,0.10874449,0.9128017,39.87087
55.52,12.797409,189.20831,0.10874915,0.9128241,39.870857
55.53,12.79741,189.2083,0.10875346,0.9128466,39.870846
55.54,12.79741,189.20827,0.10875796,0.9128718,39.87084
55.55,12.797409,189.20828,0.1087625,0.9128919,39.870823
55.56,12.79741,189.20825,0.10876711,0.91291696,39.870808
55.57,12.79741,189.20822,0.1087714,0.91294014,39.8708
55.58,12.797412,189.20819,0.10877599,0.9129614,39.87078
55.59,12.797411,189.20816,0.10878049,0.9129855,39.87077
55.6,12.797412,189.20815,0.108784705,0.91300845,39.870758
55.61,12.797412,189.20813,0.10878925,0.9130315,39.870743
55.62,12.797413,189.2081,0.10879363,0.9130535,39.870735
55.63,12.797412,189.20807,0.108798176,0.9130758,39.870724
55.64,12.797414,189.20802,0.1088029,0.9131,39.870712
55.65,12.797413,189.20801,0.108807,0.9131212,39.8707
55.66,12.797412,189.20796,0.1088115,0.9131454,39.87069
55.67,12.797412,189.20792,0.108815715,0.91316676,39.870678
55.68,12.797413,189.20792,0.10882045,0.91318905,39.87067
55.69,12.797413,189.20786,0.108824775,0.91321266,39.870655
55.7,12.797413,189.20782,0.1088292,0.9132353,39.870647
55.71,12.797416,189.20781,0.10883345,0.9132593,39.870632
55.72,12.797416,189.20778,0.10883829,0.9132817,39.870625
55.73,12.797415,189.20775,0.10884258,0.91330457,39.870613
55.74,12.797416,189.20772,0.10884704,0.9133285,39.870598
55.75,12.797417,189.20772,0.10885133,0.9133515,39.870583
55.76,12.797417,189.20767,0.1088559,0.91337484,39.87057
55.77,12.797416,189.20764,0.10886027,0.9133976,39.870556
55.78,12.797418,189.20761,0.1088648,0.91342086,39.87055
55.79,12.797419,189.20758,0.108869195,0.91344196,39.87054
55.8,12.797418,189.20757,0.10887371,0.91346407,39.870518
55.81,12.797418,189.20752,0.108878,0.91348785,39.87051
55.82,12.797419,189.20749,0.10888256,0.9135123,39.8705
55.83,12.797418,189.20749,0.10888696,0.91353333,39.870487
55.84,12.79742,189.20744,0.108891174,0.9135567,39.870476
55.85,12.797418,189.20741,0.108895764,0.9135773,39.87047
55.86,12.797418,189.20738,0.108900174,0.9136023,39.870457
55.87,12.797419,189.20735,0.10890466,0.9136244,39.87044
55.88,12.7974205,189.20732,0.108909085,0.913647,39.870426
55.89,12.7974205,189.20726,0.10891338,0.91367036,39.870415
55.9,12.797421,189.20723,0.10891792,0.9136941,39.870403
55.91,12.797419,189.2072,0.10892239,0.9137168,39.87039
55.92,12.797422,189.20717,0.10892695,0.91374034,39.870377
55.93,12.797421,189.20714,0.10893139,0.91376334,39.870365
55.94,12.797421,189.20712,0.108935714,0.91378516,39.87035
55.95,12.797422,189.20709,0.108939976,0.91380584,39.870342
55.96,12.797422,189.20709,0.10894449,0.9138279,39.87034
55.97,12.797422,189.20705,0.10894877,0.9138504,39.87032
55.98,12.797422,189.20702,0.10895333,0.9138766,39.870308
55.99,12.797422,189.20699,0.10895756,0.9138975,39.870296
56.0,12.797422,189.20695,0.10896209,0.91392016,39.87029
56.01,12.797422,189.20692,0.108966455,0.9139432,39.870274
56.02,12.797423,189.20688,0.10897082,0.91396594,39.87026
56.03,12.797423,189.20685,0.10897525,0.91399014,39.870247
56.04,12.797423,189.20682,0.10897967,0.91401285,39.870235
56.05,12.797422,189.2068,0.10898399,0.9140341,39.870224
56.06,12.797425,189.20676,0.10898848,0.91405547,39.87021
56.07,12.797426,189.20673,0.10899302,0.91407883,39.8702
56.08,12.797425,189.2067,0.108997494,0.91410303,39.870186
56.09,12.797425,189.20665,0.1090018,0.9141247,39.87018
56.1,12.797424,189.20663,0.10900605,0.91414654,39.870167
56.11,12.797423,189.2066,0.10901062,0.9141706,39.870155
56.12,12.797423,189.20657,0.10901484,0.91419315,39.870148
56.13,12.797423,189.20653,0.109019324,0.9142155,39.87013
56.14,12.797423,189.2065,0.109023765,0.9142369,39.87012
56.15,12.797425,189.20645,0.10902819,0.9142613,39.870113
56.16,12.797426,189.20645,0.109032676,0.91428417,39.8701
56.17,12.797424,189.20644,0.10903704,0.9143059,39.870087
56.18,12.797424,189.2064,0.10904141,0.9143287,39.87008
56.19,12.797424,189.20636,0.109045714,0.9143518,39.870064
56.2,12.797423,189.20633,0.1090502,0.9143746,39.870056
56.21,12.797425,189.20631,0.10905455,0.9144001,39.870045
56.22,12.797426,189.20625,0.109059036,0.9144219,39.870033
56.23,12.797426,189.20622,0.10906328,0.9144424,39.870018
56.24,12.797427,189.20619,0.10906786,0.9144672,39.87001
56.25,12.797428,189.20618,0.10907197,0.9144896,39.870003
56.26,12.797427,189.20615,0.10907653,0.91450876,39.86999
56.27,12.797428,189.20612,0.109081,0.9145337,39.86998
56.28,12.797427,189.20613,0.10908531,0.91455793,39.86997
56.29,12.79743,189.20609,0.10908976,0.9145794,39.869957
56.3,12.797432,189.20607,0.1090942,0.91460216,39.86994
56.31,12.797431,189.20604,0.1090986,0.9146232,39.869923
56.32,12.797431,189.206,0.109102875,0.91464645,39.869915
56.33,12.797431,189.20595,0.10910736,0.9146687,39.8699
56.34,12.797431,189.20595,0.10911173,0.9146911,39.869884
56.35,12.797429,189.2059,0.109116,0.9147136,39.869873
56.36,12.79743,189.2059,0.10912034,0.9147372,39.869865
56.37,12.797432,189.20584,0.10912466,0.91475916,39.869846
56.38,12.797432,189.20584,0.109129265,0.9147797,39.86984
56.39,12.79743,189.20583,0.10913366,0.9148059,39.869827
56.4,12.797433,189.2058,0.10913786,0.91482794,39.869816
56.41,12.797434,189.20575,0.10914238,0.9148501,39.869804
56.42,12.797434,189.20572,0.109146714,0.9148723,39.869793
56.43,12.797433,189.2057,0.10915093,0.91489637,39.86978
56.44,12.797433,189.20567,0.109155655,0.9149171,39.86977
56.45,12.797432,189.20564,0.10915972,0.9149398,39.86975
56.46,12.797434,189.20561,0.10916427,0.91496205,39.869736
56.47,12.797434,189.20558,0.109168515,0.9149872,39.869724
56.48,12.797434,189.20557,0.109173,0.91500795,39.869713
56.49,12.797434,189.2055,0.10917716,0.91502976,39.869698
56.5,12.797434,189.20549,0.10918157,0.9150533,39.869686
56.51,12.797434,189.20544,0.109185815,0.9150762,39.86968
56.52,12.797435,189.20541,0.10919069,0.9150983,39.869663
56.53,12.797436,189.20538,0.109194696,0.9151194,39.86965
56.54,12.797435,189.2054,0.1091993,0.9151424,39.86964
56.55,12.797435,189.20537,0.109203696,0.91516364,39.86963
56.56,12.797438,189.20534,0.10920805,0.9151863,39.869617
56.57,12.797439,189.2053,0.10921197,0.91521055,39.86961
56.58,12.797439,189.20526,0.10921663,0.9152341,39.869595
56.59,12.79744,189.20522,0.109221175,0.91525704,39.86958
56.6,12.79744,189.2052,0.10922521,0.9152784,39.869568
56.61,12.797439,189.20518,0.10922976,0.9153011,39.869553
56.62,12.797439,189.20515,0.10923426,0.9153235,39.869545
56.63,12.797439,189.20512,0.10923861,0.9153469,39.86953
56.64,12.797439,189.2051,0.10924272,0.9153694,39.869522
56.65,12.797439,189.20505,0.109247014,0.91539097,39.869507
56.66,12.797439,189.20502,0.109251395,0.9154129,39.86949
56.67,12.797439,189.20502,0.10925573,0.915435,39.869476
56.68,12.797438,189.20497,0.10926011,0.9154588,39.86947
56.69,12.797438,189.20493,0.10926446,0.9154778,39.869453
56.7,12.797438,189.2049,0.10926886,0.9155032,39.869446
56.71,12.797439,189.20483,0.1092733,0.91552377,39.86943
56.72,12.797438,189.20482,0.1092778,0.91554785,39.869423
56.73,12.797438,189.2048,0.10928194,0.9155686,39.86941
56.74,12.797439,189.20477,0.10928643,0.91559184,39.869404
56.75,12.797438,189.20474,0.10929045,0.9156148,39.869392
56.76,12.797438,189.2047,0.10929507,0.91563773,39.869377
56.77,12.797437,189.20473,0.109299436,0.91565984,39.869366
56.78,12.797436,189.20468,0.10930368,0.91568035,39.869354
56.79,12.797438,189.20465,0.109308064,0.91570246,39.86934
56.8,12.797439,189.20459,0.109312326,0.9157269,39.869328
56.81,12.797439,189.20456,0.10931662,0.91574967,39.86932
56.82,12.797439,189.20453,0.10932104,0.91577375,39.869305
56.83,12.797437,189.20448,0.10932551,0.91579604,39.869297
56.84,12.797437,189.20448,0.10932982,0.9158195,39.869286
56.85,12.797439,189.20445,0.109334305,0.91584164,39.86927
56.86,12.797439,189.20442,0.10933857,0.91586447,39.869263
56.87,12.797439,189.20439,0.10934281,0.91588604,39.869247
56.88,12.797439,189.20438,0.109347135,0.9159078,39.869236
56.89,12.797441,189.20433,0.1093514,0.9159299,39.869225
56.9,12.797439,189.2043,0.10935581,0.91595113,39.869217
56.91,12.7974415,189.20425,0.10936032,0.91597533,39.86921
56.92,12.7974415,189.20422,0.10936457,0.91599625,39.869198
56.93,12.797442,189.20421,0.10936865,0.9160179,39.86918
56.94,12.797443,189.20418,0.10937317,0.9160404,39.86917
56.95,12.7974415,189.20416,0.10937747,0.916064,39.86916
56.96,12.7974415,189.2041,0.109381825,0.91608715,39.86914
56.97,12.797443,189.20409,0.10938592,0.9161095,39.869125
56.98,12.7974415,189.20409,0.10939045,0.9161304,39.869114
56.99,12.797442,189.20406,0.10939476,0.9161542,39.869106
57.0,12.797443,189.20401,0.10939936,0.9161753,39.8691
57.01,12.797445,189.20398,0.10940367,0.916199,39.869083
57.02,12.797443,189.20395,0.10940781,0.916221,39.869072
57.03,12.797442,189.20393,0.10941218,0.91624403,39.86906
57.04,12.7974415,189.2039,0.10941668,0.91626376,39.869045
57.05,12.797442,189.20387,0.10942079,0.9162893,39.869038
57.06,12.797442,189.20387,0.10942513,0.91631216,39.86902
57.07,12.797443,189.20384,0.109429255,0.91633415,39.869007
57.08,12.797442,189.20383,0.109433904,0.9163563,39.868988
57.09,12.797442,189.20381,0.109438136,0.9163773,39.868977
57.1,12.7974415,189.20377,0.10944244,0.9164011,39.86897
57.11,12.797442,189.20372,0.10944688,0.9164228,39.868958
57.12,12.7974415,189.20369,0.109451115,0.9164461,39.868946
57.13,12.79744,189.20364,0.10945548,0.9164667,39.868927
57.14,12.79744,189.2036,0.10945976,0.91649085,39.86892
57.15,12.79744,189.20358,0.10946424,0.9165112,39.868904
57.16,12.797442,189.20355,0.10946846,0.9165343,39.868896
57.17,12.797442,189.20352,0.10947263,0.9165543,39.868885
57.18,12.7974415,189.20349,0.10947691,0.9165778,39.868874
57.19,12.797442,189.20346,0.10948126,0.9166001,39.86886
57.2,12.797443,189.20343,0.10948548,0.9166213,39.86885
57.21,12.7974415,189.2034,0.10948999,0.9166442,39.868835
57.22,12.797442,189.20337,0.10949403,0.91666615,39.868824
57.23,12.797441,189.20332,0.109498516,0.9166897,39.868813
57.24,12.797441,189.20331,0.10950276,0.91671395,39.868797
57.25,12.79744,189.20326,0.109507084,0.9167355,39.86879
57.26,12.797441,189.20323,0.10951167,0.91675735,39.86878
57.27,12.79744,189.20322,0.10951555,0.9167818,39.868767
57.28,12.797442,189.20317,0.109519795,0.9168018,39.86875
57.29,12.797442,189.20316,0.109524384,0.91682553,39.86874
57.3,12.7974415,189.20311,0.10952857,0.9168468,39.86872
57.31,12.79744,189.20308,0.10953298,0.91686976,39.868706
57.32,12.7974415,189.20306,0.10953702,0.9168917,39.868694
57.33,12.7974415,189.20303,0.109541416,0.9169136,39.868687
57.34,12.797442,189.20299,0.10954596,0.91693556,39.868675
57.35,12.7974415,189.20294,0.10955021,0.9169562,39.868664
57.36,12.797443,189.20291,0.10955441,0.9169792,39.868656
57.37,12.797443,189.2029,0.10955863,0.91700196,39.86864
57.38,12.797442,189.20287,0.10956293,0.9170232,39.86863
57.39,12.797442,189.20284,0.10956721,0.9170468,39.868618
57.4,12.797443,189.20279,0.10957152,0.9170685,39.868607
57.41,12.797442,189.20276,0.10957584,0.9170908,39.86859
57.42,12.797442,189.20271,0.10958023,0.9171132,39.868584
57.43,12.7974415,189.20268,0.109584674,0.91713506,39.86857
57.44,12.797442,189.20265,0.10958874,0.9171566,39.86856
57.45,12.797443,189.20262,0.1095932,0.91717863,39.86855
57.46,12.797443,189.20259,0.10959718,0.91720235,39.868538
57.47,12.797444,189.20258,0.109601736,0.91722405,39.868523
57.48,12.797443,189.20258,0.109605774,0.9172499,39.86851
57.49,12.797445,189.20255,0.10961014,0.91727114,39.868496
57.5,12.797445,189.20248,0.10961434,0.9172908,39.868484
57.51,12.797445,189.20245,0.10961905,0.9173137,39.868473
57.52,12.797443,189.2024,0.109622896,0.91733575,39.868458
57.53,12.797442,189.20238,0.10962741,0.91735613,39.86845
57.54,12.797446,189.20235,0.10963175,0.9173792,39.868443
57.55,12.797445,189.20232,0.10963607,0.91740155,39.868435
57.56,12.797445,189.20227,0.10964033,0.9174253,39.868416
57.57,12.797445,189.20224,0.10964453,0.91744363,39.868412
57.58,12.797446,189.20221,0.10964872,0.91746724,39.868397
57.59,12.797446,189.2022,0.109653145,0.91749114,39.86839
57.6,12.797445,189.20215,0.10965726,0.9175118,39.868378
57.61,12.797444,189.20212,0.109661624,0.91753525,39.868366
57.62,12.797445,189.20209,0.109665945,0.91755736,39.86835
57.63,12.797444,189.20206,0.109670356,0.91757816,39.868343
57.64,12.797442,189.20206,0.1096746,0.91760236,39.868332
57.65,12.7974415,189.202,0.109678656,0.9176222,39.86832
57.66,12.7974415,189.20197,0.1096832,0.91764545,39.8683
57.67,12.797442,189.20195,0.10968728,0.91766787,39.868294
57.68,12.7974415,189.2019,0.10969168,0.9176916,39.868282
57.69,12.797442,189.20187,0.10969593,0.91771126,39.86827
57.7,12.797442,189.20184,0.10970025,0.91773325,39.868256
57.71,12.797443,189.20181,0.109704435,0.9177536,39.868248
57.72,12.797444,189.20178,0.10970874,0.91777813,39.868237
57.73,12.7974415,189.20174,0.10971302,0.9178002,39.86822
57.74,12.797442,189.20172,0.10971755,0.9178221,39.868206
57.75,12.797444,189.20169,0.1097216,0.9178454,39.8682
57.76,12.797443,189.20166,0.10972585,0.9178653,39.868187
57.77,12.797443,189.20164,0.109730214,0.9178869,39.86818
57.78,12.797443,189.20161,0.10973458,0.91791177,39.868164
57.79,12.797446,189.20158,0.10973881,0.9179318,39.868153
57.8,12.797446,189.20152,0.109742984,0.9179551,39.868145
57.81,12.797446,189.20149,0.10974702,0.91797626,39.868134
57.82,12.797444,189.20149,0.10975149,0.9179985,39.868114
57.83,12.797446,189.20146,0.109755754,0.91802084,39.868107
57.84,12.797444,189.20143,0.10976003,0.9180428,39.86809
57.85,12.797444,189.2014,0.10976425,0.9180623,39.868076
57.86,12.797444,189.20137,0.109768614,0.91808736,39.868073
57.87,12.797444,189.20132,0.1097728,0.91810894,39.868053
57.88,12.797445,189.2013,0.10977699,0.9181302,39.86804
57.89,12.797445,189.20128,0.10978109,0.9181524,39.868027
57.9,12.797443,189.20125,0.10978551,0.9181754,39.868015
57.91,12.797443,189.20123,0.10978989,0.9181983,39.868
57.92,12.797445,189.20122,0.10979396,0.9182203,39.867992
57.93,12.797443,189.20116,0.10979846,0.9182428,39.867977
57.94,12.797442,189.20113,0.109802544,0.91826373,39.867966
57.95,12.797443,189.2011,0.10980679,0.91828495,39.867954
57.96,12.797444,189.20107,0.10981092,0.9183074,39.867943
57.97,12.797444,189.20103,0.10981552,0.91832936,39.867935
57.98,12.797444,189.201,0.10981962,0.9183524,39.867924
57.99,12.797443,189.20099,0.10982403,0.918374,39.86791
58.0,12.797444,189.20094,0.1098281,0.9183961,39.867893
58.01,12.797445,189.20093,0.10983233,0.9184156,39.867886
58.02,12.797444,189.20091,0.10983659,0.9184401,39.867878
58.03,12.797444,189.2009,0.10984084,0.9184618,39.86787
58.04,12.797444,189.20085,0.10984501,0.91848403,39.86785
58.05,12.797445,189.2008,0.10984929,0.91850775,39.867844
58.06,12.797444,189.20078,0.10985373,0.91852856,39.86783
58.07,12.797442,189.20074,0.10985765,0.9185493,39.867817
58.08,12.797444,189.20073,0.10986222,0.91857237,39.867805
58.09,12.797444,189.20067,0.109866306,0.91859174,39.86779
58.1,12.797446,189.2006,0.10987064,0.9186128,39.86778
58.11,12.797446,189.20058,0.10987459,0.91863716,39.867767
58.12,12.797448,189.20056,0.10987915,0.9186617,39.867756
58.13,12.797446,189.20053,0.109883085,0.9186814,39.867744
58.14,12.797449,189.2005,0.10988766,0.9187031,39.86773
58.15,12.797449,189.20045,0.10989164,0.91872656,39.86772
58.16,12.797447,189.20044,0.109895945,0.918748,39.8677
58.17,12.797447,189.2004,0.10990018,0.9187679,39.86769
58.18,12.797449,189.20038,0.109904364,0.91878885,39.86768
58.19,12.797448,189.20036,0.1099087,0.9188137,39.867664
58.2,12.797449,189.20032,0.10991293,0.9188359,39.867653
58.21,12.797449,189.20029,0.109917,0.91885793,39.86764
58.22,12.797449,189.20026,0.10992144,0.9188798,39.86763
58.23,12.797448,189.20021,0.10992555,0.91890204,39.867622
58.24,12.797447,189.20018,0.109929994,0.9189241,39.867607
58.25,12.797446,189.20015,0.10993421,0.91894484,39.867596
58.26,12.797447,189.20012,0.10993834,0.91896784,39.867584
58.27,12.797448,189.20009,0.10994232,0.9189867,39.86757
58.28,12.797449,189.20007,0.10994671,0.91901207,39.86756
58.29,12.797448,189.20004,0.10995087,0.91903377,39.86755
58.3,12.797449,189.20001,0.10995494,0.9190547,39.867535
58.31,12.797448,189.19995,0.10995953,0.9190771,39.867523
58.32,12.797449,189.19994,0.10996351,0.9190992,39.867508
58.33,12.797445,189.19994,0.10996792,0.9191215,39.867493
58.34,12.797446,189.19987,0.109972104,0.9191443,39.86748
58.35,12.797447,189.19986,0.10997632,0.9191638,39.867474
58.36,12.797448,189.19981,0.10998052,0.91918874,39.867462
58.37,12.797448,189.19978,0.10998468,0.9192086,39.867447
58.38,12.797448,189.19977,0.10998899,0.9192316,39.867435
58.39,12.797447,189.19972,0.109993175,0.91925186,39.86743
58.4,12.797447,189.19969,0.10999751,0.91927457,39.867416
58.41,12.797447,189.19966,0.11000155,0.9192953,39.867405
58.42,12.797446,189.19966,0.11000572,0.9193156,39.867397
58.43,12.797446,189.19963,0.11001003,0.9193369,39.867386
58.44,12.797446,189.19958,0.110014334,0.91936016,39.86737
58.45,12.797447,189.19955,0.11001831,0.9193809,39.86736
58.46,12.797446,189.19952,0.110022604,0.919405,39.867348
58.47,12.797447,189.19946,0.1100266,0.9194249,39.86734
58.48,12.797448,189.1994,0.11003126,0.91944885,39.86732
58.49,12.797449,189.19937,0.11003545,0.91947067,39.867313
58.5,12.797448,189.19933,0.11003946,0.9194918,39.8673
58.51,12.797448,189.19931,0.110043734,0.91951394,39.867283
58.52,12.797449,189.19926,0.11004794,0.9195361,39.867268
58.53,12.797447,189.19923,0.110052094,0.91955566,39.867264
58.54,12.797447,189.1992,0.110056326,0.919577,39.867252
58.55,12.797448,189.19917,0.1100605,0.9196,39.867245
58.56,12.797449,189.19914,0.110064834,0.91962403,39.867237
58.57,12.797449,189.19911,0.11006901,0.919646,39.867226
58.58,12.797449,189.1991,0.110073105,0.9196664,39.86721
58.59,12.797449,189.19905,0.11007738,0.91968673,39.86719
58.6,12.797449,189.19902,0.110081494,0.91970944,39.867188
58.61,12.797448,189.19896,0.1100858,0.9197317,39.867172
58.62,12.797449,189.19894,0.11008993,0.9197536,39.86716
58.63,12.797448,189.19891,0.110094026,0.91977453,39.867146
58.64,12.797447,189.19887,0.1100983,0.9197959,39.867134
58.65,12.797447,189.19884,0.11010276,0.9198212,39.867123
58.66,12.797448,189.1988,0.1101066,0.9198393,39.867115
58.67,12.797448,189.19875,0.110111,0.919865,39.867104
58.68,12.797447,189.19872,0.110115066,0.9198832,39.86709
58.69,12.797446,189.19865,0.11011943,0.9199064,39.867073
58.7,12.797447,189.19861,0.11012365,0.91992867,39.86706
58.71,12.797447,189.19861,0.11012779,0.9199507,39.867043
58.72,12.797447,189.19858,0.110131875,0.91997486,39.86704
58.73,12.797445,189.19855,0.110136196,0.91999453,39.867027
58.74,12.797446,189.19855,0.11014049,0.9200164,39.86702
58.75,12.797444,189.19852,0.11014454,0.9200374,39.867
58.76,12.797444,189.19847,0.11014876,0.9200585,39.866985
58.77,12.797444,189.19844,0.11015271,0.92008114,39.866978
58.78,12.797444,189.19841,0.11015709,0.9201013,39.866962
58.79,12.797443,189.19835,0.11016129,0.92012405,39.86695
58.8,12.797443,189.19832,0.11016536,0.9201462,39.86694
58.81,12.797444,189.19827,0.11016974,0.920169,39.86693
58.82,12.797444,189.19826,0.11017388,0.9201915,39.86691
58.83,12.797443,189.19826,0.11017811,0.92021334,39.866898
58.84,12.797442,189.19823,0.11018224,0.9202323,39.866882
58.85,12.7974415,189.19821,0.11018641,0.9202556,39.866867
58.86,12.797444,189.19815,0.11019051,0.92027676,39.86686
58.87,12.797444,189.19812,0.11019486,0.92029846,39.866848
58.88,12.797445,189.19809,0.11019911,0.9203211,39.866833
58.89,12.797442,189.19803,0.11020318,0.9203424,39.866825
58.9,12.797445,189.19803,0.1102072,0.9203639,39.866817
58.91,12.797445,189.19797,0.11021142,0.92038345,39.866802
58.92,12.797446,189.19794,0.110215575,0.9204061,39.866795
58.93,12.797443,189.19794,0.110219955,0.92042994,39.86678
58.94,12.797443,189.1979,0.11022399,0.9204515,39.866768
58.95,12.797443,189.19786,0.11022821,0.92047304,39.866753
58.96,12.797444,189.19783,0.11023241,0.92049277,39.866745
58.97,12.797446,189.1978,0.11023641,0.9205133,39.866734
58.98,12.797446,189.19775,0.11024077,0.92053753,39.866722
58.99,12.797446,189.19772,0.110244915,0.92055917,39.866707
59.0,12.797446,189.19768,0.11024918,0.92058194,39.866695
59.01,12.797445,189.19766,0.11025326,0.9206011,39.86668
59.02,12.797446,189.19763,0.110257536,0.9206239,39.866665
59.03,12.797447,189.19765,0.11026159,0.9206457,39.86665
59.04,12.797445,189.19759,0.1102657,0.9206685,39.866646
59.05,12.797445,189.19756,0.11026989,0.92068803,39.866634
59.06,12.797446,189.19757,0.110274136,0.920712,39.86662
59.07,12.797445,189.19751,0.11027826,0.9207325,39.866608
59.08,12.797445,189.19748,0.110282436,0.9207547,39.8666
59.09,12.797445,189.19745,0.11028652,0.9207771,39.866585
59.1,12.797445,189.1974,0.110290855,0.9207978,39.866577
59.11,12.797447,189.19737,0.11029488,0.9208176,39.86656
59.12,12.797444,189.19733,0.11029908,0.9208398,39.86655
59.13,12.797446,189.19731,0.11030352,0.92086107,39.86654
59.14,12.797445,189.19728,0.11030747,0.9208841,39.866528
59.15,12.797444,189.19727,0.11031176,0.92090607,39.866516
59.16,12.797445,189.19724,0.110315785,0.9209267,39.866505
59.17,12.797445,189.1972,0.11031979,0.920949,39.866497
59.18,12.797444,189.19717,0.11032422,0.920972,39.86648
59.19,12.797442,189.19713,0.11032809,0.9209907,39.86647
59.2,12.797443,189.19708,0.11033246,0.92101216,39.86646
59.21,12.797443,189.19704,0.1103365,0.9210329,39.866447
59.22,12.797444,189.197,0.11034067,0.92105794,39.866432
59.23,12.797446,189.19698,0.11034489,0.9210794,39.86642
59.24,12.797444,189.19691,0.110349044,0.9211006,39.866405
59.25,12.797444,189.19688,0.1103529,0.9211222,39.866398
59.26,12.797445,189.19685,0.11035709,0.9211425,39.866386
59.27,12.797445,189.19682,0.11036143,0.92116535,39.866375
59.28,12.797444,189.1968,0.11036533,0.9211865,39.86636
59.29,12.797444,189.19675,0.11036956,0.92120713,39.866352
59.3,12.797446,189.19669,0.11037369,0.92122877,39.866344
59.31,12.797444,189.19667,0.11037807,0.9212506,39.86633
59.32,12.797445,189.19664,0.11038223,0.92127204,39.866318
59.33,12.797444,189.19661,0.11038619,0.9212935,39.866306
59.34,12.797444,189.19658,0.110390425,0.92131424,39.866287
59.35,12.797443,189.19656,0.11039466,0.9213373,39.866283
59.36,12.7974415,189.19655,0.11039865,0.9213597,39.866272
59.37,12.7974415,189.1965,0.11040282,0.9213815,39.866257
59.38,12.797442,189.19649,0.11040698,0.92140234,39.866245
59.39,12.7974415,189.19646,0.11041105,0.92142344,39.866234
59.4,12.797442,189.19641,0.11041528,0.92144716,39.866222
59.41,12.797442,189.1964,0.11041936,0.9214679,39.86621
59.42,12.797442,189.19635,0.110423684,0.9214893,39.8662
59.43,12.797443,189.19633,0.11042763,0.9215096,39.866188
59.44,12.797442,189.1963,0.11043185,0.92153066,39.86618
59.45,12.797443,189.19626,0.11043617,0.92155194,39.866158
59.46,12.797443,189.19623,0.11044036,0.92157495,39.866146
59.47,12.797441,189.1962,0.11044434,0.92159736,39.866142
59.48,12.797441,189.19617,0.110448375,0.92161775,39.866123
59.49,12.797442,189.19612,0.1104525,0.9216412,39.86611
59.5,12.7974415,189.19609,0.1104569,0.92166114,39.8661
59.51,12.7974415,189.19604,0.11046107,0.9216813,39.866085
59.52,12.797441,189.19601,0.11046505,0.9217057,39.866074
59.53,12.79744,189.19598,0.11046915,0.92172647,39.866062
59.54,12.797439,189.19597,0.110473365,0.9217471,39.866055
59.55,12.797439,189.19592,0.11047743,0.92177,39.86604
59.56,12.797439,189.19589,0.110481575,0.9217904,39.86603
59.57,12.79744,189.19588,0.11048558,0.92181295,39.866016
59.58,12.797438,189.19585,0.11048964,0.92183435,39.866005
59.59,12.797438,189.19583,0.11049396,0.9218533,39.865993
59.6,12.797438,189.19579,0.11049822,0.92187595,39.86598
59.61,12.797437,189.19574,0.11050208,0.92189705,39.865967
59.62,12.797437,189.19571,0.11050637,0.92191833,39.86595
59.63,12.797436,189.19566,0.110510156,0.9219386,39.86594
59.64,12.797438,189.19562,0.11051461,0.9219613,39.86593
59.65,12.797436,189.19557,0.110518664,0.9219835,39.865913
59.66,12.797437,189.19556,0.11052272,0.92200416,39.8659
59.67,12.797438,189.19554,0.11052692,0.9220287,39.86589
59.68,12.797437,189.19551,0.110531196,0.9220487,39.865875
59.69,12.797439,189.19548,0.110535026,0.92206943,39.865864
59.7,12.797439,189.19543,0.11053905,0.9220892,39.865852
59.71,12.797437,189.1954,0.110543296,0.9221126,39.865837
59.72,12.797437,189.19537,0.110547304,0.92213154,39.865833
59.73,12.797437,189.19536,0.11055161,0.92215484,39.86582
59.74,12.797438,189.19531,0.11055565,0.92217594,39.865807
59.75,12.797434,189.19527,0.11055961,0.92219555,39.865807
59.76,12.797437,189.19527,0.110563934,0.9222193,39.865795
59.77,12.797438,189.19522,0.110568166,0.92224014,39.865784
59.78,12.797437,189.19518,0.110572204,0.92226195,39.865772
59.79,12.797436,189.19516,0.110576466,0.92228305,39.865757
59.8,12.797436,189.19511,0.110580474,0.9223063,39.86575
59.81,12.797436,189.19507,0.11058436,0.92232764,39.865738
59.82,12.797437,189.19504,0.11058883,0.9223486,39.865723
59.83,12.797436,189.19502,0.1105929,0.92236906,39.86571
59.84,12.797434,189.19499,0.11059706,0.92239165,39.8657
59.85,12.797436,189.19496,0.11060086,0.92241275,39.865685
59.86,12.797435,189.19493,0.110605106,0.92243403,39.865665
59.87,12.797434,189.1949,0.11060937,0.9224566,39.865654
59.88,12.797435,189.19487,0.11061339,0.9224774,39.865635
59.89,12.797434,189.19485,0.110617355,0.92249936,39.865623
59.9,12.797435,189.19481,0.11062153,0.9225197,39.865612
59.91,12.797436,189.19476,0.110625625,0.92254204,39.8656
59.92,12.797435,189.19472,0.11062962,0.9225625,39.865585
59.93,12.797436,189.1947,0.1106337,0.92258346,39.865574
59.94,12.797435,189.19469,0.11063802,0.9226051,39.865562
59.95,12.797434,189.19467,0.11064212,0.92262435,39.865555
59.96,12.797434,189.19464,0.1106461,0.9226476,39.86554
59.97,12.797434,189.19461,0.1106502,0.922667,39.865532
59.98,12.797434,189.19456,0.11065413,0.9226902,39.86552
59.99,12.797435,189.19453,0.11065847,0.92271113,39.865505
60.0,12.797435,189.19449,0.110662505,0.9227347,39.865494
