t,w,W,x,y,z
0.0,0.055451512,-0.00011599064,6.134862,78.54364,0.8687036
0.01,0.055623915,0.00025886297,6.1345234,78.541435,0.8698104
0.02,0.05579672,0.00063186884,6.134181,78.539215,0.87092173
0.03,0.055972017,0.0010082722,6.133838,78.53698,0.8720403
0.04,0.056146942,0.0013810396,6.1334915,78.53475,0.8731618
0.05,0.05632218,0.0017564297,6.1331434,78.53248,0.8742883
0.06,0.056498453,0.002135694,6.1327925,78.530205,0.87541854
0.07,0.056675464,0.002508819,6.132439,78.527916,0.87655514
0.08,0.056853548,0.002893567,6.1320844,78.525635,0.8776972
0.09,0.05703307,0.0032648444,6.1317296,78.523315,0.8788437
0.1,0.05721221,0.0036475062,6.1313705,78.52101,0.8799933
0.11,0.057392716,0.004025638,6.13101,78.51866,0.8811497
0.12,0.05757327,0.004409313,6.130648,78.51632,0.88230944
0.13,0.05775512,0.0047897696,6.1302843,78.51397,0.8834734
0.14,0.057936557,0.0051735044,6.129919,78.51159,0.8846409
0.15,0.058119655,0.0055575967,6.1295543,78.50922,0.8858158
0.16,0.058304086,0.005946994,6.1291847,78.50681,0.88699275
0.17,0.05848804,0.00633198,6.128814,78.504395,0.888173
0.18,0.05867312,0.0067177415,6.128442,78.502014,0.88935965
0.19,0.058858648,0.0071085095,6.12807,78.49959,0.89054894
0.2,0.05904571,0.007503569,6.127696,78.497154,0.89174145
0.21,0.05923228,0.007892311,6.1273203,78.4947,0.8929397
0.22,0.059420273,0.00829041,6.126943,78.49224,0.89414084
0.23,0.05960808,0.008687258,6.1265635,78.4898,0.8953455
0.24,0.05979754,0.009082496,6.126184,78.48733,0.89655316
0.25,0.059985586,0.009483099,6.1258025,78.48485,0.89776623
0.26,0.06017585,0.009881198,6.12542,78.48235,0.89898133
0.27,0.060367554,0.010285914,6.125036,78.47986,0.9002004
0.28,0.060558558,0.01068598,6.12465,78.477356,0.901423
0.29,0.060750306,0.011095762,6.124264,78.47483,0.9026509
0.3,0.060943063,0.011500001,6.1238775,78.472336,0.9038795
0.31,0.06113647,0.01191175,6.1234865,78.4698,0.9051119
0.32,0.061329804,0.012323737,6.123096,78.46725,0.9063498
0.33,0.061523803,0.012739539,6.122705,78.464714,0.9075874
0.34,0.061718225,0.013151109,6.122312,78.462166,0.90883094
0.35,0.06191359,0.013571382,6.121918,78.45961,0.9100773
0.36,0.062110007,0.013989568,6.1215243,78.45703,0.91132593
0.37,0.062306352,0.014410853,6.1211276,78.45446,0.91257894
0.38,0.06250277,0.0148335695,6.120731,78.45188,0.9138342
0.39,0.06270014,0.015261173,6.120332,78.44929,0.91509247
0.4,0.06289775,0.01568973,6.119934,78.44668,0.9163534
0.41,0.06309649,0.016123533,6.1195335,78.44407,0.91761976
0.42,0.06329548,0.016554534,6.119132,78.44146,0.91888684
0.43,0.06349545,0.016991198,6.11873,78.438866,0.9201586
0.44,0.06369567,0.017429352,6.1183286,78.43621,0.9214327
0.45,0.06389591,0.01786822,6.1179233,78.43359,0.9227081
0.46,0.06409721,0.018313944,6.117518,78.43097,0.9239886
0.47,0.06429924,0.018758833,6.117111,78.428314,0.92527187
0.48,0.0645007,0.01920724,6.116706,78.42566,0.92655826
0.49,0.064703286,0.019655645,6.116296,78.423,0.9278464
0.5,0.0649071,0.020107329,6.1158876,78.42033,0.92913914
0.51,0.06511049,0.020565093,6.115477,78.41766,0.9304355
0.52,0.06531432,0.021024585,6.1150675,78.41499,0.9317331
0.53,0.06551963,0.021487474,6.1146555,78.41229,0.93303484
0.54,0.06572501,0.021949649,6.114243,78.409615,0.9343383
0.55,0.065930285,0.022417784,6.113829,78.40692,0.9356459
0.56,0.066136934,0.02288872,6.1134124,78.4042,0.9369566
0.57,0.06634401,0.023363352,6.1129966,78.40151,0.93827045
0.58,0.06655124,0.023835063,6.112581,78.39879,0.9395875
0.59,0.06675936,0.02431631,6.112162,78.396034,0.9409069
0.6,0.06696749,0.024797738,6.1117435,78.39331,0.9422318
0.61,0.0671773,0.025286138,6.111324,78.390564,0.9435578
0.62,0.06738652,0.02577442,6.110903,78.38782,0.9448876
0.63,0.06759674,0.026263893,6.110481,78.38506,0.94622093
0.64,0.06780703,0.026764631,6.110057,78.38229,0.9475593
0.65,0.06801924,0.027264595,6.109634,78.379555,0.9488985
0.66,0.06823065,0.02776599,6.1092067,78.376755,0.95024294
0.67,0.06844281,0.028271317,6.108782,78.37398,0.951589
0.68,0.068656,0.028780758,6.108353,78.37117,0.952941
0.69,0.06887,0.029292881,6.1079254,78.368385,0.95429474
0.7,0.069084875,0.029807866,6.1074944,78.365585,0.95565164
0.71,0.069299735,0.030331016,6.1070633,78.36278,0.95701236
0.72,0.06951512,0.030852854,6.106634,78.35996,0.9583793
0.73,0.06973138,0.03138393,6.106202,78.357124,0.9597475
0.74,0.06994786,0.031911194,6.1057663,78.35429,0.9611206
0.75,0.07016601,0.032444715,6.1053305,78.351425,0.96249694
0.76,0.07038408,0.032987,6.104895,78.348595,0.96387625
0.77,0.07060291,0.033529103,6.1044564,78.345726,0.9652607
0.78,0.07082294,0.03407663,6.1040177,78.34285,0.96664894
0.79,0.071042895,0.034628212,6.103577,78.33997,0.9680412
0.8,0.07126353,0.035183907,6.1031356,78.33709,0.96943754
0.81,0.07148595,0.03573942,6.1026926,78.3342,0.9708381
0.82,0.071707554,0.036301076,6.102247,78.33129,0.97224104
0.83,0.07193147,0.03686893,6.101802,78.328384,0.9736505
0.84,0.072154246,0.037440896,6.101356,78.325485,0.9750624
0.85,0.07237839,0.03801745,6.1009083,78.32254,0.97647923
0.86,0.07260301,0.038595855,6.1004586,78.319626,0.9779008
0.87,0.07282951,0.03917724,6.10001,78.31667,0.9793265
0.88,0.0730552,0.039761424,6.099557,78.31373,0.98075646
0.89,0.07328353,0.040356815,6.0991044,78.31077,0.982192
0.9,0.07351114,0.040952086,6.0986495,78.30779,0.9836305
0.91,0.07374019,0.04155147,6.0981936,78.30481,0.9850739
0.92,0.073969916,0.042153776,6.0977364,78.30182,0.98652124
0.93,0.07420022,0.042764723,6.0972786,78.298836,0.98797464
0.94,0.07443156,0.043376565,6.096818,78.295845,0.9894311
0.95,0.07466295,0.04399252,6.096356,78.29282,0.990894
0.96,0.0748952,0.044617236,6.0958934,78.2898,0.9923599
0.97,0.075129665,0.04524392,6.095429,78.28677,0.9938322
0.98,0.07536341,0.0458737,6.0949626,78.28373,0.9953089
0.99,0.07559869,0.046506345,6.0944943,78.28067,0.99678904
1.0,0.0758345,0.047147095,6.094025,78.277626,0.99827373
1.01,0.07607067,0.04779148,6.093556,78.27456,0.9997655
1.02,0.07630887,0.04844141,6.093083,78.27148,1.0012608
1.03,0.076547414,0.049091697,6.0926104,78.268394,1.0027612
1.04,0.07678688,0.049749553,6.092135,78.265305,1.0042669
1.05,0.07702686,0.050410807,6.0916576,78.262215,1.0057782
1.06,0.077266686,0.051077843,6.0911813,78.25909,1.007293
1.07,0.07750915,0.051746845,6.0907016,78.25597,1.0088152
1.08,0.0777521,0.052420318,6.0902205,78.25284,1.0103412
1.09,0.07799499,0.053099215,6.0897374,78.249695,1.0118719
1.1,0.07823925,0.053783238,6.089253,78.24655,1.0134084
1.11,0.07848379,0.054471314,6.088767,78.24338,1.0149488
1.12,0.07873032,0.05516559,6.0882797,78.24021,1.0164958
1.13,0.07897776,0.055864394,6.0877905,78.23704,1.0180484
1.14,0.07922539,0.056569934,6.0872993,78.23384,1.0196056
1.15,0.079473615,0.057277203,6.0868077,78.23065,1.0211694
1.16,0.07972318,0.057988286,6.0863123,78.227425,1.0227371
1.17,0.07997367,0.0587008,6.0858173,78.224205,1.0243096
1.18,0.080224626,0.059422493,6.0853195,78.221,1.025888
1.19,0.08047755,0.06014687,6.0848217,78.21774,1.0274726
1.2,0.080730334,0.060877323,6.08432,78.214516,1.0290624
1.21,0.08098363,0.061608672,6.083818,78.211266,1.0306561
1.22,0.0812382,0.062349617,6.083314,78.20801,1.0322579
1.23,0.08149377,0.06309384,6.0828085,78.204704,1.0338646
1.24,0.08175063,0.06383729,6.082301,78.20145,1.0354747
1.25,0.08200801,0.06459099,6.0817924,78.198135,1.0370934
1.26,0.08226665,0.06534755,6.0812817,78.19483,1.0387148
1.27,0.082525134,0.066105664,6.080768,78.19151,1.0403423
1.28,0.08278502,0.06687313,6.0802546,78.18818,1.0419763
1.29,0.08304636,0.06763965,6.0797386,78.18486,1.043616
1.3,0.08330848,0.06841338,6.0792227,78.18151,1.04526
1.31,0.08357096,0.069192946,6.0787034,78.17816,1.0469105
1.32,0.08383478,0.06997487,6.0781837,78.17481,1.048567
1.33,0.08409885,0.07076198,6.07766,78.17142,1.0502284
1.34,0.08436401,0.07155201,6.0771346,78.16805,1.0518945
1.35,0.08463029,0.07234776,6.076609,78.164635,1.053567
1.36,0.08489757,0.07314876,6.0760813,78.16123,1.0552462
1.37,0.085165575,0.073954225,6.075553,78.157845,1.0569303
1.38,0.08543457,0.07476157,6.0750217,78.15442,1.0586191
1.39,0.08570413,0.07557514,6.0744886,78.150986,1.060315
1.4,0.08597517,0.07639107,6.0739546,78.147545,1.0620159
1.41,0.08624637,0.077210754,6.0734167,78.14407,1.0637223
1.42,0.08651898,0.07804021,6.07288,78.140625,1.0654354
1.43,0.08679251,0.078867555,6.07234,78.13713,1.0671531
1.44,0.08706721,0.079702646,6.0717974,78.13366,1.0688783
1.45,0.08734192,0.08054137,6.0712533,78.130165,1.0706074
1.46,0.08761796,0.08138418,6.0707097,78.126656,1.0723425
1.47,0.08789446,0.08223054,6.070162,78.12315,1.074084
1.48,0.08817212,0.08308214,6.0696135,78.11963,1.0758291
1.49,0.08845071,0.08393687,6.0690627,78.116104,1.0775821
1.5,0.08873005,0.08479732,6.068511,78.11257,1.0793402
1.51,0.08901072,0.085662216,6.067958,78.10902,1.0811043
1.52,0.089292005,0.08652568,6.067402,78.10546,1.0828751
1.53,0.08957417,0.08739841,6.0668445,78.10188,1.0846492
1.54,0.08985749,0.08827618,6.066285,78.098305,1.0864325
1.55,0.09014145,0.08915281,6.0657244,78.094734,1.0882188
1.56,0.09042682,0.09003848,6.0651617,78.091125,1.0900112
1.57,0.09071207,0.09092632,6.0645967,78.087524,1.0918099
1.58,0.090998545,0.09181419,6.06403,78.08391,1.0936142
1.59,0.0912862,0.09271103,6.0634627,78.080284,1.0954243
1.6,0.091575295,0.0936144,6.062893,78.07664,1.0972414
1.61,0.091863945,0.09451783,6.0623207,78.07299,1.0990633
1.62,0.09215467,0.09542605,6.061748,78.06933,1.1008918
1.63,0.09244536,0.09633666,6.061173,78.06568,1.1027254
1.64,0.09273788,0.09725207,6.060595,78.062004,1.1045644
1.65,0.09303032,0.098169684,6.0600176,78.05832,1.1064091
1.66,0.09332419,0.09909424,6.0594378,78.05462,1.1082603
1.67,0.09361893,0.10002056,6.0588546,78.0509,1.1101177
1.68,0.093914,0.100949764,6.0582705,78.0472,1.1119785
1.69,0.094210304,0.101882815,6.057684,78.04348,1.1138481
1.7,0.09450778,0.10282296,6.057097,78.039734,1.1157221
1.71,0.094805844,0.10376555,6.056508,78.036,1.1176021
1.72,0.09510494,0.104709715,6.055917,78.03224,1.1194892
1.73,0.09540489,0.10565886,6.055324,78.02849,1.1213807
1.74,0.09570584,0.10661158,6.0547295,78.024704,1.1232784
1.75,0.096007,0.107571065,6.0541325,78.020935,1.1251819
1.76,0.096310094,0.10853219,6.0535345,78.017136,1.1270914
1.77,0.09661334,0.10949561,6.0529346,78.013336,1.1290054
1.78,0.09691756,0.11046454,6.052332,78.009514,1.1309282
1.79,0.09722303,0.111438304,6.051728,78.0057,1.1328566
1.8,0.09752948,0.112411976,6.0511236,78.001884,1.1347886
1.81,0.09783678,0.11339438,6.050516,77.99803,1.1367288
1.82,0.09814417,0.11437434,6.049907,77.99419,1.1386741
1.83,0.098453,0.115362346,6.0492964,77.990326,1.1406245
1.84,0.09876259,0.11635271,6.048684,77.98646,1.1425822
1.85,0.09907372,0.1173459,6.048068,77.98258,1.1445441
1.86,0.09938502,0.11834422,6.0474524,77.97869,1.1465124
1.87,0.099697635,0.11934444,6.046834,77.9748,1.1484891
1.88,0.10001032,0.12034696,6.046214,77.97088,1.1504692
1.89,0.100324854,0.12135732,6.0455923,77.966965,1.1524552
1.9,0.100639895,0.12237221,6.044967,77.96302,1.1544486
1.91,0.10095598,0.12338552,6.044341,77.95909,1.1564468
1.92,0.1012726,0.12440333,6.043714,77.95515,1.1584525
1.93,0.10159091,0.12542471,6.043085,77.95119,1.1604627
1.94,0.10190929,0.12645212,6.042454,77.9472,1.1624796
1.95,0.10222924,0.12748298,6.0418205,77.94323,1.1645031
1.96,0.10254978,0.12851512,6.0411854,77.939224,1.1665322
1.97,0.102871925,0.12955046,6.040549,77.93524,1.168567
1.98,0.10319455,0.13059235,6.03991,77.93122,1.1706094
1.99,0.10351768,0.13163507,6.0392685,77.927216,1.1726549
2.0,0.10384218,0.13268441,6.0386267,77.923164,1.1747085
2.01,0.1041674,0.13373604,6.037982,77.91915,1.1767682
2.02,0.104493834,0.13478976,6.037337,77.9151,1.1788343
2.03,0.10482106,0.135847,6.036689,77.91104,1.1809051
2.04,0.105149016,0.13690886,6.036038,77.90695,1.1829834
2.05,0.10547772,0.13797227,6.035385,77.90287,1.1850679
2.06,0.105807886,0.13904494,6.034732,77.89877,1.1871592
2.07,0.10613937,0.14011627,6.034076,77.894684,1.1892557
2.08,0.106470644,0.14119273,6.033418,77.89057,1.1913582
2.09,0.106803685,0.14227003,6.0327587,77.886444,1.1934675
2.1,0.10713766,0.14335644,6.032098,77.8823,1.1955833
2.11,0.10747306,0.1444428,6.031434,77.87817,1.1977056
2.12,0.10780825,0.14552677,6.0307674,77.87401,1.1998322
2.13,0.108145095,0.14662275,6.030102,77.86983,1.2019664
2.14,0.10848315,0.14772162,6.029433,77.86566,1.2041082
2.15,0.10882124,0.14882275,6.02876,77.861465,1.2062547
2.16,0.10916129,0.14992505,6.0280886,77.85727,1.2084084
2.17,0.10950154,0.15103075,6.0274124,77.85306,1.2105683
2.18,0.10984375,0.15214476,6.026736,77.84885,1.2127343
2.19,0.110186316,0.15325698,6.026056,77.84463,1.2149063
2.2,0.11052991,0.1543769,6.025375,77.84038,1.2170882
2.21,0.11087459,0.15550143,6.024692,77.83612,1.2192734
2.22,0.11121975,0.15662256,6.0240064,77.83185,1.2214646
2.23,0.11156665,0.15775168,6.0233192,77.82758,1.223663
2.24,0.11191445,0.15888464,6.0226307,77.823296,1.2258682
2.25,0.11226262,0.1600194,6.0219383,77.819,1.22808
2.26,0.11261301,0.1611591,6.021245,77.8147,1.2302986
2.27,0.11296354,0.1623008,6.0205503,77.81037,1.2325237
2.28,0.113315254,0.16344935,6.019853,77.806046,1.234754
2.29,0.11366823,0.16459861,6.0191536,77.80171,1.2369926
2.3,0.114021845,0.16575056,6.018452,77.79735,1.2392368
2.31,0.11437694,0.1669066,6.0177493,77.792984,1.2414885
2.32,0.11473271,0.16806784,6.017043,77.7886,1.2437477
2.33,0.11508961,0.16923025,6.016337,77.784225,1.2460115
2.34,0.11544825,0.17039737,6.015627,77.77983,1.2482833
2.35,0.11580701,0.17156878,6.014914,77.77541,1.250561
2.36,0.11616716,0.17274302,6.0142,77.77098,1.2528461
2.37,0.116528064,0.1739209,6.013485,77.76655,1.2551374
2.38,0.11688997,0.17510322,6.0127673,77.762115,1.257435
2.39,0.117253974,0.17629084,6.012048,77.75766,1.2597414
2.4,0.117618755,0.17747599,6.011325,77.75319,1.2620547
2.41,0.11798381,0.17867121,6.0106,77.74871,1.2643732
2.42,0.1183507,0.17986771,6.009874,77.74422,1.2667004
2.43,0.118717715,0.18106756,6.0091434,77.739716,1.2690315
2.44,0.119086966,0.18226883,6.0084143,77.735176,1.2713712
2.45,0.11945662,0.18347508,6.007682,77.73066,1.2737186
2.46,0.119828016,0.18468827,6.006946,77.72612,1.2760719
2.47,0.12019998,0.18590462,6.006209,77.721565,1.2784331
2.48,0.120572746,0.18712234,6.00547,77.716995,1.2808018
2.49,0.12094797,0.1883418,6.004728,77.712425,1.2831767
2.5,0.12132316,0.18956882,6.003984,77.70784,1.2855595
2.51,0.121699706,0.19079638,6.0032363,77.70323,1.2879473
2.52,0.12207744,0.19203195,6.002489,77.69861,1.2903445
2.53,0.122456625,0.19326663,6.001739,77.69398,1.2927479
2.54,0.1228366,0.19450748,6.000987,77.68935,1.29516
2.55,0.123217665,0.19575298,6.0002313,77.6847,1.297578
2.56,0.12360025,0.19700134,5.9994736,77.68003,1.3000034
2.57,0.123983204,0.1982531,5.9987154,77.675354,1.3024344
2.58,0.12436828,0.19950825,5.997953,77.670654,1.3048761
2.59,0.12475375,0.20076635,5.9971886,77.66596,1.3073219
2.6,0.12514105,0.20203051,5.9964223,77.66125,1.309777
2.61,0.12552936,0.20329782,5.9956555,77.656525,1.3122382
2.62,0.12591863,0.20456663,5.994882,77.65179,1.3147084
2.63,0.12630974,0.20584098,5.994111,77.647,1.3171849
2.64,0.12670127,0.20711938,5.9933357,77.64224,1.3196691
2.65,0.12709413,0.20840123,5.9925575,77.63747,1.3221608
2.66,0.12748879,0.2096875,5.9917784,77.63267,1.3246593
2.67,0.12788418,0.21097538,5.9909964,77.62787,1.3271663
2.68,0.12828082,0.21227008,5.990211,77.62304,1.329681
2.69,0.12867814,0.21356791,5.989425,77.6182,1.3322028
2.7,0.12907705,0.2148695,5.988635,77.61336,1.3347319
2.71,0.12947714,0.21617281,5.9878435,77.60849,1.3372687
2.72,0.12987944,0.21748433,5.98705,77.60363,1.3398137
2.73,0.13028203,0.21879575,5.9862533,77.59874,1.3423665
2.74,0.13068599,0.22011441,5.985455,77.59384,1.3449271
2.75,0.1310909,0.22143248,5.984654,77.588905,1.3474934
2.76,0.13149756,0.22275943,5.9838505,77.58398,1.35007
2.77,0.13190518,0.22408733,5.9830437,77.57904,1.3526542
2.78,0.13231437,0.22542211,5.9822364,77.57408,1.3552452
2.79,0.13272414,0.22675836,5.981425,77.569115,1.357844
2.8,0.13313605,0.22809887,5.9806113,77.564125,1.3604503
2.81,0.13354883,0.22944331,5.9797964,77.55912,1.3630656
2.82,0.13396296,0.23079199,5.9789777,77.554115,1.3656896
2.83,0.13437857,0.23214597,5.9781585,77.549095,1.3683189
2.84,0.13479567,0.23350379,5.9773355,77.54406,1.3709577
2.85,0.1352135,0.2348628,5.976509,77.53899,1.3736047
2.86,0.13563296,0.23623064,5.975682,77.53392,1.3762585
2.87,0.13605335,0.23759845,5.974851,77.52885,1.3789214
2.88,0.13647503,0.2389743,5.9740186,77.523735,1.3815919
2.89,0.13689858,0.24034959,5.973183,77.51863,1.3842722
2.9,0.13732274,0.24173161,5.9723454,77.5135,1.3869586
2.91,0.13774875,0.2431159,5.971505,77.508354,1.389654
2.92,0.13817585,0.24450716,5.970661,77.503204,1.3923578
2.93,0.13860506,0.24590036,5.969817,77.49803,1.3950692
2.94,0.13903469,0.24729905,5.9689674,77.49285,1.397788
2.95,0.13946587,0.24870038,5.968117,77.487656,1.4005171
2.96,0.139898,0.25010848,5.9672647,77.48243,1.4032527
2.97,0.14033207,0.25151846,5.966409,77.47719,1.405998
2.98,0.14076714,0.25293347,5.965551,77.471954,1.4087505
2.99,0.14120455,0.2543545,5.964691,77.46669,1.4115127
3.0,0.14164217,0.25577894,5.963826,77.46142,1.4142832
3.01,0.14208183,0.25720507,5.96296,77.45614,1.4170611
3.02,0.1425226,0.25863788,5.962091,77.45083,1.4198484
3.03,0.14296514,0.2600753,5.961221,77.445496,1.4226425
3.04,0.14340812,0.26151398,5.9603467,77.44018,1.4254459
3.05,0.14385305,0.26296052,5.95947,77.43483,1.4282583
3.06,0.14429992,0.26441136,5.9585905,77.42944,1.4310795
3.07,0.14474761,0.26586622,5.9577103,77.42406,1.4339089
3.08,0.14519632,0.26732102,5.9568253,77.41868,1.4367468
3.09,0.14564732,0.26878452,5.955938,77.41326,1.439594
3.1,0.14609927,0.2702513,5.9550486,77.40782,1.4424503
3.11,0.14655304,0.27172562,5.954156,77.4024,1.4453136
3.12,0.14700791,0.27319902,5.9532604,77.39693,1.4481874
3.13,0.14746475,0.2746809,5.952362,77.39145,1.4510688
3.14,0.14792204,0.2761653,5.951464,77.38596,1.4539583
3.15,0.1483814,0.27765357,5.950559,77.380455,1.4568588
3.16,0.14884241,0.27914658,5.9496527,77.37494,1.4597665
3.17,0.14930382,0.28064713,5.948745,77.36939,1.4626827
3.18,0.14976764,0.28214967,5.947833,77.36383,1.4656091
3.19,0.15023296,0.28365752,5.946919,77.35827,1.4685444
3.2,0.15069994,0.28516772,5.946003,77.352684,1.4714864
3.21,0.15116727,0.2866853,5.9450836,77.34706,1.4744403
3.22,0.15163647,0.28820533,5.9441605,77.34147,1.4774024
3.23,0.1521079,0.28973335,5.943235,77.33582,1.4803718
3.24,0.15258008,0.29126018,5.9423075,77.33016,1.4833528
3.25,0.1530538,0.2927948,5.941377,77.32451,1.4863411
3.26,0.15352994,0.29433668,5.940445,77.31881,1.4893395
3.27,0.15400684,0.2958815,5.9395075,77.31311,1.4923458
3.28,0.15448512,0.29742688,5.9385676,77.307396,1.4953622
3.29,0.15496565,0.2989832,5.9376264,77.30167,1.4983879
3.3,0.15544677,0.30054098,5.936682,77.295906,1.5014225
3.31,0.15592974,0.30210677,5.9357347,77.29013,1.5044668
3.32,0.15641427,0.30367264,5.9347825,77.284355,1.5075194
3.33,0.15690124,0.30524644,5.9338307,77.278534,1.5105828
3.34,0.15738904,0.30681762,5.932874,77.272736,1.5136542
3.35,0.15787798,0.308403,5.9319153,77.2669,1.5167356
3.36,0.15836886,0.30998868,5.930953,77.261024,1.5198262
3.37,0.15886077,0.31158036,5.929989,77.255165,1.5229267
3.38,0.15935433,0.3131783,5.9290214,77.24927,1.5260357
3.39,0.15984973,0.3147783,5.9280505,77.24336,1.529154
3.4,0.16034675,0.316385,5.927077,77.23746,1.5322833
3.41,0.1608451,0.3179951,5.9261007,77.23153,1.5354209
3.42,0.16134576,0.31961086,5.925121,77.22556,1.5385698
3.43,0.16184726,0.3212324,5.924139,77.21958,1.5417265
3.44,0.16235045,0.32285693,5.9231544,77.21359,1.5448929
3.45,0.16285548,0.3244874,5.9221663,77.20758,1.5480695
3.46,0.1633619,0.32612202,5.9211755,77.20156,1.551256
3.47,0.16386941,0.3277605,5.920181,77.195526,1.5544509
3.48,0.16437897,0.3294078,5.919183,77.18945,1.5576568
3.49,0.16489044,0.33105567,5.918183,77.18338,1.56087
3.5,0.16540357,0.33271202,5.917181,77.177284,1.5640955
3.51,0.1659179,0.33437127,5.916175,77.17117,1.5673302
3.52,0.16643426,0.33603767,5.9151664,77.16503,1.5705757
3.53,0.16695186,0.33770877,5.914154,77.15889,1.5738298
3.54,0.16747151,0.3393806,5.913138,77.15271,1.5770948
3.55,0.16799235,0.34106398,5.9121213,77.14653,1.580369
3.56,0.16851503,0.34274995,5.911101,77.14033,1.5836526
3.57,0.16903944,0.34443676,5.910076,77.13411,1.5869474
3.58,0.16956565,0.346133,5.909048,77.12788,1.5902517
3.59,0.1700927,0.34783572,5.9080186,77.121605,1.5935653
3.6,0.1706225,0.34953994,5.9069858,77.11533,1.5968891
3.61,0.17115322,0.35125083,5.9059496,77.10904,1.6002234
3.62,0.17168567,0.35296565,5.904909,77.10273,1.603569
3.63,0.17221981,0.35468763,5.903867,77.09641,1.6069232
3.64,0.17275596,0.35641345,5.902822,77.09004,1.6102883
3.65,0.17329395,0.35814473,5.9017725,77.08367,1.6136628
3.66,0.17383361,0.35988393,5.900721,77.0773,1.6170489
3.67,0.174374,0.36162543,5.8996663,77.07089,1.6204438
3.68,0.17491728,0.3633737,5.898608,77.06447,1.6238497
3.69,0.17546135,0.36512586,5.8975472,77.05802,1.6272646
3.7,0.1760073,0.36688307,5.8964825,77.05157,1.6306915
3.71,0.17655626,0.36864504,5.895416,77.045074,1.634128
3.72,0.17710501,0.37041458,5.8943443,77.03859,1.6375748
3.73,0.17765675,0.37218803,5.893271,77.03207,1.6410334
3.74,0.17820966,0.37396842,5.892194,77.02553,1.6445019
3.75,0.17876442,0.37575197,5.891114,77.01898,1.6479789
3.76,0.17932087,0.37754348,5.8900304,77.01238,1.6514695
3.77,0.17987928,0.37933975,5.8889427,77.005806,1.6549691
3.78,0.18043974,0.38113832,5.8878546,76.99918,1.6584791
3.79,0.18100093,0.3829472,5.8867617,76.99256,1.6619995
3.8,0.18156457,0.38475788,5.885664,76.98591,1.6655312
3.81,0.18213013,0.38657385,5.884566,76.979225,1.6690725
3.82,0.18269737,0.38839707,5.8834634,76.97254,1.6726245
3.83,0.18326609,0.39022613,5.8823576,76.96582,1.6761893
3.84,0.18383649,0.39205787,5.8812494,76.95911,1.6797626
3.85,0.18440926,0.39389962,5.8801365,76.95234,1.6833483
3.86,0.18498373,0.39574295,5.8790207,76.94557,1.6869441
3.87,0.1855599,0.39759547,5.8779016,76.938805,1.690551
3.88,0.18613717,0.3994479,5.876779,76.93199,1.6941681
3.89,0.18671697,0.4013117,5.8756537,76.92516,1.697796
3.9,0.1872983,0.4031782,5.874525,76.91831,1.7014353
3.91,0.18788227,0.40505305,5.8733926,76.91145,1.705087
3.92,0.1884668,0.40693113,5.8722563,76.90455,1.7087476
3.93,0.18905362,0.40881345,5.871119,76.89765,1.7124193
3.94,0.18964264,0.41070426,5.8699765,76.89072,1.7161036
3.95,0.19023326,0.41259924,5.8688307,76.88376,1.7197975
3.96,0.1908252,0.41450074,5.8676815,76.87679,1.7235028
3.97,0.19141963,0.41640925,5.866529,76.86982,1.7272203
3.98,0.19201571,0.41832155,5.865374,76.862816,1.730947
3.99,0.19261403,0.4202395,5.864215,76.85577,1.7346869
4.0,0.1932135,0.42216343,5.863053,76.84873,1.7384365
4.01,0.19381547,0.42409676,5.8618865,76.84165,1.7421981
4.02,0.19441894,0.4260326,5.860717,76.83455,1.7459728
4.03,0.19502454,0.4279713,5.859545,76.82744,1.749755
4.04,0.19563161,0.42991996,5.8583694,76.82032,1.7535509
4.05,0.1962407,0.4318723,5.857189,76.81318,1.7573576
4.06,0.19685188,0.43383524,5.8560066,76.80599,1.761176
4.07,0.19746485,0.4357968,5.8548207,76.79881,1.7650049
4.08,0.19807985,0.43777192,5.853631,76.79159,1.7688462
4.09,0.1986965,0.43974668,5.8524375,76.78436,1.7726988
4.1,0.19931558,0.44173372,5.8512416,76.7771,1.7765644
4.11,0.19993591,0.4437191,5.850041,76.76981,1.7804395
4.12,0.20055878,0.44571596,5.848838,76.762535,1.7843269
4.13,0.2011831,0.44771677,5.8476295,76.7552,1.7882272
4.14,0.20180961,0.4497253,5.8464203,76.74787,1.792138
4.15,0.20243773,0.45173845,5.8452053,76.74049,1.7960593
4.16,0.20306836,0.45375684,5.843987,76.73312,1.7999939
4.17,0.20370005,0.4557846,5.8427663,76.72571,1.8039399
4.18,0.20433454,0.45781624,5.841542,76.71829,1.807898
4.19,0.20497072,0.45985216,5.840313,76.71082,1.8118665
4.2,0.20560837,0.46189693,5.8390822,76.70336,1.8158478
4.21,0.206249,0.4639466,5.8378463,76.69586,1.8198421
4.22,0.20689116,0.46600384,5.8366084,76.68836,1.8238462
4.23,0.20753513,0.46806586,5.835365,76.680824,1.8278642
4.24,0.20818165,0.4701351,5.8341174,76.673294,1.831893
4.25,0.20882927,0.4722097,5.8328686,76.66569,1.8359349
4.26,0.20947956,0.4742905,5.8316154,76.65808,1.8399878
4.27,0.21013163,0.47637954,5.830357,76.65047,1.8440535
4.28,0.21078579,0.4784734,5.8290973,76.64282,1.8481319
4.29,0.21144189,0.4805724,5.8278337,76.63517,1.8522207
4.3,0.21210031,0.48268127,5.8265643,76.62747,1.856323
4.31,0.21275985,0.48479334,5.8252945,76.61974,1.860436
4.32,0.21342187,0.48691395,5.8240194,76.61203,1.8645632
4.33,0.21408631,0.48903674,5.822739,76.60427,1.8687015
4.34,0.21475285,0.49116886,5.8214564,76.5965,1.8728528
4.35,0.21542072,0.49330872,5.8201704,76.58869,1.8770161
4.36,0.21609128,0.49545264,5.818881,76.58087,1.8811911
4.37,0.21676427,0.49760526,5.8175864,76.57302,1.8853782
4.38,0.21743813,0.49976382,5.816289,76.565155,1.8895799
4.39,0.21811453,0.50192565,5.8149877,76.55727,1.8937935
4.4,0.21879366,0.5040977,5.813684,76.54936,1.8980193
4.41,0.21947414,0.50627524,5.812375,76.54142,1.9022564
4.42,0.22015737,0.50846124,5.811062,76.53346,1.9065084
4.43,0.22084205,0.5106478,5.809746,76.52548,1.9107715
4.44,0.22152904,0.51284623,5.8084254,76.51747,1.9150468
4.45,0.2222182,0.5150534,5.807103,76.50945,1.9193358
4.46,0.22290935,0.5172633,5.8057747,76.50139,1.9236375
4.47,0.22360277,0.5194789,5.804444,76.493324,1.927953
4.48,0.22429784,0.52170193,5.8031077,76.48522,1.9322788
4.49,0.22499582,0.5239334,5.801769,76.4771,1.9366188
4.5,0.22569558,0.5261701,5.8004255,76.468956,1.9409714
4.51,0.22639686,0.52841425,5.7990794,76.4608,1.9453367
4.52,0.22710167,0.5306653,5.7977295,76.4526,1.9497157
4.53,0.2278082,0.53292435,5.7963743,76.4444,1.9541078
4.54,0.22851604,0.53518784,5.795017,76.43616,1.9585121
4.55,0.22922675,0.53745973,5.793655,76.427895,1.96293
4.56,0.2299395,0.5397389,5.7922883,76.41961,1.9673616
4.57,0.23065417,0.5420243,5.790919,76.4113,1.9718053
4.58,0.23137103,0.5443152,5.789545,76.40297,1.9762611
4.59,0.23209037,0.5466131,5.788168,76.39462,1.980732
4.6,0.23281188,0.5489205,5.786786,76.38624,1.9852157
4.61,0.23353608,0.5512344,5.7854004,76.37784,1.9897133
4.62,0.23426197,0.5535533,5.7840114,76.3694,1.994223
4.63,0.2349895,0.5558785,5.7826166,76.36093,1.998746
4.64,0.2357205,0.5582146,5.7812195,76.35248,2.003283
4.65,0.23645301,0.5605556,5.7798185,76.34397,2.0078335
4.66,0.23718767,0.56290317,5.7784133,76.33545,2.0123978
4.67,0.23792467,0.5652559,5.777004,76.32691,2.016975
4.68,0.23866415,0.5676209,5.7755904,76.31832,2.0215652
4.69,0.2394056,0.56998634,5.7741723,76.30973,2.02617
4.7,0.24014942,0.5723662,5.7727504,76.3011,2.030788
4.71,0.24089552,0.57474965,5.7713256,76.292435,2.0354187
4.72,0.24164386,0.57714266,5.769896,76.283775,2.0400655
4.73,0.24239448,0.57953894,5.7684636,76.27507,2.0447247
4.74,0.2431477,0.5819441,5.767026,76.26635,2.049398
4.75,0.24390244,0.5843545,5.7655845,76.25761,2.054083
4.76,0.24465995,0.5867791,5.7641387,76.24881,2.0587838
4.77,0.24541996,0.5892056,5.762688,76.240005,2.063499
4.78,0.24618176,0.5916394,5.7612343,76.23121,2.0682266
4.79,0.24694666,0.59408075,5.7597766,76.22235,2.072969
4.8,0.24771315,0.59653276,5.7583146,76.21346,2.0777261
4.81,0.24848248,0.5989872,5.7568474,76.204575,2.0824952
4.82,0.24925406,0.60145247,5.755378,76.195656,2.0872796
4.83,0.25002775,0.6039232,5.753903,76.18669,2.0920796
4.84,0.25080404,0.6064023,5.7524242,76.17772,2.0968912
4.85,0.25158238,0.60889024,5.7509418,76.168724,2.1017177
4.86,0.25236297,0.6113819,5.7494545,76.15969,2.106558
4.87,0.25314647,0.6138864,5.747962,76.15064,2.1114147
4.88,0.25393236,0.6163935,5.746466,76.141556,2.1162837
4.89,0.2547204,0.61891145,5.7449665,76.132454,2.1211689
4.9,0.25551048,0.62143654,5.7434635,76.12333,2.126066
4.91,0.2563038,0.6239672,5.741955,76.11417,2.130978
4.92,0.2570989,0.626508,5.7404428,76.10497,2.1359055
4.93,0.25789726,0.6290554,5.7389255,76.09578,2.1408477
4.94,0.25869712,0.631615,5.737404,76.08654,2.1458054
4.95,0.25949955,0.6341754,5.735878,76.07726,2.1507766
4.96,0.2603048,0.63674515,5.7343493,76.067986,2.1557608
4.97,0.26111245,0.6393221,5.7328143,76.05868,2.1607616
4.98,0.261922,0.64191306,5.7312756,76.04932,2.1657777
4.99,0.2627348,0.6445061,5.7297344,76.03994,2.170807
5.0,0.26354948,0.64710665,5.728186,76.03055,2.1758518
5.01,0.2643659,0.6497193,5.7266355,76.021126,2.1809108
5.02,0.2651865,0.6523361,5.7250805,76.01169,2.1859853
5.03,0.26600802,0.6549596,5.7235203,76.0022,2.1910744
5.04,0.26683328,0.6575934,5.721954,75.99271,2.1961792
5.05,0.2676605,0.66023684,5.7203865,75.98316,2.201298
5.06,0.2684903,0.6628864,5.718813,75.97361,2.2064326
5.07,0.26932237,0.66554356,5.7172356,75.96402,2.2115812
5.08,0.27015722,0.66821253,5.715654,75.954414,2.216746
5.09,0.27099484,0.67088604,5.714067,75.94476,2.2219265
5.1,0.2718342,0.67356646,5.7124763,75.93509,2.2271206
5.11,0.2726766,0.6762582,5.7108803,75.92541,2.23233
5.12,0.27352163,0.6789566,5.709281,75.91569,2.2375567
5.13,0.2743693,0.68166137,5.707677,75.90595,2.2427974
5.14,0.27522027,0.6843783,5.706068,75.89616,2.248054
5.15,0.27607283,0.68710065,5.704454,75.88637,2.2533255
5.16,0.27692762,0.68983203,5.7028375,75.87651,2.2586136
5.17,0.27778584,0.6925686,5.7012153,75.86665,2.2639155
5.18,0.27864692,0.69531816,5.699589,75.85675,2.269234
5.19,0.27950948,0.69807637,5.697957,75.846825,2.2745671
5.2,0.2803756,0.70083845,5.6963196,75.836876,2.279917
5.21,0.28124362,0.7036129,5.6946797,75.826904,2.2852826
5.22,0.28211522,0.70639455,5.693034,75.8169,2.290664
5.23,0.28298885,0.70918715,5.6913843,75.80689,2.296061
5.24,0.28386438,0.71198404,5.68973,75.79682,2.301473
5.25,0.28474358,0.7147889,5.68807,75.78673,2.3069017
5.26,0.2856255,0.71760744,5.6864076,75.7766,2.3123467
5.27,0.28650936,0.7204311,5.6847396,75.76645,2.3178065
5.28,0.28739598,0.72326493,5.683066,75.756294,2.3232834
5.29,0.2882855,0.7261065,5.681388,75.74609,2.3287761
5.3,0.28917843,0.72895586,5.6797066,75.735855,2.334284
5.31,0.29007342,0.73181283,5.678019,75.725586,2.3398097
5.32,0.29097116,0.7346817,5.6763277,75.715294,2.3453503
5.33,0.2918712,0.7375544,5.6746316,75.70497,2.350907
5.34,0.29277492,0.7404411,5.672931,75.6946,2.3564804
5.35,0.2936803,0.74333405,5.671225,75.68423,2.3620698
5.36,0.2945896,0.7462397,5.6695137,75.67382,2.3676755
5.37,0.29550046,0.7491497,5.6677985,75.66338,2.3732984
5.38,0.2964151,0.75207114,5.666079,75.6529,2.378939
5.39,0.29733226,0.75499976,5.664354,75.6424,2.3845932
5.4,0.29825202,0.75793684,5.662625,75.63187,2.3902657
5.41,0.29917437,0.76088434,5.6608896,75.62131,2.3959546
5.42,0.3000998,0.76384187,5.65915,75.610725,2.40166
5.43,0.301028,0.76680624,5.6574078,75.60011,2.4073818
5.44,0.30195856,0.7697783,5.6556582,75.58946,2.413121
5.45,0.30289245,0.77276385,5.6539044,75.57877,2.4188766
5.46,0.3038289,0.7757567,5.652146,75.56807,2.42465
5.47,0.30476895,0.7787564,5.6503825,75.55733,2.4304378
5.48,0.30571085,0.78176713,5.648615,75.546555,2.4362445
5.49,0.30665573,0.7847897,5.6468406,75.53576,2.4420683
5.5,0.30760452,0.787817,5.6450624,75.52492,2.4479077
5.51,0.3085547,0.7908553,5.6432786,75.514046,2.4537666
5.52,0.30950856,0.7939022,5.6414914,75.50316,2.4596403
5.53,0.31046504,0.79695904,5.6396976,75.49223,2.4655318
5.54,0.31142485,0.80002546,5.6379,75.48125,2.4714413
5.55,0.3123871,0.80310047,5.6360974,75.47029,2.4773676
5.56,0.313352,0.8061875,5.6342893,75.45926,2.4833112
5.57,0.31432056,0.80928004,5.6324763,75.44821,2.4892724
5.58,0.31529224,0.81238294,5.630658,75.43713,2.495252
5.59,0.31626594,0.81549966,5.6288347,75.42602,2.5012462
5.6,0.31724292,0.8186213,5.627007,75.41486,2.5072596
5.61,0.31822383,0.82175106,5.6251745,75.4037,2.5132902
5.62,0.31920668,0.82489634,5.6233377,75.392494,2.5193398
5.63,0.32019225,0.8280462,5.621494,75.38126,2.5254042
5.64,0.32118127,0.83120894,5.619646,75.36998,2.5314894
5.65,0.32217288,0.83438087,5.6177917,75.35868,2.5375905
5.66,0.32316837,0.837559,5.615934,75.34732,2.5437105
5.67,0.32416645,0.84075105,5.614071,75.335945,2.5498474
5.68,0.32516754,0.8439516,5.6122017,75.324554,2.5560029
5.69,0.32617152,0.84716386,5.610327,75.31312,2.5621758
5.7,0.3271783,0.850379,5.608449,75.30164,2.5683668
5.71,0.3281886,0.8536102,5.6065655,75.29016,2.5745764
5.72,0.32920143,0.8568517,5.604676,75.27862,2.5808034
5.73,0.3302178,0.86010325,5.602781,75.26705,2.587049
5.74,0.3312371,0.86335987,5.600883,75.255455,2.593313
5.75,0.33225918,0.8666292,5.5989776,75.24385,2.5995946
5.76,0.33328506,0.86990845,5.5970674,75.232185,2.6058948
5.77,0.33431342,0.87319726,5.595152,75.22048,2.6122136
5.78,0.3353454,0.87650037,5.5932307,75.20875,2.618551
5.79,0.33637962,0.87981105,5.591305,75.196976,2.6249058
5.8,0.33741787,0.8831296,5.5893745,75.18517,2.6312807
5.81,0.33845904,0.8864602,5.5874376,75.173355,2.6376724
5.82,0.33950293,0.8898002,5.5854964,75.16149,2.6440837
5.83,0.34055075,0.89314926,5.583549,75.149605,2.6505136
5.84,0.34160185,0.89651287,5.5815964,75.137665,2.6569626
5.85,0.34265524,0.8998837,5.5796394,75.125694,2.6634288
5.86,0.34371182,0.903265,5.5776753,75.1137,2.6699157
5.87,0.3447723,0.90665674,5.575707,75.101685,2.6764214
5.88,0.34583536,0.9100592,5.573734,75.0896,2.6829445
5.89,0.34690166,0.91347235,5.5717545,75.07752,2.6894877
5.9,0.34797198,0.9168972,5.56977,75.06538,2.6960485
5.91,0.3490447,0.920329,5.56778,75.05319,2.7026305
5.92,0.3501206,0.9237733,5.565785,75.040985,2.7092302
5.93,0.3512007,0.9272325,5.5637846,75.02874,2.7158494
5.94,0.35228324,0.93069625,5.5617776,75.016464,2.722489
5.95,0.3533697,0.93417335,5.5597653,75.00419,2.729147
5.96,0.3544588,0.93766177,5.557748,74.99184,2.7358243
5.97,0.3555508,0.9411584,5.555726,74.979454,2.7425196
5.98,0.3566471,0.944667,5.5536976,74.96703,2.7492368
5.99,0.3577464,0.9481849,5.5516634,74.954605,2.755972
6.0,0.3588488,0.95171624,5.549626,74.942116,2.7627265
6.01,0.35995474,0.955258,5.54758,74.92961,2.7695026
6.02,0.36106396,0.95881045,5.545529,74.91704,2.7762957
6.03,0.36217666,0.9623734,5.543473,74.90445,2.7831106
6.04,0.36329222,0.9659463,5.5414114,74.89182,2.7899442
6.05,0.3644113,0.96953344,5.5393443,74.879166,2.7967973
6.06,0.36553437,0.9731318,5.537271,74.866486,2.8036716
6.07,0.36666113,0.97673774,5.535193,74.85373,2.8105655
6.08,0.36779046,0.98035276,5.5331087,74.840965,2.817479
6.09,0.36892322,0.9839834,5.5310197,74.82815,2.8244114
6.1,0.37005952,0.9876257,5.528924,74.81533,2.8313656
6.11,0.3711995,0.99127877,5.5268235,74.80244,2.8383405
6.12,0.3723423,0.9949411,5.524716,74.789505,2.8453329
6.13,0.37348872,0.9986133,5.5226045,74.77656,2.8523467
6.14,0.37463957,1.0023026,5.5204864,74.763565,2.8593814
6.15,0.37579292,1.0060008,5.518362,74.75056,2.866437
6.16,0.3769498,1.0097054,5.516234,74.737495,2.8735106
6.17,0.37811077,1.0134298,5.5140977,74.724396,2.8806095
6.18,0.37927428,1.0171577,5.511956,74.711266,2.8877237
6.19,0.38044217,1.0209025,5.509811,74.6981,2.894861
6.2,0.3816135,1.0246569,5.507657,74.6849,2.9020193
6.21,0.38278812,1.0284256,5.5054994,74.671646,2.9091973
6.22,0.3839659,1.0322005,5.5033355,74.658356,2.9163957
6.23,0.3851479,1.0359924,5.501165,74.64503,2.9236152
6.24,0.38633367,1.039792,5.498989,74.631676,2.9308548
6.25,0.38752222,1.0436053,5.496807,74.61827,2.9381175
6.26,0.38871443,1.0474312,5.49462,74.60484,2.945399
6.27,0.38991082,1.0512664,5.492426,74.59138,2.9527035
6.28,0.39111054,1.0551169,5.4902267,74.57788,2.960027
6.29,0.39231378,1.0589782,5.4880214,74.5643,2.9673731
6.3,0.39352065,1.062849,5.4858103,74.550735,2.974741
6.31,0.39473155,1.0667325,5.4835935,74.537094,2.982128
6.32,0.39594573,1.0706314,5.4813704,74.52344,2.9895375
6.33,0.3971637,1.0745399,5.479142,74.509735,2.9969676
6.34,0.3983847,1.0784588,5.4769063,74.49599,3.0044203
6.35,0.39961022,1.0823896,5.474665,74.4822,3.0118935
6.36,0.40083933,1.0863359,5.4724183,74.468376,3.01939
6.37,0.40207207,1.0902935,5.470166,74.454544,3.0269065
6.38,0.40330827,1.0942627,5.4679065,74.44064,3.0344455
6.39,0.4045483,1.0982428,5.4656405,74.42671,3.042004
6.4,0.40579233,1.1022406,5.4633713,74.41273,3.0495872
6.41,0.40703985,1.1062456,5.461093,74.39872,3.0571904
6.42,0.4082914,1.1102633,5.4588094,74.38466,3.0648162
6.43,0.40954617,1.1142929,5.456521,74.370575,3.072463
6.44,0.41080546,1.1183386,5.4542246,74.35644,3.0801344
6.45,0.41206786,1.1223938,5.4519243,74.342285,3.087826
6.46,0.41333476,1.1264639,5.449617,74.32807,3.0955396
6.47,0.41460443,1.130546,5.447303,74.313805,3.1032743
6.48,0.4158792,1.1346393,5.444983,74.29951,3.1110332
6.49,0.4171566,1.138747,5.4426565,74.28518,3.1188116
6.5,0.41843864,1.1428657,5.440325,74.2708,3.1266167
6.51,0.4197245,1.1469984,5.4379854,74.25638,3.1344419
6.52,0.42101416,1.1511436,5.4356422,74.24192,3.1422894
6.53,0.42230755,1.1553013,5.4332905,74.22743,3.1501584
6.54,0.42360482,1.1594727,5.4309344,74.21291,3.1580508
6.55,0.4249055,1.1636553,5.4285703,74.19833,3.1659658
6.56,0.4262109,1.1678512,5.426201,74.18371,3.1739037
6.57,0.42752025,1.1720644,5.4238253,74.16907,3.1818652
6.58,0.4288329,1.176286,5.421443,74.15434,3.1898484
6.59,0.43014994,1.1805215,5.419053,74.13961,3.1978548
6.6,0.43147057,1.1847701,5.4166594,74.12483,3.205883
6.61,0.43279615,1.1890311,5.414258,74.10999,3.2139366
6.62,0.43412474,1.1933072,5.411851,74.095146,3.2220113
6.63,0.43545756,1.1975969,5.409438,74.08024,3.230109
6.64,0.43679434,1.2018998,5.407017,74.06528,3.2382312
6.65,0.4381354,1.2062119,5.404591,74.05029,3.246376
6.66,0.43948016,1.2105439,5.4021573,74.03526,3.2545447
6.67,0.44082865,1.2148857,5.399719,74.0202,3.2627347
6.68,0.44218194,1.2192411,5.3972735,74.00507,3.2709494
6.69,0.44353902,1.223609,5.3948207,73.98991,3.2791877
6.7,0.4449003,1.2279942,5.3923626,73.97471,3.2874496
6.71,0.44626537,1.2323861,5.389898,73.959465,3.295736
6.72,0.44763422,1.2367998,5.3874264,73.94418,3.3040445
6.73,0.4490077,1.2412233,5.384949,73.92886,3.3123763
6.74,0.45038548,1.2456589,5.3824654,73.91347,3.3207328
6.75,0.45176724,1.2501128,5.379974,73.89808,3.3291128
6.76,0.45315304,1.254575,5.3774767,73.88261,3.3375177
6.77,0.45454293,1.2590547,5.3749723,73.86711,3.3459454
6.78,0.4559371,1.2635472,5.372462,73.851555,3.3543963
6.79,0.4573355,1.268055,5.369946,73.83595,3.3628736
6.8,0.458738,1.2725765,5.3674216,73.82033,3.371374
6.81,0.46014422,1.2771106,5.3648915,73.80466,3.3798974
6.82,0.4615555,1.2816578,5.362355,73.788925,3.388447
6.83,0.46297082,1.2862223,5.359812,73.773186,3.397019
6.84,0.46439013,1.2908007,5.3572626,73.75737,3.4056165
6.85,0.46581382,1.2953912,5.354706,73.74151,3.4142375
6.86,0.46724123,1.2999954,5.3521423,73.725624,3.4228837
6.87,0.46867347,1.3046141,5.349572,73.70966,3.431554
6.88,0.47011024,1.3092511,5.346996,73.693695,3.4402506
6.89,0.47155067,1.3138989,5.344413,73.677666,3.4489706
6.9,0.4729957,1.3185637,5.3418226,73.66159,3.457714
6.91,0.47444522,1.3232415,5.3392262,73.645454,3.4664853
6.92,0.4758991,1.3279331,5.3366227,73.62927,3.475279
6.93,0.47735682,1.3326387,5.3340135,73.61309,3.4840982
6.94,0.47881943,1.3373611,5.331396,73.59684,3.4929419
6.95,0.4802863,1.342095,5.328773,73.58053,3.5018108
6.96,0.4817572,1.346846,5.326143,73.56419,3.5107057
6.97,0.48323277,1.3516102,5.323506,73.547806,3.519624
6.98,0.48471248,1.3563948,5.320862,73.531364,3.5285695
6.99,0.48619673,1.3611865,5.3182116,73.51487,3.5375378
7.0,0.48768607,1.3660011,5.3155537,73.49835,3.5465357
7.01,0.48917955,1.3708258,5.312889,73.4818,3.5555553
7.02,0.49067682,1.3756636,5.310219,73.46518,3.5646017
7.03,0.49217954,1.3805194,5.30754,73.44851,3.5736742
7.04,0.4936857,1.3853886,5.3048553,73.43178,3.5827706
7.05,0.49519682,1.3902757,5.3021646,73.415016,3.591894
7.06,0.4967126,1.3951756,5.299464,73.3982,3.601042
7.07,0.49823278,1.4000913,5.29676,73.38137,3.6102173
7.08,0.4997575,1.4050223,5.2940474,73.36446,3.619418
7.09,0.5012864,1.409966,5.2913275,73.34753,3.6286435
7.1,0.50282013,1.4149301,5.2886014,73.33052,3.637897
7.11,0.50435877,1.4199047,5.285868,73.31349,3.6471741
7.12,0.5059013,1.4249003,5.2831283,73.2964,3.6564794
7.13,0.5074489,1.4299057,5.2803807,73.27926,3.6658096
7.14,0.50900084,1.4349294,5.277626,73.26208,3.6751657
7.15,0.5105579,1.4399712,5.274865,73.244835,3.6845486
7.16,0.5121187,1.4450269,5.272098,73.22757,3.6939566
7.17,0.51368535,1.4500954,5.269322,73.21024,3.7033947
7.18,0.5152558,1.4551802,5.2665386,73.19288,3.7128565
7.19,0.5168307,1.4602835,5.26375,73.175446,3.7223446
7.2,0.5184107,1.4654031,5.2609534,73.15797,3.7318604
7.21,0.51999557,1.4705338,5.25815,73.140465,3.741403
7.22,0.5215854,1.4756823,5.25534,73.12289,3.750972
7.23,0.5231788,1.4808507,5.2525225,73.1053,3.760568
7.24,0.5247777,1.4860319,5.2496977,73.08761,3.770189
7.25,0.526381,1.4912312,5.246865,73.0699,3.7798383
7.26,0.5279901,1.4964427,5.2440267,73.05214,3.7895157
7.27,0.5296026,1.501674,5.241181,73.03433,3.7992191
7.28,0.5312202,1.5069225,5.238326,73.01647,3.8089504
7.29,0.53284323,1.5121839,5.235466,72.99857,3.8187077
7.3,0.5344709,1.5174642,5.2325983,72.9806,3.828493
7.31,0.5361029,1.5227569,5.2297235,72.96261,3.8383033
7.32,0.5377402,1.5280719,5.2268414,72.944534,3.8481457
7.33,0.539382,1.5334005,5.2239523,72.92643,3.8580122
7.34,0.5410292,1.5387428,5.221056,72.908264,3.8679063
7.35,0.5426809,1.5441062,5.2181516,72.89007,3.877829
7.36,0.5443375,1.5494845,5.215241,72.87181,3.88778
7.37,0.5459987,1.554877,5.212323,72.8535,3.8977559
7.38,0.54766554,1.5602891,5.209397,72.83514,3.9077616
7.39,0.5493366,1.5657191,5.206465,72.81673,3.9177957
7.4,0.5510129,1.5711646,5.203523,72.79828,3.9278576
7.41,0.55269414,1.5766258,5.200576,72.77977,3.9379458
7.42,0.55438036,1.5821052,5.1976204,72.7612,3.9480631
7.43,0.55607116,1.5875988,5.194658,72.74259,3.9582076
7.44,0.5577674,1.5931122,5.191689,72.72394,3.9683814
7.45,0.55946815,1.5986435,5.1887126,72.7052,3.978582
7.46,0.561175,1.6041951,5.1857276,72.68645,3.9888136
7.47,0.56288576,1.609755,5.1827364,72.66764,3.9990697
7.48,0.56460214,1.6153369,5.179737,72.64876,4.0093575
7.49,0.5663234,1.6209362,5.176731,72.62984,4.0196714
7.5,0.56804955,1.6265528,5.173716,72.61088,4.030016
7.51,0.5697812,1.6321855,5.1706953,72.59184,4.040388
7.52,0.5715177,1.6378369,5.1676664,72.57278,4.0507903
7.53,0.57325935,1.6435049,5.1646304,72.55364,4.06122
7.54,0.5750061,1.649194,5.1615863,72.534454,4.0716786
7.55,0.5767579,1.654897,5.158536,72.51523,4.0821657
7.56,0.5785152,1.6606183,5.155477,72.49595,4.092681
7.57,0.5802772,1.666357,5.1524105,72.4766,4.103228
7.58,0.5820447,1.6721151,5.149336,72.457214,4.113802
7.59,0.58381724,1.6778893,5.1462545,72.43776,4.124407
7.6,0.585595,1.6836829,5.143166,72.418274,4.135039
7.61,0.5873779,1.6894934,5.14007,72.39871,4.145701
7.62,0.5891659,1.695322,5.136966,72.37911,4.156391
7.63,0.5909598,1.7011669,5.133855,72.35944,4.1671124
7.64,0.59275806,1.7070329,5.130736,72.339745,4.1778636
7.65,0.5945618,1.7129147,5.12761,72.319984,4.1886444
7.66,0.59637165,1.7188137,5.1244755,72.30014,4.199452
7.67,0.59818566,1.724735,5.121334,72.2803,4.210292
7.68,0.60000587,1.7306731,5.118184,72.26036,4.221161
7.69,0.6018312,1.7366269,5.115028,72.2404,4.2320604
7.7,0.6036619,1.7426012,5.111862,72.220345,4.2429876
7.71,0.60549784,1.7485948,5.1086903,72.20024,4.253947
7.72,0.6073388,1.7546086,5.10551,72.1801,4.2649345
7.73,0.6091858,1.7606375,5.1023226,72.15991,4.2759542
7.74,0.61103714,1.7666864,5.0991273,72.139656,4.2870035
7.75,0.6128948,1.7727544,5.0959234,72.119354,4.2980814
7.76,0.6147585,1.7788374,5.092713,72.09896,4.3091917
7.77,0.6166266,1.7849414,5.089494,72.07856,4.320332
7.78,0.61850035,1.7910655,5.086269,72.05808,4.3315024
7.79,0.62037885,1.7972069,5.083035,72.03757,4.3427
7.8,0.62226415,1.8033679,5.079793,72.01695,4.3539333
7.81,0.62415457,1.8095505,5.076544,71.99633,4.3651953
7.82,0.62605,1.815748,5.073287,71.97563,4.376487
7.83,0.6279509,1.8219671,5.070022,71.954865,4.38781
7.84,0.62985766,1.8282046,5.066749,71.93406,4.3991647
7.85,0.63177025,1.83446,5.063468,71.9132,4.4105496
7.86,0.6336882,1.8407362,5.0601797,71.89227,4.4219666
7.87,0.6356119,1.8470302,5.056884,71.87131,4.433413
7.88,0.6375407,1.8533492,5.0535793,71.85026,4.4448915
7.89,0.6394758,1.8596818,5.0502663,71.829155,4.456401
7.9,0.6414156,1.8660328,5.046947,71.80802,4.467941
7.91,0.6433618,1.8724072,5.0436196,71.78681,4.4795146
7.92,0.6453136,1.8787982,5.040284,71.76555,4.491116
7.93,0.6472709,1.8852122,5.036941,71.744225,4.5027494
7.94,0.64923406,1.8916435,5.033589,71.72285,4.514417
7.95,0.65120244,1.8980958,5.0302296,71.701416,4.526114
7.96,0.6531768,1.9045672,5.0268626,71.67992,4.537844
7.97,0.65515685,1.9110587,5.0234876,71.65838,4.549605
7.98,0.657143,1.9175715,5.020104,71.63676,4.561398
7.99,0.6591346,1.9241021,5.0167127,71.61509,4.573223
8.0,0.6611315,1.9306533,5.0133142,71.59338,4.5850806
8.01,0.6631348,1.9372232,5.0099077,71.57159,4.5969687
8.02,0.6651441,1.9438171,5.0064926,71.54973,4.608891
8.03,0.66715884,1.950429,5.0030694,71.52784,4.6208415
8.04,0.66917944,1.9570608,4.9996386,71.505875,4.632827
8.05,0.6712054,1.9637144,4.9962,71.483864,4.6448455
8.06,0.6732378,1.9703889,4.9927535,71.461784,4.6568956
8.07,0.67527604,1.9770806,4.989298,71.439644,4.6689777
8.08,0.67731977,1.9837921,4.985835,71.41746,4.6810913
8.09,0.67936957,1.9905303,4.982363,71.395195,4.6932397
8.1,0.6814257,1.9972861,4.9788847,71.37289,4.7054176
8.11,0.6834878,2.0040607,4.9753976,71.35052,4.7176304
8.12,0.68555546,2.010855,4.9719024,71.328094,4.7298765
8.13,0.68762887,2.0176723,4.9683995,71.30559,4.742155
8.14,0.68970895,2.0245144,4.9648876,71.28301,4.754468
8.15,0.69179404,2.0313723,4.9613686,71.26041,4.766808
8.16,0.69388556,2.0382507,4.9578404,71.23774,4.7791862
8.17,0.6959835,2.0451517,4.9543037,71.21501,4.791597
8.18,0.69808686,2.0520742,4.950761,71.19222,4.8040385
8.19,0.70019674,2.0590186,4.9472094,71.16935,4.816516
8.2,0.7023128,2.0659828,4.9436493,71.14644,4.829026
8.21,0.7044349,2.0729678,4.9400797,71.12345,4.84157
8.22,0.7065623,2.0799763,4.936504,71.10042,4.854147
8.23,0.70869684,2.0870042,4.9329195,71.07733,4.8667574
8.24,0.71083736,2.0940542,4.9293265,71.05415,4.8794003
8.25,0.7129836,2.1011267,4.9257255,71.03093,4.8920774
8.26,0.7151358,2.1082203,4.9221163,71.00765,4.9047894
8.27,0.7172954,2.1153357,4.918498,70.98431,4.9175353
8.28,0.71945953,2.1224692,4.914873,70.9609,4.9303117
8.29,0.72163117,2.1296284,4.911239,70.93743,4.9431243
8.3,0.72380793,2.1368086,4.907597,70.9139,4.955972
8.31,0.7259922,2.1440098,4.903946,70.8903,4.968854
8.32,0.7281817,2.1512365,4.9002895,70.86664,4.9817686
8.33,0.7303777,2.1584797,4.896622,70.84292,4.994718
8.34,0.73258007,2.1657488,4.8929462,70.81913,5.0077014
8.35,0.73478913,2.173038,4.889262,70.79529,5.0207205
8.36,0.73700404,2.18035,4.8855715,70.77139,5.0337715
8.37,0.7392248,2.1876817,4.881872,70.74742,5.046859
8.38,0.7414526,2.1950395,4.878163,70.72338,5.05998
8.39,0.7436873,2.2024179,4.8744464,70.69928,5.0731378
8.4,0.7459271,2.209819,4.8707213,70.67513,5.0863266
8.41,0.7481741,2.2172415,4.866988,70.6509,5.099553
8.42,0.750427,2.224691,4.8632474,70.626595,5.112814
8.43,0.7526872,2.2321591,4.8594975,70.60226,5.1261086
8.44,0.754953,2.239646,4.8557386,70.577835,5.13944
8.45,0.75722563,2.2471635,4.851972,70.55336,5.152803
8.46,0.7595047,2.2547002,4.8481965,70.52881,5.1662064
8.47,0.7617905,2.2622592,4.8444133,70.50421,5.179642
8.48,0.7640823,2.2698407,4.8406224,70.479546,5.1931124
8.49,0.76638055,2.2774444,4.8368216,70.454796,5.2066183
8.5,0.76868606,2.2850745,4.833012,70.429985,5.2201605
8.51,0.7709974,2.292728,4.829196,70.40511,5.23374
8.52,0.7733164,2.3004022,4.8253703,70.38017,5.247352
8.53,0.77564085,2.3080988,4.8215375,70.35519,5.2610016
8.54,0.77797246,2.3158197,4.8176947,70.33013,5.2746854
8.55,0.7803104,2.3235648,4.8138437,70.30499,5.288405
8.56,0.782655,2.3313344,4.8099856,70.27979,5.3021617
8.57,0.78500605,2.3391252,4.8061175,70.25455,5.3159533
8.58,0.787364,2.346937,4.8022404,70.2292,5.329781
8.59,0.78972924,2.3547761,4.798356,70.20381,5.3436465
8.6,0.7921002,2.362639,4.7944636,70.17836,5.3575454
8.61,0.7944782,2.3705242,4.790563,70.15283,5.3714795
8.62,0.7968626,2.3784332,4.786653,70.127235,5.385452
8.63,0.799255,2.3863683,4.7827334,70.10158,5.3994637
8.64,0.8016528,2.3943245,4.7788076,70.07584,5.4135094
8.65,0.8040581,2.4023042,4.774873,70.05006,5.427591
8.66,0.80647004,2.4103122,4.770928,70.0242,5.4417095
8.67,0.80888927,2.4183402,4.766975,69.99828,5.455865
8.68,0.8113147,2.426393,4.763015,69.97228,5.4700565
8.69,0.81374717,2.4344714,4.759045,69.94621,5.4842844
8.7,0.8161861,2.442571,4.755068,69.92009,5.4985495
8.71,0.81863225,2.4506953,4.7510805,69.89389,5.512851
8.72,0.82108474,2.4588487,4.7470856,69.867645,5.527192
8.73,0.8235451,2.4670246,4.7430825,69.8413,5.541568
8.74,0.8260126,2.4752219,4.7390695,69.814896,5.555982
8.75,0.8284863,2.4834495,4.7350492,69.788445,5.5704327
8.76,0.8309673,2.491695,4.731019,69.7619,5.584921
8.77,0.8334551,2.499969,4.726981,69.7353,5.599447
8.78,0.83595026,2.5082662,4.722935,69.708626,5.6140094
8.79,0.83845186,2.5165894,4.71888,69.681885,5.628608
8.8,0.840961,2.524939,4.7148166,69.65508,5.6432476
8.81,0.843477,2.5333114,4.7107434,69.62819,5.657924
8.82,0.8459997,2.5417092,4.706663,69.60125,5.672635
8.83,0.8485297,2.550133,4.7025743,69.57424,5.687387
8.84,0.8510678,2.558579,4.6984744,69.54715,5.7021756
8.85,0.8536117,2.5670547,4.694368,69.51998,5.7170033
8.86,0.85616314,2.57555,4.690253,69.49275,5.7318664
8.87,0.8587216,2.584076,4.6861296,69.46546,5.7467694
8.88,0.8612882,2.592625,4.6819963,69.43808,5.761712
8.89,0.86386144,2.6012027,4.677855,69.41066,5.776692
8.9,0.86644125,2.609803,4.6737046,69.38315,5.7917094
8.91,0.8690289,2.618428,4.6695476,69.35557,5.806764
8.92,0.87162364,2.6270816,4.665378,69.32792,5.821859
8.93,0.87422585,2.6357598,4.661202,69.3002,5.8369923
8.94,0.8768345,2.6444604,4.6570177,69.27241,5.8521624
8.95,0.8794514,2.6531937,4.6528254,69.24455,5.867373
8.96,0.88207555,2.661947,4.648623,69.21662,5.882622
8.97,0.88470674,2.6707306,4.6444125,69.18862,5.8979106
8.98,0.8873457,2.6795392,4.640193,69.16056,5.9132357
8.99,0.88999164,2.688372,4.6359644,69.1324,5.9286013
9.0,0.8926445,2.6972315,4.631727,69.10419,5.9440055
9.01,0.8953053,2.706119,4.6274824,69.0759,5.959449
9.02,0.89797366,2.7150338,4.6232276,69.04755,5.974932
9.03,0.90064895,2.723972,4.618965,69.01912,5.9904504
9.04,0.90333223,2.7329376,4.614693,68.99061,6.0060134
9.05,0.9060228,2.741929,4.6104126,68.96202,6.021613
9.06,0.9087212,2.7509518,4.606124,68.93339,6.0372543
9.07,0.9114268,2.7599962,4.601826,68.90467,6.052933
9.08,0.9141396,2.7690682,4.5975194,68.87587,6.068652
9.09,0.91686046,2.7781668,4.593205,68.84701,6.0844088
9.1,0.91958773,2.787293,4.5888805,68.81806,6.1002054
9.11,0.9223244,2.7964487,4.584547,68.78906,6.1160436
9.12,0.92506754,2.8056278,4.5802064,68.75998,6.131922
9.13,0.9278194,2.8148382,4.575854,68.73082,6.147842
9.14,0.9305774,2.824073,4.571495,68.70158,6.163799
9.15,0.933344,2.8333344,4.5671287,68.67227,6.179795
9.16,0.9361179,2.8426237,4.562752,68.6429,6.1958323
9.17,0.93889976,2.8519416,4.558367,68.613434,6.2119126
9.18,0.941689,2.8612883,4.5539722,68.5839,6.22803
9.19,0.9444859,2.870657,4.54957,68.5543,6.2441874
9.2,0.94729114,2.8800611,4.545158,68.52462,6.260387
9.21,0.9501045,2.8894875,4.540736,68.49488,6.276628
9.22,0.95292413,2.8989434,4.536308,68.46506,6.2929077
9.23,0.95575213,2.9084256,4.5318704,68.43516,6.309226
9.24,0.9585893,2.9179382,4.527424,68.405174,6.3255906
9.25,0.96143293,2.9274771,4.522969,68.37515,6.34199
9.26,0.9642854,2.9370449,4.518502,68.345,6.3584375
9.27,0.96714497,2.9466393,4.514028,68.31481,6.3749194
9.28,0.97001207,2.9562645,4.509548,68.284546,6.3914447
9.29,0.97288775,2.9659169,4.5050573,68.2542,6.408008
9.3,0.9757714,2.9755964,4.500557,68.22377,6.424617
9.31,0.9786637,2.9853058,4.4960504,68.19326,6.4412637
9.32,0.98156226,2.9950433,4.4915323,68.16268,6.4579544
9.33,0.9844694,3.0048099,4.4870057,68.13204,6.4746833
9.34,0.9873853,3.0146084,4.482471,68.1013,6.4914575
9.35,0.9903085,3.024431,4.4779277,68.07051,6.508271
9.36,0.99324024,3.0342805,4.473376,68.03963,6.525125
9.37,0.99617994,3.044162,4.468813,68.00867,6.542023
9.38,0.9991275,3.0540733,4.464244,67.97762,6.5589614
9.39,1.0020835,3.064013,4.4596653,67.94652,6.575941
9.4,1.0050473,3.073982,4.4550776,67.91531,6.5929637
9.41,1.0080191,3.0839782,4.4504814,67.884056,6.610028
9.42,1.0109997,3.0940056,4.4458756,67.85271,6.627136
9.43,1.0139877,3.1040628,4.4412622,67.8213,6.64428
9.44,1.0169839,3.1141481,4.4366393,67.78979,6.6614704
9.45,1.0199898,3.124265,4.4320073,67.758224,6.6787066
9.46,1.0230024,3.1344075,4.427368,67.72658,6.695977
9.47,1.0260239,3.1445856,4.4227185,67.69484,6.7132945
9.48,1.0290534,3.1547894,4.41806,67.66303,6.730653
9.49,1.0320917,3.1650252,4.4133925,67.63114,6.7480574
9.5,1.0351378,3.175286,4.408717,67.59918,6.7654986
9.51,1.0381925,3.1855817,4.4040327,67.56714,6.782986
9.52,1.0412557,3.195907,4.3993387,67.53501,6.800515
9.53,1.0443265,3.2062614,4.3946376,67.50283,6.8180847
9.54,1.0474067,3.2166448,4.3899264,67.47054,6.835701
9.55,1.050495,3.227064,4.3852057,67.43819,6.8533607
9.56,1.0535913,3.237508,4.3804774,67.40574,6.8710613
9.57,1.056696,3.247983,4.37574,67.37322,6.8888016
9.58,1.0598104,3.2584913,4.3709936,67.34063,6.9065905
9.59,1.0629323,3.2690275,4.3662386,67.30795,6.92442
9.6,1.066063,3.279597,4.3614745,67.27519,6.9422927
9.61,1.0692015,3.290193,4.356702,67.24237,6.9602065
9.62,1.0723493,3.300825,4.3519216,67.20945,6.978166
9.63,1.0755055,3.3114839,4.3471303,67.17647,6.99617
9.64,1.0786704,3.3221722,4.3423314,67.14339,7.0142164
9.65,1.0818435,3.332898,4.3375244,67.110245,7.032303
9.66,1.0850263,3.3436515,4.332707,67.077,7.050438
9.67,1.0882167,3.3544364,4.327883,67.04369,7.0686135
9.68,1.091416,3.3652556,4.3230476,67.01029,7.086837
9.69,1.0946239,3.3761017,4.318205,66.97682,7.105097
9.7,1.0978413,3.3869832,4.313352,66.94326,7.1234083
9.71,1.1010661,3.3978934,4.3084927,66.90962,7.1417584
9.72,1.1043003,3.408836,4.3036227,66.87591,7.160155
9.73,1.1075438,3.4198103,4.2987456,66.8421,7.178595
9.74,1.1107956,3.4308152,4.293858,66.808235,7.1970778
9.75,1.1140561,3.4418535,4.2889633,66.77426,7.2156057
9.76,1.1173253,3.4529252,4.284058,66.74021,7.2341805
9.77,1.1206038,3.4640276,4.279144,66.70608,7.252797
9.78,1.1238908,3.475165,4.274222,66.67188,7.2714586
9.79,1.1271873,3.4863315,4.269292,66.63758,7.290164
9.8,1.1304922,3.4975307,4.2643523,66.60321,7.3089123
9.81,1.133806,3.5087626,4.2594037,66.568756,7.3277082
9.82,1.137129,3.5200255,4.2544465,66.53423,7.346547
9.83,1.1404608,3.5313256,4.2494817,66.4996,7.36543
9.84,1.1438016,3.5426533,4.244507,66.464905,7.3843603
9.85,1.1471518,3.5540178,4.2395234,66.43012,7.4033346
9.86,1.1505104,3.5654142,4.2345324,66.395256,7.4223504
9.87,1.1538781,3.5768409,4.2295303,66.360306,7.441415
9.88,1.1572559,3.5883033,4.224522,66.32527,7.460524
9.89,1.1606416,3.599799,4.2195034,66.29015,7.4796762
9.9,1.1640366,3.6113257,4.214477,66.25496,7.4988747
9.91,1.1674411,3.6228893,4.2094426,66.219666,7.518119
9.92,1.1708548,3.6344814,4.204397,66.1843,7.537407
9.93,1.1742772,3.6461108,4.199344,66.148865,7.5567417
9.94,1.1777098,3.6577764,4.194282,66.11331,7.576122
9.95,1.1811504,3.669471,4.1892123,66.077705,7.5955462
9.96,1.1846013,3.681199,4.184133,66.042,7.6150184
9.97,1.1880604,3.6929643,4.179045,66.00622,7.6345344
9.98,1.1915293,3.7047617,4.17395,65.97035,7.6540923
9.99,1.1950076,3.7165928,4.168844,65.93439,7.673702
10.0,1.1984948,3.72846,4.1637306,65.89835,7.6933556
10.01,1.2019922,3.7403631,4.158608,65.86222,7.713057
10.02,1.205498,3.7522953,4.153477,65.826,7.7328005
10.03,1.2090136,3.764263,4.1483374,65.78973,7.75259
10.04,1.2125382,3.7762673,4.1431894,65.75335,7.772427
10.05,1.2160724,3.7883089,4.1380324,65.71687,7.792311
10.06,1.2196163,3.8003793,4.1328683,65.680336,7.8122377
10.07,1.2231699,3.812489,4.127694,65.6437,7.8322134
10.08,1.2267324,3.8246315,4.122512,65.60698,7.852235
10.09,1.2303046,3.8368077,4.117321,65.570175,7.8723006
10.1,1.2338861,3.849023,4.112121,65.533264,7.8924165
10.11,1.2374777,3.861268,4.106912,65.49629,7.912574
10.12,1.241078,3.8735535,4.101696,65.45923,7.9327807
10.13,1.2446887,3.8858712,4.0964704,65.42208,7.953037
10.14,1.2483089,3.898228,4.0912366,65.384834,7.973334
10.15,1.2519385,3.9106157,4.0859942,65.34753,7.993679
10.16,1.2555774,3.9230428,4.0807443,65.31012,8.014073
10.17,1.2592268,3.9355035,4.0754848,65.27261,8.034511
10.18,1.262885,3.9480016,4.070216,65.23504,8.054997
10.19,1.2665535,3.9605348,4.06494,65.19736,8.075533
10.2,1.2702321,3.9731047,4.0596547,65.1596,8.096112
10.21,1.2739195,3.9857109,4.054363,65.12177,8.116738
10.22,1.2776176,3.9983535,4.049059,65.08383,8.137415
10.23,1.2813245,4.0110335,4.0437493,65.04583,8.158134
10.24,1.2850419,4.023747,4.038431,65.00771,8.178901
10.25,1.2887689,4.0365005,4.0331035,64.96953,8.199717
10.26,1.2925061,4.049288,4.027767,64.93124,8.220581
10.27,1.2962518,4.062112,4.0224237,64.892876,8.241489
10.28,1.3000087,4.0749736,4.017072,64.85442,8.2624445
10.29,1.303776,4.087875,4.01171,64.81587,8.283453
10.3,1.3075517,4.1008124,4.006342,64.777245,8.304503
10.31,1.3113382,4.1137857,4.000964,64.738525,8.325604
10.32,1.3151345,4.126796,3.9955788,64.699715,8.346751
10.33,1.3189404,4.1398416,3.9901848,64.66081,8.367944
10.34,1.3227571,4.152929,3.9847813,64.62183,8.389186
10.35,1.3265839,4.166052,3.97937,64.582756,8.410479
10.36,1.3304198,4.179216,3.9739523,64.5436,8.431814
10.37,1.3342662,4.192411,3.9685245,64.50434,8.453199
10.38,1.3381231,4.2056494,3.9630885,64.465004,8.474632
10.39,1.3419896,4.2189255,3.9576435,64.425575,8.496115
10.4,1.3458661,4.232238,3.9521928,64.38606,8.517642
10.41,1.3497533,4.245589,3.946732,64.346466,8.53922
10.42,1.3536502,4.258979,3.9412632,64.30675,8.560844
10.43,1.3575575,4.272404,3.9357858,64.266975,8.582519
10.44,1.3614748,4.2858715,3.9303021,64.227104,8.604236
10.45,1.3654033,4.2993774,3.924808,64.18714,8.626008
10.46,1.3693416,4.312922,3.9193068,64.14708,8.647823
10.47,1.3732893,4.326505,3.913797,64.106926,8.66969
10.48,1.377248,4.3401237,3.9082797,64.0667,8.691604
10.49,1.3812175,4.3537874,3.902753,64.026375,8.71357
10.5,1.3851967,4.3674893,3.8972197,63.985962,8.73558
10.51,1.3891861,4.3812284,3.8916774,63.945446,8.75764
10.52,1.393186,4.3950086,3.886127,63.904858,8.779747
10.53,1.3971968,4.4088273,3.8805697,63.86417,8.801901
10.54,1.4012172,4.422685,3.8750036,63.823406,8.824108
10.55,1.405249,4.4365835,3.8694289,63.782524,8.846362
10.56,1.4092903,4.45052,3.863847,63.741577,8.868662
10.57,1.4133425,4.4645004,3.858256,63.700527,8.891012
10.58,1.4174051,4.4785185,3.8526585,63.659386,8.913414
10.59,1.4214784,4.4925776,3.8470523,63.618153,8.935862
10.6,1.4255623,4.506674,3.8414383,63.576828,8.958362
10.61,1.429656,4.5208144,3.8358166,63.535435,8.9809065
10.62,1.4337615,4.534991,3.8301864,63.493923,9.003503
10.63,1.4378768,4.549214,3.8245494,63.452328,9.026146
10.64,1.4420038,4.563475,3.818903,63.410645,9.048839
10.65,1.4461399,4.5777755,3.8132496,63.368862,9.071581
10.66,1.4502872,4.592121,3.8075888,63.32698,9.094371
10.67,1.4544457,4.6065044,3.8019192,63.285015,9.117213
10.68,1.4586143,4.620932,3.796242,63.242973,9.140102
10.69,1.4627931,4.635395,3.790558,63.200832,9.163041
10.7,1.4669837,4.649903,3.7848651,63.158604,9.186028
10.71,1.4711848,4.664456,3.7791648,63.116257,9.209067
10.72,1.4753973,4.6790442,3.773457,63.073845,9.232153
10.73,1.4796199,4.6936793,3.7677412,63.031334,9.255289
10.74,1.4838531,4.708356,3.7620173,62.98872,9.278474
10.75,1.4880972,4.7230725,3.7562869,62.94602,9.301711
10.76,1.4923526,4.7378316,3.7505486,62.903233,9.324993
10.77,1.4966187,4.752635,3.7448018,62.860355,9.348329
10.78,1.5008959,4.767478,3.7390482,62.81737,9.371709
10.79,1.505183,4.782364,3.7332869,62.774307,9.395144
10.8,1.5094815,4.7972913,3.7275186,62.73115,9.418625
10.81,1.5137924,4.812266,3.7217412,62.68789,9.442161
10.82,1.5181123,4.8272805,3.7159576,62.64455,9.465742
10.83,1.5224447,4.842337,3.7101662,62.6011,9.489372
10.84,1.5267872,4.857441,3.704367,62.55757,9.513057
10.85,1.5311413,4.872583,3.6985605,62.513935,9.536784
10.86,1.5355062,4.8877697,3.6927464,62.47022,9.560565
10.87,1.5398821,4.9030037,3.6869252,62.4264,9.584398
10.88,1.5442688,4.918276,3.6810973,62.3825,9.608278
10.89,1.5486672,4.933597,3.6752613,62.338497,9.632208
10.9,1.5530765,4.948956,3.6694183,62.294395,9.656187
10.91,1.5574973,4.964363,3.6635668,62.250217,9.680218
10.92,1.5619291,4.979815,3.6577086,62.205933,9.704302
10.93,1.5663723,4.9953055,3.6518438,62.161552,9.728431
10.94,1.5708257,5.010846,3.6459715,62.117085,9.752609
10.95,1.5752916,5.0264287,3.640092,62.07251,9.77684
10.96,1.5797688,5.0420585,3.634205,62.02787,9.801125
10.97,1.5842563,5.0577297,3.6283114,61.983116,9.825453
10.98,1.5887556,5.073447,3.6224096,61.93827,9.8498335
10.99,1.5932659,5.0892067,3.6165013,61.89333,9.874267
11.0,1.5977877,5.1050153,3.610586,61.848293,9.8987465
11.01,1.6023209,5.1208673,3.604664,61.803158,9.923279
11.02,1.6068656,5.1367636,3.5987344,61.75793,9.947861
11.03,1.6114213,5.1527033,3.592798,61.712627,9.972491
11.04,1.6159894,5.168693,3.5868545,61.66721,9.997178
11.05,1.6205684,5.184728,3.580904,61.621708,10.021907
11.06,1.6251583,5.2008076,3.5749464,61.576096,10.046693
11.07,1.6297603,5.216933,3.5689821,61.530403,10.071521
11.08,1.6343734,5.233104,3.563011,61.48461,10.096409
11.09,1.6389985,5.2493215,3.5570326,61.43872,10.121341
11.1,1.6436349,5.2655883,3.551048,61.39273,10.146328
11.11,1.6482825,5.281892,3.5450563,61.346672,10.171361
11.12,1.6529423,5.2982483,3.539058,61.30049,10.196447
11.13,1.6576133,5.3146534,3.5330527,61.254215,10.221585
11.14,1.6622968,5.331107,3.5270395,61.20785,10.246773
11.15,1.6669903,5.3476005,3.5210228,61.161392,10.272007
11.16,1.6716962,5.3641443,3.514997,61.114845,10.297297
11.17,1.6764137,5.3807373,3.5089648,61.0682,10.322636
11.18,1.6811434,5.3973727,3.5029259,61.021458,10.348022
11.19,1.6858842,5.414059,3.4968815,60.974625,10.373462
11.2,1.6906372,5.4307904,3.4908295,60.92769,10.398953
11.21,1.6954023,5.447575,3.4847703,60.88065,10.424499
11.22,1.7001778,5.4644027,3.4787061,60.833527,10.450087
11.23,1.7049662,5.481278,3.4726357,60.786316,10.475725
11.24,1.7097663,5.498201,3.4665585,60.738995,10.501421
11.25,1.7145783,5.515174,3.4604735,60.691574,10.527168
11.26,1.7194015,5.532195,3.4543834,60.64407,10.552959
11.27,1.724237,5.5492654,3.448287,60.59647,10.578806
11.28,1.7290838,5.566381,3.4421852,60.548763,10.604696
11.29,1.7339424,5.5835485,3.4360745,60.500973,10.630644
11.3,1.738814,5.600764,3.4299595,60.45309,10.656645
11.31,1.7436975,5.618027,3.4238377,60.405098,10.682693
11.32,1.748592,5.6353383,3.4177096,60.357014,10.708789
11.33,1.7534988,5.652701,3.4115767,60.30884,10.734937
11.34,1.7584184,5.670114,3.4054353,60.260563,10.761142
11.35,1.7633495,5.6875725,3.3992891,60.21219,10.787391
11.36,1.7682922,5.705081,3.3931375,60.163727,10.813693
11.37,1.7732468,5.722639,3.3869793,60.11516,10.840042
11.38,1.7782147,5.7402496,3.3808148,60.066513,10.866449
11.39,1.783194,5.7579093,3.3746443,60.017735,10.892907
11.4,1.7881843,5.7756186,3.3684683,59.9689,10.91941
11.41,1.7931881,5.7933745,3.3622863,59.919937,10.945965
11.42,1.7982037,5.8111877,3.356098,59.8709,10.972573
11.43,1.8032321,5.829048,3.3499038,59.821747,10.999233
11.44,1.8082714,5.8469553,3.3437047,59.772526,11.025939
11.45,1.8133235,5.8649173,3.3374996,59.72318,11.0527
11.46,1.818388,5.882931,3.3312883,59.67376,11.07951
11.47,1.8234638,5.900991,3.3250716,59.624226,11.106373
11.48,1.8285531,5.919105,3.3188486,59.574604,11.133287
11.49,1.8336539,5.9372687,3.3126216,59.52488,11.160247
11.5,1.8387676,5.9554853,3.306387,59.47507,11.187264
11.51,1.8438932,5.9737525,3.3001475,59.42514,11.214328
11.52,1.8490316,5.992074,3.2939026,59.37513,11.2414465
11.53,1.8541809,6.010441,3.2876532,59.325027,11.268612
11.54,1.8593441,6.028866,3.2813976,59.27483,11.29583
11.55,1.8645196,6.047341,3.275136,59.224537,11.323099
11.56,1.8697071,6.065866,3.2688692,59.174137,11.35042
11.57,1.8749064,6.084444,3.2625978,59.123646,11.377789
11.58,1.8801191,6.1030736,3.2563202,59.073055,11.40521
11.59,1.8853439,6.1217575,3.250038,59.02237,11.43268
11.6,1.8905811,6.140496,3.24375,58.971584,11.46021
11.61,1.89583,6.159281,3.2374575,58.920704,11.487782
11.62,1.9010929,6.1781244,3.23116,58.869724,11.515409
11.63,1.9063678,6.1970162,3.2248564,58.818653,11.543084
11.64,1.9116548,6.2159643,3.218548,58.767487,11.570812
11.65,1.9169544,6.2349634,3.2122355,58.716213,11.598587
11.66,1.922267,6.2540154,3.2059174,58.664867,11.626414
11.67,1.927592,6.2731214,3.1995943,58.61341,11.654296
11.68,1.9329301,6.2922826,3.1932652,58.561836,11.682226
11.69,1.9382795,6.3114953,3.1869335,58.510193,11.710205
11.7,1.9436427,6.330766,3.1805952,58.45844,11.738242
11.71,1.9490187,6.350086,3.1742527,58.406593,11.766322
11.72,1.9544065,6.3694644,3.1679041,58.354652,11.794458
11.73,1.9598078,6.38889,3.1615531,58.302624,11.822641
11.74,1.9652214,6.408376,3.155196,58.250477,11.850878
11.75,1.9706475,6.427916,3.1488333,58.198246,11.879163
11.76,1.9760867,6.447506,3.142467,58.145905,11.907499
11.77,1.9815396,6.4671593,3.1360958,58.093487,11.93589
11.78,1.9870027,6.4868565,3.1297219,58.04097,11.964323
11.79,1.9924815,6.5066175,3.1233406,57.988335,11.992815
11.8,1.997971,6.526427,3.1169574,57.935627,12.021354
11.81,2.0034742,6.546297,3.1105678,57.882824,12.049946
11.82,2.0089896,6.5662165,3.1041756,57.829903,12.078583
11.83,2.0145192,6.5861955,3.0977776,57.776897,12.107279
11.84,2.0200608,6.6062317,3.0913756,57.7238,12.136022
11.85,2.0256157,6.6263213,3.0849695,57.670593,12.164815
11.86,2.0311823,6.6464663,3.0785594,57.617317,12.193653
11.87,2.036763,6.6666656,3.0721447,57.563915,12.222547
11.88,2.0423565,6.686925,3.065726,57.510426,12.251496
11.89,2.0479631,6.7072353,3.0593035,57.45684,12.280492
11.9,2.0535824,6.7276077,3.0528765,57.403152,12.309537
11.91,2.0592148,6.748034,3.046446,57.349396,12.338631
11.92,2.0648606,6.7685146,3.040011,57.29551,12.36778
11.93,2.070519,6.789053,3.0335724,57.241543,12.396976
11.94,2.0761898,6.8096504,3.0271306,57.187485,12.426223
11.95,2.081875,6.8303056,3.0206833,57.1333,12.4555235
11.96,2.0875723,6.8510146,3.0142326,57.079052,12.484871
11.97,2.0932834,6.8717833,3.0077784,57.02469,12.514272
11.98,2.0990067,6.892606,3.001321,56.970257,12.543716
11.99,2.104744,6.9134874,2.9948597,56.9157,12.573219
12.0,2.1104941,6.934425,2.9883945,56.86105,12.602768
12.01,2.1162574,6.955424,2.9819262,56.80632,12.63237
12.02,2.1220343,6.9764795,2.9754539,56.751476,12.662021
12.03,2.1278236,6.9975924,2.968978,56.69654,12.69172
12.04,2.133627,7.0187616,2.9624984,56.64153,12.721468
12.05,2.1394422,7.039993,2.9560163,56.586403,12.75127
12.06,2.1452715,7.0612783,2.9495304,56.53118,12.781122
12.07,2.1511145,7.0826216,2.943041,56.475864,12.811023
12.08,2.1569703,7.104027,2.936549,56.420452,12.840971
12.09,2.1628394,7.125489,2.9300523,56.364944,12.870975
12.1,2.1687226,7.1470103,2.9235532,56.30934,12.901029
12.11,2.174618,7.1685905,2.917051,56.253647,12.93113
12.12,2.1805263,7.190228,2.910546,56.19786,12.961278
12.13,2.1864495,7.2119274,2.9040377,56.14197,12.991479
12.14,2.192385,7.233681,2.8975258,56.08598,13.021732
12.15,2.1983345,7.2554994,2.891011,56.029915,13.052032
12.16,2.2042973,7.277376,2.8844943,55.973724,13.082382
12.17,2.2102737,7.2993145,2.877974,55.917454,13.112785
12.18,2.2162623,7.32131,2.8714507,55.8611,13.143234
12.19,2.2222652,7.343367,2.8649251,55.804634,13.173735
12.2,2.228282,7.3654804,2.8583963,55.748077,13.204283
12.21,2.234312,7.387657,2.851866,55.691433,13.234883
12.22,2.240356,7.4098916,2.8453314,55.634697,13.265534
12.23,2.2464125,7.4321866,2.8387952,55.577858,13.296225
12.24,2.2524822,7.4545465,2.8322556,55.520916,13.326973
12.25,2.258567,7.4769626,2.8257143,55.46389,13.357771
12.26,2.2646642,7.4994392,2.8191698,55.406765,13.388614
12.27,2.2707756,7.5219827,2.8126237,55.349533,13.419517
12.28,2.276899,7.5445786,2.8060749,55.292225,13.450459
12.29,2.2830389,7.5672393,2.7995236,55.234814,13.481455
12.3,2.2891905,7.5899606,2.7929702,55.17732,13.512497
12.31,2.2953565,7.6127477,2.7864144,55.11972,13.543589
12.32,2.3015347,7.63559,2.779857,55.06203,13.574731
12.33,2.3077278,7.6584983,2.7732968,55.004246,13.605923
12.34,2.3139346,7.681468,2.7667344,54.946365,13.637161
12.35,2.3201537,7.704498,2.7601707,54.8884,13.668448
12.36,2.3263872,7.727589,2.753605,54.830334,13.699785
12.37,2.3326354,7.750745,2.7470367,54.77217,13.731173
12.38,2.3388968,7.7739644,2.7404664,54.71392,13.762608
12.39,2.3451722,7.7972426,2.7338936,54.65557,13.794096
12.4,2.3514597,7.820583,2.727322,54.597126,13.825623
12.41,2.3577623,7.8439856,2.7207468,54.538593,13.857205
12.42,2.3640795,7.8674555,2.7141685,54.479973,13.888837
12.43,2.3704093,7.890983,2.7075903,54.421246,13.920516
12.44,2.376752,7.914573,2.701011,54.362442,13.952237
12.45,2.3831098,7.938231,2.6944287,54.303524,13.984014
12.46,2.3894818,7.9619503,2.687845,54.244526,14.015841
12.47,2.3958678,7.985736,2.68126,54.185432,14.047713
12.48,2.402266,8.009579,2.674675,54.126247,14.079632
12.49,2.4086797,8.033488,2.6680875,54.06698,14.111599
12.5,2.4151065,8.057463,2.6614983,54.007603,14.143615
12.51,2.4215474,8.081499,2.6549084,53.94814,14.175679
12.52,2.4280016,8.105601,2.6483166,53.888577,14.207794
12.53,2.4344711,8.129764,2.641725,53.828934,14.239949
12.54,2.4409544,8.1539955,2.6351314,53.7692,14.272162
12.55,2.44745,8.178289,2.628537,53.709362,14.304416
12.56,2.4539611,8.202648,2.6219406,53.649433,14.336723
12.57,2.460485,8.227072,2.6153452,53.589428,14.369071
12.58,2.4670238,8.25156,2.6087475,53.529327,14.401468
12.59,2.4735765,8.276115,2.602149,53.469112,14.433919
12.6,2.4801433,8.300731,2.59555,53.40883,14.4664135
12.61,2.4867237,8.325414,2.5889509,53.348454,14.49895
12.62,2.4933176,8.350162,2.5823503,53.28798,14.531541
12.63,2.4999259,8.374974,2.5757499,53.227413,14.564175
12.64,2.5065498,8.399859,2.5691478,53.16676,14.596861
12.65,2.5131862,8.424803,2.562546,53.106026,14.629591
12.66,2.5198371,8.449813,2.5559433,53.045185,14.662365
12.67,2.5265024,8.474887,2.5493405,52.984264,14.695189
12.68,2.5331817,8.500034,2.542737,52.92324,14.728059
12.69,2.539874,8.525241,2.5361342,52.862144,14.760973
12.7,2.546581,8.550515,2.5295303,52.800953,14.79394
12.71,2.5533025,8.575859,2.522926,52.739662,14.826951
12.72,2.560038,8.601268,2.5163217,52.678284,14.860011
12.73,2.5667887,8.626742,2.5097177,52.616817,14.893112
12.74,2.5735524,8.652287,2.503113,52.55526,14.926262
12.75,2.5803297,8.677893,2.4965096,52.49362,14.959456
12.76,2.5871224,8.703575,2.4899056,52.431892,14.9927
12.77,2.5939293,8.729321,2.4833004,52.370064,15.025988
12.78,2.6007495,8.755122,2.4766972,52.30816,15.059319
12.79,2.6075845,8.781006,2.470094,52.246166,15.092704
12.8,2.6144335,8.806952,2.4634905,52.184074,15.126126
12.81,2.6212971,8.832969,2.456888,52.12189,15.159599
12.82,2.6281745,8.859049,2.4502857,52.059624,15.193116
12.83,2.6350667,8.8852,2.4436836,51.997276,15.226678
12.84,2.641973,8.911422,2.4370816,51.93483,15.260289
12.85,2.6488938,8.937709,2.4304805,51.87229,15.293942
12.86,2.6558282,8.964062,2.4238808,51.80968,15.327641
12.87,2.6627777,8.99049,2.417281,51.746967,15.3613825
12.88,2.6697412,9.016981,2.4106822,51.684196,15.395173
12.89,2.6767185,9.043546,2.4040835,51.621304,15.429008
12.9,2.6837096,9.070174,2.397487,51.558346,15.462882
12.91,2.690717,9.09688,2.3908906,51.49528,15.496808
12.92,2.6977377,9.123649,2.3842947,51.432144,15.530781
12.93,2.704774,9.150492,2.3777003,51.368916,15.5647955
12.94,2.7118223,9.1774,2.3711073,51.305607,15.598847
12.95,2.7188852,9.204378,2.364516,51.242214,15.632949
12.96,2.7259648,9.231433,2.3579252,51.178722,15.667097
12.97,2.733058,9.258554,2.351334,51.115143,15.701287
12.98,2.740164,9.285741,2.344747,51.051506,15.735518
12.99,2.7472851,9.313004,2.3381598,50.987755,15.769797
13.0,2.7544208,9.340335,2.3315744,50.92393,15.804122
13.01,2.7615716,9.367739,2.3249903,50.86002,15.838487
13.02,2.768737,9.395209,2.3184078,50.796024,15.87289
13.03,2.775915,9.422756,2.3118265,50.73193,15.907346
13.04,2.7831087,9.45037,2.3052478,50.66778,15.941845
13.05,2.7903173,9.478058,2.2986703,50.603516,15.976383
13.06,2.797541,9.505821,2.2920938,50.53919,16.01097
13.07,2.8047774,9.5336485,2.2855213,50.474777,16.04559
13.08,2.8120277,9.561551,2.2789485,50.410263,16.08026
13.09,2.8192942,9.589525,2.272378,50.345684,16.114975
13.1,2.8265753,9.617576,2.2658107,50.281025,16.149729
13.11,2.8338697,9.645692,2.2592452,50.216263,16.184523
13.12,2.841178,9.673879,2.252681,50.151436,16.21936
13.13,2.8485034,9.702148,2.2461193,50.086517,16.254246
13.14,2.8558414,9.730487,2.23956,50.021507,16.289165
13.15,2.8631926,9.75889,2.2330036,49.956444,16.324127
13.16,2.8705614,9.787379,2.2264485,49.89126,16.359138
13.17,2.8779433,9.815933,2.2198956,49.826023,16.394186
13.18,2.8853405,9.844564,2.2133465,49.760685,16.429281
13.19,2.892751,9.873265,2.206799,49.695282,16.464413
13.2,2.9001768,9.902042,2.2002552,49.629795,16.49958
13.21,2.9076169,9.930895,2.1937122,49.56422,16.534801
13.22,2.915071,9.959823,2.187173,49.49857,16.57005
13.23,2.9225402,9.988817,2.1806374,49.43285,16.605356
13.24,2.9300241,10.017892,2.1741037,49.367027,16.640692
13.25,2.9375224,10.047041,2.1675732,49.30113,16.67607
13.26,2.945036,10.076264,2.161045,49.23516,16.711487
13.27,2.9525642,10.105564,2.1545198,49.16912,16.74695
13.28,2.9601052,10.1349325,2.147999,49.10298,16.78245
13.29,2.9676633,10.164384,2.1414812,49.036774,16.81799
13.3,2.9752345,10.193909,2.134965,48.970486,16.853573
13.31,2.9828205,10.223511,2.128453,48.904118,16.889194
13.32,2.9904203,10.253181,2.1219447,48.837654,16.92485
13.33,2.9980345,10.282931,2.1154401,48.771145,16.960546
13.34,3.0056655,10.31276,2.1089377,48.70455,16.996288
13.35,3.0133097,10.342666,2.10244,48.63787,17.032072
13.36,3.0209694,10.372642,2.0959456,48.571106,17.067886
13.37,3.0286424,10.4027,2.0894547,48.504272,17.103743
13.38,3.0363317,10.432832,2.082967,48.437366,17.139645
13.39,3.0440342,10.463043,2.0764832,48.370373,17.175575
13.4,3.0517507,10.493327,2.070004,48.303314,17.21155
13.41,3.0594835,10.523691,2.0635285,48.23617,17.247564
13.42,3.06723,10.554135,2.0570564,48.168945,17.283615
13.43,3.0749912,10.584659,2.050588,48.101658,17.319708
13.44,3.082767,10.615251,2.0441253,48.034294,17.355831
13.45,3.0905576,10.645927,2.0376656,47.96686,17.391994
13.46,3.0983639,10.676681,2.0312097,47.89933,17.4282
13.47,3.1061826,10.707511,2.024758,47.831738,17.46444
13.48,3.1140168,10.7384205,2.018312,47.764076,17.500717
13.49,3.1218662,10.76941,2.0118697,47.69634,17.537031
13.5,3.1297295,10.800478,2.0054321,47.62852,17.573381
13.51,3.1376095,10.831628,1.998998,47.560627,17.609774
13.52,3.1455026,10.862849,1.9925691,47.49266,17.646202
13.53,3.1534088,10.894153,1.9861454,47.42464,17.682657
13.54,3.1613326,10.925539,1.9797252,47.356518,17.71916
13.55,3.169269,10.957002,1.9733101,47.288345,17.755697
13.56,3.1772213,10.98855,1.9669,47.220078,17.792267
13.57,3.1851869,11.02017,1.9604946,47.15177,17.82887
13.58,3.1931684,11.051874,1.9540945,47.083378,17.865517
13.59,3.2011628,11.08366,1.9476997,47.014908,17.902193
13.6,3.2091732,11.115526,1.9413093,46.946373,17.938908
13.61,3.2171981,11.147469,1.9349242,46.87777,17.975657
13.62,3.225237,11.179496,1.9285446,46.809093,18.012442
13.63,3.2332911,11.211604,1.9221696,46.740334,18.049261
13.64,3.24136,11.2437935,1.9158,46.671516,18.086115
13.65,3.2494435,11.276062,1.9094356,46.60264,18.123003
13.66,3.2575407,11.308412,1.9030776,46.53369,18.159925
13.67,3.265654,11.340844,1.8967237,46.464653,18.196886
13.68,3.273781,11.3733635,1.890376,46.39555,18.233873
13.69,3.281922,11.405954,1.8840345,46.3264,18.270895
13.7,3.2900789,11.438636,1.8776971,46.25715,18.307966
13.71,3.2982502,11.471398,1.8713669,46.187866,18.34505
13.72,3.306436,11.504244,1.8650419,46.118492,18.382181
13.73,3.3146348,11.537168,1.8587228,46.04906,18.419338
13.74,3.3228505,11.570177,1.8524091,45.979565,18.456532
13.75,3.3310797,11.6032715,1.8461022,45.90999,18.493753
13.76,3.339324,11.636449,1.8398007,45.840363,18.531012
13.77,3.3475819,11.669707,1.833505,45.770657,18.56831
13.78,3.355855,11.703048,1.8272167,45.7009,18.605623
13.79,3.3641427,11.736477,1.8209337,45.631073,18.642979
13.8,3.3724453,11.76999,1.8146561,45.561172,18.68037
13.81,3.3807628,11.803582,1.808386,45.491207,18.717787
13.82,3.3890934,11.83726,1.802122,45.421192,18.755236
13.83,3.3974392,11.871024,1.7958643,45.35111,18.792717
13.84,3.4058006,11.904869,1.7896127,45.280945,18.830233
13.85,3.414176,11.938805,1.7833678,45.210735,18.867777
13.86,3.422564,11.972814,1.7771304,45.140465,18.90535
13.87,3.4309695,12.006915,1.7708987,45.07013,18.942955
13.88,3.4393873,12.041106,1.7646744,44.99972,18.98059
13.89,3.4478214,12.075379,1.758456,44.929253,19.018261
13.9,3.4562688,12.1097355,1.7522453,44.858738,19.055956
13.91,3.4647312,12.144178,1.7460413,44.78814,19.093678
13.92,3.473208,12.178707,1.7398438,44.7175,19.131432
13.93,3.4816992,12.213323,1.7336534,44.646805,19.169224
13.94,3.490205,12.248023,1.7274704,44.57603,19.207035
13.95,3.4987261,12.282811,1.7212942,44.505203,19.244879
13.96,3.5072603,12.317682,1.7151248,44.43432,19.282753
13.97,3.515809,12.352642,1.708963,44.363373,19.320656
13.98,3.5243728,12.387689,1.7028089,44.292362,19.358578
13.99,3.532951,12.422823,1.6966615,44.221294,19.396536
14.0,3.5415432,12.458037,1.6905224,44.150177,19.434519
14.01,3.550152,12.49335,1.6843889,44.078995,19.472538
14.02,3.558774,12.52875,1.6782638,44.007767,19.510588
14.03,3.5674086,12.564228,1.6721472,43.93647,19.548653
14.04,3.5760593,12.599794,1.6660371,43.86512,19.58675
14.05,3.5847247,12.635455,1.659935,43.79371,19.62487
14.06,3.5934036,12.671204,1.6538404,43.722248,19.663025
14.07,3.6020968,12.70703,1.6477542,43.65074,19.7012
14.08,3.6108053,12.742951,1.6416757,43.579155,19.7394
14.09,3.6195276,12.778964,1.635605,43.50754,19.77763
14.1,3.6282659,12.815063,1.6295414,43.435844,19.815895
14.11,3.6370156,12.851249,1.6234869,43.36413,19.854166
14.12,3.6457806,12.88752,1.6174401,43.292324,19.892475
14.13,3.6545613,12.923891,1.6114005,43.220486,19.93082
14.14,3.6633546,12.96034,1.60537,43.148586,19.969177
14.15,3.6721628,12.996878,1.599348,43.076656,20.007547
14.16,3.6809864,13.033515,1.5933326,43.00464,20.045965
14.17,3.6898236,13.070233,1.587327,42.932602,20.0844
14.18,3.6986763,13.107044,1.5813291,42.86049,20.122856
14.19,3.7075393,13.143938,1.5753409,42.788345,20.161339
14.2,3.7164207,13.180929,1.5693595,42.716133,20.19984
14.21,3.7253146,13.218005,1.5633873,42.64388,20.238373
14.22,3.734224,13.255181,1.5574226,42.571568,20.276928
14.23,3.7431457,13.29244,1.5514681,42.49922,20.315508
14.24,3.7520833,13.329785,1.5455216,42.426815,20.354095
14.25,3.7610338,13.367227,1.5395839,42.354366,20.392715
14.26,3.7699995,13.404759,1.5336548,42.28187,20.431364
14.27,3.77898,13.442382,1.527734,42.209305,20.470034
14.28,3.7879725,13.480091,1.5218234,42.136726,20.508718
14.29,3.7969816,13.517899,1.5159203,42.064075,20.54744
14.3,3.8060043,13.555793,1.5100263,41.991386,20.586174
14.31,3.8150406,13.593775,1.5041418,41.918648,20.624931
14.32,3.8240898,13.63185,1.4982672,41.845882,20.6637
14.33,3.833155,13.670019,1.4924005,41.77305,20.702496
14.34,3.842234,13.7082815,1.4865426,41.700172,20.741323
14.35,3.8513277,13.746635,1.4806949,41.627262,20.78017
14.36,3.8604338,13.785071,1.4748565,41.55431,20.819025
14.37,3.8695548,13.823613,1.4690268,41.4813,20.857904
14.38,3.8786895,13.862235,1.4632064,41.40826,20.896807
14.39,3.887839,13.900955,1.4573954,41.335163,20.935734
14.4,3.8970017,13.939769,1.4515946,41.262028,20.974676
14.41,3.9061804,13.978677,1.4458023,41.188854,21.013636
14.42,3.915371,14.017675,1.4400198,41.115643,21.052614
14.43,3.9245756,14.056764,1.4342476,41.042397,21.091616
14.44,3.9337947,14.095944,1.4284841,40.969086,21.130632
14.45,3.9430282,14.135224,1.4227304,40.895744,21.169672
14.46,3.952276,14.174596,1.4169871,40.822372,21.208725
14.47,3.9615378,14.214058,1.4112529,40.74894,21.2478
14.48,3.9708114,14.253611,1.405529,40.675503,21.28689
14.49,3.9801009,14.293261,1.3998148,40.601994,21.326004
14.5,3.989402,14.333003,1.3941103,40.528458,21.36513
14.51,3.9987195,14.372837,1.3884162,40.45488,21.40427
14.52,4.00805,14.412771,1.3827313,40.381275,21.443434
14.53,4.017395,14.452798,1.3770567,40.30763,21.482609
14.54,4.026753,14.492911,1.3713925,40.233944,21.521807
14.55,4.036126,14.533129,1.3657379,40.160217,21.561012
14.56,4.045512,14.573433,1.3600942,40.086464,21.600245
14.57,4.0549107,14.613832,1.3544606,40.01268,21.639484
14.58,4.0643244,14.654329,1.3488374,39.93886,21.67874
14.59,4.0737534,14.694927,1.3432235,39.864994,21.718021
14.6,4.083193,14.735608,1.3376209,39.791096,21.757305
14.61,4.0926476,14.776387,1.3320289,39.71717,21.79661
14.62,4.102116,14.817265,1.326447,39.643208,21.835924
14.63,4.111599,14.858238,1.320875,39.569214,21.875263
14.64,4.121094,14.899307,1.3153139,39.4952,21.914612
14.65,4.130604,14.940466,1.3097641,39.421135,21.953972
14.66,4.140126,14.981727,1.3042243,39.34705,21.99335
14.67,4.1496654,15.023081,1.298695,39.272926,22.032734
14.68,4.1592135,15.064528,1.2931764,39.19878,22.07214
14.69,4.168779,15.106069,1.2876694,39.12461,22.111546
14.7,4.178356,15.147713,1.2821723,39.050392,22.150972
14.71,4.187947,15.189455,1.2766862,38.976154,22.190414
14.72,4.197552,15.231289,1.2712113,38.901897,22.229874
14.73,4.207169,15.2732115,1.2657477,38.8276,22.269331
14.74,4.216801,15.315246,1.2602938,38.753284,22.308811
14.75,4.226448,15.357373,1.2548518,38.67893,22.3483
14.76,4.236107,15.399594,1.2494205,38.604557,22.3878
14.77,4.2457786,15.441914,1.2440006,38.53016,22.427313
14.78,4.255463,15.4843235,1.2385923,38.455727,22.466833
14.79,4.265163,15.526841,1.2331945,38.38128,22.506361
14.8,4.2748775,15.569452,1.2278081,38.3068,22.545906
14.81,4.284603,15.61216,1.2224323,38.232296,22.585459
14.82,4.294342,15.65497,1.2170687,38.157764,22.625023
14.83,4.3040953,15.69787,1.211716,38.08322,22.66459
14.84,4.313859,15.740876,1.2063749,38.008648,22.704172
14.85,4.3236394,15.783975,1.201046,37.93406,22.743757
14.86,4.3334317,15.827173,1.1957278,37.85945,22.78336
14.87,4.343239,15.87047,1.1904212,37.784805,22.822964
14.88,4.35306,15.91387,1.1851252,37.71014,22.862589
14.89,4.3628917,15.957366,1.1798418,37.635468,22.90221
14.9,4.372736,16.00096,1.17457,37.56077,22.941837
14.91,4.382595,16.044653,1.1693102,37.486053,22.98148
14.92,4.3924685,16.088448,1.1640613,37.41131,23.021128
14.93,4.402354,16.132334,1.1588242,37.33655,23.060778
14.94,4.412252,16.176323,1.1535996,37.261784,23.100449
14.95,4.4221635,16.22041,1.1483868,37.186996,23.14011
14.96,4.4320884,16.264603,1.1431854,37.112183,23.179785
14.97,4.442026,16.30889,1.1379964,37.037365,23.21946
14.98,4.4519753,16.353287,1.1328187,36.962532,23.259153
14.99,4.46194,16.397772,1.1276534,36.88767,23.298836
15.0,4.471918,16.442366,1.1224995,36.812794,23.338531
15.01,4.481907,16.487059,1.1173582,36.737892,23.378227
15.02,4.4919114,16.531845,1.1122292,36.663006,23.417933
15.03,4.5019245,16.576733,1.1071126,36.588097,23.457642
15.04,4.511955,16.62173,1.1020072,36.513165,23.497364
15.05,4.521996,16.666824,1.0969149,36.438232,23.537079
15.06,4.53205,16.712023,1.0918342,36.36327,23.5768
15.07,4.542116,16.757318,1.0867666,36.288315,23.61652
15.08,4.552197,16.802717,1.0817105,36.21333,23.656254
15.09,4.562291,16.848219,1.0766666,36.13835,23.695984
15.1,4.5723968,16.893814,1.0716354,36.063354,23.735722
15.11,4.582514,16.939522,1.066617,35.988358,23.775452
15.12,4.592646,16.985317,1.061611,35.913338,23.81519
15.13,4.602791,17.031233,1.0566173,35.838303,23.854937
15.14,4.6129484,17.077236,1.0516361,35.76329,23.894667
15.15,4.623117,17.123343,1.0466682,35.688248,23.934406
15.16,4.633299,17.169563,1.0417118,35.613205,23.974152
15.17,4.6434946,17.215876,1.0367686,35.538147,24.013891
15.18,4.6537013,17.262295,1.0318379,35.46308,24.05363
15.19,4.663921,17.308811,1.02692,35.388027,24.093378
15.2,4.674154,17.355436,1.0220144,35.312946,24.133125
15.21,4.684399,17.402168,1.0171216,35.237873,24.172865
15.22,4.6946554,17.449001,1.0122416,35.1628,24.212608
15.23,4.7049236,17.495928,1.0073757,35.087734,24.252342
15.24,4.7152066,17.542965,1.0025212,35.01264,24.292084
15.25,4.7255,17.590105,0.9976801,34.93756,24.331818
15.26,4.735809,17.637358,0.9928512,34.862465,24.371557
15.27,4.746127,17.684702,0.98803586,34.78737,24.41129
15.28,4.7564588,17.732155,0.98323405,34.71229,24.451021
15.29,4.766802,17.779709,0.9784447,34.6372,24.49074
15.3,4.7771583,17.827372,0.97366846,34.562107,24.530466
15.31,4.7875276,17.875137,0.968905,34.48701,24.570189
15.32,4.7979074,17.923008,0.96415484,34.411938,24.609903
15.33,4.808299,17.970982,0.95941764,34.33685,24.649618
15.34,4.8187056,18.019054,0.95469385,34.26177,24.689323
15.35,4.829122,18.06724,0.9499827,34.18668,24.729025
15.36,4.8395524,18.115526,0.9452854,34.111607,24.76872
15.37,4.8499928,18.163914,0.9406006,34.036526,24.808416
15.38,4.860446,18.21242,0.93592906,33.961452,24.848112
15.39,4.870911,18.261024,0.9312712,33.886383,24.887796
15.4,4.8813887,18.309721,0.92662704,33.811337,24.927473
15.41,4.891876,18.358534,0.9219954,33.736275,24.967144
15.42,4.9023776,18.407455,0.9173772,33.66123,25.006805
15.43,4.912891,18.456478,0.9127724,33.58618,25.04646
15.44,4.9234133,18.505606,0.9081814,33.51116,25.086107
15.45,4.9339495,18.554842,0.903603,33.436134,25.125751
15.46,4.944499,18.604187,0.8990385,33.361115,25.165394
15.47,4.955058,18.653633,0.8944878,33.286114,25.205019
15.48,4.965629,18.703176,0.8899503,33.211117,25.244635
15.49,4.976212,18.752844,0.8854257,33.136127,25.284243
15.5,4.9868083,18.802608,0.8809147,33.06115,25.323847
15.51,4.9974146,18.85248,0.8764169,32.986168,25.363445
15.52,5.0080333,18.902464,0.8719333,32.911217,25.403028
15.53,5.018662,18.952536,0.86746335,32.836277,25.442589
15.54,5.029301,19.002726,0.86300665,32.761345,25.482153
15.55,5.0399547,19.053028,0.8585633,32.686424,25.521711
15.56,5.0506167,19.103428,0.8541338,32.61151,25.561256
15.57,5.061291,19.153934,0.8497187,32.536636,25.600773
15.58,5.0719786,19.204548,0.84531593,32.461758,25.640308
15.59,5.082676,19.255278,0.8409269,32.38689,25.67982
15.6,5.093385,19.30611,0.83655167,32.312046,25.719315
15.61,5.1041036,19.357038,0.83219105,32.23723,25.758799
15.62,5.114836,19.40808,0.82784307,32.162415,25.798273
15.63,5.1255765,19.459232,0.8235092,32.087624,25.837732
15.64,5.1363297,19.5105,0.81918836,32.01284,25.877184
15.65,5.1470947,19.56186,0.814882,31.938084,25.916616
15.66,5.15787,19.61333,0.8105894,31.863356,25.956036
15.67,5.1686563,19.66491,0.8063101,31.788635,25.995447
15.68,5.1794515,19.716597,0.8020446,31.713934,26.034845
15.69,5.1902604,19.76839,0.797793,31.639257,26.074223
15.7,5.2010784,19.820293,0.79355496,31.5646,26.113592
15.71,5.211907,19.872301,0.78933054,31.48996,26.152946
15.72,5.2227483,19.924421,0.78511995,31.415344,26.192284
15.73,5.2335997,19.976643,0.7809241,31.340761,26.231606
15.74,5.24446,20.02897,0.77674115,31.26619,26.270908
15.75,5.2553325,20.081411,0.7725722,31.191635,26.310207
15.76,5.2662134,20.13396,0.7684171,31.117125,26.349472
15.77,5.2771077,20.18662,0.7642753,31.042616,26.388742
15.78,5.288011,20.239388,0.7601481,30.96815,26.427973
15.79,5.298925,20.292255,0.7560347,30.893705,26.467197
15.8,5.3098497,20.345238,0.7519348,30.819277,26.506405
15.81,5.3207827,20.398327,0.74784887,30.744886,26.545599
15.82,5.331729,20.451523,0.74377674,30.67052,26.58477
15.83,5.3426833,20.504827,0.7397188,30.596176,26.623928
15.84,5.3536487,20.558247,0.7356742,30.521866,26.663065
15.85,5.364625,20.611767,0.7316438,30.447586,26.702183
15.86,5.3756104,20.665405,0.7276269,30.373333,26.741285
15.87,5.3866053,20.719141,0.72362465,30.299118,26.78036
15.88,5.397612,20.772993,0.7196355,30.224916,26.819422
15.89,5.4086285,20.826956,0.71566015,30.150751,26.85847
15.9,5.419653,20.881018,0.7116999,30.076632,26.89749
15.91,5.4306884,20.93519,0.7077526,30.002523,26.936499
15.92,5.4417334,20.989473,0.7038197,29.928453,26.97548
15.93,5.4527893,21.043875,0.6999002,29.854418,27.014444
15.94,5.4638534,21.098373,0.69599503,29.780418,27.05338
15.95,5.474929,21.152987,0.69210374,29.706453,27.092306
15.96,5.4860125,21.207714,0.6882259,29.632513,27.131205
15.97,5.4971085,21.262548,0.68436176,29.558607,27.170082
15.98,5.50821,21.317482,0.68051267,29.48475,27.208937
15.99,5.519323,21.372538,0.67667717,29.410927,27.247768
16.0,5.530446,21.4277,0.672855,29.337132,27.28659
16.01,5.5415783,21.482977,0.6690473,29.263367,27.325375
16.02,5.552719,21.538364,0.6652535,29.18966,27.36415
16.03,5.5638695,21.593859,0.6614731,29.11597,27.40289
16.04,5.57503,21.64946,0.65770715,29.042332,27.441616
16.05,5.586197,21.705168,0.65395564,28.968733,27.480312
16.06,5.597375,21.760994,0.65021765,28.895172,27.518995
16.07,5.6085644,21.816929,0.6464928,28.821644,27.557642
16.08,5.61976,21.872978,0.64278275,28.748158,27.59627
16.09,5.630967,21.929136,0.63908607,28.674723,27.634874
16.1,5.642179,21.985415,0.6354035,28.60132,27.673454
16.11,5.653403,22.041794,0.6317353,28.527964,27.712015
16.12,5.664634,22.098286,0.62808025,28.454649,27.75054
16.13,5.6758747,22.154888,0.62444025,28.38138,27.789045
16.14,5.6871247,22.211605,0.6208134,28.308147,27.827518
16.15,5.6983843,22.268442,0.6172007,28.234972,27.865973
16.16,5.7096505,22.325384,0.6136015,28.161833,27.904396
16.17,5.7209272,22.382433,0.6100168,28.08873,27.942804
16.18,5.7322135,22.439611,0.60644543,28.015682,27.981176
16.19,5.7435045,22.496887,0.6028885,27.942677,28.019516
16.2,5.7548065,22.554285,0.59934527,27.869715,28.057833
16.21,5.7661138,22.61178,0.59581673,27.796825,28.096119
16.22,5.777434,22.669403,0.592301,27.723963,28.134388
16.23,5.788759,22.727129,0.58879966,27.651146,28.172619
16.24,5.800095,22.784988,0.5853119,27.578375,28.210827
16.25,5.811438,22.842945,0.58183855,27.505667,28.249002
16.26,5.8227906,22.901026,0.5783788,27.43299,28.28715
16.27,5.83415,22.959213,0.574933,27.360373,28.325275
16.28,5.84552,23.01752,0.5715006,27.287806,28.363369
16.29,5.8568954,23.075947,0.56808233,27.215288,28.40143
16.3,5.8682766,23.134462,0.5646788,27.142845,28.43945
16.31,5.8796725,23.193113,0.56128836,27.070435,28.477459
16.32,5.8910704,23.251884,0.557912,26.998083,28.515432
16.33,5.9024796,23.310766,0.55454934,26.925783,28.553366
16.34,5.9138975,23.36977,0.5512003,26.85353,28.591284
16.35,5.925323,23.428885,0.5478651,26.781332,28.629168
16.36,5.936752,23.48811,0.54454416,26.709202,28.66701
16.37,5.9481916,23.547462,0.54123676,26.63712,28.704832
16.38,5.959638,23.606915,0.53794354,26.5651,28.742605
16.39,5.9710946,23.666498,0.5346638,26.493132,28.780352
16.4,5.9825573,23.726204,0.5313976,26.421219,28.818085
16.41,5.994027,23.786016,0.5281453,26.349363,28.855774
16.42,6.005506,23.845951,0.52490675,26.277565,28.893433
16.43,6.0169907,23.905998,0.52168196,26.205828,28.931059
16.44,6.028485,23.966175,0.5184709,26.134146,28.968649
16.45,6.0399833,24.026463,0.5152735,26.062532,29.006203
16.46,6.051489,24.086857,0.5120907,25.990984,29.043716
16.47,6.0630045,24.147377,0.5089207,25.91949,29.081202
16.48,6.0745277,24.208023,0.5057644,25.848055,29.118656
16.49,6.086056,24.268785,0.502622,25.776684,29.156076
16.5,6.097594,24.329666,0.4994931,25.70537,29.193466
16.51,6.109138,24.39067,0.49637797,25.63412,29.23081
16.52,6.1206903,24.451797,0.49327573,25.562927,29.268126
16.53,6.1322494,24.51304,0.49018773,25.491804,29.3054
16.54,6.1438146,24.574404,0.4871133,25.420755,29.34264
16.55,6.155383,24.635874,0.4840534,25.349783,29.379839
16.56,6.166965,24.697481,0.48100555,25.278852,29.417007
16.57,6.178552,24.75921,0.4779719,25.207989,29.45414
16.58,6.190144,24.821053,0.47495154,25.137188,29.49124
16.59,6.201745,24.88302,0.4719449,25.066463,29.528305
16.6,6.2133517,24.945108,0.4689513,24.99581,29.56532
16.61,6.2249656,25.00731,0.46597153,24.92522,29.602303
16.62,6.236585,25.069637,0.4630051,24.854694,29.639246
16.63,6.2482085,25.132076,0.46005273,24.784256,29.676142
16.64,6.259842,25.19466,0.45711306,24.713871,29.713007
16.65,6.271484,25.257353,0.4541868,24.64356,29.749834
16.66,6.283129,25.320168,0.45127395,24.573318,29.786634
16.67,6.294781,25.383102,0.44837445,24.503147,29.823385
16.68,6.3064427,25.446167,0.44548768,24.433054,29.860092
16.69,6.3181076,25.509348,0.44261515,24.363026,29.89676
16.7,6.329778,25.572653,0.43975568,24.293077,29.933386
16.71,6.341456,25.636065,0.43690938,24.223202,29.96997
16.72,6.353142,25.699612,0.43407637,24.153399,30.00652
16.73,6.3648334,25.76329,0.43125603,24.083666,30.043026
16.74,6.376528,25.827078,0.42844945,24.01401,30.079494
16.75,6.388232,25.891005,0.42565605,23.944426,30.115915
16.76,6.399943,25.955046,0.42287505,23.874922,30.1523
16.77,6.411659,26.019209,0.42010775,23.805483,30.18864
16.78,6.4233794,26.083487,0.41735306,23.736137,30.22493
16.79,6.4351053,26.147888,0.4146119,23.666859,30.261183
16.8,6.446836,26.212408,0.41188407,23.59767,30.297392
16.81,6.4585743,26.277058,0.40916878,23.52855,30.33357
16.82,6.4703197,26.341837,0.40646657,23.459507,30.36969
16.83,6.4820714,26.406742,0.40377724,23.390537,30.405783
16.84,6.4938254,26.471758,0.40110087,23.321663,30.441813
16.85,6.5055876,26.536903,0.39843735,23.252851,30.477814
16.86,6.5173535,26.602169,0.3957867,23.184124,30.513767
16.87,6.5291243,26.667547,0.3931489,23.115488,30.549658
16.88,6.540899,26.733044,0.3905245,23.04693,30.585516
16.89,6.5526834,26.79868,0.3879123,22.978449,30.62133
16.9,6.5644693,26.864426,0.3853134,22.910053,30.6571
16.91,6.576265,26.930296,0.3827266,22.841736,30.692827
16.92,6.588062,26.996296,0.38015264,22.773497,30.728506
16.93,6.599867,27.062414,0.37759158,22.705355,30.764141
16.94,6.611675,27.12865,0.37504333,22.63729,30.799719
16.95,6.6234875,27.195015,0.3725075,22.569304,30.83527
16.96,6.6353025,27.261486,0.3699848,22.501421,30.870752
16.97,6.6471243,27.328085,0.36747417,22.433617,30.9062
16.98,6.658953,27.394796,0.36497644,22.36589,30.941599
16.99,6.670786,27.461641,0.36249104,22.298248,30.976952
17.0,6.6826234,27.5286,0.3600181,22.230696,31.012262
17.01,6.6944633,27.595686,0.35755756,22.163225,31.047516
17.02,6.7063117,27.66289,0.35510987,22.095842,31.082716
17.03,6.718161,27.730211,0.35267472,22.028551,31.117882
17.04,6.7300158,27.797653,0.35025162,21.961348,31.153
17.05,6.741873,27.865202,0.34784138,21.894243,31.188046
17.06,6.7537355,27.932882,0.34544316,21.827219,31.223063
17.07,6.7656026,28.00068,0.34305727,21.760279,31.258028
17.08,6.7774725,28.068596,0.34068418,21.693432,31.292934
17.09,6.7893496,28.136635,0.33832264,21.626669,31.327806
17.1,6.801227,28.204786,0.33597404,21.560009,31.362625
17.11,6.813111,28.27307,0.3336372,21.493414,31.397394
17.12,6.824998,28.34145,0.33131266,21.426931,31.43211
17.13,6.836886,28.409937,0.3290013,21.36055,31.466763
17.14,6.8487787,28.478573,0.32670093,21.294231,31.50138
17.15,6.8606777,28.547314,0.32441324,21.228024,31.535942
17.16,6.8725786,28.616165,0.32213762,21.161905,31.570463
17.17,6.884483,28.685133,0.31987432,21.095886,31.604923
17.18,6.896393,28.754225,0.31762284,21.029947,31.63934
17.19,6.9083033,28.82343,0.31538317,20.964098,31.673704
17.2,6.920218,28.892754,0.3131557,20.898354,31.708008
17.21,6.932134,28.96218,0.3109407,20.832705,31.742271
17.22,6.9440556,29.031727,0.30873713,20.76714,31.776476
17.23,6.9559793,29.101395,0.30654562,20.701677,31.810633
17.24,6.967908,29.171179,0.30436605,20.636303,31.844734
17.25,6.979838,29.24109,0.30219808,20.571012,31.878786
17.26,6.991773,29.311104,0.30004224,20.505833,31.91279
17.27,7.003706,29.381226,0.29789844,20.440748,31.946733
17.28,7.015646,29.451477,0.29576617,20.375746,31.980629
17.29,7.0275874,29.521832,0.2936456,20.310854,32.014473
17.3,7.039529,29.592287,0.29153743,20.246061,32.048256
17.31,7.051476,29.662874,0.28944036,20.181358,32.081993
17.32,7.0634255,29.73357,0.28735486,20.116749,32.115677
17.33,7.075378,29.804392,0.28528112,20.052237,32.1493
17.34,7.087332,29.875319,0.28321922,19.987823,32.182888
17.35,7.0992885,29.946356,0.28116864,19.923504,32.21641
17.36,7.111247,30.017519,0.27912992,19.859291,32.249886
17.37,7.123209,30.088783,0.27710247,19.795166,32.28331
17.38,7.1351695,30.16015,0.27508688,19.73116,32.316666
17.39,7.1471353,30.231638,0.27308258,19.667233,32.34997
17.4,7.159104,30.303246,0.27108946,19.603405,32.383236
17.41,7.1710706,30.374958,0.26910788,19.539682,32.416435
17.42,7.1830416,30.4468,0.26713723,19.476055,32.44959
17.43,7.1950145,30.518742,0.26517823,19.41253,32.482685
17.44,7.206991,30.590801,0.2632307,19.349106,32.515724
17.45,7.2189665,30.662971,0.26129395,19.285774,32.54871
17.46,7.2309422,30.735247,0.25936934,19.222565,32.581646
17.47,7.242922,30.80765,0.25745538,19.15944,32.614532
17.48,7.2549047,30.880165,0.2555521,19.096413,32.647346
17.49,7.2668896,30.952791,0.2536604,19.03349,32.68012
17.5,7.2788754,31.025518,0.25177926,18.970665,32.712822
17.51,7.2908607,31.098372,0.24990973,18.907946,32.745483
17.52,7.3028483,31.171337,0.24805078,18.84533,32.778088
17.53,7.3148365,31.244413,0.24620302,18.782814,32.81063
17.54,7.3268266,31.3176,0.24436581,18.720407,32.843124
17.55,7.338818,31.390892,0.24253973,18.658115,32.87556
17.56,7.350812,31.46432,0.2407245,18.595907,32.907932
17.57,7.362806,31.537851,0.23891963,18.533808,32.940258
17.58,7.3748,31.611504,0.23712608,18.471813,32.97252
17.59,7.386794,31.685266,0.23534276,18.409927,33.004734
17.6,7.3987904,31.759127,0.23357016,18.348145,33.036892
17.61,7.4107895,31.833124,0.23180792,18.286459,33.068993
17.62,7.422789,31.907232,0.23005666,18.224888,33.101032
17.63,7.4347873,31.98145,0.22831574,18.163433,33.133007
17.64,7.446785,32.055775,0.22658522,18.102072,33.164936
17.65,7.4587865,32.130238,0.22486492,18.040813,33.196808
17.66,7.470788,32.204796,0.22315523,17.979666,33.22862
17.67,7.482791,32.279472,0.22145596,17.918625,33.260365
17.68,7.4947953,32.354275,0.21976647,17.857697,33.292065
17.69,7.5067983,32.42919,0.21808767,17.796875,33.3237
17.7,7.5188003,32.50423,0.21641858,17.73616,33.355274
17.71,7.5308013,32.579357,0.21476044,17.675573,33.38679
17.72,7.5428076,32.65464,0.2131116,17.615074,33.41825
17.73,7.5548105,32.730038,0.21147315,17.55469,33.44965
17.74,7.566816,32.80554,0.20984465,17.494421,33.48099
17.75,7.57882,32.881165,0.20822588,17.43426,33.51228
17.76,7.5908217,32.956905,0.20661734,17.374212,33.543507
17.77,7.6028275,33.032772,0.20501818,17.314262,33.57466
17.78,7.614832,33.108753,0.20342928,17.254438,33.60577
17.79,7.6268363,33.184856,0.20184982,17.194729,33.636803
17.8,7.6388364,33.261063,0.20028095,17.13514,33.667778
17.81,7.65084,33.337406,0.19872102,17.075657,33.6987
17.82,7.6628437,33.413876,0.19717056,17.01628,33.729557
17.83,7.674847,33.49046,0.1956296,16.957024,33.760357
17.84,7.686849,33.567177,0.19409864,16.897879,33.791092
17.85,7.6988487,33.644005,0.19257718,16.838856,33.821774
17.86,7.710852,33.720963,0.19106477,16.77994,33.852386
17.87,7.7228518,33.79805,0.1895619,16.72114,33.88294
17.88,7.7348485,33.875233,0.18806873,16.662477,33.913418
17.89,7.7468467,33.952557,0.18658453,16.603907,33.943844
17.9,7.758844,34.030014,0.18510987,16.545462,33.974213
17.91,7.7708445,34.107605,0.18364407,16.487123,34.004517
17.92,7.7828383,34.18529,0.18218774,16.428919,34.034748
17.93,7.7948356,34.263123,0.18074062,16.370825,34.064934
17.94,7.8068314,34.341084,0.17930195,16.312843,34.095043
17.95,7.8188214,34.41916,0.17787355,16.254993,34.1251
17.96,7.83081,34.49736,0.17645334,16.19726,34.155075
17.97,7.8428044,34.575695,0.17504251,16.139647,34.184998
17.98,7.854791,34.654152,0.17364025,16.08215,34.214848
17.99,7.8667817,34.73275,0.17224672,16.024767,34.244644
18.0,7.87877,34.811466,0.17086281,15.967508,34.274364
18.01,7.8907547,34.890324,0.16948739,15.910372,34.30403
18.02,7.9027405,34.96929,0.16812052,15.85335,34.33363
18.03,7.9147215,35.048416,0.16676249,15.796447,34.363167
18.04,7.926701,35.12764,0.16541348,15.739678,34.392635
18.05,7.9386806,35.20699,0.1640734,15.68303,34.422035
18.06,7.9506593,35.2865,0.16274126,15.626493,34.451374
18.07,7.9626327,35.366123,0.16141847,15.570087,34.480648
18.08,7.974608,35.445896,0.16010372,15.513795,34.509853
18.09,7.98658,35.52578,0.15879786,15.457628,34.538998
18.1,7.99855,35.605804,0.15750012,15.401578,34.56809
18.11,8.010518,35.68596,0.15621147,15.345653,34.59711
18.12,8.022483,35.766224,0.15493087,15.289856,34.62606
18.13,8.034447,35.84663,0.15365909,15.234183,34.65493
18.14,8.046408,35.92718,0.1523953,15.17862,34.683758
18.15,8.05837,36.007866,0.15113996,15.123188,34.712513
18.16,8.070327,36.088676,0.14989322,15.067878,34.741196
18.17,8.082282,36.16961,0.14865454,15.012692,34.769806
18.18,8.0942335,36.25067,0.14742427,14.957628,34.79837
18.19,8.106187,36.331882,0.1462022,14.902678,34.82685
18.2,8.1181345,36.41322,0.1449885,14.847855,34.855278
18.21,8.13008,36.494675,0.14378296,14.793165,34.88364
18.22,8.142022,36.576267,0.14258565,14.7386,34.911926
18.23,8.153964,36.657978,0.14139648,14.684142,34.940155
18.24,8.165901,36.73985,0.14021495,14.629812,34.968304
18.25,8.177834,36.821823,0.13904227,14.575609,34.9964
18.26,8.189764,36.903942,0.13787732,14.52153,35.024426
18.27,8.2016945,36.9862,0.13672033,14.4675665,35.052387
18.28,8.213621,37.06857,0.13557136,14.413732,35.080288
18.29,8.225541,37.151066,0.13443041,14.360021,35.108128
18.3,8.237459,37.2337,0.1332977,14.306442,35.1359
18.31,8.249377,37.31645,0.13217245,14.2529745,35.163597
18.32,8.261291,37.399334,0.13105522,14.199632,35.191223
18.33,8.273199,37.48235,0.1299461,14.14641,35.218792
18.34,8.285106,37.565495,0.12884456,14.093315,35.2463
18.35,8.2970085,37.648758,0.12775101,14.040343,35.27373
18.36,8.308907,37.73215,0.12666506,13.987491,35.3011
18.37,8.320801,37.815662,0.1255871,13.93477,35.32841
18.38,8.332695,37.89928,0.12451676,13.882174,35.35564
18.39,8.344582,37.98306,0.12345399,13.829688,35.382816
18.4,8.356464,38.066948,0.12239915,13.777336,35.409924
18.41,8.368344,38.150948,0.12135176,13.725103,35.436974
18.42,8.380223,38.23508,0.12031176,13.672991,35.46394
18.43,8.392093,38.319336,0.11927973,13.621002,35.490856
18.44,8.403962,38.4037,0.11825507,13.569143,35.517704
18.45,8.415824,38.488194,0.11723795,13.517408,35.544483
18.46,8.427681,38.57278,0.116228566,13.465801,35.571194
18.47,8.439537,38.65752,0.11522618,13.414302,35.597847
18.48,8.451386,38.74234,0.11423141,13.362943,35.624428
18.49,8.463233,38.827316,0.11324422,13.311689,35.65095
18.5,8.475072,38.912376,0.11226399,13.260572,35.677395
18.51,8.486909,38.99756,0.11129133,13.209578,35.703777
18.52,8.49874,39.082874,0.11032555,13.158698,35.7301
18.53,8.510564,39.16828,0.10936727,13.107951,35.75636
18.54,8.522386,39.253822,0.10841606,13.057327,35.782547
18.55,8.534204,39.339462,0.107472785,13.006833,35.808662
18.56,8.546014,39.42521,0.10653571,12.956451,35.83473
18.57,8.557819,39.51107,0.105605915,12.906199,35.86072
18.58,8.569623,39.597034,0.10468331,12.856074,35.88665
18.59,8.581416,39.683125,0.10376742,12.806067,35.912506
18.6,8.593208,39.76932,0.10285886,12.756184,35.938316
18.61,8.604995,39.85562,0.10195702,12.706425,35.964046
18.62,8.616774,39.94202,0.10106187,12.656792,35.989693
18.63,8.628544,40.028515,0.10017379,12.607298,36.015297
18.64,8.640313,40.11514,0.09929226,12.557912,36.04083
18.65,8.652077,40.20187,0.09841769,12.508654,36.066277
18.66,8.663834,40.288696,0.097549684,12.4595175,36.09168
18.67,8.675586,40.375637,0.096688405,12.410504,36.117027
18.68,8.687334,40.462677,0.09583363,12.361626,36.1423
18.69,8.699074,40.54984,0.09498531,12.312865,36.167503
18.7,8.710808,40.637085,0.09414372,12.264231,36.19265
18.71,8.722535,40.724407,0.09330842,12.215734,36.21771
18.72,8.734252,40.811867,0.092479736,12.167346,36.24272
18.73,8.745971,40.89944,0.09165712,12.119088,36.267654
18.74,8.757684,40.98709,0.09084108,12.070956,36.29253
18.75,8.769388,41.074852,0.09003117,12.022945,36.317326
18.76,8.781087,41.162716,0.0892275,11.97506,36.342087
18.77,8.792778,41.25068,0.08842992,11.927311,36.36675
18.78,8.804465,41.338764,0.08763885,11.879676,36.391365
18.79,8.816147,41.426933,0.086853385,11.832172,36.415897
18.8,8.827818,41.515205,0.08607445,11.784799,36.44038
18.81,8.839487,41.60359,0.0853008,11.737547,36.464787
18.82,8.851147,41.69204,0.08453343,11.690421,36.48914
18.83,8.862801,41.78063,0.083771944,11.64342,36.513412
18.84,8.8744545,41.869293,0.08301635,11.59654,36.537617
18.85,8.886098,41.958103,0.08226641,11.549789,36.56178
18.86,8.897734,42.046986,0.08152209,11.50317,36.585854
18.87,8.909366,42.135986,0.08078379,11.456675,36.609867
18.88,8.920986,42.225056,0.08005107,11.410312,36.63381
18.89,8.932606,42.314247,0.07932403,11.364072,36.657692
18.9,8.944218,42.403545,0.078602046,11.317952,36.681515
18.91,8.955821,42.492958,0.07788594,11.271964,36.705254
18.92,8.967423,42.582466,0.077175245,11.226097,36.728943
18.93,8.979016,42.672077,0.07646998,11.180364,36.752552
18.94,8.990603,42.761818,0.07577021,11.134752,36.7761
18.95,9.002185,42.851646,0.07507563,11.089271,36.799587
18.96,9.013754,42.941525,0.074386634,11.043922,36.822998
18.97,9.025322,43.03157,0.07370267,10.998694,36.846336
18.98,9.036885,43.121716,0.07302392,10.9535885,36.86963
18.99,9.048439,43.211956,0.07235036,10.908615,36.892845
19.0,9.059986,43.30231,0.07168192,10.863771,36.91598
19.01,9.071531,43.392784,0.07101894,10.819053,36.93907
19.02,9.083063,43.48336,0.070360415,10.774451,36.962086
19.03,9.094596,43.57403,0.06970767,10.729991,36.985035
19.04,9.106119,43.66483,0.0690592,10.68565,37.007915
19.05,9.117632,43.755707,0.06841622,10.641445,37.030743
19.06,9.129138,43.84672,0.06777794,10.5973625,37.05348
19.07,9.140642,43.937836,0.06714463,10.553409,37.076157
19.08,9.152134,44.029057,0.06651621,10.509583,37.098766
19.09,9.163627,44.12041,0.06589289,10.4658785,37.12132
19.1,9.17511,44.21187,0.065273866,10.422302,37.1438
19.11,9.186584,44.303455,0.06465997,10.378857,37.16622
19.12,9.198053,44.395123,0.06405085,10.335542,37.18856
19.13,9.20951,44.48691,0.06344673,10.292359,37.210835
19.14,9.220966,44.578823,0.062847085,10.249293,37.233044
19.15,9.232416,44.670856,0.06225217,10.206361,37.255203
19.16,9.243855,44.762997,0.061661884,10.163554,37.277275
19.17,9.25529,44.85525,0.061076526,10.120875,37.299274
19.18,9.266715,44.94764,0.060495373,10.078321,37.321224
19.19,9.278131,45.04012,0.059919436,10.035904,37.34309
19.2,9.289544,45.132736,0.059347514,9.993603,37.364914
19.21,9.300945,45.22545,0.05878057,9.951444,37.386646
19.22,9.312341,45.31829,0.058217894,9.909405,37.40834
19.23,9.323731,45.411247,0.05766006,9.867489,37.429943
19.24,9.335114,45.504345,0.05710648,9.825707,37.451473
19.25,9.346488,45.597538,0.056557868,9.784049,37.472942
19.26,9.357857,45.690872,0.056013484,9.742515,37.49436
19.27,9.369213,45.78431,0.055473536,9.701117,37.51569
19.28,9.380567,45.877876,0.05493845,9.659839,37.53696
19.29,9.391908,45.971554,0.054406993,9.618695,37.558163
19.3,9.403242,46.065346,0.053880643,9.577687,37.5793
19.31,9.414569,46.159267,0.05335859,9.536795,37.60036
19.32,9.425886,46.253323,0.05284102,9.496025,37.621384
19.33,9.437195,46.347473,0.052327923,9.455394,37.64231
19.34,9.4485,46.44178,0.051819004,9.414886,37.66319
19.35,9.459789,46.536194,0.051314585,9.374507,37.683994
19.36,9.471075,46.630726,0.05081451,9.334252,37.704716
19.37,9.48235,46.725372,0.050318666,9.294125,37.725376
19.38,9.493617,46.82014,0.049827497,9.254138,37.74597
19.39,9.504878,46.915047,0.049340326,9.214258,37.766502
19.4,9.516127,47.01005,0.048857998,9.174518,37.786976
19.41,9.527369,47.105194,0.048379138,9.134903,37.807377
19.42,9.538598,47.200462,0.047904816,9.095408,37.82773
19.43,9.549823,47.29585,0.047435116,9.056047,37.847984
19.44,9.561035,47.391376,0.04696933,9.0168085,37.868164
19.45,9.572239,47.487007,0.04650806,8.977697,37.888313
19.46,9.583429,47.582737,0.04605056,8.938719,37.90837
19.47,9.594618,47.678627,0.045597613,8.899863,37.928375
19.48,9.605788,47.77459,0.045148745,8.861136,37.948303
19.49,9.616955,47.870728,0.044703737,8.822529,37.968178
19.5,9.628114,47.966972,0.044262998,8.784052,37.98798
19.51,9.639261,48.06334,0.04382617,8.745695,38.007717
19.52,9.650397,48.159824,0.04339386,8.707473,38.02739
19.53,9.661521,48.256443,0.042965475,8.669368,38.046993
19.54,9.672638,48.35316,0.042540744,8.631396,38.066517
19.55,9.683741,48.449974,0.042120695,8.593552,38.086002
19.56,9.694836,48.54695,0.041703854,8.555822,38.1054
19.57,9.705922,48.644054,0.04129135,8.518222,38.124744
19.58,9.716997,48.741264,0.040882915,8.480747,38.144024
19.59,9.728063,48.838593,0.0404781,8.443401,38.16323
19.6,9.739117,48.93604,0.04007708,8.406172,38.18239
19.61,9.75016,49.033596,0.03967993,8.369069,38.20146
19.62,9.761192,49.131287,0.039286837,8.332092,38.220486
19.63,9.772214,49.22907,0.0388971,8.295241,38.239437
19.64,9.783223,49.327015,0.038511116,8.25851,38.258327
19.65,9.794229,49.425056,0.03812911,8.221901,38.277157
19.66,9.805219,49.523224,0.03775031,8.185421,38.295906
19.67,9.816199,49.6215,0.037375472,8.149056,38.314606
19.68,9.8271675,49.71989,0.037004083,8.112819,38.333237
19.69,9.838123,49.818428,0.03663612,8.076696,38.35182
19.7,9.849072,49.917057,0.03627164,8.040706,38.37033
19.71,9.860007,50.015774,0.035910543,8.004837,38.388756
19.72,9.870931,50.114635,0.0355531,7.9690886,38.40714
19.73,9.881846,50.21363,0.03519898,7.933457,38.425457
19.74,9.892749,50.312725,0.034848124,7.8979483,38.44372
19.75,9.903642,50.411957,0.034500696,7.8625565,38.46192
19.76,9.914523,50.51128,0.034156043,7.827291,38.480045
19.77,9.925393,50.61073,0.033815037,7.7921457,38.49812
19.78,9.936253,50.71028,0.033477046,7.757116,38.516117
19.79,9.947102,50.809956,0.03314212,7.7222075,38.534073
19.8,9.957937,50.90974,0.032810155,7.6874223,38.551956
19.81,9.968761,51.009632,0.032481458,7.6527524,38.569782
19.82,9.979581,51.109657,0.03215546,7.6181993,38.587547
19.83,9.990386,51.20978,0.031832553,7.58377,38.605244
19.84,10.001174,51.310036,0.03151281,7.5494523,38.622883
19.85,10.011958,51.410374,0.031195551,7.5152545,38.640465
19.86,10.022727,51.510857,0.030881181,7.481172,38.657986
19.87,10.0334835,51.61144,0.030569699,7.4472117,38.675446
19.88,10.044236,51.71211,0.030260902,7.4133744,38.692852
19.89,10.054971,51.81289,0.02995497,7.3796453,38.71018
19.9,10.065697,51.913834,0.0296514,7.3460345,38.72747
19.91,10.076414,52.014847,0.029350411,7.312537,38.7447
19.92,10.08712,52.115986,0.029052015,7.279154,38.761845
19.93,10.097815,52.217205,0.028756399,7.2458878,38.778946
19.94,10.108496,52.31857,0.028463356,7.212737,38.795998
19.95,10.119165,52.420044,0.028172128,7.1797028,38.81297
19.96,10.129824,52.52158,0.027884126,7.1467843,38.82989
19.97,10.140475,52.623257,0.027598087,7.1139784,38.84676
19.98,10.1511135,52.725056,0.027314365,7.0812817,38.863583
19.99,10.16174,52.826942,0.027033105,7.0487027,38.880318
20.0,10.172358,52.928932,0.02675416,7.016237,38.897003
20.01,10.182961,53.031036,0.02647746,6.983886,38.91364
20.02,10.193553,53.133255,0.026203142,6.9516473,38.930218
20.03,10.204136,53.23556,0.025930975,6.919517,38.94673
20.04,10.21471,53.33798,0.025660988,6.8875046,38.963184
20.05,10.22527,53.440475,0.025393415,6.8556056,38.979576
20.06,10.235819,53.54309,0.025127813,6.823814,38.99592
20.07,10.246356,53.645832,0.024864268,6.7921386,39.012203
20.08,10.256883,53.74864,0.0246032,6.7605696,39.028427
20.09,10.267398,53.85155,0.02434389,6.729116,39.04459
20.1,10.277901,53.95458,0.024086773,6.6977696,39.060696
20.11,10.288396,54.057705,0.023831613,6.6665344,39.076763
20.12,10.298881,54.160927,0.023579061,6.6354103,39.092735
20.13,10.309345,54.26423,0.023328071,6.6044064,39.108673
20.14,10.319807,54.36763,0.023079371,6.573505,39.124546
20.15,10.330255,54.471127,0.022832662,6.5427155,39.140366
20.16,10.340691,54.57475,0.02258804,6.512034,39.15613
20.17,10.351112,54.67844,0.022345617,6.4814644,39.171825
20.18,10.361525,54.782215,0.02210494,6.4510036,39.187466
20.19,10.371925,54.886086,0.021866262,6.4206557,39.203053
20.2,10.382316,54.990067,0.021629836,6.390413,39.21859
20.21,10.392691,55.094105,0.021395566,6.360292,39.234035
20.22,10.403054,55.198223,0.021163095,6.330271,39.24946
20.23,10.413411,55.302456,0.020932999,6.3003626,39.2648
20.24,10.423749,55.406776,0.020704601,6.270562,39.280094
20.25,10.434079,55.511173,0.020478379,6.2408705,39.295334
20.26,10.444396,55.615673,0.020254452,6.21129,39.310516
20.27,10.454702,55.72021,0.020032449,6.18182,39.325623
20.28,10.464993,55.82486,0.019812692,6.152458,39.340694
20.29,10.475268,55.929596,0.019594721,6.1232066,39.35569
20.3,10.4855385,56.03439,0.01937897,6.0940676,39.370625
20.31,10.49579,56.139267,0.019165572,6.065038,39.3855
20.32,10.506035,56.244255,0.018954113,6.0361156,39.400333
20.33,10.516267,56.34928,0.018745178,6.007302,39.415096
20.34,10.526478,56.45441,0.018537614,5.978595,39.429806
20.35,10.53668,56.5596,0.01833277,5.9500046,39.44445
20.36,10.546869,56.664867,0.018129814,5.921518,39.45905
20.37,10.55705,56.77023,0.0179292,5.8931437,39.47358
20.38,10.56721,56.875652,0.017730722,5.8648815,39.48805
20.39,10.577361,56.98113,0.017534409,5.8367248,39.502457
20.4,10.587502,57.086704,0.017340237,5.8086777,39.516808
20.41,10.597624,57.192375,0.017148534,5.780739,39.531105
20.42,10.607738,57.298077,0.016958993,5.752912,39.54534
20.43,10.617836,57.40388,0.01677126,5.7251925,39.559532
20.44,10.62792,57.509777,0.01658607,5.6975784,39.57363
20.45,10.637992,57.615734,0.01640281,5.670081,39.587704
20.46,10.6480465,57.72173,0.016222093,5.642694,39.601696
20.47,10.65809,57.82782,0.016043473,5.61541,39.615665
20.48,10.668124,57.934017,0.015867392,5.588234,39.62953
20.49,10.678137,58.040306,0.01569276,5.561165,39.64336
20.5,10.688144,58.146633,0.015520666,5.5342083,39.657158
20.51,10.698133,58.25306,0.015350738,5.507359,39.670856
20.52,10.708112,58.35961,0.015182871,5.4806128,39.68452
20.53,10.718077,58.46619,0.015017363,5.453976,39.698124
20.54,10.728028,58.572884,0.014853864,5.4274487,39.711662
20.55,10.737962,58.67965,0.014692327,5.401032,39.725163
20.56,10.747889,58.78651,0.014532885,5.3747144,39.73858
20.57,10.757803,58.89348,0.014375369,5.348507,39.75196
20.58,10.767696,59.00055,0.014220166,5.322401,39.76529
20.59,10.777581,59.107723,0.014066805,5.296403,39.77855
20.6,10.787458,59.214985,0.013915311,5.270513,39.791763
20.61,10.797315,59.322372,0.013765912,5.2447214,39.804924
20.62,10.807169,59.42988,0.013618025,5.2190356,39.81802
20.63,10.817001,59.53745,0.013472409,5.1934614,39.831066
20.64,10.82682,59.645187,0.013328343,5.16798,39.84406
20.65,10.83664,59.753025,0.013186119,5.142605,39.85701
20.66,10.846439,59.860966,0.0130454255,5.117333,39.8699
20.67,10.856226,59.969078,0.012906401,5.0921574,39.882744
20.68,10.865999,60.077297,0.01276923,5.06709,39.895523
20.69,10.875766,60.185646,0.012632941,5.042117,39.908257
20.7,10.885517,60.29414,0.012498696,5.0172462,39.92095
20.71,10.895263,60.402763,0.0123658925,4.992477,39.933575
20.72,10.90499,60.51151,0.0122341635,4.96781,39.946175
20.73,10.914708,60.62043,0.012103955,4.943236,39.95869
20.74,10.924417,60.729477,0.011974754,4.918758,39.97119
20.75,10.934114,60.83867,0.011846798,4.8943806,39.983616
20.76,10.943801,60.948032,0.011720107,4.870096,39.996002
20.77,10.953473,61.057533,0.011594435,4.845916,40.008347
20.78,10.963138,61.16718,0.011469697,4.8218246,40.020634
20.79,10.972789,61.27699,0.011345917,4.7978296,40.032883
20.8,10.982422,61.3869,0.011223293,4.7739406,40.045074
20.81,10.992057,61.496994,0.011101326,4.7501416,40.057228
20.82,11.001669,61.607204,0.0109803155,4.726438,40.069317
20.83,11.011272,61.71757,0.010860045,4.702834,40.08137
20.84,11.020863,61.82805,0.010740537,4.679324,40.09337
20.85,11.030441,61.9387,0.010621465,4.655908,40.10534
20.86,11.040008,62.049435,0.010503413,4.63259,40.117256
20.87,11.049556,62.16029,0.010385821,4.609371,40.129116
20.88,11.059087,62.271233,0.010268743,4.586255,40.140945
20.89,11.068609,62.38227,0.010152684,4.56323,40.152687
20.9,11.078116,62.49342,0.010037216,4.540308,40.164413
20.91,11.087605,62.604595,0.009922062,4.517487,40.176094
20.92,11.0970745,62.71587,0.0098076,4.4947658,40.187725
20.93,11.106525,62.82714,0.009694073,4.472151,40.1993
20.94,11.115963,62.93845,0.009580597,4.44964,40.210815
20.95,11.125377,63.049763,0.009468053,4.427233,40.22229
20.96,11.134762,63.161022,0.009356584,4.404942,40.233692
20.97,11.144127,63.27229,0.009245418,4.382754,40.245075
20.98,11.153465,63.38342,0.009135302,4.3606815,40.256393
20.99,11.162783,63.494514,0.009026042,4.33872,40.26766
21.0,11.172075,63.605503,0.008917411,4.3168736,40.278866
21.01,11.181335,63.71631,0.008810143,4.2951536,40.29
21.02,11.19056,63.826973,0.008703826,4.2735486,40.30109
21.03,11.199758,63.937405,0.008598816,4.252076,40.312138
21.04,11.208914,64.04763,0.008494881,4.2307267,40.323097
21.05,11.2180395,64.15756,0.008392417,4.209514,40.33401
21.06,11.227124,64.2672,0.008291457,4.188432,40.344868
21.07,11.236173,64.3765,0.00819196,4.1674848,40.355633
21.08,11.245171,64.4854,0.008094046,4.146683,40.366367
21.09,11.254132,64.59393,0.007998323,4.1260223,40.37701
21.1,11.263043,64.702,0.00790435,4.105513,40.387585
21.11,11.271908,64.80959,0.007812558,4.085157,40.39809
21.12,11.280713,64.916626,0.007723003,4.064954,40.408535
21.13,11.2894745,65.0231,0.007635674,4.0449104,40.418877
21.14,11.298177,65.129,0.007550772,4.0250316,40.429157
21.15,11.306821,65.23425,0.00746864,4.0053167,40.439373
21.16,11.315412,65.33882,0.007389382,3.9857738,40.4495
21.17,11.323927,65.442696,0.007312644,3.966402,40.459538
21.18,11.332388,65.54579,0.007239242,3.947211,40.469505
21.19,11.340781,65.64807,0.0071690795,3.9282012,40.479374
21.2,11.349105,65.749565,0.007101901,3.9093738,40.489147
21.21,11.357352,65.85017,0.007038333,3.8907406,40.498856
21.22,11.365536,65.94987,0.006978228,3.8722901,40.508472
21.23,11.373641,66.04863,0.0069217063,3.8540382,40.51799
21.24,11.381666,66.146454,0.006868964,3.835982,40.527412
21.25,11.389621,66.24325,0.0068202815,3.8181267,40.53675
21.26,11.39749,66.33902,0.0067749503,3.8004732,40.545986
21.27,11.405275,66.43376,0.0067343167,3.783023,40.55513
21.28,11.412984,66.52741,0.0066977697,3.7657862,40.564167
21.29,11.420606,66.6199,0.006665131,3.7487516,40.573097
21.3,11.42814,66.71127,0.0066366373,3.7319381,40.581947
21.31,11.43559,66.80152,0.006612449,3.7153275,40.59069
21.32,11.442954,66.890564,0.0065923776,3.6989384,40.59932
21.33,11.45022,66.97843,0.006577259,3.682764,40.607876
21.34,11.4574,67.06508,0.0065663536,3.6668048,40.616295
21.35,11.464492,67.150505,0.006559455,3.6510615,40.624622
21.36,11.471487,67.234695,0.0065573417,3.6355402,40.632862
21.37,11.478391,67.31761,0.0065596336,3.6202393,40.640984
21.38,11.485206,67.39924,0.006566262,3.6051576,40.64897
21.39,11.4919195,67.47967,0.006577265,3.5902956,40.6569
21.4,11.498549,67.558784,0.0065925266,3.5756488,40.6647
21.41,11.50508,67.636635,0.0066120485,3.5612237,40.672405
21.42,11.511521,67.71317,0.0066359844,3.547015,40.679996
21.43,11.517862,67.78845,0.0066640205,3.533028,40.687492
21.44,11.524112,67.86245,0.0066964896,3.5192547,40.69488
21.45,11.53027,67.93518,0.006732729,3.5056973,40.70214
21.46,11.536331,68.00661,0.006773248,3.4923577,40.70934
21.47,11.542295,68.0768,0.006817605,3.4792306,40.716396
21.48,11.548173,68.145676,0.006865819,3.4663143,40.723343
21.49,11.553954,68.213295,0.006917567,3.4536068,40.73023
21.5,11.559651,68.27972,0.0069733174,3.4411118,40.736988
21.51,11.565253,68.34488,0.007032734,3.428819,40.74366
21.52,11.57076,68.40879,0.007095449,3.4167316,40.75021
21.53,11.576181,68.47147,0.007161296,3.404846,40.756664
21.54,11.581513,68.532974,0.007230538,3.3931644,40.76304
21.55,11.586758,68.59326,0.0073030842,3.3816783,40.769283
21.56,11.591913,68.65239,0.0073787095,3.3703878,40.77545
21.57,11.596978,68.710365,0.0074569113,3.3592896,40.7815
21.58,11.601966,68.76717,0.0075380304,3.348383,40.787483
21.59,11.606866,68.822845,0.007621453,3.337665,40.793365
21.6,11.61168,68.877396,0.0077081597,3.327131,40.79914
21.61,11.616412,68.93087,0.0077969264,3.316781,40.804832
21.62,11.621067,68.98323,0.007888059,3.3066125,40.81044
21.63,11.625633,69.034546,0.007981408,3.29662,40.81594
21.64,11.63013,69.084785,0.008076652,3.2868013,40.821365
21.65,11.634541,69.13403,0.008174041,3.277153,40.826694
21.66,11.63888,69.18222,0.008273239,3.2676756,40.831917
21.67,11.643142,69.22944,0.008374084,3.2583668,40.837093
21.68,11.647323,69.27567,0.008476537,3.2492166,40.842167
21.69,11.651434,69.32095,0.0085803745,3.2402313,40.84714
21.7,11.655473,69.36531,0.008685546,3.2314022,40.852062
21.71,11.659443,69.4087,0.008792251,3.2227287,40.85688
21.72,11.663343,69.45121,0.008899717,3.2142117,40.861626
21.73,11.667169,69.4928,0.009008297,3.205838,40.86628
21.74,11.670934,69.53355,0.009118031,3.1976144,40.870876
21.75,11.674624,69.57344,0.009228522,3.189536,40.87539
21.76,11.678248,69.61252,0.009339545,3.1815972,40.879814
21.77,11.68182,69.65074,0.009451319,3.1737964,40.88417
21.78,11.685313,69.68818,0.009563518,3.1661336,40.88847
21.79,11.688749,69.72484,0.009676273,3.1586068,40.892673
21.8,11.692123,69.760704,0.009789288,3.1512103,40.89681
21.81,11.69544,69.79583,0.009902403,3.1439412,40.90088
21.82,11.698694,69.83023,0.01001597,3.136798,40.904903
21.83,11.701895,69.86392,0.010129412,3.12978,40.90883
21.84,11.705031,69.89688,0.010242779,3.122882,40.912693
21.85,11.708119,69.92915,0.010356345,3.1161044,40.916496
21.86,11.711147,69.9608,0.010469468,3.1094437,40.920246
21.87,11.714121,69.99175,0.010582548,3.1028938,40.92391
21.88,11.717045,70.02203,0.010695379,3.0964603,40.92751
21.89,11.719915,70.05171,0.010807698,3.0901337,40.93106
21.9,11.722729,70.08077,0.0109198205,3.083918,40.93456
21.91,11.725493,70.109245,0.0110313045,3.0778031,40.937996
21.92,11.7282095,70.137115,0.0111419475,3.071796,40.941338
21.93,11.730883,70.16441,0.011252407,3.0658882,40.94466
21.94,11.733503,70.19117,0.011361929,3.0600805,40.947914
21.95,11.736075,70.21737,0.01147065,3.0543685,40.951107
21.96,11.738601,70.243,0.011578969,3.0487533,40.954254
21.97,11.741086,70.26814,0.011686378,3.0432308,40.95734
21.98,11.7435255,70.29272,0.01179286,3.0377994,40.960373
21.99,11.745923,70.316864,0.011898327,3.0324607,40.963352
22.0,11.748273,70.34048,0.012002937,3.0272021,40.96629
22.01,11.750582,70.3636,0.012106592,3.0220385,40.96917
22.02,11.752853,70.38627,0.012209313,3.016953,40.971985
22.03,11.75508,70.40849,0.0123107415,3.0119522,40.97478
22.04,11.757271,70.430244,0.01241159,3.0070324,40.977497
22.05,11.75942,70.45159,0.012510869,3.0021923,40.98018
22.06,11.761529,70.47248,0.012609139,2.9974287,40.982822
22.07,11.763607,70.49293,0.012706184,2.99274,40.98542
22.08,11.765644,70.513016,0.012802428,2.988129,40.987953
22.09,11.767643,70.5327,0.012897111,2.9835877,40.990467
22.1,11.769608,70.55199,0.012990264,2.9791212,40.99291
22.11,11.771543,70.57088,0.013082626,2.9747221,40.995316
22.12,11.773434,70.589386,0.013173318,2.9703918,40.997704
22.13,11.775296,70.60755,0.013263142,2.966131,41.000027
22.14,11.777125,70.62533,0.013351378,2.9619331,41.002304
22.15,11.778921,70.642784,0.013438606,2.9577997,41.004562
22.16,11.780688,70.65988,0.013524014,2.9537337,41.006767
22.17,11.782424,70.67666,0.0136083085,2.9497247,41.008945
22.18,11.784126,70.6931,0.013691217,2.9457781,41.011066
22.19,11.7858,70.709206,0.013772912,2.941892,41.01316
22.2,11.787443,70.725006,0.013852997,2.938061,41.01522
22.21,11.789057,70.7405,0.013931843,2.9342918,41.017223
22.22,11.790639,70.75572,0.014009097,2.9305732,41.01922
22.23,11.792197,70.77063,0.014085132,2.9269128,41.02116
22.24,11.79373,70.785225,0.014159676,2.923304,41.023067
22.25,11.795231,70.79955,0.014232792,2.919748,41.02495
22.26,11.796702,70.813614,0.014304717,2.9162436,41.026794
22.27,11.798157,70.82742,0.014374854,2.9127903,41.02861
22.28,11.799582,70.84094,0.014444127,2.9093862,41.03038
22.29,11.8009815,70.85421,0.014511596,2.9060287,41.032116
22.3,11.802354,70.86724,0.014577639,2.9027214,41.033836
22.31,11.803708,70.88,0.014642285,2.8994582,41.03551
22.32,11.805036,70.89253,0.014705492,2.8962414,41.037186
22.33,11.806334,70.90481,0.014767471,2.893068,41.038784
22.34,11.807614,70.91687,0.014827818,2.8899407,41.040386
22.35,11.808873,70.9287,0.014886931,2.8868515,41.04194
22.36,11.810111,70.94029,0.014944708,2.8838067,41.043488
22.37,11.811322,70.95167,0.015001027,2.8808055,41.045
22.38,11.812513,70.96283,0.015055539,2.8778412,41.046463
22.39,11.813685,70.973816,0.015109176,2.8749173,41.04792
22.4,11.814837,70.984566,0.0151611585,2.8720305,41.049347
22.41,11.815962,70.99512,0.015211832,2.8691835,41.050747
22.42,11.817077,71.005486,0.015261172,2.8663719,41.052135
22.43,11.818169,71.015625,0.015309274,2.863595,41.05347
22.44,11.819241,71.02561,0.015355818,2.8608556,41.054794
22.45,11.820293,71.03543,0.015401135,2.8581498,41.056076
22.46,11.821327,71.04504,0.015444893,2.8554788,41.05735
22.47,11.822344,71.05448,0.015487716,2.8528385,41.058605
22.48,11.823338,71.06372,0.015529113,2.8502367,41.059826
22.49,11.824319,71.072815,0.0155687705,2.8476622,41.06103
22.5,11.825279,71.08173,0.015607536,2.8451183,41.06221
22.51,11.826226,71.09052,0.015645191,2.8426075,41.063362
22.52,11.827151,71.099106,0.015680864,2.8401246,41.064507
22.53,11.828063,71.10754,0.015715692,2.8376732,41.065628
22.54,11.828963,71.11582,0.015749414,2.835245,41.066708
22.55,11.829844,71.12397,0.01578141,2.8328483,41.06778
22.56,11.830712,71.13195,0.01581228,2.8304799,41.06884
22.57,11.831559,71.13978,0.015842099,2.8281362,41.069855
22.58,11.832397,71.147484,0.01587073,2.8258214,41.070877
22.59,11.833215,71.15505,0.015898064,2.8235295,41.071857
22.6,11.834016,71.16249,0.01592381,2.8212671,41.07284
22.61,11.834806,71.16977,0.015948717,2.8190231,41.073776
22.62,11.83559,71.17694,0.01597238,2.8168087,41.074707
22.63,11.836354,71.183975,0.0159946,2.814613,41.075626
22.64,11.8371,71.19086,0.016015938,2.8124437,41.07653
22.65,11.837838,71.19764,0.016036255,2.8102944,41.077408
22.66,11.838564,71.204315,0.016055126,2.8081684,41.078278
22.67,11.839273,71.21084,0.016072964,2.8060625,41.07911
22.68,11.839974,71.21727,0.016089711,2.8039818,41.079956
22.69,11.840657,71.22357,0.016105393,2.8019173,41.080738
22.7,11.841329,71.229805,0.016119603,2.7998738,41.08155
22.71,11.841994,71.23587,0.01613285,2.7978504,41.082325
22.72,11.842645,71.241844,0.01614502,2.7958474,41.0831
22.73,11.843284,71.2477,0.016156,2.7938619,41.083836
22.74,11.843911,71.25348,0.016166346,2.7918935,41.084564
22.75,11.844529,71.25915,0.016175006,2.7899468,41.085274
22.76,11.845136,71.264725,0.016183052,2.7880147,41.08598
22.77,11.845729,71.270164,0.016190046,2.7860978,41.08667
22.78,11.846313,71.275536,0.01619577,2.7841995,41.087345
22.79,11.846889,71.28084,0.016200744,2.782321,41.087994
22.8,11.847444,71.28599,0.016204407,2.7804558,41.088642
22.81,11.848001,71.291115,0.016207285,2.778602,41.08928
22.82,11.848547,71.296104,0.01620886,2.7767656,41.089893
22.83,11.849079,71.30102,0.016209768,2.7749457,41.090492
22.84,11.849602,71.30585,0.016209597,2.773139,41.091076
22.85,11.85012,71.3106,0.016208261,2.771346,41.091656
22.86,11.850621,71.31526,0.016206108,2.7695673,41.092224
22.87,11.851122,71.31986,0.016202977,2.7678027,41.09278
22.88,11.851611,71.32434,0.016198896,2.766049,41.09332
22.89,11.85209,71.32877,0.016193837,2.7643094,41.093857
22.9,11.85256,71.33313,0.016188093,2.7625847,41.094364
22.91,11.8530245,71.337395,0.016181253,2.7608662,41.09486
22.92,11.853477,71.341606,0.016173601,2.7591634,41.095375
22.93,11.853919,71.34575,0.016164692,2.7574692,41.095837
22.94,11.854362,71.349785,0.01615533,2.7557876,41.09632
22.95,11.854787,71.35377,0.016144754,2.7541175,41.09677
22.96,11.855212,71.3577,0.016133565,2.7524588,41.097214
22.97,11.855627,71.36157,0.016121166,2.7508078,41.09766
22.98,11.856033,71.36534,0.01610806,2.7491655,41.098087
22.99,11.85643,71.369064,0.01609417,2.7475364,41.098495
23.0,11.856822,71.37273,0.016079452,2.745915,41.09892
23.01,11.85721,71.37632,0.01606399,2.7443025,41.099316
23.02,11.857589,71.37986,0.016047316,2.7426968,41.099705
23.03,11.857964,71.38335,0.016030204,2.7411025,41.100067
23.04,11.858328,71.386765,0.016012134,2.739516,41.100433
23.05,11.858684,71.390114,0.015993228,2.7379382,41.100803
23.06,11.8590355,71.39341,0.01597355,2.7363653,41.101147
23.07,11.859385,71.396675,0.015953012,2.7348027,41.101482
23.08,11.859724,71.39988,0.015931662,2.7332456,41.101818
23.09,11.860057,71.40302,0.015909467,2.7316976,41.10214
23.1,11.860383,71.4061,0.015886545,2.7301512,41.10246
23.11,11.860705,71.40915,0.015862836,2.728615,41.10278
23.12,11.861022,71.41214,0.015838696,2.7270873,41.10306
23.13,11.861331,71.41506,0.01581351,2.7255597,41.10336
23.14,11.861636,71.41797,0.01578752,2.7240424,41.103634
23.15,11.861935,71.42081,0.015760897,2.7225308,41.103912
23.16,11.862227,71.423584,0.015733551,2.7210233,41.104176
23.17,11.862516,71.42636,0.015705343,2.7195165,41.104446
23.18,11.862797,71.429054,0.015676493,2.718022,41.10468
23.19,11.863075,71.43175,0.015646964,2.7165277,41.104927
23.2,11.863348,71.43437,0.0156165995,2.71504,41.105164
23.21,11.863615,71.43692,0.015585564,2.7135577,41.105392
23.22,11.863878,71.43946,0.015554072,2.7120779,41.10561
23.23,11.864135,71.441956,0.015521591,2.7106013,41.10583
23.24,11.864386,71.444405,0.015488212,2.70913,41.106033
23.25,11.8646345,71.44679,0.015454713,2.7076612,41.106236
23.26,11.86488,71.44916,0.015420125,2.7061958,41.10642
23.27,11.865117,71.45152,0.015385145,2.7047334,41.10661
23.28,11.865353,71.45381,0.015349198,2.7032764,41.106785
23.29,11.865582,71.45609,0.015312627,2.701819,41.106964
23.3,11.865809,71.458336,0.015275323,2.700366,41.10713
23.31,11.866029,71.460495,0.015237549,2.6989152,41.1073
23.32,11.86625,71.46266,0.0151990205,2.6974683,41.107445
23.33,11.866462,71.46478,0.015159711,2.6960206,41.1076
23.34,11.866672,71.46686,0.015120041,2.6945755,41.107727
23.35,11.866873,71.46892,0.01507983,2.693133,41.107872
23.36,11.867078,71.47095,0.015038585,2.6916907,41.107998
23.37,11.867277,71.47294,0.014996681,2.6902518,41.108124
23.38,11.867471,71.474915,0.014954263,2.688814,41.108246
23.39,11.867662,71.47684,0.01491131,2.6873753,41.108368
23.4,11.867846,71.478745,0.014867948,2.6859384,41.10847
23.41,11.8680315,71.480606,0.014823577,2.684505,41.108578
23.42,11.868216,71.48246,0.014778802,2.683071,41.10868
23.43,11.86839,71.48429,0.014733096,2.6816342,41.10877
23.44,11.868566,71.48607,0.014687037,2.6802006,41.108856
23.45,11.868735,71.48786,0.014640553,2.6787667,41.108944
23.46,11.868901,71.48956,0.014593219,2.6773329,41.10903
23.47,11.869067,71.491295,0.014545102,2.6759,41.109104
23.48,11.869228,71.49295,0.014496727,2.674466,41.109158
23.49,11.869381,71.49463,0.014447655,2.6730306,41.109215
23.5,11.8695345,71.49628,0.014397882,2.6715963,41.109276
23.51,11.869691,71.497894,0.014347408,2.6701608,41.109325
23.52,11.86984,71.49948,0.014296925,2.6687257,41.10939
23.53,11.869985,71.50106,0.014245312,2.667288,41.10942
23.54,11.87013,71.5026,0.014193205,2.6658506,41.10948
23.55,11.870266,71.50412,0.014140611,2.6644115,41.109505
23.56,11.870404,71.50561,0.014087446,2.6629732,41.10953
23.57,11.870541,71.50708,0.014033824,2.6615317,41.109562
23.58,11.870671,71.50853,0.013979339,2.6600869,41.10958
23.59,11.8708,71.50998,0.013924304,2.658642,41.109604
23.6,11.870926,71.51138,0.013869114,2.6571934,41.109608
23.61,11.871052,71.512794,0.013812982,2.655746,41.109627
23.62,11.871171,71.514175,0.013756404,2.6542945,41.109623
23.63,11.871289,71.51554,0.013699457,2.6528435,41.109642
23.64,11.871406,71.516884,0.013641691,2.6513908,41.109627
23.65,11.871523,71.5182,0.013583411,2.6499314,41.10963
23.66,11.871637,71.51951,0.01352459,2.6484733,41.109627
23.67,11.871749,71.52081,0.01346528,2.6470132,41.10961
23.68,11.871849,71.52208,0.013405249,2.645546,41.109596
23.69,11.87196,71.523346,0.013344763,2.6440773,41.109566
23.7,11.8720665,71.524574,0.013283988,2.6426094,41.109562
23.71,11.87217,71.5258,0.013222297,2.6411357,41.109516
23.72,11.872269,71.52699,0.013160048,2.639661,41.109493
23.73,11.872367,71.5282,0.013097517,2.6381779,41.109463
23.74,11.872466,71.529366,0.0130342785,2.636697,41.109432
23.75,11.872554,71.53051,0.012970591,2.635211,41.109398
23.76,11.8726425,71.53167,0.012906488,2.6337173,41.10936
23.77,11.872739,71.53283,0.012841612,2.6322272,41.1093
23.78,11.872826,71.53396,0.012776223,2.630731,41.10926
23.79,11.8729105,71.53506,0.012710369,2.6292274,41.10921
23.8,11.872993,71.53614,0.012643982,2.6277227,41.109154
23.81,11.873078,71.53723,0.012577079,2.626215,41.109097
23.82,11.87316,71.538315,0.012509605,2.6247025,41.109028
23.83,11.873239,71.53935,0.012441564,2.6231844,41.10897
23.84,11.873319,71.540405,0.01237294,2.6216648,41.108887
23.85,11.873393,71.541435,0.012303959,2.6201372,41.10882
23.86,11.873467,71.54245,0.012234345,2.6186066,41.108753
23.87,11.873538,71.54346,0.012164267,2.61707,41.10869
23.88,11.873612,71.54446,0.012093656,2.6155338,41.108593
23.89,11.873678,71.545456,0.012022446,2.6139894,41.108517
23.9,11.87375,71.546425,0.011950961,2.61244,41.108448
23.91,11.873817,71.5474,0.011878824,2.610886,41.108356
23.92,11.873879,71.548355,0.01180584,2.609328,41.10826
23.93,11.873952,71.54932,0.011732851,2.6077611,41.10818
23.94,11.874011,71.55023,0.011658808,2.606193,41.108086
23.95,11.874075,71.55116,0.011584769,2.6046176,41.107994
23.96,11.874129,71.55209,0.011510187,2.6030383,41.107883
23.97,11.874191,71.55303,0.011434505,2.6014533,41.107773
23.98,11.874252,71.55395,0.011358654,2.5998592,41.107674
23.99,11.874302,71.55482,0.011282444,2.5982633,41.107574
24.0,11.874359,71.55571,0.011205709,2.596661,41.107468
24.01,11.874415,71.55661,0.011128232,2.595052,41.10735
24.02,11.874465,71.55747,0.011050388,2.5934403,41.10725
24.03,11.874513,71.55831,0.010971746,2.5918193,41.10714
24.04,11.874567,71.55918,0.010892959,2.590194,41.107
24.05,11.874618,71.56006,0.010813536,2.5885634,41.10689
24.06,11.874665,71.56089,0.010733336,2.5869224,41.106762
24.07,11.874709,71.56174,0.0106531745,2.5852785,41.10664
24.08,11.874756,71.56257,0.010572005,2.5836282,41.106525
24.09,11.874799,71.56338,0.010490453,2.5819716,41.106384
24.1,11.874846,71.56422,0.01040842,2.5803063,41.10625
24.11,11.874886,71.56502,0.010325636,2.578636,41.10612
24.12,11.8749275,71.56582,0.010242708,2.5769591,41.10598
24.13,11.874967,71.56665,0.010159242,2.5752761,41.105846
24.14,11.875006,71.56741,0.010075118,2.5735865,41.105713
24.15,11.8750515,71.568214,0.009990318,2.5718884,41.10557
24.16,11.875086,71.56901,0.009905142,2.570184,41.10544
24.17,11.875126,71.5698,0.009819668,2.5684743,41.105286
24.18,11.875161,71.570564,0.009733454,2.5667555,41.105125
24.19,11.875195,71.57134,0.009646613,2.565032,41.10499
24.2,11.875229,71.57212,0.009559288,2.5632977,41.104843
24.21,11.875265,71.57287,0.009471797,2.5615592,41.10469
24.22,11.875294,71.57364,0.009383227,2.5598114,41.104534
24.23,11.875324,71.57436,0.00929455,2.5580575,41.104385
24.24,11.875359,71.57515,0.009205476,2.5562959,41.104233
24.25,11.875394,71.57589,0.009115426,2.5545244,41.104076
24.26,11.875418,71.576645,0.009025164,2.5527484,41.103912
24.27,11.875449,71.57737,0.00893431,2.5509632,41.10376
24.28,11.875479,71.578125,0.008842793,2.5491703,41.103584
24.29,11.875505,71.57884,0.00875096,2.547372,41.10342
24.3,11.875534,71.57957,0.008658645,2.5455627,41.10326
24.31,11.875558,71.58032,0.008565657,2.5437493,41.103085
24.32,11.875585,71.581055,0.008472066,2.5419216,41.102924
24.33,11.875611,71.581764,0.008377997,2.5400908,41.102753
24.34,11.875636,71.582504,0.008283708,2.5382524,41.102562
24.35,11.87566,71.58322,0.008188331,2.536402,41.102398
24.36,11.875679,71.58393,0.008093007,2.5345461,41.10223
24.37,11.875705,71.58466,0.007996885,2.5326798,41.102047
24.38,11.875729,71.58536,0.007900221,2.5308065,41.10187
24.39,11.8757515,71.58608,0.0078030312,2.528925,41.101673
24.4,11.875767,71.58679,0.007705513,2.5270348,41.1015
24.41,11.87579,71.587494,0.0076071145,2.525136,41.101315
24.42,11.87581,71.58819,0.0075084423,2.5232286,41.101128
24.43,11.875826,71.588905,0.007409174,2.521313,41.100952
24.44,11.875851,71.58961,0.007309321,2.5193868,41.10077
24.45,11.875867,71.59029,0.0072089615,2.5174565,41.100574
24.46,11.875881,71.590996,0.0071082516,2.5155098,41.100384
24.47,11.8759,71.59174,0.007006719,2.51356,41.100197
24.48,11.87592,71.592415,0.006904956,2.511598,41.100002
24.49,11.875933,71.593124,0.0068021645,2.5096285,41.0998
24.5,11.875949,71.59381,0.00669928,2.50765,41.099606
24.51,11.875967,71.59452,0.0065957005,2.5056612,41.09942
24.52,11.875984,71.59522,0.0064919004,2.5036662,41.099224
24.53,11.875998,71.595924,0.006387139,2.501659,41.099026
24.54,11.876015,71.59663,0.0062818727,2.499643,41.09881
24.55,11.876026,71.597336,0.0061761695,2.4976196,41.098614
24.56,11.876041,71.598015,0.0060701026,2.4955847,41.098404
24.57,11.876055,71.598724,0.005963202,2.4935396,41.09819
24.58,11.876066,71.5994,0.0058559026,2.4914877,41.098003
24.59,11.876081,71.60012,0.0057481187,2.4894238,41.097797
24.6,11.876094,71.60084,0.005639615,2.48735,41.097584
24.61,11.876106,71.60153,0.0055307313,2.4852703,41.097374
24.62,11.876118,71.60223,0.005420962,2.4831784,41.097164
24.63,11.876129,71.60296,0.0053111548,2.4810772,41.09694
24.64,11.876138,71.603645,0.0052002333,2.4789636,41.09674
24.65,11.876147,71.60435,0.0050893533,2.4768436,41.096527
24.66,11.87616,71.60505,0.0049774656,2.4747112,41.096317
24.67,11.876168,71.60575,0.004865417,2.4725683,41.096092
24.68,11.876181,71.60646,0.0047527375,2.4704187,41.09588
24.69,11.876188,71.607185,0.0046392716,2.468257,41.095657
24.7,11.876203,71.60787,0.004525315,2.4660835,41.09544
24.71,11.876213,71.608574,0.0044108154,2.463903,41.095226
24.72,11.876222,71.609314,0.004295836,2.461711,41.095013
24.73,11.876232,71.610016,0.00417996,2.459509,41.09478
24.74,11.876242,71.61074,0.0040640207,2.4572952,41.09456
24.75,11.876246,71.61146,0.0039474154,2.4550712,41.09433
24.76,11.876254,71.61217,0.0038299486,2.452836,41.09411
24.77,11.876266,71.612885,0.0037122257,2.4505918,41.093884
24.78,11.876273,71.61361,0.0035937615,2.4483347,41.093647
24.79,11.876279,71.61434,0.0034748726,2.4460726,41.09342
24.8,11.876289,71.615074,0.0033552162,2.4437969,41.093197
24.81,11.876297,71.615814,0.0032351473,2.4415107,41.092953
24.82,11.876305,71.61653,0.0031143203,2.439211,41.092716
24.83,11.876311,71.61728,0.002993199,2.4369059,41.09249
24.84,11.876318,71.61803,0.0028711185,2.434584,41.092262
24.85,11.8763275,71.618744,0.0027488684,2.4322546,41.092033
24.86,11.876333,71.619484,0.0026260484,2.4299119,41.09178
24.87,11.876341,71.62025,0.0025021974,2.427561,41.091557
24.88,11.876347,71.62099,0.0023784377,2.4251988,41.091328
24.89,11.876353,71.62174,0.0022538379,2.4228241,41.091103
24.9,11.876357,71.62247,0.002128316,2.4204373,41.090843
24.91,11.876367,71.62322,0.002002648,2.4180443,41.090603
24.92,11.87637,71.62397,0.0018759929,2.415635,41.090363
24.93,11.876378,71.624756,0.0017489353,2.4132185,41.09012
24.94,11.876383,71.62551,0.0016215229,2.4107873,41.08988
24.95,11.87639,71.626274,0.0014931159,2.408345,41.089638
24.96,11.876392,71.627045,0.001364423,2.4058926,41.08939
24.97,11.8764,71.6278,0.0012351424,2.4034276,41.089146
24.98,11.876406,71.62858,0.0011051595,2.4009535,41.088898
24.99,11.876412,71.62935,0.0009744726,2.3984666,41.088654
25.0,11.876417,71.63012,0.0008434234,2.395968,41.08841
25.01,11.876423,71.63092,0.00071161427,2.3934572,41.088146
25.02,11.876428,71.63172,0.0005793972,2.3909373,41.087902
25.03,11.876434,71.6325,0.00044659525,2.3884032,41.08764
25.04,11.876439,71.6333,0.0003127968,2.3858595,41.08739
25.05,11.876448,71.63408,0.00017889217,2.3833027,41.087143
25.06,11.876453,71.63487,4.4092536e-05,2.380735,41.086887
25.07,11.876459,71.63568,-9.112153e-05,2.3781528,41.086617
25.08,11.876461,71.63648,-0.00022718217,2.3755605,41.08638
25.09,11.876468,71.6373,-0.00036384258,2.3729563,41.086124
25.1,11.8764715,71.63812,-0.00050073117,2.3703413,41.08587
25.11,11.87648,71.63893,-0.00063854456,2.3677123,41.085598
25.12,11.876485,71.63975,-0.0007768655,2.3650737,41.08534
25.13,11.876489,71.64056,-0.0009158654,2.362422,41.085083
25.14,11.876493,71.641396,-0.0010553431,2.3597574,41.08482
25.15,11.876501,71.64223,-0.0011954745,2.3570833,41.084557
25.16,11.876504,71.64306,-0.0013363762,2.3543932,41.0843
25.17,11.876507,71.64389,-0.0014776392,2.351695,41.084026
25.18,11.8765135,71.64473,-0.0016196957,2.348982,41.083755
25.19,11.876518,71.64559,-0.0017623892,2.3462567,41.0835
25.2,11.876522,71.64642,-0.0019056508,2.3435202,41.083225
25.21,11.876534,71.64726,-0.0020494852,2.340771,41.082966
25.22,11.876533,71.64814,-0.002194073,2.3380103,41.082695
25.23,11.876542,71.648994,-0.0023393566,2.335237,41.082417
25.24,11.876546,71.64986,-0.00248486,2.3324516,41.08215
25.25,11.876547,71.65073,-0.0026312852,2.3296525,41.081886
25.26,11.876555,71.65159,-0.0027781362,2.32684,41.081623
25.27,11.876565,71.65249,-0.0029257983,2.324017,41.081333
25.28,11.876569,71.65335,-0.0030740416,2.3211808,41.08106
25.29,11.8765745,71.65424,-0.0032228502,2.3183305,41.080788
25.3,11.876581,71.65511,-0.003372508,2.3154702,41.0805
25.31,11.876585,71.656006,-0.0035228645,2.3125975,41.08023
25.32,11.876593,71.6569,-0.003673385,2.3097103,41.079956
25.33,11.876596,71.65781,-0.0038248552,2.3068109,41.079662
25.34,11.8766,71.658714,-0.0039767204,2.3039005,41.079384
25.35,11.876607,71.65962,-0.00412958,2.300975,41.079105
25.36,11.876611,71.66053,-0.0042829113,2.2980387,41.078827
25.37,11.876621,71.66146,-0.004437157,2.295089,41.07855
25.38,11.876625,71.662384,-0.004591831,2.2921238,41.078266
25.39,11.876631,71.66331,-0.0047466652,2.2891486,41.07798
25.4,11.876638,71.664246,-0.0049027773,2.2861593,41.077682
25.41,11.876639,71.66516,-0.0050592935,2.283156,41.07741
25.42,11.876652,71.66611,-0.0052167038,2.2801428,41.07713
25.43,11.876654,71.66705,-0.005374371,2.2771163,41.07683
25.44,11.87666,71.66799,-0.0055329213,2.2740748,41.07654
25.45,11.876671,71.668945,-0.005692073,2.2710197,41.07624
25.46,11.876676,71.66989,-0.005851916,2.2679572,41.07595
25.47,11.87668,71.670845,-0.0060121836,2.2648773,41.075657
25.48,11.876685,71.67182,-0.0061735203,2.2617836,41.07536
25.49,11.876695,71.672775,-0.006335213,2.2586794,41.07506
25.5,11.876701,71.673744,-0.0064978907,2.2555559,41.07477
25.51,11.876709,71.67472,-0.006660751,2.2524264,41.074474
25.52,11.876714,71.6757,-0.0068247104,2.2492812,41.07418
25.53,11.876717,71.6767,-0.0069891205,2.246123,41.073883
25.54,11.876732,71.67769,-0.0071542235,2.242951,41.073586
25.55,11.876739,71.67868,-0.0073199635,2.2397654,41.07328
25.56,11.876743,71.67966,-0.007486255,2.2365696,41.07297
25.57,11.87675,71.68068,-0.007653442,2.2333562,41.072666
25.58,11.876759,71.68168,-0.007821512,2.2301307,41.072365
25.59,11.876766,71.68269,-0.007989797,2.226895,41.072052
25.6,11.876772,71.68369,-0.008159018,2.2236426,41.071754
25.61,11.876783,71.68471,-0.008328575,2.220377,41.071438
25.62,11.876787,71.685745,-0.008498884,2.2170994,41.07114
25.63,11.876797,71.68675,-0.008670217,2.2138088,41.070816
25.64,11.8768,71.68778,-0.008842074,2.2105033,41.070507
25.65,11.876804,71.68882,-0.009014611,2.2071857,41.070206
25.66,11.876819,71.689865,-0.009187664,2.2038522,41.06989
25.67,11.876821,71.69089,-0.009361715,2.2005074,41.06957
25.68,11.87683,71.69194,-0.009536059,2.1971512,41.06925
25.69,11.876841,71.693,-0.009711339,2.1937742,41.06894
25.7,11.876846,71.69407,-0.009887326,2.1903908,41.06861
25.71,11.876853,71.69511,-0.010063994,2.1869922,41.068295
25.72,11.876863,71.69618,-0.0102412375,2.183577,41.067974
25.73,11.87687,71.697235,-0.010419174,2.1801505,41.067646
25.74,11.876876,71.698296,-0.010597925,2.176711,41.06733
25.75,11.876882,71.6994,-0.010777176,2.1732583,41.067
25.76,11.876896,71.70046,-0.010957432,2.16979,41.066685
25.77,11.876904,71.70155,-0.011138211,2.16631,41.06634
25.78,11.876908,71.70264,-0.0113196755,2.1628146,41.06603
25.79,11.87692,71.70374,-0.011501941,2.1593032,41.065685
25.8,11.876926,71.70482,-0.011684361,2.1557837,41.06535
25.81,11.876936,71.70592,-0.011868029,2.1522493,41.065033
25.82,11.876946,71.70702,-0.012052336,2.1486988,41.064697
25.83,11.876952,71.70813,-0.012237663,2.145137,41.064354
25.84,11.87696,71.70923,-0.0124233505,2.141559,41.06401
25.85,11.876972,71.710365,-0.012609384,2.137969,41.063683
25.86,11.876979,71.71148,-0.012796824,2.134365,41.06333
25.87,11.876986,71.71259,-0.0129842935,2.1307461,41.063
25.88,11.876995,71.71372,-0.013173054,2.127115,41.06265
25.89,11.877001,71.71483,-0.013362094,2.1234677,41.0623
25.9,11.877011,71.715965,-0.0135522885,2.1198092,41.061954
25.91,11.877019,71.71711,-0.013743001,2.116135,41.061623
25.92,11.87703,71.71824,-0.013934101,2.112449,41.061253
25.93,11.877039,71.71938,-0.014126201,2.108749,41.060913
25.94,11.877047,71.72053,-0.014319106,2.1050346,41.06057
25.95,11.877055,71.72168,-0.014512702,2.1013055,41.060204
25.96,11.877062,71.72285,-0.014707006,2.0975635,41.05985
25.97,11.877074,71.724,-0.014902196,2.0938067,41.059505
25.98,11.877087,71.72514,-0.015097498,2.0900362,41.05914
25.99,11.877091,71.72633,-0.015293795,2.086254,41.058784
26.0,11.8771,71.72747,-0.015491125,2.0824542,41.058414
26.01,11.877105,71.728645,-0.015689168,2.0786443,41.058044
26.02,11.877119,71.72981,-0.015887719,2.0748196,41.05769
26.03,11.877128,71.73098,-0.016087152,2.070981,41.05731
26.04,11.877133,71.73218,-0.016287044,2.0671275,41.056953
26.05,11.877142,71.73337,-0.01648793,2.0632582,41.056595
26.06,11.87715,71.734535,-0.016689487,2.0593793,41.05622
26.07,11.877162,71.73573,-0.016891722,2.055485,41.055847
26.08,11.877168,71.73694,-0.01709478,2.0515766,41.05547
26.09,11.877175,71.738106,-0.017298736,2.0476515,41.055084
26.1,11.877185,71.7393,-0.017503068,2.043716,41.05471
26.11,11.877195,71.7405,-0.017708361,2.0397623,41.05433
26.12,11.877198,71.7417,-0.017914068,2.035802,41.05395
26.13,11.877209,71.742905,-0.01812074,2.0318227,41.053566
26.14,11.877216,71.744125,-0.018328324,2.0278313,41.05319
26.15,11.877224,71.74532,-0.018536553,2.0238256,41.052795
26.16,11.877236,71.74655,-0.018745404,2.0198061,41.05239
26.17,11.87724,71.74776,-0.018955167,2.015774,41.052006
26.18,11.87725,71.748985,-0.019165479,2.0117247,41.051613
26.19,11.877254,71.75021,-0.019376852,2.007663,41.051216
26.2,11.877266,71.75143,-0.019588675,2.0035875,41.05083
26.21,11.8772745,71.75263,-0.019801293,1.9994975,41.05041
26.22,11.877278,71.75387,-0.02001483,1.9953952,41.050026
26.23,11.877286,71.75512,-0.020228907,1.9912778,41.04962
26.24,11.877293,71.75633,-0.020443983,1.9871482,41.049202
26.25,11.877301,71.75756,-0.020659748,1.9830035,41.04881
26.26,11.877309,71.758804,-0.020876087,1.9788438,41.048397
26.27,11.877315,71.76003,-0.021093339,1.9746686,41.047985
26.28,11.87732,71.76129,-0.021311287,1.9704845,41.04758
26.29,11.877326,71.762535,-0.021530304,1.9662815,41.047146
26.3,11.87733,71.76378,-0.021749612,1.9620681,41.046722
26.31,11.877339,71.76503,-0.021969963,1.9578401,41.046295
26.32,11.877349,71.76626,-0.022190873,1.9535975,41.045883
26.33,11.877355,71.76751,-0.022412658,1.9493426,41.045464
26.34,11.877357,71.76876,-0.022635158,1.9450731,41.04503
26.35,11.877364,71.77002,-0.022858404,1.9407903,41.0446
26.36,11.877369,71.771255,-0.02308289,1.9364929,41.044163
26.37,11.877375,71.7725,-0.023307845,1.9321812,41.04374
26.38,11.877379,71.773766,-0.023533557,1.9278578,41.043293
26.39,11.877385,71.775024,-0.023759753,1.923518,41.042854
26.4,11.877387,71.776306,-0.02398692,1.9191633,41.042416
26.41,11.877398,71.77755,-0.024214879,1.9147984,41.041977
26.42,11.8773985,71.77881,-0.024443593,1.9104183,41.041523
26.43,11.877405,71.78007,-0.024673264,1.9060216,41.041073
26.44,11.877411,71.78136,-0.024903506,1.9016142,41.04062
26.45,11.877413,71.78259,-0.02513443,1.8971941,41.04017
26.46,11.877416,71.78387,-0.025366314,1.892757,41.039707
26.47,11.877421,71.78512,-0.025599241,1.8883113,41.039246
26.48,11.877424,71.78639,-0.025832538,1.8838457,41.03879
26.49,11.877425,71.78765,-0.026066586,1.8793708,41.038322
26.5,11.877429,71.788925,-0.026301768,1.8748808,41.037857
26.51,11.877435,71.7902,-0.02653734,1.870377,41.037384
26.52,11.877434,71.79147,-0.0267738,1.8658602,41.036926
26.53,11.877437,71.79271,-0.027011435,1.8613282,41.036446
26.54,11.877435,71.794014,-0.027249731,1.8567814,41.035965
26.55,11.8774395,71.79525,-0.027488291,1.8522272,41.03549
26.56,11.877445,71.79654,-0.027728204,1.847653,41.035004
26.57,11.877444,71.79779,-0.027968656,1.8430676,41.03452
26.58,11.877446,71.79906,-0.028209984,1.8384666,41.034023
26.59,11.877445,71.80033,-0.028452232,1.8338542,41.033524
26.6,11.877445,71.80161,-0.028695136,1.8292273,41.03303
26.61,11.877442,71.80289,-0.02893877,1.8245878,41.032543
26.62,11.877443,71.80413,-0.029183365,1.8199323,41.032032
26.63,11.877438,71.8054,-0.029428508,1.8152654,41.03154
26.64,11.877443,71.80667,-0.029674556,1.8105848,41.031025
26.65,11.877438,71.807945,-0.029921442,1.8058903,41.03051
26.66,11.877437,71.80919,-0.030168965,1.8011818,41.030003
26.67,11.877437,71.81047,-0.030417524,1.7964597,41.029484
26.68,11.87743,71.81174,-0.030666925,1.7917246,41.028965
26.69,11.877429,71.813,-0.030917078,1.7869763,41.028442
26.7,11.877428,71.81426,-0.03116801,1.7822157,41.027916
26.71,11.877425,71.81553,-0.03141961,1.7774419,41.027386
26.72,11.87742,71.81681,-0.031672064,1.7726511,41.026855
26.73,11.877417,71.81806,-0.031925447,1.7678491,41.02632
26.74,11.877409,71.81933,-0.03218002,1.7630328,41.0258
26.75,11.877404,71.82058,-0.032434545,1.7582061,41.025246
26.76,11.877398,71.82183,-0.032690298,1.7533635,41.02471
26.77,11.877392,71.823044,-0.032946985,1.7485085,41.02416
26.78,11.877389,71.82432,-0.033204157,1.7436392,41.0236
26.79,11.877386,71.82556,-0.033462495,1.7387545,41.023045
26.8,11.877376,71.82683,-0.033721402,1.7338597,41.02248
26.81,11.877361,71.82807,-0.033981115,1.7289511,41.021915
26.82,11.8773575,71.82934,-0.034241963,1.7240307,41.021347
26.83,11.877349,71.83057,-0.034503598,1.7190953,41.020786
26.84,11.87734,71.831825,-0.034765594,1.7141473,41.020214
26.85,11.877334,71.833046,-0.035028715,1.7091854,41.019646
26.86,11.87732,71.8343,-0.03529256,1.7042083,41.01906
26.87,11.877312,71.835526,-0.0355572,1.699223,41.018482
26.88,11.877299,71.83676,-0.0358228,1.6942229,41.01789
26.89,11.877287,71.838,-0.036089238,1.6892066,41.017292
26.9,11.8772745,71.83922,-0.03635654,1.68418,41.016705
26.91,11.87726,71.840454,-0.036624324,1.6791399,41.016106
26.92,11.877249,71.84167,-0.036893334,1.6740848,41.015522
26.93,11.877236,71.84288,-0.03716295,1.6690205,41.014908
26.94,11.877223,71.84411,-0.037433397,1.6639383,41.014313
26.95,11.877209,71.84532,-0.0377049,1.658847,41.01369
26.96,11.877195,71.84653,-0.03797679,1.6537436,41.013073
26.97,11.877176,71.847755,-0.038249966,1.6486262,41.012455
26.98,11.877162,71.848946,-0.038523804,1.6434939,41.011833
26.99,11.877142,71.85014,-0.038798343,1.6383479,41.011204
27.0,11.877127,71.85135,-0.039073974,1.6331905,41.010574
27.01,11.877109,71.85255,-0.039350368,1.6280217,41.009937
27.02,11.87709,71.853714,-0.03962738,1.6228395,41.009293
27.03,11.877069,71.8549,-0.039905597,1.6176407,41.008644
27.04,11.877052,71.856094,-0.040184144,1.6124334,41.008
27.05,11.877034,71.85728,-0.040463842,1.607213,41.00735
27.06,11.877009,71.85845,-0.040744442,1.6019809,41.006702
27.07,11.876988,71.85961,-0.04102556,1.5967349,41.00604
27.08,11.876963,71.86079,-0.04130778,1.5914713,41.005367
27.09,11.876945,71.861946,-0.041590743,1.5862021,41.004704
27.1,11.876919,71.86311,-0.041874703,1.5809174,41.00403
27.11,11.876897,71.86427,-0.042159334,1.5756195,41.003338
27.12,11.876869,71.865425,-0.042444836,1.5703105,41.002686
27.13,11.876846,71.86657,-0.042731225,1.5649863,41.001987
27.14,11.876819,71.8677,-0.043018643,1.5596486,41.001297
27.15,11.876792,71.86885,-0.04330654,1.5543033,41.000587
27.16,11.876763,71.86999,-0.043595362,1.5489426,40.9999
27.17,11.876736,71.87109,-0.04388493,1.5435692,40.9992
27.18,11.876709,71.87223,-0.04417572,1.5381838,40.998505
27.19,11.87668,71.87335,-0.04446728,1.5327852,40.997787
27.2,11.876647,71.87448,-0.04475949,1.5273746,40.99707
27.21,11.876618,71.875565,-0.04505246,1.5219524,40.996353
27.22,11.876587,71.87667,-0.045346364,1.5165174,40.995636
27.23,11.876556,71.87778,-0.04564138,1.5110683,40.99489
27.24,11.876522,71.87886,-0.04593709,1.5056118,40.99416
27.25,11.876484,71.87993,-0.046233557,1.50014,40.993416
27.26,11.8764515,71.88101,-0.046531096,1.4946543,40.99268
27.27,11.876418,71.88211,-0.046829313,1.4891568,40.991924
27.28,11.876382,71.88317,-0.047128245,1.483647,40.991173
27.29,11.876342,71.88424,-0.047428243,1.4781255,40.99042
27.3,11.876304,71.885284,-0.047729157,1.4725934,40.98966
27.31,11.876264,71.88632,-0.04803084,1.4670486,40.988884
27.32,11.876225,71.887375,-0.048333395,1.4614888,40.988113
27.33,11.8761835,71.88839,-0.04863664,1.4559171,40.987335
27.34,11.876144,71.889435,-0.048940767,1.4503376,40.986557
27.35,11.876101,71.890465,-0.049246117,1.4447415,40.98577
27.36,11.876059,71.891495,-0.049551874,1.439138,40.984978
27.37,11.876018,71.8925,-0.04985865,1.4335192,40.984177
27.38,11.875969,71.8935,-0.05016634,1.4278876,40.983387
27.39,11.875923,71.8945,-0.05047454,1.4222473,40.982582
27.4,11.875878,71.89549,-0.050784357,1.4165916,40.981766
27.41,11.875829,71.89648,-0.05109428,1.4109244,40.98095
27.42,11.875784,71.89746,-0.05140578,1.4052448,40.980133
27.43,11.875734,71.89843,-0.051717684,1.3995574,40.979305
27.44,11.87568,71.89938,-0.052030474,1.3938535,40.97847
27.45,11.875632,71.90035,-0.05234415,1.388139,40.97764
27.46,11.875577,71.901306,-0.052658767,1.3824159,40.976795
27.47,11.875525,71.90224,-0.052974172,1.3766781,40.97594
27.48,11.875474,71.903175,-0.05329041,1.3709283,40.975094
27.49,11.875419,71.90409,-0.053607576,1.3651643,40.974228
27.5,11.875365,71.90503,-0.05392559,1.3593917,40.973366
27.51,11.875304,71.90592,-0.05424454,1.3536086,40.972507
27.52,11.875244,71.90684,-0.054564476,1.3478123,40.971626
27.53,11.875188,71.90774,-0.05488509,1.3420014,40.970753
27.54,11.875132,71.90859,-0.05520644,1.3361821,40.96986
27.55,11.875071,71.9095,-0.05552888,1.3303528,40.968983
27.56,11.875008,71.91038,-0.05585225,1.3245116,40.968082
27.57,11.874944,71.91122,-0.056176603,1.3186574,40.967175
27.58,11.874882,71.91206,-0.056501135,1.3127913,40.966267
27.59,11.87482,71.912926,-0.056827538,1.3069105,40.965363
27.6,11.874749,71.91376,-0.057154223,1.3010234,40.964436
27.61,11.874684,71.91458,-0.05748167,1.295122,40.963512
27.62,11.874616,71.91543,-0.05781027,1.2892096,40.962593
27.63,11.874546,71.91622,-0.058139585,1.2832865,40.961662
27.64,11.874475,71.91701,-0.058469802,1.2773527,40.960728
27.65,11.874408,71.91781,-0.05880087,1.2714071,40.959774
27.66,11.874333,71.91859,-0.059133098,1.265449,40.958836
27.67,11.874264,71.919395,-0.05946572,1.2594801,40.95787
27.68,11.8741865,71.92013,-0.059799798,1.2534983,40.9569
27.69,11.874114,71.9209,-0.06013442,1.2475076,40.955936
27.7,11.874038,71.921646,-0.060469896,1.2415049,40.95496
27.71,11.8739605,71.92238,-0.060806185,1.235493,40.953987
27.72,11.873879,71.92312,-0.061143577,1.2294651,40.95299
27.73,11.873802,71.92382,-0.061481863,1.2234291,40.95201
27.74,11.87372,71.92453,-0.061820954,1.2173793,40.951015
27.75,11.87364,71.925255,-0.062160827,1.2113215,40.950005
27.76,11.873554,71.92591,-0.06250139,1.2052535,40.948994
27.77,11.87347,71.9266,-0.06284315,1.1991706,40.947983
27.78,11.873388,71.92727,-0.06318599,1.193078,40.946957
27.79,11.8733,71.92793,-0.06352921,1.186978,40.94593
27.8,11.873213,71.92857,-0.06387374,1.1808647,40.944893
27.81,11.873127,71.92921,-0.06421886,1.1747375,40.943844
27.82,11.873034,71.92983,-0.064565234,1.1685996,40.9428
27.83,11.872943,71.93044,-0.06491205,1.162452,40.941765
27.84,11.872847,71.93107,-0.06526006,1.1562958,40.940693
27.85,11.872756,71.93167,-0.0656089,1.1501265,40.939632
27.86,11.872659,71.93224,-0.06595851,1.1439426,40.93857
27.87,11.872564,71.93283,-0.06630904,1.1377534,40.937492
27.88,11.872469,71.93338,-0.06666081,1.1315551,40.936405
27.89,11.87237,71.933945,-0.067012936,1.1253406,40.935333
27.9,11.872272,71.93449,-0.06736615,1.1191176,40.934227
27.91,11.87217,71.93502,-0.06772042,1.1128813,40.933113
27.92,11.8720665,71.935524,-0.06807527,1.1066362,40.93202
27.93,11.871964,71.936035,-0.06843123,1.1003813,40.930878
27.94,11.871861,71.93655,-0.06878805,1.0941128,40.929775
27.95,11.871754,71.93702,-0.06914584,1.0878347,40.92865
27.96,11.871646,71.937485,-0.06950445,1.0815477,40.927517
27.97,11.871537,71.93797,-0.06986379,1.0752513,40.92637
27.98,11.871428,71.93843,-0.070224375,1.0689402,40.925217
27.99,11.871316,71.93886,-0.0705855,1.0626218,40.924072
28.0,11.871205,71.939285,-0.07094766,1.0562909,40.922913
28.01,11.87109,71.93969,-0.071310945,1.0499476,40.921734
28.02,11.870972,71.940094,-0.07167482,1.0435938,40.92057
28.03,11.870859,71.940506,-0.072039776,1.037234,40.9194
28.04,11.870739,71.9409,-0.07240565,1.0308586,40.918205
28.05,11.870622,71.94126,-0.07277217,1.0244759,40.917023
28.06,11.8705015,71.94162,-0.07313984,1.0180815,40.915825
28.07,11.870378,71.94198,-0.07350793,1.0116775,40.91461
28.08,11.870254,71.9423,-0.073877476,1.0052629,40.9134
28.09,11.870132,71.94261,-0.0742478,0.9988365,40.912178
28.1,11.870005,71.94295,-0.07461918,0.9923996,40.910954
28.11,11.86988,71.94323,-0.07499119,0.9859565,40.909725
28.12,11.869753,71.94353,-0.07536411,0.97949594,40.908493
28.13,11.869619,71.94378,-0.07573807,0.9730315,40.907246
28.14,11.869489,71.944046,-0.07611254,0.9665556,40.905983
28.15,11.869354,71.9443,-0.07648817,0.96006453,40.904728
28.16,11.86922,71.94452,-0.07686475,0.95356977,40.90345
28.17,11.869087,71.944756,-0.07724233,0.94705987,40.902184
28.18,11.868946,71.94497,-0.07762062,0.94054127,40.900906
28.19,11.868813,71.945145,-0.07799995,0.9340118,40.899605
28.2,11.868669,71.94534,-0.078379996,0.9274725,40.898323
28.21,11.868528,71.94551,-0.078760915,0.920925,40.897022
28.22,11.868383,71.94566,-0.07914284,0.9143643,40.895718
28.23,11.868238,71.94582,-0.07952591,0.90779334,40.894405
28.24,11.868096,71.94594,-0.079909846,0.9012145,40.89308
28.25,11.867948,71.94605,-0.080294386,0.8946232,40.891747
28.26,11.8678,71.94616,-0.08068003,0.8880255,40.890404
28.27,11.867648,71.94626,-0.081066534,0.8814112,40.889065
28.28,11.867499,71.94631,-0.08145375,0.87479067,40.887726
28.29,11.867344,71.94638,-0.0818421,0.8681631,40.886364
28.3,11.867191,71.94645,-0.0822314,0.8615185,40.885002
28.31,11.867033,71.94647,-0.082621306,0.8548714,40.883633
28.32,11.866878,71.94649,-0.08301245,0.84821004,40.88225
28.33,11.866717,71.94649,-0.08340465,0.8415389,40.88088
28.34,11.866559,71.946495,-0.083797336,0.83485717,40.87948
28.35,11.866394,71.94647,-0.084191255,0.8281662,40.87809
28.36,11.866235,71.94645,-0.08458573,0.8214655,40.876667
28.37,11.866068,71.9464,-0.084981546,0.81475544,40.875256
28.38,11.865901,71.946335,-0.085377775,0.8080343,40.87384
28.39,11.865733,71.94624,-0.08577526,0.8013053,40.8724
28.4,11.865567,71.94617,-0.08617348,0.7945639,40.870956
28.41,11.865393,71.946045,-0.0865728,0.78781164,40.869522
28.42,11.865218,71.94593,-0.08697289,0.7810509,40.86807
28.43,11.865044,71.94579,-0.087374076,0.7742808,40.866608
28.44,11.864867,71.945656,-0.08777577,0.7675019,40.865143
28.45,11.864691,71.9455,-0.08817872,0.7607138,40.86368
28.46,11.864514,71.94534,-0.08858256,0.75391316,40.86219
28.47,11.864334,71.94513,-0.088987224,0.7471021,40.86071
28.48,11.86415,71.94492,-0.08939282,0.740284,40.85921
28.49,11.863967,71.94471,-0.089799255,0.7334523,40.8577
28.5,11.863784,71.94449,-0.09020683,0.7266153,40.856194
28.51,11.863595,71.94423,-0.09061529,0.7197664,40.854675
28.52,11.863407,71.94397,-0.09102431,0.71290886,40.853165
28.53,11.863216,71.943695,-0.091434404,0.7060364,40.851627
28.54,11.863026,71.94341,-0.09184549,0.69916207,40.850094
28.55,11.862831,71.94309,-0.09225764,0.69227135,40.848537
28.56,11.862637,71.94278,-0.0926702,0.6853775,40.84698
28.57,11.86244,71.94244,-0.09308413,0.67846966,40.84541
28.58,11.862243,71.94207,-0.09349919,0.6715526,40.84386
28.59,11.862044,71.9417,-0.093914874,0.6646247,40.842266
28.6,11.861844,71.94133,-0.09433112,0.6576874,40.840683
28.61,11.861643,71.94095,-0.09474868,0.6507427,40.839096
28.62,11.861435,71.94053,-0.09516715,0.6437891,40.837494
28.63,11.861232,71.94008,-0.0955864,0.63682175,40.835888
28.64,11.861018,71.939644,-0.09600667,0.629846,40.834282
28.65,11.860812,71.939186,-0.0964277,0.62286526,40.83265
28.66,11.8605995,71.93871,-0.09684981,0.61587006,40.83102
28.67,11.860389,71.93823,-0.09727286,0.60886556,40.82939
28.68,11.860174,71.93774,-0.09769658,0.60185313,40.82774
28.69,11.859959,71.937195,-0.098121725,0.5948271,40.826088
28.7,11.859737,71.93665,-0.09854719,0.5877995,40.824425
28.71,11.859518,71.93612,-0.09897383,0.5807603,40.822754
28.72,11.859298,71.93554,-0.099401474,0.57370746,40.821075
28.73,11.859078,71.93496,-0.099829935,0.566647,40.819393
28.74,11.858847,71.93435,-0.10025942,0.5595776,40.817696
28.75,11.8586235,71.93375,-0.100689694,0.5524959,40.815998
28.76,11.858396,71.933105,-0.10112105,0.5454075,40.814293
28.77,11.858163,71.93249,-0.101553276,0.538305,40.812576
28.78,11.857932,71.931816,-0.10198619,0.5311984,40.810844
28.79,11.857698,71.93113,-0.10242031,0.52408147,40.809128
28.8,11.857463,71.93044,-0.102855034,0.5169571,40.8074
28.81,11.857229,71.92973,-0.10329115,0.5098189,40.80564
28.82,11.856994,71.928986,-0.103727795,0.5026727,40.803883
28.83,11.85675,71.92825,-0.1041653,0.49551725,40.802128
28.84,11.856509,71.9275,-0.10460409,0.48835286,40.800343
28.85,11.856264,71.92672,-0.10504357,0.48117578,40.79858
28.86,11.856023,71.92594,-0.105483994,0.47399476,40.796776
28.87,11.855771,71.92516,-0.105925515,0.46680182,40.794983
28.88,11.855527,71.92429,-0.10636763,0.45960078,40.793194
28.89,11.855275,71.923485,-0.10681086,0.4523893,40.791374
28.9,11.855021,71.92262,-0.10725489,0.44516662,40.789562
28.91,11.854767,71.921745,-0.10770001,0.43793738,40.78774
28.92,11.854512,71.920845,-0.108145945,0.4306975,40.785896
28.93,11.854254,71.919945,-0.10859291,0.42344633,40.78406
28.94,11.853998,71.919014,-0.10904078,0.41618806,40.78221
28.95,11.853733,71.9181,-0.10948959,0.4089219,40.780346
28.96,11.853472,71.917145,-0.10993897,0.40164706,40.778484
28.97,11.853206,71.91617,-0.11038962,0.3943585,40.77661
28.98,11.852938,71.91518,-0.11084108,0.3870625,40.77474
28.99,11.85267,71.914185,-0.11129357,0.3797583,40.772835
29.0,11.8524,71.913185,-0.111746944,0.37244326,40.77093
29.01,11.852129,71.91215,-0.11220115,0.36512035,40.769035
29.02,11.851856,71.91108,-0.1126565,0.3577893,40.767124
29.03,11.851582,71.91002,-0.11311262,0.3504445,40.765198
29.04,11.851301,71.90892,-0.113569655,0.34309393,40.763264
29.05,11.851025,71.90782,-0.11402761,0.3357345,40.761333
29.06,11.850741,71.9067,-0.11448672,0.32836372,40.75938
29.07,11.850458,71.905556,-0.11494642,0.32098472,40.75743
29.08,11.850175,71.90442,-0.11540715,0.31359753,40.75548
29.09,11.849886,71.903244,-0.1158688,0.30619818,40.7535
29.1,11.849599,71.90206,-0.11633124,0.2987908,40.75152
29.11,11.84931,71.90083,-0.11679459,0.29137456,40.749542
29.12,11.84902,71.89964,-0.11725933,0.28394943,40.74753
29.13,11.848726,71.8984,-0.117724605,0.27651608,40.745537
29.14,11.848429,71.89714,-0.11819097,0.2690737,40.743515
29.15,11.848132,71.89587,-0.11865825,0.2616189,40.741497
29.16,11.847837,71.8946,-0.11912619,0.2541595,40.739483
29.17,11.847535,71.89328,-0.11959533,0.24668397,40.73744
29.18,11.847232,71.89196,-0.12006544,0.2392044,40.735394
29.19,11.846924,71.89061,-0.12053611,0.231716,40.733334
29.2,11.846618,71.889275,-0.12100821,0.22421631,40.731297
29.21,11.846311,71.8879,-0.12148062,0.21670899,40.72923
29.22,11.846001,71.88649,-0.12195442,0.20919055,40.727146
29.23,11.845694,71.885086,-0.122429036,0.20166802,40.725056
29.24,11.845379,71.883675,-0.12290456,0.19412962,40.722958
29.25,11.84506,71.88225,-0.12338076,0.1865865,40.720863
29.26,11.844743,71.880775,-0.12385815,0.1790292,40.718754
29.27,11.844427,71.87932,-0.12433665,0.17146677,40.71663
29.28,11.844105,71.877815,-0.124815874,0.16389778,40.714508
29.29,11.8437805,71.87631,-0.12529589,0.15631485,40.712364
29.3,11.843455,71.87479,-0.12577736,0.14872238,40.710228
29.31,11.843123,71.873245,-0.1262591,0.14112279,40.708088
29.32,11.842798,71.87168,-0.126742,0.13351446,40.70592
29.33,11.842468,71.870094,-0.12722589,0.12589863,40.703754
29.34,11.842133,71.868515,-0.12771063,0.118269295,40.70157
29.35,11.841798,71.86689,-0.12819654,0.1106343,40.699383
29.36,11.841461,71.865265,-0.128683,0.10298908,40.697193
29.37,11.841126,71.863625,-0.12917058,0.09533572,40.695004
29.38,11.840784,71.861946,-0.12965898,0.08767465,40.692787
29.39,11.840445,71.86027,-0.13014837,0.0800018,40.690563
29.4,11.840098,71.85859,-0.13063876,0.07231626,40.688347
29.41,11.839754,71.85687,-0.13112998,0.06462443,40.686104
29.42,11.839407,71.85511,-0.1316221,0.056925774,40.68387
29.43,11.839059,71.85337,-0.13211511,0.049217343,40.681614
29.44,11.838707,71.851616,-0.1326093,0.041493833,40.679356
29.45,11.838354,71.849815,-0.13310437,0.03376907,40.677082
29.46,11.8379965,71.848015,-0.13359992,0.026032954,40.674816
29.47,11.837641,71.84618,-0.13409713,0.01828605,40.67253
29.48,11.837281,71.84435,-0.13459457,0.010534793,40.670246
29.49,11.836924,71.842514,-0.13509326,0.0027689636,40.667953
29.5,11.836556,71.840645,-0.13559282,-0.0050026774,40.66564
29.51,11.836191,71.83875,-0.13609333,-0.012787312,40.66332
29.52,11.835825,71.83684,-0.13659498,-0.020577818,40.660995
29.53,11.835456,71.83492,-0.13709736,-0.028378636,40.65866
29.54,11.835087,71.83296,-0.13760038,-0.036188573,40.656322
29.55,11.834713,71.83101,-0.13810465,-0.04400453,40.653965
29.56,11.834339,71.82902,-0.13860962,-0.05183503,40.65161
29.57,11.833965,71.827,-0.13911566,-0.05966863,40.649254
29.58,11.833582,71.82501,-0.13962275,-0.06751785,40.646862
29.59,11.833202,71.82298,-0.1401304,-0.07537004,40.64449
29.6,11.832824,71.82093,-0.14063914,-0.08323559,40.642097
29.61,11.832444,71.81887,-0.14114913,-0.091107756,40.6397
29.62,11.832056,71.81679,-0.14165981,-0.09899101,40.63729
29.63,11.831665,71.814674,-0.14217107,-0.106880754,40.634872
29.64,11.831274,71.81257,-0.1426839,-0.11478308,40.63245
29.65,11.830887,71.81044,-0.14319727,-0.12269142,40.63003
29.66,11.83049,71.80827,-0.14371149,-0.13061205,40.627583
29.67,11.830097,71.80612,-0.14422679,-0.13853541,40.625122
29.68,11.829698,71.80393,-0.1447432,-0.14647481,40.622665
29.69,11.829303,71.80172,-0.14526016,-0.15441915,40.620193
29.7,11.828896,71.79949,-0.14577836,-0.16237697,40.617718
29.71,11.828492,71.79725,-0.14629737,-0.17034164,40.61523
29.72,11.828085,71.79498,-0.14681707,-0.17831436,40.612747
29.73,11.82768,71.792725,-0.14733781,-0.18629691,40.610237
29.74,11.827269,71.79042,-0.14785986,-0.19429073,40.60774
29.75,11.826863,71.78809,-0.14838234,-0.20228758,40.605217
29.76,11.826446,71.7858,-0.1489059,-0.2102978,40.602688
29.77,11.82603,71.78344,-0.14943029,-0.21831682,40.60016
29.78,11.825616,71.78109,-0.1499558,-0.22634402,40.597607
29.79,11.825199,71.77869,-0.15048207,-0.23437926,40.595062
29.8,11.824775,71.77629,-0.1510094,-0.24242386,40.592506
29.81,11.824355,71.773865,-0.15153751,-0.25048128,40.58993
29.82,11.823926,71.77144,-0.15206671,-0.258544,40.58736
29.83,11.823499,71.76899,-0.15259692,-0.2666193,40.58477
29.84,11.82307,71.76651,-0.15312769,-0.27470198,40.582176
29.85,11.822642,71.76403,-0.15365948,-0.28279218,40.579575
29.86,11.822207,71.76152,-0.15419237,-0.29089358,40.576965
29.87,11.821771,71.75899,-0.1547261,-0.29900256,40.574345
29.88,11.821334,71.75646,-0.15526074,-0.30712125,40.571724
29.89,11.820898,71.75391,-0.15579602,-0.31525043,40.569088
29.9,11.820456,71.75132,-0.15633288,-0.3233874,40.56644
29.91,11.820014,71.74873,-0.1568703,-0.3315334,40.5638
29.92,11.819571,71.74612,-0.15740815,-0.3396859,40.561127
29.93,11.819123,71.7435,-0.15794773,-0.34785393,40.55846
29.94,11.818675,71.74086,-0.15848783,-0.35602614,40.55579
29.95,11.818227,71.73819,-0.15902893,-0.36420515,40.553104
29.96,11.817774,71.73551,-0.15957086,-0.37239787,40.55041
29.97,11.81732,71.7328,-0.16011375,-0.38060018,40.547707
29.98,11.816866,71.730095,-0.16065754,-0.3888093,40.545
29.99,11.8164015,71.72739,-0.16120237,-0.39703193,40.54227
30.0,11.815947,71.72461,-0.1617479,-0.40525857,40.539543
30.01,11.815483,71.721855,-0.16229464,-0.4134945,40.53681
30.02,11.815019,71.71903,-0.16284202,-0.4217427,40.53407
30.03,11.814549,71.71625,-0.16339068,-0.42999837,40.531326
30.04,11.814082,71.71343,-0.16393986,-0.4382626,40.52856
30.05,11.813611,71.71061,-0.16449004,-0.44653377,40.52578
30.06,11.813141,71.707726,-0.1650411,-0.45481703,40.52301
30.07,11.812666,71.70487,-0.16559348,-0.46311077,40.520218
30.08,11.81219,71.70198,-0.16614634,-0.47141144,40.517426
30.09,11.811712,71.699066,-0.16670033,-0.47972408,40.514618
30.1,11.811232,71.69614,-0.16725527,-0.48803964,40.511806
30.11,11.81075,71.69318,-0.16781099,-0.49637088,40.50899
30.12,11.8102665,71.69022,-0.16836755,-0.50470626,40.506165
30.13,11.809777,71.687256,-0.16892512,-0.5130533,40.503326
30.14,11.809295,71.68424,-0.16948375,-0.52141,40.500477
30.15,11.8088,71.68125,-0.17004336,-0.5297766,40.497623
30.16,11.80831,71.67818,-0.1706035,-0.5381508,40.49477
30.17,11.807815,71.67514,-0.17116483,-0.54653156,40.49189
30.18,11.807321,71.672066,-0.17172666,-0.5549264,40.48902
30.19,11.806823,71.669,-0.17228997,-0.56332684,40.48614
30.2,11.80632,71.665886,-0.1728538,-0.57173836,40.483234
30.21,11.805819,71.66276,-0.17341864,-0.5801567,40.48033
30.22,11.805316,71.65964,-0.17398444,-0.5885862,40.477417
30.23,11.804809,71.65649,-0.17455111,-0.5970249,40.474495
30.24,11.8043,71.65331,-0.17511904,-0.60547364,40.471573
30.25,11.803789,71.65013,-0.17568752,-0.6139312,40.468628
30.26,11.803277,71.646935,-0.17625698,-0.62239707,40.46569
30.27,11.802762,71.6437,-0.1768275,-0.63087,40.462734
30.28,11.802245,71.64046,-0.1773989,-0.63935816,40.459774
30.29,11.801727,71.637215,-0.17797107,-0.6478516,40.456802
30.3,11.801209,71.63393,-0.17854404,-0.6563504,40.453827
30.31,11.800688,71.63062,-0.17911793,-0.6648629,40.450836
30.32,11.800164,71.627335,-0.17969301,-0.6733854,40.44785
30.33,11.799642,71.624,-0.18026856,-0.68191016,40.44484
30.34,11.799113,71.62064,-0.18084574,-0.6904535,40.441826
30.35,11.798581,71.61729,-0.18142322,-0.69900024,40.438812
30.36,11.798047,71.61389,-0.1820018,-0.7075592,40.43578
30.37,11.797515,71.6105,-0.18258147,-0.7161273,40.432735
30.38,11.796979,71.60708,-0.18316181,-0.72470236,40.429684
30.39,11.796441,71.60364,-0.18374312,-0.733287,40.42664
30.4,11.795902,71.60019,-0.18432504,-0.7418783,40.423573
30.41,11.79536,71.59671,-0.18490854,-0.75048614,40.420498
30.42,11.794814,71.59323,-0.18549262,-0.75910115,40.41743
30.43,11.794267,71.58972,-0.18607716,-0.76771975,40.414337
30.44,11.793719,71.5862,-0.18666336,-0.7763517,40.411243
30.45,11.793172,71.58268,-0.18724993,-0.7849953,40.40815
30.46,11.792619,71.57911,-0.18783759,-0.79364264,40.405025
30.47,11.792063,71.57555,-0.18842602,-0.80229974,40.40191
30.48,11.79151,71.571945,-0.18901548,-0.8109695,40.39879
30.49,11.790954,71.56837,-0.18960573,-0.81964684,40.39564
30.5,11.790389,71.564735,-0.1901975,-0.82833207,40.392498
30.51,11.78983,71.5611,-0.19078955,-0.8370272,40.389336
30.52,11.789268,71.55742,-0.19138266,-0.84573483,40.386173
30.53,11.788699,71.55376,-0.19197652,-0.8544458,40.383003
30.54,11.78813,71.550064,-0.19257174,-0.86317253,40.37983
30.55,11.787561,71.54638,-0.19316708,-0.8719034,40.376648
30.56,11.786989,71.54262,-0.19376385,-0.880643,40.373455
30.57,11.786414,71.5389,-0.19436146,-0.88939667,40.370255
30.58,11.785837,71.535126,-0.19495995,-0.8981559,40.36704
30.59,11.785262,71.531364,-0.19555935,-0.90692556,40.363827
30.6,11.784685,71.527565,-0.1961598,-0.9157032,40.3606
30.61,11.784095,71.52374,-0.19676098,-0.924492,40.357357
30.62,11.783516,71.519905,-0.19736302,-0.9332907,40.35411
30.63,11.782925,71.51606,-0.19796602,-0.9420954,40.350853
30.64,11.78234,71.51221,-0.19856988,-0.9509096,40.3476
30.65,11.781747,71.50832,-0.19917469,-0.9597403,40.344322
30.66,11.7811575,71.504425,-0.19978052,-0.9685757,40.341053
30.67,11.780562,71.5005,-0.20038716,-0.97741616,40.337765
30.68,11.779965,71.49658,-0.20099449,-0.9862671,40.334473
30.69,11.779372,71.49262,-0.20160297,-0.9951345,40.33117
30.7,11.778771,71.488655,-0.20221213,-1.0040011,40.327854
30.71,11.778168,71.484665,-0.20282224,-1.0128838,40.324535
30.72,11.777561,71.48065,-0.2034335,-1.0217748,40.321217
30.73,11.776954,71.47667,-0.20404539,-1.0306715,40.317875
30.74,11.776347,71.47262,-0.20465834,-1.0395778,40.31452
30.75,11.775739,71.46857,-0.20527218,-1.0484989,40.31118
30.76,11.7751255,71.464485,-0.20588677,-1.0574253,40.307827
30.77,11.774512,71.46041,-0.20650238,-1.0663621,40.30446
30.78,11.773897,71.456314,-0.2071188,-1.0753093,40.30107
30.79,11.773278,71.4522,-0.20773646,-1.0842655,40.297688
30.8,11.772657,71.44806,-0.20835431,-1.0932255,40.294308
30.81,11.772034,71.443886,-0.20897351,-1.1022011,40.29091
30.82,11.771407,71.43972,-0.20959337,-1.1111801,40.28749
30.83,11.770782,71.435555,-0.21021453,-1.1201736,40.28409
30.84,11.770152,71.431366,-0.21083641,-1.1291765,40.280655
30.85,11.769523,71.42711,-0.21145917,-1.1381879,40.27722
30.86,11.768891,71.42289,-0.21208268,-1.1472042,40.273773
30.87,11.768257,71.41865,-0.21270709,-1.1562351,40.270325
30.88,11.767621,71.414375,-0.21333243,-1.1652713,40.26687
30.89,11.766982,71.4101,-0.21395878,-1.1743171,40.263397
30.9,11.766342,71.40579,-0.21458617,-1.1833779,40.259922
30.91,11.765703,71.401474,-0.2152138,-1.1924443,40.25645
30.92,11.765057,71.39714,-0.21584292,-1.201521,40.25295
30.93,11.764411,71.39278,-0.21647294,-1.2106068,40.249462
30.94,11.763763,71.3884,-0.21710338,-1.2196989,40.245956
30.95,11.763113,71.38402,-0.2177352,-1.228803,40.24243
30.96,11.762462,71.379616,-0.21836743,-1.2379127,40.238907
30.97,11.761805,71.37518,-0.21900082,-1.2470388,40.235386
30.98,11.76115,71.370766,-0.2196352,-1.256167,40.231846
30.99,11.760493,71.36632,-0.22027026,-1.265311,40.228294
31.0,11.759833,71.361824,-0.22090608,-1.2744594,40.224735
31.01,11.759167,71.35735,-0.22154325,-1.2836215,40.22118
31.02,11.758504,71.35283,-0.22218126,-1.2927893,40.217606
31.03,11.75784,71.348305,-0.22281963,-1.3019644,40.21403
31.04,11.757169,71.343765,-0.22345941,-1.3111551,40.210434
31.05,11.7565,71.33923,-0.2240998,-1.3203484,40.206856
31.06,11.75583,71.33463,-0.22474106,-1.3295546,40.203243
31.07,11.755154,71.33007,-0.225383,-1.338769,40.19964
31.08,11.754479,71.32547,-0.22602649,-1.3479967,40.196022
31.09,11.753796,71.320854,-0.22667038,-1.3572344,40.19239
31.1,11.753118,71.31621,-0.22731514,-1.3664738,40.188747
31.11,11.752435,71.31155,-0.22796102,-1.3757273,40.1851
31.12,11.751749,71.30688,-0.22860762,-1.3849875,40.181454
31.13,11.751064,71.302216,-0.2292551,-1.3942605,40.177784
31.14,11.750373,71.29751,-0.2299032,-1.4035401,40.174126
31.15,11.749683,71.29278,-0.23055255,-1.4128295,40.170456
31.16,11.748993,71.28804,-0.23120262,-1.422128,40.166767
31.17,11.748299,71.28331,-0.23185381,-1.4314384,40.16308
31.18,11.747603,71.27854,-0.23250587,-1.4407588,40.15937
31.19,11.746903,71.27375,-0.23315845,-1.4500856,40.15567
31.2,11.746203,71.268936,-0.2338119,-1.459423,40.15195
31.21,11.745501,71.26414,-0.23446627,-1.4687687,40.148224
31.22,11.744799,71.2593,-0.23512182,-1.4781201,40.144497
31.23,11.744088,71.25443,-0.235778,-1.4874899,40.14075
31.24,11.74338,71.24958,-0.23643515,-1.4968604,40.137012
31.25,11.742672,71.244705,-0.23709325,-1.5062469,40.133247
31.26,11.741958,71.239815,-0.2377521,-1.5156391,40.129486
31.27,11.741244,71.2349,-0.23841156,-1.5250401,40.125717
31.28,11.740526,71.22996,-0.23907243,-1.5344543,40.121933
31.29,11.739811,71.225044,-0.23973377,-1.5438726,40.11815
31.3,11.73909,71.220055,-0.24039598,-1.5533023,40.114353
31.31,11.738371,71.21509,-0.24105908,-1.5627394,40.110554
31.32,11.737644,71.21009,-0.24172361,-1.5721934,40.10674
31.33,11.736917,71.20508,-0.24238838,-1.58165,40.102924
31.34,11.736188,71.20006,-0.24305417,-1.5911179,40.09909
31.35,11.735455,71.19499,-0.24372081,-1.6005983,40.095264
31.36,11.734724,71.18995,-0.24438854,-1.6100821,40.091415
31.37,11.73399,71.184875,-0.24505664,-1.6195765,40.08757
31.38,11.7332535,71.17978,-0.24572612,-1.6290824,40.083714
31.39,11.732514,71.17467,-0.24639635,-1.6385977,40.079845
31.4,11.731776,71.16957,-0.24706687,-1.6481168,40.075977
31.41,11.731029,71.16442,-0.24773912,-1.6576538,40.072094
31.42,11.730287,71.15924,-0.24841176,-1.6671975,40.0682
31.43,11.729543,71.15409,-0.24908541,-1.6767504,40.06431
31.44,11.728791,71.14889,-0.24976023,-1.6863112,40.06039
31.45,11.728044,71.14368,-0.2504352,-1.6958802,40.056477
31.46,11.727289,71.13847,-0.2511114,-1.7054603,40.05255
31.47,11.726534,71.13323,-0.2517885,-1.7150481,40.048634
31.48,11.725779,71.12798,-0.25246626,-1.724644,40.044693
31.49,11.725021,71.122734,-0.253145,-1.734256,40.04074
31.5,11.724259,71.11743,-0.25382468,-1.7438753,40.0368
31.51,11.723499,71.11214,-0.25450507,-1.7534986,40.03283
31.52,11.7227335,71.106834,-0.2551864,-1.7631361,40.028862
31.53,11.721967,71.10151,-0.2558688,-1.7727816,40.024887
31.54,11.721196,71.096146,-0.25655177,-1.7824378,40.0209
31.55,11.720425,71.09079,-0.25723544,-1.792098,40.01691
31.56,11.719654,71.08541,-0.25792047,-1.8017769,40.0129
31.57,11.718883,71.08001,-0.25860614,-1.8114603,40.008907
31.58,11.718104,71.07462,-0.25929254,-1.8211503,40.004887
31.59,11.717323,71.06918,-0.25998,-1.8308499,40.000866
31.6,11.716543,71.06374,-0.26066798,-1.8405628,39.996834
31.61,11.715761,71.05831,-0.2613572,-1.8502855,39.992798
31.62,11.714978,71.052826,-0.26204687,-1.8600144,39.98875
31.63,11.714192,71.04736,-0.26273745,-1.8697534,39.984695
31.64,11.713404,71.041855,-0.26342908,-1.8795016,39.98063
31.65,11.712617,71.03633,-0.26412198,-1.8892605,39.976555
31.66,11.71182,71.030785,-0.26481497,-1.8990302,39.97249
31.67,11.711028,71.02524,-0.2655092,-1.9088027,39.968395
31.68,11.710232,71.01969,-0.26620403,-1.9185922,39.964306
31.69,11.709433,71.01409,-0.26689997,-1.9283872,39.9602
31.7,11.708633,71.00851,-0.26759648,-1.93819,39.9561
31.71,11.7078285,71.002884,-0.26829395,-1.9480042,39.951973
31.72,11.707028,70.99726,-0.26899242,-1.9578254,39.947857
31.73,11.706222,70.99162,-0.2696913,-1.9676573,39.943733
31.74,11.705414,70.98597,-0.2703916,-1.9775002,39.9396
31.75,11.704605,70.98031,-0.2710924,-1.9873528,39.935448
31.76,11.703793,70.97462,-0.27179438,-1.9972167,39.931282
31.77,11.702978,70.9689,-0.27249652,-2.0070834,39.92712
31.78,11.702163,70.96319,-0.27320004,-2.0169644,39.922962
31.79,11.701343,70.95745,-0.27390456,-2.0268552,39.918785
31.8,11.700522,70.95171,-0.27460968,-2.0367525,39.914597
31.81,11.699702,70.94594,-0.27531543,-2.0466616,39.910408
31.82,11.698879,70.94015,-0.27602237,-2.0565789,39.906197
31.83,11.6980505,70.93436,-0.27673012,-2.0665023,39.901997
31.84,11.697227,70.92856,-0.27743813,-2.076441,39.89779
31.85,11.696395,70.92273,-0.27814785,-2.0863864,39.893562
31.86,11.69556,70.916885,-0.278858,-2.0963414,39.88933
31.87,11.694726,70.911026,-0.27956897,-2.1063044,39.885098
31.88,11.693892,70.90514,-0.28028065,-2.1162755,39.880848
31.89,11.693052,70.89927,-0.2809931,-2.1262572,39.876587
31.9,11.692217,70.893364,-0.2817065,-2.136246,39.87234
31.91,11.691374,70.88745,-0.28242105,-2.1462536,39.86806
31.92,11.690531,70.88151,-0.28313607,-2.156263,39.863792
31.93,11.689679,70.875565,-0.28385216,-2.1662827,39.8595
31.94,11.688834,70.86961,-0.2845691,-2.1763115,39.85522
31.95,11.687985,70.863625,-0.2852865,-2.1863475,39.85092
31.96,11.687136,70.85763,-0.286005,-2.196394,39.846607
31.97,11.686281,70.85163,-0.2867244,-2.2064536,39.842308
31.98,11.685423,70.845604,-0.28744447,-2.2165208,39.837975
31.99,11.684565,70.839554,-0.2881658,-2.2265983,39.833656
32.0,11.683708,70.83351,-0.28888747,-2.2366824,39.82932
32.01,11.682845,70.82744,-0.2896098,-2.2467754,39.824966
32.02,11.681983,70.82135,-0.29033327,-2.256879,39.820625
32.03,11.68112,70.81526,-0.29105768,-2.2669966,39.816265
32.04,11.680248,70.80914,-0.29178274,-2.2771175,39.8119
32.05,11.679382,70.803024,-0.2925085,-2.2872467,39.807518
32.06,11.67851,70.79688,-0.29323557,-2.2973917,39.803146
32.07,11.677632,70.79071,-0.29396307,-2.3075404,39.79875
32.08,11.67676,70.784546,-0.29469135,-2.3176994,39.79436
32.09,11.675884,70.778366,-0.2954204,-2.3278666,39.789944
32.1,11.675003,70.772156,-0.29615045,-2.3380458,39.785534
32.11,11.67412,70.76594,-0.29688126,-2.3482332,39.78113
32.12,11.673243,70.75972,-0.297613,-2.3584316,39.776707
32.13,11.672355,70.75346,-0.29834557,-2.3686392,39.772274
32.14,11.671469,70.747215,-0.29907885,-2.3788526,39.76782
32.15,11.670581,70.74092,-0.29981285,-2.3890777,39.763374
32.16,11.669687,70.73463,-0.30054787,-2.3993118,39.758938
32.17,11.668796,70.72832,-0.3012835,-2.4095535,39.754475
32.18,11.6679,70.72199,-0.30202034,-2.4198084,39.749996
32.19,11.667003,70.71567,-0.30275765,-2.4300687,39.74552
32.2,11.666106,70.70932,-0.30349606,-2.440345,39.741024
32.21,11.665202,70.70294,-0.30423468,-2.4506216,39.736538
32.22,11.6643,70.69656,-0.30497476,-2.460912,39.732037
32.23,11.663398,70.690186,-0.30571532,-2.4712126,39.72754
32.24,11.66249,70.68377,-0.30645683,-2.4815202,39.723007
32.25,11.661581,70.677345,-0.3071992,-2.4918404,39.71849
32.26,11.660671,70.67089,-0.30794218,-2.502161,39.713966
32.27,11.659759,70.66447,-0.30868617,-2.5125003,39.709427
32.28,11.658843,70.65799,-0.30943087,-2.5228457,39.704884
32.29,11.657929,70.65151,-0.31017643,-2.533204,39.700336
32.3,11.657011,70.64501,-0.3109229,-2.5435667,39.695778
32.31,11.65609,70.63849,-0.31166968,-2.5539422,39.6912
32.32,11.655164,70.631966,-0.31241778,-2.564323,39.686626
32.33,11.654244,70.62544,-0.31316653,-2.5747156,39.68205
32.34,11.6533165,70.618866,-0.313916,-2.5851183,39.677456
32.35,11.65239,70.612305,-0.3146661,-2.5955234,39.67287
32.36,11.651453,70.60573,-0.31541762,-2.6059482,39.66827
32.37,11.650525,70.59912,-0.31616935,-2.6163762,39.663666
32.38,11.649591,70.592514,-0.31692225,-2.6268153,39.65905
32.39,11.648657,70.58589,-0.31767568,-2.6372616,39.65442
32.4,11.6477165,70.57925,-0.31842998,-2.647717,39.64979
32.41,11.646779,70.57261,-0.31918502,-2.6581802,39.645145
32.42,11.645839,70.56594,-0.319941,-2.668654,39.64051
32.43,11.644894,70.55926,-0.32069772,-2.6791408,39.635864
32.44,11.643949,70.55254,-0.32145563,-2.6896343,39.63119
32.45,11.643,70.545845,-0.32221404,-2.7001386,39.626522
32.46,11.642049,70.539116,-0.322973,-2.7106485,39.62185
32.47,11.641097,70.53236,-0.32373303,-2.7211704,39.617172
32.48,11.640145,70.5256,-0.32449374,-2.7317045,39.612484
32.49,11.639189,70.51883,-0.32525533,-2.7422435,39.607784
32.5,11.638232,70.512054,-0.32601753,-2.7527912,39.603077
32.51,11.637271,70.50525,-0.32678056,-2.7633488,39.598373
32.52,11.636313,70.49847,-0.32754436,-2.7739172,39.593666
32.53,11.635349,70.49163,-0.3283091,-2.7844918,39.58893
32.54,11.63438,70.48478,-0.32907492,-2.7950807,39.584198
32.55,11.633413,70.477936,-0.3298413,-2.8056762,39.579464
32.56,11.632446,70.47104,-0.33060816,-2.8162813,39.574722
32.57,11.631476,70.46419,-0.33137596,-2.8268898,39.569973
32.58,11.630505,70.45728,-0.33214462,-2.8375118,39.565212
32.59,11.629531,70.450386,-0.33291408,-2.848145,39.56044
32.6,11.628553,70.44345,-0.33368403,-2.8587835,39.555664
32.61,11.627575,70.43654,-0.33445546,-2.8694391,39.550877
32.62,11.626596,70.42956,-0.33522698,-2.8800964,39.546104
32.63,11.625609,70.422585,-0.33599976,-2.8907619,39.541306
32.64,11.624625,70.415634,-0.3367729,-2.901443,39.536495
32.65,11.623639,70.40863,-0.3375473,-2.9121304,39.531693
32.66,11.622654,70.40164,-0.338322,-2.9228222,39.526867
32.67,11.621664,70.39461,-0.3390978,-2.9335275,39.522045
32.68,11.620669,70.38756,-0.3398744,-2.94424,39.517212
32.69,11.619675,70.38051,-0.34065127,-2.9549623,39.51238
32.7,11.618679,70.37344,-0.34142983,-2.9656956,39.50753
32.71,11.617682,70.36637,-0.34220842,-2.9764378,39.502678
32.72,11.616682,70.359276,-0.34298828,-2.987194,39.497818
32.73,11.61568,70.35217,-0.3437683,-2.9979486,39.49295
32.74,11.614676,70.34505,-0.3445495,-3.0087185,39.48808
32.75,11.613671,70.33791,-0.34533158,-3.0194962,39.483196
32.76,11.612665,70.33078,-0.34611407,-3.0302806,39.478317
32.77,11.611654,70.32362,-0.34689778,-3.0410836,39.473423
32.78,11.610643,70.31643,-0.34768194,-3.0518832,39.468513
32.79,11.609627,70.30925,-0.3484672,-3.0627003,39.4636
32.8,11.608616,70.30205,-0.3492528,-3.0735235,39.458702
32.81,11.6076,70.29483,-0.35003945,-3.0843592,39.45378
32.82,11.606577,70.28759,-0.35082683,-3.0951984,39.44884
32.83,11.6055565,70.28037,-0.35161486,-3.1060493,39.4439
32.84,11.604533,70.27311,-0.35240385,-3.1169076,39.438965
32.85,11.603508,70.26582,-0.35319296,-3.127775,39.434025
32.86,11.602484,70.25854,-0.35398406,-3.138658,39.429054
32.87,11.601453,70.251274,-0.35477483,-3.149541,39.4241
32.88,11.600423,70.24394,-0.35556683,-3.160439,39.419125
32.89,11.599392,70.23662,-0.35635957,-3.1713424,39.41414
32.9,11.598357,70.22926,-0.35715327,-3.1822586,39.40916
32.91,11.5973215,70.221924,-0.35794717,-3.193179,39.404175
32.92,11.596284,70.214554,-0.3587422,-3.2041123,39.399166
32.93,11.5952425,70.20719,-0.3595378,-3.2150497,39.39417
32.94,11.594201,70.1998,-0.36033434,-3.226,39.389164
32.95,11.593157,70.19238,-0.36113182,-3.2369626,39.38413
32.96,11.592111,70.184975,-0.3619298,-3.2479281,39.37911
32.97,11.5910635,70.17754,-0.36272892,-3.2589107,39.374084
32.98,11.5900135,70.17009,-0.36352798,-3.2698936,39.36904
32.99,11.588962,70.16263,-0.36432862,-3.2808926,39.363987
33.0,11.587909,70.15516,-0.36512947,-3.2918956,39.35894
33.01,11.586856,70.14768,-0.36593124,-3.3029041,39.353886
33.02,11.5857935,70.14017,-0.36673403,-3.3139315,39.348812
33.03,11.584736,70.13266,-0.36753717,-3.324958,39.343742
33.04,11.583676,70.12513,-0.36834124,-3.336001,39.338657
33.05,11.582612,70.1176,-0.36914614,-3.3470488,39.333584
33.06,11.581551,70.11004,-0.36995184,-3.358108,39.328484
33.07,11.580484,70.102486,-0.37075832,-3.369175,39.32339
33.08,11.579413,70.09491,-0.37156513,-3.3802521,39.31828
33.09,11.578343,70.087296,-0.3723728,-3.391335,39.313156
33.1,11.577273,70.0797,-0.3731814,-3.4024282,39.308044
33.11,11.576196,70.07209,-0.37399113,-3.413536,39.302902
33.12,11.575121,70.06445,-0.37480113,-3.4246457,39.297775
33.13,11.57404,70.0568,-0.37561214,-3.4357703,39.292633
33.14,11.572968,70.04914,-0.37642336,-3.446895,39.287483
33.15,11.571886,70.04147,-0.37723595,-3.4580357,39.282333
33.16,11.5708,70.03379,-0.37804872,-3.4691813,39.277172
33.17,11.569713,70.02609,-0.3788625,-3.480338,39.27201
33.18,11.568625,70.0184,-0.37967718,-3.4915001,39.266834
33.19,11.567535,70.01065,-0.3804924,-3.502677,39.261646
33.2,11.566441,70.00294,-0.38130865,-3.5138605,39.25645
33.21,11.565349,69.99517,-0.38212532,-3.5250523,39.251266
33.22,11.564252,69.98741,-0.38294306,-3.5362556,39.24607
33.23,11.563153,69.97962,-0.38376108,-3.5474637,39.24085
33.24,11.562057,69.97185,-0.38458058,-3.558687,39.235638
33.25,11.560956,69.96404,-0.38540024,-3.5699112,39.23042
33.26,11.559855,69.95623,-0.38622028,-3.5811446,39.225197
33.27,11.558751,69.94841,-0.38704163,-3.5923932,39.21995
33.28,11.557649,69.94056,-0.38786325,-3.603645,39.214706
33.29,11.556536,69.93272,-0.38868612,-3.6149065,39.209465
33.3,11.555426,69.92483,-0.38950944,-3.6261795,39.20421
33.31,11.554312,69.916954,-0.3903338,-3.6374629,39.198956
33.32,11.5532,69.90908,-0.3911587,-3.648751,39.19369
33.33,11.552083,69.90116,-0.39198434,-3.660055,39.188404
33.34,11.550964,69.89324,-0.39281073,-3.6713603,39.183125
33.35,11.549844,69.885315,-0.39363763,-3.6826732,39.17785
33.36,11.548725,69.877365,-0.39446533,-3.693998,39.172554
33.37,11.547604,69.86939,-0.3952936,-3.7053316,39.16725
33.38,11.546477,69.861435,-0.3961232,-3.7166746,39.161938
33.39,11.54535,69.85346,-0.39695308,-3.7280238,39.156628
33.4,11.544221,69.845474,-0.39778385,-3.739383,39.151306
33.41,11.543092,69.83747,-0.39861563,-3.750756,39.145973
33.42,11.541958,69.82945,-0.39944726,-3.7621257,39.140656
33.43,11.540824,69.82142,-0.4002803,-3.773517,39.135307
33.44,11.53969,69.81336,-0.40111378,-3.7849085,39.129967
33.45,11.538548,69.80531,-0.4019483,-3.7963145,39.124615
33.46,11.53741,69.79725,-0.40278292,-3.8077266,39.11925
33.47,11.536268,69.78914,-0.40361917,-3.8191526,39.113884
33.48,11.535123,69.78107,-0.4044556,-3.8305805,39.108517
33.49,11.533978,69.77295,-0.40529296,-3.8420188,39.103138
33.5,11.532826,69.76482,-0.40613037,-3.8534653,39.097744
33.51,11.53168,69.75668,-0.40696895,-3.8649175,39.092358
33.52,11.53053,69.74855,-0.4078084,-3.876386,39.086956
33.53,11.529376,69.7404,-0.40864867,-3.88786,39.081562
33.54,11.52822,69.73222,-0.40948933,-3.8993452,39.076153
33.55,11.527067,69.72404,-0.41033086,-3.9108322,39.070724
33.56,11.525905,69.715836,-0.411173,-3.9223292,39.065315
33.57,11.524747,69.70762,-0.4120158,-3.933842,39.059875
33.58,11.523582,69.699394,-0.4128597,-3.9453619,39.054432
33.59,11.522423,69.69117,-0.41370395,-3.956888,39.048985
33.6,11.521254,69.68293,-0.41454887,-3.968416,39.04354
33.61,11.520083,69.674675,-0.41539463,-3.9799616,39.03809
33.62,11.518917,69.6664,-0.41624093,-3.9915106,39.03263
33.63,11.517743,69.65811,-0.41708812,-4.003071,39.027157
33.64,11.516568,69.64982,-0.41793635,-4.0146413,39.02168
33.65,11.515391,69.641495,-0.4187851,-4.0262213,39.0162
33.66,11.5142145,69.63317,-0.4196339,-4.037801,39.010723
33.67,11.513041,69.624855,-0.42048395,-4.0493956,39.005215
33.68,11.511858,69.6165,-0.42133462,-4.061,38.999725
33.69,11.510675,69.608154,-0.42218608,-4.0726147,38.994205
33.7,11.509487,69.59977,-0.42303845,-4.084235,38.988697
33.71,11.508304,69.591385,-0.42389113,-4.095866,38.98318
33.72,11.507115,69.58299,-0.4247444,-4.107499,38.97766
33.73,11.505924,69.57459,-0.42559862,-4.1191463,38.97213
33.74,11.50473,69.56616,-0.42645392,-4.130805,38.966576
33.75,11.50354,69.55775,-0.4273092,-4.1424675,38.961033
33.76,11.502341,69.54929,-0.42816547,-4.1541348,38.955505
33.77,11.501144,69.54084,-0.42902222,-4.165815,38.94994
33.78,11.49995,69.53237,-0.42987996,-4.177505,38.944374
33.79,11.498745,69.523895,-0.43073845,-4.1892023,38.938797
33.8,11.497543,69.515396,-0.43159747,-4.2009077,38.93323
33.81,11.496339,69.506905,-0.43245706,-4.212621,38.927635
33.82,11.495131,69.49838,-0.4333178,-4.2243433,38.922054
33.83,11.493919,69.48984,-0.43417904,-4.2360783,38.916462
33.84,11.492712,69.48131,-0.43504047,-4.247814,38.910854
33.85,11.4915,69.47278,-0.43590304,-4.259563,38.905247
33.86,11.490286,69.464195,-0.4367663,-4.2713194,38.89963
33.87,11.489066,69.45562,-0.43763053,-4.283087,38.894024
33.88,11.487853,69.44702,-0.43849498,-4.294858,38.888397
33.89,11.486633,69.43843,-0.43936008,-4.306641,38.882755
33.9,11.485411,69.42981,-0.44022605,-4.3184323,38.877113
33.91,11.484188,69.42119,-0.4410927,-4.330228,38.87148
33.92,11.482963,69.41256,-0.44196,-4.3420362,38.865826
33.93,11.481737,69.40391,-0.44282782,-4.3538527,38.86017
33.94,11.48051,69.39523,-0.44369662,-4.365675,38.854507
33.95,11.47928,69.3866,-0.44456625,-4.3775096,38.84884
33.96,11.478046,69.37789,-0.44543597,-4.3893538,38.84316
33.97,11.476811,69.3692,-0.44630712,-4.4012,38.837482
33.98,11.475575,69.36047,-0.447178,-4.4130588,38.831802
33.99,11.474338,69.351776,-0.4480505,-4.424928,38.826126
34.0,11.4731,69.343025,-0.44892287,-4.4367967,38.82041
34.01,11.47186,69.334305,-0.44979614,-4.448675,38.8147
34.02,11.4706135,69.325554,-0.45067042,-4.4605722,38.808994
34.03,11.46937,69.31678,-0.45154515,-4.4724684,38.803276
34.04,11.468127,69.30799,-0.45242077,-4.4843774,38.797558
34.05,11.466878,69.2992,-0.45329696,-4.4962907,38.791817
34.06,11.465627,69.29041,-0.45417374,-4.5082173,38.786087
34.07,11.464372,69.28159,-0.45505136,-4.520151,38.780354
34.08,11.463118,69.27276,-0.4559293,-4.5320964,38.774593
34.09,11.461863,69.26394,-0.4568081,-4.54404,38.768833
34.1,11.460607,69.25507,-0.4576876,-4.5559993,38.76308
34.11,11.45935,69.24622,-0.45856786,-4.5679655,38.757324
34.12,11.458085,69.237335,-0.45944843,-4.579939,38.75154
34.13,11.456825,69.22846,-0.4603302,-4.591924,38.745766
34.14,11.455563,69.21956,-0.4612122,-4.6039124,38.73999
34.15,11.454294,69.21066,-0.4620949,-4.6159124,38.734203
34.16,11.453027,69.201744,-0.46297824,-4.62792,38.72839
34.17,11.451757,69.19281,-0.46386218,-4.639931,38.7226
34.18,11.450487,69.18386,-0.4647474,-4.6519604,38.716785
34.19,11.449209,69.174904,-0.46563262,-4.6639876,38.71098
34.2,11.447938,69.165955,-0.46651918,-4.6760316,38.70516
34.21,11.44666,69.15696,-0.46740597,-4.688076,38.69932
34.22,11.445384,69.14797,-0.46829316,-4.7001367,38.6935
34.23,11.4440975,69.13899,-0.46918145,-4.712201,38.687656
34.24,11.442816,69.12997,-0.47007027,-4.724274,38.681816
34.25,11.441533,69.12094,-0.47095984,-4.7363544,38.67596
34.26,11.440247,69.11192,-0.47184944,-4.7484374,38.67011
34.27,11.438957,69.10287,-0.47274017,-4.7605376,38.66425
34.28,11.437671,69.09382,-0.47363192,-4.772649,38.65839
34.29,11.436377,69.08474,-0.47452387,-4.784759,38.65251
34.3,11.435086,69.07566,-0.47541672,-4.7968836,38.64663
34.31,11.433791,69.06656,-0.47630978,-4.8090115,38.640736
34.32,11.432492,69.057465,-0.47720382,-4.821147,38.634865
34.33,11.431193,69.048355,-0.4780987,-4.833298,38.628952
34.34,11.429893,69.039215,-0.47899377,-4.8454523,38.62305
34.35,11.428592,69.03009,-0.47988966,-4.857614,38.617153
34.36,11.427291,69.020935,-0.4807864,-4.8697805,38.611225
34.37,11.425985,69.01179,-0.48168314,-4.881955,38.605312
34.38,11.424675,69.00263,-0.48258144,-4.89415,38.599384
34.39,11.4233675,68.99345,-0.48347986,-4.9063406,38.593445
34.4,11.422056,68.98426,-0.484379,-4.9185443,38.587517
34.41,11.420743,68.975044,-0.4852788,-4.930752,38.581577
34.42,11.419431,68.96584,-0.4861791,-4.94297,38.575615
34.43,11.418115,68.956604,-0.48708048,-4.955203,38.56968
34.44,11.416797,68.94737,-0.48798215,-4.967436,38.563705
34.45,11.415476,68.93812,-0.48888463,-4.9796796,38.557747
34.46,11.414155,68.92887,-0.48978746,-4.991926,38.55178
34.47,11.412833,68.919586,-0.49069107,-5.004188,38.54579
34.48,11.411507,68.910324,-0.4915951,-5.016448,38.53981
34.49,11.410177,68.90104,-0.4925002,-5.028725,38.53382
34.5,11.408851,68.89172,-0.49340618,-5.041013,38.52782
34.51,11.40752,68.8824,-0.49431223,-5.0532994,38.52182
34.52,11.406188,68.87308,-0.49521905,-5.0655994,38.51582
34.53,11.404856,68.86375,-0.49612617,-5.0779047,38.509815
34.54,11.403519,68.85439,-0.4970345,-5.0902195,38.503784
34.55,11.402184,68.84504,-0.49794322,-5.1025414,38.49776
34.56,11.400844,68.83566,-0.49885267,-5.114874,38.491734
34.57,11.399505,68.826294,-0.4997623,-5.12721,38.485714
34.58,11.398162,68.8169,-0.50067335,-5.1395617,38.47967
34.59,11.396815,68.8075,-0.50158465,-5.1519127,38.473618
34.6,11.395472,68.79809,-0.5024962,-5.164266,38.46757
34.61,11.394125,68.78865,-0.50340897,-5.176644,38.461514
34.62,11.392775,68.77921,-0.5043218,-5.1890144,38.45545
34.63,11.391422,68.769775,-0.5052356,-5.2013993,38.449375
34.64,11.390071,68.76032,-0.50614995,-5.213798,38.4433
34.65,11.388716,68.75084,-0.5070652,-5.2262006,38.437218
34.66,11.3873625,68.74136,-0.50798064,-5.238609,38.431137
34.67,11.386003,68.731895,-0.5088966,-5.2510195,38.425045
34.68,11.384642,68.72239,-0.50981367,-5.2634444,38.418953
34.69,11.383281,68.712875,-0.5107313,-5.2758784,38.412846
34.7,11.381919,68.70335,-0.51164925,-5.2883177,38.40674
34.71,11.38055,68.69383,-0.5125679,-5.300761,38.400635
34.72,11.379186,68.68428,-0.5134873,-5.3132224,38.3945
34.73,11.377818,68.67471,-0.51440704,-5.3256793,38.38838
34.74,11.376448,68.66517,-0.5153284,-5.338159,38.38225
34.75,11.3750725,68.65558,-0.5162489,-5.350634,38.376118
34.76,11.373704,68.645996,-0.5171702,-5.3631167,38.36998
34.77,11.372326,68.636406,-0.5180932,-5.3756146,38.363823
34.78,11.370949,68.626785,-0.51901627,-5.3881154,38.357666
34.79,11.369573,68.61716,-0.51994,-5.4006224,38.351517
34.8,11.368188,68.60754,-0.52086407,-5.413143,38.345352
34.81,11.36681,68.59791,-0.52178895,-5.4256682,38.339176
34.82,11.365427,68.58824,-0.5227141,-5.438199,38.33301
34.83,11.364043,68.57859,-0.52364075,-5.4507422,38.32682
34.84,11.362654,68.56892,-0.524567,-5.4632874,38.320633
34.85,11.361261,68.559235,-0.52549404,-5.4758425,38.31445
34.86,11.359872,68.54953,-0.5264227,-5.488411,38.308254
34.87,11.358483,68.53985,-0.52735084,-5.500977,38.30206
34.88,11.357085,68.53012,-0.52827984,-5.513559,38.295845
34.89,11.355689,68.52041,-0.52920896,-5.5261364,38.28964
34.9,11.354291,68.510666,-0.53014004,-5.5387387,38.283417
34.91,11.352891,68.500916,-0.53107077,-5.551336,38.27719
34.92,11.351496,68.491165,-0.53200215,-5.563946,38.270973
34.93,11.350089,68.481415,-0.5329345,-5.576566,38.264736
34.94,11.348686,68.47164,-0.53386676,-5.589186,38.258488
34.95,11.347282,68.46184,-0.5348003,-5.601815,38.252243
34.96,11.345873,68.45205,-0.5357341,-5.614451,38.24599
34.97,11.344462,68.44224,-0.5366686,-5.6271014,38.239742
34.98,11.343051,68.432434,-0.5376037,-5.6397576,38.233482
34.99,11.3416395,68.4226,-0.5385394,-5.652418,38.227207
35.0,11.340222,68.41274,-0.5394758,-5.6650863,38.220936
35.01,11.338808,68.4029,-0.5404123,-5.677759,38.214672
35.02,11.33739,68.39305,-0.54134995,-5.6904454,38.208378
35.03,11.335973,68.383194,-0.54228735,-5.703131,38.202095
35.04,11.334549,68.373314,-0.54322666,-5.7158384,38.195805
35.05,11.333125,68.3634,-0.5441658,-5.728543,38.1895
35.06,11.331701,68.353516,-0.5451055,-5.741256,38.183205
35.07,11.330273,68.34359,-0.546046,-5.7539763,38.176876
35.08,11.328848,68.33367,-0.54698735,-5.7667055,38.170578
35.09,11.327417,68.323746,-0.54792833,-5.77944,38.164257
35.1,11.325986,68.31379,-0.5488711,-5.792187,38.15793
35.11,11.324551,68.30385,-0.54981375,-5.804941,38.151596
35.12,11.323124,68.2939,-0.5507567,-5.817694,38.145264
35.13,11.321682,68.28391,-0.551701,-5.8304634,38.138916
35.14,11.320244,68.27394,-0.552645,-5.8432374,38.132576
35.15,11.318806,68.26394,-0.55359066,-5.856019,38.126225
35.16,11.317363,68.25395,-0.55453604,-5.868806,38.119873
35.17,11.315921,68.24395,-0.5554822,-5.881597,38.11351
35.18,11.31448,68.23391,-0.5564291,-5.8944025,38.10714
35.19,11.31303,68.223885,-0.5573765,-5.9072094,38.100777
35.2,11.311583,68.21385,-0.55832475,-5.9200263,38.0944
35.21,11.310134,68.20379,-0.55927294,-5.9328513,38.08801
35.22,11.308681,68.19375,-0.56022215,-5.945684,38.08161
35.23,11.307229,68.18368,-0.5611713,-5.9585195,38.075233
35.24,11.305773,68.17358,-0.5621223,-5.9713764,38.06882
35.25,11.304319,68.1635,-0.5630729,-5.984224,38.062435
35.26,11.302862,68.15339,-0.56402385,-5.99708,38.05602
35.27,11.301403,68.14328,-0.5649763,-6.009955,38.049614
35.28,11.299941,68.13316,-0.565929,-6.0228267,38.043194
35.29,11.298478,68.123024,-0.5668818,-6.035709,38.03677
35.3,11.297015,68.11287,-0.56783557,-6.0486007,38.030342
35.31,11.2955475,68.10272,-0.56878996,-6.061497,38.023903
35.32,11.294081,68.092575,-0.5697446,-6.0744,38.017456
35.33,11.292607,68.0824,-0.5707003,-6.087315,38.01102
35.34,11.291138,68.07222,-0.5716562,-6.1002326,38.00457
35.35,11.289664,68.06204,-0.57261205,-6.113148,37.99812
35.36,11.288192,68.051834,-0.5735694,-6.1260853,37.991653
35.37,11.286716,68.04162,-0.5745272,-6.139029,37.98519
35.38,11.28524,68.03141,-0.57548547,-6.151975,37.97872
35.39,11.283757,68.02117,-0.5764444,-6.164931,37.97225
35.4,11.282281,68.010925,-0.57740366,-6.17789,37.96576
35.41,11.280799,68.00072,-0.57836336,-6.190855,37.95929
35.42,11.279314,67.99043,-0.57932365,-6.2038317,37.95281
35.43,11.277827,67.98016,-0.5802847,-6.2168145,37.9463
35.44,11.276341,67.9699,-0.5812463,-6.229805,37.939804
35.45,11.274851,67.959595,-0.5822086,-6.242802,37.933285
35.46,11.273361,67.949295,-0.58317095,-6.2558064,37.92679
35.47,11.271867,67.939,-0.58413416,-6.268821,37.920273
35.48,11.270376,67.92867,-0.5850981,-6.2818346,37.913757
35.49,11.268878,67.91834,-0.5860626,-6.294862,37.907227
35.5,11.267381,67.908005,-0.58702743,-6.307892,37.900703
35.51,11.2658825,67.897675,-0.58799255,-6.320929,37.89416
35.52,11.264384,67.887314,-0.5889587,-6.3339763,37.887627
35.53,11.262878,67.87695,-0.58992505,-6.3470283,37.88109
35.54,11.261377,67.866585,-0.5908919,-6.360091,37.874535
35.55,11.2598715,67.856186,-0.5918595,-6.3731565,37.867977
35.56,11.258365,67.845795,-0.59282804,-6.386229,37.861416
35.57,11.256858,67.8354,-0.5937968,-6.399313,37.854855
35.58,11.255343,67.82498,-0.5947662,-6.4124007,37.848286
35.59,11.253833,67.81455,-0.5957359,-6.425496,37.841717
35.6,11.252324,67.80413,-0.5967056,-6.438589,37.835148
35.61,11.250808,67.793686,-0.5976767,-6.4517016,37.828552
35.62,11.24929,67.78324,-0.5986483,-6.4648166,37.821964
35.63,11.247773,67.77277,-0.59962016,-6.477936,37.815365
35.64,11.246254,67.762314,-0.6005929,-6.4910684,37.80877
35.65,11.244733,67.75182,-0.6015658,-6.504206,37.80216
35.66,11.243206,67.74134,-0.60253936,-6.5173492,37.79555
35.67,11.241686,67.73084,-0.6035129,-6.5304914,37.788944
35.68,11.240164,67.72035,-0.604488,-6.543654,37.782333
35.69,11.238633,67.70982,-0.6054629,-6.556814,37.775707
35.7,11.237102,67.69931,-0.60643905,-6.569992,37.769073
35.71,11.235576,67.68877,-0.60741526,-6.583162,37.762447
35.72,11.234041,67.678215,-0.60839206,-6.596351,37.755802
35.73,11.232505,67.66767,-0.6093694,-6.609534,37.74917
35.74,11.23097,67.65712,-0.6103475,-6.6227403,37.74251
35.75,11.229436,67.64654,-0.61132526,-6.635937,37.735878
35.76,11.227897,67.63595,-0.61230433,-6.649151,37.729218
35.77,11.226355,67.62536,-0.61328393,-6.6623673,37.722557
35.78,11.224816,67.61479,-0.6142636,-6.6755857,37.7159
35.79,11.223272,67.604164,-0.61524427,-6.6888213,37.709213
35.8,11.221728,67.59352,-0.6162249,-6.702058,37.702545
35.81,11.220176,67.58293,-0.6172072,-6.7153063,37.695866
35.82,11.218632,67.572296,-0.61818856,-6.7285523,37.689175
35.83,11.217081,67.561646,-0.61917174,-6.741814,37.682487
35.84,11.215531,67.55099,-0.6201548,-6.755081,37.6758
35.85,11.213976,67.54034,-0.62113833,-6.7683477,37.669098
35.86,11.212424,67.529655,-0.6221225,-6.7816277,37.662403
35.87,11.210867,67.51897,-0.62310696,-6.7949095,37.65568
35.88,11.20931,67.508286,-0.6240924,-6.8082023,37.64898
35.89,11.207751,67.49759,-0.6250777,-6.8214946,37.642258
35.9,11.206189,67.48689,-0.626064,-6.8348007,37.635532
35.91,11.204629,67.47617,-0.62705064,-6.848107,37.628815
35.92,11.203067,67.46545,-0.62803763,-6.861423,37.622078
35.93,11.2015,67.4547,-0.62902623,-6.874754,37.615345
35.94,11.199934,67.44397,-0.6300141,-6.888082,37.608604
35.95,11.198365,67.4332,-0.6310031,-6.901424,37.60186
35.96,11.196796,67.42246,-0.6319916,-6.914761,37.59511
35.97,11.195224,67.411644,-0.63298225,-6.9281163,37.588352
35.98,11.193653,67.4009,-0.6339722,-6.941469,37.581593
35.99,11.192077,67.39009,-0.634963,-6.954835,37.57483
36.0,11.1905,67.37931,-0.6359542,-6.9681983,37.56806
36.01,11.188924,67.368484,-0.636946,-6.9815736,37.5613
36.02,11.187348,67.35768,-0.6379385,-6.99496,37.554523
36.03,11.185766,67.34687,-0.6389315,-7.008346,37.547737
36.04,11.184183,67.33601,-0.6399248,-7.0217395,37.540947
36.05,11.182601,67.32519,-0.6409186,-7.035142,37.53416
36.06,11.181017,67.314354,-0.6419128,-7.0485497,37.52736
36.07,11.179429,67.303474,-0.6429077,-7.061969,37.52056
36.08,11.177839,67.29261,-0.6439031,-7.0753894,37.513763
36.09,11.176253,67.28173,-0.6448991,-7.0888166,37.506954
36.1,11.174663,67.27085,-0.6458952,-7.102246,37.50013
36.11,11.173067,67.25998,-0.6468926,-7.115693,37.493317
36.12,11.171472,67.24906,-0.64788944,-7.1291323,37.486507
36.13,11.169877,67.23816,-0.64888763,-7.142588,37.47967
36.14,11.16828,67.22725,-0.64988583,-7.156051,37.472843
36.15,11.166682,67.2163,-0.6508852,-7.1695175,37.466003
36.16,11.165079,67.20538,-0.65188396,-7.1829906,37.459164
36.17,11.16348,67.19444,-0.6528837,-7.1964607,37.45232
36.18,11.161874,67.18348,-0.6538842,-7.209945,37.445465
36.19,11.160273,67.17253,-0.65488493,-7.2234387,37.43862
36.2,11.158667,67.16155,-0.6558865,-7.2369356,37.431763
36.21,11.157059,67.15056,-0.65688854,-7.2504396,37.4249
36.22,11.155449,67.13957,-0.6578909,-7.2639537,37.41803
36.23,11.153841,67.12857,-0.65889335,-7.2774644,37.41116
36.24,11.1522255,67.117584,-0.6598971,-7.2909904,37.40428
36.25,11.150612,67.10657,-0.6609004,-7.3045144,37.397408
36.26,11.148993,67.09553,-0.66190463,-7.318046,37.39053
36.27,11.147382,67.0845,-0.66290945,-7.3315887,37.383633
36.28,11.14576,67.073456,-0.6639146,-7.345134,37.37674
36.29,11.144141,67.06241,-0.66492075,-7.3586936,37.369846
36.3,11.142517,67.05136,-0.66592634,-7.372246,37.362946
36.31,11.140897,67.040306,-0.66693336,-7.385821,37.35603
36.32,11.139275,67.02923,-0.6679401,-7.3993864,37.349133
36.33,11.137648,67.01814,-0.66894764,-7.4129615,37.342213
36.34,11.13602,67.00705,-0.6699559,-7.42655,37.335293
36.35,11.13439,66.99595,-0.6709647,-7.4401374,37.32837
36.36,11.132764,66.984856,-0.6719732,-7.453732,37.321438
36.37,11.131132,66.97375,-0.67298293,-7.4673295,37.314514
36.38,11.129498,66.962616,-0.67399323,-7.4809403,37.307575
36.39,11.127863,66.95148,-0.6750033,-7.494556,37.300632
36.4,11.126225,66.94034,-0.6760146,-7.5081806,37.293694
36.41,11.124589,66.92919,-0.6770256,-7.5217953,37.286743
36.42,11.122949,66.918045,-0.67803776,-7.535432,37.279793
36.43,11.121308,66.90686,-0.67905027,-7.549074,37.272835
36.44,11.119666,66.8957,-0.68006283,-7.562711,37.265865
36.45,11.118026,66.884514,-0.6810766,-7.5763655,37.258904
36.46,11.116377,66.87332,-0.68209034,-7.590023,37.25193
36.47,11.114731,66.86212,-0.68310446,-7.6036882,37.244965
36.48,11.113084,66.85093,-0.6841192,-7.617359,37.23798
36.49,11.111437,66.83971,-0.68513453,-7.631031,37.231003
36.5,11.109783,66.82851,-0.68614995,-7.644702,37.22401
36.51,11.108132,66.81726,-0.68716645,-7.6583986,37.21702
36.52,11.106479,66.80603,-0.68818265,-7.672083,37.210033
36.53,11.104828,66.79478,-0.6891997,-7.6857862,37.20303
36.54,11.103167,66.783516,-0.6902175,-7.6994925,37.196026
36.55,11.10151,66.77227,-0.6912349,-7.713193,37.189022
36.56,11.099853,66.760994,-0.69225407,-7.72692,37.182
36.57,11.098189,66.749725,-0.6932722,-7.740633,37.17499
36.58,11.096529,66.738434,-0.6942922,-7.754362,37.167976
36.59,11.094866,66.727135,-0.69531167,-7.768097,37.160954
36.6,11.093199,66.71584,-0.6963315,-7.781831,37.15392
36.61,11.091535,66.70451,-0.69735295,-7.795578,37.14689
36.62,11.089867,66.69321,-0.6983737,-7.809328,37.139847
36.63,11.088195,66.68187,-0.6993958,-7.823085,37.132805
36.64,11.086526,66.670555,-0.7004174,-7.8368406,37.12578
36.65,11.08485,66.65919,-0.70144045,-7.850622,37.118706
36.66,11.083181,66.64786,-0.7024631,-7.8643875,37.111664
36.67,11.081506,66.63651,-0.7034862,-7.878168,37.10461
36.68,11.079827,66.62515,-0.70451003,-7.8919506,37.097546
36.69,11.078152,66.61377,-0.7055342,-7.9057417,37.09049
36.7,11.076472,66.60237,-0.70655966,-7.9195433,37.083416
36.71,11.074788,66.59097,-0.7075844,-7.9333353,37.076344
36.72,11.073107,66.57959,-0.7086105,-7.947151,37.069263
36.73,11.071426,66.5682,-0.7096365,-7.960964,37.062183
36.74,11.069738,66.55676,-0.71066344,-7.9747925,37.05509
36.75,11.068049,66.54536,-0.7116902,-7.9886084,37.048004
36.76,11.066363,66.533936,-0.71271724,-8.002437,37.04091
36.77,11.064675,66.5225,-0.71374536,-8.0162735,37.033817
36.78,11.062985,66.51105,-0.7147735,-8.030115,37.026722
36.79,11.061291,66.49958,-0.7158027,-8.043973,37.01962
36.8,11.059603,66.48813,-0.7168315,-8.057819,37.01252
36.81,11.057904,66.47666,-0.71786135,-8.071675,37.005398
36.82,11.056208,66.46521,-0.71889085,-8.085536,36.99828
36.83,11.054506,66.453705,-0.7199224,-8.099419,36.991154
36.84,11.052811,66.44222,-0.72095263,-8.113283,36.98403
36.85,11.05111,66.430725,-0.7219841,-8.127164,36.976906
36.86,11.049409,66.419235,-0.7230162,-8.141055,36.96978
36.87,11.047704,66.407715,-0.7240484,-8.154946,36.96263
36.88,11.046,66.396194,-0.72508144,-8.168846,36.955498
36.89,11.044297,66.38467,-0.7261144,-8.182743,36.948357
36.9,11.042588,66.37312,-0.72714764,-8.196653,36.941216
36.91,11.040879,66.36159,-0.72818136,-8.2105665,36.934055
36.92,11.03917,66.35004,-0.7292161,-8.224488,36.926907
36.93,11.037457,66.33848,-0.7302505,-8.238408,36.919743
36.94,11.035747,66.326904,-0.7312858,-8.252338,36.91258
36.95,11.034029,66.31534,-0.73232186,-8.266281,36.905403
36.96,11.032318,66.303764,-0.73335785,-8.280216,36.89824
36.97,11.030594,66.29217,-0.73439485,-8.294172,36.891068
36.98,11.028877,66.28058,-0.7354313,-8.30812,36.883884
36.99,11.027158,66.26897,-0.7364693,-8.322082,36.87671
37.0,11.025438,66.25736,-0.73750657,-8.336035,36.86952
37.01,11.02372,66.24575,-0.7385445,-8.350005,36.86234
37.02,11.021994,66.234116,-0.73958385,-8.363981,36.855145
37.03,11.02027,66.22247,-0.7406219,-8.377953,36.847946
37.04,11.018542,66.210846,-0.74166226,-8.391946,36.840744
37.05,11.016813,66.19922,-0.7427021,-8.405932,36.83353
37.06,11.015083,66.18755,-0.7437426,-8.41993,36.82633
37.07,11.013354,66.17589,-0.7447831,-8.433931,36.819115
37.08,11.011625,66.16422,-0.7458245,-8.447933,36.811893
37.09,11.009888,66.15255,-0.7468659,-8.461944,36.804676
37.1,11.008154,66.14088,-0.7479072,-8.47595,36.79747
37.11,11.006419,66.12917,-0.7489505,-8.4899845,36.79023
37.12,11.00468,66.11747,-0.7499929,-8.504006,36.783
37.13,11.002943,66.10577,-0.7510366,-8.518045,36.77576
37.14,11.001201,66.09404,-0.75207984,-8.532075,36.768524
37.15,10.999461,66.082344,-0.7531238,-8.546119,36.76129
37.16,10.997721,66.0706,-0.75416833,-8.560163,36.75405
37.17,10.9959755,66.05889,-0.75521344,-8.57422,36.746788
37.18,10.994231,66.047134,-0.75625855,-8.588278,36.739544
37.19,10.992484,66.0354,-0.75730395,-8.602337,36.732277
37.2,10.990736,66.02363,-0.7583502,-8.616411,36.72502
37.21,10.98899,66.01187,-0.7593963,-8.630483,36.71776
37.22,10.987238,66.00011,-0.7604435,-8.644555,36.71049
37.23,10.985488,65.988335,-0.761491,-8.658639,36.703224
37.24,10.98373,65.97655,-0.76253825,-8.672728,36.69595
37.25,10.981978,65.964775,-0.7635861,-8.686825,36.68867
37.26,10.98022,65.95296,-0.76463467,-8.700919,36.68139
37.27,10.978462,65.941154,-0.7656839,-8.715024,36.674107
37.28,10.9767065,65.92935,-0.766733,-8.729132,36.666813
37.29,10.974946,65.91753,-0.76778287,-8.743247,36.659523
37.3,10.973187,65.9057,-0.76883245,-8.7573595,36.652237
37.31,10.97142,65.89387,-0.7698834,-8.771488,36.64493
37.32,10.969657,65.88203,-0.7709344,-8.785616,36.637623
37.33,10.967895,65.87017,-0.7719855,-8.79975,36.630325
37.34,10.96613,65.85832,-0.7730373,-8.813893,36.623013
37.35,10.964362,65.84646,-0.774089,-8.828029,36.615696
37.36,10.962591,65.83458,-0.77514154,-8.842188,36.608368
37.37,10.960823,65.82272,-0.77619433,-8.856331,36.601048
37.38,10.959052,65.810844,-0.77724767,-8.8705,36.59373
37.39,10.957277,65.79896,-0.7783007,-8.884662,36.5864
37.4,10.955502,65.787056,-0.7793551,-8.8988285,36.57907
37.41,10.95373,65.77516,-0.78040963,-8.913,36.571743
37.42,10.95195,65.76325,-0.7814639,-8.927176,36.56441
37.43,10.950173,65.751335,-0.78251934,-8.941367,36.557064
37.44,10.948395,65.73941,-0.7835752,-8.955551,36.549713
37.45,10.946613,65.72748,-0.7846307,-8.969742,36.542366
37.46,10.944832,65.71557,-0.7856867,-8.983931,36.535015
37.47,10.94305,65.70359,-0.78674406,-8.998142,36.52766
37.48,10.941262,65.69165,-0.7878009,-9.012352,36.520298
37.49,10.939478,65.6797,-0.78885865,-9.026564,36.51294
37.5,10.937692,65.667755,-0.7899163,-9.040777,36.505577
37.51,10.935908,65.65577,-0.790974,-9.054996,36.498215
37.52,10.9341135,65.6438,-0.7920331,-9.069226,36.490837
37.53,10.9323225,65.63181,-0.7930917,-9.083454,36.483456
37.54,10.9305315,65.61983,-0.7941512,-9.097693,36.476074
37.55,10.9287405,65.607834,-0.7952104,-9.111931,36.4687
37.56,10.926947,65.59583,-0.7962708,-9.126181,36.46131
37.57,10.925148,65.583824,-0.7973308,-9.1404295,36.453922
37.58,10.923348,65.5718,-0.79839253,-9.154691,36.44652
37.59,10.921555,65.559784,-0.7994534,-9.168949,36.439137
37.6,10.919756,65.54775,-0.80051494,-9.183212,36.431736
37.61,10.917956,65.53573,-0.8015768,-9.197478,36.424328
37.62,10.916155,65.52368,-0.8026392,-9.211749,36.416927
37.63,10.914351,65.51164,-0.8037016,-9.226032,36.40952
37.64,10.912545,65.49957,-0.80476433,-9.240308,36.402107
37.65,10.91074,65.48752,-0.8058282,-9.254597,36.394695
37.66,10.908932,65.47545,-0.806892,-9.268886,36.38727
37.67,10.907126,65.46338,-0.8079557,-9.283183,36.379856
37.68,10.905315,65.45129,-0.80902034,-9.297488,36.372433
37.69,10.903504,65.4392,-0.81008494,-9.311791,36.365
37.7,10.901691,65.42712,-0.8111503,-9.326106,36.357563
37.71,10.899882,65.41501,-0.8122162,-9.34042,36.350136
37.72,10.898067,65.4029,-0.8132817,-9.354741,36.3427
37.73,10.896251,65.39079,-0.8143481,-9.369061,36.335262
37.74,10.894431,65.378685,-0.8154151,-9.383399,36.327816
37.75,10.892615,65.366554,-0.81648225,-9.39773,36.32036
37.76,10.890797,65.35443,-0.8175492,-9.41206,36.312912
37.77,10.888977,65.34228,-0.818617,-9.426404,36.305454
37.78,10.8871565,65.33014,-0.8196846,-9.44075,36.298004
37.79,10.885332,65.31799,-0.8207534,-9.4551,36.290543
37.8,10.88351,65.30585,-0.8218211,-9.469451,36.283085
37.81,10.881683,65.29367,-0.8228912,-9.483813,36.275616
37.82,10.879858,65.2815,-0.8239607,-9.498181,36.268143
37.83,10.87803,65.269325,-0.8250307,-9.512552,36.260662
37.84,10.876202,65.25716,-0.82610047,-9.526917,36.253193
37.85,10.874371,65.244965,-0.82717097,-9.541296,36.245712
37.86,10.872542,65.23278,-0.8282419,-9.555681,36.23824
37.87,10.870708,65.22057,-0.8293136,-9.570067,36.23075
37.88,10.868874,65.20835,-0.83038515,-9.58446,36.223244
37.89,10.867042,65.19615,-0.8314565,-9.59885,36.215767
37.9,10.865207,65.18393,-0.8325299,-9.6132555,36.20827
37.91,10.863366,65.1717,-0.8336019,-9.627653,36.20077
37.92,10.861531,65.15948,-0.8346743,-9.642057,36.19327
37.93,10.859688,65.147224,-0.835748,-9.65648,36.18576
37.94,10.85785,65.134995,-0.8368219,-9.670886,36.178257
37.95,10.856007,65.12274,-0.83789575,-9.68531,36.170742
37.96,10.854166,65.1105,-0.83896977,-9.699731,36.16324
37.97,10.852321,65.09822,-0.8400445,-9.714169,36.155712
37.98,10.850474,65.08596,-0.8411191,-9.728594,36.14821
37.99,10.84863,65.073685,-0.84219426,-9.7430315,36.14068
38.0,10.846781,65.06142,-0.8432702,-9.757475,36.133156
38.01,10.844932,65.049126,-0.8443459,-9.7719145,36.12563
38.02,10.8430805,65.036835,-0.8454227,-9.786371,36.118095
38.03,10.841229,65.02454,-0.84649885,-9.800818,36.110558
38.04,10.8393755,65.01223,-0.8475761,-9.815278,36.10302
38.05,10.837525,64.99993,-0.848653,-9.829743,36.09549
38.06,10.835669,64.98761,-0.8497313,-9.844214,36.08794
38.07,10.833814,64.975296,-0.85080904,-9.858681,36.080395
38.08,10.831957,64.96295,-0.85188746,-9.873162,36.072838
38.09,10.830099,64.95064,-0.852966,-9.887639,36.06529
38.1,10.828242,64.9383,-0.8540448,-9.902115,36.057743
38.11,10.826381,64.92596,-0.8551247,-9.916608,36.05018
38.12,10.824518,64.913605,-0.85620356,-9.931094,36.042614
38.13,10.822657,64.90125,-0.85728395,-9.945594,36.035057
38.14,10.820789,64.88889,-0.8583638,-9.960086,36.027496
38.15,10.818926,64.87653,-0.8594442,-9.974594,36.01992
38.16,10.817061,64.86415,-0.8605253,-9.9891,36.01235
38.17,10.815197,64.85179,-0.86160654,-10.003609,36.004772
38.18,10.813326,64.83938,-0.86268806,-10.0181265,35.997192
38.19,10.811454,64.826996,-0.86376965,-10.032641,35.98962
38.2,10.809584,64.814606,-0.8648518,-10.047166,35.98204
38.21,10.807714,64.802216,-0.8659341,-10.061692,35.974445
38.22,10.805842,64.7898,-0.8670173,-10.07623,35.966858
38.23,10.803967,64.7774,-0.8681,-10.090756,35.95927
38.24,10.802088,64.76497,-0.86918414,-10.105305,35.951675
38.25,10.800215,64.75254,-0.87026775,-10.119843,35.94408
38.26,10.798338,64.74011,-0.87135094,-10.134387,35.936478
38.27,10.796463,64.72769,-0.872436,-10.148934,35.928883
38.28,10.79458,64.715256,-0.8735204,-10.163494,35.92127
38.29,10.792699,64.702805,-0.87460566,-10.178059,35.913647
38.3,10.790819,64.69035,-0.8756903,-10.192606,35.90604
38.31,10.788932,64.677895,-0.87677634,-10.207179,35.898426
38.32,10.787049,64.66542,-0.8778621,-10.22175,35.890816
38.33,10.785166,64.65297,-0.87894833,-10.236318,35.883198
38.34,10.783282,64.6405,-0.88003486,-10.250896,35.875572
38.35,10.78139,64.62804,-0.8811217,-10.265469,35.867947
38.36,10.779505,64.61553,-0.8822089,-10.280063,35.86031
38.37,10.777614,64.60305,-0.883296,-10.294649,35.852695
38.38,10.7757225,64.59055,-0.88438404,-10.309246,35.845055
38.39,10.773832,64.57806,-0.8854719,-10.323838,35.83742
38.4,10.771942,64.56554,-0.8865607,-10.338447,35.82978
38.41,10.770047,64.553024,-0.8876492,-10.353042,35.822136
38.42,10.768152,64.54052,-0.8887381,-10.367649,35.814503
38.43,10.766258,64.52799,-0.8898273,-10.382261,35.80685
38.44,10.7643585,64.51547,-0.8909169,-10.3968725,35.799202
38.45,10.762459,64.502945,-0.89200634,-10.411493,35.791542
38.46,10.760561,64.4904,-0.8930967,-10.426122,35.7839
38.47,10.758661,64.477844,-0.8941877,-10.440753,35.776226
38.48,10.756757,64.46529,-0.8952786,-10.455382,35.768574
38.49,10.754858,64.45274,-0.89636934,-10.47001,35.76091
38.5,10.752953,64.44018,-0.8974601,-10.484643,35.753246
38.51,10.751049,64.42762,-0.89855176,-10.499278,35.745583
38.52,10.749144,64.415054,-0.8996438,-10.513928,35.73791
38.53,10.747236,64.40247,-0.9007356,-10.528568,35.730236
38.54,10.74533,64.3899,-0.9018283,-10.543223,35.722557
38.55,10.743422,64.37732,-0.90292066,-10.557875,35.714886
38.56,10.74151,64.3647,-0.90401417,-10.572535,35.7072
38.57,10.7396,64.35212,-0.9051077,-10.587199,35.699512
38.58,10.737687,64.33951,-0.90620154,-10.601863,35.691833
38.59,10.735776,64.32691,-0.9072955,-10.616535,35.684143
38.6,10.73386,64.3143,-0.9083892,-10.631208,35.676437
38.61,10.731948,64.30169,-0.90948397,-10.645877,35.668762
38.62,10.730033,64.289055,-0.91057855,-10.660556,35.66106
38.63,10.72811,64.276436,-0.91167337,-10.6752405,35.653362
38.64,10.726194,64.263794,-0.912769,-10.689924,35.64566
38.65,10.724277,64.25118,-0.91386443,-10.704617,35.63796
38.66,10.722354,64.238525,-0.9149599,-10.719306,35.63026
38.67,10.720437,64.22589,-0.9160558,-10.733995,35.62255
38.68,10.718511,64.213234,-0.9171528,-10.748705,35.614834
38.69,10.716584,64.20058,-0.9182493,-10.763403,35.60712
38.7,10.7146635,64.187904,-0.91934615,-10.778108,35.599407
38.71,10.712737,64.17523,-0.9204436,-10.792821,35.591686
38.72,10.71081,64.16257,-0.9215412,-10.807536,35.58396
38.73,10.708885,64.149895,-0.9226393,-10.822245,35.576233
38.74,10.706956,64.13721,-0.9237368,-10.8369665,35.568523
38.75,10.705025,64.12451,-0.9248349,-10.851683,35.56079
38.76,10.7030945,64.11183,-0.92593354,-10.866415,35.55306
38.77,10.701165,64.099144,-0.92703277,-10.881143,35.545326
38.78,10.699233,64.086426,-0.92813176,-10.895876,35.537594
38.79,10.697299,64.07372,-0.9292313,-10.910612,35.529846
38.8,10.695361,64.06101,-0.93033105,-10.925348,35.522114
38.81,10.693428,64.0483,-0.9314311,-10.940098,35.514374
38.82,10.691494,64.035576,-0.9325311,-10.954837,35.50663
38.83,10.689552,64.02285,-0.93363184,-10.969587,35.49887
38.84,10.687616,64.01013,-0.9347325,-10.98434,35.491127
38.85,10.685675,63.997383,-0.9358332,-10.9991,35.483383
38.86,10.683736,63.984657,-0.9369344,-11.013848,35.47562
38.87,10.681795,63.97191,-0.9380354,-11.028603,35.46787
38.88,10.6798525,63.959152,-0.9391376,-11.043382,35.460106
38.89,10.677907,63.946407,-0.9402393,-11.058139,35.452347
38.9,10.675963,63.933643,-0.94134253,-11.072919,35.444572
38.91,10.674016,63.92088,-0.94244474,-11.087693,35.436817
38.92,10.672072,63.908108,-0.9435474,-11.102467,35.429047
38.93,10.670124,63.89533,-0.94465035,-11.117249,35.421272
38.94,10.668175,63.882557,-0.9457536,-11.1320305,35.413506
38.95,10.666226,63.869785,-0.9468573,-11.146818,35.40573
38.96,10.664276,63.85699,-0.947961,-11.161608,35.397957
38.97,10.662324,63.84419,-0.9490649,-11.176396,35.390167
38.98,10.660374,63.831398,-0.9501691,-11.191194,35.382393
38.99,10.658418,63.818596,-0.9512745,-11.205997,35.37461
39.0,10.656466,63.805794,-0.9523786,-11.220792,35.366817
39.01,10.654513,63.792995,-0.95348346,-11.235595,35.35904
39.02,10.652555,63.78017,-0.954589,-11.250403,35.351242
39.03,10.6505995,63.767353,-0.9556944,-11.265213,35.34345
39.04,10.648641,63.754536,-0.95680064,-11.28003,35.335655
39.05,10.646681,63.74171,-0.95790654,-11.294849,35.327854
39.06,10.644718,63.72886,-0.9590133,-11.309676,35.320057
39.07,10.642757,63.716026,-0.96011925,-11.324487,35.31225
39.08,10.640798,63.70318,-0.9612263,-11.339308,35.30445
39.09,10.638836,63.690353,-0.96233296,-11.35414,35.296646
39.1,10.636873,63.6775,-0.96344036,-11.368971,35.28884
39.11,10.634907,63.66463,-0.96454793,-11.383806,35.28103
39.12,10.632941,63.65176,-0.965656,-11.398642,35.273216
39.13,10.630973,63.63892,-0.9667638,-11.413485,35.2654
39.14,10.629007,63.62605,-0.9678716,-11.428315,35.257595
39.15,10.627039,63.613174,-0.9689805,-11.44317,35.249763
39.16,10.625071,63.600307,-0.9700884,-11.458006,35.241947
39.17,10.623099,63.587425,-0.97119784,-11.472868,35.23411
39.18,10.621127,63.574524,-0.97230715,-11.48772,35.22629
39.19,10.619157,63.561646,-0.9734161,-11.502576,35.218468
39.2,10.617183,63.548744,-0.97452575,-11.517438,35.210636
39.21,10.615211,63.535854,-0.9756354,-11.532294,35.202816
39.22,10.613233,63.52294,-0.976746,-11.547165,35.19497
39.23,10.611257,63.51004,-0.97785586,-11.562026,35.18714
39.24,10.609282,63.49714,-0.97896683,-11.576902,35.179302
39.25,10.607307,63.484222,-0.980077,-11.591769,35.171463
39.26,10.605324,63.4713,-0.9811879,-11.606636,35.163624
39.27,10.603346,63.458366,-0.9822994,-11.621523,35.15579
39.28,10.601366,63.445442,-0.98341036,-11.636398,35.14794
39.29,10.599385,63.432518,-0.9845222,-11.651282,35.14009
39.3,10.597405,63.41958,-0.98563415,-11.666174,35.132236
39.31,10.595421,63.40664,-0.9867465,-11.681058,35.124382
39.32,10.593438,63.393696,-0.98785853,-11.695943,35.11653
39.33,10.591453,63.38074,-0.9889711,-11.710847,35.108677
39.34,10.589465,63.36779,-0.9900843,-11.725745,35.10081
39.35,10.587477,63.354843,-0.99119675,-11.740641,35.092957
39.36,10.585491,63.341873,-0.99231005,-11.755543,35.0851
39.37,10.583505,63.328907,-0.99342287,-11.770434,35.077244
39.38,10.581514,63.31595,-0.9945371,-11.78535,35.069374
39.39,10.579526,63.302967,-0.9956511,-11.800259,35.0615
39.4,10.577531,63.28998,-0.9967648,-11.81517,35.05363
39.41,10.575539,63.277008,-0.99787927,-11.830086,35.04576
39.42,10.573551,63.264027,-0.9989933,-11.844994,35.037895
39.43,10.571556,63.25105,-1.0001087,-11.8599205,35.03002
39.44,10.569562,63.238052,-1.0012238,-11.874846,35.022133
39.45,10.567565,63.225037,-1.0023386,-11.889772,35.014263
39.46,10.565571,63.212036,-1.003454,-11.904696,35.006386
39.47,10.563572,63.19904,-1.00457,-11.919631,34.9985
39.48,10.561574,63.186024,-1.0056854,-11.934561,34.990616
39.49,10.559576,63.173016,-1.0068011,-11.949491,34.982723
39.5,10.557574,63.160004,-1.0079173,-11.964428,34.97484
39.51,10.555577,63.146984,-1.0090338,-11.979366,34.96696
39.52,10.553574,63.133957,-1.0101504,-11.99431,34.959057
39.53,10.551575,63.12093,-1.0112671,-12.009246,34.951164
39.54,10.549571,63.107906,-1.0123847,-12.024201,34.943268
39.55,10.5475645,63.09485,-1.0135015,-12.039152,34.93537
39.56,10.545559,63.08182,-1.0146186,-12.054097,34.927467
39.57,10.543555,63.068783,-1.0157363,-12.069051,34.919575
39.58,10.541544,63.05573,-1.016854,-12.084001,34.911674
39.59,10.539543,63.042698,-1.017972,-12.098961,34.903767
39.6,10.537536,63.02962,-1.0190902,-12.113926,34.895863
39.61,10.535523,63.01657,-1.0202091,-12.128886,34.887955
39.62,10.533514,63.003506,-1.0213276,-12.143849,34.88004
39.63,10.531501,62.99044,-1.0224458,-12.158814,34.87213
39.64,10.529494,62.977375,-1.0235647,-12.173778,34.86422
39.65,10.527483,62.96429,-1.0246842,-12.188754,34.8563
39.66,10.525468,62.95122,-1.0258029,-12.203726,34.848392
39.67,10.523456,62.938137,-1.026923,-12.218704,34.840466
39.68,10.521439,62.925056,-1.028043,-12.233688,34.832542
39.69,10.519424,62.91198,-1.029162,-12.248647,34.824635
39.7,10.517407,62.898888,-1.0302827,-12.263641,34.816708
39.71,10.515394,62.88579,-1.031403,-12.2786255,34.808777
39.72,10.513371,62.8727,-1.032524,-12.293613,34.80085
39.73,10.5113535,62.85958,-1.033644,-12.308603,34.792923
39.74,10.509334,62.84648,-1.0347649,-12.323595,34.785
39.75,10.507314,62.83337,-1.0358857,-12.33858,34.77706
39.76,10.505293,62.82026,-1.037007,-12.353576,34.769135
39.77,10.503272,62.807156,-1.0381286,-12.368575,34.761204
39.78,10.501249,62.794018,-1.0392501,-12.383574,34.753254
39.79,10.499225,62.78091,-1.0403714,-12.398572,34.745335
39.8,10.497199,62.767796,-1.0414937,-12.413573,34.737392
39.81,10.495177,62.754654,-1.0426162,-12.428584,34.729446
39.82,10.493152,62.741505,-1.043738,-12.443588,34.7215
39.83,10.491125,62.728386,-1.0448607,-12.458598,34.71355
39.84,10.489095,62.71525,-1.0459833,-12.473611,34.70561
39.85,10.48707,62.70211,-1.047106,-12.488621,34.69766
39.86,10.485038,62.688957,-1.0482295,-12.503637,34.68971
39.87,10.483009,62.6758,-1.0493525,-12.518654,34.68176
39.88,10.480978,62.662655,-1.050476,-12.533676,34.67381
39.89,10.478947,62.649487,-1.051599,-12.548697,34.665855
39.9,10.476919,62.636333,-1.0527226,-12.563709,34.657906
39.91,10.474882,62.62316,-1.053847,-12.578744,34.64994
39.92,10.472851,62.61001,-1.0549706,-12.593766,34.641983
39.93,10.470816,62.596836,-1.0560944,-12.6087885,34.63402
39.94,10.468782,62.583656,-1.0572191,-12.623828,34.626072
39.95,10.466745,62.570484,-1.0583432,-12.638855,34.6181
39.96,10.464706,62.55729,-1.0594682,-12.653891,34.610138
39.97,10.462666,62.54411,-1.0605937,-12.668934,34.60217
39.98,10.46063,62.530926,-1.0617183,-12.683971,34.5942
39.99,10.458591,62.517735,-1.0628443,-12.699016,34.58623
40.0,10.4565525,62.50454,-1.0639694,-12.714056,34.578266
40.01,10.4545145,62.49133,-1.0650941,-12.729081,34.570293
40.02,10.452474,62.478146,-1.0662203,-12.744137,34.56231
40.03,10.45043,62.464935,-1.0673463,-12.759186,34.554344
40.04,10.448387,62.451736,-1.0684725,-12.774234,34.54636
40.05,10.446343,62.43853,-1.0695987,-12.789277,34.53839
40.06,10.444299,62.425304,-1.0707247,-12.804333,34.5304
40.07,10.442255,62.412098,-1.0718513,-12.81939,34.522423
40.08,10.440209,62.398888,-1.0729785,-12.83445,34.51444
40.09,10.438164,62.385666,-1.0741048,-12.849502,34.50646
40.1,10.436117,62.372433,-1.0752311,-12.864555,34.498474
40.11,10.43407,62.359222,-1.0763582,-12.879618,34.490498
40.12,10.432021,62.34597,-1.0774862,-12.894683,34.482502
40.13,10.429972,62.33274,-1.0786138,-12.909742,34.474506
40.14,10.427922,62.31951,-1.0797412,-12.924813,34.466526
40.15,10.425869,62.30627,-1.0808688,-12.9398775,34.458527
40.16,10.42382,62.293022,-1.0819966,-12.954943,34.45054
40.17,10.421768,62.279778,-1.0831249,-12.970021,34.44253
40.18,10.419715,62.266518,-1.0842532,-12.985092,34.43454
40.19,10.417661,62.253277,-1.0853809,-13.000159,34.42654
40.2,10.415606,62.24001,-1.0865101,-13.015241,34.41855
40.21,10.413554,62.22675,-1.087638,-13.0303135,34.410545
40.22,10.411494,62.213497,-1.0887673,-13.0454,34.402542
40.23,10.409438,62.20023,-1.0898966,-13.060482,34.394535
40.24,10.407383,62.18697,-1.091025,-13.075557,34.386536
40.25,10.405327,62.173706,-1.0921541,-13.090644,34.378536
40.26,10.403267,62.160416,-1.0932835,-13.105722,34.370525
40.27,10.401207,62.14715,-1.0944135,-13.120816,34.36251
40.28,10.399146,62.13386,-1.0955427,-13.135896,34.354507
40.29,10.397087,62.120594,-1.0966729,-13.150987,34.346504
40.3,10.395026,62.10731,-1.0978023,-13.166073,34.33849
40.31,10.392966,62.094013,-1.0989327,-13.181168,34.33047
40.32,10.390902,62.080727,-1.1000624,-13.19626,34.322456
40.33,10.388839,62.06742,-1.1011932,-13.211364,34.31444
40.34,10.386773,62.054146,-1.1023235,-13.226452,34.30642
40.35,10.384712,62.040836,-1.1034536,-13.241544,34.29842
40.36,10.3826475,62.02755,-1.1045843,-13.256645,34.290394
40.37,10.380577,62.01425,-1.1057152,-13.271747,34.28237
40.38,10.378511,62.00092,-1.1068466,-13.286857,34.274345
40.39,10.376445,61.987614,-1.1079775,-13.301958,34.266335
40.4,10.374378,61.97431,-1.1091092,-13.317056,34.2583
40.41,10.372308,61.961,-1.1102405,-13.332165,34.250282
40.42,10.37024,61.947678,-1.1113716,-13.34727,34.24225
40.43,10.368172,61.93436,-1.1125034,-13.36238,34.23422
40.44,10.366098,61.921032,-1.113635,-13.377488,34.226196
40.45,10.364028,61.907703,-1.114767,-13.392608,34.218163
40.46,10.361956,61.894398,-1.1158988,-13.407717,34.210133
40.47,10.359883,61.88105,-1.1170312,-13.422831,34.2021
40.48,10.357812,61.867737,-1.1181631,-13.437945,34.19407
40.49,10.355738,61.8544,-1.1192955,-13.45306,34.18603
40.5,10.353663,61.84105,-1.1204284,-13.468177,34.177994
40.51,10.351587,61.82771,-1.1215606,-13.483292,34.169964
40.52,10.34951,61.81437,-1.1226939,-13.498415,34.161926
40.53,10.347437,61.80103,-1.1238263,-13.513531,34.153885
40.54,10.34536,61.78769,-1.1249586,-13.528651,34.14585
40.55,10.343283,61.774334,-1.1260918,-13.543771,34.137802
40.56,10.341204,61.760967,-1.1272258,-13.558909,34.12976
40.57,10.339124,61.747623,-1.1283585,-13.574028,34.12172
40.58,10.337045,61.734272,-1.129492,-13.589151,34.113678
40.59,10.334964,61.7209,-1.1306257,-13.604281,34.105633
40.6,10.332885,61.707542,-1.1317585,-13.619402,34.097584
40.61,10.330803,61.694183,-1.1328927,-13.634537,34.08954
40.62,10.328723,61.680813,-1.1340265,-13.649665,34.081493
40.63,10.326639,61.66744,-1.1351607,-13.664803,34.07344
40.64,10.3245535,61.65407,-1.1362951,-13.679944,34.065388
40.65,10.322472,61.640705,-1.1374288,-13.695066,34.05734
40.66,10.320389,61.627323,-1.1385634,-13.710208,34.04929
40.67,10.318303,61.613937,-1.1396979,-13.725339,34.041233
40.68,10.316218,61.60056,-1.1408321,-13.740476,34.03318
40.69,10.314132,61.587185,-1.1419667,-13.755612,34.02513
40.7,10.312041,61.573784,-1.1431015,-13.770756,34.017067
40.71,10.309959,61.560406,-1.1442363,-13.785888,34.009018
40.72,10.307868,61.547012,-1.1453712,-13.801032,34.00095
40.73,10.305783,61.533623,-1.1465068,-13.816182,33.992897
40.74,10.303689,61.52021,-1.1476417,-13.831329,33.984833
40.75,10.3016,61.506813,-1.1487769,-13.846465,33.976776
40.76,10.299512,61.493423,-1.1499122,-13.861609,33.96871
40.77,10.29742,61.48003,-1.1510483,-13.876763,33.960648
40.78,10.295327,61.466637,-1.1521838,-13.891909,33.95258
40.79,10.293239,61.453213,-1.1533189,-13.907051,33.94452
40.8,10.291142,61.439804,-1.1544547,-13.922204,33.93645
40.81,10.289049,61.426407,-1.1555905,-13.937346,33.92838
40.82,10.286958,61.412994,-1.156727,-13.952505,33.92032
40.83,10.284861,61.39957,-1.1578625,-13.967659,33.912243
40.84,10.282767,61.38615,-1.1589985,-13.982809,33.90418
40.85,10.280672,61.37274,-1.1601347,-13.997958,33.89611
40.86,10.278576,61.359314,-1.1612711,-14.013112,33.888042
40.87,10.276478,61.345886,-1.1624074,-14.028268,33.879963
40.88,10.274382,61.332474,-1.1635436,-14.043421,33.8719
40.89,10.272284,61.319035,-1.1646808,-14.058582,33.863827
40.9,10.270183,61.305607,-1.165818,-14.073747,33.855743
40.91,10.2680855,61.292187,-1.1669538,-14.088896,33.84768
40.92,10.26599,61.278748,-1.1680905,-14.104049,33.839607
40.93,10.263887,61.26531,-1.1692275,-14.119211,33.83152
40.94,10.261788,61.25185,-1.170365,-14.134371,33.823452
40.95,10.2596855,61.238426,-1.1715025,-14.149538,33.815365
40.96,10.257584,61.22499,-1.1726388,-14.164695,33.80729
40.97,10.255482,61.211544,-1.1737767,-14.179862,33.79921
40.98,10.253381,61.198093,-1.1749133,-14.195018,33.791126
40.99,10.251275,61.18465,-1.1760516,-14.210189,33.783047
41.0,10.249172,61.171207,-1.1771884,-14.225346,33.774963
41.01,10.247069,61.157757,-1.1783259,-14.24051,33.76689
41.02,10.244962,61.14432,-1.1794634,-14.25567,33.7588
41.03,10.242853,61.13084,-1.1806021,-14.270843,33.750713
41.04,10.240751,61.11739,-1.1817396,-14.2860155,33.74262
41.05,10.238643,61.10394,-1.182877,-14.301172,33.734547
41.06,10.236535,61.09047,-1.1840158,-14.316355,33.726463
41.07,10.234429,61.077007,-1.1851528,-14.331511,33.71837
41.08,10.232322,61.063538,-1.1862917,-14.34669,33.71028
41.09,10.230213,61.050095,-1.1874295,-14.361849,33.702198
41.1,10.228106,61.036606,-1.1885675,-14.377017,33.694103
41.11,10.225995,61.02314,-1.1897062,-14.392196,33.68601
41.12,10.223885,61.009674,-1.1908443,-14.407361,33.67792
41.13,10.221775,60.99618,-1.191983,-14.422532,33.66983
41.14,10.219661,60.982704,-1.1931213,-14.437706,33.661736
41.15,10.217553,60.969246,-1.1942601,-14.45288,33.65364
41.16,10.21544,60.955757,-1.1953983,-14.468051,33.645557
41.17,10.213327,60.942287,-1.1965376,-14.483225,33.63747
41.18,10.211214,60.928818,-1.1976761,-14.498398,33.629368
41.19,10.209098,60.915306,-1.1988157,-14.513577,33.621273
41.2,10.206987,60.901825,-1.199954,-14.528753,33.61318
41.21,10.204871,60.888355,-1.2010931,-14.543925,33.60508
41.22,10.202757,60.874855,-1.2022322,-14.5591,33.596985
41.23,10.20064,60.86137,-1.2033713,-14.574273,33.58888
41.24,10.198525,60.84789,-1.2045103,-14.589457,33.580784
41.25,10.19641,60.83438,-1.20565,-14.6046295,33.57268
41.26,10.194289,60.82089,-1.206789,-14.619808,33.564583
41.27,10.192171,60.80739,-1.2079281,-14.634981,33.556488
41.28,10.190051,60.7939,-1.2090681,-14.650166,33.54839
41.29,10.187938,60.7804,-1.2102067,-14.665338,33.540283
41.3,10.185821,60.766903,-1.2113465,-14.680516,33.53219
41.31,10.183697,60.753395,-1.2124865,-14.6957,33.524082
41.32,10.181579,60.739902,-1.2136257,-14.710875,33.515976
41.33,10.179458,60.726395,-1.2147661,-14.726059,33.507877
41.34,10.177338,60.71289,-1.2159059,-14.741241,33.499775
41.35,10.175213,60.699364,-1.2170452,-14.756416,33.491657
41.36,10.173092,60.685852,-1.2181851,-14.771597,33.48356
41.37,10.170969,60.67233,-1.2193252,-14.786776,33.475456
41.38,10.168849,60.65883,-1.2204657,-14.801965,33.46734
41.39,10.166726,60.645325,-1.2216055,-14.817144,33.459248
41.4,10.164599,60.6318,-1.2227457,-14.832327,33.451134
41.41,10.162478,60.618286,-1.2238854,-14.847501,33.44303
41.42,10.160355,60.604767,-1.2250253,-14.862686,33.43492
41.43,10.158231,60.59125,-1.2261653,-14.877867,33.426815
41.44,10.156102,60.57773,-1.2273058,-14.893044,33.4187
41.45,10.153978,60.564213,-1.2284459,-14.90823,33.4106
41.46,10.1518545,60.550697,-1.2295855,-14.923411,33.40248
41.47,10.149725,60.53714,-1.230727,-14.938598,33.394367
41.48,10.147596,60.523617,-1.2318678,-14.953778,33.386253
41.49,10.145467,60.510098,-1.2330074,-14.968963,33.378155
41.5,10.143341,60.496586,-1.2341478,-14.984138,33.37003
41.51,10.141214,60.483032,-1.2352881,-14.999322,33.36193
41.52,10.139084,60.469498,-1.2364292,-15.014509,33.353817
41.53,10.136958,60.45597,-1.2375696,-15.029689,33.345707
41.54,10.134826,60.442444,-1.2387109,-15.044883,33.33758
41.55,10.132699,60.42889,-1.2398514,-15.060061,33.32948
41.56,10.130567,60.415363,-1.2409921,-15.075242,33.32136
41.57,10.128437,60.401825,-1.2421322,-15.090427,33.313244
41.58,10.126305,60.388283,-1.2432729,-15.105608,33.305126
41.59,10.12417,60.374756,-1.2444142,-15.120792,33.297005
41.6,10.122041,60.36122,-1.2455547,-15.13597,33.288914
41.61,10.119906,60.347652,-1.246696,-15.151157,33.280785
41.62,10.117774,60.33412,-1.2478362,-15.166336,33.27268
41.63,10.11564,60.320564,-1.2489777,-15.181525,33.264553
41.64,10.113505,60.307,-1.2501189,-15.196712,33.25643
41.65,10.111374,60.29346,-1.2512599,-15.211899,33.24831
41.66,10.109236,60.27991,-1.2524008,-15.227071,33.2402
41.67,10.1071005,60.266373,-1.2535414,-15.24226,33.232082
41.68,10.104967,60.252808,-1.2546825,-15.25744,33.223957
41.69,10.102833,60.23928,-1.2558237,-15.272621,33.215836
41.7,10.100696,60.225708,-1.2569649,-15.287808,33.20773
41.71,10.09856,60.212173,-1.2581054,-15.30298,33.199615
41.72,10.096422,60.198605,-1.2592474,-15.31817,33.191486
41.73,10.094288,60.185055,-1.2603883,-15.333349,33.183372
41.74,10.092146,60.171494,-1.2615298,-15.34854,33.175243
41.75,10.090007,60.157944,-1.2626709,-15.363721,33.16713
41.76,10.0878725,60.14439,-1.2638116,-15.378897,33.15901
41.77,10.085731,60.130825,-1.2649531,-15.394078,33.150883
41.78,10.083591,60.117268,-1.2660946,-15.409259,33.14277
41.79,10.081452,60.103703,-1.2672359,-15.424444,33.134644
41.8,10.079311,60.090145,-1.2683771,-15.439617,33.126526
41.81,10.077173,60.07657,-1.2695184,-15.454802,33.118404
41.82,10.075032,60.063004,-1.2706592,-15.469977,33.110287
41.83,10.072892,60.049446,-1.2718012,-15.48516,33.10216
41.84,10.070751,60.035877,-1.2729424,-15.500348,33.094032
41.85,10.068609,60.02231,-1.2740835,-15.515517,33.08592
41.86,10.0664625,60.008743,-1.2752256,-15.530705,33.077785
41.87,10.064324,59.995163,-1.2763664,-15.5458765,33.06967
41.88,10.06218,59.981594,-1.2775083,-15.561061,33.061543
41.89,10.060038,59.968033,-1.2786492,-15.576238,33.05343
41.9,10.057894,59.954453,-1.2797911,-15.59142,33.045303
41.91,10.055745,59.940872,-1.2809323,-15.606595,33.03718
41.92,10.053605,59.927303,-1.2820739,-15.621774,33.029053
41.93,10.05146,59.913742,-1.2832148,-15.636947,33.020935
41.94,10.049316,59.900173,-1.2843568,-15.652125,33.01281
41.95,10.047172,59.886597,-1.2854983,-15.667298,33.004684
41.96,10.045026,59.87301,-1.2866393,-15.682471,32.99656
41.97,10.042879,59.859425,-1.2877816,-15.697654,32.98843
41.98,10.040732,59.84585,-1.2889225,-15.712825,32.980316
41.99,10.038584,59.832275,-1.2900642,-15.728,32.972187
42.0,10.036437,59.818684,-1.2912059,-15.743176,32.96406
