t,w,W,x,y,z
0.0,0.063730836,0.0007622838,3.0296135,16.71466,0.15432113
0.01,0.06393252,0.001075238,3.0288458,16.712364,0.15593305
0.02,0.064135425,0.0014112592,3.0280735,16.710047,0.15755297
0.03,0.0643392,0.0017667115,3.0272963,16.707708,0.1591791
0.04,0.06454422,0.0021438897,3.0265186,16.705349,0.1608126
0.05,0.06474984,0.0025418103,3.025737,16.70297,0.16245343
0.06,0.06495712,0.002957493,3.0249505,16.700583,0.16410105
0.07,0.06516499,0.0033946335,3.0241628,16.69817,0.16575554
0.08,0.06537376,0.0038472414,3.0233712,16.69574,0.16741732
0.09,0.06558382,0.0043189824,3.022577,16.693287,0.16908582
0.1,0.06579474,0.004810095,3.0217788,16.69082,0.17076114
0.11,0.066006385,0.0053150356,3.0209775,16.688335,0.17244372
0.12,0.06621926,0.005841434,3.020174,16.685831,0.17413287
0.13,0.0664332,0.006381184,3.019367,16.683317,0.17582898
0.14,0.06664804,0.006937355,3.0185568,16.680777,0.17753127
0.15,0.0668634,0.007509172,3.0177426,16.67822,0.1792417
0.16,0.06708031,0.008094966,3.0169268,16.675646,0.18095773
0.17,0.06729756,0.008697033,3.016107,16.673052,0.18268108
0.18,0.067516096,0.009312421,3.0152843,16.670456,0.1844109
0.19,0.06773541,0.009941161,3.0144594,16.667824,0.1861472
0.2,0.067955285,0.01058349,3.0136309,16.66519,0.18789017
0.21,0.06817614,0.011238366,3.0128,16.66253,0.18963987
0.22,0.068398066,0.011906385,3.0119653,16.659859,0.19139625
0.23,0.06862058,0.012585878,3.0111284,16.65717,0.19315888
0.24,0.06884397,0.013277471,3.010286,16.654467,0.19492799
0.25,0.069068424,0.013981491,3.0094445,16.651747,0.19670422
0.26,0.06929334,0.014692247,3.0085974,16.649012,0.198486
0.27,0.06951913,0.015418172,3.007748,16.646252,0.20027415
0.28,0.06974568,0.016150773,3.006896,16.643488,0.20206891
0.29,0.06997335,0.016896069,3.0060418,16.640703,0.20387098
0.3,0.07020135,0.017649919,3.005183,16.637905,0.20567816
0.31,0.07043036,0.018412232,3.0043225,16.635096,0.20749214
0.32,0.07065991,0.019182444,3.0034592,16.632257,0.20931219
0.33,0.07089015,0.01996249,3.0025916,16.629421,0.21113865
0.34,0.07112121,0.02074936,3.0017216,16.626562,0.21297082
0.35,0.071353,0.021544427,3.0008502,16.62369,0.2148096
0.36,0.071585424,0.022345573,2.9999745,16.620804,0.21665443
0.37,0.0718186,0.023155779,2.9990966,16.617903,0.21850501
0.38,0.07205249,0.023971766,2.9982164,16.61499,0.22036159
0.39,0.072287016,0.024792045,2.9973326,16.61206,0.22222485
0.4,0.072522104,0.025621027,2.9964457,16.60912,0.22409365
0.41,0.072757974,0.026454538,2.9955564,16.60616,0.22596823
0.42,0.07299419,0.027292967,2.9946635,16.60319,0.22784911
0.43,0.073231585,0.028139234,2.9937685,16.60021,0.22973579
0.44,0.07346916,0.028986365,2.9928713,16.597206,0.23162799
0.45,0.07370773,0.02984044,2.99197,16.594196,0.23352677
0.46,0.07394652,0.030698061,2.9910665,16.59118,0.23543078
0.47,0.07418624,0.03155878,2.990161,16.588148,0.23734072
0.48,0.074426405,0.032425284,2.989252,16.5851,0.2392568
0.49,0.07466692,0.03329453,2.9883394,16.58204,0.24117853
0.5,0.07490863,0.034166574,2.9874253,16.578962,0.24310565
0.51,0.075150535,0.035041958,2.9865084,16.575872,0.24503896
0.52,0.07539299,0.035921246,2.985588,16.57278,0.24697751
0.53,0.07563624,0.036801517,2.9846647,16.569666,0.2489218
0.54,0.075879835,0.037684947,2.9837394,16.566547,0.25087163
0.55,0.07612426,0.038570732,2.9828105,16.563417,0.25282747
0.56,0.076368704,0.039459407,2.9818797,16.560263,0.25478932
0.57,0.07661395,0.04034725,2.9809446,16.557116,0.2567559
0.58,0.07685999,0.04123935,2.9800081,16.55394,0.25872838
0.59,0.07710631,0.042131096,2.9790697,16.550766,0.2607067
0.6,0.07735311,0.043025434,2.978127,16.547575,0.26269022
0.61,0.077600524,0.04391992,2.9771821,16.544367,0.26467973
0.62,0.07784861,0.044816315,2.9762344,16.541151,0.26667416
0.63,0.078097254,0.045713335,2.9752834,16.53793,0.26867482
0.64,0.07834621,0.046609998,2.9743311,16.534697,0.27068046
0.65,0.07859587,0.047508538,2.973375,16.531448,0.272692
0.66,0.07884583,0.04840651,2.972417,16.528193,0.27470887
0.67,0.07909634,0.049306095,2.9714546,16.524927,0.27673137
0.68,0.07934764,0.05020514,2.9704921,16.521648,0.2787589
0.69,0.079599075,0.05110517,2.9695244,16.518353,0.28079256
0.7,0.07985139,0.052002728,2.9685562,16.51506,0.282831
0.71,0.08010399,0.05290258,2.967584,16.511753,0.28487557
0.72,0.08035694,0.05380252,2.966609,16.508432,0.28692505
0.73,0.08061064,0.05469951,2.9656317,16.505098,0.2889803
0.74,0.0808647,0.055597574,2.9646509,16.501759,0.29104137
0.75,0.08111947,0.056497067,2.9636679,16.498415,0.29310757
0.76,0.08137456,0.057393044,2.9626827,16.495056,0.29517892
0.77,0.08163008,0.05829206,2.9616942,16.491684,0.29725608
0.78,0.08188601,0.05918634,2.9607031,16.488308,0.29933888
0.79,0.08214301,0.060082167,2.9597104,16.484919,0.30142677
0.8,0.08240035,0.06097749,2.9587145,16.481522,0.30352035
0.81,0.08265786,0.061873585,2.9577155,16.478115,0.30561948
0.82,0.082915865,0.06276524,2.956713,16.474697,0.30772385
0.83,0.08317472,0.06365943,2.95571,16.471275,0.30983403
0.84,0.083433665,0.06455013,2.9547029,16.467838,0.31194946
0.85,0.08369335,0.06544262,2.953693,16.464397,0.3140704
0.86,0.08395374,0.066333264,2.9526799,16.460943,0.31619686
0.87,0.08421444,0.06722209,2.9516652,16.457481,0.31832948
0.88,0.0844756,0.06811097,2.9506478,16.454008,0.3204667
0.89,0.08473755,0.06899956,2.9496276,16.45053,0.32261017
0.9,0.08499969,0.06988734,2.948604,16.447042,0.3247587
0.91,0.08526257,0.070773035,2.947579,16.443542,0.3269133
0.92,0.085525945,0.07165924,2.9465508,16.440035,0.32907298
0.93,0.08578968,0.07254374,2.9455197,16.43652,0.33123884
0.94,0.08605406,0.073428184,2.944485,16.432991,0.33340976
0.95,0.08631912,0.074313074,2.9434488,16.42947,0.33558667
0.96,0.08658463,0.07519415,2.9424098,16.425922,0.3377691
0.97,0.08685075,0.07607722,2.941368,16.422373,0.33995682
0.98,0.0871174,0.076958865,2.940323,16.418816,0.34215125
0.99,0.0873843,0.07784021,2.939277,16.415249,0.34435013
1.0,0.0876521,0.07872069,2.9382277,16.411673,0.34655568
1.01,0.08792024,0.07960129,2.9371746,16.408087,0.3487662
1.02,0.0881893,0.08048156,2.936119,16.404493,0.350983
1.03,0.08845891,0.08136037,2.9350624,16.400892,0.3532052
1.04,0.08872878,0.082240015,2.9340022,16.397284,0.35543367
1.05,0.08899922,0.08311835,2.9329376,16.393663,0.3576679
1.06,0.08927019,0.08399773,2.9318721,16.390036,0.35990733
1.07,0.08954196,0.08487594,2.930804,16.3864,0.36215335
1.08,0.08981459,0.085754335,2.9297328,16.382761,0.36440507
1.09,0.09008756,0.086631894,2.928658,16.37911,0.36666238
1.1,0.09036088,0.087510526,2.9275823,16.37545,0.3689254
1.11,0.09063529,0.08839026,2.926503,16.371775,0.3711947
1.12,0.09090994,0.08926952,2.925421,16.368103,0.37347016
1.13,0.09118565,0.090149105,2.924337,16.36442,0.37575144
1.14,0.09146171,0.091029435,2.9232478,16.36072,0.37803835
1.15,0.09173838,0.09190929,2.922159,16.357023,0.3803318
1.16,0.092015855,0.0927909,2.921066,16.353308,0.38263088
1.17,0.092293814,0.09367162,2.9199703,16.349588,0.38493657
1.18,0.092572406,0.094554454,2.9188714,16.345867,0.38724798
1.19,0.092852324,0.09543678,2.917771,16.342127,0.38956532
1.2,0.09313183,0.09632036,2.9166667,16.338383,0.3918892
1.21,0.09341247,0.09720558,2.91556,16.334631,0.39421877
1.22,0.09369425,0.09809214,2.91445,16.330872,0.39655492
1.23,0.09397605,0.098977804,2.9133384,16.327105,0.39889693
1.24,0.09425914,0.09986529,2.9122238,16.323326,0.40124562
1.25,0.09454248,0.10075587,2.9111066,16.319542,0.40360096
1.26,0.09482679,0.101644635,2.909986,16.315748,0.40596157
1.27,0.09511194,0.10253838,2.9088624,16.311945,0.4083292
1.28,0.09539766,0.10343146,2.9077375,16.308132,0.41070268
1.29,0.09568426,0.10432744,2.9066079,16.304314,0.41308284
1.3,0.09597107,0.10522416,2.9054766,16.300484,0.4154693
1.31,0.09625915,0.10612324,2.9043405,16.296648,0.41786218
1.32,0.0965477,0.107022494,2.9032044,16.292797,0.4202614
1.33,0.09683713,0.10792786,2.9020643,16.288952,0.42266735
1.34,0.097127445,0.10883254,2.9009225,16.285086,0.42507985
1.35,0.09741861,0.10973886,2.8997767,16.281214,0.42749816
1.36,0.09771037,0.11064753,2.8986273,16.277334,0.4299237
1.37,0.09800302,0.111560345,2.8974762,16.273449,0.4323557
1.38,0.09829615,0.11247355,2.8963225,16.269548,0.4347944
1.39,0.09859058,0.113390714,2.8951645,16.265642,0.4372397
1.4,0.09888563,0.11430991,2.8940053,16.261728,0.4396916
1.41,0.09918168,0.11523199,2.8928425,16.257803,0.44214997
1.42,0.099478,0.1161558,2.891677,16.253868,0.44461533
1.43,0.099775575,0.11708397,2.890508,16.24993,0.4470872
1.44,0.100074,0.11801314,2.8893368,16.245975,0.44956586
1.45,0.100373134,0.11894739,2.8881629,16.242018,0.4520513
1.46,0.1006731,0.119882524,2.8869853,16.238045,0.45454413
1.47,0.100974396,0.12082422,2.8858047,16.234066,0.45704278
1.48,0.10127645,0.12176633,2.8846211,16.230078,0.4595493
1.49,0.101579145,0.122712016,2.8834355,16.226084,0.462062
1.5,0.10188241,0.12366131,2.8822448,16.222076,0.46458182
1.51,0.10218706,0.12461355,2.881054,16.218063,0.46710825
1.52,0.10249289,0.12557158,2.8798587,16.214039,0.46964213
1.53,0.10279895,0.12653151,2.8786604,16.210007,0.47218296
1.54,0.1031061,0.12749422,2.87746,16.205957,0.474731
1.55,0.103414446,0.1284624,2.8762565,16.201904,0.47728544
1.56,0.103723235,0.1294345,2.8750486,16.197842,0.47984746
1.57,0.10403368,0.1304099,2.8738387,16.193771,0.48241675
1.58,0.10434445,0.13138944,2.8726249,16.189693,0.48499292
1.59,0.104656614,0.13237256,2.871409,16.185596,0.48757613
1.6,0.104969494,0.1333606,2.8701901,16.181501,0.4901663
1.61,0.105283394,0.13435254,2.8689666,16.17739,0.49276435
1.62,0.10559826,0.13534835,2.8677423,16.173265,0.49536926
1.63,0.10591409,0.13634798,2.8665137,16.169134,0.49798098
1.64,0.10623093,0.13735342,2.865283,16.164995,0.5006006
1.65,0.10654857,0.13836291,2.8640482,16.160841,0.5032276
1.66,0.10686755,0.13937634,2.8628094,16.156675,0.5058614
1.67,0.10718727,0.14039385,2.8615696,16.15251,0.508503
1.68,0.10750835,0.14141718,2.860325,16.148323,0.5111518
1.69,0.10783022,0.14244509,2.859078,16.144135,0.513808
1.7,0.10815314,0.14347675,2.8578272,16.139935,0.5164712
1.71,0.10847725,0.14451417,2.8565738,16.135723,0.51914304
1.72,0.10880184,0.14555565,2.855317,16.131496,0.52182156
1.73,0.10912804,0.14660206,2.8540561,16.127268,0.5245072
1.74,0.10945507,0.14765492,2.8527946,16.12302,0.527201
1.75,0.10978318,0.14871049,2.8515272,16.118765,0.5299025
1.76,0.11011258,0.14977205,2.8502576,16.114504,0.5326111
1.77,0.1104427,0.15083864,2.848984,16.11022,0.5353275
1.78,0.11077386,0.15190881,2.847709,16.105942,0.53805166
1.79,0.1111063,0.1529873,2.84643,16.10164,0.5407833
1.8,0.111440055,0.15406919,2.8451474,16.097334,0.54352283
1.81,0.11177482,0.15515769,2.8438613,16.093014,0.54627
1.82,0.112110324,0.1562492,2.8425717,16.088686,0.54902476
1.83,0.11244688,0.15734783,2.8412793,16.084341,0.55178714
1.84,0.11278498,0.15844989,2.8399835,16.079987,0.5545578
1.85,0.1131239,0.1595588,2.838685,16.075626,0.5573359
1.86,0.113464415,0.1606723,2.8373823,16.071253,0.5601216
1.87,0.11380564,0.16179267,2.8360763,16.066866,0.5629155
1.88,0.11414803,0.16291615,2.8347676,16.062468,0.5657171
1.89,0.11449157,0.16404867,2.8334544,16.05806,0.56852674
1.9,0.11483629,0.16518372,2.8321388,16.053638,0.57134426
1.91,0.11518192,0.16632459,2.8308187,16.049204,0.57417005
1.92,0.11552897,0.16747168,2.8294961,16.044762,0.5770033
1.93,0.11587724,0.16862419,2.8281693,16.04031,0.5798444
1.94,0.11622678,0.16978317,2.8268402,16.035841,0.5826941
1.95,0.11657718,0.17094773,2.8255067,16.03136,0.5855513
1.96,0.11692855,0.17211631,2.8241704,16.026869,0.58841693
1.97,0.11728151,0.1732915,2.8228314,16.02237,0.5912905
1.98,0.11763572,0.17447257,2.8214872,16.017855,0.59417236
1.99,0.117990725,0.17566034,2.8201413,16.01333,0.5970619
2.0,0.1183471,0.17685363,2.8187907,16.008791,0.5999604
2.01,0.11870468,0.17805082,2.817436,16.00424,0.60286623
2.02,0.11906342,0.17925325,2.8160772,15.999674,0.60578054
2.03,0.11942353,0.18046552,2.8147175,15.995099,0.60870296
2.04,0.119784355,0.18167937,2.8133533,15.990514,0.61163396
2.05,0.120147154,0.18290147,2.8119848,15.985911,0.6145728
2.06,0.12051056,0.18412954,2.810613,15.981302,0.6175203
2.07,0.12087544,0.18536204,2.8092387,15.976678,0.62047595
2.08,0.12124141,0.1866015,2.80786,15.972038,0.6234398
2.09,0.12160837,0.18784581,2.8064775,15.967388,0.626412
2.1,0.12197701,0.1890972,2.8050911,15.962722,0.62939256
2.11,0.1223467,0.19035302,2.803701,15.958047,0.63238174
2.12,0.12271773,0.19161566,2.802308,15.953361,0.6353791
2.13,0.123089686,0.19288379,2.8009112,15.948662,0.6383851
2.14,0.12346316,0.19415765,2.7995107,15.943945,0.64139944
2.15,0.12383772,0.19543763,2.798107,15.93922,0.64442235
2.16,0.12421382,0.19672492,2.796699,15.934476,0.6474537
2.17,0.12459096,0.19801702,2.795287,15.929725,0.6504938
2.18,0.12496912,0.19931284,2.7938714,15.924963,0.65354186
2.19,0.12534867,0.20061675,2.792454,15.92018,0.65659875
2.2,0.1257296,0.20192555,2.791031,15.915388,0.6596643
2.21,0.1261119,0.20324074,2.7896047,15.910586,0.6627384
2.22,0.12649538,0.20456065,2.7881749,15.905765,0.6658212
2.23,0.1268801,0.2058886,2.7867413,15.900933,0.66891265
2.24,0.12726587,0.2072204,2.7853048,15.896087,0.6720127
2.25,0.12765318,0.2085591,2.7838628,15.891226,0.6751211
2.26,0.12804177,0.20990373,2.7824178,15.886359,0.6782386
2.27,0.12843154,0.21125303,2.7809694,15.881466,0.6813648
2.28,0.12882231,0.21260855,2.7795162,15.87657,0.6844991
2.29,0.12921476,0.21397012,2.7780602,15.871656,0.68764305
2.3,0.12960817,0.2153378,2.7766008,15.866732,0.6907955
2.31,0.13000311,0.2167103,2.7751362,15.8617935,0.6939565
2.32,0.13039964,0.21808955,2.7736692,15.856832,0.6971263
2.33,0.13079676,0.21947324,2.7721972,15.851862,0.70030516
2.34,0.13119528,0.22086315,2.7707226,15.846881,0.7034928
2.35,0.13159534,0.22225803,2.769243,15.841886,0.7066891
2.36,0.13199678,0.2236598,2.76776,15.836873,0.7098949
2.37,0.13239929,0.2250662,2.7662735,15.831848,0.7131086
2.38,0.13280325,0.22647855,2.764783,15.826813,0.716332
2.39,0.13320816,0.22789752,2.763289,15.821753,0.7195643
2.4,0.13361461,0.2293218,2.7617898,15.816688,0.7228055
2.41,0.13402218,0.23075171,2.7602873,15.811608,0.72605574
2.42,0.13443133,0.23218575,2.7587814,15.806511,0.72931486
2.43,0.13484176,0.23362616,2.757272,15.801405,0.7325827
2.44,0.13525338,0.23507136,2.7557578,15.796281,0.7358605
2.45,0.13566616,0.23652217,2.7542396,15.791141,0.7391461
2.46,0.13608037,0.23797892,2.752718,15.785984,0.7424418
2.47,0.13649604,0.23944236,2.751192,15.780817,0.745746
2.48,0.13691273,0.24090882,2.7496626,15.7756405,0.7490596
2.49,0.1373309,0.24238193,2.7481294,15.770434,0.75238186
2.5,0.13775031,0.2438604,2.7465918,15.765226,0.7557143
2.51,0.13817093,0.24534479,2.7450504,15.760001,0.7590554
2.52,0.13859284,0.24683347,2.7435048,15.754759,0.7624047
2.53,0.13901646,0.24832746,2.7419558,15.749503,0.7657642
2.54,0.13944092,0.24982658,2.7404027,15.744237,0.7691326
2.55,0.1398668,0.2513327,2.7388446,15.738945,0.7725104
2.56,0.14029391,0.25284004,2.737284,15.73365,0.7758973
2.57,0.1407226,0.25435776,2.735719,15.728337,0.7792932
2.58,0.14115264,0.25587732,2.7341502,15.723005,0.78269905
2.59,0.14158352,0.25740266,2.7325768,15.71766,0.78611374
2.6,0.14201573,0.25893068,2.7310007,15.712296,0.78953755
2.61,0.14244966,0.26046702,2.729418,15.706923,0.79297155
2.62,0.14288467,0.2620081,2.7278326,15.701531,0.79641426
2.63,0.14332117,0.26355344,2.7262444,15.69613,0.79986596
2.64,0.14375871,0.2651025,2.724651,15.690709,0.803328
2.65,0.14419763,0.26665992,2.7230532,15.685274,0.80679923
2.66,0.14463784,0.26821783,2.7214525,15.679822,0.81027895
2.67,0.14507948,0.26978457,2.7198474,15.674357,0.8137689
2.68,0.14552237,0.27135336,2.7182379,15.66888,0.81726795
2.69,0.14596632,0.2729287,2.716625,15.663379,0.82077616
2.7,0.14641191,0.27450746,2.7150073,15.657863,0.82429475
2.71,0.14685853,0.27609164,2.713386,15.652331,0.8278222
2.72,0.1473068,0.27768236,2.71176,15.646796,0.8313595
2.73,0.14775607,0.27927542,2.710131,15.641239,0.834906
2.74,0.14820692,0.28087294,2.7084975,15.635667,0.8384618
2.75,0.14865859,0.28247726,2.7068598,15.630078,0.8420277
2.76,0.14911218,0.28408426,2.7052188,15.624473,0.8456031
2.77,0.14956631,0.2856949,2.7035725,15.618849,0.8491874
2.78,0.15002196,0.28731155,2.7019224,15.613211,0.8527822
2.79,0.15047958,0.28893304,2.700268,15.607559,0.856386
2.8,0.15093793,0.29055852,2.69861,15.601893,0.8599999
2.81,0.15139773,0.29218787,2.6969483,15.59621,0.863623
2.82,0.15185878,0.29382217,2.695282,15.59051,0.86725533
2.83,0.1523209,0.29546311,2.6936116,15.584793,0.87089837
2.84,0.15278476,0.29710615,2.6919365,15.579066,0.87455046
2.85,0.15324958,0.29875213,2.6902585,15.573323,0.8782126
2.86,0.1537157,0.30040485,2.6885765,15.567559,0.88188416
2.87,0.15418322,0.30206096,2.6868896,15.561774,0.8855657
2.88,0.15465218,0.30372256,2.6851988,15.555986,0.88925683
2.89,0.15512219,0.30538318,2.6835039,15.550181,0.89295757
2.9,0.15559354,0.30705425,2.6818044,15.544349,0.89666826
2.91,0.15606627,0.30872685,2.680101,15.538507,0.90038866
2.92,0.1565402,0.3104044,2.678394,15.532646,0.90411884
2.93,0.15701558,0.3120851,2.676683,15.526776,0.9078588
2.94,0.15749194,0.31377015,2.6749675,15.520884,0.9116087
2.95,0.15796989,0.31546053,2.6732483,15.514982,0.91536796
2.96,0.15844877,0.31715223,2.6715233,15.50906,0.9191378
2.97,0.1589293,0.31884995,2.6697965,15.5031185,0.92291707
2.98,0.15941104,0.32055187,2.668064,15.497166,0.9267061
2.99,0.15989393,0.32225528,2.666328,15.491191,0.9305052
3.0,0.16037825,0.32396573,2.6645873,15.485209,0.93431425
3.01,0.1608637,0.32567686,2.6628437,15.479205,0.9381328
3.02,0.16135043,0.32739374,2.6610951,15.473186,0.94196177
3.03,0.16183841,0.32911476,2.659343,15.467147,0.9458004
3.04,0.16232777,0.33083802,2.6575854,15.461097,0.9496493
3.05,0.16281877,0.33256683,2.655824,15.4550295,0.9535082
3.06,0.16331042,0.3342982,2.654059,15.448946,0.9573768
3.07,0.16380352,0.33603495,2.6522896,15.442844,0.96125495
3.08,0.16429831,0.3377739,2.6505167,15.436728,0.96514374
3.09,0.1647942,0.33951592,2.6487389,15.430589,0.9690421
3.1,0.16529103,0.34126234,2.6469572,15.424443,0.9729508
3.11,0.16578929,0.3430134,2.645171,15.418276,0.9768699
3.12,0.16628908,0.34476674,2.6433816,15.412093,0.9807984
3.13,0.16678976,0.34652528,2.6415868,15.405895,0.9847373
3.14,0.16729192,0.3482853,2.6397884,15.399677,0.988686
3.15,0.16779517,0.3500502,2.6379862,15.393441,0.9926455
3.16,0.16829999,0.35181844,2.6361797,15.387195,0.99661404
3.17,0.1688062,0.3535901,2.6343687,15.380931,1.0005937
3.18,0.16931328,0.35536432,2.6325533,15.374645,1.0045825
3.19,0.16982193,0.35714287,2.6307344,15.368349,1.0085819
3.2,0.1703314,0.35892305,2.628911,15.362035,1.0125914
3.21,0.17084306,0.36071143,2.6270838,15.3557005,1.0166116
3.22,0.17135522,0.36249897,2.6252515,15.349352,1.0206412
3.23,0.17186874,0.36429122,2.6234157,15.342985,1.0246812
3.24,0.1723836,0.36608762,2.621576,15.336598,1.0287322
3.25,0.17289984,0.36788628,2.619732,15.330209,1.0327917
3.26,0.17341742,0.36968878,2.6178837,15.323788,1.0368627
3.27,0.1739359,0.37149417,2.6160312,15.317356,1.0409431
3.28,0.17445573,0.3733025,2.6141737,15.310907,1.0450348
3.29,0.1749775,0.37511563,2.6123137,15.304436,1.049136
3.3,0.17550002,0.37693268,2.6104488,15.297959,1.0532472
3.31,0.17602386,0.3787523,2.6085794,15.291457,1.0573697
3.32,0.17654894,0.3805735,2.6067057,15.284938,1.0615016
3.33,0.17707537,0.38240018,2.6048284,15.278405,1.0656441
3.34,0.17760292,0.38422897,2.6029468,15.2718525,1.0697972
3.35,0.1781321,0.3860617,2.6010606,15.2652855,1.0739603
3.36,0.17866248,0.38789648,2.599171,15.258702,1.0781336
3.37,0.17919362,0.38973558,2.597276,15.252101,1.0823174
3.38,0.17972662,0.3915785,2.5953772,15.245481,1.0865117
3.39,0.18026078,0.3934235,2.5934749,15.238846,1.0907162
3.4,0.18079624,0.39527345,2.5915682,15.232195,1.0949316
3.41,0.18133274,0.397125,2.5896573,15.225526,1.0991566
3.42,0.18187064,0.39898026,2.5877426,15.218838,1.1033924
3.43,0.18241,0.4008385,2.585822,15.212134,1.107639
3.44,0.18295048,0.40270075,2.5838997,15.20541,1.1118953
3.45,0.18349232,0.40456602,2.581971,15.198675,1.1161624
3.46,0.18403524,0.40643385,2.5800385,15.19192,1.1204395
3.47,0.18457992,0.40830603,2.5781033,15.185145,1.1247277
3.48,0.18512544,0.41018125,2.576162,15.178358,1.1290258
3.49,0.18567252,0.41205955,2.5742185,15.171555,1.1333344
3.5,0.18622106,0.4139406,2.5722687,15.164724,1.1376544
3.51,0.18677047,0.4158253,2.5703166,15.157887,1.141984
3.52,0.18732134,0.417713,2.568359,15.151029,1.1463244
3.53,0.18787354,0.41960528,2.566398,15.144154,1.1506755
3.54,0.18842684,0.42149967,2.5644317,15.137264,1.1550366
3.55,0.18898162,0.42339647,2.562462,15.130349,1.1594086
3.56,0.1895379,0.42529884,2.5604885,15.123423,1.1637913
3.57,0.19009551,0.4272036,2.55851,15.116479,1.1681845
3.58,0.19065426,0.4291121,2.5565283,15.109518,1.1725876
3.59,0.19121416,0.43102306,2.5545418,15.102541,1.1770024
3.6,0.19177529,0.43293625,2.552551,15.095539,1.181427
3.61,0.19233814,0.4348558,2.5505562,15.088525,1.1858624
3.62,0.19290207,0.43677753,2.5485563,15.081497,1.1903092
3.63,0.19346744,0.43870136,2.5465543,15.074447,1.1947654
3.64,0.19403411,0.4406311,2.5445454,15.067378,1.1992333
3.65,0.19460207,0.4425636,2.5425346,15.060297,1.203711
3.66,0.19517134,0.44449747,2.5405188,15.053199,1.2081996
3.67,0.19574204,0.44643524,2.5384982,15.04608,1.212699
3.68,0.19631377,0.44837782,2.5364745,15.0389385,1.2172093
3.69,0.19688742,0.4503237,2.5344448,15.031789,1.2217304
3.7,0.19746175,0.4522713,2.5324123,15.024615,1.2262617
3.71,0.19803776,0.45422515,2.5303755,15.017425,1.2308037
3.72,0.19861537,0.4561815,2.5283346,15.010218,1.2353568
3.73,0.19919392,0.4581411,2.5262883,15.002993,1.2399206
3.74,0.19977392,0.46010512,2.524239,14.995752,1.2444952
3.75,0.20035535,0.46207234,2.5221858,14.988493,1.2490802
3.76,0.20093828,0.46404183,2.520128,14.981215,1.2536764
3.77,0.2015224,0.46601722,2.518065,14.973918,1.2582831
3.78,0.2021076,0.46799308,2.5159996,14.966605,1.2629008
3.79,0.20269431,0.46997756,2.5139284,14.959282,1.2675295
3.8,0.20328254,0.4719623,2.5118535,14.95193,1.2721684
3.81,0.20387241,0.47395197,2.5097735,14.944564,1.2768188
3.82,0.20446302,0.47594285,2.5076902,14.937183,1.2814797
3.83,0.20505549,0.4779396,2.5056024,14.929781,1.2861516
3.84,0.20564926,0.47994232,2.503511,14.9223585,1.290834
3.85,0.20624445,0.4819456,2.5014145,14.914918,1.295528
3.86,0.20684072,0.48395395,2.4993148,14.90747,1.3002323
3.87,0.20743898,0.48596916,2.4972103,14.899997,1.3049479
3.88,0.20803802,0.48798296,2.495101,14.892501,1.3096744
3.89,0.20863873,0.49000362,2.4929888,14.884997,1.3144114
3.9,0.20924076,0.49202964,2.4908714,14.877468,1.3191594
3.91,0.20984446,0.49405897,2.4887507,14.869925,1.3239187
3.92,0.21044919,0.4960909,2.4866247,14.862363,1.328689
3.93,0.21105556,0.49812844,2.4844944,14.854783,1.3334694
3.94,0.21166341,0.5001699,2.4823601,14.84719,1.338262
3.95,0.2122727,0.502216,2.4802217,14.839568,1.343065
3.96,0.21288322,0.5042637,2.478079,14.831937,1.347879
3.97,0.2134955,0.5063186,2.4759321,14.82428,1.3527043
3.98,0.21410891,0.50837797,2.473781,14.816611,1.3575406
3.99,0.21472387,0.5104382,2.4716256,14.808926,1.3623874
4.0,0.21534024,0.5125058,2.4694662,14.801218,1.3672457
4.01,0.21595807,0.51457655,2.4673023,14.793492,1.3721144
4.02,0.21657738,0.5166545,2.4651346,14.785751,1.3769953
4.03,0.21719815,0.51873416,2.4629622,14.777987,1.3818865
4.04,0.21782045,0.52082014,2.460785,14.770208,1.3867891
4.05,0.21844396,0.5229102,2.4586046,14.762413,1.3917031
4.06,0.21906914,0.5250042,2.4564192,14.754595,1.3966273
4.07,0.2196958,0.52710336,2.4542298,14.746763,1.4015636
4.08,0.22032385,0.5292078,2.4520369,14.7389145,1.4065104
4.09,0.22095351,0.5313154,2.4498384,14.73104,1.4114691
4.1,0.22158463,0.5334305,2.4476366,14.723151,1.416438
4.11,0.2222174,0.5355478,2.4454305,14.715247,1.4214187
4.12,0.22285151,0.53767204,2.4432192,14.707323,1.4264103
4.13,0.223487,0.5397986,2.4410043,14.69938,1.4314133
4.14,0.22412398,0.5419326,2.438785,14.691415,1.4364274
4.15,0.22476272,0.5440699,2.436563,14.683436,1.4414527
4.16,0.22540279,0.54621327,2.434335,14.675437,1.4464895
4.17,0.22604464,0.5483625,2.4321032,14.66742,1.4515374
4.18,0.22668773,0.55051666,2.4298663,14.659384,1.4565964
4.19,0.22733267,0.55267674,2.427626,14.651325,1.4616668
4.2,0.22797903,0.5548407,2.4253814,14.643258,1.4667487
4.21,0.22862662,0.5570088,2.4231331,14.635169,1.4718415
4.22,0.22927608,0.55918425,2.4208791,14.627049,1.4769458
4.23,0.22992708,0.561365,2.4186213,14.618927,1.4820611
4.24,0.23057939,0.56354964,2.41636,14.610781,1.4871881
4.25,0.2312335,0.56574225,2.4140942,14.602613,1.4923265
4.26,0.23188928,0.56794024,2.4118245,14.594431,1.4974761
4.27,0.2325462,0.570141,2.409549,14.586225,1.502637
4.28,0.23320512,0.57234854,2.4072702,14.578003,1.5078092
4.29,0.23386528,0.57456374,2.4049873,14.569763,1.512993
4.3,0.23452741,0.57678354,2.4027,14.56151,1.518188
4.31,0.23519108,0.57900983,2.4004087,14.5532255,1.523395
4.32,0.23585618,0.58124095,2.398112,14.544933,1.5286131
4.33,0.2365226,0.58347857,2.3958123,14.536617,1.533842
4.34,0.23719107,0.58572125,2.3935077,14.528285,1.539083
4.35,0.23786081,0.5879703,2.391199,14.519935,1.5443351
4.36,0.23853259,0.5902264,2.3888862,14.5115595,1.549599
4.37,0.23920602,0.5924885,2.3865683,14.503166,1.554874
4.38,0.23988037,0.5947543,2.3842463,14.4947605,1.5601606
4.39,0.24055731,0.5970309,2.3819213,14.486334,1.5654584
4.4,0.24123518,0.59930897,2.3795898,14.477887,1.5707691
4.41,0.24191493,0.6015966,2.377257,14.469419,1.5760896
4.42,0.24259602,0.6038886,2.3749173,14.460935,1.5814227
4.43,0.24327935,0.6061887,2.3725743,14.452434,1.5867667
4.44,0.24396402,0.6084942,2.370227,14.4439125,1.5921232
4.45,0.24465051,0.6108069,2.3678749,14.4353695,1.5974901
4.46,0.24533845,0.61312693,2.3655195,14.426808,1.6028688
4.47,0.24602792,0.6154504,2.36316,14.418232,1.6082594
4.48,0.24671958,0.61778367,2.3607962,14.409631,1.6136618
4.49,0.24741259,0.62012404,2.3584275,14.401014,1.6190755
4.5,0.24810709,0.6224678,2.3560543,14.392379,1.6245013
4.51,0.24880362,0.62482154,2.3536766,14.383722,1.6299381
4.52,0.24950178,0.62718236,2.351295,14.37505,1.6353866
4.53,0.25020128,0.62954605,2.3489099,14.366351,1.6408468
4.54,0.25090304,0.63192225,2.3465195,14.35764,1.6463197
4.55,0.25160632,0.6343018,2.344125,14.3489065,1.6518028
4.56,0.2523108,0.636689,2.3417263,14.3401575,1.657298
4.57,0.2530177,0.6390827,2.3393233,14.331386,1.6628051
4.58,0.25372612,0.6414849,2.3369164,14.32259,1.6683239
4.59,0.25443614,0.6438954,2.3345053,14.3137865,1.6738547
4.6,0.25514776,0.6463118,2.3320897,14.304959,1.6793964
4.61,0.2558614,0.6487353,2.3296695,14.296111,1.6849504
4.62,0.25657672,0.6511663,2.3272452,14.287242,1.6905162
4.63,0.25729373,0.65360504,2.324816,14.278354,1.6960938
4.64,0.2580125,0.6560542,2.3223832,14.269457,1.7016832
4.65,0.25873315,0.65850616,2.3199465,14.260529,1.7072842
4.66,0.2594554,0.66096807,2.3175054,14.251584,1.712897
4.67,0.26017958,0.6634387,2.3150597,14.24262,1.7185209
4.68,0.26090527,0.66591346,2.3126092,14.233638,1.7241577
4.69,0.2616327,0.66839796,2.3101547,14.224634,1.729806
4.7,0.26236197,0.67088956,2.307697,14.215613,1.7354652
4.71,0.2630935,0.67339164,2.305234,14.206571,1.7411377
4.72,0.26382613,0.6758992,2.3027666,14.197511,1.7468213
4.73,0.26456082,0.6784155,2.3002956,14.188432,1.7525169
4.74,0.26529756,0.68093914,2.2978199,14.179328,1.7582242
4.75,0.2660356,0.68347216,2.295341,14.17021,1.7639432
4.76,0.26677603,0.6860131,2.2928562,14.161069,1.769675
4.77,0.2675176,0.6885607,2.2903674,14.151911,1.7754183
4.78,0.26826146,0.691118,2.2878752,14.142736,1.781173
4.79,0.2690068,0.69368327,2.285379,14.133538,1.7869399
4.8,0.26975417,0.696257,2.2828777,14.12432,1.7927185
4.81,0.27050364,0.69883764,2.2803729,14.1150875,1.7985086
4.82,0.2712544,0.7014284,2.2778635,14.105828,1.8043121
4.83,0.27200732,0.70402706,2.2753494,14.096554,1.8101267
4.84,0.27276194,0.7066344,2.2728314,14.087258,1.8159536
4.85,0.27351844,0.70924973,2.2703097,14.077947,1.8217918
4.86,0.27427652,0.71187305,2.267783,14.068609,1.8276418
4.87,0.27503675,0.71450543,2.2652519,14.059253,1.8335047
4.88,0.27579844,0.7171452,2.2627165,14.049883,1.8393791
4.89,0.27656233,0.71979594,2.2601779,14.040487,1.845266
4.9,0.27732807,0.72245646,2.2576346,14.031073,1.8511641
4.91,0.27809557,0.72512233,2.2550871,14.02164,1.8570739
4.92,0.2788648,0.72779965,2.2525356,14.012187,1.8629972
4.93,0.27963609,0.73048556,2.2499795,14.00271,1.8689317
4.94,0.2804094,0.7331798,2.2474194,13.993216,1.8748783
4.95,0.28118432,0.7358819,2.2448552,13.983708,1.880837
4.96,0.28196105,0.7385942,2.2422857,13.9741745,1.886808
4.97,0.28273994,0.74131596,2.2397132,13.964624,1.8927908
4.98,0.28352028,0.7440461,2.2371366,13.955052,1.8987851
4.99,0.28430286,0.7467856,2.234555,13.945457,1.9047922
5.0,0.2850872,0.74953365,2.2319698,13.935848,1.9108114
5.01,0.2858732,0.75229204,2.2293804,13.926217,1.9168427
5.02,0.28666148,0.75506014,2.2267866,13.916563,1.9228858
5.03,0.2874516,0.7578366,2.224188,13.906887,1.928941
5.04,0.2882433,0.7606218,2.2215855,13.897199,1.9350079
5.05,0.28903723,0.7634175,2.2189794,13.88749,1.9410878
5.06,0.2898328,0.766222,2.2163692,13.877758,1.9471799
5.07,0.29063058,0.7690358,2.2137547,13.868008,1.9532831
5.08,0.29142976,0.77185655,2.2111356,13.858237,1.9593989
5.09,0.2922314,0.7746929,2.2085125,13.848447,1.9655277
5.1,0.29303458,0.77753484,2.2058854,13.838634,1.9716672
5.11,0.2938398,0.78038776,2.2032542,13.828803,1.97782
5.12,0.294647,0.7832491,2.2006185,13.818947,1.9839841
5.13,0.29545602,0.7861203,2.197979,13.809079,1.9901606
5.14,0.29626676,0.78900003,2.1953363,13.799189,1.9963493
5.15,0.29707986,0.791893,2.192688,13.78928,2.0025508
5.16,0.29789466,0.79479206,2.190036,13.779348,2.0087636
5.17,0.29871142,0.79770327,2.1873806,13.769395,2.014989
5.18,0.2995301,0.80062395,2.1847205,13.759423,2.0212266
5.19,0.30035082,0.80355334,2.1820562,13.749434,2.0274768
5.2,0.30117336,0.8064937,2.1793876,13.739422,2.0337393
5.21,0.30199775,0.8094442,2.1767156,13.729387,2.0400136
5.22,0.3028242,0.8124045,2.174039,13.719338,2.0462992
5.23,0.30365244,0.81537384,2.1713586,13.709266,2.0525973
5.24,0.30448273,0.8183545,2.1686745,13.699176,2.0589082
5.25,0.30531487,0.82134485,2.165985,13.689068,2.065232
5.26,0.30614913,0.8243464,2.1632926,13.67893,2.0715673
5.27,0.30698496,0.82735515,2.1605954,13.668782,2.077915
5.28,0.30782348,0.8303752,2.1578948,13.658604,2.084275
5.29,0.30866325,0.8334068,2.1551893,13.648419,2.0906465
5.3,0.30950528,0.83644885,2.1524808,13.638209,2.0970314
5.31,0.31034914,0.83949935,2.149768,13.627969,2.1034272
5.32,0.3111949,0.8425604,2.1470513,13.617719,2.1098356
5.33,0.3120426,0.8456325,2.1443295,13.607446,2.116257
5.34,0.3128924,0.8487144,2.141605,13.597153,2.1226895
5.35,0.313744,0.8518052,2.1388764,13.586842,2.1291351
5.36,0.31459776,0.8549087,2.1361437,13.576505,2.135593
5.37,0.31545326,0.85802233,2.1334062,13.5661545,2.142063
5.38,0.31631106,0.8611456,2.1306653,13.555779,2.148545
5.39,0.31717065,0.86427903,2.1279206,13.545384,2.1550393
5.4,0.31803203,0.8674239,2.1251724,13.534968,2.1615465
5.41,0.3188957,0.8705791,2.1224196,13.524539,2.168065
5.42,0.31976098,0.87374485,2.1196623,13.514083,2.1745965
5.43,0.32062835,0.87692106,2.116902,13.503611,2.18114
5.44,0.32149786,0.880106,2.1141372,13.493113,2.187696
5.45,0.3223689,0.88330597,2.111369,13.482601,2.194263
5.46,0.32324252,0.88651216,2.108596,13.472064,2.2008448
5.47,0.3241176,0.88973045,2.10582,13.461512,2.2074366
5.48,0.32499513,0.89295936,2.1030397,13.450934,2.214042
5.49,0.3258742,0.89619887,2.1002557,13.440337,2.220659
5.5,0.3267554,0.8994494,2.0974681,13.429725,2.2272882
5.51,0.3276387,0.902711,2.0946755,13.419086,2.23393
5.52,0.328524,0.90598303,2.0918798,13.408425,2.2405834
5.53,0.3294108,0.9092644,2.0890808,13.397752,2.2472486
5.54,0.3303001,0.9125587,2.0862775,13.387055,2.2539287
5.55,0.3311911,0.91586256,2.0834696,13.376337,2.2606187
5.56,0.33208403,0.9191771,2.080659,13.365605,2.267322
5.57,0.33297935,0.9225013,2.0778437,13.354843,2.274037
5.58,0.33387616,0.92583865,2.0750253,13.3440695,2.2807646
5.59,0.33477533,0.9291847,2.0722024,13.333266,2.2875047
5.6,0.33567664,0.93254566,2.0693767,13.322454,2.2942562
5.61,0.3365793,0.93591297,2.0665462,13.311614,2.3010213
5.62,0.33748436,0.9392942,2.063713,13.300753,2.307797
5.63,0.33839133,0.9426836,2.060875,13.289876,2.3145866
5.64,0.3393003,0.9460869,2.058034,13.2789755,2.3213866
5.65,0.34021118,0.94949913,2.055189,13.26806,2.3282
5.66,0.34112382,0.95292246,2.0523405,13.257124,2.3350255
5.67,0.34203902,0.95635676,2.0494876,13.246165,2.3418634
5.68,0.34295583,0.95980287,2.0466318,13.235186,2.348713
5.69,0.34387442,0.9632579,2.0437715,13.224189,2.355575
5.7,0.34479544,0.96672714,2.040908,13.213166,2.3624496
5.71,0.3457186,0.97020495,2.0380406,13.202123,2.3693373
5.72,0.34664294,0.9736934,2.03517,13.191066,2.3762352
5.73,0.34756982,0.9771942,2.032296,13.179985,2.3831472
5.74,0.34849843,0.9807048,2.0294173,13.168881,2.3900697
5.75,0.3494294,0.9842293,2.0265355,13.157767,2.3970048
5.76,0.35036215,0.98776245,2.0236502,13.146625,2.4039533
5.77,0.351297,0.99130535,2.0207613,13.135464,2.4109123
5.78,0.3522339,0.99486315,2.0178688,13.124285,2.4178855
5.79,0.35317218,0.99842644,2.0149722,13.113082,2.4248688
5.8,0.35411316,1.0020074,2.0120726,13.101862,2.431866
5.81,0.35505575,1.005596,2.009169,13.090622,2.4388738
5.82,0.35600063,1.0091957,2.006262,13.079362,2.4458952
5.83,0.35694697,1.0128063,2.0033522,13.06808,2.4529278
5.84,0.35789582,1.016429,2.000438,13.056781,2.4599736
5.85,0.35884655,1.0200624,1.9975206,13.045458,2.4670303
5.86,0.35979924,1.0237079,1.9946,13.034116,2.4740996
5.87,0.36075392,1.027362,1.9916756,13.022757,2.4811811
5.88,0.3617105,1.0310287,1.9887481,13.011375,2.488275
5.89,0.36266914,1.0347075,1.9858159,12.99997,2.4953814
5.9,0.36362985,1.0383972,1.9828815,12.988548,2.5024996
5.91,0.36459243,1.0420973,1.9799433,12.977111,2.5096283
5.92,0.365557,1.0458075,1.9770015,12.96565,2.5167704
5.93,0.3665234,1.049529,1.974056,12.954167,2.5239248
5.94,0.36749217,1.053264,1.9711072,12.94267,2.5310915
5.95,0.36846274,1.0570092,1.968156,12.931141,2.53827
5.96,0.36943543,1.0607663,1.9652008,12.919603,2.5454595
5.97,0.37040982,1.0645324,1.962242,12.908046,2.5526621
5.98,0.37138635,1.0683101,1.95928,12.896464,2.5598755
5.99,0.3723651,1.0721009,1.9563154,12.884868,2.5671022
6.0,0.3733456,1.0759007,1.9533466,12.87324,2.5743423
6.01,0.3743283,1.0797153,1.9503744,12.861604,2.5815918
6.02,0.37531248,1.0835363,1.9473994,12.849943,2.5888553
6.03,0.376299,1.0873712,1.9444208,12.83826,2.5961297
6.04,0.37728763,1.0912166,1.9414392,12.826561,2.603416
6.05,0.37827814,1.095073,1.9384544,12.814846,2.610714
6.06,0.37927067,1.098941,1.9354659,12.803104,2.6180248
6.07,0.38026506,1.10282,1.9324749,12.791344,2.6253467
6.08,0.38126183,1.1067119,1.9294801,12.779568,2.6326816
6.09,0.38226014,1.1106107,1.9264824,12.767764,2.6400282
6.1,0.38326055,1.1145253,1.923481,12.755943,2.6473851
6.11,0.3842629,1.1184483,1.920477,12.744112,2.6547558
6.12,0.38526753,1.122383,1.9174695,12.732252,2.6621382
6.13,0.3862739,1.1263307,1.9144592,12.720371,2.6695333
6.14,0.38728225,1.1302881,1.9114461,12.708479,2.6769376
6.15,0.38829288,1.1342556,1.9084288,12.696559,2.684356
6.16,0.38930523,1.1382362,1.9054091,12.684619,2.6917856
6.17,0.39031962,1.1422282,1.9023862,12.672667,2.699226
6.18,0.39133608,1.1462291,1.8993608,12.66069,2.7066796
6.19,0.39235476,1.150245,1.8963318,12.648696,2.7141457
6.2,0.39337504,1.1542703,1.8932997,12.636679,2.721621
6.21,0.3943975,1.158305,1.8902646,12.624642,2.7291105
6.22,0.39542165,1.1623507,1.8872267,12.612588,2.7366107
6.23,0.39644808,1.1664106,1.8841856,12.600517,2.744122
6.24,0.39747646,1.1704808,1.8811418,12.588424,2.7516468
6.25,0.398507,1.1745607,1.8780949,12.576307,2.7591825
6.26,0.3995395,1.1786542,1.8750448,12.564177,2.7667296
6.27,0.4005737,1.1827548,1.871992,12.552025,2.7742887
6.28,0.40161005,1.1868703,1.8689363,12.539855,2.7818596
6.29,0.40264833,1.1909965,1.8658781,12.527661,2.7894413
6.3,0.40368888,1.1951334,1.8628162,12.515455,2.7970362
6.31,0.40473142,1.1992824,1.8597522,12.503226,2.8046415
6.32,0.4057754,1.203442,1.8566852,12.490978,2.8122585
6.33,0.40682182,1.2076095,1.853615,12.478707,2.8198874
6.34,0.40787047,1.2117939,1.8505421,12.466416,2.827528
6.35,0.4089206,1.2159845,1.8474662,12.454113,2.8351789
6.36,0.40997314,1.220189,1.8443881,12.441785,2.8428428
6.37,0.4110275,1.2244064,1.8413064,12.429443,2.850518
6.38,0.41208366,1.2286323,1.838223,12.417075,2.8582044
6.39,0.41314226,1.2328701,1.8351368,12.404691,2.8659034
6.4,0.41420248,1.2371179,1.8320467,12.39229,2.873613
6.41,0.4152648,1.2413777,1.8289552,12.37987,2.8813334
6.42,0.41632944,1.2456498,1.8258598,12.36743,2.8890662
6.43,0.41739562,1.2499307,1.8227633,12.354965,2.8968105
6.44,0.41846406,1.2542245,1.8196627,12.342493,2.904566
6.45,0.41953418,1.2585279,1.8165605,12.329992,2.912332
6.46,0.42060685,1.2628443,1.8134547,12.317474,2.9201107
6.47,0.42168123,1.2671711,1.8103473,12.304941,2.9278996
6.48,0.4227575,1.2715089,1.8072367,12.292389,2.9357007
6.49,0.4238361,1.2758594,1.8041233,12.279809,2.9435134
6.5,0.4249165,1.2802198,1.8010086,12.267217,2.951336
6.51,0.42599872,1.2845918,1.7978903,12.254608,2.9591713
6.52,0.42708308,1.288972,1.7947693,12.241979,2.9670165
6.53,0.42816958,1.2933679,1.7916461,12.229329,2.9748752
6.54,0.4292578,1.2977729,1.7885209,12.216654,2.9827425
6.55,0.4303487,1.3021886,1.785393,12.203968,2.990623
6.56,0.43144098,1.3066156,1.7822624,12.191267,2.9985142
6.57,0.43253535,1.3110545,1.7791293,12.178536,3.0064168
6.58,0.43363175,1.3155026,1.7759943,12.165795,3.0143294
6.59,0.43473035,1.3199646,1.7728566,12.153035,3.022254
6.6,0.43583098,1.3244362,1.7697167,12.140249,3.03019
6.61,0.43693355,1.3289199,1.7665744,12.12745,3.0381355
6.62,0.4380379,1.3334138,1.7634299,12.114634,3.0460927
6.63,0.43914443,1.3379204,1.7602825,12.101794,3.0540626
6.64,0.4402532,1.3424357,1.7571334,12.088945,3.0620415
6.65,0.4413635,1.3469658,1.753982,12.07607,3.070031
6.66,0.44247633,1.3515048,1.7508279,12.063173,3.078034
6.67,0.4435911,1.3560531,1.7476717,12.050264,3.0860472
6.68,0.4447076,1.3606143,1.7445136,12.037338,3.0940702
6.69,0.44582605,1.3651856,1.7413532,12.024392,3.1021044
6.7,0.4469467,1.3697703,1.73819,12.01143,3.1101499
6.71,0.4480695,1.3743638,1.7350254,11.998443,3.1182063
6.72,0.4491942,1.3789697,1.7318584,11.985439,3.1262724
6.73,0.45032117,1.3835855,1.7286892,11.972418,3.1343508
6.74,0.45144975,1.3882147,1.7255183,11.959379,3.14244
6.75,0.45258054,1.3928541,1.722345,11.9463215,3.1505387
6.76,0.45371336,1.3975036,1.7191691,11.933246,3.1586494
6.77,0.45484823,1.4021645,1.7159921,11.920153,3.1667693
6.78,0.45598543,1.4068375,1.7128116,11.9070425,3.1749022
6.79,0.4571241,1.4115211,1.7096305,11.893911,3.1830428
6.8,0.4582651,1.4162167,1.7064471,11.880764,3.1911962
6.81,0.45940784,1.420923,1.7032619,11.867601,3.199359
6.82,0.4605531,1.4256392,1.7000743,11.854415,3.2075336
6.83,0.46170002,1.430368,1.696885,11.841214,3.215718
6.84,0.46284926,1.4351083,1.6936935,11.827998,3.223914
6.85,0.46400028,1.4398582,1.6905005,11.814759,3.2321186
6.86,0.46515352,1.4446205,1.6873053,11.801505,3.2403352
6.87,0.46630877,1.4493943,1.6841089,11.788231,3.2485626
6.88,0.46746606,1.4541777,1.6809093,11.774937,3.2567997
6.89,0.46862513,1.4589748,1.677709,11.761633,3.2650466
6.9,0.46978626,1.4637772,1.6745068,11.748304,3.273305
6.91,0.47094974,1.4685979,1.6713033,11.734962,3.2815726
6.92,0.472115,1.4734254,1.6680964,11.721599,3.2898517
6.93,0.4732826,1.4782666,1.6648889,11.708218,3.2981405
6.94,0.47445223,1.483119,1.6616796,11.694821,3.3064392
6.95,0.4756239,1.487981,1.6584686,11.68141,3.3147485
6.96,0.47679734,1.4928547,1.6552558,11.667976,3.3230677
6.97,0.477973,1.4977379,1.6520413,11.654527,3.3313975
6.98,0.47915068,1.5026345,1.6488253,11.641062,3.3397384
6.99,0.48033065,1.5075419,1.6456076,11.627577,3.348087
7.0,0.48151234,1.5124623,1.6423877,11.614076,3.3564487
7.01,0.48269588,1.5173904,1.639167,11.600555,3.364818
7.02,0.48388228,1.5223327,1.635945,11.587021,3.3731995
7.03,0.48507008,1.5272857,1.6327213,11.573473,3.381589
7.04,0.48625973,1.5322473,1.6294955,11.559896,3.3899899
7.05,0.48745212,1.5372223,1.6262686,11.546314,3.3984003
7.06,0.48864636,1.5422093,1.6230402,11.53271,3.4068198
7.07,0.48984268,1.5472065,1.6198102,11.519087,3.4152505
7.08,0.49104095,1.552214,1.6165786,11.505446,3.4236906
7.09,0.49224132,1.5572357,1.6133457,11.49179,3.432141
7.1,0.49344352,1.5622653,1.610112,11.478123,3.4405994
7.11,0.49464804,1.5673068,1.6068763,11.464432,3.449069
7.12,0.49585474,1.5723621,1.6036392,11.450728,3.4575484
7.13,0.49706343,1.5774264,1.6004013,11.437002,3.466038
7.14,0.49827424,1.5825032,1.5971612,11.423262,3.4745374
7.15,0.49948713,1.5875919,1.593921,11.40951,3.483044
7.16,0.5007021,1.5926914,1.5906789,11.395738,3.4915617
7.17,0.50191885,1.5978022,1.5874352,11.381946,3.5000894
7.18,0.50313795,1.602923,1.5841907,11.368138,3.5086262
7.19,0.50435907,1.6080561,1.5809448,11.354315,3.5171742
7.2,0.5055823,1.6132013,1.5776982,11.340476,3.52573
7.21,0.50680745,1.6183566,1.5744499,11.326623,3.534296
7.22,0.50803477,1.6235228,1.5712007,11.312748,3.5428705
7.23,0.5092642,1.6287004,1.5679502,11.298859,3.551455
7.24,0.5104956,1.6338905,1.5646985,11.284955,3.5600483
7.25,0.5117295,1.6390926,1.5614458,11.271031,3.5686512
7.26,0.51296526,1.6443075,1.5581925,11.257095,3.577265
7.27,0.5142029,1.6495311,1.5549376,11.243142,3.5858865
7.28,0.5154429,1.6547667,1.551682,11.22917,3.5945177
7.29,0.5166846,1.6600116,1.5484254,11.215184,3.6031575
7.3,0.517929,1.665272,1.5451677,11.201181,3.611807
7.31,0.5191749,1.6705409,1.5419092,11.187166,3.6204653
7.32,0.52042323,1.6758252,1.5386497,11.173129,3.6291337
7.33,0.5216738,1.6811182,1.5353893,11.159079,3.6378088
7.34,0.52292603,1.6864239,1.5321279,11.145012,3.6464956
7.35,0.52418053,1.6917369,1.5288659,11.130932,3.6551905
7.36,0.5254374,1.6970677,1.5256026,11.116834,3.6638937
7.37,0.5266962,1.7024064,1.5223392,11.102721,3.6726065
7.38,0.52795714,1.7077565,1.5190741,11.088591,3.6813283
7.39,0.52921987,1.7131212,1.515809,11.074446,3.6900578
7.4,0.53048515,1.7184943,1.5125425,11.060285,3.6987982
7.41,0.5317522,1.7238805,1.5092765,11.046111,3.7075453
7.42,0.5330217,1.7292789,1.5060083,11.031916,3.716303
7.43,0.534293,1.734688,1.5027401,11.017707,3.725068
7.44,0.53556675,1.7401109,1.4994705,11.003488,3.7338426
7.45,0.5368421,1.7455429,1.4962019,10.989249,3.7426252
7.46,0.5381199,1.7509887,1.4929315,10.974995,3.7514164
7.47,0.5393999,1.7564421,1.4896606,10.960726,3.7602165
7.48,0.54068184,1.7619104,1.486389,10.946443,3.769025
7.49,0.5419656,1.7673905,1.4831176,10.932143,3.777842
7.5,0.543252,1.7728809,1.4798453,10.917829,3.7866678
7.51,0.5445406,1.7783865,1.476572,10.903502,3.7955008
7.52,0.5458308,1.783901,1.4732984,10.889156,3.8043447
7.53,0.54712355,1.7894287,1.4700248,10.874797,3.8131938
7.54,0.5484183,1.7949669,1.466751,10.860421,3.822052
7.55,0.5497149,1.8005172,1.463476,10.846038,3.8309214
7.56,0.55101395,1.8060789,1.4602002,10.8316345,3.8397946
7.57,0.5523151,1.8116543,1.4569249,10.817209,3.8486798
7.58,0.5536181,1.8172407,1.4536495,10.802777,3.8575711
7.59,0.55492365,1.8228369,1.4503729,10.788333,3.8664708
7.6,0.55623096,1.828449,1.4470966,10.773863,3.8753786
7.61,0.5575405,1.8340718,1.44382,10.759392,3.8842957
7.62,0.5588524,1.8397071,1.440543,10.744897,3.8932204
7.63,0.5601661,1.8453522,1.4372653,10.730392,3.9021518
7.64,0.56148183,1.8510103,1.4339882,10.715873,3.9110923
7.65,0.5628,1.8566805,1.4307106,10.701337,3.9200397
7.66,0.5641204,1.8623632,1.4274325,10.686788,3.9289951
7.67,0.5654427,1.8680582,1.4241548,10.672225,3.937959
7.68,0.5667671,1.8737658,1.4208766,10.657649,3.9469295
7.69,0.5680938,1.879484,1.4175988,10.643057,3.9559083
7.7,0.5694226,1.8852152,1.4143202,10.628451,3.9648952
7.71,0.5707535,1.8909602,1.4110426,10.613831,3.9738894
7.72,0.5720866,1.8967143,1.4077638,10.5992,3.9828916
7.73,0.5734217,1.9024813,1.4044855,10.584549,3.9919007
7.74,0.5747591,1.9082634,1.4012076,10.56989,4.0009184
7.75,0.5760988,1.914056,1.397929,10.555214,4.0099435
7.76,0.5774401,1.9198607,1.394651,10.540525,4.0189753
7.77,0.5787837,1.9256762,1.3913728,10.525823,4.0280137
7.78,0.58013,1.9315058,1.3880944,10.511107,4.0370617
7.79,0.5814777,1.9373474,1.3848168,10.496375,4.046115
7.8,0.5828284,1.9432034,1.3815392,10.48163,4.0551767
7.81,0.5841803,1.9490688,1.378262,10.466878,4.0642457
7.82,0.5855348,1.9549471,1.3749839,10.452105,4.073321
7.83,0.5868912,1.9608403,1.3717082,10.4373255,4.0824037
7.84,0.5882498,1.9667435,1.3684306,10.422526,4.0914927
7.85,0.5896107,1.9726607,1.3651538,10.407716,4.1005907
7.86,0.5909735,1.9785875,1.3618774,10.392895,4.1096954
7.87,0.592339,1.9845312,1.3586023,10.378055,4.1188045
7.88,0.5937061,1.990486,1.3553267,10.363208,4.1279235
7.89,0.59507537,1.9964508,1.3520516,10.348344,4.1370473
7.9,0.59644705,2.0024304,1.3487769,10.333468,4.1461782
7.91,0.59782094,2.0084236,1.3455025,10.318584,4.155317
7.92,0.59919643,2.0144289,1.3422287,10.303678,4.164463
7.93,0.6005747,2.0204465,1.3389556,10.28877,4.1736135
7.94,0.6019546,2.0264754,1.3356819,10.273843,4.182774
7.95,0.60333717,2.0325215,1.33241,10.2589035,4.1919384
7.96,0.6047214,2.0385761,1.3291378,10.243957,4.20111
7.97,0.60610807,2.0446448,1.3258668,10.228994,4.2102876
7.98,0.6074967,2.0507276,1.3225961,10.214014,4.2194734
7.99,0.6088874,2.056821,1.3193258,10.199025,4.228665
8.0,0.6102806,2.0629294,1.3160563,10.184025,4.2378626
8.01,0.6116757,2.06905,1.3127875,10.169014,4.2470655
8.02,0.6130729,2.0751834,1.309519,10.153988,4.256277
8.03,0.6144723,2.0813296,1.3062518,10.13895,4.2654934
8.04,0.6158739,2.0874898,1.3029853,10.123902,4.2747154
8.05,0.6172775,2.0936644,1.2997193,10.108841,4.283944
8.06,0.6186835,2.0998478,1.2964541,10.093765,4.2931795
8.07,0.6200913,2.1060455,1.2931893,10.07868,4.302421
8.08,0.62150127,2.1122584,1.289926,10.063583,4.311667
8.09,0.6229137,2.1184845,1.2866637,10.048481,4.320921
8.1,0.6243281,2.1247215,1.2834016,10.03336,4.3301797
8.11,0.6257444,2.1309724,1.2801408,10.01823,4.339445
8.12,0.627163,2.1372383,1.2768803,10.003086,4.3487153
8.13,0.628584,2.1435168,1.2736219,9.98793,4.3579917
8.14,0.6300069,2.1498103,1.2703632,9.972761,4.367275
8.15,0.63143164,2.1561139,1.2671064,9.957593,4.3765616
8.16,0.6328588,2.1624308,1.2638505,9.942399,4.385855
8.17,0.6342884,2.1687624,1.2605952,9.927206,4.3951545
8.18,0.63571966,2.1751065,1.257341,9.911994,4.404461
8.19,0.63715345,2.1814644,1.2540882,9.896772,4.4137716
8.2,0.63858896,2.187838,1.2508371,9.881538,4.423085
8.21,0.6400268,2.194224,1.2475854,9.866294,4.4324083
8.22,0.64146674,2.2006233,1.244336,9.85104,4.441735
8.23,0.6429088,2.2070353,1.2410884,9.83578,4.4510655
8.24,0.6443528,2.2134616,1.2378411,9.8205,4.4604034
8.25,0.6457994,2.2199013,1.2345951,9.805214,4.4697456
8.26,0.64724785,2.2263572,1.2313503,9.789918,4.479095
8.27,0.64869815,2.232823,1.2281075,9.774609,4.488447
8.28,0.6501507,2.2393026,1.2248656,9.759295,4.497804
8.29,0.65160555,2.2457986,1.2216247,9.743966,4.507167
8.3,0.6530625,2.2523048,1.2183851,9.728627,4.5165353
8.31,0.6545215,2.2588296,1.2151468,9.713283,4.5259085
8.32,0.65598285,2.2653646,1.2119105,9.697923,4.5352855
8.33,0.6574461,2.2719183,1.2086757,9.682557,4.5446672
8.34,0.6589114,2.2784784,1.2054425,9.667175,4.5540543
8.35,0.66037875,2.2850568,1.2022102,9.65179,4.5634456
8.36,0.66184837,2.2916489,1.1989796,9.636389,4.572843
8.37,0.66332036,2.2982566,1.1957504,9.620987,4.582245
8.38,0.66479367,2.3048759,1.1925229,9.605571,4.591649
8.39,0.6662699,2.3115103,1.1892966,9.5901375,4.601062
8.4,0.66774756,2.3181574,1.1860721,9.574703,4.610476
8.41,0.6692278,2.3248205,1.1828493,9.559259,4.6198945
8.42,0.67071015,2.3314955,1.1796281,9.543802,4.629319
8.43,0.6721944,2.3381886,1.1764085,9.5283375,4.6387463
8.44,0.6736806,2.344892,1.1731912,9.512868,4.6481795
8.45,0.6751689,2.3516107,1.1699748,9.497381,4.657615
8.46,0.6766596,2.3583472,1.1667606,9.481893,4.6670547
8.47,0.67815244,2.3650932,1.1635474,9.4663925,4.6765018
8.48,0.67964727,2.371857,1.160337,9.450883,4.68595
8.49,0.68114394,2.3786328,1.1571287,9.435366,4.6954017
8.5,0.682643,2.3854241,1.1539209,9.419839,4.7048583
8.51,0.68414384,2.3922286,1.150716,9.404302,4.714319
8.52,0.685647,2.3990483,1.1475122,9.388755,4.723784
8.53,0.68715215,2.4058838,1.1443114,9.373204,4.733252
8.54,0.6886594,2.4127345,1.1411117,9.357645,4.7427244
8.55,0.69016874,2.4195967,1.1379141,9.342071,4.7522016
8.56,0.6916804,2.4264748,1.1347177,9.326491,4.761682
8.57,0.69319355,2.4333682,1.1315249,9.310914,4.771162
8.58,0.69470894,2.440276,1.1283333,9.295316,4.78065
8.59,0.69622666,2.4471986,1.1251436,9.279709,4.7901416
8.6,0.6977467,2.454137,1.1219562,9.264102,4.7996345
8.61,0.699268,2.4610865,1.118771,9.2484865,4.809131
8.62,0.70079184,2.4680555,1.115588,9.232857,4.818631
8.63,0.70231783,2.4750361,1.1124061,9.217223,4.828135
8.64,0.7038453,2.482032,1.1092275,9.201582,4.8376412
8.65,0.7053756,2.4890444,1.1060516,9.185936,4.84715
8.66,0.70690745,2.4960706,1.1028773,9.170281,4.856662
8.67,0.70844156,2.5031114,1.0997045,9.154614,4.8661785
8.68,0.7099776,2.5101671,1.0965345,9.138943,4.8756995
8.69,0.7115159,2.5172386,1.0933673,9.123264,4.8852215
8.7,0.7130559,2.5243254,1.0902021,9.10758,4.8947463
8.71,0.714598,2.5314245,1.0870388,9.0918865,4.904275
8.72,0.7161423,2.5385437,1.0838785,9.076188,4.9138045
8.73,0.71768856,2.5456746,1.0807204,9.060483,4.9233375
8.74,0.719237,2.5528212,1.0775639,9.044767,4.9328747
8.75,0.7207874,2.5599833,1.0744108,9.029048,4.942414
8.76,0.7223397,2.5671625,1.07126,9.013322,4.951955
8.77,0.7238939,2.5743537,1.0681114,8.997593,4.9614987
8.78,0.72545046,2.5815625,1.0649654,8.981848,4.9710455
8.79,0.72700876,2.588787,1.0618223,8.966107,4.980593
8.8,0.72856903,2.596025,1.0586815,8.950352,4.9901447
8.81,0.7301319,2.603281,1.0555432,8.934595,4.999699
8.82,0.73169583,2.6105478,1.0524075,8.918829,5.0092545
8.83,0.73326236,2.6178327,1.0492748,8.903059,5.018811
8.84,0.7348311,2.6251335,1.046144,8.8872795,5.028373
8.85,0.7364015,2.6324494,1.0430167,8.871502,5.0379343
8.86,0.7379738,2.6397831,1.0398917,8.85571,5.0474973
8.87,0.7395481,2.6471288,1.0367696,8.839917,5.0570645
8.88,0.7411247,2.6544912,1.0336497,8.824115,5.066633
8.89,0.7427031,2.6618717,1.030533,8.808311,5.076202
8.9,0.7442834,2.6692615,1.0274192,8.792501,5.085774
8.91,0.7458659,2.676675,1.0243082,8.776685,5.0953465
8.92,0.7474503,2.6841018,1.0212001,8.760861,5.104921
8.93,0.74903655,2.6915421,1.0180938,8.745032,5.1145
8.94,0.75062484,2.6989992,1.0149914,8.729204,5.124078
8.95,0.7522154,2.706475,1.0118926,8.713368,5.1336565
8.96,0.75380737,2.7139628,1.0087955,8.697528,5.1432376
8.97,0.7554019,2.7214682,1.0057014,8.681682,5.1528225
8.98,0.75699776,2.7289882,1.0026108,8.665834,5.1624045
8.99,0.7585961,2.7365255,0.9995226,8.649974,5.17199
9.0,0.7601964,2.7440794,0.9964382,8.634112,5.181578
9.01,0.7617984,2.7516487,0.9933565,8.618249,5.191165
9.02,0.7634023,2.759234,0.9902775,8.602377,5.200754
9.03,0.765008,2.7668335,0.9872024,8.586507,5.2103434
9.04,0.7666163,2.7744515,0.98412967,8.570628,5.219937
9.05,0.7682262,2.7820861,0.9810603,8.554742,5.22953
9.06,0.76983786,2.7897363,0.97799385,8.53886,5.2391214
9.07,0.77145153,2.7973993,0.97493106,8.522971,5.2487154
9.08,0.77306724,2.8050823,0.9718712,8.507073,5.258311
9.09,0.774685,2.8127828,0.96881515,8.491179,5.267907
9.1,0.7763041,2.8204975,0.96576154,8.475276,5.2775016
9.11,0.77792555,2.8282254,0.96271086,8.4593725,5.287097
9.12,0.77954954,2.8359766,0.9596649,8.443461,5.296697
9.13,0.78117484,2.843741,0.9566216,8.427555,5.306295
9.14,0.7828015,2.8515203,0.9535813,8.411634,5.315892
9.15,0.7844306,2.8593163,0.9505444,8.395719,5.3254895
9.16,0.78606147,2.8671286,0.947511,8.379798,5.3350897
9.17,0.78769463,2.8749614,0.94448173,8.363871,5.3446903
9.18,0.7893295,2.8828065,0.94145447,8.347943,5.3542886
9.19,0.79096615,2.8906665,0.9384313,8.332014,5.363888
9.2,0.7926045,2.8985453,0.93541217,8.316081,5.373487
9.21,0.79424506,2.906443,0.9323963,8.300146,5.383088
9.22,0.79588753,2.9143567,0.92938304,8.284206,5.392688
9.23,0.7975319,2.922284,0.9263742,8.268268,5.4022884
9.24,0.7991778,2.9302323,0.9233691,8.252324,5.411886
9.25,0.8008259,2.9381945,0.92036676,8.236376,5.4214892
9.26,0.8024759,2.9461744,0.9173686,8.220431,5.431087
9.27,0.8041278,2.9541707,0.9143737,8.204481,5.4406867
9.28,0.8057816,2.9621847,0.91138303,8.188528,5.4502854
9.29,0.807437,2.9702137,0.90839535,8.172574,5.4598823
9.3,0.80909425,2.9782608,0.90541154,8.156619,5.469483
9.31,0.8107537,2.9863255,0.9024313,8.140658,5.4790797
9.32,0.81241447,2.9944055,0.89945585,8.124704,5.488674
9.33,0.81407726,3.0025027,0.8964831,8.108742,5.4982705
9.34,0.81574255,3.010618,0.8935147,8.092777,5.507868
9.35,0.817409,3.018749,0.89054924,8.076818,5.5174613
9.36,0.8190774,3.026898,0.8875882,8.060851,5.527056
9.37,0.82074803,3.0350637,0.88463116,8.044885,5.5366488
9.38,0.8224205,3.043249,0.88167745,8.028918,5.546243
9.39,0.82409424,3.0514483,0.87872756,8.01295,5.5558333
9.4,0.8257699,3.0596642,0.8757827,7.996984,5.5654225
9.41,0.82744765,3.0679002,0.8728409,7.9810143,5.575012
9.42,0.82912725,3.0761504,0.8699027,7.9650445,5.5845985
9.43,0.83080864,3.08442,0.866969,7.949071,5.594186
9.44,0.83249164,3.0927055,0.8640394,7.9331026,5.6037726
9.45,0.83417684,3.101011,0.86111367,7.9171305,5.613355
9.46,0.83586377,3.109331,0.8581916,7.90116,5.6229386
9.47,0.8375523,3.117671,0.85527396,7.8851867,5.6325192
9.48,0.83924264,3.1260233,0.8523604,7.869216,5.6420984
9.49,0.8409349,3.1343963,0.8494507,7.853244,5.6516757
9.5,0.84262884,3.1427867,0.8465451,7.837269,5.661254
9.51,0.8443247,3.1511943,0.8436436,7.8212976,5.6708302
9.52,0.84602255,3.1596205,0.8407461,7.8053246,5.680401
9.53,0.8477219,3.1680617,0.8378531,7.7893543,5.689974
9.54,0.84942305,3.1765206,0.83496445,7.773384,5.6995435
9.55,0.85112613,3.1850007,0.8320799,7.757414,5.7091107
9.56,0.85283095,3.1934962,0.82919914,7.741445,5.7186756
9.57,0.8545376,3.2020051,0.8263229,7.725475,5.72824
9.58,0.8562459,3.2105381,0.82345086,7.709504,5.737802
9.59,0.85795635,3.219089,0.82058376,7.693542,5.7473636
9.6,0.85966814,3.227653,0.8177202,7.677574,5.7569194
9.61,0.8613819,3.2362375,0.8148607,7.66161,5.766473
9.62,0.86309725,3.2448366,0.8120063,7.645645,5.7760267
9.63,0.8648144,3.253457,0.8091557,7.6296806,5.7855783
9.64,0.86653364,3.2620938,0.8063097,7.61372,5.7951255
9.65,0.8682543,3.2707472,0.80346817,7.597764,5.8046703
9.66,0.86997646,3.279419,0.80063105,7.581805,5.8142123
9.67,0.8717008,3.2881105,0.79779863,7.565851,5.8237534
9.68,0.87342715,3.2968192,0.7949696,7.5498943,5.8332925
9.69,0.87515455,3.3055408,0.7921461,7.5339437,5.8428264
9.7,0.87688416,3.3142872,0.78932697,7.5179935,5.85236
9.71,0.8786154,3.3230484,0.78651184,7.502044,5.861889
9.72,0.88034856,3.3318286,0.7837018,7.4860992,5.8714137
9.73,0.88208336,3.3406258,0.7808958,7.4701576,5.880938
9.74,0.8838198,3.3494406,0.7780947,7.454216,5.8904576
9.75,0.88555795,3.3582728,0.77529806,7.438274,5.899978
9.76,0.887298,3.3671224,0.7725055,7.4223385,5.909491
9.77,0.8890394,3.3759918,0.7697181,7.406404,5.9190035
9.78,0.89078254,3.3848798,0.7669358,7.390478,5.9285088
9.79,0.89252806,3.3937876,0.7641577,7.374551,5.938014
9.8,0.89427495,3.4027107,0.7613839,7.358622,5.9475174
9.81,0.89602363,3.4116526,0.7586156,7.342704,5.9570146
9.82,0.8977738,3.42061,0.7558513,7.3267865,5.966508
9.83,0.8995257,3.429588,0.75309193,7.310871,5.9760003
9.84,0.90127945,3.4385865,0.7503376,7.294961,5.9854875
9.85,0.90303445,3.4476006,0.74758756,7.2790504,5.994972
9.86,0.90479183,3.4566317,0.7448426,7.2631483,6.004451
9.87,0.9065506,3.465684,0.7421024,7.2472463,6.013927
9.88,0.90831107,3.4747517,0.7393664,7.231347,6.023401
9.89,0.9100731,3.4838388,0.7366358,7.2154574,6.032869
9.9,0.911837,3.4929457,0.73391056,7.1995707,6.0423326
9.91,0.91360265,3.5020688,0.7311891,7.1836824,6.0517964
9.92,0.91537,3.5112114,0.72847354,7.1678023,6.061251
9.93,0.91713923,3.5203717,0.72576195,7.1519275,6.0707064
9.94,0.9189097,3.5295515,0.7230559,7.1360574,6.080152
9.95,0.920682,3.5387483,0.7203543,7.120188,6.089597
9.96,0.922456,3.5479634,0.7176577,7.104325,6.099038
9.97,0.9242321,3.5571992,0.7149665,7.0884666,6.1084733
9.98,0.92600894,3.566453,0.7122803,7.072614,6.1179047
9.99,0.9277882,3.5757217,0.7095982,7.056765,6.1273317
10.0,0.929569,3.5850115,0.7069218,7.0409207,6.1367555
10.01,0.9313515,3.5943198,0.7042501,7.0250854,6.1461725
10.02,0.9331358,3.6036477,0.7015842,7.009252,6.1555843
10.03,0.9349213,3.6129942,0.69892263,6.993425,6.1649947
10.04,0.9367086,3.6223583,0.6962665,6.9776015,6.1743984
10.05,0.9384977,3.6317399,0.6936146,6.961784,6.183799
10.06,0.94028866,3.6411407,0.69096833,6.9459724,6.193192
10.07,0.94208056,3.6505604,0.68832767,6.9301677,6.2025824
10.08,0.9438747,3.659999,0.6856917,6.9143667,6.211966
10.09,0.94567037,3.6694546,0.68306035,6.898571,6.221347
10.1,0.9474679,3.678932,0.68043524,6.8827868,6.23072
10.11,0.9492665,3.6884243,0.6778144,6.8670015,6.2400913
10.12,0.9510671,3.697938,0.6751995,6.8512278,6.2494545
10.13,0.95286953,3.7074695,0.6725892,6.8354597,6.258814
10.14,0.95467305,3.71702,0.6699839,6.819694,6.2681675
10.15,0.956479,3.726589,0.6673842,6.8039393,6.277518
10.16,0.95828617,3.7361755,0.66478956,6.788187,6.286861
10.17,0.96009505,3.7457857,0.66220045,6.7724466,6.2961965
10.18,0.9619056,3.75541,0.65961635,6.756709,6.3055305
10.19,0.9637174,3.765055,0.6570378,6.7409806,6.3148565
10.2,0.9655309,3.7747154,0.6544647,6.7252584,6.324178
10.21,0.96734667,3.7844002,0.6518964,6.7095413,6.3334947
10.22,0.9691636,3.794097,0.6493336,6.6938334,6.3428044
10.23,0.9709825,3.8038177,0.64677626,6.6781344,6.3521075
10.24,0.9728024,3.813557,0.64422435,6.6624393,6.3614063
10.25,0.9746244,3.823313,0.6416772,6.6467514,6.370698
10.26,0.976448,3.8330922,0.6391363,6.6310744,6.3799853
10.27,0.9782731,3.8428895,0.63660026,6.615402,6.3892655
10.28,0.98009986,3.8527002,0.6340694,6.5997405,6.3985405
10.29,0.98192793,3.862531,0.631544,6.5840807,6.407808
10.3,0.983758,3.8723845,0.6290245,6.568435,6.4170704
10.31,0.9855892,3.882255,0.62651,6.552796,6.426325
10.32,0.98742235,3.8921475,0.6240014,6.5371666,6.435576
10.33,0.98925763,3.9020562,0.62149775,6.521542,6.444821
10.34,0.99109405,3.9119828,0.61899936,6.5059247,6.454058
10.35,0.9929324,3.9219317,0.61650676,6.4903197,6.4632874
10.36,0.9947714,3.9318955,0.61402035,6.474724,6.4725122
10.37,0.9966127,3.9418795,0.61153823,6.45913,6.481731
10.38,0.9984556,3.951886,0.6090628,6.443554,6.4909415
10.39,1.0002998,3.9619071,0.6065921,6.4279785,6.5001473
10.4,1.0021458,3.9719536,0.6041272,6.412419,6.5093446
10.41,1.0039937,3.9820106,0.6016677,6.3968635,6.5185356
10.42,1.0058427,3.9920921,0.5992136,6.381317,6.5277205
10.43,1.0076935,4.002194,0.59676605,6.3657856,6.5368977
10.44,1.0095459,4.012309,0.59432316,6.350258,6.5460696
10.45,1.0114,4.0224485,0.5918861,6.334743,6.5552316
10.46,1.0132554,4.0326066,0.5894543,6.3192325,6.564388
10.47,1.0151128,4.0427814,0.58702856,6.3037353,6.573541
10.48,1.0169715,4.0529757,0.5846083,6.288245,6.5826797
10.49,1.0188314,4.063193,0.582194,6.2727704,6.5918174
10.5,1.0206933,4.0734267,0.57978463,6.2573023,6.600945
10.51,1.0225569,4.083679,0.57738125,6.241842,6.6100683
10.52,1.0244217,4.0939503,0.5749832,6.22639,6.619181
10.53,1.0262887,4.1042414,0.57259166,6.210956,6.628287
10.54,1.0281571,4.114553,0.5702055,6.19553,6.637385
10.55,1.0300269,4.1248827,0.5678246,6.180112,6.646477
10.56,1.0318983,4.135233,0.5654492,6.1647,6.655563
10.57,1.0337709,4.1455984,0.56308025,6.1493044,6.6646376
10.58,1.0356455,4.1559863,0.5607165,6.133919,6.673706
10.59,1.037522,4.166396,0.5583588,6.118543,6.6827674
10.6,1.0393995,4.1768227,0.55600667,6.103177,6.691819
10.61,1.0412787,4.1872697,0.5536605,6.087828,6.700866
10.62,1.0431591,4.1977296,0.5513195,6.072482,6.709907
10.63,1.0450422,4.208218,0.54898477,6.057152,6.718936
10.64,1.0469259,4.218722,0.5466559,6.041831,6.7279577
10.65,1.0488113,4.2292433,0.5443327,6.026522,6.736971
10.66,1.0506983,4.239784,0.54201484,6.0112214,6.745978
10.67,1.0525869,4.250347,0.53970295,5.9959364,6.754974
10.68,1.054477,4.260928,0.53739727,5.9806614,6.763965
10.69,1.056369,4.2715282,0.5350971,5.9653974,6.772948
10.7,1.0582626,4.2821484,0.53280294,5.950148,6.7819214
10.71,1.0601573,4.29279,0.5305145,5.934907,6.790889
10.72,1.062054,4.303449,0.5282315,5.9196796,6.799845
10.73,1.0639515,4.3141265,0.52595484,5.9044666,6.808792
10.74,1.0658512,4.324823,0.5236837,5.889262,6.817733
10.75,1.067752,4.3355403,0.5214186,5.874069,6.8266654
10.76,1.0696547,4.3462753,0.5191589,5.858889,6.83559
10.77,1.071559,4.3570333,0.51690567,5.8437243,6.844503
10.78,1.0734646,4.3678074,0.51465845,5.82857,6.8534107
10.79,1.075372,4.3786006,0.5124169,5.8134303,6.862306
10.8,1.077281,4.389416,0.5101808,5.7983003,6.8711963
10.81,1.0791913,4.4002523,0.50795084,5.7831845,6.8800755
10.82,1.0811037,4.4111066,0.50572693,5.7680845,6.8889475
10.83,1.0830169,4.4219785,0.5035087,5.7529907,6.8978105
10.84,1.0849316,4.4328685,0.5012963,5.737912,6.9066634
10.85,1.0868485,4.443783,0.49909002,5.722848,6.915509
10.86,1.0887663,4.4547133,0.49688977,5.7077975,6.924344
10.87,1.0906862,4.465661,0.494695,5.6927595,6.9331703
10.88,1.0926073,4.4766335,0.4925063,5.6777325,6.941987
10.89,1.09453,4.4876227,0.490324,5.66272,6.9507957
10.9,1.0964544,4.498632,0.48814723,5.647726,6.9595947
10.91,1.0983804,4.5096636,0.4859764,5.6327434,6.968385
10.92,1.100308,4.52071,0.4838112,5.6177683,6.9771676
10.93,1.1022364,4.531779,0.4816525,5.6028137,6.985937
10.94,1.1041667,4.542865,0.4794995,5.58787,6.994698
10.95,1.1060985,4.5539746,0.4773526,5.572942,7.0034513
10.96,1.1080325,4.565102,0.4752116,5.55803,7.012195
10.97,1.1099676,4.5762486,0.47307622,5.543124,7.02093
10.98,1.1119039,4.5874104,0.4709475,5.5282397,7.0296535
10.99,1.1138419,4.5985994,0.4688243,5.513369,7.0383687
11.0,1.1157814,4.6098046,0.4667072,5.4985123,7.0470734
11.01,1.1177229,4.621028,0.46459597,5.4836655,7.0557694
11.02,1.1196655,4.632273,0.46249083,5.4688377,7.064454
11.03,1.1216097,4.643538,0.46039164,5.4540257,7.0731297
11.04,1.1235555,4.6548195,0.45829836,5.4392242,7.081797
11.05,1.1255028,4.666125,0.456211,5.4244413,7.090451
11.06,1.1274513,4.677449,0.45412967,5.4096704,7.0990977
11.07,1.1294014,4.6887884,0.4520545,5.394917,7.107735
11.08,1.1313537,4.700156,0.4499855,5.3801813,7.1163626
11.09,1.133307,4.711536,0.44792238,5.365453,7.1249785
11.1,1.1352619,4.7229385,0.4458649,5.3507433,7.1335855
11.11,1.1372181,4.7343564,0.4438136,5.3360505,7.1421795
11.12,1.1391761,4.7457986,0.44176844,5.321372,7.1507664
11.13,1.1411357,4.7572594,0.43972918,5.3067074,7.1593423
11.14,1.1430964,4.768742,0.43769598,5.29206,7.167908
11.15,1.1450588,4.78024,0.43566906,5.27743,7.1764627
11.16,1.1470232,4.791762,0.4336477,5.2628155,7.185007
11.17,1.1489882,4.803301,0.43163255,5.248212,7.1935434
11.18,1.1509553,4.814859,0.4296234,5.2336273,7.2020664
11.19,1.1529242,4.826438,0.42762047,5.2190614,7.2105813
11.2,1.1548938,4.8380384,0.42562342,5.204507,7.219084
11.21,1.1568657,4.8496575,0.42363235,5.1899734,7.227576
11.22,1.1588387,4.8612967,0.42164728,5.1754513,7.2360597
11.23,1.1608131,4.872955,0.41966847,5.1609488,7.244529
11.24,1.1627892,4.884632,0.4176956,5.1464624,7.252991
11.25,1.1647666,4.8963284,0.41572836,5.1319885,7.261441
11.26,1.1667461,4.9080453,0.41376734,5.117532,7.26988
11.27,1.1687266,4.9197817,0.41181263,5.1030917,7.2783103
11.28,1.1707087,4.9315386,0.4098639,5.088676,7.2867255
11.29,1.1726922,4.9433136,0.40792075,5.0742717,7.2951326
11.3,1.1746775,4.955115,0.405984,5.0598817,7.3035297
11.31,1.1766639,4.966927,0.40405324,5.0455093,7.3119135
11.32,1.1786522,4.978762,0.4021285,5.0311575,7.3202877
11.33,1.1806417,4.990617,0.40020984,5.0168204,7.3286524
11.34,1.1826332,5.0024962,0.39829713,5.0025,7.337004
11.35,1.1846255,5.0143895,0.39639035,4.988198,7.3453445
11.36,1.1866193,5.0263047,0.39448985,4.973913,7.3536735
11.37,1.188615,5.0382395,0.39259544,4.9596443,7.3619924
11.38,1.1906122,5.050194,0.39070654,4.945394,7.3703012
11.39,1.1926111,5.062169,0.38882366,4.931159,7.378596
11.4,1.1946107,5.0741634,0.3869474,4.9169464,7.386881
11.41,1.1966124,5.0861797,0.3850771,4.9027486,7.395154
11.42,1.1986154,5.0982122,0.38321233,4.8885665,7.4034157
11.43,1.2006207,5.110268,0.38135406,4.874406,7.411667
11.44,1.2026263,5.1223354,0.3795014,4.8602595,7.419907
11.45,1.204634,5.1344337,0.37765473,4.846136,7.428134
11.46,1.2066431,5.146549,0.3758147,4.8320284,7.436351
11.47,1.2086539,5.1586823,0.37398005,4.8179355,7.4445567
11.48,1.2106661,5.170832,0.37215182,4.8038635,7.4527483
11.49,1.2126795,5.1830063,0.37032917,4.789809,7.460932
11.5,1.2146945,5.195198,0.36851254,4.7757697,7.469103
11.51,1.216711,5.207412,0.3667019,4.761752,7.4772615
11.52,1.2187285,5.2196455,0.3648979,4.7477565,7.485406
11.53,1.220748,5.231896,0.36309946,4.7337737,7.4935403
11.54,1.2227691,5.2441683,0.36130673,4.719811,7.5016637
11.55,1.2247919,5.256463,0.35952073,4.7058706,7.509775
11.56,1.2268157,5.2687774,0.35773998,4.6919465,7.517873
11.57,1.2288413,5.281108,0.35596555,4.6780396,7.5259595
11.58,1.230868,5.293459,0.35419685,4.6641507,7.5340366
11.59,1.2328963,5.305831,0.3524347,4.650283,7.542101
11.6,1.2349266,5.318223,0.3506781,4.636434,7.550151
11.61,1.2369579,5.3306346,0.34892732,4.622602,7.558191
11.62,1.2389907,5.343067,0.3471829,4.608794,7.566215
11.63,1.241025,5.3555193,0.34544387,4.594998,7.5742326
11.64,1.2430606,5.3679914,0.3437114,4.5812263,7.5822363
11.65,1.2450974,5.380479,0.34198463,4.567472,7.590225
11.66,1.2471364,5.392992,0.34026384,4.5537376,7.5982056
11.67,1.2491765,5.4055233,0.33854875,4.540024,7.60617
11.68,1.2512183,5.4180746,0.33684024,4.526327,7.6141253
11.69,1.2532612,5.430649,0.33513752,4.512652,7.6220684
11.7,1.2553061,5.44324,0.33344015,4.4989944,7.6299963
11.71,1.2573521,5.455851,0.33174902,4.485357,7.6379147
11.72,1.2593994,5.4684825,0.33006388,4.4717417,7.6458173
11.73,1.2614485,5.481134,0.32838464,4.458143,7.6537113
11.74,1.263499,5.493806,0.32671148,4.444567,7.661589
11.75,1.2655512,5.5065026,0.32504436,4.4310117,7.669459
11.76,1.2676047,5.519213,0.3233826,4.4174743,7.6773133
11.77,1.2696596,5.5319443,0.32172692,4.4039536,7.685156
11.78,1.2717159,5.5446954,0.32007763,4.3904595,7.6929865
11.79,1.2737737,5.5574665,0.3184334,4.37698,7.7008014
11.8,1.275833,5.5702586,0.3167955,4.363524,7.708606
11.81,1.2778934,5.5830727,0.31516314,4.3500857,7.7163982
11.82,1.2799562,5.5959044,0.3135372,4.3366704,7.724177
11.83,1.2820194,5.6087537,0.311917,4.323273,7.7319427
11.84,1.2840847,5.6216235,0.31030247,4.3098965,7.739696
11.85,1.2861513,5.6345196,0.30869383,4.2965436,7.7474356
11.86,1.2882191,5.64743,0.3070913,4.283208,7.755164
11.87,1.2902889,5.660365,0.30549422,4.2698927,7.76288
11.88,1.2923596,5.6733193,0.30390295,4.2566004,7.7705803
11.89,1.2944319,5.686292,0.3023181,4.243331,7.7782726
11.9,1.2965059,5.699284,0.3007389,4.2300777,7.7859473
11.91,1.298581,5.712298,0.2991652,4.216848,7.793613
11.92,1.3006582,5.7253323,0.29759726,4.203636,7.8012586
11.93,1.3027364,5.738385,0.29603523,4.190449,7.808899
11.94,1.3048159,5.7514577,0.294479,4.1772795,7.8165216
11.95,1.3068966,5.7645516,0.29292908,4.164136,7.824132
11.96,1.3089793,5.7776656,0.2913841,4.1510057,7.8317294
11.97,1.3110633,5.790801,0.28984562,4.1379023,7.8393164
11.98,1.3131489,5.8039556,0.28831285,4.1248198,7.8468876
11.99,1.3152357,5.8171268,0.28678527,4.1117573,7.854444
12.0,1.3173236,5.8303204,0.2852638,4.0987144,7.8619924
12.01,1.319414,5.843539,0.2837483,4.0856957,7.869523
12.02,1.3215055,5.8567758,0.2822382,4.0726976,7.877041
12.03,1.3235976,5.8700285,0.2807337,4.0597215,7.884546
12.04,1.3256915,5.883303,0.27923524,4.046766,7.892038
12.05,1.3277878,5.896603,0.27774265,4.033831,7.8995175
12.06,1.3298845,5.909917,0.27625528,4.02092,7.9069834
12.07,1.3319827,5.923251,0.27477375,4.008029,7.914434
12.08,1.3340824,5.93661,0.2732982,3.995161,7.921874
12.09,1.3361838,5.9499855,0.2718284,3.9823148,7.929298
12.1,1.3382862,5.9633837,0.27036384,3.969487,7.936712
12.11,1.3403909,5.9768043,0.26890555,3.9566882,7.944109
12.12,1.3424959,5.990242,0.26745194,3.943902,7.9514966
12.13,1.3446032,6.003698,0.2660049,3.9311433,7.958866
12.14,1.3467115,6.0171804,0.2645634,3.9184096,7.9662247
12.15,1.3488216,6.0306773,0.26312736,3.9056923,7.9735675
12.16,1.3509325,6.044198,0.26169673,3.8929994,7.9809
12.17,1.3530456,6.057738,0.26027223,3.8803277,7.9882154
12.18,1.3551598,6.0712976,0.2588531,3.8676794,7.9955196
12.19,1.3572752,6.0848794,0.25743964,3.8550534,8.0028105
12.2,1.359392,6.098481,0.25603178,3.8424482,8.010084
12.21,1.3615109,6.1121006,0.25462908,3.8298645,8.017347
12.22,1.3636307,6.1257424,0.25323242,3.8173041,8.024595
12.23,1.365752,6.1394057,0.25184137,3.8047688,8.03183
12.24,1.3678747,6.1530857,0.25045553,3.7922533,8.039052
12.25,1.3699987,6.1667953,0.24907587,3.7797637,8.04626
12.26,1.3721238,6.180515,0.2477011,3.7672904,8.053452
12.27,1.3742511,6.1942577,0.246332,3.754841,8.06063
12.28,1.3763794,6.2080235,0.24496822,3.7424166,8.067799
12.29,1.3785096,6.2218094,0.24361055,3.7300148,8.07495
12.3,1.3806409,6.2356176,0.2422579,3.7176354,8.082087
12.31,1.3827735,6.2494435,0.2409111,3.705278,8.0892105
12.32,1.3849074,6.263291,0.23956974,3.6929462,8.096324
12.33,1.3870428,6.277159,0.23823395,3.6806355,8.103417
12.34,1.3891795,6.2910457,0.23690306,3.668344,8.110501
12.35,1.391318,6.304955,0.23557806,3.656079,8.11757
12.36,1.3934577,6.3188834,0.23425876,3.6438375,8.124623
12.37,1.3955986,6.33283,0.23294422,3.6316137,8.131665
12.38,1.3977412,6.346804,0.23163567,3.6194186,8.138691
12.39,1.3998854,6.3607945,0.23033233,3.6072452,8.145704
12.4,1.4020306,6.3748035,0.22903441,3.5950916,8.152699
12.41,1.4041771,6.388836,0.22774181,3.5829673,8.159682
12.42,1.4063256,6.402889,0.2264547,3.5708594,8.166652
12.43,1.4084753,6.4169645,0.22517303,3.5587797,8.17361
12.44,1.4106259,6.431059,0.22389677,3.5467231,8.180552
12.45,1.4127783,6.445174,0.22262582,3.5346868,8.18748
12.46,1.4149321,6.4593105,0.22135971,3.5226724,8.194394
12.47,1.4170876,6.4734674,0.22009951,3.510685,8.201292
12.48,1.419244,6.487643,0.21884464,3.498719,8.208178
12.49,1.4214017,6.5018425,0.21759517,3.486778,8.215048
12.5,1.4235611,6.516062,0.21635066,3.4748592,8.221903
12.51,1.425722,6.5303016,0.21511142,3.462964,8.228748
12.52,1.4278842,6.5445647,0.21387783,3.4510944,8.235577
12.53,1.4300476,6.558842,0.2126492,3.4392438,8.242389
12.54,1.4322125,6.573145,0.21142575,3.427417,8.249187
12.55,1.4343795,6.5874724,0.21020772,3.4156177,8.255971
12.56,1.4365469,6.601817,0.20899513,3.403842,8.262745
12.57,1.438716,6.6161804,0.20778775,3.3920877,8.2695
12.58,1.4408865,6.630565,0.20658527,3.3803563,8.2762375
12.59,1.443059,6.644972,0.2053881,3.3686502,8.2829685
12.6,1.4452322,6.6594014,0.20419621,3.3569674,8.289683
12.61,1.4474065,6.673847,0.20300981,3.3453088,8.29638
12.62,1.4495825,6.6883173,0.20182818,3.3336694,8.303066
12.63,1.4517605,6.702808,0.20065159,3.3220592,8.309734
12.64,1.4539396,6.717324,0.19948038,3.3104708,8.316392
12.65,1.4561199,6.7318544,0.19831455,3.298907,8.323033
12.66,1.4583013,6.7464075,0.19715331,3.2873647,8.329659
12.67,1.4604845,6.760983,0.19599746,3.2758477,8.336274
12.68,1.4626697,6.77558,0.19484672,3.2643561,8.342867
12.69,1.4648546,6.7901964,0.19370131,3.25289,8.349452
12.7,1.4670421,6.8048334,0.19256061,3.241443,8.356022
12.71,1.4692305,6.819492,0.1914253,3.2300215,8.362577
12.72,1.4714208,6.834176,0.19029509,3.2186265,8.369116
12.73,1.4736118,6.8488774,0.18916944,3.207252,8.375643
12.74,1.4758049,6.863601,0.18804899,3.1959026,8.382152
12.75,1.477999,6.8783436,0.18693377,3.184579,8.388647
12.76,1.4801944,6.8931093,0.18582357,3.1732767,8.395131
12.77,1.4823915,6.907896,0.18471864,3.1619997,8.401599
12.78,1.4845897,6.922705,0.18361796,3.150748,8.408049
12.79,1.4867897,6.9375296,0.18252248,3.1395168,8.414487
12.8,1.4889907,6.952383,0.18143225,3.1283126,8.420912
12.81,1.4911934,6.967256,0.18034682,3.117134,8.42732
12.82,1.493397,6.982146,0.17926641,3.1059768,8.433713
12.83,1.495602,6.997061,0.17819086,3.0948458,8.440093
12.84,1.4978092,7.0119987,0.17712034,3.0837352,8.44646
12.85,1.5000169,7.0269537,0.1760545,3.0726542,8.45281
12.86,1.5022264,7.0419345,0.1749939,3.0615962,8.4591465
12.87,1.5044372,7.056933,0.173938,3.0505593,8.465465
12.88,1.5066493,7.0719514,0.17288686,3.0395472,8.471771
12.89,1.5088629,7.0869975,0.17184058,3.0285604,8.478065
12.9,1.511078,7.102062,0.17079917,3.017598,8.484343
12.91,1.5132946,7.117148,0.16976278,3.0066617,8.490602
12.92,1.5155119,7.1322527,0.16873103,2.9957466,8.49685
12.93,1.5177307,7.1473846,0.16770422,2.98486,8.503083
12.94,1.5199513,7.1625323,0.16668214,2.973994,8.509303
12.95,1.522173,7.1777034,0.16566475,2.9631548,8.515504
12.96,1.5243964,7.1929,0.16465211,2.9523392,8.521693
12.97,1.5266209,7.208115,0.16364443,2.9415479,8.527867
12.98,1.528847,7.223349,0.16264167,2.9307811,8.534025
12.99,1.5310739,7.23861,0.16164327,2.9200392,8.540171
13.0,1.533303,7.253887,0.16064954,2.909318,8.5463
13.01,1.5355331,7.26919,0.15966056,2.8986247,8.552417
13.02,1.5377645,7.284515,0.15867648,2.8879554,8.5585165
13.03,1.5399973,7.2998576,0.15769708,2.8773103,8.564604
13.04,1.5422316,7.3152275,0.15672198,2.8666914,8.570673
13.05,1.544467,7.330617,0.15575197,2.8560948,8.576729
13.06,1.5467038,7.346023,0.15478607,2.8455215,8.582772
13.07,1.5489422,7.361457,0.15382558,2.8349774,8.588798
13.08,1.5511823,7.3769164,0.15286945,2.8244565,8.594809
13.09,1.5534233,7.392391,0.15191768,2.8139586,8.600806
13.1,1.5556656,7.40789,0.15097049,2.8034835,8.60679
13.11,1.5579095,7.4234056,0.15002827,2.793035,8.612756
13.12,1.5601546,7.438948,0.14909026,2.7826107,8.61871
13.13,1.5624018,7.454516,0.1481568,2.772214,8.624647
13.14,1.5646493,7.470101,0.14722809,2.7618372,8.630569
13.15,1.5668986,7.4857063,0.14630364,2.7514892,8.636477
13.16,1.5691496,7.501336,0.14538397,2.7411633,8.64237
13.17,1.5714016,7.51699,0.1444687,2.73086,8.648251
13.18,1.5736554,7.5326657,0.14355803,2.720584,8.654116
13.19,1.5759099,7.5483584,0.14265169,2.710332,8.659963
13.2,1.5781662,7.5640745,0.1417498,2.7001042,8.665796
13.21,1.580424,7.5798197,0.14085257,2.6899042,8.6716175
13.22,1.582683,7.59558,0.13995948,2.679725,8.677424
13.23,1.5849435,7.6113644,0.13907094,2.6695724,8.68321
13.24,1.5872048,7.6271687,0.13818714,2.6594439,8.688987
13.25,1.5894681,7.6430035,0.1373074,2.6493404,8.694749
13.26,1.5917326,7.658852,0.13643174,2.6392586,8.700496
13.27,1.5939987,7.674728,0.13556117,2.6292055,8.706226
13.28,1.5962658,7.690623,0.13469464,2.6191776,8.711941
13.29,1.5985343,7.70654,0.13383234,2.6091726,8.717642
13.3,1.6008041,7.7224803,0.13297449,2.599191,8.723326
13.31,1.6030759,7.738443,0.13212067,2.5892339,8.729
13.32,1.6053485,7.754427,0.13127139,2.579302,8.734657
13.33,1.6076229,7.770434,0.13042666,2.5693967,8.740297
13.34,1.6098987,7.7864666,0.1295859,2.559514,8.745926
13.35,1.6121751,7.802518,0.12874939,2.5496566,8.751538
13.36,1.6144542,7.818595,0.1279174,2.5398252,8.757135
13.37,1.6167337,7.83469,0.12708957,2.5300155,8.762721
13.38,1.6190151,7.85081,0.12626573,2.5202305,8.768287
13.39,1.6212972,7.866953,0.12544632,2.510475,8.773837
13.4,1.6235809,7.8831205,0.12463128,2.5007415,8.779378
13.41,1.6258667,7.8993053,0.123819895,2.491028,8.784903
13.42,1.6281533,7.9155164,0.1230128,2.4813423,8.790413
13.43,1.6304415,7.931755,0.12221054,2.4716868,8.795907
13.44,1.6327304,7.948008,0.12141162,2.4620507,8.801387
13.45,1.6350213,7.9642835,0.120617196,2.4524388,8.806851
13.46,1.637314,7.9805856,0.11982693,2.442852,8.8123
13.47,1.6396074,7.996909,0.11904068,2.4332883,8.817739
13.48,1.6419022,8.013255,0.11825895,2.4237545,8.823159
13.49,1.6441989,8.029628,0.11748067,2.4142406,8.828564
13.5,1.6464965,8.046014,0.11670668,2.4047527,8.833953
13.51,1.6487957,8.062432,0.115936786,2.3952892,8.839329
13.52,1.6510968,8.078868,0.115170784,2.38585,8.844691
13.53,1.6533988,8.09533,0.11440914,2.3764374,8.8500395
13.54,1.6557014,8.11181,0.113651246,2.367047,8.855371
13.55,1.658007,8.128322,0.11289753,2.3576837,8.86069
13.56,1.6603132,8.144849,0.11214764,2.3483424,8.865992
13.57,1.6626203,8.161399,0.11140165,2.3390257,8.87128
13.58,1.6649296,8.177977,0.110659845,2.3297348,8.876555
13.59,1.6672401,8.194576,0.109922126,2.3204682,8.881809
13.6,1.6695522,8.211199,0.109188065,2.3112261,8.887053
13.61,1.6718652,8.227841,0.10845806,2.3020082,8.8922825
13.62,1.67418,8.244511,0.10773196,2.2928147,8.897499
13.63,1.6764965,8.261202,0.10700966,2.2836478,8.902698
13.64,1.6788129,8.277917,0.106291495,2.2745047,8.907885
13.65,1.6811317,8.294653,0.10557695,2.2653863,8.913055
13.66,1.683452,8.311411,0.1048662,2.256288,8.918212
13.67,1.6857738,8.328194,0.1041596,2.2472155,8.923353
13.68,1.688097,8.345004,0.10345661,2.2381713,8.928477
13.69,1.6904216,8.361832,0.102757595,2.229151,8.93359
13.7,1.6927476,8.378687,0.10206191,2.220154,8.938687
13.71,1.6950749,8.395563,0.10137064,2.2111833,8.943769
13.72,1.697404,8.412464,0.100682884,2.202234,8.948839
13.73,1.6997336,8.429388,0.099998906,2.1933112,8.953894
13.74,1.7020661,8.446336,0.09931895,2.1844115,8.958933
13.75,1.7043991,8.463306,0.098642334,2.175536,8.963955
13.76,1.7067335,8.480298,0.09796973,2.1666865,8.968967
13.77,1.7090693,8.4973135,0.09730024,2.1578567,8.97396
13.78,1.711406,8.514354,0.09663497,2.1490579,8.978938
13.79,1.7137449,8.531417,0.09597359,2.1402783,8.983908
13.8,1.7160848,8.548507,0.09531545,2.1315236,8.988858
13.81,1.7184266,8.5656185,0.094661035,2.1227944,8.993796
13.82,1.7207695,8.582753,0.09401064,2.1140924,8.998718
13.83,1.7231143,8.599913,0.09336362,2.105412,9.003628
13.84,1.7254604,8.617091,0.0927201,2.0967557,9.008521
13.85,1.7278075,8.6343,0.0920803,2.088122,9.013401
13.86,1.7301564,8.65153,0.09144417,2.0795166,9.018269
13.87,1.7325066,8.668782,0.09081149,2.070933,9.023113
13.88,1.7348584,8.686058,0.09018254,2.062375,9.027951
13.89,1.7372112,8.703357,0.08955674,2.053837,9.032771
13.9,1.7395657,8.720683,0.08893496,2.0453296,9.037579
13.91,1.7419219,8.738033,0.088316634,2.0368402,9.042373
13.92,1.7442795,8.755403,0.087701805,2.028378,9.047149
13.93,1.7466387,8.7727995,0.08709028,2.0199406,9.051914
13.94,1.7489985,8.790224,0.0864823,2.0115275,9.056663
13.95,1.75136,8.807665,0.08587785,2.0031376,9.061397
13.96,1.7537233,8.825131,0.08527721,1.9947723,9.066115
13.97,1.7560887,8.84262,0.084679194,1.9864243,9.070824
13.98,1.7584543,8.860137,0.084085256,1.9781106,9.075515
13.99,1.7608218,8.877676,0.08349467,1.9698143,9.0801935
14.0,1.7631915,8.89524,0.08290717,1.9615448,9.084858
14.01,1.7655622,8.9128275,0.08232327,1.9532973,9.089504
14.02,1.7679341,8.930439,0.08174293,1.9450767,9.094141
14.03,1.7703074,8.948075,0.08116576,1.9368767,9.098758
14.04,1.7726823,8.965733,0.08059215,1.9287021,9.103368
14.05,1.7750586,8.983419,0.080021806,1.920554,9.107958
14.06,1.7774367,9.001125,0.07945435,1.912426,9.112535
14.07,1.7798164,9.018859,0.07889104,1.9043255,9.117097
14.08,1.7821968,9.0366125,0.078330316,1.8962418,9.12165
14.09,1.7845793,9.054397,0.07777338,1.8881924,9.126183
14.1,1.7869638,9.072205,0.07721956,1.88016,9.130701
14.11,1.7893486,9.090028,0.07666896,1.8721532,9.135209
14.12,1.7917358,9.107887,0.076121464,1.8641709,9.139704
14.13,1.7941241,9.125763,0.07557745,1.8562099,9.144181
14.14,1.796514,9.143662,0.0750366,1.8482717,9.148643
14.15,1.7989045,9.161591,0.07449917,1.8403625,9.153094
14.16,1.8012978,9.179542,0.07396458,1.832472,9.157533
14.17,1.8036923,9.197517,0.07343315,1.8246055,9.161953
14.18,1.8060883,9.215519,0.07290535,1.8167663,9.166359
14.19,1.8084852,9.233539,0.07238061,1.8089468,9.170753
14.2,1.8108839,9.25159,0.071858615,1.8011525,9.175133
14.21,1.8132843,9.269663,0.07133968,1.79338,9.179501
14.22,1.8156861,9.287762,0.070824385,1.7856317,9.183853
14.23,1.8180894,9.305883,0.070312046,1.7779086,9.188189
14.24,1.8204944,9.324033,0.06980288,1.7702097,9.1925125
14.25,1.8229003,9.342204,0.06929647,1.7625328,9.196825
14.26,1.8253087,9.360401,0.06879353,1.7548795,9.201118
14.27,1.8277178,9.378617,0.06829334,1.7472467,9.2054
14.28,1.830129,9.396868,0.06779661,1.739645,9.209666
14.29,1.8325412,9.4151325,0.06730264,1.7320572,9.213922
14.3,1.8349555,9.433431,0.06681172,1.7244991,9.218161
14.31,1.8373708,9.451751,0.06632387,1.7169623,9.222388
14.32,1.839788,9.470096,0.065838836,1.7094483,9.226597
14.33,1.8422062,9.488466,0.06535685,1.7019594,9.230796
14.34,1.8446255,9.506856,0.06487813,1.69449,9.234983
14.35,1.8470479,9.525274,0.06440187,1.6870468,9.239153
14.36,1.8494712,9.543718,0.063929275,1.6796277,9.243309
14.37,1.8518955,9.562185,0.06345896,1.6722289,9.247454
14.38,1.8543216,9.58068,0.06299169,1.664854,9.251582
14.39,1.8567498,9.599197,0.06252742,1.6575023,9.255698
14.4,1.859179,9.617742,0.062066298,1.6501746,9.259802
14.41,1.8616099,9.636309,0.06160772,1.6428686,9.263889
14.42,1.8640424,9.654902,0.06115197,1.6355866,9.267963
14.43,1.8664763,9.673524,0.060699433,1.6283288,9.272027
14.44,1.8689114,9.692163,0.060249303,1.6210899,9.276072
14.45,1.8713485,9.71083,0.05980242,1.6138778,9.280105
14.46,1.873787,9.729525,0.059358343,1.6066885,9.284124
14.47,1.8762279,9.748239,0.05891691,1.5995194,9.288133
14.48,1.8786688,9.766984,0.058478404,1.5923759,9.292125
14.49,1.8811122,9.785751,0.05804256,1.585253,9.296104
14.5,1.8835574,9.804544,0.057609435,1.5781549,9.300068
14.51,1.8860047,9.823366,0.057179235,1.5710773,9.304023
14.52,1.8884528,9.842213,0.056751627,1.564024,9.307962
14.53,1.8909018,9.861076,0.0563269,1.5569928,9.311886
14.54,1.8933533,9.879976,0.055905055,1.5499855,9.315798
14.55,1.8958062,9.89889,0.05548554,1.5429977,9.319696
14.56,1.8982604,9.91784,0.05506918,1.5360371,9.323583
14.57,1.9007161,9.93681,0.054655157,1.5290976,9.327452
14.58,1.9031744,9.955803,0.054243747,1.5221739,9.331314
14.59,1.9056338,9.974822,0.05383539,1.5152822,9.3351555
14.6,1.9080949,9.993866,0.053429335,1.5084064,9.338988
14.61,1.9105563,10.012935,0.053026155,1.501556,9.342805
14.62,1.9130212,10.032037,0.052625433,1.4947296,9.346612
14.63,1.9154865,10.051157,0.052227426,1.4879233,9.350402
14.64,1.9179535,10.070305,0.051831927,1.4811386,9.354179
14.65,1.9204227,10.089478,0.051439196,1.4743774,9.357945
14.66,1.9228928,10.108674,0.051049177,1.4676398,9.361695
14.67,1.9253649,10.127897,0.050661173,1.4609202,9.3654375
14.68,1.9278388,10.147149,0.050276432,1.454229,9.369164
14.69,1.9303141,10.166425,0.049893454,1.4475574,9.372873
14.7,1.9327911,10.185723,0.049513776,1.4409088,9.376574
14.71,1.9352694,10.205049,0.049136154,1.4342784,9.380259
14.72,1.9377499,10.2244005,0.04876126,1.4276726,9.38393
14.73,1.9402311,10.243777,0.048388723,1.4210913,9.38759
14.74,1.9427152,10.263179,0.04801878,1.4145284,9.391237
14.75,1.9451995,10.282607,0.047651205,1.4079887,9.39487
14.76,1.9476866,10.302059,0.047286168,1.4014691,9.398489
14.77,1.9501748,10.321536,0.04692362,1.3949726,9.402099
14.78,1.9526656,10.341044,0.04656362,1.3885025,9.405693
14.79,1.9551566,10.360569,0.04620568,1.3820473,9.409272
14.8,1.95765,10.380128,0.045850083,1.3756171,9.412842
14.81,1.9601455,10.399712,0.045497634,1.369209,9.4164
14.82,1.9626412,10.419313,0.045147154,1.3628231,9.419942
14.83,1.9651396,10.438952,0.04479908,1.3564597,9.4234705
14.84,1.9676397,10.458611,0.044453338,1.3501172,9.426987
14.85,1.9701413,10.478296,0.04411004,1.3437946,9.430491
14.86,1.9726443,10.498,0.04376899,1.3374926,9.433986
14.87,1.9751494,10.517737,0.043430135,1.3312148,9.437462
14.88,1.9776565,10.537504,0.04309377,1.3249577,9.440926
14.89,1.9801643,10.557287,0.042759825,1.3187224,9.444383
14.9,1.9826747,10.577105,0.042428017,1.3125101,9.44782
14.91,1.985186,10.596947,0.042098727,1.3063182,9.45125
14.92,1.9876994,10.616807,0.041771106,1.3001438,9.454666
14.93,1.9902142,10.636704,0.041446507,1.2939978,9.458066
14.94,1.9927306,10.656617,0.04112406,1.2878721,9.46146
14.95,1.9952488,10.67656,0.040803578,1.2817646,9.464835
14.96,1.9977691,10.6965275,0.040485453,1.2756778,9.468197
14.97,2.000291,10.716529,0.040169574,1.2696149,9.471552
14.98,2.0028148,10.736544,0.039855853,1.2635714,9.47489
14.99,2.0053391,10.756589,0.039544392,1.2575486,9.478218
15.0,2.0078661,10.776663,0.03923492,1.2515483,9.481531
15.01,2.010395,10.796764,0.03892811,1.2455696,9.484835
15.02,2.012925,10.816888,0.03862295,1.2396094,9.488124
15.03,2.015457,10.83704,0.038320348,1.2336767,9.4914
15.04,2.0179904,10.857218,0.03801945,1.2277584,9.494665
15.05,2.0205257,10.877417,0.03772088,1.2218609,9.497915
15.06,2.0230627,10.897647,0.037424497,1.2159874,9.501156
15.07,2.0256011,10.917902,0.037130333,1.2101341,9.504382
15.08,2.028142,10.938186,0.03683822,1.2043015,9.507599
15.09,2.030684,10.95849,0.03654816,1.1984894,9.510802
15.1,2.0332277,10.978821,0.036260117,1.192698,9.513991
15.11,2.0357735,10.999182,0.035974152,1.1869289,9.517173
15.12,2.038321,11.01957,0.03569045,1.1811781,9.520337
15.13,2.0408695,11.039977,0.03540866,1.1754489,9.523492
15.14,2.043422,11.060419,0.035128776,1.1697421,9.526633
15.15,2.0459738,11.080882,0.03485113,1.1640552,9.529762
15.16,2.0485277,11.10137,0.03457552,1.1583875,9.532881
15.17,2.0510843,11.121885,0.034301743,1.1527419,9.535984
15.18,2.0536418,11.142428,0.034029942,1.147113,9.539081
15.19,2.0562015,11.163002,0.033760298,1.1415106,9.542161
15.2,2.0587626,11.183592,0.0334926,1.1359234,9.54523
15.21,2.0613253,11.204215,0.033226818,1.130359,9.548288
15.22,2.0638902,11.224864,0.03296269,1.1248158,9.551335
15.23,2.0664568,11.245532,0.032700762,1.1192884,9.554367
15.24,2.069025,11.266235,0.032441072,1.1137853,9.557389
15.25,2.0715954,11.286965,0.03218301,1.1083027,9.560398
15.26,2.0741677,11.30772,0.031926792,1.1028409,9.5633955
15.27,2.0767407,11.328495,0.031672496,1.0973958,9.566382
15.28,2.079316,11.349296,0.031420216,1.0919737,9.569355
15.29,2.081894,11.3701315,0.03116982,1.0865692,9.572316
15.3,2.0844722,11.390986,0.030921083,1.0811867,9.575267
15.31,2.0870533,11.41187,0.030674435,1.0758221,9.578206
15.32,2.0896351,11.432782,0.030429378,1.070479,9.581135
15.33,2.0922198,11.453722,0.030186336,1.0651554,9.58405
15.34,2.0948052,11.474683,0.029945198,1.0598525,9.586949
15.35,2.097393,11.495676,0.029705796,1.0545703,9.589847
15.36,2.0999827,11.516688,0.029468335,1.0493077,9.592723
15.37,2.1025739,11.5377245,0.029232278,1.0440587,9.595594
15.38,2.1051676,11.5588,0.028998565,1.0388393,9.598449
15.39,2.1077619,11.579899,0.0287662,1.0336335,9.601298
15.4,2.1103582,11.601012,0.028535798,1.0284476,9.604131
15.41,2.1129575,11.62216,0.028306875,1.0232806,9.606953
15.42,2.1155577,11.643341,0.028080083,1.0181364,9.609764
15.43,2.11816,11.664542,0.027855083,1.0130132,9.612562
15.44,2.120763,11.685771,0.027631693,1.0079061,9.615353
15.45,2.1233687,11.707022,0.027409602,1.0028172,9.618129
15.46,2.1259773,11.728304,0.027189627,0.99775064,9.620893
15.47,2.1285865,11.749616,0.02697125,0.99270374,9.623648
15.48,2.131197,11.770941,0.026754543,0.98767227,9.626391
15.49,2.1338105,11.792303,0.026539423,0.9826613,9.629125
15.5,2.1364248,11.81369,0.02632621,0.97767293,9.631844
15.51,2.139041,11.835101,0.026114479,0.9727016,9.634553
15.52,2.1416605,11.8565445,0.025904538,0.967748,9.637249
15.53,2.1442802,11.878013,0.025696062,0.9628168,9.6399355
15.54,2.1469018,11.899498,0.02548935,0.9579023,9.642609
15.55,2.1495266,11.9210205,0.02528407,0.95300823,9.645276
15.56,2.152151,11.942568,0.02508063,0.9481317,9.647926
15.57,2.1547792,11.964137,0.024878748,0.9432733,9.650571
15.58,2.1574087,11.985743,0.024678458,0.9384402,9.653203
15.59,2.1600397,12.007361,0.024479657,0.93361837,9.655823
15.6,2.162672,12.029013,0.024282431,0.92881906,9.65843
15.61,2.165308,12.050693,0.0240868,0.9240386,9.66103
15.62,2.1679437,12.0724,0.023892846,0.9192769,9.663613
15.63,2.1705828,12.094128,0.023700045,0.9145306,9.666192
15.64,2.1732223,12.115888,0.023509204,0.90980816,9.668758
15.65,2.1758647,12.137674,0.023320027,0.90510386,9.67131
15.66,2.1785078,12.159483,0.023131987,0.90041405,9.673857
15.67,2.1811547,12.181331,0.022945356,0.89574784,9.67639
15.68,2.1838026,12.203192,0.02276045,0.89109766,9.67891
15.69,2.186452,12.225079,0.022577047,0.88646364,9.681421
15.7,2.1891031,12.247,0.022395011,0.881853,9.68392
15.71,2.1917565,12.268939,0.022214353,0.8772545,9.686409
15.72,2.1944118,12.290912,0.022035403,0.8726772,9.68889
15.73,2.1970677,12.312908,0.021857608,0.86811846,9.691359
15.74,2.1997268,12.334938,0.021681756,0.8635821,9.693815
15.75,2.2023876,12.356989,0.021506786,0.8590592,9.696266
15.76,2.2050507,12.379071,0.021333626,0.85455555,9.698702
15.77,2.207715,12.401177,0.021161668,0.8500734,9.701128
15.78,2.2103806,12.423302,0.020991286,0.84560454,9.703542
15.79,2.2130492,12.445469,0.020821981,0.8411569,9.705945
15.8,2.2157183,12.467646,0.020654496,0.83672506,9.708341
15.81,2.2183914,12.48986,0.020488057,0.8323116,9.710726
15.82,2.221064,12.512096,0.020322863,0.82791793,9.7131
15.83,2.2237403,12.534365,0.020159382,0.82353985,9.715462
15.84,2.2264178,12.556654,0.019997127,0.81918067,9.717813
15.85,2.2290974,12.578974,0.019836208,0.8148405,9.720157
15.86,2.2317774,12.601318,0.019676644,0.8105192,9.722493
15.87,2.2344613,12.62369,0.019518176,0.8062128,9.724814
15.88,2.2371461,12.646092,0.019361213,0.8019255,9.72712
15.89,2.2398336,12.668517,0.019205946,0.797655,9.7294235
15.9,2.242521,12.690968,0.019051364,0.7934024,9.731714
15.91,2.245212,12.713446,0.018898144,0.78916734,9.733998
15.92,2.247904,12.7359495,0.018746449,0.78495044,9.736269
15.93,2.2505987,12.758488,0.01859591,0.78074974,9.73853
15.94,2.2532954,12.781039,0.01844662,0.7765686,9.740778
15.95,2.2559936,12.803634,0.018298702,0.77240586,9.74302
15.96,2.2586932,12.826245,0.018152,0.76825744,9.745254
15.97,2.2613957,12.848884,0.018006552,0.7641272,9.747472
15.98,2.2640994,12.87155,0.017862212,0.76001436,9.7496805
15.99,2.2668045,12.894242,0.017719228,0.7559198,9.751882
16.0,2.2695117,12.916965,0.017577212,0.7518408,9.754074
16.01,2.2722213,12.93971,0.01743647,0.74778223,9.756255
16.02,2.2749326,12.962481,0.017297206,0.74373823,9.758428
16.03,2.2776463,12.985286,0.017159013,0.73971385,9.760585
16.04,2.2803614,13.008115,0.01702197,0.7357052,9.762737
16.05,2.2830784,13.030964,0.016886126,0.7317127,9.764878
16.06,2.2857974,13.053846,0.016751315,0.7277378,9.767011
16.07,2.2885175,13.07675,0.016617535,0.7237785,9.7691345
16.08,2.2912414,13.099692,0.016485592,0.71984005,9.771245
16.09,2.2939658,13.122648,0.01635381,0.71591353,9.773348
16.1,2.2966924,13.145636,0.01622372,0.7120059,9.775441
16.11,2.2994208,13.168655,0.016094591,0.7081164,9.777526
16.12,2.3021507,13.191695,0.01596694,0.7042432,9.779598
16.13,2.3048828,13.214763,0.015839923,0.7003858,9.781664
16.14,2.3076162,13.237854,0.015714148,0.6965441,9.783719
16.15,2.3103528,13.260978,0.015589569,0.69272196,9.785763
16.16,2.3130925,13.284131,0.015465943,0.68891287,9.787802
16.17,2.3158312,13.307308,0.015343623,0.68512547,9.789825
16.18,2.3185735,13.330509,0.01522215,0.6813503,9.791843
16.19,2.3213167,13.35374,0.015101675,0.677593,9.79385
16.2,2.324062,13.376989,0.014982277,0.67385155,9.795847
16.21,2.3268094,13.400274,0.014864048,0.6701283,9.797837
16.22,2.3295593,13.423583,0.014746963,0.66641873,9.799816
16.23,2.3323107,13.446921,0.014630666,0.6627265,9.801786
16.24,2.3350642,13.470289,0.014515511,0.659052,9.803747
16.25,2.3378193,13.493678,0.014401419,0.65539294,9.805697
16.26,2.3405766,13.517099,0.014288216,0.65174747,9.807639
16.27,2.3433359,13.540544,0.014175805,0.6481227,9.809575
16.28,2.3460975,13.564016,0.014064707,0.6445119,9.811498
16.29,2.3488598,13.587512,0.013954375,0.6409155,9.813414
16.3,2.3516238,13.61104,0.013845383,0.6373401,9.815319
16.31,2.3543909,13.634587,0.013736959,0.6337737,9.817218
16.32,2.3571596,13.658166,0.013629541,0.63022864,9.819102
16.33,2.3599308,13.681777,0.0135233095,0.626699,9.820983
16.34,2.3627028,13.705408,0.013417894,0.623184,9.822852
16.35,2.3654783,13.729072,0.01331341,0.6196837,9.824713
16.36,2.3682542,13.752753,0.0132099055,0.61619806,9.826566
16.37,2.3710327,13.77647,0.013107481,0.61273235,9.828409
16.38,2.3738124,13.800208,0.013005521,0.60928106,9.830241
16.39,2.3765943,13.8239765,0.01290481,0.6058422,9.832064
16.4,2.3793788,13.847768,0.012804891,0.6024224,9.833884
16.41,2.3821642,13.871595,0.012705979,0.5990211,9.835691
16.42,2.3849535,13.89544,0.012607829,0.5956298,9.837487
16.43,2.3877425,13.919317,0.012510354,0.5922576,9.839282
16.44,2.3905349,13.943217,0.012414134,0.58889854,9.8410635
16.45,2.393329,13.967149,0.012318502,0.58555555,9.842834
16.46,2.3961246,13.991105,0.012224276,0.58222866,9.8446
16.47,2.398922,14.015088,0.012129845,0.57891417,9.846354
16.48,2.401721,14.039094,0.012037173,0.57561773,9.848101
16.49,2.4045227,14.063141,0.011945067,0.57233596,9.849839
16.5,2.4073267,14.087206,0.011853832,0.56907135,9.851571
16.51,2.4101322,14.111293,0.011763154,0.56581914,9.85329
16.52,2.4129388,14.135407,0.011673596,0.56258166,9.855004
16.53,2.415749,14.159561,0.011584867,0.5593613,9.856706
16.54,2.41856,14.183734,0.011497016,0.55615604,9.858403
16.55,2.421373,14.207931,0.011409689,0.5529656,9.86009
16.56,2.424188,14.232156,0.011323201,0.5497888,9.861767
16.57,2.4270058,14.256416,0.011237527,0.5466285,9.863439
16.58,2.4298236,14.280691,0.011152778,0.5434814,9.865101
16.59,2.4326453,14.305,0.011068682,0.5403503,9.866757
16.6,2.4354687,14.329335,0.010985173,0.53723663,9.8684025
16.61,2.438293,14.353696,0.010902508,0.53413224,9.870038
16.62,2.4411201,14.37809,0.010820771,0.5310479,9.87167
16.63,2.4439487,14.402498,0.0107397055,0.52797586,9.873294
16.64,2.4467788,14.426936,0.01065926,0.52491647,9.874902
16.65,2.4496114,14.4514065,0.010579573,0.5218712,9.876511
16.66,2.4524465,14.47591,0.010500737,0.51884466,9.878105
16.67,2.455283,14.500431,0.010422621,0.51583016,9.879695
16.68,2.4581223,14.524983,0.010345215,0.5128318,9.881273
16.69,2.4609623,14.5495615,0.010268373,0.50984645,9.882845
16.7,2.4638052,14.574173,0.010191986,0.506874,9.884414
16.71,2.4666483,14.598801,0.010116775,0.50391704,9.885967
16.72,2.4694946,14.623456,0.010042236,0.5009763,9.887516
16.73,2.472344,14.648147,0.009968377,0.49805114,9.889058
16.74,2.4751935,14.672863,0.009894894,0.49513996,9.890587
16.75,2.4780462,14.697608,0.009822026,0.49223796,9.892116
16.76,2.4809003,14.722374,0.009750362,0.48935407,9.893632
16.77,2.4837565,14.747167,0.009678836,0.48648104,9.8951435
16.78,2.4866147,14.771992,0.009608018,0.48362496,9.896642
16.79,2.4894745,14.7968445,0.009538196,0.48078242,9.898136
16.8,2.4923358,14.82172,0.0094689755,0.47795573,9.899625
16.81,2.4951997,14.846619,0.009399937,0.47513857,9.901101
16.82,2.4980655,14.871551,0.009331639,0.4723394,9.902572
16.83,2.5009332,14.896513,0.009264222,0.46955147,9.904036
16.84,2.5038033,14.921501,0.009197487,0.46678168,9.905495
16.85,2.5066755,14.946514,0.00913128,0.4640233,9.906938
16.86,2.5095491,14.971555,0.009065185,0.46127552,9.908381
16.87,2.512425,14.996622,0.009000312,0.4585435,9.909815
16.88,2.5153012,15.021717,0.008935681,0.45582408,9.911236
16.89,2.5181818,15.04684,0.008871864,0.4531194,9.912656
16.9,2.5210636,15.071989,0.008808339,0.45043075,9.914066
16.91,2.5239463,15.097167,0.008745937,0.44775257,9.91547
16.92,2.526832,15.12237,0.008683308,0.44508678,9.9168625
16.93,2.5297196,15.147604,0.008621977,0.44243854,9.918253
16.94,2.5326087,15.172869,0.008560915,0.4398015,9.919633
16.95,2.5355015,15.198156,0.008500525,0.4371773,9.921006
16.96,2.5383937,15.22346,0.008440287,0.43456584,9.922373
16.97,2.5412889,15.248802,0.008380918,0.43196976,9.92373
16.98,2.5441859,15.274173,0.008322233,0.42938787,9.92508
16.99,2.5470853,15.29957,0.008263632,0.42681822,9.926425
17.0,2.5499868,15.324994,0.00820582,0.4242593,9.927764
17.01,2.5528893,15.350444,0.008148522,0.42171466,9.929094
17.02,2.5557952,15.375927,0.008091697,0.41918406,9.930417
17.03,2.5587027,15.401429,0.008035301,0.41666666,9.931732
17.04,2.5616107,15.426961,0.007979728,0.41415974,9.93304
17.05,2.5645227,15.452523,0.007924514,0.411669,9.934341
17.06,2.5674357,15.478107,0.007869736,0.4091898,9.935636
17.07,2.5703506,15.503732,0.007815455,0.40672514,9.936922
17.08,2.573268,15.529367,0.007761516,0.40427104,9.9382
17.09,2.576186,15.555041,0.0077081877,0.40183052,9.939477
17.1,2.5791073,15.580741,0.007655509,0.3994021,9.940746
17.11,2.5820315,15.606467,0.0076032383,0.3969897,9.942005
17.12,2.584956,15.63222,0.0075511034,0.39458552,9.943259
17.13,2.5878816,15.658,0.007499993,0.39219815,9.944504
17.14,2.59081,15.683809,0.0074487533,0.38982096,9.94574
17.15,2.5937417,15.709653,0.007398426,0.3874573,9.946973
17.16,2.5966744,15.735512,0.0073480997,0.385106,9.948201
17.17,2.5996096,15.761408,0.007298583,0.3827661,9.949418
17.18,2.6025462,15.787325,0.0072491746,0.3804345,9.95063
17.19,2.605485,15.813271,0.007200327,0.37812117,9.951837
17.2,2.608427,15.839254,0.007152237,0.37582067,9.9530325
17.21,2.6113682,15.865248,0.007104571,0.37353227,9.954227
17.22,2.6143136,15.89128,0.007056915,0.37125582,9.95541
17.23,2.6172602,15.917344,0.0070098434,0.3689893,9.956589
17.24,2.620209,15.943425,0.0069634393,0.36673486,9.957762
17.25,2.6231596,15.969542,0.0069169803,0.36449668,9.958931
17.26,2.626113,15.995685,0.006871138,0.3622679,9.960089
17.27,2.6290667,16.021858,0.006825757,0.36005104,9.961243
17.28,2.632024,16.048054,0.00678082,0.3578483,9.962388
17.29,2.6349828,16.07428,0.006735915,0.35565323,9.963526
17.3,2.637943,16.100538,0.006691765,0.3534729,9.964661
17.31,2.6409056,16.126812,0.006647785,0.3513029,9.965784
17.32,2.643871,16.153128,0.0066042314,0.34914914,9.966906
17.33,2.646837,16.179464,0.006561243,0.34700492,9.9680195
17.34,2.649805,16.205828,0.0065183225,0.3448697,9.969125
17.35,2.6527765,16.232227,0.006475956,0.3427482,9.970228
17.36,2.6557493,16.25865,0.006433911,0.34063986,9.971325
17.37,2.6587248,16.285097,0.0063920137,0.33853942,9.972411
17.38,2.6617,16.311571,0.0063508777,0.33645713,9.973497
17.39,2.664679,16.338083,0.0063098646,0.3343814,9.974571
17.4,2.6676598,16.36462,0.0062693907,0.3323177,9.975642
17.41,2.670642,16.39118,0.0062289583,0.3302657,9.976705
17.42,2.6736267,16.41777,0.006188943,0.32822397,9.977762
17.43,2.6766136,16.44439,0.0061493157,0.32619688,9.978816
17.44,2.6796033,16.471037,0.0061098468,0.3241795,9.979862
17.45,2.6825926,16.497713,0.0060709813,0.32217196,9.980899
17.46,2.6855853,16.524416,0.0060325693,0.32018065,9.981934
17.47,2.6885812,16.551147,0.005994025,0.31819504,9.982961
17.48,2.691577,16.57791,0.005955862,0.3162206,9.983986
17.49,2.6945765,16.604702,0.0059182877,0.31426197,9.985
17.5,2.697577,16.631517,0.0058807954,0.31231475,9.98601
17.51,2.7005792,16.658367,0.0058437064,0.31037426,9.987013
17.52,2.7035847,16.685244,0.005807032,0.30844876,9.988014
17.53,2.7065923,16.712145,0.0057705087,0.30653128,9.989003
17.54,2.7096004,16.739079,0.0057342784,0.30462444,9.989989
17.55,2.7126112,16.766033,0.005698314,0.30273074,9.99097
17.56,2.7156246,16.79303,0.0056629335,0.30084753,9.99194
17.57,2.7186399,16.820044,0.0056275586,0.29897293,9.992915
17.58,2.7216558,16.847094,0.005592164,0.29711184,9.993876
17.59,2.724676,16.874166,0.00555767,0.2952618,9.994834
17.6,2.727697,16.901274,0.0055229366,0.29342207,9.995786
17.61,2.7307193,16.928406,0.005488931,0.29159003,9.996733
17.62,2.7337449,16.955564,0.0054547093,0.28976998,9.997674
17.63,2.7367718,16.982754,0.0054210667,0.28796425,9.99861
17.64,2.739801,17.00998,0.0053877635,0.28616828,9.9995365
17.65,2.7428317,17.037224,0.005354495,0.28438,10.000456
17.66,2.7458658,17.064505,0.0053215614,0.2826022,10.001377
17.67,2.748901,17.091808,0.0052888747,0.28083634,10.00229
17.68,2.751938,17.119143,0.0052565862,0.27907953,10.003193
17.69,2.7549782,17.146515,0.005224454,0.27733612,10.004096
17.7,2.758019,17.173906,0.0051926365,0.2756008,10.004994
17.71,2.7610621,17.201313,0.005160692,0.27387658,10.005883
17.72,2.7641087,17.22878,0.005129243,0.2721617,10.00677
17.73,2.767156,17.256264,0.005097965,0.27045807,10.007648
17.74,2.770206,17.283768,0.0050668716,0.2687613,10.008522
17.75,2.7732577,17.311308,0.005036228,0.26707935,10.009391
17.76,2.7763112,17.33888,0.00500587,0.26540467,10.010259
17.77,2.7793667,17.36648,0.004975339,0.26374042,10.011117
17.78,2.7824237,17.394104,0.004945602,0.26208693,10.011965
17.79,2.7854848,17.421764,0.004915841,0.26044542,10.012816
17.8,2.7885466,17.449442,0.0048862915,0.2588094,10.0136595
17.81,2.791611,17.47716,0.004856487,0.25718445,10.014497
17.82,2.7946775,17.50491,0.004827145,0.25557065,10.015325
17.83,2.7977452,17.532686,0.0047982987,0.2539673,10.016152
17.84,2.8008163,17.560492,0.0047695376,0.25237122,10.016975
17.85,2.8038883,17.588327,0.0047410866,0.25079003,10.017791
17.86,2.8069644,17.616192,0.0047126147,0.24921408,10.018602
17.87,2.81004,17.644087,0.0046843966,0.24764833,10.019411
17.88,2.8131175,17.672005,0.00465643,0.24609348,10.020214
17.89,2.816199,17.699965,0.0046287808,0.24454811,10.021008
17.9,2.8192813,17.727943,0.0046010865,0.24300763,10.0218
17.91,2.8223674,17.755959,0.0045736963,0.24148253,10.022586
17.92,2.8254547,17.784,0.004546433,0.23996484,10.023366
17.93,2.8285425,17.812077,0.004519392,0.23845553,10.024143
17.94,2.8316345,17.840187,0.0044927136,0.23695779,10.024919
17.95,2.8347278,17.868315,0.004466147,0.2354685,10.025682
17.96,2.8378224,17.896473,0.004439539,0.23398533,10.026445
17.97,2.8409204,17.924679,0.0044136737,0.23252016,10.027202
17.98,2.8440204,17.952892,0.004387057,0.231053,10.027952
17.99,2.8471222,17.981146,0.0043612295,0.22960168,10.028702
18.0,2.850227,18.009436,0.0043354905,0.22815901,10.029445
18.01,2.853333,18.037754,0.004309989,0.22672349,10.030181
18.02,2.856441,18.066097,0.0042847004,0.22529992,10.030913
18.03,2.8595507,18.094473,0.0042592804,0.22388351,10.031643
18.04,2.8626626,18.122877,0.0042341026,0.22247359,10.032367
18.05,2.8657775,18.151323,0.004209335,0.221075,10.033085
18.06,2.868894,18.179787,0.004184563,0.21968669,10.033798
18.07,2.8720126,18.208286,0.0041599716,0.21830651,10.03451
18.08,2.8751345,18.236818,0.00413575,0.21693641,10.035214
18.09,2.8782573,18.265375,0.0041115046,0.21557122,10.035914
18.1,2.8813825,18.293966,0.0040874346,0.21421662,10.036612
18.11,2.884509,18.322594,0.004063347,0.21287155,10.037301
18.12,2.8876405,18.351244,0.0040395674,0.21153498,10.037988
18.13,2.8907704,18.379923,0.004015834,0.21020567,10.038673
18.14,2.8939047,18.40864,0.0039923238,0.20888495,10.039348
18.15,2.8970406,18.437391,0.003969254,0.20757589,10.040021
18.16,2.9001787,18.46617,0.0039461283,0.2062737,10.040688
18.17,2.9033186,18.49498,0.003922874,0.20497897,10.041354
18.18,2.9064615,18.523825,0.0039000413,0.20369318,10.042014
18.19,2.9096062,18.552689,0.0038771732,0.20241335,10.042671
18.2,2.9127529,18.581589,0.0038546738,0.20114508,10.04332
18.21,2.9159012,18.610521,0.0038323011,0.1998837,10.043964
18.22,2.9190526,18.639488,0.0038099154,0.19863132,10.044613
18.23,2.9222052,18.668484,0.003787727,0.19738504,10.045248
18.24,2.9253614,18.697515,0.0037658103,0.19614989,10.045883
18.25,2.9285192,18.726576,0.0037436802,0.19492158,10.046513
18.26,2.9316783,18.75567,0.0037220772,0.19370058,10.047135
18.27,2.9348414,18.784801,0.0037005385,0.19249001,10.047758
18.28,2.9380064,18.813953,0.0036789011,0.19128346,10.048374
18.29,2.9411728,18.843143,0.003657774,0.19008845,10.0489855
18.3,2.9443402,18.872356,0.0036363765,0.18890157,10.049596
18.31,2.947511,18.901604,0.0036152648,0.18772,10.050203
18.32,2.9506843,18.930897,0.0035942197,0.18654716,10.0508
18.33,2.9538608,18.960209,0.0035734335,0.18538317,10.051398
18.34,2.9570372,18.989561,0.003552855,0.18422559,10.051989
18.35,2.9602175,19.018936,0.0035324432,0.18307576,10.052578
18.36,2.963399,19.04836,0.0035119904,0.18193519,10.0531645
18.37,2.9665833,19.077793,0.0034916555,0.18079877,10.053743
18.38,2.9697697,19.107271,0.0034715123,0.17967406,10.054317
18.39,2.9729576,19.136782,0.003451306,0.17855605,10.054892
18.4,2.976149,19.166325,0.0034315302,0.17744344,10.055459
18.41,2.9793417,19.195906,0.003411673,0.17634171,10.0560255
18.42,2.9825377,19.225521,0.0033919807,0.17524359,10.056585
18.43,2.9857347,19.25516,0.0033725686,0.17415544,10.05714
18.44,2.9889348,19.28483,0.0033531822,0.1730718,10.0576935
18.45,2.9921367,19.31453,0.003333976,0.17199844,10.058241
18.46,2.995341,19.344269,0.0033144671,0.17092949,10.058786
18.47,2.9985483,19.374044,0.0032956125,0.16987473,10.059332
18.48,3.0017564,19.403854,0.0032766797,0.16882093,10.059867
18.49,3.0049677,19.433687,0.003257886,0.16777351,10.060398
18.5,3.008181,19.463556,0.0032388787,0.16673332,10.060929
18.51,3.0113966,19.493464,0.0032204692,0.16570327,10.061455
18.52,3.014614,19.523409,0.0032021822,0.16467783,10.061978
18.53,3.0178354,19.55338,0.0031838794,0.16365995,10.062498
18.54,3.0210583,19.583382,0.0031656409,0.1626524,10.06301
18.55,3.0242817,19.613417,0.0031474484,0.161648,10.063524
18.56,3.02751,19.643492,0.0031296248,0.1606538,10.064031
18.57,3.0307393,19.673595,0.0031116554,0.15966243,10.064536
18.58,3.0339706,19.70374,0.0030941092,0.15867782,10.065036
18.59,3.0372045,19.73391,0.0030762823,0.15770262,10.065533
18.6,3.0404398,19.764118,0.0030590305,0.156735,10.066024
18.61,3.0436802,19.794365,0.0030415244,0.15576994,10.066516
18.62,3.04692,19.824633,0.0030242386,0.15481463,10.067004
18.63,3.0501623,19.854942,0.003007093,0.15386574,10.067486
18.64,3.0534081,19.885283,0.002990195,0.152925,10.0679655
18.65,3.0566578,19.915653,0.0029731975,0.15198663,10.068438
18.66,3.059907,19.946068,0.0029564314,0.15105769,10.068912
18.67,3.06316,19.976519,0.0029398482,0.15013191,10.069382
18.68,3.0664144,20.006994,0.0029233485,0.14921615,10.069844
18.69,3.0696712,20.037506,0.002906634,0.14830256,10.07031
18.7,3.0729318,20.068066,0.002890715,0.14740242,10.070769
18.71,3.0761929,20.098644,0.002874216,0.14650379,10.071226
18.72,3.0794568,20.129261,0.0028582495,0.14560896,10.071675
18.73,3.0827227,20.159918,0.0028423807,0.14472508,10.0721245
18.74,3.0859916,20.190605,0.0028265514,0.14384781,10.072567
18.75,3.0892637,20.221327,0.0028106333,0.14297576,10.073013
18.76,3.0925362,20.252083,0.0027953284,0.1421043,10.073453
18.77,3.095812,20.282867,0.002779644,0.14124459,10.073889
18.78,3.0990913,20.313705,0.002764348,0.14038947,10.074323
18.79,3.102371,20.344566,0.0027491553,0.13954103,10.07475
18.8,3.1056538,20.375452,0.0027338369,0.13869557,10.075177
18.81,3.10894,20.40639,0.0027187523,0.13786109,10.075601
18.82,3.1122286,20.437355,0.0027038679,0.13702527,10.076019
18.83,3.1155171,20.468359,0.0026892703,0.13620114,10.076437
18.84,3.1188097,20.499393,0.0026746104,0.13538107,10.076852
18.85,3.1221054,20.530466,0.0026602037,0.13456804,10.077263
18.86,3.1254032,20.561583,0.002645729,0.13376,10.07767
18.87,3.1287026,20.592726,0.0026315479,0.13295606,10.078075
18.88,3.1320035,20.623894,0.0026171915,0.1321582,10.078473
18.89,3.1353092,20.655119,0.0026031835,0.13136527,10.078874
18.9,3.1386158,20.686377,0.0025893748,0.13058227,10.079269
18.91,3.1419253,20.717653,0.0025753416,0.12980026,10.079661
18.92,3.1452372,20.748972,0.002561872,0.12902632,10.080053
18.93,3.1485515,20.780327,0.0025484292,0.12825677,10.0804405
18.94,3.1518688,20.811731,0.0025349604,0.12749177,10.080821
18.95,3.1551878,20.843157,0.0025216602,0.12673268,10.081205
18.96,3.1585078,20.874628,0.002508441,0.12597892,10.081582
18.97,3.161832,20.906126,0.0024953969,0.1252299,10.081956
18.98,3.1651578,20.937672,0.0024822997,0.12448848,10.082329
18.99,3.168487,20.969252,0.0024696505,0.12375133,10.082703
19.0,3.1718187,21.000856,0.0024570897,0.12301748,10.083064
19.01,3.1751523,21.032509,0.0024446677,0.12228992,10.083431
19.02,3.1784887,21.06419,0.002431835,0.12156678,10.083793
19.03,3.1818256,21.095919,0.0024198443,0.120848715,10.08415
19.04,3.1851668,21.127686,0.0024076588,0.12013964,10.084506
19.05,3.18851,21.159454,0.0023955032,0.11943014,10.084861
19.06,3.191856,21.191296,0.002383465,0.11872473,10.085209
19.07,3.195205,21.223167,0.0023717657,0.11802898,10.085558
19.08,3.1985555,21.255074,0.0023602424,0.11733817,10.085901
19.09,3.2019074,21.287008,0.0023483979,0.116645984,10.086246
19.1,3.2052634,21.318989,0.0023371847,0.11596566,10.086588
19.11,3.2086227,21.351007,0.0023260806,0.11528844,10.086922
19.12,3.2119825,21.383055,0.0023146505,0.11461425,10.087255
19.13,3.2153454,21.415136,0.0023039458,0.11394304,10.087589
19.14,3.2187107,21.44727,0.002293053,0.11327962,10.08792
19.15,3.222079,21.479433,0.0022823093,0.11262075,10.088247
19.16,3.2254486,21.511635,0.0022715004,0.11196331,10.08857
19.17,3.2288225,21.54387,0.0022609988,0.11131499,10.08889
19.18,3.2321978,21.576149,0.00225084,0.110669896,10.089213
19.19,3.235576,21.608465,0.002240304,0.11002703,10.089531
19.2,3.2389565,21.640818,0.0022304934,0.109390244,10.089844
19.21,3.2423377,21.67319,0.0022206083,0.10875952,10.090157
19.22,3.2457244,21.705622,0.0022107083,0.10812956,10.090465
19.23,3.249111,21.738083,0.002201045,0.10750337,10.090774
19.24,3.2525012,21.770586,0.0021914653,0.10688661,10.091078
19.25,3.255894,21.80311,0.002182099,0.1062689,10.091382
19.26,3.2592893,21.835701,0.0021728203,0.105658725,10.091682
19.27,3.262688,21.868315,0.002163847,0.10505222,10.09198
19.28,3.2660873,21.900965,0.002154814,0.104446836,10.092275
19.29,3.26949,21.93365,0.0021459535,0.10385014,10.09257
19.3,3.2728949,21.96637,0.0021371413,0.10325445,10.092859
19.31,3.2763033,21.99914,0.002128615,0.10266209,10.09315
19.32,3.2797124,22.031933,0.0021201419,0.10207777,10.093437
19.33,3.2831264,22.064772,0.0021120273,0.10149391,10.093718
19.34,3.286541,22.097658,0.0021039927,0.100915916,10.094002
19.35,3.2899597,22.130573,0.0020958912,0.100339964,10.094283
19.36,3.2933784,22.163525,0.002088055,0.09976696,10.094559
19.37,3.2968013,22.196512,0.0020801704,0.09919998,10.094838
19.38,3.3002279,22.229544,0.002072814,0.09863652,10.095107
19.39,3.3036544,22.262602,0.0020649908,0.09807733,10.095378
19.4,3.3070838,22.29571,0.00205772,0.097521126,10.095652
19.41,3.3105173,22.328863,0.0020506652,0.096969835,10.095917
19.42,3.3139508,22.362043,0.0020435182,0.09642184,10.096181
19.43,3.3173885,22.395258,0.0020368593,0.09587647,10.096444
19.44,3.3208284,22.428516,0.002030057,0.095336415,10.0967045
19.45,3.3242714,22.461824,0.0020235777,0.09479775,10.096964
19.46,3.3277159,22.495152,0.0020170724,0.09426369,10.097222
19.47,3.331165,22.528522,0.002010841,0.09373425,10.097475
19.48,3.3346136,22.561934,0.0020043775,0.0932059,10.097728
19.49,3.3380678,22.595387,0.0019984823,0.09268357,10.097982
19.5,3.3415213,22.628868,0.0019924631,0.09216058,10.098229
19.51,3.3449795,22.662392,0.0019865325,0.09164192,10.098477
19.52,3.3484387,22.69597,0.001981195,0.09113184,10.0987215
19.53,3.3519018,22.729568,0.0019757748,0.09062135,10.098967
19.54,3.3553674,22.763214,0.0019702958,0.09011409,10.099206
19.55,3.358834,22.796879,0.0019650375,0.0896083,10.099444
19.56,3.3623033,22.830599,0.0019602068,0.08910917,10.099684
19.57,3.3657758,22.864363,0.0019552829,0.08861311,10.099919
19.58,3.369251,22.89815,0.0019505052,0.088117346,10.100154
19.59,3.3727276,22.931978,0.0019460069,0.087630354,10.100389
19.6,3.3762076,22.96585,0.001941544,0.08713852,10.1006155
19.61,3.3796902,22.999767,0.001937231,0.08665625,10.100845
19.62,3.3831754,23.03371,0.0019329684,0.08617396,10.10107
19.63,3.386661,23.067684,0.0019292543,0.085694306,10.101296
19.64,3.3901515,23.101713,0.0019252542,0.0852191,10.10152
19.65,3.393643,23.135778,0.0019214265,0.0847477,10.101738
19.66,3.3971372,23.16988,0.0019177301,0.08427948,10.101963
19.67,3.4006348,23.20402,0.0019142078,0.08381023,10.1021805
19.68,3.404133,23.238192,0.0019108076,0.08334643,10.102396
19.69,3.4076362,23.272415,0.0019077612,0.08288628,10.102612
19.7,3.41114,23.306658,0.001904685,0.08242723,10.102822
19.71,3.414647,23.340944,0.0019018091,0.08197163,10.103032
19.72,3.418155,23.375275,0.0018988848,0.081520185,10.103246
19.73,3.4216664,23.40964,0.0018962873,0.08107067,10.103452
19.74,3.4251807,23.44405,0.001893851,0.080623925,10.1036625
19.75,3.428698,23.478493,0.0018915767,0.080180936,10.103864
19.76,3.4322152,23.512966,0.0018889727,0.079734996,10.104067
19.77,3.4357364,23.5475,0.0018869415,0.07929684,10.104269
19.78,3.4392602,23.582052,0.0018851776,0.07886276,10.104468
19.79,3.4427853,23.616648,0.0018833308,0.07842623,10.104668
19.8,3.4463139,23.651268,0.0018815435,0.077996865,10.104868
19.81,3.4498463,23.685944,0.001879992,0.07756694,10.105061
19.82,3.4533777,23.720652,0.0018784786,0.07714254,10.105256
19.83,3.4569137,23.755396,0.0018772203,0.07671791,10.105447
19.84,3.4604506,23.790178,0.0018760329,0.0762969,10.105639
19.85,3.4639904,23.825,0.0018750206,0.07587845,10.105829
19.86,3.4675336,23.859865,0.0018739682,0.075462,10.106018
19.87,3.471077,23.894756,0.0018732343,0.0750478,10.106203
19.88,3.4746244,23.929693,0.001872683,0.07463676,10.106389
19.89,3.4781735,23.96466,0.0018720133,0.074228875,10.106571
19.9,3.4817247,23.999672,0.0018714219,0.07381974,10.106759
19.91,3.48528,24.034714,0.0018710578,0.0734151,10.106936
19.92,3.4888358,24.069796,0.0018708799,0.073015496,10.107119
19.93,3.4923954,24.104916,0.0018708073,0.07261437,10.107294
19.94,3.4959557,24.14007,0.0018710317,0.07221879,10.1074705
19.95,3.4995172,24.175259,0.0018709768,0.0718232,10.107646
19.96,3.5030823,24.210482,0.0018710904,0.07142623,10.107822
19.97,3.50665,24.245749,0.0018714219,0.071037024,10.107994
19.98,3.5102208,24.281055,0.0018720292,0.070648424,10.108164
19.99,3.5137913,24.316385,0.0018726811,0.07026109,10.108338
20.0,3.5173674,24.351776,0.0018733209,0.06987525,10.108504
20.01,3.5209432,24.387175,0.0018740846,0.06949349,10.108674
20.02,3.5245214,24.422632,0.0018748632,0.06911441,10.108839
20.03,3.5281014,24.458109,0.001876086,0.068736464,10.109003
20.04,3.531685,24.49364,0.0018770611,0.06836092,10.109171
20.05,3.5352695,24.529182,0.0018782308,0.06798327,10.109334
20.06,3.5388577,24.56478,0.0018793205,0.067612335,10.109494
20.07,3.5424464,24.600403,0.0018809075,0.06724261,10.109653
20.08,3.546038,24.636068,0.0018822867,0.06687433,10.109813
20.09,3.5496328,24.671772,0.00188387,0.0665108,10.109968
20.1,3.553228,24.707502,0.001885415,0.0661437,10.110125
20.11,3.5568254,24.743269,0.0018871222,0.06578193,10.110279
20.12,3.5604258,24.779078,0.0018888386,0.06542358,10.1104355
20.13,3.5640264,24.814909,0.00189084,0.06506011,10.110592
20.14,3.567632,24.850796,0.0018927278,0.06470487,10.11074
20.15,3.5712368,24.88669,0.0018949332,0.0643495,10.110892
20.16,3.574845,24.922632,0.0018969076,0.0639988,10.11104
20.17,3.578455,24.958614,0.0018989639,0.06364556,10.111188
20.18,3.5820684,24.994629,0.0019012988,0.0632993,10.111334
20.19,3.5856817,25.03068,0.0019037211,0.06295001,10.111482
20.2,3.5892982,25.066755,0.0019060122,0.06260535,10.111625
20.21,3.592916,25.102858,0.0019085007,0.062258437,10.11177
20.22,3.5965347,25.139004,0.0019108914,0.061919067,10.111914
20.23,3.6001575,25.17519,0.0019132039,0.061576616,10.112053
20.24,3.6037822,25.211407,0.0019159522,0.06123942,10.112191
20.25,3.6074069,25.247654,0.0019187052,0.060901154,10.112335
20.26,3.6110344,25.283928,0.0019214619,0.06056535,10.112472
20.27,3.6146626,25.320244,0.0019238405,0.060234997,10.11261
20.28,3.6182952,25.356592,0.001926804,0.05990185,10.112745
20.29,3.6219282,25.392971,0.0019295616,0.059572443,10.11288
20.3,3.6255639,25.429361,0.0019324124,0.059244916,10.113014
20.31,3.629199,25.465816,0.0019353377,0.05891692,10.113146
20.32,3.6328394,25.50229,0.0019380422,0.05859276,10.113278
20.33,3.6364782,25.538807,0.0019409619,0.05827,10.11341
20.34,3.6401203,25.575346,0.0019439477,0.05794547,10.11354
20.35,3.6437645,25.61192,0.0019469708,0.057627425,10.113667
20.36,3.6474092,25.648508,0.0019498272,0.057307374,10.113795
20.37,3.6510563,25.685144,0.0019528512,0.056993116,10.113925
20.38,3.654704,25.72179,0.0019556275,0.05667482,10.114047
20.39,3.6583538,25.758486,0.0019586906,0.05636049,10.11417
20.4,3.6620073,25.795216,0.001961724,0.05605272,10.114295
20.41,3.6656597,25.831972,0.0019646818,0.055741385,10.114417
20.42,3.6693153,25.868755,0.001967553,0.05543301,10.114538
20.43,3.6729734,25.90557,0.001970416,0.0551249,10.11466
20.44,3.6766312,25.942406,0.0019733505,0.054818947,10.114779
20.45,3.68029,25.979279,0.0019763103,0.05451417,10.114898
20.46,3.6839504,26.01617,0.0019791434,0.05421175,10.115016
20.47,3.6876144,26.053106,0.001981981,0.053911507,10.115133
20.48,3.6912785,26.090065,0.0019849204,0.05361237,10.115249
20.49,3.694944,26.127048,0.0019875467,0.053312685,10.11536
20.5,3.6986113,26.164072,0.0019903611,0.053016793,10.115474
20.51,3.70228,26.201117,0.0019931188,0.05272513,10.11559
20.52,3.7059493,26.23818,0.001995583,0.052432343,10.1157
20.53,3.7096188,26.275278,0.0019981302,0.052139334,10.115811
20.54,3.7132928,26.312408,0.0020009615,0.051851068,10.115923
20.55,3.7169669,26.349543,0.00200311,0.051561523,10.116032
20.56,3.7206407,26.38672,0.0020056088,0.051274724,10.1161375
20.57,3.7243164,26.423946,0.0020077415,0.05098793,10.116242
20.58,3.727995,26.461166,0.0020102113,0.050703287,10.116352
20.59,3.7316744,26.498423,0.0020123627,0.050423305,10.116456
20.6,3.7353535,26.535704,0.0020143343,0.050141804,10.11656
20.61,3.7390347,26.573017,0.0020163776,0.049860287,10.116663
20.62,3.7427187,26.610346,0.002018257,0.049586073,10.116765
20.63,3.7463994,26.647694,0.0020200182,0.049306583,10.116866
20.64,3.7500832,26.685076,0.0020217616,0.04903321,10.116966
20.65,3.7537694,26.722485,0.0020231958,0.048757914,10.117062
20.66,3.7574558,26.759912,0.002024605,0.048487484,10.117166
20.67,3.7611434,26.797363,0.0020259386,0.04821893,10.117263
20.68,3.7648318,26.834843,0.0020272713,0.04795234,10.117357
20.69,3.7685213,26.87234,0.0020280723,0.047681484,10.117452
20.7,3.772212,26.909859,0.0020293007,0.047416218,10.117546
20.71,3.7759023,26.947395,0.0020299247,0.0471523,10.117638
20.72,3.7795944,26.98498,0.0020308066,0.046892658,10.11773
20.73,3.7832873,27.022564,0.0020311903,0.04662939,10.117822
20.74,3.786981,27.060171,0.0020313011,0.04637066,10.117914
20.75,3.7906759,27.097792,0.0020317612,0.046112802,10.118001
20.76,3.794371,27.135462,0.0020318106,0.045857813,10.118094
20.77,3.7980657,27.173122,0.002031534,0.04560131,10.118181
20.78,3.8017642,27.210827,0.0020313775,0.045350425,10.118265
20.79,3.8054616,27.248533,0.0020307861,0.045099128,10.118351
20.8,3.8091583,27.286266,0.0020300113,0.044848487,10.118439
20.81,3.8128564,27.324018,0.002029214,0.044601426,10.118523
20.82,3.8165562,27.361776,0.0020281086,0.04435518,10.118606
20.83,3.8202558,27.399574,0.0020269863,0.044108447,10.118685
20.84,3.8239572,27.437378,0.0020254105,0.043866184,10.118768
20.85,3.827657,27.475208,0.0020237947,0.043625977,10.118847
20.86,3.8313577,27.513054,0.0020218743,0.043385446,10.118925
20.87,3.835059,27.55091,0.002019587,0.04314491,10.119003
20.88,3.8387613,27.588768,0.0020174086,0.04290934,10.11908
20.89,3.8424625,27.626677,0.0020148112,0.042673737,10.119159
20.9,3.846167,27.664595,0.002011992,0.042440616,10.11923
20.91,3.8498683,27.702517,0.0020085936,0.042208448,10.119306
20.92,3.853573,27.740465,0.002005443,0.041980468,10.119379
20.93,3.8572764,27.77841,0.0020015854,0.041749887,10.119451
20.94,3.8609798,27.816391,0.0019980446,0.04152285,10.119522
20.95,3.864684,27.854368,0.001993645,0.04129773,10.119595
20.96,3.8683867,27.892368,0.0019892203,0.041075,10.119666
20.97,3.8720899,27.930376,0.0019845814,0.04085312,10.119731
20.98,3.8757954,27.968403,0.001979649,0.040633395,10.119797
20.99,3.8794997,28.00645,0.0019745333,0.040418014,10.1198635
21.0,3.8832045,28.0445,0.0019684574,0.040200304,10.119929
21.01,3.8869078,28.08257,0.0019628005,0.039985493,10.119991
21.02,3.8906116,28.120644,0.0019568559,0.039775115,10.120056
21.03,3.894317,28.158735,0.0019500013,0.03956219,10.120118
21.04,3.8980203,28.19683,0.0019432632,0.03935293,10.120179
21.05,3.9017234,28.234943,0.001936161,0.039145343,10.12024
21.06,3.905427,28.273064,0.0019286238,0.03894019,10.120299
21.07,3.9091318,28.311182,0.001920905,0.03873743,10.120357
21.08,3.9128344,28.34933,0.0019125901,0.038535208,10.120412
21.09,3.9165366,28.387486,0.0019044168,0.038336918,10.120466
21.1,3.9202397,28.42566,0.0018953104,0.038138054,10.120523
21.11,3.9239438,28.463827,0.0018861704,0.037941433,10.120579
21.12,3.9276443,28.501987,0.0018763477,0.037746787,10.12063
21.13,3.9313447,28.540178,0.0018663546,0.037554916,10.120682
21.14,3.935045,28.578354,0.0018560002,0.037365567,10.120731
21.15,3.9387474,28.616562,0.0018454259,0.037177462,10.120781
21.16,3.9424455,28.654768,0.0018339492,0.03698845,10.12083
21.17,3.9461453,28.692984,0.0018227324,0.036808435,10.120879
21.18,3.9498441,28.73119,0.0018107006,0.036623098,10.120923
21.19,3.9535432,28.769415,0.0017983159,0.03644407,10.120971
21.2,3.9572394,28.807642,0.0017856024,0.036266293,10.121016
21.21,3.9609365,28.845867,0.0017722929,0.036089875,10.121056
21.22,3.9646318,28.884119,0.0017587012,0.03591492,10.121098
21.23,3.968327,28.922346,0.0017446242,0.035743058,10.121139
21.24,3.972022,28.96059,0.001730226,0.035571646,10.12118
21.25,3.9757159,28.998837,0.001715119,0.03540367,10.121215
21.26,3.979408,29.037086,0.0016998071,0.035239667,10.121254
21.27,3.9831002,29.075344,0.0016842308,0.03507691,10.121289
21.28,3.986791,29.113596,0.0016676979,0.03491385,10.121325
21.29,3.9904823,29.15184,0.0016507516,0.03475376,10.121357
21.3,3.9941695,29.190086,0.0016336795,0.034596026,10.121393
21.31,3.997857,29.22835,0.0016159108,0.034442984,10.121425
21.32,4.0015435,29.266617,0.0015977249,0.034287825,10.121453
21.33,4.0052295,29.304867,0.0015789922,0.034138676,10.121483
21.34,4.0089135,29.343124,0.001559698,0.033987958,10.121511
21.35,4.012597,29.381384,0.0015401486,0.033845827,10.121538
21.36,4.0162783,29.419622,0.0015200023,0.033699304,10.121562
21.37,4.019959,29.457884,0.0014993185,0.03356057,10.121591
21.38,4.023638,29.496122,0.001477981,0.033419807,10.121611
21.39,4.0273156,29.534378,0.0014565326,0.03328553,10.1216345
21.4,4.0309925,29.572618,0.0014340822,0.03314736,10.121656
21.41,4.034667,29.610859,0.0014112936,0.033017226,10.1216755
21.42,4.038342,29.649096,0.0013877172,0.03288818,10.1216955
21.43,4.042014,29.687332,0.0013640653,0.032761198,10.121714
21.44,4.0456853,29.72555,0.0013393844,0.032635912,10.121731
21.45,4.0493526,29.763773,0.001314342,0.03251321,10.121745
21.46,4.0530205,29.801985,0.001288862,0.032390088,10.1217575
21.47,4.0566864,29.840199,0.0012628669,0.032276966,10.121773
21.48,4.060351,29.878408,0.0012361538,0.03215868,10.121785
21.49,4.0640135,29.916603,0.0012088055,0.03204701,10.121796
21.5,4.067674,29.954794,0.0011811415,0.031937968,10.121804
21.51,4.071332,29.992989,0.001152697,0.03182813,10.121811
21.52,4.0749884,30.031143,0.0011237012,0.03172329,10.121815
21.53,4.078645,30.069332,0.0010938318,0.03162212,10.121822
21.54,4.0822983,30.10748,0.0010635043,0.031520687,10.121823
21.55,4.08595,30.145622,0.0010329643,0.0314266,10.12183
21.56,4.0895996,30.183762,0.0010016523,0.03133078,10.121831
21.57,4.0932474,30.221895,0.0009691762,0.03123752,10.121829
21.58,4.0968924,30.260014,0.00093667954,0.031148424,10.121832
21.59,4.1005354,30.298128,0.0009033289,0.03106438,10.121828
21.6,4.104176,30.336224,0.0008695144,0.030978557,10.121821
21.61,4.1078153,30.374294,0.0008349782,0.030896662,10.12182
21.62,4.1114516,30.412376,0.0007997975,0.030818664,10.121815
21.63,4.1150856,30.450443,0.00076384936,0.030743653,10.121807
21.64,4.1187167,30.488474,0.00072719343,0.030671813,10.121799
21.65,4.1223483,30.526522,0.00069016684,0.030599173,10.121791
21.66,4.125977,30.564552,0.00065236446,0.030531775,10.121776
21.67,4.1296024,30.602556,0.00061386824,0.030468358,10.121763
21.68,4.133226,30.640547,0.00057480205,0.030407486,10.121752
21.69,4.1368456,30.678532,0.00053480826,0.030348552,10.121737
21.7,4.1404634,30.716505,0.00049443915,0.030291537,10.121719
21.71,4.1440787,30.754444,0.0004533399,0.030236786,10.121704
21.72,4.147691,30.79237,0.0004115235,0.030189326,10.121682
21.73,4.151303,30.830294,0.0003688261,0.030139258,10.121666
21.74,4.1549106,30.868193,0.0003259536,0.030096032,10.121639
21.75,4.158516,30.906065,0.00028189924,0.030053113,10.121618
21.76,4.162119,30.94394,0.00023716595,0.0300141,10.121593
21.77,4.1657195,30.981789,0.00019195117,0.029979924,10.121567
21.78,4.1693163,31.019625,0.00014598668,0.029947637,10.121542
21.79,4.1729093,31.05744,9.8953955e-05,0.02991418,10.121515
21.8,4.1765013,31.095222,5.1704235e-05,0.029889716,10.121488
21.81,4.18009,31.132996,3.6163256e-06,0.029865773,10.121453
21.82,4.183677,31.170752,-4.5296736e-05,0.029846774,10.121419
21.83,4.1872587,31.20847,-9.487849e-05,0.029830007,10.121387
21.84,4.19084,31.246199,-0.00014531799,0.029813267,10.121352
21.85,4.194416,31.283884,-0.00019627996,0.029802972,10.121313
21.86,4.1979904,31.321566,-0.0002481984,0.02979601,10.121278
21.87,4.2015605,31.35921,-0.00030077342,0.02978689,10.12124
21.88,4.205129,31.396837,-0.00035411585,0.029788336,10.121199
21.89,4.2086926,31.434435,-0.00040793978,0.029788971,10.121158
21.9,4.2122545,31.472027,-0.00046270154,0.029794028,10.121113
21.91,4.2158136,31.509586,-0.0005182782,0.029800428,10.121073
21.92,4.219368,31.547129,-0.0005743792,0.029812884,10.121024
21.93,4.2229238,31.584637,-0.00063145906,0.029826082,10.120978
21.94,4.22647,31.62212,-0.0006893296,0.029844863,10.120929
21.95,4.230015,31.659588,-0.00074786413,0.029862434,10.120876
21.96,4.2335567,31.697025,-0.00080711674,0.029887656,10.120826
21.97,4.237096,31.734432,-0.00086717214,0.029912934,10.120774
21.98,4.240631,31.771832,-0.0009280406,0.02994503,10.120722
21.99,4.244163,31.809195,-0.0009894334,0.029978326,10.1206665
22.0,4.2476907,31.846535,-0.0010522641,0.030012822,10.12061
22.01,4.2512174,31.883844,-0.0011151461,0.030054387,10.120552
22.02,4.2547383,31.921127,-0.0011792649,0.030099388,10.120494
22.03,4.2582555,31.958387,-0.0012440085,0.030147923,10.120436
22.04,4.2617707,31.995623,-0.0013097227,0.030194223,10.120368
22.05,4.2652807,32.032814,-0.0013757488,0.03024938,10.120309
22.06,4.268789,32.069984,-0.0014427193,0.0303068,10.120241
22.07,4.272292,32.10713,-0.0015106853,0.03036764,10.120177
22.08,4.275793,32.144253,-0.0015792493,0.030429376,10.12011
22.09,4.2792897,32.181343,-0.0016486729,0.030499976,10.120039
22.1,4.282782,32.218395,-0.0017189728,0.030568637,10.119971
22.11,4.2862697,32.255432,-0.0017898493,0.030643063,10.119901
22.12,4.289755,32.292435,-0.0018618638,0.030722367,10.119827
22.13,4.293234,32.329388,-0.0019342871,0.030801967,10.119755
22.14,4.2967114,32.36632,-0.0020079864,0.030886363,10.119678
22.15,4.300185,32.403236,-0.0020822668,0.030974494,10.1196
22.16,4.3036547,32.440105,-0.00215716,0.03106549,10.119524
22.17,4.3071194,32.47695,-0.0022331513,0.03116241,10.119444
22.18,4.3105807,32.513756,-0.0023100842,0.03125879,10.119364
22.19,4.31404,32.550545,-0.0023874678,0.031361893,10.119283
22.2,4.3174925,32.58729,-0.0024655713,0.031467326,10.119197
22.21,4.3209414,32.623997,-0.002544701,0.03157653,10.119119
22.22,4.324387,32.66069,-0.0026246132,0.03168977,10.119029
22.23,4.327827,32.697334,-0.0027052024,0.031807013,10.118944
22.24,4.3312654,32.733955,-0.0027866866,0.031925064,10.118854
22.25,4.334698,32.770542,-0.0028692158,0.03204865,10.118763
22.26,4.3381267,32.807087,-0.0029521976,0.03217382,10.118671
22.27,4.3415513,32.843594,-0.0030362317,0.032307778,10.118581
22.28,4.344972,32.880074,-0.0031211255,0.032440357,10.118487
22.29,4.3483877,32.916515,-0.0032066246,0.032580137,10.118391
22.3,4.3518,32.952923,-0.003293179,0.032719944,10.118295
22.31,4.3552074,32.98929,-0.0033799568,0.032868043,10.118199
22.32,4.358608,33.025627,-0.0034683421,0.033015303,10.118098
22.33,4.3620086,33.06192,-0.003557195,0.03316985,10.118003
22.34,4.365403,33.09819,-0.0036468608,0.03332605,10.1179
22.35,4.3687944,33.134422,-0.0037373267,0.033482045,10.1178
22.36,4.3721795,33.170624,-0.0038288618,0.03364459,10.117694
22.37,4.3755617,33.20677,-0.0039206874,0.033813205,10.117588
22.38,4.378937,33.24288,-0.0040137265,0.033985525,10.117483
22.39,4.3823094,33.278954,-0.0041075144,0.03415821,10.1173725
22.4,4.385678,33.315,-0.004202144,0.03433752,10.117267
22.41,4.3890424,33.350998,-0.004297764,0.034519304,10.117157
22.42,4.3924,33.38696,-0.0043938346,0.034703903,10.117045
22.43,4.395754,33.422897,-0.004490949,0.03489449,10.116934
22.44,4.3991036,33.458786,-0.0045885975,0.035085794,10.11682
22.45,4.4024496,33.494633,-0.0046876604,0.035284396,10.116704
22.46,4.405789,33.530437,-0.0047869943,0.035482284,10.116588
22.47,4.4091263,33.566208,-0.0048875343,0.03568893,10.116474
22.48,4.412456,33.601936,-0.0049884254,0.03589469,10.116354
22.49,4.415782,33.637627,-0.005090249,0.036108345,10.116234
22.5,4.4191036,33.673283,-0.0051929755,0.03632387,10.116115
22.51,4.422421,33.70889,-0.0052966205,0.036541633,10.1159935
22.52,4.425735,33.74446,-0.0054012733,0.036763277,10.115871
22.53,4.429043,33.77999,-0.005506088,0.03699147,10.1157465
22.54,4.432345,33.815487,-0.005612173,0.037221197,10.115622
22.55,4.4356427,33.85091,-0.0057189753,0.037455022,10.115496
22.56,4.4389367,33.886333,-0.0058266455,0.03769347,10.115369
22.57,4.4422255,33.921703,-0.005934871,0.03793629,10.115238
22.58,4.4455085,33.957012,-0.006044588,0.038180746,10.115112
22.59,4.4487867,33.99231,-0.0061543724,0.038430016,10.114983
22.6,4.452062,34.027542,-0.006265142,0.038683087,10.114846
22.61,4.455329,34.062733,-0.006377005,0.03893899,10.114716
22.62,4.458594,34.09788,-0.0064892443,0.039199606,10.114581
22.63,4.461854,34.13299,-0.006602525,0.039463297,10.11445
22.64,4.465106,34.16807,-0.006716489,0.039729174,10.114312
22.65,4.4683566,34.20309,-0.006831127,0.04000168,10.114176
22.66,4.471601,34.23808,-0.0069468683,0.040279575,10.114035
22.67,4.474841,34.273018,-0.007063131,0.040557414,10.1138935
22.68,4.4780746,34.307903,-0.007180215,0.040837932,10.113756
22.69,4.4813037,34.342766,-0.0072984425,0.041126005,10.113618
22.7,4.4845295,34.377563,-0.0074173557,0.041417338,10.113475
22.71,4.487747,34.412327,-0.007536697,0.041712377,10.113333
22.72,4.4909616,34.44704,-0.007657145,0.04200957,10.113188
22.73,4.49417,34.481728,-0.007778247,0.042312052,10.113045
22.74,4.497374,34.516354,-0.007900254,0.042612843,10.112894
22.75,4.5005736,34.550945,-0.0080227,0.042924695,10.112748
22.76,4.503768,34.585487,-0.008146173,0.04323983,10.112601
22.77,4.506957,34.619976,-0.008270389,0.043555103,10.112453
22.78,4.51014,34.654438,-0.008395358,0.04387424,10.112302
22.79,4.513319,34.688847,-0.008521288,0.044197004,10.112151
22.8,4.5164924,34.723194,-0.008647592,0.044527683,10.112005
22.81,4.519662,34.75751,-0.008775075,0.044856846,10.111849
22.82,4.5228243,34.791786,-0.008902731,0.04519353,10.111694
22.83,4.525983,34.82601,-0.009031822,0.045531414,10.111542
22.84,4.5291333,34.86019,-0.00916125,0.045876205,10.111389
22.85,4.532283,34.894325,-0.009291661,0.046220474,10.111229
22.86,4.5354247,34.928413,-0.009422625,0.04657095,10.111074
22.87,4.538562,34.962452,-0.009554326,0.046925876,10.110919
22.88,4.541693,34.996445,-0.009686881,0.04728167,10.110762
22.89,4.5448203,35.030388,-0.009820347,0.04764521,10.1105995
22.9,4.547942,35.064304,-0.009954254,0.048008334,10.110441
22.91,4.5510583,35.098145,-0.010089136,0.048376665,10.110277
22.92,4.5541673,35.13196,-0.010224565,0.04875027,10.110121
22.93,4.557274,35.165726,-0.010360646,0.049127918,10.109957
22.94,4.560373,35.19943,-0.010497683,0.04950917,10.109794
22.95,4.5634685,35.233097,-0.010635308,0.049888138,10.10963
22.96,4.5665584,35.266716,-0.010773788,0.0502778,10.1094675
22.97,4.569644,35.300278,-0.010912781,0.050669625,10.109302
22.98,4.572723,35.33379,-0.011052745,0.05106306,10.109133
22.99,4.575794,35.367283,-0.011193191,0.05146108,10.108968
23.0,4.578865,35.400703,-0.011334709,0.051859595,10.108804
23.01,4.581927,35.434097,-0.011476344,0.05226902,10.108635
23.02,4.5849853,35.467426,-0.011618986,0.05267605,10.10847
23.03,4.5880365,35.50071,-0.011762465,0.05308902,10.108299
23.04,4.5910835,35.533943,-0.011906532,0.05350638,10.108127
23.05,4.5941253,35.56714,-0.012051131,0.05392618,10.107958
23.06,4.5971622,35.60027,-0.01219657,0.054349158,10.107785
23.07,4.600193,35.63337,-0.012342681,0.05477845,10.107614
23.08,4.6032186,35.666416,-0.012489346,0.055205394,10.107442
23.09,4.6062393,35.69941,-0.012637171,0.055639453,10.107271
23.1,4.6092544,35.73236,-0.012785087,0.05607856,10.107099
23.11,4.6122622,35.76526,-0.012933967,0.056520164,10.106925
23.12,4.615268,35.79812,-0.013083593,0.05696368,10.106749
23.13,4.618266,35.830914,-0.013233802,0.057412475,10.106574
23.14,4.6212583,35.86366,-0.013384364,0.05786458,10.1064
23.15,4.624247,35.89637,-0.013535908,0.058320638,10.106224
23.16,4.6272297,35.929005,-0.013687984,0.058778685,10.106047
23.17,4.630207,35.96163,-0.013840997,0.059242234,10.105871
23.18,4.633179,35.994198,-0.013994568,0.059708383,10.105692
23.19,4.6361437,36.0267,-0.01414859,0.06017681,10.105517
23.2,4.639106,36.059147,-0.014303324,0.060653247,10.10534
23.21,4.64206,36.09156,-0.014458482,0.061128404,10.105158
23.22,4.6450095,36.12392,-0.014614542,0.061608482,10.104981
23.23,4.647954,36.156216,-0.014770913,0.062089406,10.104801
23.24,4.6508923,36.18849,-0.014928364,0.06257896,10.10462
23.25,4.6538267,36.22071,-0.015086147,0.06306624,10.104444
23.26,4.6567545,36.252876,-0.015244578,0.06356288,10.104259
23.27,4.659678,36.28499,-0.0154038025,0.06405961,10.104078
23.28,4.6625943,36.317047,-0.015563472,0.06455946,10.103897
23.29,4.6655073,36.349075,-0.015723914,0.06506179,10.103715
23.3,4.668413,36.381035,-0.015884671,0.06557277,10.103536
23.31,4.6713142,36.412956,-0.01604632,0.06608297,10.1033535
23.32,4.6742086,36.44482,-0.016208436,0.0665984,10.103171
23.33,4.6770988,36.47663,-0.016370978,0.06711413,10.102992
23.34,4.679984,36.5084,-0.016534079,0.06763464,10.102805
23.35,4.6828628,36.540104,-0.016697872,0.06815922,10.102622
23.36,4.685738,36.571774,-0.01686246,0.06868751,10.102439
23.37,4.688605,36.60342,-0.017027557,0.06921859,10.102255
23.38,4.6914663,36.63496,-0.017193168,0.06975244,10.102071
23.39,4.6943245,36.66649,-0.017359115,0.0702889,10.10189
23.4,4.6971765,36.697956,-0.017525613,0.07083091,10.101705
23.41,4.7000227,36.729366,-0.017692957,0.07137242,10.101522
23.42,4.702866,36.760746,-0.017861038,0.0719192,10.101333
23.43,4.7056994,36.79206,-0.018029258,0.072470434,10.10115
23.44,4.708531,36.823315,-0.018197823,0.07302631,10.1009655
23.45,4.7113547,36.85454,-0.01836748,0.07358145,10.10078
23.46,4.7141757,36.885708,-0.018537499,0.07414285,10.100595
23.47,4.716988,36.91682,-0.01870766,0.07470652,10.10041
23.48,4.719796,36.947914,-0.018878955,0.075272195,10.100226
23.49,4.7226,36.97892,-0.019050382,0.075841226,10.100041
23.5,4.725397,37.00988,-0.019222222,0.07641703,10.099855
23.51,4.7281885,37.04081,-0.019395169,0.07698902,10.0996685
23.52,4.7309756,37.07167,-0.01956775,0.077569604,10.099486
23.53,4.7337565,37.102493,-0.019741777,0.078151,10.099302
23.54,4.736533,37.13325,-0.019915693,0.07873768,10.099114
23.55,4.739302,37.16397,-0.020090137,0.07932468,10.098931
23.56,4.7420683,37.19465,-0.020265155,0.07991928,10.0987425
23.57,4.7448273,37.225258,-0.020440843,0.08051397,10.098561
23.58,4.7475815,37.255844,-0.020616584,0.081112444,10.098374
23.59,4.750329,37.28636,-0.020793378,0.08170996,10.098189
23.6,4.753074,37.31683,-0.02097033,0.08231613,10.098002
23.61,4.7558126,37.347233,-0.021147668,0.08292084,10.097818
23.62,4.758545,37.377613,-0.021325491,0.08353256,10.097633
23.63,4.761272,37.40792,-0.021503706,0.08414458,10.097448
23.64,4.763994,37.438198,-0.02168284,0.084760875,10.097263
23.65,4.7667093,37.4684,-0.021862041,0.085379556,10.097077
23.66,4.769419,37.498573,-0.022041727,0.086000524,10.096894
23.67,4.7721267,37.5287,-0.022221748,0.08662622,10.096709
23.68,4.7748275,37.55877,-0.022402432,0.08725519,10.096525
23.69,4.7775235,37.588783,-0.022583742,0.087883234,10.096344
23.7,4.7802114,37.618767,-0.022764836,0.08852053,10.096161
23.71,4.7828937,37.64867,-0.022946898,0.08915414,10.095976
23.72,4.785573,37.678555,-0.023129143,0.08979366,10.095793
23.73,4.7882476,37.708355,-0.023311928,0.090435006,10.095608
23.74,4.7909155,37.738132,-0.02349494,0.09108317,10.095427
23.75,4.7935777,37.76785,-0.023678474,0.09172827,10.095245
23.76,4.7962346,37.797516,-0.023862634,0.092377946,10.095061
23.77,4.7988873,37.82713,-0.024047043,0.09303327,10.094878
23.78,4.8015337,37.856716,-0.024231374,0.09368949,10.094696
23.79,4.804175,37.886227,-0.02441679,0.09434774,10.094517
23.8,4.8068113,37.915688,-0.024602152,0.095010564,10.0943365
23.81,4.809442,37.945107,-0.02478797,0.09567442,10.094156
23.82,4.8120694,37.974495,-0.02497425,0.096341506,10.093973
23.83,4.8146873,38.00381,-0.025161322,0.09700954,10.093793
23.84,4.8173013,38.033085,-0.025348227,0.09768321,10.093609
23.85,4.8199124,38.062305,-0.025535285,0.09836147,10.093434
23.86,4.8225164,38.091457,-0.025722962,0.099036954,10.093256
23.87,4.8251157,38.120598,-0.025911085,0.099718355,10.093075
23.88,4.82771,38.14967,-0.026099749,0.10040307,10.092902
23.89,4.8302956,38.178684,-0.026288383,0.101089574,10.092719
23.9,4.832881,38.207664,-0.02647753,0.10177798,10.092538
23.91,4.83546,38.2366,-0.026666705,0.10246922,10.092366
23.92,4.8380313,38.26546,-0.026856702,0.103164725,10.092189
23.93,4.8406,38.2943,-0.027046416,0.10386133,10.092015
23.94,4.843162,38.323067,-0.027237099,0.10456054,10.091842
23.95,4.8457212,38.351795,-0.027427588,0.105260596,10.091664
23.96,4.848271,38.38047,-0.02761871,0.105964184,10.091486
23.97,4.8508177,38.4091,-0.027810115,0.10667284,10.091312
23.98,4.853359,38.437687,-0.028002042,0.10737973,10.091139
23.99,4.855896,38.466217,-0.028193805,0.108094186,10.090967
24.0,4.8584275,38.49469,-0.028386232,0.10880667,10.090791
24.01,4.8609524,38.523125,-0.028578315,0.10952318,10.090621
24.02,4.8634744,38.551506,-0.028771445,0.11024447,10.090451
24.03,4.865989,38.579845,-0.028964601,0.11096536,10.090277
24.04,4.8685007,38.608135,-0.029157937,0.11168898,10.090111
24.05,4.8710046,38.63636,-0.029351331,0.11241585,10.089938
24.06,4.8735046,38.664547,-0.029545438,0.113145664,10.089767
24.07,4.876001,38.69269,-0.029739715,0.11387377,10.0896
24.08,4.87849,38.72078,-0.029933803,0.114612006,10.089435
24.09,4.8809743,38.74882,-0.030128628,0.11534532,10.089267
24.1,4.883455,38.776814,-0.030323677,0.116084546,10.089097
24.11,4.8859296,38.804764,-0.030518804,0.11682596,10.088931
24.12,4.888398,38.83266,-0.0307144,0.11756782,10.088765
24.13,4.8908625,38.860497,-0.03091009,0.11831355,10.088602
24.14,4.893321,38.888298,-0.031105816,0.11906346,10.088437
24.15,4.895776,38.916042,-0.031302206,0.11981243,10.088272
24.16,4.8982244,38.94376,-0.03149838,0.12056374,10.088113
24.17,4.9006696,38.97141,-0.03169501,0.1213192,10.087953
24.18,4.9031086,38.998997,-0.03189194,0.12207577,10.087786
24.19,4.9055448,39.026554,-0.032088846,0.12283566,10.0876255
24.2,4.9079704,39.05409,-0.032285787,0.12359563,10.087467
24.21,4.910394,39.08152,-0.032483436,0.1243589,10.087309
24.22,4.912814,39.10894,-0.03268069,0.1251271,10.087149
24.23,4.9152274,39.13632,-0.032878987,0.12589158,10.086989
24.24,4.917637,39.163635,-0.03307681,0.12666386,10.086835
24.25,4.9200406,39.190872,-0.033274647,0.12743679,10.086678
24.26,4.922442,39.218113,-0.033473257,0.12821187,10.086526
24.27,4.9248333,39.24529,-0.03367174,0.12898853,10.08637
24.28,4.9272246,39.272404,-0.033870474,0.12976703,10.086218
24.29,4.9296064,39.299484,-0.03406927,0.13054608,10.086061
24.3,4.9319854,39.3265,-0.034268502,0.13132742,10.08591
24.31,4.9343605,39.35349,-0.034467578,0.13211337,10.085758
24.32,4.936731,39.38043,-0.034667,0.13289905,10.085609
24.33,4.939094,39.407307,-0.034866497,0.13368914,10.08546
24.34,4.9414525,39.434155,-0.035066333,0.13447663,10.085309
24.35,4.943807,39.46094,-0.035266012,0.13527194,10.085163
24.36,4.9461584,39.487698,-0.035465807,0.13606772,10.085016
24.37,4.9485,39.51438,-0.03566587,0.13686626,10.08487
24.38,4.950839,39.541027,-0.03586626,0.13766217,10.084724
24.39,4.953175,39.567623,-0.03606647,0.13846129,10.084577
24.4,4.955506,39.594173,-0.036267072,0.13926601,10.084436
24.41,4.9578314,39.620674,-0.036467604,0.14007136,10.084291
24.42,4.9601517,39.64714,-0.03666854,0.1408774,10.084151
24.43,4.9624667,39.673553,-0.03686886,0.14168718,10.084009
24.44,4.9647784,39.69993,-0.037070088,0.14249612,10.083876
24.45,4.9670835,39.726246,-0.03727126,0.14330554,10.083736
24.46,4.969385,39.752502,-0.037472446,0.14412051,10.083597
24.47,4.971681,39.778725,-0.037673485,0.14493605,10.08346
24.48,4.9739733,39.80491,-0.037874907,0.14575489,10.083325
24.49,4.9762588,39.831043,-0.03807584,0.14657566,10.083185
24.5,4.978541,39.85713,-0.038277593,0.1473936,10.083055
24.51,4.980819,39.883175,-0.03847891,0.14821844,10.08292
24.52,4.983092,39.909157,-0.038680766,0.14904395,10.082789
24.53,4.9853597,39.935093,-0.0388825,0.14986944,10.08266
24.54,4.9876237,39.961018,-0.03908425,0.15070009,10.082525
24.55,4.9898806,39.986855,-0.03928605,0.15152687,10.082401
24.56,4.9921336,40.012665,-0.039488003,0.1523604,10.08227
24.57,4.9943833,40.038425,-0.03968987,0.1531946,10.082144
24.58,4.996627,40.064137,-0.03989183,0.15402883,10.082015
24.59,4.998866,40.08981,-0.040093802,0.1548662,10.081895
24.6,5.0011005,40.11543,-0.04029595,0.15570448,10.081769
24.61,5.0033298,40.141003,-0.040498145,0.1565451,10.081647
24.62,5.005556,40.166527,-0.0407006,0.15738648,10.081526
24.63,5.0077763,40.192013,-0.04090249,0.15823042,10.081401
24.64,5.009993,40.21744,-0.041105006,0.15907398,10.081286
24.65,5.012204,40.242844,-0.041307196,0.1599211,10.081165
24.66,5.0144114,40.268192,-0.041509483,0.16077182,10.081048
24.67,5.016614,40.2935,-0.041711796,0.16162065,10.080933
24.68,5.0188117,40.31876,-0.041913882,0.16247255,10.080816
24.69,5.0210032,40.34395,-0.042116422,0.1633249,10.0807
24.7,5.0231934,40.369114,-0.04231881,0.16417928,10.080589
24.71,5.025377,40.394234,-0.042521164,0.16503446,10.080478
24.72,5.027557,40.41931,-0.042723354,0.16589317,10.080364
24.73,5.029731,40.444336,-0.04292565,0.16675287,10.080255
24.74,5.0319014,40.469322,-0.04312807,0.16761187,10.080147
24.75,5.034068,40.494267,-0.043330494,0.16847646,10.080042
24.76,5.036228,40.519173,-0.04353291,0.16934022,10.079934
24.77,5.0383863,40.544006,-0.043734886,0.17020491,10.079827
24.78,5.040538,40.5688,-0.04393752,0.17106979,10.079724
24.79,5.042686,40.59357,-0.044139717,0.17193916,10.079621
24.8,5.0448265,40.61828,-0.044342022,0.17280698,10.079522
24.81,5.046968,40.642952,-0.044544052,0.17367947,10.079421
24.82,5.049102,40.667564,-0.044746228,0.1745511,10.079319
24.83,5.0512314,40.692154,-0.04494859,0.17542538,10.079222
24.84,5.053357,40.716694,-0.0451504,0.17629781,10.0791235
24.85,5.0554786,40.741196,-0.04535269,0.1771749,10.079028
24.86,5.0575953,40.765614,-0.045554504,0.17805412,10.078933
24.87,5.059707,40.79004,-0.045756605,0.17893049,10.078838
24.88,5.0618143,40.81438,-0.045958355,0.17980996,10.078748
24.89,5.0639157,40.838707,-0.04616022,0.18069339,10.078654
24.9,5.0660133,40.862972,-0.046362016,0.18157557,10.078567
24.91,5.0681114,40.887215,-0.046563756,0.18246123,10.078477
24.92,5.070201,40.91139,-0.0467655,0.18334508,10.078391
24.93,5.0722866,40.935524,-0.04696689,0.18423349,10.0782995
24.94,5.074366,40.959618,-0.047168635,0.18512091,10.078218
24.95,5.0764446,40.983654,-0.047369782,0.18600929,10.078135
24.96,5.078518,41.007668,-0.047571253,0.18690029,10.078055
24.97,5.0805874,41.03164,-0.047772586,0.18779221,10.077969
24.98,5.0826497,41.055542,-0.047973808,0.18868533,10.077891
24.99,5.084711,41.079422,-0.048174795,0.18957973,10.077812
25.0,5.0867662,41.103256,-0.04837599,0.19047517,10.077733
25.01,5.088817,41.12705,-0.048576884,0.19137102,10.0776615
25.02,5.0908656,41.150787,-0.048777513,0.19226974,10.077585
25.03,5.092907,41.174484,-0.048977926,0.19316885,10.077508
25.04,5.094945,41.198143,-0.049178604,0.19406903,10.077438
25.05,5.096979,41.22176,-0.049379457,0.19496688,10.077365
25.06,5.0990095,41.245327,-0.04957952,0.19587064,10.077295
25.07,5.101034,41.268864,-0.0497798,0.19677284,10.077226
25.08,5.1030564,41.292347,-0.04998013,0.19767949,10.077159
25.09,5.105073,41.315796,-0.050180357,0.198583,10.077094
25.1,5.1070876,41.339195,-0.050379947,0.19949111,10.077026
25.11,5.109095,41.362564,-0.05057995,0.20039615,10.0769615
25.12,5.1110992,41.385857,-0.050779402,0.20130533,10.0769
25.13,5.113101,41.409126,-0.05097912,0.20221627,10.076839
25.14,5.1150966,41.43237,-0.051178306,0.20312724,10.076777
25.15,5.117089,41.45555,-0.05137765,0.20403981,10.076718
25.16,5.1190767,41.4787,-0.0515768,0.20495215,10.076663
25.17,5.12106,41.50179,-0.051776025,0.2058652,10.076607
25.18,5.1230397,41.52485,-0.051974613,0.20678207,10.0765505
25.19,5.125015,41.547882,-0.052173328,0.2076981,10.076501
25.2,5.1269875,41.570858,-0.052372176,0.20861205,10.076446
25.21,5.1289554,41.593777,-0.052570302,0.2095308,10.076394
25.22,5.130918,41.616673,-0.05276854,0.2104494,10.076345
25.23,5.1328773,41.639515,-0.052966665,0.21136695,10.076297
25.24,5.1348324,41.66234,-0.053164598,0.21228832,10.076253
25.25,5.136784,41.685093,-0.053362157,0.21321008,10.076204
25.26,5.138732,41.707832,-0.05355979,0.21413207,10.076162
25.27,5.140674,41.7305,-0.05375724,0.21505657,10.076119
25.28,5.1426134,41.753136,-0.05395451,0.21597856,10.0760765
25.29,5.1445465,41.77573,-0.05415174,0.21690491,10.076037
25.3,5.146479,41.798286,-0.05434851,0.21783179,10.075996
25.31,5.1484075,41.820816,-0.054545145,0.21875829,10.075959
25.32,5.1503286,41.84328,-0.054741677,0.21968597,10.075923
25.33,5.1522474,41.865707,-0.054938074,0.22061566,10.075891
25.34,5.1541634,41.888115,-0.055134248,0.22154322,10.075851
25.35,5.1560736,41.910446,-0.055330407,0.22247395,10.075821
25.36,5.157981,41.932777,-0.05552608,0.22340417,10.075791
25.37,5.1598854,41.95503,-0.05572171,0.22433689,10.075758
25.38,5.1617813,41.97726,-0.055917192,0.22527051,10.075733
25.39,5.1636796,41.99945,-0.056112397,0.22620264,10.075705
25.4,5.1655717,42.021595,-0.056307416,0.2271359,10.075679
25.41,5.1674566,42.04369,-0.056502026,0.22807127,10.075655
25.42,5.169341,42.06577,-0.056696717,0.22900647,10.075632
25.43,5.17122,42.087788,-0.05689091,0.22994453,10.07561
25.44,5.1730957,42.109768,-0.05708519,0.23088065,10.075589
25.45,5.1749663,42.131706,-0.057279255,0.23181799,10.075568
25.46,5.176837,42.153603,-0.057472866,0.23275784,10.075553
25.47,5.178699,42.175472,-0.05766653,0.23369566,10.075536
25.48,5.180558,42.197292,-0.05785996,0.23463556,10.075522
25.49,5.182418,42.219067,-0.058053028,0.23557574,10.075507
25.5,5.1842694,42.24081,-0.05824579,0.23651865,10.075498
25.51,5.1861186,42.26251,-0.058438558,0.23745736,10.075482
25.52,5.1879654,42.284176,-0.05863094,0.23840123,10.075477
25.53,5.189803,42.3058,-0.058823112,0.23934531,10.075465
25.54,5.1916437,42.327377,-0.059015233,0.24028921,10.07546
25.55,5.193474,42.34891,-0.05920675,0.24123323,10.075457
25.56,5.1953053,42.370403,-0.0593984,0.24218038,10.07545
25.57,5.1971307,42.39188,-0.05958971,0.24312541,10.075446
25.58,5.1989546,42.4133,-0.059780877,0.24407232,10.075447
25.59,5.2007723,42.434677,-0.05997144,0.24501899,10.075444
25.6,5.202586,42.456028,-0.060161937,0.24596718,10.075444
25.61,5.2043977,42.477314,-0.060352486,0.24691522,10.075449
25.62,5.206206,42.498596,-0.060542393,0.24786338,10.075449
25.63,5.2080064,42.519806,-0.06073202,0.2488133,10.0754595
25.64,5.2098083,42.540997,-0.060921673,0.24976379,10.075464
25.65,5.211604,42.562126,-0.061111037,0.25071436,10.075469
25.66,5.2133975,42.583237,-0.061300013,0.25166675,10.075481
25.67,5.215184,42.604305,-0.061488505,0.2526171,10.075491
25.68,5.21697,42.625336,-0.061677534,0.25356764,10.075502
25.69,5.218751,42.646328,-0.06186578,0.25452092,10.075515
25.7,5.2205276,42.667274,-0.062053625,0.2554719,10.075532
25.71,5.2223034,42.688194,-0.06224155,0.25642776,10.075547
25.72,5.2240734,42.709057,-0.062428776,0.25738212,10.075565
25.73,5.22584,42.7299,-0.062616274,0.25833625,10.0755825
25.74,5.2276034,42.750687,-0.06280297,0.25929168,10.0756035
25.75,5.2293634,42.771446,-0.06298975,0.26024613,10.075621
25.76,5.23112,42.792164,-0.063176095,0.26120096,10.075645
25.77,5.2328725,42.812855,-0.06336252,0.26215836,10.075669
25.78,5.23462,42.83349,-0.063548274,0.26311508,10.075695
25.79,5.236365,42.854076,-0.06373368,0.26407257,10.075719
25.8,5.2381077,42.874653,-0.06391879,0.2650324,10.0757475
25.81,5.2398467,42.895172,-0.06410416,0.26598862,10.075779
25.82,5.2415814,42.915665,-0.06428857,0.26694778,10.075811
25.83,5.24331,42.93613,-0.06447308,0.26790875,10.075841
25.84,5.245037,42.95654,-0.06465712,0.26886693,10.075875
25.85,5.2467628,42.976906,-0.0648411,0.26982686,10.07591
25.86,5.248481,42.99724,-0.065024756,0.2707859,10.075944
25.87,5.2502003,43.01754,-0.06520827,0.27174637,10.075978
25.88,5.2519116,43.03781,-0.06539145,0.27270848,10.076022
25.89,5.253622,43.058033,-0.06557378,0.2736687,10.076057
25.9,5.2553287,43.078213,-0.06575626,0.27463314,10.076102
25.91,5.2570314,43.098362,-0.06593811,0.275595,10.076144
25.92,5.258731,43.1185,-0.06612016,0.276557,10.076188
25.93,5.2604275,43.138554,-0.06630157,0.27751917,10.076232
25.94,5.262119,43.158592,-0.06648288,0.27848208,10.076281
25.95,5.2638083,43.17858,-0.06666368,0.27944508,10.076327
25.96,5.265493,43.19856,-0.066844516,0.28041002,10.076378
25.97,5.2671757,43.21848,-0.06702486,0.2813722,10.076427
25.98,5.268854,43.238358,-0.06720475,0.2823384,10.076479
25.99,5.27053,43.258217,-0.0673849,0.28330097,10.07653
26.0,5.272201,43.278038,-0.06756383,0.28426838,10.076585
26.01,5.273871,43.29781,-0.06774297,0.2852316,10.076639
26.02,5.275536,43.317554,-0.067921884,0.28619722,10.076697
26.03,5.277196,43.337254,-0.068100445,0.28716236,10.076757
26.04,5.2788553,43.356915,-0.06827849,0.28812763,10.076813
26.05,5.280511,43.37656,-0.06845633,0.28909504,10.076876
26.06,5.2821603,43.396156,-0.06863375,0.2900611,10.07694
26.07,5.2838106,43.415707,-0.068810984,0.29102758,10.077004
26.08,5.2854557,43.43523,-0.06898803,0.29199457,10.077069
26.09,5.2870955,43.45472,-0.069164515,0.2929631,10.077131
26.1,5.288735,43.474186,-0.06934091,0.29392985,10.0772
26.11,5.290369,43.49358,-0.06951682,0.29489705,10.077271
26.12,5.2919993,43.512947,-0.06969251,0.2958644,10.07734
26.13,5.293628,43.532295,-0.06986774,0.29683334,10.077412
26.14,5.295253,43.5516,-0.07004276,0.2977998,10.077485
26.15,5.296876,43.57087,-0.07021736,0.29876968,10.077554
26.16,5.298494,43.590103,-0.070391916,0.2997364,10.07763
26.17,5.3001084,43.60931,-0.070565864,0.3007064,10.077707
26.18,5.3017206,43.628464,-0.07073951,0.30167663,10.077788
26.19,5.3033285,43.64758,-0.07091275,0.30264547,10.077866
26.2,5.304934,43.666683,-0.07108573,0.30361274,10.077947
26.21,5.3065376,43.685745,-0.07125847,0.30458328,10.078028
26.22,5.308135,43.704754,-0.07143105,0.30555215,10.078111
26.23,5.3097296,43.723732,-0.071602955,0.30652207,10.078195
26.24,5.3113227,43.742687,-0.07177439,0.3074947,10.0782795
26.25,5.312912,43.761585,-0.07194575,0.30846283,10.078365
26.26,5.314497,43.7805,-0.072116785,0.30943418,10.078455
26.27,5.316081,43.799324,-0.07228732,0.31040227,10.078544
26.28,5.317661,43.818123,-0.07245783,0.31137428,10.078633
26.29,5.319237,43.836906,-0.072627984,0.31234527,10.078727
26.3,5.3208094,43.855648,-0.07279761,0.3133145,10.078817
26.31,5.322379,43.874348,-0.07296651,0.314284,10.078913
26.32,5.3239474,43.893017,-0.07313584,0.31525534,10.079008
26.33,5.3255105,43.91164,-0.07330438,0.31622612,10.0791025
26.34,5.327071,43.930256,-0.07347254,0.3171961,10.079202
26.35,5.328628,43.948807,-0.07364082,0.3181669,10.079301
26.36,5.3301826,43.96734,-0.07380837,0.31913736,10.0794
26.37,5.3317327,43.985836,-0.0739755,0.32010943,10.079504
26.38,5.333283,44.004303,-0.07414215,0.32108256,10.079605
26.39,5.334825,44.022717,-0.07430871,0.32205206,10.079708
26.4,5.336367,44.041122,-0.074475035,0.32302347,10.079814
26.41,5.337905,44.05947,-0.07464125,0.3239943,10.079918
26.42,5.339442,44.0778,-0.074806474,0.32496598,10.08003
26.43,5.340973,44.096085,-0.07497162,0.3259378,10.08014
26.44,5.342503,44.114334,-0.075136736,0.32690763,10.080246
26.45,5.3440304,44.132553,-0.07530104,0.3278779,10.0803585
26.46,5.345553,44.150753,-0.075465195,0.32884926,10.08047
26.47,5.347074,44.1689,-0.075628944,0.32982117,10.080585
26.48,5.348591,44.187016,-0.07579231,0.33079392,10.080701
26.49,5.350106,44.205124,-0.07595539,0.33176482,10.080816
26.5,5.351616,44.22316,-0.07611809,0.33273515,10.080932
26.51,5.3531237,44.24118,-0.07628037,0.33370632,10.081053
26.52,5.3546286,44.259174,-0.07644235,0.33467823,10.081172
26.53,5.3561306,44.277122,-0.07660429,0.33564675,10.081289
26.54,5.3576293,44.295033,-0.07676545,0.3366195,10.081413
26.55,5.359127,44.312923,-0.07692646,0.3375914,10.081539
26.56,5.3606195,44.33078,-0.077087216,0.33856007,10.081659
26.57,5.3621078,44.34859,-0.07724721,0.3395327,10.081785
26.58,5.3635974,44.366383,-0.077406995,0.34050313,10.081913
26.59,5.365081,44.38413,-0.07756663,0.3414745,10.082042
26.6,5.366561,44.40184,-0.07772559,0.34244558,10.082172
26.61,5.368038,44.41955,-0.07788429,0.34341672,10.082298
26.62,5.3695145,44.437195,-0.07804307,0.3443852,10.082433
26.63,5.370989,44.45482,-0.07820084,0.34535763,10.082565
26.64,5.3724556,44.47241,-0.07835848,0.34632623,10.082696
26.65,5.3739204,44.48997,-0.07851637,0.34729698,10.082832
26.66,5.3753843,44.507477,-0.07867276,0.3482711,10.082967
26.67,5.376846,44.524967,-0.07882949,0.3492379,10.083105
26.68,5.378302,44.542435,-0.078985736,0.35020956,10.083243
26.69,5.3797607,44.559845,-0.0791417,0.35117885,10.08338
26.7,5.38121,44.577248,-0.079297245,0.35214925,10.083522
26.71,5.3826585,44.59463,-0.07945241,0.3531174,10.083663
26.72,5.3841057,44.611946,-0.079607315,0.354087,10.083804
26.73,5.3855495,44.629246,-0.07976172,0.35505667,10.083949
26.74,5.386987,44.646507,-0.0799157,0.35602674,10.084096
26.75,5.388426,44.66373,-0.08006967,0.3569967,10.08424
26.76,5.3898587,44.680935,-0.0802229,0.357964,10.08439
26.77,5.39129,44.6981,-0.08037577,0.35893536,10.0845375
26.78,5.3927217,44.71524,-0.080528624,0.35990268,10.084688
26.79,5.394147,44.732338,-0.080680706,0.360872,10.084834
26.8,5.3955693,44.749413,-0.080832645,0.36184,10.084986
26.81,5.39699,44.76644,-0.080984265,0.3628092,10.085141
26.82,5.398408,44.783474,-0.081135474,0.36377695,10.085294
26.83,5.399822,44.80043,-0.0812863,0.36474332,10.08545
26.84,5.401234,44.817394,-0.081436545,0.3657124,10.085603
26.85,5.4026423,44.8343,-0.081586614,0.36667988,10.085763
26.86,5.40405,44.851173,-0.08173628,0.36764577,10.08592
26.87,5.4054537,44.86804,-0.08188586,0.36861515,10.086079
26.88,5.4068546,44.884846,-0.082034424,0.3695826,10.08624
26.89,5.408252,44.901646,-0.082183145,0.3705484,10.086395
26.9,5.409646,44.9184,-0.082331404,0.37151667,10.086562
26.91,5.4110394,44.935112,-0.08247922,0.3724817,10.08672
26.92,5.4124303,44.951828,-0.08262702,0.3734478,10.08689
26.93,5.413816,44.96846,-0.08277403,0.3744147,10.087055
26.94,5.415202,44.985126,-0.08292075,0.37538186,10.087223
26.95,5.4165826,45.00172,-0.08306714,0.37634665,10.08739
26.96,5.417961,45.018303,-0.083213076,0.3773107,10.087559
26.97,5.4193373,45.034843,-0.083358854,0.37827793,10.0877285
26.98,5.420711,45.051342,-0.083503924,0.37924254,10.087895
26.99,5.42208,45.067825,-0.08364902,0.3802067,10.088068
27.0,5.4234486,45.08427,-0.083793245,0.38117382,10.0882435
27.01,5.424813,45.100704,-0.08393774,0.38213593,10.088416
27.02,5.426177,45.117073,-0.0840815,0.38310033,10.088592
27.03,5.4275355,45.13343,-0.08422495,0.3840626,10.088767
27.04,5.4288926,45.149765,-0.084368266,0.38502607,10.088941
27.05,5.430247,45.166046,-0.08451068,0.38599053,10.089119
27.06,5.4315987,45.18234,-0.08465307,0.3869553,10.089299
27.07,5.432947,45.19857,-0.08479511,0.38791722,10.0894785
27.08,5.434295,45.21478,-0.084936656,0.38887906,10.089659
27.09,5.4356384,45.23096,-0.08507775,0.38984314,10.089844
27.1,5.43698,45.24709,-0.08521875,0.39080197,10.09002
27.11,5.438319,45.263218,-0.08535921,0.39176536,10.090207
27.12,5.439654,45.279305,-0.08549917,0.39272776,10.09039
27.13,5.440986,45.295372,-0.08563898,0.3936866,10.090578
27.14,5.4423165,45.311386,-0.08577832,0.39464822,10.090762
27.15,5.4436455,45.327374,-0.08591732,0.39560765,10.090953
27.16,5.44497,45.343365,-0.0860562,0.39656857,10.091141
27.17,5.4462953,45.3593,-0.0861944,0.39752942,10.09133
27.18,5.447615,45.375195,-0.08633204,0.3984912,10.091522
27.19,5.4489307,45.391094,-0.08646971,0.39944774,10.09171
27.2,5.450246,45.406933,-0.086606964,0.400405,10.091904
27.21,5.4515576,45.422756,-0.086743765,0.40136653,10.092095
27.22,5.452868,45.438545,-0.08688022,0.40232497,10.092289
27.23,5.4541745,45.454323,-0.08701618,0.40328342,10.092486
27.24,5.455482,45.47004,-0.087152086,0.40423816,10.092679
27.25,5.4567833,45.485752,-0.087287515,0.4051968,10.092881
27.26,5.458082,45.501442,-0.087422386,0.40615407,10.093075
27.27,5.459379,45.51709,-0.08755691,0.40711355,10.093275
27.28,5.4606733,45.532692,-0.087691315,0.40806875,10.093476
27.29,5.461965,45.548283,-0.08782514,0.40902305,10.0936775
27.3,5.463256,45.56385,-0.08795854,0.40997943,10.093874
27.31,5.4645424,45.579376,-0.08809173,0.4109337,10.09408
27.32,5.465826,45.594883,-0.088224344,0.41188982,10.094284
27.33,5.467109,45.610344,-0.08835697,0.41284427,10.094487
27.34,5.4683876,45.625797,-0.08848877,0.41380033,10.09469
27.35,5.4696665,45.64123,-0.088620655,0.4147535,10.094897
27.36,5.470938,45.656616,-0.08875182,0.4157074,10.095109
27.37,5.4722095,45.67197,-0.08888286,0.41665924,10.095314
27.38,5.473481,45.687298,-0.089013405,0.4176116,10.095524
27.39,5.474745,45.702602,-0.089143716,0.41856453,10.095731
27.4,5.47601,45.717876,-0.08927348,0.419517,10.095942
27.41,5.4772725,45.73312,-0.089402884,0.42046982,10.096152
27.42,5.4785323,45.74834,-0.089532234,0.42141968,10.096364
27.43,5.479791,45.76355,-0.08966081,0.4223727,10.096578
27.44,5.481046,45.77871,-0.08978936,0.42332265,10.096792
27.45,5.482296,45.79385,-0.089917436,0.42427233,10.097008
27.46,5.4835467,45.80895,-0.09004529,0.42522204,10.09722
27.47,5.4847956,45.824017,-0.09017214,0.42617318,10.09744
27.48,5.4860387,45.83908,-0.09029911,0.42712116,10.097659
27.49,5.48728,45.85411,-0.090425685,0.42807025,10.097877
27.5,5.4885206,45.8691,-0.090551786,0.42902014,10.098094
27.51,5.4897566,45.884064,-0.09067791,0.42996535,10.098316
27.52,5.490994,45.899025,-0.090803355,0.43091387,10.098533
27.53,5.492227,45.91391,-0.09092859,0.43186298,10.098756
27.54,5.4934554,45.928814,-0.0910531,0.43280828,10.098971
27.55,5.4946856,45.943687,-0.09117778,0.4337553,10.099201
27.56,5.4959097,45.95851,-0.09130186,0.43470022,10.099426
27.57,5.497133,45.97332,-0.091425344,0.43564516,10.09965
27.58,5.4983544,45.98809,-0.091548964,0.43659043,10.099874
27.59,5.499573,46.002842,-0.09167187,0.43753532,10.100101
27.6,5.5007896,46.017574,-0.09179432,0.4384798,10.1003275
27.61,5.5020037,46.032272,-0.09191668,0.43942285,10.100554
27.62,5.5032144,46.04694,-0.09203863,0.44036654,10.100782
27.63,5.5044227,46.06156,-0.09216015,0.4413098,10.101013
27.64,5.505631,46.076206,-0.092281416,0.44225103,10.101245
27.65,5.5068345,46.090763,-0.092402235,0.44319376,10.101475
27.66,5.508037,46.105343,-0.092522524,0.44413647,10.101708
27.67,5.5092363,46.119873,-0.092642605,0.4450762,10.101939
27.68,5.510434,46.13439,-0.092762604,0.4460171,10.102174
27.69,5.511628,46.148876,-0.092881955,0.44695714,10.1024065
27.7,5.5128193,46.16333,-0.09300113,0.44789743,10.10264
27.71,5.5140114,46.177757,-0.09311969,0.44883844,10.102878
27.72,5.5151987,46.192165,-0.09323802,0.44977698,10.103115
27.73,5.5163865,46.20654,-0.09335622,0.45071316,10.103353
27.74,5.5175686,46.220894,-0.09347369,0.45165384,10.103585
27.75,5.51875,46.235226,-0.09359141,0.45258904,10.103825
27.76,5.5199294,46.249508,-0.09370783,0.45352688,10.104066
27.77,5.5211043,46.26379,-0.09382433,0.45446414,10.104305
27.78,5.5222807,46.278046,-0.09394068,0.4553996,10.104546
27.79,5.5234523,46.292267,-0.094056636,0.4563362,10.104785
27.8,5.524622,46.306442,-0.094172284,0.45727098,10.105031
27.81,5.52579,46.32063,-0.094287544,0.45820525,10.10527
27.82,5.526955,46.334763,-0.0944024,0.45913798,10.105517
27.83,5.5281196,46.34888,-0.09451656,0.46007565,10.105758
27.84,5.5292783,46.36298,-0.094630994,0.46100545,10.106005
27.85,5.5304375,46.377033,-0.09474476,0.4619392,10.10625
27.86,5.531594,46.39106,-0.094858274,0.4628706,10.106495
27.87,5.5327477,46.405094,-0.09497135,0.46380326,10.106746
27.88,5.5338993,46.419064,-0.09508396,0.46473417,10.106988
27.89,5.5350485,46.43304,-0.09519627,0.46566668,10.107241
27.9,5.5361953,46.446964,-0.09530838,0.4665951,10.107488
27.91,5.5373454,46.46088,-0.095420174,0.46752414,10.107738
27.92,5.5384855,46.474773,-0.09553153,0.468455,10.107989
27.93,5.539626,46.488647,-0.095642656,0.4693837,10.108241
27.94,5.540766,46.502472,-0.09575335,0.47031212,10.108491
27.95,5.5419016,46.516277,-0.09586354,0.47123927,10.108746
27.96,5.543035,46.53006,-0.095973834,0.4721656,10.108997
27.97,5.544168,46.543842,-0.096083306,0.47309363,10.109252
27.98,5.5452986,46.55757,-0.09619268,0.47402024,10.109505
27.99,5.546427,46.571278,-0.09630181,0.47494593,10.109763
28.0,5.5475507,46.584972,-0.09641028,0.47587097,10.110016
28.01,5.5486746,46.59861,-0.096518494,0.476795,10.110274
28.02,5.5497975,46.61227,-0.09662663,0.47772026,10.110528
28.03,5.550916,46.625874,-0.09673417,0.47864443,10.110789
28.04,5.5520334,46.63948,-0.09684136,0.47956806,10.111049
28.05,5.553148,46.653027,-0.0969482,0.4804896,10.111301
28.06,5.5542603,46.666576,-0.09705471,0.48141155,10.111566
28.07,5.5553718,46.680084,-0.09716145,0.4823319,10.111825
28.08,5.5564775,46.693577,-0.09726726,0.48325402,10.1120825
28.09,5.5575852,46.707035,-0.09737292,0.4841772,10.112346
28.1,5.55869,46.72047,-0.097478,0.48509395,10.112608
28.11,5.559793,46.733875,-0.09758286,0.48601612,10.11287
28.12,5.560892,46.747284,-0.097687475,0.48693505,10.113133
28.13,5.5619893,46.760654,-0.09779187,0.48785195,10.1133995
28.14,5.563085,46.774006,-0.097895645,0.4887699,10.113662
28.15,5.5641804,46.787308,-0.097999096,0.48968783,10.113926
28.16,5.5652714,46.800606,-0.09810277,0.49060434,10.114192
28.17,5.566363,46.81389,-0.09820552,0.49152142,10.11446
28.18,5.56745,46.827126,-0.098308176,0.49243686,10.114726
28.19,5.5685334,46.840343,-0.09841049,0.49335045,10.11499
28.2,5.569616,46.853558,-0.09851239,0.4942649,10.11526
28.21,5.570698,46.866726,-0.098613925,0.4951784,10.115529
28.22,5.571777,46.879875,-0.09871524,0.49609303,10.115795
28.23,5.5728536,46.89301,-0.09881607,0.49700555,10.116067
28.24,5.57393,46.906124,-0.09891675,0.49791738,10.116335
28.25,5.575002,46.919186,-0.09901719,0.49883014,10.116608
28.26,5.5760727,46.93226,-0.099116884,0.4997396,10.116878
28.27,5.5771427,46.94529,-0.09921654,0.500651,10.117153
28.28,5.5782094,46.958294,-0.099316284,0.5015632,10.11742
28.29,5.5792737,46.97129,-0.09941513,0.502472,10.117694
28.3,5.5803375,46.98425,-0.099513896,0.50338084,10.117967
28.31,5.5813994,46.997185,-0.099612035,0.5042892,10.11824
28.32,5.582459,47.010105,-0.09971011,0.5051966,10.118512
28.33,5.583514,47.02299,-0.09980766,0.5061032,10.118789
28.34,5.584567,47.035862,-0.099905215,0.50701123,10.119067
28.35,5.585621,47.048733,-0.10000246,0.5079177,10.11934
28.36,5.5866733,47.06155,-0.10009916,0.50882334,10.119619
28.37,5.5877194,47.074345,-0.10019551,0.5097282,10.119898
28.38,5.588766,47.087112,-0.100291386,0.51063114,10.1201725
28.39,5.5898094,47.099873,-0.100387625,0.5115348,10.120454
28.4,5.590854,47.112606,-0.100483075,0.5124378,10.120729
28.41,5.591894,47.12532,-0.10057808,0.5133417,10.121004
28.42,5.5929337,47.138012,-0.10067313,0.51424307,10.1212845
28.43,5.59397,47.15067,-0.100767285,0.51514655,10.121567
28.44,5.5950046,47.16331,-0.1008617,0.5160454,10.121846
28.45,5.5960383,47.175922,-0.1009553,0.51694643,10.122129
28.46,5.597069,47.18854,-0.10104906,0.51784605,10.122412
28.47,5.598097,47.201088,-0.101142555,0.5187443,10.122691
28.48,5.599124,47.21365,-0.10123532,0.51964414,10.122972
28.49,5.6001496,47.22618,-0.10132806,0.52054197,10.123256
28.5,5.601172,47.23868,-0.10142028,0.52143884,10.123539
28.51,5.602194,47.251183,-0.1015123,0.52233577,10.123823
28.52,5.6032133,47.26365,-0.101604044,0.52323055,10.124107
28.53,5.6042304,47.276077,-0.10169527,0.5241262,10.124393
28.54,5.605247,47.2885,-0.10178663,0.5250246,10.12468
28.55,5.606262,47.300896,-0.10187756,0.52591556,10.124962
28.56,5.6072707,47.313267,-0.10196801,0.5268107,10.125251
28.57,5.608281,47.325607,-0.10205818,0.5277024,10.125533
28.58,5.6092877,47.33794,-0.10214793,0.52859586,10.125822
28.59,5.6102943,47.35025,-0.10223758,0.5294875,10.126111
28.6,5.611296,47.36254,-0.102326885,0.5303799,10.126398
28.61,5.612299,47.37481,-0.102415785,0.53127027,10.126682
28.62,5.6133,47.387043,-0.10250439,0.53216106,10.126974
28.63,5.6142993,47.399254,-0.10259258,0.5330478,10.127264
28.64,5.6152935,47.41146,-0.10268055,0.5339399,10.12755
28.65,5.6162896,47.423645,-0.10276857,0.53482616,10.127842
28.66,5.617281,47.43581,-0.102855876,0.5357144,10.128133
28.67,5.6182704,47.447918,-0.10294302,0.5366014,10.128421
28.68,5.619262,47.46004,-0.10302993,0.5374882,10.128712
28.69,5.620246,47.472134,-0.10311648,0.5383751,10.129005
28.7,5.6212325,47.484196,-0.10320271,0.53925866,10.129296
28.71,5.6222153,47.496243,-0.10328877,0.54014283,10.129589
28.72,5.6231976,47.508274,-0.103374235,0.5410276,10.129879
28.73,5.6241755,47.520287,-0.10345949,0.54191005,10.130176
28.74,5.6251545,47.53226,-0.10354483,0.54279274,10.130468
28.75,5.62613,47.54422,-0.10362938,0.5436756,10.130764
28.76,5.6271048,47.55617,-0.103714004,0.5445583,10.131058
28.77,5.6280775,47.568077,-0.1037984,0.54543674,10.13135
28.78,5.629047,47.579994,-0.10388216,0.5463187,10.131647
28.79,5.630015,47.591866,-0.10396586,0.5471963,10.131941
28.8,5.630981,47.603714,-0.10404881,0.54807657,10.132238
28.81,5.6319475,47.61556,-0.10413206,0.54895484,10.132532
28.82,5.6329107,47.627377,-0.104214765,0.5498319,10.132829
28.83,5.633871,47.639145,-0.104297034,0.5507106,10.133126
28.84,5.634831,47.650948,-0.10437938,0.55158454,10.133426
28.85,5.635789,47.66271,-0.10446099,0.5524632,10.133719
28.86,5.636745,47.674435,-0.10454259,0.5533373,10.134017
28.87,5.6376987,47.686157,-0.10462405,0.5542136,10.1343155
28.88,5.63865,47.697815,-0.10470474,0.5550848,10.134615
28.89,5.6396003,47.709484,-0.10478551,0.5559591,10.134915
28.9,5.6405506,47.721153,-0.104866214,0.5568296,10.135215
28.91,5.641497,47.73278,-0.104946025,0.5577031,10.135512
28.92,5.6424403,47.744385,-0.10502601,0.55857503,10.135813
28.93,5.6433845,47.75598,-0.10510563,0.559444,10.136115
28.94,5.6443276,47.767548,-0.105184816,0.56031394,10.136414
28.95,5.645267,47.779114,-0.10526388,0.5611843,10.136715
28.96,5.646206,47.790627,-0.105342664,0.562053,10.137013
28.97,5.6471395,47.802128,-0.10542125,0.5629216,10.137318
28.98,5.648077,47.81361,-0.105499126,0.56378835,10.137619
28.99,5.6490088,47.825092,-0.1055771,0.5646562,10.137921
29.0,5.6499386,47.836536,-0.10565483,0.56552255,10.138223
29.01,5.6508694,47.84797,-0.10573211,0.5663873,10.138525
29.02,5.6517954,47.85936,-0.1058093,0.56725234,10.13883
29.03,5.6527224,47.870754,-0.10588586,0.56811666,10.1391325
29.04,5.6536455,47.88213,-0.105962664,0.5689795,10.139438
29.05,5.6545677,47.893467,-0.10603856,0.56984216,10.13974
29.06,5.6554875,47.904793,-0.106114484,0.57070535,10.140043
29.07,5.656408,47.9161,-0.10619035,0.5715648,10.14035
29.08,5.6573253,47.92738,-0.1062656,0.5724288,10.140655
29.09,5.658239,47.93864,-0.106340826,0.57328814,10.14096
29.1,5.659154,47.949905,-0.10641555,0.5741475,10.141263
29.11,5.6600657,47.961124,-0.10649015,0.57500577,10.14157
29.12,5.6609774,47.972332,-0.106564485,0.57586396,10.141879
29.13,5.661885,47.983532,-0.10663852,0.576721,10.1421795
29.14,5.662794,47.994682,-0.10671229,0.57757753,10.142489
29.15,5.6636972,48.005848,-0.10678584,0.5784351,10.142794
29.16,5.6646023,48.016994,-0.10685895,0.57929087,10.143102
29.17,5.665502,48.0281,-0.10693234,0.5801464,10.143407
29.18,5.6664014,48.039173,-0.10700475,0.58100045,10.143717
29.19,5.667302,48.05025,-0.10707703,0.58185524,10.144028
29.2,5.6681995,48.06129,-0.10714939,0.582708,10.144332
29.21,5.669093,48.072327,-0.10722118,0.5835587,10.144642
29.22,5.6699862,48.083347,-0.10729311,0.5844111,10.144951
29.23,5.670881,48.094368,-0.10736413,0.5852631,10.145257
29.24,5.6717706,48.105328,-0.107435115,0.5861135,10.145566
29.25,5.6726584,48.116283,-0.10750641,0.58696294,10.145874
29.26,5.673546,48.12722,-0.10757677,0.5878106,10.146187
29.27,5.6744285,48.138145,-0.107647195,0.5886605,10.146497
29.28,5.6753125,48.149055,-0.107717365,0.58950746,10.146806
29.29,5.6761966,48.159943,-0.10778709,0.5903554,10.147116
29.3,5.677077,48.17078,-0.10785662,0.5912008,10.147426
29.31,5.6779547,48.18164,-0.10792564,0.59204805,10.147737
29.32,5.67883,48.192467,-0.10799498,0.5928918,10.14805
29.33,5.6797047,48.203278,-0.10806383,0.59373534,10.148361
29.34,5.68058,48.214054,-0.10813236,0.59457994,10.14867
29.35,5.6814523,48.224834,-0.108200654,0.59542215,10.148981
29.36,5.682324,48.23559,-0.10826847,0.59626645,10.149294
29.37,5.6831923,48.24632,-0.10833647,0.5971065,10.149604
29.38,5.6840596,48.25702,-0.10840379,0.59794784,10.149918
29.39,5.684925,48.267727,-0.10847113,0.5987881,10.15023
29.4,5.685789,48.278393,-0.108538195,0.59962946,10.150541
29.41,5.686652,48.289062,-0.10860506,0.60046715,10.150856
29.42,5.687513,48.2997,-0.108671464,0.6013067,10.15117
29.43,5.688371,48.310314,-0.10873761,0.6021445,10.151484
29.44,5.6892295,48.320908,-0.10880365,0.6029794,10.151796
29.45,5.6900864,48.33152,-0.10886967,0.60381556,10.15211
29.46,5.690941,48.342083,-0.10893512,0.60465246,10.152426
29.47,5.6917925,48.352654,-0.10900031,0.60548735,10.152736
29.48,5.6926446,48.363148,-0.10906538,0.6063209,10.153053
29.49,5.693494,48.373676,-0.10913013,0.6071543,10.153366
29.5,5.6943436,48.384163,-0.10919467,0.60798746,10.153677
29.51,5.695189,48.394634,-0.1092588,0.6088189,10.153996
29.52,5.6960354,48.405098,-0.10932287,0.60965115,10.154305
29.53,5.6968794,48.415535,-0.10938677,0.610482,10.154626
29.54,5.6977196,48.42597,-0.1094503,0.61131215,10.154938
29.55,5.698561,48.43637,-0.109513834,0.6121424,10.155253
29.56,5.699401,48.446766,-0.10957666,0.6129715,10.15557
29.57,5.7002378,48.457134,-0.10963962,0.6137996,10.155884
29.58,5.701072,48.46746,-0.10970216,0.6146263,10.1561985
29.59,5.7019067,48.477818,-0.10976449,0.61545354,10.156518
29.6,5.7027397,48.488136,-0.10982678,0.6162788,10.156835
29.61,5.7035704,48.498417,-0.10988848,0.6171037,10.157148
29.62,5.7044005,48.508698,-0.109949924,0.6179294,10.157468
29.63,5.705228,48.518986,-0.11001156,0.6187539,10.157782
29.64,5.7060533,48.52921,-0.11007252,0.6195752,10.158099
29.65,5.70688,48.53944,-0.110133626,0.6204002,10.158417
29.66,5.707703,48.54965,-0.11019439,0.62122065,10.158733
29.67,5.7085247,48.559837,-0.110254906,0.6220435,10.159051
29.68,5.7093463,48.570026,-0.11031521,0.6228625,10.159366
29.69,5.7101655,48.580185,-0.1103751,0.62368387,10.159686
29.7,5.7109814,48.590332,-0.11043495,0.6244993,10.160001
29.71,5.7117987,48.60044,-0.110494144,0.6253227,10.160319
29.72,5.712612,48.610535,-0.11055381,0.6261372,10.160638
29.73,5.7134256,48.620644,-0.11061267,0.62695616,10.160957
29.74,5.7142353,48.630726,-0.110671535,0.62777156,10.161271
29.75,5.715046,48.64077,-0.1107301,0.62858933,10.161592
29.76,5.7158556,48.650814,-0.110788465,0.6294039,10.161907
29.77,5.716663,48.660835,-0.11084682,0.6302187,10.16223
29.78,5.7174687,48.67083,-0.11090459,0.63103044,10.162547
29.79,5.718272,48.68083,-0.11096229,0.63184345,10.162864
29.8,5.7190757,48.69079,-0.11102004,0.63265455,10.163182
29.81,5.7198772,48.700756,-0.11107714,0.63346744,10.163504
29.82,5.7206745,48.710682,-0.11113397,0.6342779,10.163823
29.83,5.721473,48.720615,-0.111190826,0.635089,10.16414
29.84,5.7222714,48.73052,-0.11124746,0.63589686,10.164461
29.85,5.723067,48.7404,-0.111303926,0.63670766,10.16478
29.86,5.723859,48.750263,-0.11136008,0.6375156,10.165098
29.87,5.7246513,48.76012,-0.11141584,0.6383224,10.165419
29.88,5.7254424,48.769962,-0.11147158,0.63913023,10.165736
29.89,5.726232,48.77977,-0.11152737,0.6399361,10.166057
29.9,5.727021,48.78958,-0.11158239,0.6407417,10.166376
29.91,5.7278056,48.79937,-0.11163746,0.6415454,10.166696
29.92,5.728591,48.80915,-0.11169232,0.6423486,10.167015
29.93,5.729375,48.81891,-0.11174688,0.64315283,10.167334
29.94,5.7301598,48.82863,-0.111800976,0.64395493,10.167656
29.95,5.730938,48.838352,-0.111855455,0.6447559,10.1679735
29.96,5.7317157,48.848038,-0.11190955,0.64555866,10.168296
29.97,5.7324944,48.85777,-0.1119633,0.6463583,10.168617
29.98,5.7332726,48.86741,-0.11201649,0.64715916,10.168937
29.99,5.7340484,48.87708,-0.11207015,0.6479569,10.169257
30.0,5.7348228,48.886696,-0.112123154,0.6487567,10.169579
30.01,5.7355933,48.89634,-0.11217632,0.64955336,10.169895
30.02,5.7363653,48.905926,-0.112228714,0.65035087,10.170217
30.03,5.7371373,48.915546,-0.112281084,0.6511483,10.170536
30.04,5.7379017,48.9251,-0.112333484,0.6519444,10.170861
30.05,5.7386694,48.934658,-0.11238535,0.65273786,10.171185
30.06,5.7394342,48.944202,-0.11243728,0.65353096,10.171501
30.07,5.740199,48.95374,-0.11248906,0.65432465,10.171821
30.08,5.740959,48.963234,-0.112540275,0.65511924,10.172142
30.09,5.741723,48.972733,-0.11259167,0.6559097,10.172462
30.1,5.7424827,48.982246,-0.112642355,0.6567027,10.172783
30.11,5.743242,48.99168,-0.112693585,0.6574935,10.173104
30.12,5.7439957,49.001114,-0.11274379,0.6582842,10.173425
30.13,5.744753,49.01058,-0.11279424,0.65907216,10.173746
30.14,5.7455053,49.019997,-0.112844676,0.6598613,10.174069
30.15,5.7462583,49.029385,-0.112894535,0.66064954,10.174391
30.16,5.747011,49.038757,-0.11294412,0.66143644,10.174709
30.17,5.7477612,49.048138,-0.11299401,0.6622239,10.175035
30.18,5.748509,49.057487,-0.11304336,0.663009,10.175355
30.19,5.7492566,49.066822,-0.113092616,0.66379297,10.1756735
30.2,5.7500043,49.076157,-0.113141365,0.66457963,10.175995
30.21,5.750748,49.085453,-0.11319015,0.6653616,10.176316
30.22,5.75149,49.09474,-0.11323877,0.6661457,10.176639
30.23,5.7522335,49.10404,-0.113287,0.66692823,10.176959
30.24,5.7529736,49.11327,-0.11333531,0.66771114,10.177282
30.25,5.753711,49.122513,-0.11338317,0.66848975,10.177606
30.26,5.7544513,49.131756,-0.113430955,0.66927063,10.177924
30.27,5.755188,49.140965,-0.113478675,0.67005193,10.178246
30.28,5.755923,49.150173,-0.113525905,0.67082816,10.178568
30.29,5.7566557,49.159348,-0.11357299,0.6716066,10.178886
30.3,5.7573876,49.168503,-0.11362014,0.6723859,10.179211
30.31,5.7581186,49.177673,-0.11366697,0.6731606,10.179533
30.32,5.7588506,49.186794,-0.113713495,0.6739377,10.179853
30.33,5.7595797,49.195934,-0.11375977,0.67471296,10.180177
30.34,5.760305,49.205032,-0.11380628,0.6754874,10.180495
30.35,5.7610316,49.214134,-0.11385236,0.67626214,10.180819
30.36,5.7617545,49.223194,-0.11389803,0.67703515,10.181145
30.37,5.7624803,49.23227,-0.11394371,0.67780757,10.18146
30.38,5.7632008,49.241314,-0.11398922,0.6785787,10.181784
30.39,5.7639217,49.250347,-0.114034384,0.67935157,10.182106
30.4,5.764641,49.259377,-0.11407935,0.6801225,10.182428
30.41,5.7653584,49.26838,-0.11412419,0.6808902,10.182748
30.42,5.766077,49.277363,-0.114169344,0.6816607,10.183068
30.43,5.7667923,49.28633,-0.11421342,0.68242955,10.183391
30.44,5.767506,49.295307,-0.11425779,0.6831956,10.18371
30.45,5.7682185,49.304234,-0.114301994,0.68396145,10.184033
30.46,5.768931,49.31316,-0.114346154,0.6847277,10.184352
30.47,5.769641,49.322094,-0.11438976,0.68549556,10.184675
30.48,5.770352,49.330994,-0.11443335,0.68625975,10.184998
30.49,5.771058,49.339867,-0.11447662,0.68702275,10.185322
30.5,5.7717648,49.348743,-0.11452001,0.68778753,10.185641
30.51,5.772471,49.357594,-0.114563,0.6885502,10.18596
30.52,5.7731733,49.366432,-0.114605844,0.68931305,10.186283
30.53,5.773875,49.375275,-0.11464837,0.6900729,10.186602
30.54,5.774578,49.384075,-0.114690945,0.6908337,10.186927
30.55,5.7752776,49.39287,-0.114733174,0.69159305,10.187247
30.56,5.775977,49.401657,-0.11477552,0.6923531,10.187569
30.57,5.776675,49.41044,-0.11481692,0.6931119,10.187889
30.58,5.7773724,49.41918,-0.11485924,0.69386965,10.188212
30.59,5.7780676,49.427917,-0.11490077,0.6946278,10.188533
30.6,5.77876,49.436657,-0.114941984,0.6953834,10.188852
30.61,5.7794547,49.445377,-0.114983425,0.69613844,10.189174
30.62,5.7801433,49.454056,-0.11502437,0.69689536,10.189494
30.63,5.7808347,49.46273,-0.115065336,0.69764954,10.1898155
30.64,5.781524,49.471416,-0.11510618,0.69840336,10.190136
30.65,5.7822127,49.48006,-0.11514659,0.6991545,10.190457
30.66,5.7828984,49.488716,-0.11518681,0.69990706,10.190778
30.67,5.7835817,49.497337,-0.115227,0.7006597,10.191099
30.68,5.784266,49.50593,-0.11526713,0.7014102,10.191421
30.69,5.784949,49.514557,-0.11530703,0.7021596,10.191743
30.7,5.7856317,49.52313,-0.115346566,0.7029092,10.192061
30.71,5.786311,49.531704,-0.11538608,0.7036581,10.192381
30.72,5.7869906,49.540268,-0.11542547,0.70440626,10.192703
30.73,5.7876678,49.548805,-0.11546482,0.7051528,10.193023
30.74,5.7883444,49.55734,-0.11550352,0.7058986,10.193341
30.75,5.789019,49.56586,-0.11554219,0.7066464,10.193663
30.76,5.789695,49.57436,-0.115581006,0.70739233,10.193982
30.77,5.790367,49.582848,-0.115619585,0.7081362,10.194305
30.78,5.7910385,49.59132,-0.11565785,0.7088803,10.194625
30.79,5.791711,49.599777,-0.115696,0.70962375,10.194944
30.8,5.79238,49.608204,-0.11573374,0.7103662,10.195264
30.81,5.7930474,49.616653,-0.11577128,0.7111072,10.195584
30.82,5.7937145,49.62506,-0.11580935,0.7118482,10.195905
30.83,5.7943807,49.633484,-0.11584695,0.7125893,10.196225
30.84,5.795047,49.641876,-0.1158842,0.71333,10.196547
30.85,5.7957077,49.65025,-0.115921274,0.71406806,10.196867
30.86,5.796372,49.65861,-0.11595827,0.71480566,10.197184
30.87,5.797031,49.66696,-0.11599505,0.7155441,10.197504
30.88,5.797693,49.675312,-0.1160315,0.71627903,10.197821
30.89,5.798351,49.68362,-0.116068244,0.7170167,10.198141
30.9,5.799007,49.691925,-0.11610451,0.7177524,10.198461
30.91,5.7996645,49.70025,-0.11614065,0.71848667,10.198779
30.92,5.800321,49.70853,-0.116176605,0.71921945,10.199097
30.93,5.800976,49.71678,-0.11621256,0.71995556,10.199422
30.94,5.801628,49.72506,-0.1162481,0.7206872,10.199737
30.95,5.802279,49.73329,-0.11628358,0.72141916,10.200053
30.96,5.8029284,49.74153,-0.11631906,0.7221509,10.200376
30.97,5.80358,49.749725,-0.11635463,0.7228803,10.200693
30.98,5.8042254,49.75794,-0.11638944,0.72361153,10.201011
30.99,5.804873,49.766144,-0.11642443,0.7243398,10.201331
31.0,5.8055205,49.77431,-0.11645909,0.7250687,10.201649
31.01,5.8061657,49.782497,-0.11649354,0.7257962,10.201966
31.02,5.8068094,49.79063,-0.116527915,0.72652435,10.202288
31.03,5.807453,49.79878,-0.11656214,0.72725105,10.202601
31.04,5.8080926,49.806904,-0.11659634,0.7279761,10.202922
31.05,5.808732,49.81501,-0.11663042,0.72870076,10.20324
31.06,5.809371,49.823112,-0.11666416,0.7294242,10.20356
31.07,5.8100085,49.831223,-0.11669782,0.73014957,10.2038765
31.08,5.810645,49.839268,-0.116731495,0.73087096,10.204194
31.09,5.8112817,49.84735,-0.116764724,0.73159254,10.20451
31.1,5.8119164,49.855392,-0.116797954,0.73231655,10.204829
31.11,5.8125486,49.863434,-0.116830915,0.73303604,10.205147
31.12,5.813182,49.87144,-0.116864175,0.7337574,10.205462
31.13,5.813814,49.87946,-0.11689639,0.7344767,10.205781
31.14,5.8144426,49.887447,-0.11692932,0.7351942,10.206099
31.15,5.8150706,49.895462,-0.116961524,0.7359137,10.206413
31.16,5.8157005,49.90341,-0.11699407,0.7366307,10.206732
31.17,5.8163266,49.911346,-0.117026106,0.7373474,10.207047
31.18,5.816952,49.919323,-0.11705829,0.7380634,10.207366
31.19,5.8175735,49.92725,-0.11708999,0.7387792,10.207681
31.2,5.8181996,49.93517,-0.11712165,0.7394928,10.207998
31.21,5.8188224,49.94308,-0.11715299,0.7402076,10.208314
31.22,5.819443,49.950977,-0.11718477,0.7409197,10.208631
31.23,5.8200655,49.95886,-0.11721589,0.7416336,10.208944
31.24,5.8206835,49.966736,-0.11724694,0.74234414,10.209262
31.25,5.821298,49.974586,-0.11727828,0.74305636,10.209576
31.26,5.821917,49.98244,-0.11730887,0.74376655,10.209891
31.27,5.822532,49.990273,-0.117339626,0.74447703,10.210208
31.28,5.823147,49.998096,-0.11737016,0.74518424,10.2105255
31.29,5.823762,50.005924,-0.11740072,0.74589366,10.210837
31.3,5.8243732,50.0137,-0.11743082,0.74660045,10.211154
31.31,5.8249865,50.021477,-0.11746083,0.747308,10.21147
31.32,5.825595,50.02926,-0.11749078,0.7480147,10.211784
31.33,5.826204,50.037006,-0.11752084,0.74872047,10.212101
31.34,5.826813,50.044773,-0.11755048,0.7494258,10.212414
31.35,5.82742,50.0525,-0.1175801,0.7501296,10.212731
31.36,5.8280263,50.060238,-0.117609516,0.7508306,10.213042
31.37,5.828633,50.067936,-0.11763857,0.7515378,10.213356
31.38,5.829234,50.07564,-0.11766784,0.752239,10.213672
31.39,5.829836,50.083324,-0.117696926,0.75294006,10.2139845
31.4,5.8304386,50.090984,-0.117726,0.7536397,10.214298
31.41,5.831039,50.098648,-0.11775467,0.75434065,10.214612
31.42,5.831638,50.106308,-0.117783144,0.755039,10.214924
31.43,5.832236,50.11395,-0.11781144,0.75573844,10.215239
31.44,5.832834,50.12156,-0.11783993,0.7564353,10.2155485
31.45,5.8334317,50.129173,-0.11786808,0.7571335,10.215864
31.46,5.834026,50.136776,-0.117896006,0.75783056,10.216177
31.47,5.834621,50.144367,-0.117924124,0.75852615,10.216491
31.48,5.8352156,50.15195,-0.117951855,0.7592213,10.216804
31.49,5.835806,50.159523,-0.11797956,0.7599169,10.217118
31.5,5.8363986,50.16708,-0.11800733,0.76061106,10.217433
31.51,5.836986,50.17462,-0.11803469,0.7613036,10.217744
31.52,5.837578,50.182137,-0.11806175,0.7619979,10.218053
31.53,5.8381653,50.18967,-0.118089154,0.76268727,10.218366
31.54,5.8387527,50.197174,-0.11811599,0.76338077,10.218676
31.55,5.839338,50.204662,-0.11814278,0.76407105,10.218992
31.56,5.839924,50.212154,-0.118169606,0.76476085,10.219302
31.57,5.840508,50.219624,-0.11819588,0.7654494,10.219612
31.58,5.8410897,50.227077,-0.118222505,0.76613736,10.219923
31.59,5.8416715,50.23454,-0.11824894,0.76682454,10.220234
31.6,5.8422537,50.241966,-0.118275136,0.7675133,10.220544
31.61,5.8428335,50.249393,-0.11830105,0.76819986,10.220855
31.62,5.843413,50.256813,-0.118327186,0.7688837,10.221168
31.63,5.8439918,50.26422,-0.11835304,0.7695713,10.221478
31.64,5.844566,50.27161,-0.11837855,0.7702561,10.221785
31.65,5.8451433,50.278988,-0.11840445,0.7709373,10.222097
31.66,5.8457174,50.286366,-0.11842957,0.77162087,10.22241
31.67,5.846292,50.29372,-0.11845517,0.7723039,10.22272
31.68,5.8468647,50.301044,-0.11848037,0.77298415,10.223024
31.69,5.8474374,50.308395,-0.11850539,0.7736652,10.223333
31.7,5.8480067,50.3157,-0.11853029,0.7743462,10.223646
31.71,5.848577,50.323017,-0.11855513,0.7750265,10.223952
31.72,5.849145,50.330338,-0.118579954,0.77570385,10.224263
31.73,5.849713,50.3376,-0.1186046,0.7763827,10.224571
31.74,5.8502827,50.344883,-0.11862926,0.77706057,10.224879
31.75,5.850847,50.35216,-0.11865345,0.7777368,10.225188
31.76,5.85141,50.359417,-0.11867738,0.7784124,10.225497
31.77,5.851973,50.36666,-0.11870159,0.7790895,10.225807
31.78,5.852537,50.373886,-0.11872566,0.77976304,10.226112
31.79,5.853101,50.381104,-0.11874974,0.78043765,10.226418
31.8,5.8536615,50.38831,-0.11877303,0.78110987,10.226731
31.81,5.8542223,50.39552,-0.11879687,0.7817851,10.227038
31.82,5.854779,50.402702,-0.11882037,0.7824561,10.227345
31.83,5.855338,50.40989,-0.118843585,0.7831289,10.227653
31.84,5.8558927,50.417046,-0.11886713,0.7837987,10.227957
31.85,5.8564506,50.424202,-0.11889018,0.7844685,10.228269
31.86,5.857005,50.43136,-0.11891331,0.785138,10.228574
31.87,5.85756,50.438473,-0.118936,0.7858075,10.228876
31.88,5.858114,50.445602,-0.118958816,0.7864753,10.229181
31.89,5.858666,50.452694,-0.11898145,0.787143,10.229491
31.9,5.8592153,50.459805,-0.11900394,0.7878095,10.229797
31.91,5.859766,50.466877,-0.119026676,0.78847593,10.230102
31.92,5.860316,50.473957,-0.11904886,0.78914154,10.230409
31.93,5.8608656,50.481037,-0.119071096,0.7898057,10.230715
31.94,5.861411,50.48811,-0.11909321,0.7904703,10.231019
31.95,5.861959,50.495136,-0.119115084,0.79113394,10.231327
31.96,5.862506,50.502182,-0.119136825,0.79179627,10.231626
31.97,5.863048,50.50919,-0.11915888,0.79245836,10.231934
31.98,5.863593,50.51622,-0.119180486,0.7931192,10.232237
31.99,5.864135,50.523216,-0.11920208,0.79378116,10.232542
32.0,5.864676,50.53022,-0.11922349,0.7944401,10.232844
32.01,5.865217,50.537174,-0.119244725,0.79509974,10.23315
32.02,5.865758,50.54415,-0.11926597,0.79575765,10.233454
32.03,5.8662972,50.55111,-0.11928691,0.7964173,10.233758
32.04,5.8668346,50.558064,-0.11930801,0.79707384,10.234062
32.05,5.867371,50.565006,-0.11932908,0.7977303,10.234361
32.06,5.8679094,50.57192,-0.11934967,0.79838604,10.234664
32.07,5.868443,50.57884,-0.11937009,0.79904133,10.234968
32.08,5.8689766,50.585766,-0.11939071,0.7996964,10.235273
32.09,5.86951,50.59264,-0.1194115,0.8003496,10.235573
32.1,5.870043,50.599518,-0.11943157,0.8010031,10.23588
32.11,5.8705754,50.606415,-0.119452,0.8016557,10.236178
32.12,5.8711057,50.613274,-0.11947191,0.8023077,10.236479
32.13,5.871635,50.62013,-0.119491845,0.80296063,10.236781
32.14,5.872163,50.626976,-0.11951169,0.80361,10.2370825
32.15,5.8726926,50.63381,-0.119531795,0.8042611,10.237385
32.16,5.873218,50.640614,-0.119551405,0.80490994,10.237686
32.17,5.873745,50.647427,-0.119570866,0.8055584,10.2379875
32.18,5.874269,50.654217,-0.1195903,0.806207,10.238284
32.19,5.8747916,50.661022,-0.11960971,0.80685335,10.238586
32.2,5.8753166,50.66781,-0.11962873,0.8075023,10.23889
32.21,5.875838,50.67458,-0.119648024,0.80814683,10.239187
32.22,5.876361,50.681355,-0.11966711,0.80879223,10.239489
32.23,5.876883,50.6881,-0.11968593,0.8094371,10.239787
32.24,5.8774033,50.69482,-0.11970489,0.8100807,10.240087
32.25,5.8779216,50.701576,-0.119723946,0.8107241,10.240384
32.26,5.87844,50.70828,-0.119742244,0.8113688,10.240681
32.27,5.8789554,50.71499,-0.119760856,0.81201,10.240983
32.28,5.8794713,50.7217,-0.11977947,0.8126507,10.24128
32.29,5.8799887,50.728374,-0.11979751,0.8132906,10.241577
32.3,5.880501,50.73506,-0.11981599,0.81393296,10.2418785
32.31,5.881016,50.74173,-0.119834185,0.8145703,10.242177
32.32,5.8815284,50.748398,-0.119852155,0.81521046,10.242472
32.33,5.8820395,50.75505,-0.11986978,0.8158487,10.242771
32.34,5.882548,50.76168,-0.119887814,0.8164849,10.24307
32.35,5.8830595,50.76832,-0.11990559,0.81712294,10.243365
32.36,5.8835707,50.77493,-0.11992313,0.8177582,10.243666
32.37,5.8840775,50.78156,-0.11994067,0.8183944,10.243958
32.38,5.884585,50.788128,-0.11995824,0.8190277,10.24426
32.39,5.8850927,50.794724,-0.11997546,0.81966317,10.244553
32.4,5.885598,50.801304,-0.11999285,0.8202958,10.244846
32.41,5.8861017,50.807884,-0.12000997,0.8209297,10.245147
32.42,5.8866043,50.814426,-0.120027184,0.82156056,10.245441
32.43,5.8871083,50.820976,-0.1200441,0.8221932,10.245734
32.44,5.8876095,50.827538,-0.12006086,0.82282346,10.24603
32.45,5.888111,50.83406,-0.120077476,0.8234544,10.246326
32.46,5.8886123,50.840572,-0.12009442,0.8240827,10.24662
32.47,5.8891134,50.847084,-0.12011096,0.8247124,10.246916
32.48,5.8896117,50.853577,-0.12012735,0.8253414,10.247209
32.49,5.8901095,50.860092,-0.12014377,0.82596797,10.247507
32.5,5.8906074,50.86656,-0.12016,0.826596,10.2478
32.51,5.8911023,50.873028,-0.120176226,0.82722193,10.248094
32.52,5.8915987,50.879505,-0.120192245,0.82784677,10.248384
32.53,5.8920913,50.885944,-0.12020849,0.828474,10.248679
32.54,5.8925843,50.89238,-0.120224535,0.8290978,10.248972
32.55,5.8930807,50.89883,-0.12024005,0.8297205,10.249266
32.56,5.893571,50.90523,-0.12025592,0.8303451,10.2495575
32.57,5.894062,50.911655,-0.120271415,0.8309673,10.249848
32.58,5.894552,50.91808,-0.12028673,0.83158946,10.250142
32.59,5.895043,50.924465,-0.12030241,0.83220965,10.250434
32.6,5.8955293,50.930847,-0.120318025,0.8328292,10.250724
32.61,5.896019,50.93721,-0.12033309,0.8334497,10.251018
32.62,5.896505,50.94358,-0.12034842,0.83406866,10.251309
32.63,5.89699,50.949947,-0.12036316,0.83468676,10.251599
32.64,5.8974752,50.956276,-0.12037827,0.8353058,10.251891
32.65,5.89796,50.962624,-0.120393306,0.835924,10.252181
32.66,5.8984456,50.968964,-0.1204081,0.8365383,10.252473
32.67,5.898928,50.97527,-0.12042278,0.8371552,10.252761
32.68,5.8994093,50.981606,-0.12043738,0.8377703,10.253058
32.69,5.8998914,50.987873,-0.12045194,0.83838546,10.25334
32.7,5.90037,50.994175,-0.120466426,0.8390006,10.253631
32.71,5.9008517,51.00047,-0.120480955,0.8396125,10.253923
32.72,5.9013286,51.006737,-0.120495096,0.84022486,10.254212
32.73,5.901807,51.01299,-0.12050937,0.8408383,10.254499
32.74,5.9022827,51.019245,-0.120523766,0.8414484,10.254789
32.75,5.90276,51.025494,-0.12053779,0.84205985,10.255079
32.76,5.903236,51.03174,-0.12055166,0.8426713,10.255365
32.77,5.90371,51.03795,-0.120565414,0.84328014,10.255656
32.78,5.9041834,51.04418,-0.12057915,0.8438873,10.25594
32.79,5.9046574,51.05039,-0.12059289,0.84449804,10.256227
32.8,5.905128,51.05658,-0.1206065,0.8451032,10.2565155
32.81,5.9056025,51.062775,-0.12062013,0.8457113,10.2568035
32.82,5.906071,51.06896,-0.12063359,0.8463163,10.257088
32.83,5.9065413,51.075127,-0.120646805,0.8469236,10.257376
32.84,5.907011,51.081287,-0.12066029,0.8475281,10.257665
32.85,5.9074802,51.087456,-0.12067327,0.84813285,10.257948
32.86,5.907946,51.09358,-0.120686635,0.8487378,10.258237
32.87,5.908413,51.099728,-0.12069945,0.84934026,10.258524
32.88,5.9088774,51.10585,-0.12071261,0.849943,10.258806
32.89,5.9093447,51.11197,-0.12072553,0.85054415,10.25909
32.9,5.909808,51.1181,-0.12073803,0.8511454,10.259375
32.91,5.9102697,51.124165,-0.120750844,0.85174656,10.25966
32.92,5.910734,51.130257,-0.12076366,0.8523453,10.259947
32.93,5.911197,51.136337,-0.120776236,0.852945,10.26023
32.94,5.911659,51.14242,-0.120788634,0.85354406,10.260516
32.95,5.9121175,51.148476,-0.12080097,0.8541424,10.260802
32.96,5.912578,51.15454,-0.12081328,0.8547393,10.26108
32.97,5.9130363,51.160576,-0.12082544,0.85533637,10.261365
32.98,5.913496,51.166626,-0.12083778,0.8559334,10.261652
32.99,5.9139524,51.172665,-0.1208497,0.856528,10.261931
33.0,5.9144073,51.17867,-0.120861754,0.85712355,10.262216
33.01,5.914864,51.184692,-0.120873615,0.857717,10.262498
33.02,5.915319,51.190685,-0.12088548,0.8583115,10.262781
33.03,5.915774,51.196663,-0.120897084,0.85890466,10.263062
33.04,5.9162245,51.202656,-0.12090875,0.859497,10.263345
33.05,5.91668,51.208645,-0.120920494,0.8600894,10.263625
33.06,5.917131,51.21461,-0.12093194,0.8606797,10.263908
33.07,5.917585,51.220573,-0.12094355,0.8612711,10.264189
33.08,5.9180336,51.226513,-0.12095499,0.86185986,10.264468
33.09,5.9184837,51.232445,-0.12096609,0.86244994,10.264749
33.1,5.9189334,51.238396,-0.12097725,0.8630387,10.265031
33.11,5.919379,51.24432,-0.120988786,0.86362636,10.265311
33.12,5.9198265,51.25023,-0.12099944,0.86421466,10.265594
33.13,5.9202743,51.256123,-0.12101066,0.8647999,10.265871
33.14,5.920721,51.26204,-0.12102167,0.86538714,10.26615
33.15,5.921164,51.26791,-0.12103243,0.86597276,10.266426
33.16,5.921611,51.273792,-0.121043235,0.866558,10.266709
33.17,5.9220533,51.279675,-0.12105402,0.86714053,10.266987
33.18,5.9224963,51.28554,-0.121064305,0.86772734,10.267263
33.19,5.9229374,51.291393,-0.12107512,0.86830884,10.267544
33.2,5.92338,51.29723,-0.12108542,0.8688916,10.267818
33.21,5.92382,51.303066,-0.12109609,0.8694725,10.2681
33.22,5.924259,51.3089,-0.1211064,0.8700537,10.268375
33.23,5.9247003,51.314724,-0.12111643,0.8706352,10.268656
33.24,5.925137,51.320534,-0.12112659,0.87121415,10.26893
33.25,5.9255767,51.32634,-0.12113695,0.87179375,10.269205
33.26,5.9260116,51.332157,-0.1211468,0.87237364,10.2694845
33.27,5.9264483,51.337925,-0.12115674,0.8729513,10.269761
33.28,5.926886,51.343708,-0.12116669,0.8735293,10.270038
33.29,5.9273205,51.349483,-0.121176764,0.8741039,10.270312
33.3,5.927752,51.355247,-0.12118626,0.87468165,10.270587
33.31,5.928185,51.36098,-0.121196315,0.875258,10.270862
33.32,5.928618,51.36674,-0.121205896,0.8758322,10.271139
33.33,5.929053,51.37248,-0.12121518,0.87640584,10.271414
33.34,5.9294825,51.378216,-0.121225104,0.8769797,10.271692
33.35,5.9299126,51.383934,-0.12123416,0.87755316,10.27196
33.36,5.9303427,51.389645,-0.12124348,0.87812614,10.272238
33.37,5.930772,51.395348,-0.12125282,0.878698,10.272509
33.38,5.9311996,51.401047,-0.12126227,0.87926847,10.272785
33.39,5.9316263,51.40673,-0.12127119,0.8798399,10.273057
33.4,5.932057,51.412415,-0.12128055,0.8804098,10.273329
33.41,5.9324803,51.418102,-0.121289134,0.8809802,10.273603
33.42,5.932906,51.423748,-0.12129809,0.8815475,10.273878
33.43,5.93333,51.429413,-0.12130715,0.8821159,10.274146
33.44,5.933755,51.43506,-0.12131591,0.882683,10.27442
33.45,5.9341764,51.44069,-0.121324584,0.88325113,10.2746935
33.46,5.9346,51.446335,-0.121333465,0.883817,10.274963
33.47,5.935023,51.451965,-0.12134203,0.8843833,10.275236
33.48,5.9354444,51.457577,-0.12135057,0.8849489,10.275504
33.49,5.935862,51.463203,-0.12135896,0.88551265,10.275777
33.5,5.936282,51.46877,-0.121367425,0.8860775,10.276048
33.51,5.9367027,51.47436,-0.121375784,0.8866418,10.2763195
33.52,5.9371204,51.47997,-0.12138395,0.88720393,10.2765875
33.53,5.9375386,51.485535,-0.121392176,0.88776565,10.276856
33.54,5.937958,51.491096,-0.12140058,0.88832647,10.277128
33.55,5.9383736,51.49667,-0.12140846,0.88888776,10.277399
33.56,5.938788,51.502205,-0.12141684,0.8894484,10.277665
33.57,5.939203,51.50774,-0.12142448,0.8900082,10.277935
33.58,5.9396167,51.513298,-0.12143268,0.890567,10.278206
33.59,5.940032,51.518814,-0.12144004,0.8911263,10.278476
33.6,5.9404445,51.52435,-0.121448085,0.8916847,10.278742
33.61,5.9408565,51.529858,-0.12145582,0.8922414,10.279009
33.62,5.9412684,51.535362,-0.12146321,0.89279777,10.279277
33.63,5.941678,51.54088,-0.12147097,0.8933546,10.279547
33.64,5.9420896,51.54635,-0.12147862,0.89391047,10.279813
33.65,5.942499,51.55183,-0.12148608,0.8944644,10.280076
33.66,5.942909,51.557312,-0.121493444,0.8950186,10.280349
33.67,5.9433146,51.56275,-0.12150094,0.89557236,10.280609
33.68,5.9437227,51.56823,-0.12150836,0.89612657,10.280876
33.69,5.9441295,51.573673,-0.12151545,0.89667726,10.281147
33.7,5.9445357,51.57911,-0.121522546,0.8972304,10.281407
33.71,5.944941,51.584545,-0.12152946,0.89778084,10.2816725
33.72,5.9453464,51.589977,-0.12153661,0.8983336,10.281939
33.73,5.945749,51.59539,-0.121543616,0.8988819,10.282206
33.74,5.946152,51.600815,-0.12155062,0.89943093,10.282472
33.75,5.9465556,51.60621,-0.12155719,0.8999805,10.282735
33.76,5.946958,51.611618,-0.121564314,0.9005303,10.282999
33.77,5.94736,51.617,-0.12157105,0.90107733,10.283264
33.78,5.9477596,51.622375,-0.12157768,0.90162414,10.283528
33.79,5.9481606,51.627747,-0.121584296,0.9021716,10.283787
33.8,5.948559,51.63312,-0.12159072,0.90271616,10.284053
33.81,5.948958,51.638493,-0.121597335,0.903263,10.284318
33.82,5.949358,51.643833,-0.12160395,0.9038066,10.284578
33.83,5.949755,51.649185,-0.12161018,0.90435016,10.284842
33.84,5.9501505,51.654507,-0.12161648,0.9048945,10.2851
33.85,5.9505477,51.659847,-0.12162267,0.90543747,10.285365
33.86,5.9509425,51.66515,-0.12162922,0.9059803,10.2856245
33.87,5.951337,51.670486,-0.12163514,0.9065217,10.28589
33.88,5.9517317,51.67579,-0.12164126,0.9070624,10.286149
33.89,5.9521246,51.681084,-0.12164709,0.9076051,10.28641
33.9,5.952518,51.686382,-0.12165357,0.908143,10.28667
33.91,5.952911,51.691666,-0.12165919,0.90868276,10.286936
33.92,5.9533014,51.69694,-0.121664956,0.9092228,10.28719
33.93,5.953694,51.70221,-0.12167099,0.9097606,10.287452
33.94,5.9540825,51.70747,-0.12167689,0.91029876,10.287709
33.95,5.9544735,51.712708,-0.12168281,0.9108357,10.287968
33.96,5.9548607,51.717976,-0.121688545,0.9113721,10.288232
33.97,5.9552517,51.723213,-0.12169406,0.91190886,10.288489
33.98,5.955637,51.728436,-0.12169942,0.9124443,10.288747
33.99,5.956026,51.73367,-0.12170495,0.9129781,10.289006
34.0,5.9564133,51.738903,-0.12171024,0.91351247,10.289266
34.01,5.9567976,51.744102,-0.12171596,0.91404635,10.289522
34.02,5.9571824,51.74931,-0.1217214,0.91457874,10.289782
34.03,5.9575663,51.754486,-0.1217265,0.9151109,10.290038
34.04,5.9579525,51.759693,-0.12173182,0.9156442,10.290294
34.05,5.9583344,51.764877,-0.12173706,0.9161738,10.290549
34.06,5.958718,51.770058,-0.121742055,0.91670704,10.29081
34.07,5.9590993,51.77521,-0.12174721,0.917235,10.291065
34.08,5.9594812,51.780388,-0.121752486,0.91776496,10.291322
34.09,5.9598613,51.785534,-0.12175706,0.91829497,10.291577
34.1,5.960242,51.790684,-0.12176201,0.918822,10.291833
34.11,5.960622,51.795803,-0.12176685,0.9193499,10.2920885
34.12,5.961001,51.800938,-0.12177178,0.9198779,10.292342
34.13,5.96138,51.80608,-0.12177628,0.92040455,10.292595
34.14,5.9617577,51.811172,-0.121781036,0.9209309,10.292851
34.15,5.9621334,51.81629,-0.12178601,0.921456,10.293104
34.16,5.9625106,51.82139,-0.12179044,0.921981,10.293362
34.17,5.962887,51.82649,-0.12179506,0.9225052,10.293614
34.18,5.9632626,51.8316,-0.12179966,0.92302865,10.293867
34.19,5.963636,51.836674,-0.121803924,0.9235522,10.294122
34.2,5.9640107,51.84174,-0.12180874,0.92407435,10.2943735
34.21,5.9643826,51.846806,-0.12181291,0.9245962,10.294627
34.22,5.9647574,51.851875,-0.12181699,0.9251194,10.294878
34.23,5.96513,51.85693,-0.1218214,0.92563975,10.295132
34.24,5.9655,51.86197,-0.1218258,0.9261586,10.295384
34.25,5.965871,51.867016,-0.12182963,0.9266787,10.295634
34.26,5.9662414,51.87203,-0.121834114,0.92719835,10.295886
34.27,5.9666133,51.87706,-0.12183814,0.92771703,10.296137
34.28,5.9669814,51.88209,-0.121842116,0.92823476,10.29639
34.29,5.9673486,51.8871,-0.121846005,0.92875344,10.296644
34.3,5.967718,51.892094,-0.121849835,0.92926955,10.296892
34.31,5.9680862,51.897083,-0.1218538,0.92978656,10.297142
34.32,5.968451,51.902092,-0.12185758,0.9303027,10.29739
34.33,5.9688168,51.907078,-0.12186153,0.93081737,10.297644
34.34,5.969183,51.912056,-0.1218653,0.93133116,10.29789
34.35,5.969548,51.917027,-0.12186885,0.9318445,10.298139
34.36,5.969913,51.921993,-0.12187262,0.93236005,10.298389
34.37,5.970275,51.92695,-0.121876016,0.93287194,10.2986355
34.38,5.9706383,51.931892,-0.12187983,0.9333829,10.298888
34.39,5.9710035,51.936836,-0.12188345,0.9338962,10.299133
34.4,5.9713645,51.941795,-0.12188657,0.9344074,10.299382
34.41,5.9717245,51.946712,-0.12189014,0.9349187,10.299627
34.42,5.972088,51.95165,-0.12189342,0.9354284,10.299877
34.43,5.972449,51.95654,-0.1218968,0.9359389,10.300124
34.44,5.972807,51.961452,-0.1219001,0.93644756,10.30037
34.45,5.9731674,51.96638,-0.121903285,0.9369556,10.300619
34.46,5.973525,51.97126,-0.12190662,0.9374636,10.300863
34.47,5.973882,51.976135,-0.12190972,0.9379717,10.301111
34.48,5.9742393,51.98102,-0.12191287,0.9384769,10.301357
34.49,5.9745955,51.985912,-0.12191577,0.9389831,10.301601
34.5,5.974955,51.990784,-0.12191884,0.9394886,10.301847
34.51,5.975309,51.995655,-0.12192193,0.939994,10.302091
34.52,5.975664,52.000496,-0.12192479,0.94049793,10.3023405
34.53,5.976017,52.005344,-0.121927604,0.9410028,10.302582
34.54,5.9763737,52.010204,-0.121930584,0.94150573,10.302829
34.55,5.9767265,52.015026,-0.1219333,0.94200826,10.303071
34.56,5.9770765,52.01986,-0.12193595,0.9425098,10.303314
34.57,5.9774327,52.02468,-0.121938854,0.94301176,10.303556
34.58,5.9777813,52.029507,-0.12194149,0.94351417,10.303802
34.59,5.9781346,52.034298,-0.12194379,0.9440144,10.304049
34.6,5.9784846,52.039112,-0.12194671,0.9445135,10.304288
34.61,5.978833,52.043915,-0.121949166,0.9450136,10.304531
34.62,5.9791846,52.048714,-0.121951476,0.9455119,10.304773
34.63,5.979531,52.053497,-0.121953964,0.94600946,10.305012
34.64,5.979879,52.05827,-0.12195675,0.94650847,10.305258
34.65,5.9802275,52.063038,-0.12195885,0.9470053,10.305497
34.66,5.980576,52.067776,-0.121961266,0.9475018,10.305738
34.67,5.980923,52.072563,-0.12196347,0.9479982,10.305978
34.68,5.9812684,52.077316,-0.121965826,0.94849294,10.306222
34.69,5.981614,52.082066,-0.12196794,0.9489891,10.306464
34.7,5.9819565,52.08681,-0.12197018,0.94948345,10.306704
34.71,5.9823008,52.09154,-0.12197219,0.94997746,10.30694
34.72,5.982646,52.096264,-0.1219745,0.950471,10.307185
34.73,5.982991,52.10098,-0.12197612,0.950964,10.307424
34.74,5.9833345,52.105682,-0.12197831,0.9514551,10.307661
34.75,5.9836745,52.1104,-0.121980384,0.95194614,10.307899
34.76,5.984017,52.115097,-0.12198238,0.9524398,10.308135
34.77,5.984358,52.11979,-0.121984035,0.9529288,10.308375
34.78,5.9846954,52.124493,-0.12198602,0.95341915,10.3086195
34.79,5.9850364,52.12917,-0.121987775,0.95390874,10.308853
34.8,5.9853773,52.13385,-0.12198968,0.9543987,10.309092
34.81,5.985718,52.13851,-0.12199147,0.95488757,10.30933
34.82,5.986052,52.143173,-0.121993035,0.95537484,10.309567
34.83,5.986391,52.147827,-0.121994555,0.95586276,10.309801
34.84,5.9867277,52.1525,-0.121996164,0.9563487,10.310038
34.85,5.9870653,52.15713,-0.12199783,0.95683485,10.310282
34.86,5.9874024,52.161762,-0.121998936,0.95732135,10.310511
34.87,5.987737,52.166393,-0.122000664,0.95780665,10.310747
34.88,5.9880733,52.171024,-0.12200238,0.95829207,10.310983
34.89,5.9884076,52.175632,-0.12200394,0.9587762,10.311219
34.9,5.9887414,52.180252,-0.122005105,0.95925874,10.311455
34.91,5.989076,52.184868,-0.12200639,0.95974165,10.311691
34.92,5.9894094,52.189476,-0.12200773,0.96022224,10.311925
34.93,5.9897404,52.19406,-0.12200907,0.9607053,10.312156
34.94,5.9900723,52.19865,-0.12201014,0.96118736,10.312393
34.95,5.9904027,52.20323,-0.12201156,0.96166784,10.312626
34.96,5.9907336,52.20781,-0.122012585,0.96214837,10.312861
34.97,5.991065,52.21237,-0.12201372,0.96262765,10.313093
34.98,5.9913945,52.216938,-0.12201476,0.9631083,10.313327
34.99,5.991723,52.221497,-0.122015804,0.9635859,10.31356
35.0,5.9920516,52.226055,-0.12201695,0.9640648,10.313794
35.01,5.9923806,52.230602,-0.12201786,0.96454144,10.314025
35.02,5.992707,52.235153,-0.12201902,0.96501917,10.314257
35.03,5.993034,52.239666,-0.12201977,0.965496,10.3144865
35.04,5.993361,52.24421,-0.12202068,0.965972,10.314722
35.05,5.993688,52.248714,-0.12202133,0.9664473,10.314953
35.06,5.994014,52.253223,-0.122022286,0.966921,10.315182
35.07,5.9943385,52.25775,-0.12202291,0.96739686,10.315414
35.08,5.9946637,52.262253,-0.1220237,0.9678712,10.315645
35.09,5.9949856,52.266747,-0.12202458,0.968345,10.315875
35.1,5.9953103,52.271248,-0.12202491,0.96881735,10.316102
35.11,5.995635,52.27572,-0.12202591,0.96928996,10.316335
35.12,5.995957,52.280205,-0.12202613,0.9697601,10.316562
35.13,5.9962783,52.284676,-0.12202686,0.97023267,10.316793
35.14,5.9966,52.28915,-0.12202752,0.9707024,10.317027
35.15,5.99692,52.293617,-0.12202771,0.9711732,10.317249
35.16,5.997239,52.298065,-0.12202838,0.97164196,10.317481
35.17,5.9975595,52.3025,-0.12202875,0.9721111,10.317707
35.18,5.99788,52.30695,-0.12202899,0.9725809,10.317936
35.19,5.998198,52.3114,-0.12202953,0.9730494,10.318167
35.2,5.998518,52.315823,-0.122029915,0.97351635,10.318391
35.21,5.998836,52.32026,-0.122030064,0.97398293,10.318618
35.22,5.9991517,52.32468,-0.12203021,0.97444963,10.318847
35.23,5.9994698,52.32907,-0.12203041,0.97491544,10.319072
35.24,5.999785,52.333496,-0.122030914,0.9753812,10.319298
35.25,6.0001,52.337917,-0.12203111,0.9758462,10.319529
35.26,6.0004168,52.342308,-0.12203114,0.97630954,10.319749
35.27,6.0007315,52.346684,-0.122031316,0.976774,10.319976
35.28,6.0010457,52.35107,-0.12203093,0.97723645,10.320202
35.29,6.0013604,52.355457,-0.12203118,0.97770023,10.320427
35.3,6.0016704,52.359825,-0.12203154,0.9781626,10.320653
35.31,6.001984,52.364204,-0.12203115,0.9786235,10.320879
35.32,6.002299,52.36856,-0.12203112,0.9790847,10.321103
35.33,6.002611,52.372917,-0.12203111,0.97954637,10.321328
35.34,6.002921,52.37728,-0.12203127,0.9800067,10.321548
35.35,6.0032315,52.381622,-0.122030914,0.980466,10.321773
35.36,6.003544,52.385956,-0.122030824,0.9809256,10.322
35.37,6.0038533,52.390297,-0.1220305,0.9813841,10.32222
35.38,6.0041637,52.394634,-0.12202993,0.9818426,10.322445
35.39,6.004472,52.398933,-0.12203011,0.9822997,10.322668
35.4,6.0047793,52.40327,-0.12202971,0.9827559,10.322889
35.41,6.005087,52.407578,-0.122029126,0.9832131,10.323112
35.42,6.005395,52.411884,-0.1220285,0.9836703,10.323336
35.43,6.005703,52.416187,-0.1220285,0.9841241,10.323556
35.44,6.0060105,52.420452,-0.12202796,0.9845798,10.323778
35.45,6.0063157,52.424747,-0.122027636,0.98503447,10.323998
35.46,6.006621,52.42906,-0.12202713,0.98548764,10.324218
35.47,6.0069256,52.433323,-0.12202662,0.9859427,10.32444
35.48,6.00723,52.43759,-0.1220261,0.9863951,10.324659
35.49,6.0075345,52.441875,-0.122025475,0.9868473,10.32488
35.5,6.0078373,52.44611,-0.12202485,0.98729944,10.325105
35.51,6.008141,52.450382,-0.12202416,0.98775166,10.325323
35.52,6.008444,52.454628,-0.12202339,0.98820275,10.3255415
35.53,6.008747,52.45886,-0.12202285,0.9886521,10.325762
35.54,6.009047,52.46312,-0.12202212,0.989103,10.32598
35.55,6.009349,52.467327,-0.12202139,0.98955077,10.326198
35.56,6.0096507,52.47158,-0.12202093,0.99000067,10.326413
35.57,6.009952,52.4758,-0.12201986,0.9904486,10.326633
35.58,6.0102506,52.48,-0.12201901,0.9908973,10.326852
35.59,6.0105476,52.484222,-0.12201828,0.991344,10.327069
35.6,6.0108485,52.488434,-0.12201744,0.99179065,10.327288
35.61,6.0111446,52.492638,-0.122016385,0.9922374,10.327504
35.62,6.0114436,52.49684,-0.12201522,0.9926833,10.327722
35.63,6.0117416,52.50102,-0.12201424,0.9931279,10.327941
35.64,6.01204,52.505207,-0.12201342,0.9935736,10.328155
35.65,6.0123367,52.50937,-0.12201257,0.99401844,10.328374
35.66,6.0126305,52.51355,-0.122011304,0.9944616,10.328589
35.67,6.0129285,52.51771,-0.12201035,0.9949059,10.328804
35.68,6.013222,52.52188,-0.12200914,0.995347,10.329019
35.69,6.013516,52.526035,-0.12200795,0.99578875,10.329234
35.7,6.013812,52.53019,-0.122006774,0.9962324,10.329448
35.71,6.0141063,52.534344,-0.12200563,0.99667406,10.329662
35.72,6.014397,52.53847,-0.12200445,0.9971137,10.329877
35.73,6.014691,52.54261,-0.12200318,0.9975533,10.3300905
35.74,6.0149817,52.54675,-0.122001916,0.99799365,10.330306
35.75,6.0152755,52.55087,-0.122000575,0.9984336,10.330518
35.76,6.0155673,52.55498,-0.12199919,0.99887264,10.330737
35.77,6.015859,52.559105,-0.12199797,0.999311,10.33095
35.78,6.0161505,52.563198,-0.12199661,0.999748,10.3311615
35.79,6.0164394,52.56732,-0.12199493,1.0001849,10.331368
35.8,6.016729,52.57142,-0.121993706,1.0006222,10.331588
35.81,6.0170164,52.575485,-0.121992126,1.0010579,10.331798
35.82,6.017306,52.579613,-0.12199099,1.0014944,10.332008
35.83,6.017595,52.58369,-0.121989146,1.00193,10.332219
35.84,6.017883,52.58776,-0.12198782,1.0023646,10.332432
35.85,6.018171,52.591816,-0.121986225,1.0027992,10.332646
35.86,6.018456,52.595886,-0.12198456,1.0032328,10.332857
35.87,6.0187445,52.599957,-0.121983215,1.0036657,10.333068
35.88,6.0190306,52.60402,-0.12198137,1.0040979,10.33328
35.89,6.019315,52.608063,-0.12197946,1.0045311,10.333488
35.9,6.0196,52.612103,-0.12197812,1.0049629,10.333698
35.91,6.019886,52.616146,-0.121976316,1.0053943,10.33391
35.92,6.0201674,52.62017,-0.12197453,1.0058248,10.334116
35.93,6.020453,52.624214,-0.12197304,1.0062563,10.334325
35.94,6.0207357,52.628235,-0.12197116,1.0066847,10.334536
35.95,6.021019,52.63225,-0.12196955,1.0071151,10.334745
35.96,6.0213037,52.63628,-0.121967465,1.0075421,10.334951
35.97,6.021584,52.640266,-0.12196542,1.0079718,10.335161
35.98,6.021866,52.64429,-0.12196405,1.0083991,10.335369
35.99,6.0221457,52.6483,-0.12196204,1.0088265,10.335578
36.0,6.022429,52.65228,-0.12196013,1.0092525,10.335788
36.01,6.022708,52.656265,-0.121958375,1.00968,10.335994
36.02,6.022987,52.660255,-0.121956185,1.0101061,10.336199
36.03,6.0232677,52.664204,-0.12195417,1.0105308,10.336406
36.04,6.0235467,52.668213,-0.12195215,1.0109556,10.336613
36.05,6.0238256,52.67218,-0.12194994,1.0113804,10.336817
36.06,6.024104,52.676144,-0.12194815,1.0118036,10.337028
36.07,6.0243826,52.680107,-0.12194596,1.0122284,10.337229
36.08,6.0246587,52.684044,-0.121943966,1.012652,10.337439
36.09,6.0249357,52.687996,-0.12194179,1.0130726,10.337644
36.1,6.025211,52.691936,-0.12193984,1.0134966,10.337847
36.11,6.0254884,52.695896,-0.12193762,1.0139165,10.33805
36.12,6.025763,52.699825,-0.12193556,1.0143374,10.338256
36.13,6.0260386,52.70376,-0.1219331,1.0147593,10.338464
36.14,6.0263133,52.70767,-0.12193093,1.015178,10.338665
36.15,6.0265884,52.711586,-0.12192854,1.0155988,10.33887
36.16,6.026862,52.71549,-0.1219261,1.0160183,10.339072
36.17,6.0271363,52.719414,-0.12192397,1.0164365,10.339277
36.18,6.0274076,52.72331,-0.12192172,1.0168538,10.339478
36.19,6.027681,52.727203,-0.12191938,1.0172737,10.339684
36.2,6.027954,52.731106,-0.12191711,1.0176893,10.339884
36.21,6.0282245,52.735,-0.121914834,1.0181057,10.340088
36.22,6.0284967,52.738876,-0.121912256,1.0185233,10.340291
36.23,6.0287676,52.74274,-0.12191008,1.0189387,10.340492
36.24,6.0290375,52.746635,-0.12190743,1.0193541,10.340694
36.25,6.0293064,52.7505,-0.12190476,1.019768,10.340894
36.26,6.0295763,52.754364,-0.12190239,1.0201834,10.341099
36.27,6.0298476,52.75823,-0.12189996,1.0205965,10.341299
36.28,6.030116,52.762077,-0.12189761,1.0210084,10.341498
36.29,6.030385,52.765926,-0.121894926,1.0214225,10.341698
36.3,6.030653,52.769775,-0.12189227,1.0218352,10.341898
36.31,6.0309186,52.773617,-0.12188977,1.0222472,10.342099
36.32,6.031188,52.777435,-0.12188716,1.0226582,10.342297
36.33,6.0314555,52.78126,-0.12188439,1.0230695,10.342502
36.34,6.0317187,52.785114,-0.12188196,1.0234795,10.342697
36.35,6.0319858,52.788902,-0.121879295,1.0238895,10.342895
36.36,6.032251,52.792744,-0.12187667,1.0242988,10.343097
36.37,6.0325155,52.796555,-0.12187366,1.0247089,10.343295
36.38,6.0327816,52.800365,-0.12187143,1.0251184,10.343493
36.39,6.0330462,52.804157,-0.12186852,1.0255256,10.343694
36.4,6.0333095,52.807953,-0.121865794,1.0259335,10.343887
36.41,6.033575,52.811737,-0.121862724,1.0263401,10.344086
36.42,6.0338354,52.81554,-0.12185992,1.0267475,10.344287
36.43,6.0341,52.819313,-0.12185754,1.0271542,10.3444805
36.44,6.034363,52.823086,-0.121854484,1.0275599,10.344676
36.45,6.034623,52.826885,-0.12185165,1.0279638,10.344878
36.46,6.034887,52.830635,-0.12184864,1.0283705,10.345072
36.47,6.0351458,52.8344,-0.12184565,1.0287744,10.345267
36.48,6.0354075,52.838154,-0.12184277,1.0291779,10.345463
36.49,6.0356674,52.841915,-0.12183997,1.0295817,10.345661
36.5,6.0359273,52.84567,-0.12183702,1.0299832,10.345858
36.51,6.036186,52.849403,-0.121833846,1.0303869,10.346052
36.52,6.036446,52.85315,-0.121830985,1.0307901,10.346247
36.53,6.0367055,52.856884,-0.12182796,1.0311894,10.346439
36.54,6.036963,52.86061,-0.121825054,1.0315912,10.346633
36.55,6.0372205,52.864326,-0.121822014,1.0319912,10.346829
36.56,6.0374784,52.86808,-0.121818885,1.0323929,10.347024
36.57,6.0377336,52.871788,-0.121815845,1.032792,10.347217
36.58,6.0379915,52.875515,-0.121813014,1.033191,10.347414
36.59,6.038248,52.879204,-0.12180944,1.0335897,10.347605
36.6,6.0385046,52.882915,-0.12180653,1.0339888,10.3478
36.61,6.038759,52.88659,-0.12180333,1.0343857,10.34799
36.62,6.0390167,52.890297,-0.12180011,1.0347825,10.348185
36.63,6.0392694,52.89398,-0.12179704,1.0351801,10.348377
36.64,6.0395236,52.897663,-0.121794,1.0355777,10.34857
36.65,6.0397778,52.901337,-0.12179044,1.0359739,10.348759
36.66,6.04003,52.90504,-0.12178734,1.0363688,10.348954
36.67,6.040284,52.90868,-0.12178424,1.0367633,10.349142
36.68,6.040539,52.91237,-0.12178074,1.0371592,10.34934
36.69,6.0407915,52.916023,-0.12177755,1.0375531,10.349528
36.7,6.041042,52.919678,-0.12177412,1.0379467,10.349719
36.71,6.041294,52.92334,-0.12177111,1.03834,10.349908
36.72,6.041547,52.92699,-0.12176761,1.0387328,10.350098
36.73,6.041798,52.930634,-0.12176405,1.0391246,10.350289
36.74,6.0420465,52.934277,-0.12176089,1.0395164,10.350482
36.75,6.0422974,52.93789,-0.12175757,1.039908,10.350667
36.76,6.042547,52.941536,-0.1217539,1.0402988,10.350859
36.77,6.0427966,52.94515,-0.12175061,1.0406901,10.351047
36.78,6.043044,52.94877,-0.12174739,1.0410793,10.351235
36.79,6.043293,52.952377,-0.12174387,1.0414686,10.351428
36.8,6.0435433,52.955986,-0.121740445,1.0418586,10.351611
36.81,6.0437884,52.959614,-0.12173699,1.0422477,10.3518
36.82,6.0440373,52.963215,-0.1217334,1.042635,10.351989
36.83,6.0442867,52.966812,-0.12172976,1.0430222,10.35218
36.84,6.044531,52.970398,-0.12172635,1.0434104,10.352362
36.85,6.0447783,52.974007,-0.1217228,1.0437983,10.35255
36.86,6.0450234,52.97759,-0.121719286,1.0441844,10.35274
36.87,6.0452704,52.981144,-0.12171556,1.0445703,10.352926
36.88,6.0455155,52.98474,-0.121711865,1.0449555,10.353113
36.89,6.045759,52.9883,-0.121708676,1.0453413,10.353298
36.9,6.0460033,52.99188,-0.12170488,1.0457244,10.353485
36.91,6.0462475,52.995422,-0.121701136,1.046109,10.353673
36.92,6.046491,52.999,-0.121697515,1.0464936,10.353862
36.93,6.046735,53.002556,-0.121694,1.0468775,10.354042
36.94,6.046978,53.006096,-0.12169024,1.0472604,10.354225
36.95,6.047221,53.00965,-0.12168659,1.0476424,10.354413
36.96,6.0474634,53.013184,-0.12168287,1.048024,10.354599
36.97,6.0477076,53.01672,-0.12167919,1.0484058,10.354781
36.98,6.047948,53.020267,-0.12167549,1.0487869,10.354966
36.99,6.0481887,53.023792,-0.12167162,1.0491673,10.355151
37.0,6.04843,53.027294,-0.12166779,1.0495479,10.355336
37.01,6.048671,53.03084,-0.12166393,1.0499284,10.355518
37.02,6.0489087,53.034344,-0.12166019,1.0503061,10.355698
37.03,6.0491514,53.03786,-0.121656284,1.050687,10.355887
37.04,6.0493894,53.041363,-0.12165253,1.051064,10.35607
37.05,6.049629,53.044884,-0.12164889,1.0514432,10.356254
37.06,6.0498667,53.04837,-0.121644706,1.0518197,10.356435
37.07,6.0501056,53.05186,-0.12164107,1.0521958,10.356614
37.08,6.050343,53.055336,-0.121637076,1.0525727,10.356796
37.09,6.050582,53.058834,-0.121633455,1.0529485,10.35698
37.1,6.050819,53.062336,-0.12162939,1.0533248,10.35716
37.11,6.051056,53.06581,-0.12162544,1.053701,10.357343
37.12,6.0512905,53.069263,-0.121621534,1.0540743,10.357521
37.13,6.0515275,53.07274,-0.12161751,1.0544494,10.357706
37.14,6.051764,53.0762,-0.12161358,1.0548235,10.357886
37.15,6.051999,53.079636,-0.12160939,1.0551976,10.358064
37.16,6.0522327,53.083115,-0.121605575,1.0555693,10.358245
37.17,6.0524673,53.086575,-0.12160176,1.0559436,10.358428
37.18,6.052703,53.09001,-0.1215975,1.056315,10.358608
37.19,6.052938,53.093445,-0.12159383,1.0566866,10.358785
37.2,6.0531707,53.09691,-0.121589616,1.057059,10.35896
37.21,6.053405,53.100338,-0.12158556,1.0574285,10.359143
37.22,6.053635,53.10375,-0.121581525,1.0577995,10.359323
37.23,6.0538716,53.107193,-0.121577516,1.058169,10.359497
37.24,6.054101,53.110626,-0.1215733,1.0585408,10.359682
37.25,6.0543356,53.11403,-0.12156926,1.0589079,10.359858
37.26,6.054566,53.11743,-0.12156527,1.0592768,10.360034
37.27,6.054798,53.12085,-0.12156099,1.0596461,10.360216
37.28,6.055027,53.12427,-0.121557,1.0600126,10.36039
37.29,6.0552588,53.12767,-0.121552706,1.0603797,10.360567
37.3,6.055489,53.131054,-0.1215488,1.0607481,10.360746
37.31,6.0557194,53.13446,-0.121544495,1.0611143,10.360922
37.32,6.0559454,53.13784,-0.12154022,1.0614798,10.361097
37.33,6.0561767,53.141243,-0.12153582,1.0618466,10.361273
37.34,6.0564055,53.144615,-0.121531695,1.0622125,10.36145
37.35,6.0566344,53.147987,-0.12152757,1.0625769,10.361627
37.36,6.056862,53.151367,-0.12152363,1.062941,10.3618
37.37,6.05709,53.15474,-0.12151897,1.0633055,10.361976
37.38,6.057318,53.158085,-0.12151471,1.0636681,10.362157
37.39,6.0575447,53.161465,-0.12151073,1.0640334,10.362331
37.4,6.0577717,53.164795,-0.121506125,1.0643942,10.362504
37.41,6.0579987,53.168186,-0.12150206,1.0647556,10.362675
37.42,6.0582247,53.171513,-0.121497735,1.065118,10.362849
37.43,6.05845,53.174866,-0.121493444,1.0654794,10.363025
37.44,6.058676,53.178207,-0.12148905,1.0658418,10.363201
37.45,6.058902,53.181557,-0.12148455,1.0662019,10.363377
37.46,6.0591254,53.184853,-0.12148045,1.0665616,10.363546
37.47,6.05935,53.18821,-0.121475995,1.066921,10.363722
37.48,6.059572,53.19152,-0.12147166,1.0672805,10.3638935
37.49,6.0598,53.194836,-0.12146738,1.0676396,10.364065
37.5,6.0600224,53.198147,-0.12146284,1.0679988,10.364238
37.51,6.0602436,53.201485,-0.12145838,1.0683568,10.364412
37.52,6.060467,53.20479,-0.121454164,1.0687132,10.364584
37.53,6.0606875,53.208084,-0.121449664,1.0690706,10.364755
37.54,6.0609093,53.21138,-0.12144509,1.0694276,10.364928
37.55,6.061134,53.214695,-0.1214409,1.0697845,10.365102
37.56,6.061355,53.21798,-0.121436104,1.0701402,10.365272
37.57,6.061577,53.22126,-0.121431634,1.0704955,10.36544
37.58,6.0617995,53.224564,-0.12142743,1.0708507,10.365611
37.59,6.062016,53.227833,-0.12142281,1.0712054,10.365786
37.6,6.062238,53.231106,-0.12141836,1.0715593,10.365953
37.61,6.062456,53.234398,-0.12141377,1.0719129,10.366123
37.62,6.0626755,53.237648,-0.121409446,1.0722672,10.366292
37.63,6.062897,53.240913,-0.12140481,1.0726192,10.366461
37.64,6.0631127,53.244167,-0.12140037,1.0729717,10.366632
37.65,6.0633335,53.24744,-0.12139562,1.0733241,10.366801
37.66,6.063551,53.250675,-0.12139106,1.073675,10.366974
37.67,6.063767,53.253937,-0.12138674,1.074027,10.367142
37.68,6.063988,53.257164,-0.12138218,1.0743777,10.367309
37.69,6.0642033,53.260414,-0.12137759,1.0747288,10.367478
37.7,6.0644183,53.263657,-0.12137298,1.0750788,10.367645
37.71,6.064636,53.26688,-0.12136829,1.0754296,10.367815
37.72,6.064851,53.270126,-0.1213637,1.0757773,10.367981
37.73,6.0650687,53.27336,-0.121359155,1.0761259,10.368151
37.74,6.065283,53.27659,-0.12135418,1.0764751,10.368319
37.75,6.0654984,53.279793,-0.12134962,1.0768226,10.3684845
37.76,6.065715,53.283016,-0.121344924,1.0771708,10.36865
37.77,6.0659285,53.286217,-0.12134044,1.0775172,10.368815
37.78,6.066143,53.289448,-0.121335596,1.0778643,10.368982
37.79,6.066357,53.29263,-0.12133099,1.0782111,10.369151
37.8,6.066573,53.29584,-0.12132658,1.0785567,10.369318
37.81,6.0667834,53.299026,-0.1213218,1.078903,10.369483
37.82,6.066996,53.302227,-0.121317,1.0792457,10.369644
37.83,6.06721,53.305405,-0.12131217,1.0795931,10.369816
37.84,6.067425,53.308617,-0.12130748,1.0799356,10.369981
37.85,6.067634,53.311806,-0.121302545,1.0802796,10.370147
37.86,6.067846,53.314976,-0.121297956,1.0806239,10.370313
37.87,6.068057,53.318127,-0.12129311,1.0809674,10.370475
37.88,6.0682697,53.321316,-0.12128861,1.0813081,10.370638
37.89,6.0684786,53.324474,-0.121283755,1.0816512,10.370803
37.9,6.068691,53.327633,-0.12127906,1.081994,10.370967
37.91,6.0688977,53.3308,-0.12127414,1.0823346,10.371134
37.92,6.069111,53.333954,-0.12126961,1.082675,10.371295
37.93,6.0693207,53.3371,-0.12126462,1.0830168,10.371457
37.94,6.0695286,53.340237,-0.12125985,1.0833566,10.37162
37.95,6.0697374,53.34339,-0.121255115,1.0836971,10.371783
37.96,6.0699453,53.346523,-0.12125018,1.0840365,10.371949
37.97,6.070155,53.349674,-0.121245414,1.0843763,10.372108
37.98,6.0703645,53.352814,-0.1212403,1.0847133,10.372273
37.99,6.0705705,53.35593,-0.121235535,1.0850524,10.372434
38.0,6.0707784,53.359043,-0.12123059,1.0853893,10.372596
38.01,6.0709844,53.362164,-0.12122622,1.0857264,10.372754
38.02,6.0711927,53.365284,-0.121221066,1.086064,10.372919
38.03,6.0713983,53.368404,-0.12121609,1.0864,10.373079
38.04,6.071606,53.371525,-0.12121141,1.0867363,10.373244
38.05,6.07181,53.374615,-0.121206045,1.0870725,10.373403
38.06,6.0720124,53.377728,-0.12120132,1.0874082,10.37356
38.07,6.0722203,53.380825,-0.12119646,1.0877429,10.373723
38.08,6.0724263,53.383915,-0.121191576,1.0880774,10.37388
38.09,6.0726323,53.387024,-0.121186495,1.0884123,10.374041
38.1,6.072837,53.390106,-0.121181816,1.0887465,10.374202
38.11,6.0730395,53.393192,-0.1211769,1.0890788,10.374361
38.12,6.0732446,53.39627,-0.1211718,1.0894109,10.374521
38.13,6.0734463,53.399372,-0.121166915,1.0897442,10.37468
38.14,6.0736494,53.402435,-0.12116176,1.090076,10.374837
38.15,6.073854,53.40549,-0.12115686,1.090409,10.374997
38.16,6.074057,53.408546,-0.12115209,1.0907396,10.375155
38.17,6.074258,53.411594,-0.12114717,1.0910702,10.375312
38.18,6.07446,53.41467,-0.121142074,1.0914016,10.375474
38.19,6.074663,53.417736,-0.12113719,1.0917306,10.375629
38.2,6.074864,53.42078,-0.12113209,1.0920614,10.375788
38.21,6.0750628,53.42384,-0.121126905,1.0923907,10.375945
38.22,6.0752625,53.426876,-0.12112193,1.0927193,10.376105
38.23,6.075465,53.42992,-0.12111685,1.0930469,10.376257
38.24,6.0756655,53.432976,-0.12111206,1.0933748,10.376418
38.25,6.0758667,53.435997,-0.12110664,1.0937036,10.376574
38.26,6.0760655,53.439014,-0.12110165,1.0940329,10.376728
38.27,6.076265,53.442043,-0.12109694,1.0943574,10.376889
38.28,6.076463,53.445076,-0.121091604,1.0946854,10.37704
38.29,6.076665,53.448116,-0.12108673,1.0950108,10.377196
38.3,6.076861,53.451107,-0.12108153,1.0953363,10.377352
38.31,6.077059,53.454124,-0.12107624,1.0956621,10.377508
38.32,6.0772586,53.457146,-0.12107131,1.0959876,10.3776655
38.33,6.0774565,53.460133,-0.12106608,1.096312,10.37782
38.34,6.077655,53.463154,-0.121061,1.0966368,10.377972
38.35,6.0778503,53.466167,-0.121055946,1.0969613,10.378126
38.36,6.078046,53.46917,-0.12105088,1.0972838,10.378282
38.37,6.078244,53.472126,-0.12104583,1.0976063,10.378437
38.38,6.078438,53.475147,-0.12104069,1.0979296,10.378587
38.39,6.0786343,53.478104,-0.121035546,1.0982515,10.378743
38.4,6.078832,53.481087,-0.121030465,1.0985744,10.378897
38.41,6.0790257,53.484093,-0.121025085,1.0988954,10.37905
38.42,6.079221,53.48707,-0.12102002,1.0992173,10.379205
38.43,6.079414,53.49002,-0.12101503,1.0995382,10.379357
38.44,6.0796094,53.493008,-0.12100981,1.0998577,10.379508
38.45,6.079806,53.495983,-0.12100497,1.1001781,10.379664
38.46,6.079998,53.49892,-0.12099947,1.1004969,10.379814
38.47,6.0801907,53.50188,-0.120994255,1.1008159,10.379965
38.48,6.0803843,53.504845,-0.120988816,1.1011368,10.380119
38.49,6.080579,53.507805,-0.12098378,1.101454,10.380268
38.5,6.080771,53.51075,-0.12097864,1.1017725,10.380421
38.51,6.080965,53.513683,-0.12097356,1.1020902,10.380573
38.52,6.0811563,53.51664,-0.12096839,1.1024059,10.380725
38.53,6.0813465,53.51958,-0.12096311,1.1027251,10.380874
38.54,6.0815387,53.522503,-0.12095767,1.1030401,10.381027
38.55,6.08173,53.52543,-0.12095253,1.1033577,10.381178
38.56,6.0819197,53.528362,-0.12094742,1.1036725,10.381327
38.57,6.0821114,53.53129,-0.12094228,1.1039882,10.381476
38.58,6.0823016,53.534214,-0.12093693,1.1043024,10.381626
38.59,6.082493,53.537117,-0.12093173,1.1046174,10.381775
38.6,6.0826817,53.540028,-0.12092665,1.1049316,10.381926
38.61,6.0828733,53.542953,-0.12092121,1.1052467,10.382072
38.62,6.0830626,53.545864,-0.120915934,1.105559,10.382225
38.63,6.0832515,53.54876,-0.12091069,1.1058704,10.382372
38.64,6.08344,53.55165,-0.12090553,1.1061854,10.382522
38.65,6.083628,53.554573,-0.12089999,1.1064972,10.382672
38.66,6.083818,53.557446,-0.120894864,1.1068093,10.382821
38.67,6.084004,53.560356,-0.1208895,1.1071199,10.382965
38.68,6.084193,53.56322,-0.120884284,1.1074317,10.383114
38.69,6.084378,53.56612,-0.12087886,1.1077434,10.383266
38.7,6.0845685,53.569,-0.120873645,1.1080536,10.383407
38.71,6.0847545,53.571884,-0.12086828,1.1083637,10.383556
38.72,6.0849414,53.574776,-0.1208632,1.108673,10.383704
38.73,6.0851274,53.57761,-0.12085797,1.1089828,10.383852
38.74,6.0853133,53.580505,-0.12085234,1.1092919,10.383998
38.75,6.0855,53.58337,-0.12084712,1.1095997,10.384145
38.76,6.085684,53.586227,-0.120842054,1.1099087,10.38429
38.77,6.0858693,53.589058,-0.12083617,1.1102175,10.38444
38.78,6.0860553,53.591934,-0.12083106,1.1105229,10.384585
38.79,6.08624,53.5948,-0.1208259,1.1108313,10.384729
38.8,6.0864253,53.597626,-0.12082046,1.1111376,10.384873
38.81,6.0866094,53.60049,-0.1208152,1.1114433,10.385021
38.82,6.0867934,53.60331,-0.12080994,1.1117495,10.385168
38.83,6.0869765,53.60616,-0.1208044,1.1120543,10.385308
38.84,6.087162,53.608994,-0.12079902,1.1123613,10.385457
38.85,6.0873423,53.611813,-0.120793864,1.1126642,10.385601
38.86,6.087527,53.614655,-0.120788425,1.1129696,10.385746
38.87,6.087712,53.61747,-0.12078266,1.1132734,10.385889
38.88,6.0878935,53.620316,-0.12077737,1.1135789,10.386033
38.89,6.0880733,53.623127,-0.120772034,1.1138803,10.386177
38.9,6.088257,53.625946,-0.12076676,1.1141849,10.386319
38.91,6.088439,53.628765,-0.1207615,1.1144867,10.386465
38.92,6.088619,53.63156,-0.12075609,1.1147891,10.386607
38.93,6.0888014,53.634365,-0.12075056,1.1150905,10.386747
38.94,6.08898,53.63717,-0.12074521,1.1153927,10.386892
38.95,6.08916,53.63998,-0.12073995,1.115694,10.387036
38.96,6.0893445,53.64277,-0.12073445,1.1159945,10.38718
38.97,6.0895224,53.645565,-0.120729074,1.1162943,10.3873205
38.98,6.0897036,53.648376,-0.12072384,1.1165934,10.387461
38.99,6.0898814,53.651134,-0.12071811,1.1168947,10.387603
39.0,6.090062,53.65393,-0.1207127,1.1171939,10.387745
39.01,6.09024,53.65671,-0.12070729,1.1174929,10.387886
39.02,6.09042,53.659492,-0.120701954,1.117791,10.388026
39.03,6.0905967,53.662262,-0.12069632,1.1180888,10.388169
39.04,6.090773,53.665047,-0.12069091,1.118386,10.388311
39.05,6.0909534,53.667824,-0.12068544,1.1186856,10.388452
39.06,6.0911303,53.67057,-0.12068011,1.1189814,10.388594
39.07,6.09131,53.673325,-0.120674536,1.119279,10.388732
39.08,6.091485,53.676083,-0.120669305,1.1195761,10.388868
39.09,6.091663,53.678844,-0.12066394,1.1198722,10.389013
39.1,6.0918393,53.681602,-0.12065819,1.1201677,10.389152
39.11,6.0920177,53.684345,-0.120652825,1.1204622,10.389289
39.12,6.092192,53.687103,-0.120647416,1.1207564,10.389427
39.13,6.0923696,53.68983,-0.120642036,1.1210524,10.389566
39.14,6.0925446,53.6926,-0.12063645,1.1213461,10.3897085
39.15,6.092719,53.695335,-0.1206311,1.1216397,10.389846
39.16,6.0928946,53.698055,-0.120625496,1.1219337,10.389986
39.17,6.093072,53.700806,-0.120620176,1.1222272,10.390126
39.18,6.0932436,53.70352,-0.12061459,1.122521,10.390262
39.19,6.0934215,53.706238,-0.12060915,1.1228132,10.390405
39.2,6.0935936,53.708965,-0.120603666,1.123106,10.390539
39.21,6.0937667,53.711674,-0.12059797,1.123396,10.390676
39.22,6.093941,53.7144,-0.120592475,1.1236871,10.390815
39.23,6.094115,53.717106,-0.120587125,1.123978,10.390952
39.24,6.094288,53.71982,-0.12058169,1.1242694,10.391089
39.25,6.09446,53.722527,-0.12057608,1.1245587,10.391225
39.26,6.094633,53.725235,-0.120570764,1.1248497,10.391361
39.27,6.0948052,53.727936,-0.12056498,1.1251386,10.391498
39.28,6.09498,53.730633,-0.12055957,1.125428,10.391636
39.29,6.095149,53.733337,-0.120554134,1.1257172,10.39177
39.3,6.095321,53.73602,-0.120548636,1.126005,10.391907
39.31,6.095493,53.73873,-0.12054315,1.126293,10.392043
39.32,6.0956655,53.74139,-0.1205374,1.1265811,10.39218
39.33,6.095835,53.74408,-0.12053214,1.1268703,10.392313
39.34,6.0960045,53.74676,-0.12052645,1.1271558,10.39245
39.35,6.0961757,53.74944,-0.12052095,1.1274436,10.392584
39.36,6.096348,53.75211,-0.12051533,1.1277298,10.392719
39.37,6.0965166,53.754772,-0.1205098,1.1280152,10.392854
39.38,6.096686,53.75747,-0.120504275,1.1283011,10.392989
39.39,6.096856,53.760124,-0.12049878,1.1285857,10.393123
39.4,6.0970254,53.762787,-0.12049317,1.1288712,10.393259
39.41,6.097195,53.76543,-0.12048766,1.1291574,10.393392
39.42,6.0973644,53.7681,-0.12048218,1.1294407,10.393527
39.43,6.097534,53.77076,-0.12047665,1.1297244,10.39366
39.44,6.0976996,53.773388,-0.120471254,1.1300073,10.393792
39.45,6.09787,53.776035,-0.12046549,1.1302912,10.393923
39.46,6.098036,53.778694,-0.12046017,1.1305745,10.394057
39.47,6.098204,53.781326,-0.120454505,1.130857,10.394192
39.48,6.098373,53.78397,-0.12044904,1.1311401,10.394323
39.49,6.0985394,53.786606,-0.1204433,1.1314212,10.394457
39.5,6.098704,53.78924,-0.120437935,1.1317018,10.39459
39.51,6.098872,53.79186,-0.120432496,1.1319833,10.394723
39.52,6.0990376,53.794495,-0.12042688,1.1322641,10.394852
39.53,6.099206,53.797123,-0.12042116,1.1325457,10.394985
39.54,6.0993724,53.79976,-0.1204156,1.1328242,10.395114
39.55,6.0995383,53.802353,-0.120410085,1.1331049,10.395245
39.56,6.099702,53.804974,-0.12040433,1.1333855,10.395379
39.57,6.0998673,53.807594,-0.12039882,1.1336632,10.3955145
39.58,6.100033,53.8102,-0.12039323,1.1339427,10.395642
39.59,6.100197,53.8128,-0.12038767,1.1342205,10.395774
39.6,6.1003613,53.815407,-0.12038207,1.1344991,10.395902
39.61,6.1005273,53.818005,-0.12037629,1.1347758,10.396031
39.62,6.1006913,53.820587,-0.12037097,1.1350547,10.396164
39.63,6.1008544,53.82322,-0.1203655,1.1353301,10.396291
39.64,6.101018,53.825794,-0.12035982,1.1356078,10.39642
39.65,6.1011806,53.82839,-0.12035407,1.1358849,10.396553
39.66,6.1013446,53.83097,-0.12034887,1.1361581,10.396678
39.67,6.1015067,53.833553,-0.120342895,1.1364356,10.396807
39.68,6.1016703,53.83615,-0.12033743,1.1367097,10.396937
39.69,6.101833,53.838715,-0.120331824,1.1369861,10.397069
39.7,6.101996,53.841293,-0.120326206,1.1372609,10.397198
39.71,6.102156,53.84385,-0.12032071,1.1375347,10.397326
39.72,6.10232,53.846436,-0.12031515,1.1378076,10.397453
39.73,6.102482,53.849,-0.12030944,1.1380818,10.397578
39.74,6.1026425,53.851562,-0.12030403,1.138355,10.39771
39.75,6.1028013,53.854122,-0.120298356,1.1386287,10.397836
39.76,6.102963,53.856686,-0.12029272,1.1388999,10.397963
39.77,6.103123,53.85924,-0.120287016,1.139173,10.398089
39.78,6.103285,53.861805,-0.12028161,1.1394447,10.398217
39.79,6.1034446,53.864353,-0.12027602,1.1397156,10.398346
39.8,6.1036077,53.866905,-0.12027006,1.1399873,10.398473
39.81,6.1037645,53.869442,-0.12026508,1.1402582,10.398603
39.82,6.1039248,53.871967,-0.120259374,1.1405296,10.398727
39.83,6.104084,53.874516,-0.12025346,1.1407989,10.398854
39.84,6.104243,53.877052,-0.120248005,1.1410695,10.39898
39.85,6.1044,53.87958,-0.1202423,1.1413391,10.399107
39.86,6.1045594,53.882114,-0.1202368,1.1416075,10.39923
39.87,6.104718,53.884647,-0.12023109,1.1418765,10.399354
39.88,6.104877,53.88718,-0.120225385,1.142145,10.399485
39.89,6.1050334,53.88968,-0.12021987,1.1424139,10.399609
39.9,6.105191,53.8922,-0.12021431,1.1426822,10.399732
39.91,6.10535,53.894737,-0.12020868,1.1429497,10.399857
39.92,6.1055055,53.897232,-0.12020302,1.143216,10.399983
39.93,6.105664,53.899754,-0.12019737,1.1434835,10.400105
39.94,6.1058226,53.902256,-0.12019184,1.1437483,10.400233
39.95,6.1059775,53.904762,-0.1201863,1.1440156,10.400353
39.96,6.1061344,53.90727,-0.12018047,1.144282,10.40048
39.97,6.10629,53.909763,-0.120175034,1.1445471,10.400603
39.98,6.1064467,53.912266,-0.12016943,1.1448125,10.400729
39.99,6.106603,53.914753,-0.12016378,1.1450771,10.40085
40.0,6.1067595,53.917248,-0.12015803,1.1453419,10.400977
40.01,6.1069126,53.91975,-0.12015256,1.1456063,10.401094
40.02,6.1070695,53.922222,-0.120147154,1.1458694,10.401219
40.03,6.1072216,53.924686,-0.12014139,1.1461328,10.401341
40.04,6.1073785,53.92718,-0.12013571,1.146396,10.401466
40.05,6.1075315,53.92966,-0.1201299,1.1466595,10.401587
40.06,6.1076837,53.932137,-0.12012431,1.146922,10.401714
40.07,6.107841,53.934605,-0.12011872,1.147185,10.401832
40.08,6.1079946,53.93708,-0.12011331,1.1474464,10.401955
40.09,6.1081467,53.939556,-0.12010756,1.1477072,10.402078
40.1,6.108301,53.942028,-0.120101914,1.1479688,10.402201
40.11,6.1084538,53.944477,-0.12009624,1.1482309,10.402325
40.12,6.1086063,53.946938,-0.12009077,1.1484908,10.402443
40.13,6.1087604,53.9494,-0.12008484,1.1487516,10.402568
40.14,6.1089134,53.95187,-0.12007944,1.1490129,10.402685
40.15,6.109063,53.954315,-0.120073974,1.149271,10.402806
40.16,6.109215,53.95676,-0.12006812,1.1495305,10.402926
40.17,6.1093674,53.95921,-0.12006259,1.1497892,10.403045
40.18,6.1095185,53.96164,-0.12005687,1.1500474,10.403166
40.19,6.1096706,53.964096,-0.12005131,1.1503059,10.403288
40.2,6.1098223,53.96652,-0.12004569,1.1505641,10.403408
40.21,6.109974,53.968952,-0.120039836,1.1508212,10.403527
40.22,6.110126,53.9714,-0.12003441,1.151078,10.4036455
40.23,6.1102743,53.973843,-0.12002884,1.1513348,10.403765
40.24,6.1104236,53.97624,-0.120023265,1.1515929,10.403884
40.25,6.110575,53.97867,-0.12001754,1.1518499,10.404004
40.26,6.1107254,53.981117,-0.120012105,1.1521045,10.404123
40.27,6.110876,53.983517,-0.12000635,1.152361,10.404242
40.28,6.1110244,53.985943,-0.12000103,1.1526163,10.404363
40.29,6.1111736,53.988354,-0.11999525,1.15287,10.404481
40.3,6.111323,53.990765,-0.119989425,1.1531262,10.404595
40.31,6.111471,53.9932,-0.11998403,1.1533812,10.4047165
40.32,6.111621,53.995583,-0.11997853,1.1536348,10.404834
40.33,6.111769,53.998013,-0.119972676,1.1538881,10.404953
40.34,6.111918,54.000385,-0.119966954,1.1541411,10.405069
40.35,6.1120653,54.002792,-0.1199615,1.1543951,10.405186
40.36,6.1122136,54.00517,-0.1199557,1.1546482,10.405304
40.37,6.1123614,54.007587,-0.11994997,1.1548997,10.405419
40.38,6.112508,54.00998,-0.11994429,1.1551528,10.405537
40.39,6.112655,54.01235,-0.11993928,1.1554046,10.405654
40.4,6.112802,54.014732,-0.1199332,1.1556559,10.405768
40.41,6.11295,54.01714,-0.11992754,1.1559069,10.40589
40.42,6.1130958,54.0195,-0.11992192,1.1561581,10.406002
40.43,6.113242,54.021885,-0.119916335,1.1564082,10.406121
40.44,6.1133904,54.024254,-0.119910926,1.1566595,10.406238
40.45,6.1135354,54.026627,-0.11990529,1.1569084,10.406347
40.46,6.113682,54.029007,-0.11989942,1.1571603,10.406468
40.47,6.113827,54.031372,-0.11989406,1.157409,10.40658
40.48,6.1139717,54.033737,-0.11988835,1.1576581,10.4067
40.49,6.114115,54.03611,-0.11988285,1.1579065,10.406815
40.5,6.114263,54.03847,-0.11987704,1.1581542,10.406925
40.51,6.114409,54.04084,-0.11987142,1.1584021,10.40704
40.52,6.11455,54.043167,-0.119865805,1.1586494,10.407157
40.53,6.114696,54.04554,-0.119860336,1.1588982,10.40727
40.54,6.1148396,54.04789,-0.11985469,1.1591451,10.407386
40.55,6.1149855,54.05024,-0.119849026,1.1593915,10.407499
40.56,6.1151266,54.052578,-0.11984359,1.1596383,10.407616
40.57,6.115272,54.054924,-0.119837955,1.1598848,10.40773
40.58,6.1154156,54.057285,-0.11983226,1.16013,10.40784
40.59,6.115559,54.0596,-0.119826704,1.1603755,10.407954
40.6,6.1157026,54.061943,-0.11982095,1.1606209,10.408067
40.61,6.1158442,54.064274,-0.11981547,1.1608665,10.408181
40.62,6.1159883,54.06662,-0.11980988,1.1611103,10.408296
40.63,6.116131,54.06893,-0.11980444,1.1613549,10.408406
40.64,6.1162715,54.071266,-0.119798735,1.161599,10.408517
40.65,6.1164155,54.073593,-0.11979322,1.1618412,10.408632
40.66,6.116557,54.0759,-0.119787216,1.1620857,10.408741
40.67,6.116696,54.078228,-0.11978172,1.1623299,10.4088545
40.68,6.1168385,54.080547,-0.119776264,1.1625718,10.40897
40.69,6.1169806,54.08287,-0.11977062,1.1628145,10.40908
40.7,6.11712,54.08515,-0.11976506,1.1630567,10.409193
40.71,6.117262,54.087475,-0.1197595,1.1632991,10.409306
40.72,6.1174035,54.089798,-0.11975393,1.1635393,10.409415
40.73,6.1175437,54.092075,-0.11974861,1.1637816,10.409528
40.74,6.1176844,54.09438,-0.11974269,1.1640229,10.409638
40.75,6.117824,54.096684,-0.119736865,1.1642634,10.409748
40.76,6.117963,54.09899,-0.11973138,1.1645027,10.409857
40.77,6.118103,54.101276,-0.11972609,1.164743,10.409967
40.78,6.118242,54.103592,-0.11972037,1.1649841,10.410081
40.79,6.11838,54.10587,-0.119714886,1.165223,10.41019
40.8,6.1185207,54.10815,-0.11970925,1.1654615,10.4103
40.81,6.1186576,54.110435,-0.11970347,1.1657009,10.410411
40.82,6.1187983,54.11274,-0.11969814,1.1659385,10.410518
40.83,6.118938,54.114994,-0.11969249,1.1661786,10.410629
40.84,6.119077,54.117287,-0.1196869,1.1664156,10.410738
40.85,6.1192136,54.11956,-0.119681105,1.166653,10.410848
40.86,6.119354,54.12182,-0.11967532,1.1668904,10.410955
40.87,6.11949,54.124077,-0.11967014,1.1671271,10.411064
40.88,6.1196275,54.12637,-0.119664446,1.1673645,10.411173
40.89,6.119765,54.128628,-0.11965886,1.1676002,10.4112835
40.9,6.1199,54.130886,-0.11965333,1.1678364,10.411388
40.91,6.1200385,54.13314,-0.11964774,1.1680722,10.4115
40.92,6.120176,54.1354,-0.11964223,1.168307,10.411608
40.93,6.120313,54.137657,-0.119636565,1.1685433,10.411718
40.94,6.1204476,54.139908,-0.11963101,1.1687771,10.411826
40.95,6.120585,54.14217,-0.11962557,1.1690117,10.41193
40.96,6.1207213,54.144417,-0.11961983,1.1692463,10.41204
40.97,6.120858,54.14667,-0.11961444,1.1694798,10.412147
40.98,6.120993,54.148903,-0.11960888,1.169714,10.412253
40.99,6.1211276,54.15116,-0.11960298,1.1699479,10.412361
41.0,6.1212645,54.15337,-0.11959764,1.1701809,10.412467
41.01,6.1213984,54.1556,-0.119591996,1.1704133,10.412571
41.02,6.1215315,54.157845,-0.11958678,1.1706461,10.412682
41.03,6.1216683,54.160084,-0.11958091,1.1708786,10.4127865
41.04,6.1218038,54.162323,-0.119575515,1.17111,10.412893
41.05,6.121936,54.164562,-0.11956988,1.1713419,10.413001
41.06,6.1220713,54.166782,-0.119564265,1.1715728,10.413106
41.07,6.1222067,54.169018,-0.11955878,1.1718032,10.413211
41.08,6.1223407,54.17121,-0.11955334,1.1720357,10.413321
41.09,6.1224737,54.173428,-0.1195478,1.1722653,10.413425
41.1,6.1226068,54.17566,-0.11954187,1.1724963,10.413529
41.11,6.1227403,54.17786,-0.119536504,1.172725,10.413638
41.12,6.122873,54.18007,-0.11953084,1.1729544,10.413743
41.13,6.1230073,54.182304,-0.11952552,1.1731838,10.413846
41.14,6.123139,54.184498,-0.11952016,1.1734128,10.413947
41.15,6.1232715,54.1867,-0.11951473,1.1736416,10.414055
41.16,6.123405,54.188877,-0.11950879,1.1738701,10.414159
41.17,6.1235356,54.1911,-0.11950351,1.1740984,10.414262
41.18,6.1236696,54.193295,-0.11949797,1.174326,10.414367
41.19,6.1238008,54.195488,-0.11949253,1.1745536,10.414474
41.2,6.1239343,54.197693,-0.119486734,1.1747798,10.4145775
41.21,6.124062,54.199886,-0.11948152,1.1750058,10.414681
41.22,6.124195,54.202072,-0.11947584,1.1752324,10.414784
41.23,6.1243258,54.20425,-0.11947021,1.1754601,10.4148855
41.24,6.124458,54.206432,-0.11946468,1.1756843,10.414989
41.25,6.1245856,54.20861,-0.11945926,1.1759102,10.415092
41.26,6.1247168,54.2108,-0.11945377,1.176137,10.415199
41.27,6.1248493,54.212963,-0.11944826,1.1763617,10.415297
41.28,6.124976,54.21516,-0.11944269,1.1765853,10.415399
41.29,6.125109,54.21732,-0.11943714,1.1768116,10.4155035
41.3,6.12524,54.2195,-0.11943163,1.1770352,10.415606
41.31,6.125369,54.221657,-0.11942609,1.1772593,10.415708
41.32,6.125499,54.223804,-0.119420454,1.1774827,10.415811
41.33,6.1256285,54.225986,-0.11941515,1.1777064,10.415911
41.34,6.1257553,54.228138,-0.11940996,1.1779288,10.416012
41.35,6.1258874,54.230316,-0.11940421,1.1781515,10.416114
41.36,6.1260138,54.23245,-0.11939889,1.178373,10.416216
41.37,6.1261444,54.23461,-0.119393304,1.178597,10.416319
41.38,6.1262693,54.23677,-0.119387805,1.1788176,10.416419
41.39,6.126399,54.23892,-0.1193821,1.1790408,10.416518
41.4,6.1265283,54.24106,-0.11937693,1.17926,10.416619
41.41,6.1266556,54.243225,-0.119371414,1.1794822,10.41672
41.42,6.1267834,54.24538,-0.11936602,1.179703,10.4168215
41.43,6.1269107,54.24751,-0.11936034,1.179922,10.416923
41.44,6.1270394,54.24963,-0.11935499,1.1801431,10.417021
41.45,6.1271663,54.251766,-0.11934945,1.1803632,10.417121
41.46,6.1272945,54.25391,-0.11934389,1.180584,10.417221
41.47,6.127418,54.256046,-0.11933844,1.1808022,10.417317
41.48,6.127547,54.25818,-0.11933315,1.1810213,10.4174185
41.49,6.1276736,54.260303,-0.11932756,1.1812406,10.417522
41.5,6.1278,54.262417,-0.119322106,1.1814587,10.41762
41.51,6.1279254,54.26455,-0.1193165,1.1816776,10.417716
41.52,6.1280527,54.266678,-0.11931118,1.1818947,10.417812
41.53,6.1281767,54.268806,-0.119305745,1.1821115,10.417918
41.54,6.1283054,54.2709,-0.119300246,1.1823299,10.418017
41.55,6.1284285,54.273026,-0.11929497,1.1825458,10.418116
41.56,6.128555,54.275135,-0.11928946,1.1827637,10.418213
41.57,6.128679,54.277252,-0.11928411,1.1829786,10.418312
41.58,6.128805,54.279346,-0.119278744,1.183196,10.418408
41.59,6.128929,54.28147,-0.11927311,1.1834122,10.4185095
41.6,6.1290545,54.283573,-0.11926778,1.183629,10.418606
41.61,6.1291776,54.28565,-0.11926222,1.1838429,10.418701
41.62,6.129304,54.28777,-0.11925672,1.1840581,10.418802
41.63,6.129428,54.28987,-0.119251385,1.1842726,10.4189
41.64,6.129552,54.291973,-0.11924605,1.1844878,10.419001
41.65,6.1296763,54.294056,-0.11924058,1.1847025,10.419091
41.66,6.1297975,54.29614,-0.11923501,1.1849158,10.41919
41.67,6.1299214,54.29823,-0.11922966,1.1851302,10.419286
41.68,6.130044,54.300323,-0.11922431,1.1853434,10.419382
41.69,6.1301684,54.302402,-0.11921896,1.1855557,10.419476
41.7,6.1302915,54.304497,-0.11921322,1.1857697,10.419575
41.71,6.130417,54.30657,-0.11920789,1.1859798,10.419668
41.72,6.1305375,54.30866,-0.11920223,1.1861933,10.419768
41.73,6.13066,54.31072,-0.11919722,1.186405,10.419861
41.74,6.130782,54.3128,-0.11919166,1.1866169,10.419963
41.75,6.1309047,54.314857,-0.119186416,1.1868284,10.420054
41.76,6.131025,54.316933,-0.11918086,1.1870408,10.420154
41.77,6.131148,54.319,-0.11917573,1.1872514,10.420246
41.78,6.1312685,54.32107,-0.11917007,1.1874617,10.420344
41.79,6.1313925,54.32313,-0.1191649,1.1876719,10.420438
41.8,6.131511,54.3252,-0.119159386,1.1878821,10.420531
41.81,6.1316347,54.327263,-0.11915414,1.1880912,10.420627
41.82,6.1317534,54.329334,-0.11914869,1.1883001,10.42072
41.83,6.1318755,54.331367,-0.11914341,1.18851,10.4208145
41.84,6.131997,54.333416,-0.11913797,1.188719,10.420913
41.85,6.132116,54.33548,-0.119132355,1.1889279,10.421007
41.86,6.132239,54.337517,-0.1191272,1.1891361,10.4211
41.87,6.1323586,54.33957,-0.11912215,1.1893444,10.421191
41.88,6.1324773,54.341618,-0.11911656,1.1895525,10.421285
41.89,6.132599,54.343655,-0.11911102,1.1897591,10.42138
41.9,6.1327176,54.345688,-0.11910576,1.1899662,10.421473
41.91,6.132836,54.347755,-0.11910024,1.1901734,10.421566
41.92,6.132956,54.349777,-0.11909518,1.1903819,10.421659
41.93,6.1330733,54.351818,-0.11908984,1.1905885,10.421754
41.94,6.133196,54.353848,-0.119084254,1.190795,10.421845
41.95,6.133312,54.355865,-0.11907895,1.1909993,10.421938
41.96,6.133432,54.35789,-0.11907357,1.1912061,10.422031
41.97,6.133549,54.359913,-0.119068444,1.1914109,10.422126
41.98,6.133669,54.361954,-0.119062886,1.1916157,10.422219
41.99,6.133787,54.363968,-0.119057596,1.1918215,10.422309
42.0,6.133905,54.365982,-0.11905223,1.1920242,10.4223995
