t,w,W,x,y,z
0.0,0.033689808,0.00027185678,6.37129,42.832928,-0.00022819638
0.01,0.03389223,0.002082169,6.370568,42.830578,0.001129806
0.02,0.034094565,0.0039018989,6.3698344,42.82819,0.0025041401
0.03,0.03429679,0.0057265162,6.369093,42.82576,0.0038952827
0.04,0.034498747,0.007558942,6.368343,42.823284,0.005304724
0.05,0.03470062,0.009393096,6.367582,42.820778,0.006729692
0.06,0.034901217,0.011231482,6.3668165,42.818233,0.008173257
0.07,0.03510194,0.013064504,6.3660393,42.81565,0.009631395
0.08,0.03530209,0.014908195,6.3652563,42.81303,0.011109322
0.09,0.03550109,0.016741812,6.364465,42.810375,0.012601644
0.1,0.0356998,0.018574178,6.3636646,42.80768,0.014111102
0.11,0.03589734,0.020400226,6.3628564,42.804962,0.015636474
0.12,0.03609433,0.022221506,6.3620424,42.80219,0.017179787
0.13,0.036290534,0.024034679,6.361217,42.79938,0.01873836
0.14,0.036485247,0.025838673,6.3603864,42.796543,0.020312607
0.15,0.03667976,0.027632892,6.3595495,42.79368,0.021902978
0.16,0.03687191,0.02941221,6.358704,42.790764,0.02350837
0.17,0.037063405,0.031177282,6.357853,42.787834,0.025130153
0.18,0.03725421,0.03293115,6.3569946,42.784863,0.026767433
0.19,0.037443362,0.034667313,6.35613,42.781876,0.028419226
0.2,0.037631236,0.03638518,6.355259,42.778824,0.030087441
0.21,0.037818525,0.038084567,6.3543835,42.77579,0.031768024
0.22,0.038003705,0.039762855,6.353498,42.772694,0.033465415
0.23,0.038187172,0.041418076,6.352608,42.769573,0.035175264
0.24,0.038369957,0.04305184,6.3517137,42.76643,0.036899835
0.25,0.03855089,0.044662416,6.3508115,42.76325,0.03863883
0.26,0.038730815,0.046247423,6.349903,42.76006,0.040391773
0.27,0.03890833,0.047805905,6.348993,42.75683,0.042156518
0.28,0.039084822,0.049334943,6.3480744,42.753582,0.04393527
0.29,0.03925895,0.050839484,6.347152,42.750313,0.04572606
0.3,0.039432216,0.05231172,6.3462257,42.74701,0.04753077
0.31,0.03960384,0.05375451,6.3452935,42.743706,0.049346298
0.32,0.039774127,0.055167496,6.3443556,42.740356,0.05117336
0.33,0.03994248,0.056545973,6.3434153,42.736988,0.053012967
0.34,0.040108703,0.05789405,6.3424687,42.733616,0.05486366
0.35,0.040273204,0.059203565,6.341518,42.730206,0.056726217
0.36,0.04043673,0.06048411,6.340564,42.726776,0.05859825
0.37,0.04059819,0.0617311,6.3396044,42.723335,0.060482085
0.38,0.040757876,0.06294012,6.338643,42.719875,0.06237498
0.39,0.04091611,0.06411147,6.3376756,42.716408,0.06428015
0.4,0.041072536,0.06524718,6.336704,42.712902,0.06619313
0.41,0.041226726,0.06634599,6.335729,42.709385,0.06811494
0.42,0.04138008,0.06741071,6.3347526,42.70587,0.0700472
0.43,0.041531708,0.06843972,6.333771,42.70232,0.07198754
0.44,0.041681044,0.06942648,6.332788,42.698765,0.073937
0.45,0.041829333,0.070376694,6.331797,42.69519,0.075893104
0.46,0.041975364,0.07129103,6.3308063,42.6916,0.07785839
0.47,0.042119928,0.07216525,6.3298116,42.688007,0.07983139
0.48,0.042263098,0.07300305,6.3288155,42.68441,0.0818114
0.49,0.042404253,0.07380515,6.327815,42.68079,0.08379942
0.5,0.04254392,0.07456571,6.3268123,42.67715,0.08579418
0.51,0.042682074,0.075288534,6.3258047,42.673515,0.08779597
0.52,0.04281903,0.075978875,6.324797,42.669865,0.08980206
0.53,0.042954147,0.07662988,6.323784,42.666206,0.09181541
0.54,0.043087818,0.07724404,6.3227696,42.662537,0.09383619
0.55,0.04322013,0.077822566,6.3217535,42.658855,0.095860094
0.56,0.04335074,0.078365505,6.320733,42.655174,0.09789094
0.57,0.04347985,0.07887632,6.319712,42.651485,0.09992859
0.58,0.04360792,0.07934791,6.3186874,42.647766,0.10196811
0.59,0.04373446,0.07978684,6.3176622,42.644073,0.10401359
0.6,0.043859318,0.08019334,6.316631,42.64035,0.10606405
0.61,0.043982893,0.08056617,6.3156023,42.636616,0.108119994
0.62,0.04410542,0.08090651,6.314568,42.632893,0.1101791
0.63,0.04422673,0.08121449,6.3135333,42.629166,0.11224347
0.64,0.044346854,0.08149302,6.312496,42.625423,0.11430958
0.65,0.044465788,0.08174008,6.311455,42.621662,0.11638117
0.66,0.04458362,0.08196163,6.3104115,42.617928,0.118455976
0.67,0.044699788,0.08215004,6.309369,42.614147,0.12053475
0.68,0.044815775,0.082315385,6.3083215,42.610397,0.12261683
0.69,0.04493031,0.08245039,6.3072743,42.60662,0.124702066
0.7,0.045043908,0.08256322,6.306224,42.60284,0.1267901
0.71,0.04515617,0.08264655,6.3051705,42.599064,0.12888151
0.72,0.045268226,0.082705855,6.304117,42.59529,0.13097489
0.73,0.045379084,0.082746804,6.3030605,42.5915,0.13307244
0.74,0.045489047,0.082763195,6.302002,42.58772,0.13517308
0.75,0.045597915,0.082757235,6.300942,42.583916,0.13727611
0.76,0.045707073,0.082733035,6.2998815,42.580116,0.13938043
0.77,0.04581428,0.0826872,6.2988167,42.576313,0.14148825
0.78,0.045921575,0.0826267,6.2977486,42.572495,0.14359817
0.79,0.046028122,0.082544565,6.296684,42.568687,0.14571142
0.8,0.046133757,0.082446754,6.2956147,42.564865,0.14782605
0.81,0.04623908,0.082336426,6.2945433,42.561047,0.14994392
0.82,0.04634426,0.08220899,6.293468,42.557228,0.15206277
0.83,0.04644884,0.082066655,6.292394,42.5534,0.15418524
0.84,0.046552226,0.08191615,6.2913156,42.549564,0.1563091
0.85,0.046656102,0.08175349,6.290238,42.54573,0.15843558
0.86,0.046759255,0.081573606,6.2891555,42.5419,0.16056314
0.87,0.04686178,0.081391156,6.2880726,42.53804,0.16269395
0.88,0.04696461,0.08119422,6.2869864,42.534203,0.1648261
0.89,0.047067124,0.08099359,6.2859006,42.530342,0.1669611
0.9,0.047169436,0.08078867,6.2848115,42.526485,0.16909993
0.91,0.0472717,0.08057505,6.2837214,42.522636,0.17123875
0.92,0.047373552,0.080354095,6.282627,42.51875,0.17338139
0.93,0.047475297,0.080127835,6.2815347,42.514885,0.17552587
0.94,0.047577277,0.07989925,6.2804365,42.511013,0.17767173
0.95,0.04767959,0.07967085,6.2793393,42.507137,0.17981866
0.96,0.04778167,0.079440475,6.2782373,42.50324,0.18197063
0.97,0.047883384,0.07920766,6.277137,42.49937,0.18412317
0.98,0.04798553,0.07897586,6.276032,42.495464,0.1862792
0.99,0.048087575,0.078742266,6.274925,42.491558,0.18843795
1.0,0.048190683,0.0785107,6.2738166,42.487637,0.19059792
1.01,0.048293214,0.07828367,6.272705,42.483746,0.19276105
1.02,0.048396006,0.07805848,6.2715926,42.47982,0.19492489
1.03,0.048499413,0.07783705,6.270477,42.475906,0.19709481
1.04,0.048603263,0.077619195,6.2693605,42.471973,0.19926475
1.05,0.04870747,0.07740611,6.2682424,42.46804,0.20143874
1.06,0.048811454,0.07720202,6.267123,42.464104,0.2036165
1.07,0.04891637,0.077001095,6.266,42.46015,0.20579574
1.08,0.04902157,0.07680637,6.264873,42.4562,0.20797814
1.09,0.04912729,0.0766204,6.2637434,42.452236,0.21016344
1.1,0.049233597,0.07644266,6.262614,42.448273,0.212352
1.11,0.04934019,0.076275885,6.2614822,42.4443,0.21454209
1.12,0.04944763,0.076114535,6.2603483,42.44032,0.21673761
1.13,0.049555484,0.07596654,6.2592115,42.436333,0.21893579
1.14,0.04966372,0.07582754,6.2580724,42.432335,0.22113633
1.15,0.049772713,0.07569957,6.2569323,42.428337,0.22334048
1.16,0.049882706,0.07558185,6.255788,42.424316,0.22554927
1.17,0.049993187,0.07547486,6.254642,42.420326,0.22776195
1.18,0.050104372,0.07537866,6.2534943,42.416294,0.22997713
1.19,0.050215915,0.075297594,6.252343,42.412254,0.23219694
1.2,0.050328862,0.07523,6.2511897,42.40822,0.23441927
1.21,0.050442114,0.075172186,6.250034,42.404167,0.23664615
1.22,0.050556824,0.075133085,6.2488756,42.400135,0.2388767
1.23,0.05067149,0.07510495,6.2477164,42.396053,0.24111181
1.24,0.050786987,0.07509023,6.246554,42.391975,0.24335013
1.25,0.050903704,0.07509446,6.2453885,42.3879,0.24559346
1.26,0.051021438,0.07510799,6.244221,42.383797,0.24784084
1.27,0.05113974,0.07513857,6.2430506,42.3797,0.2500927
1.28,0.051259138,0.07518411,6.2418766,42.3756,0.25234902
1.29,0.05137924,0.0752458,6.240703,42.37148,0.2546092
1.3,0.0515008,0.07532251,6.239526,42.367344,0.25687426
1.31,0.051622234,0.0754168,6.2383437,42.363213,0.2591441
1.32,0.051745705,0.075525165,6.237162,42.359066,0.26141796
1.33,0.05186942,0.07564944,6.235977,42.354908,0.2636972
1.34,0.051994357,0.075794995,6.2347894,42.350754,0.2659816
1.35,0.0521203,0.075953126,6.2335978,42.34658,0.26827085
1.36,0.0522472,0.076125324,6.232403,42.3424,0.27056542
1.37,0.052375335,0.076316416,6.231208,42.33819,0.27286372
1.38,0.052504104,0.07652503,6.230007,42.333992,0.27516836
1.39,0.052634228,0.076750755,6.2288065,42.32976,0.27747664
1.4,0.052765172,0.07699072,6.2276015,42.325535,0.2797926
1.41,0.052897424,0.07725018,6.2263956,42.321293,0.28211275
1.42,0.053030428,0.07753056,6.2251844,42.31706,0.284438
1.43,0.053164396,0.077816725,6.223973,42.312805,0.2867694
1.44,0.05329965,0.078130186,6.222758,42.308525,0.2891064
1.45,0.05343573,0.07845396,6.2215395,42.304253,0.29144955
1.46,0.053573243,0.078801095,6.220319,42.299957,0.29379666
1.47,0.053711817,0.07915783,6.219091,42.29565,0.29615128
1.48,0.053851087,0.07953495,6.217866,42.29134,0.29851067
1.49,0.05399197,0.07992655,6.216637,42.286995,0.30087668
1.5,0.05413362,0.08033627,6.215404,42.28267,0.3032492
1.51,0.054276682,0.08076441,6.2141676,42.27832,0.30562663
1.52,0.054420426,0.08120769,6.212929,42.27396,0.30801257
1.53,0.054564994,0.08166689,6.2116876,42.269585,0.31040218
1.54,0.054711167,0.08214152,6.2104416,42.265194,0.31279877
1.55,0.054858975,0.08263248,6.209195,42.2608,0.31520182
1.56,0.05500673,0.0831368,6.2079444,42.256397,0.31761038
1.57,0.055156134,0.083658874,6.2066913,42.251965,0.32002726
1.58,0.055306815,0.08419931,6.2054334,42.247536,0.32244992
1.59,0.05545827,0.08475387,6.2041745,42.243088,0.32487872
1.6,0.055610783,0.08532256,6.20291,42.238625,0.32731476
1.61,0.055764433,0.085903764,6.201644,42.234158,0.3297571
1.62,0.055919465,0.08650476,6.200376,42.229664,0.33220667
1.63,0.056075346,0.087117314,6.199104,42.225174,0.33466327
1.64,0.05623194,0.087744474,6.1978283,42.22067,0.3371256
1.65,0.056390826,0.088383794,6.196552,42.216145,0.33959684
1.66,0.056549415,0.0890429,6.1952677,42.21162,0.34207225
1.67,0.056709897,0.08970618,6.1939845,42.207066,0.34455746
1.68,0.056871343,0.09039259,6.192696,42.202496,0.34704864
1.69,0.05703327,0.09108728,6.1914043,42.19794,0.3495464
1.7,0.057196993,0.09179419,6.1901083,42.193344,0.35205197
1.71,0.057360932,0.092515945,6.1888127,42.18873,0.35456598
1.72,0.057526506,0.0932464,6.1875114,42.184105,0.3570854
1.73,0.05769302,0.09399092,6.1862054,42.179485,0.3596135
1.74,0.057860542,0.094748974,6.184899,42.174854,0.36214805
1.75,0.0580293,0.0955202,6.183586,42.170197,0.36469042
1.76,0.058198992,0.09629792,6.182273,42.16553,0.36724097
1.77,0.05836973,0.09708792,6.1809554,42.16086,0.36979923
1.78,0.058541395,0.09788638,6.179635,42.156155,0.37236443
1.79,0.05871385,0.09869975,6.178309,42.151443,0.37493828
1.8,0.058887564,0.099521935,6.176983,42.14672,0.37751895
1.81,0.059062306,0.10035133,6.175652,42.141994,0.3801078
1.82,0.059238028,0.10119313,6.174318,42.13723,0.38270375
1.83,0.059414137,0.10204023,6.1729813,42.132484,0.38530862
1.84,0.05959166,0.10290015,6.1716366,42.127697,0.38792136
1.85,0.059770357,0.10376555,6.1702914,42.122902,0.39054114
1.86,0.059949845,0.10463971,6.1689434,42.118095,0.39316973
1.87,0.060130376,0.105520606,6.167591,42.113285,0.39580613
1.88,0.06031125,0.10641527,6.166236,42.108433,0.3984516
1.89,0.060493756,0.10730839,6.1648774,42.103584,0.40110317
1.9,0.060676526,0.10821009,6.1635137,42.09873,0.40376353
1.91,0.060860667,0.109119415,6.162148,42.093834,0.40643278
1.92,0.061046086,0.11003786,6.1607785,42.088943,0.40910992
1.93,0.061231244,0.11095959,6.159406,42.084038,0.41179714
1.94,0.06141831,0.11188209,6.1580296,42.079117,0.41448954
1.95,0.061605956,0.11281818,6.1566477,42.07417,0.41719332
1.96,0.06179453,0.1137526,6.1552644,42.06923,0.41990337
1.97,0.061983675,0.11469334,6.1538754,42.06427,0.42262366
1.98,0.062173706,0.115636945,6.1524844,42.059284,0.4253514
1.99,0.06236451,0.11658782,6.1510887,42.054283,0.42808792
2.0,0.062556155,0.11754179,6.1496897,42.04927,0.43083292
2.01,0.06274882,0.118496,6.1482882,42.044235,0.43358648
2.02,0.06294223,0.11945087,6.146881,42.03919,0.43634877
2.03,0.063136145,0.12040818,6.145472,42.034145,0.4391197
2.04,0.06333085,0.12137157,6.1440597,42.02908,0.4418997
2.05,0.06352711,0.12233341,6.1426415,42.024014,0.4446881
2.06,0.06372331,0.123298526,6.1412196,42.01891,0.44748506
2.07,0.06392042,0.124261975,6.1397953,42.01379,0.45029205
2.08,0.06411835,0.12522554,6.1383653,42.00865,0.4531071
2.09,0.06431685,0.12619436,6.136932,42.003498,0.45593074
2.1,0.06451647,0.1271596,6.135497,41.998352,0.4587654
2.11,0.06471659,0.12812793,6.1340556,41.993168,0.46160653
2.12,0.06491702,0.12908936,6.1326103,41.98798,0.4644581
2.13,0.065118805,0.13005263,6.1311636,41.982758,0.4673165
2.14,0.06532057,0.13101351,6.1297097,41.977562,0.4701864
2.15,0.065523535,0.13197535,6.128254,41.97231,0.4730636
2.16,0.065727115,0.13293296,6.1267953,41.967052,0.47595134
2.17,0.06593094,0.13389063,6.1253304,41.96178,0.47884834
2.18,0.06613613,0.13484186,6.1238623,41.9565,0.481754
2.19,0.06634107,0.13579357,6.12239,41.95121,0.4846697
2.2,0.06654713,0.1367386,6.120915,41.94589,0.4875935
2.21,0.06675337,0.13767815,6.119434,41.940563,0.49052638
2.22,0.06696047,0.1386199,6.1179504,41.935226,0.49346983
2.23,0.06716837,0.13955355,6.116461,41.92986,0.49642146
2.24,0.067376755,0.14048606,6.1149693,41.92448,0.4993829
2.25,0.06758526,0.14141077,6.1134725,41.919083,0.5023537
2.26,0.06779538,0.14232951,6.1119733,41.91367,0.5053347
2.27,0.06800505,0.14324415,6.11047,41.908237,0.50832343
2.28,0.06821539,0.14415365,6.1089606,41.902805,0.51132333
2.29,0.0684263,0.14505452,6.10745,41.897354,0.51433176
2.3,0.06863797,0.14595383,6.1059313,41.89188,0.5173493
2.31,0.06884974,0.14684272,6.1044106,41.88641,0.5203782
2.32,0.06906233,0.14772737,6.102886,41.8809,0.5234153
2.33,0.069275886,0.14860421,6.1013565,41.87538,0.5264618
2.34,0.06948948,0.14947331,6.0998225,41.869843,0.52951765
2.35,0.069703676,0.1503371,6.098285,41.864292,0.5325836
2.36,0.06991757,0.15119106,6.0967445,41.858715,0.53565985
2.37,0.070132606,0.15203643,6.0951986,41.853146,0.5387448
2.38,0.07034832,0.15287435,6.0936494,41.84754,0.5418416
2.39,0.07056418,0.15370744,6.092095,41.841927,0.54494613
2.4,0.07078071,0.1545276,6.090534,41.8363,0.5480609
2.41,0.07099687,0.15533882,6.088973,41.83065,0.5511846
2.42,0.07121409,0.15614146,6.087405,41.82499,0.5543176
2.43,0.07143149,0.15693563,6.085833,41.819313,0.55746365
2.44,0.07164972,0.15772009,6.084257,41.81362,0.5606166
2.45,0.07186753,0.15849876,6.082678,41.807922,0.563781
2.46,0.072086364,0.15926415,6.081093,41.80219,0.56695324
2.47,0.07230578,0.16001725,6.079503,41.796455,0.57013774
2.48,0.07252511,0.16076553,6.07791,41.790688,0.5733309
2.49,0.07274486,0.16150337,6.076311,41.784916,0.57653433
2.5,0.07296506,0.16222489,6.0747094,41.77912,0.5797477
2.51,0.07318567,0.16294181,6.073105,41.773304,0.582971
2.52,0.073406436,0.16364413,6.071494,41.767494,0.58620435
2.53,0.07362784,0.16433495,6.069879,41.76166,0.5894476
2.54,0.073849544,0.16501755,6.068259,41.7558,0.59269947
2.55,0.074071415,0.16568983,6.066635,41.74994,0.5959638
2.56,0.07429366,0.16635251,6.0650063,41.74405,0.59923553
2.57,0.07451599,0.16699713,6.063374,41.738136,0.6025195
2.58,0.07473882,0.16763592,6.0617356,41.732224,0.60581195
2.59,0.074961774,0.16826177,6.060094,41.72628,0.60911506
2.6,0.07518556,0.16887522,6.0584455,41.72033,0.61242855
2.61,0.07540925,0.16947705,6.056795,41.71436,0.61575353
2.62,0.07563316,0.17006981,6.0551395,41.70838,0.6190865
2.63,0.07585786,0.17064822,6.0534806,41.702374,0.6224293
2.64,0.076082155,0.1712153,6.051815,41.696377,0.6257841
2.65,0.07630703,0.17177218,6.050146,41.69033,0.6291475
2.66,0.07653265,0.17231709,6.048472,41.68428,0.6325219
2.67,0.07675812,0.17284554,6.0467935,41.678215,0.6359074
2.68,0.07698397,0.17336851,6.0451097,41.67214,0.6393003
2.69,0.077210195,0.17387605,6.0434237,41.666042,0.6427053
2.7,0.07743598,0.17436922,6.0417304,41.659924,0.6461204
2.71,0.07766275,0.17485565,6.040035,41.653786,0.64954495
2.72,0.07788903,0.1753285,6.0383325,41.647636,0.65298104
2.73,0.07811625,0.17579019,6.0366273,41.641483,0.6564264
2.74,0.0783439,0.1762402,6.0349164,41.635303,0.6598825
2.75,0.0785719,0.17667484,6.0332017,41.62911,0.66334873
2.76,0.0787993,0.17710024,6.031482,41.62289,0.66682565
2.77,0.07902709,0.17751515,6.0297565,41.616676,0.6703104
2.78,0.07925564,0.17791545,6.0280275,41.61042,0.6738078
2.79,0.07948412,0.17830485,6.026293,41.604168,0.6773143
2.8,0.079713024,0.17868233,6.024555,41.59788,0.68083155
2.81,0.079941824,0.17905146,6.022813,41.5916,0.6843598
2.82,0.080171295,0.17940962,6.021065,41.585274,0.68789715
2.83,0.08040068,0.1797483,6.0193124,41.578964,0.69144523
2.84,0.0806305,0.18008542,6.0175557,41.57261,0.69500315
2.85,0.080860704,0.18040693,6.0157924,41.566257,0.6985717
2.86,0.08109072,0.1807167,6.014026,41.559906,0.7021518
2.87,0.081321426,0.18101907,6.0122538,41.553513,0.7057415
2.88,0.08155225,0.18130863,6.0104795,41.547104,0.7093404
2.89,0.081783004,0.1815905,6.008699,41.540676,0.7129499
2.9,0.08201407,0.181858,6.0069113,41.53425,0.7165703
2.91,0.082246125,0.18211573,6.0051203,41.527794,0.720201
2.92,0.08247751,0.18236405,6.003326,41.521324,0.723842
2.93,0.0827095,0.18260396,6.001528,41.514835,0.7274916
2.94,0.082942165,0.18283248,5.999721,41.508335,0.7311548
2.95,0.08317422,0.18305033,5.9979124,41.501816,0.73482645
2.96,0.08340693,0.18326175,5.9961,41.49528,0.73850757
2.97,0.08363986,0.18346119,5.994279,41.488724,0.7422005
2.98,0.083873495,0.18365514,5.992456,41.482166,0.7459021
2.99,0.08410682,0.18383753,5.9906273,41.475594,0.74961615
3.0,0.08434079,0.18401289,5.9887958,41.468987,0.7533392
3.01,0.084574625,0.18417966,5.9869566,41.462368,0.7570722
3.02,0.084808886,0.1843347,5.985114,41.455753,0.76081634
3.03,0.085043386,0.18448436,5.9832664,41.449104,0.7645695
3.04,0.08527811,0.1846267,5.9814124,41.44244,0.7683341
3.05,0.08551356,0.18476266,5.979557,41.43576,0.7721095
3.06,0.08574909,0.18489105,5.9776955,41.42907,0.77589476
3.07,0.085984915,0.18501437,5.975828,41.422367,0.7796898
3.08,0.086220846,0.18512827,5.973956,41.415638,0.7834958
3.09,0.086457424,0.18523699,5.97208,41.408897,0.7873119
3.1,0.08669396,0.18533748,5.9702005,41.40215,0.7911384
3.11,0.0869308,0.1854347,5.9683137,41.39537,0.7949743
3.12,0.0871679,0.18552476,5.966424,41.388573,0.79882157
3.13,0.0874061,0.18560916,5.964527,41.38178,0.8026795
3.14,0.08764369,0.18569136,5.962626,41.374966,0.8065467
3.15,0.08788204,0.18576676,5.96072,41.368122,0.8104243
3.16,0.08812042,0.1858396,5.9588103,41.36128,0.8143127
3.17,0.088359535,0.18590766,5.956896,41.354412,0.81821114
3.18,0.08859869,0.18597144,5.954975,41.347523,0.82211936
3.19,0.08883871,0.18603235,5.9530506,41.340626,0.82603884
3.2,0.08907866,0.18608761,5.951122,41.333717,0.8299682
3.21,0.08931897,0.18614501,5.949188,41.32679,0.8339075
3.22,0.08955988,0.18619502,5.9472475,41.31984,0.8378575
3.23,0.08980101,0.1862449,5.9453044,41.312866,0.84181666
3.24,0.09004236,0.18629175,5.943358,41.3059,0.845788
3.25,0.09028442,0.18633765,5.9414015,41.298904,0.84976816
3.26,0.09052679,0.1863842,5.939444,41.291904,0.8537598
3.27,0.09076979,0.18642789,5.9374804,41.284878,0.85776067
3.28,0.09101317,0.18647474,5.935515,41.27784,0.86177254
3.29,0.091256715,0.18651694,5.9335394,41.270794,0.86579347
3.3,0.09150123,0.18656021,5.9315605,41.263733,0.86982656
3.31,0.09174569,0.18660384,5.9295797,41.256645,0.8738687
3.32,0.0919909,0.18664885,5.927592,41.249542,0.8779218
3.33,0.0922363,0.1866976,5.9255996,41.242435,0.8819859
3.34,0.092482455,0.18674684,5.923602,41.235294,0.886057
3.35,0.09272914,0.18679476,5.9215994,41.228157,0.890141
3.36,0.092976436,0.18685037,5.9195914,41.220985,0.8942349
3.37,0.09322403,0.18690443,5.917581,41.21381,0.89833903
3.38,0.0934722,0.18696058,5.915565,41.206627,0.9024532
3.39,0.09372094,0.18702298,5.9135423,41.19941,0.9065775
3.4,0.09397006,0.18708646,5.911518,41.19218,0.9107126
3.41,0.09421995,0.18715459,5.909486,41.18496,0.91485775
3.42,0.09447012,0.18722755,5.9074492,41.1777,0.91901314
3.43,0.09472155,0.18730599,5.90541,41.170437,0.9231789
3.44,0.09497279,0.18738747,5.9033623,41.163143,0.92735434
3.45,0.09522489,0.18748057,5.9013124,41.155846,0.93154204
3.46,0.09547776,0.18756986,5.8992558,41.148537,0.935737
3.47,0.09573121,0.18767244,5.8971953,41.141205,0.93994546
3.48,0.095985234,0.18777645,5.89513,41.133854,0.94416213
3.49,0.096239984,0.18788624,5.8930597,41.126488,0.9483886
3.5,0.096495666,0.18800843,5.890986,41.119118,0.952628
3.51,0.09675149,0.18813717,5.8889055,41.11173,0.9568753
3.52,0.09700838,0.18827432,5.88682,41.104313,0.9611349
3.53,0.097265534,0.1884138,5.88473,41.096897,0.96540403
3.54,0.09752395,0.1885621,5.8826365,41.089455,0.96968293
3.55,0.09778273,0.18872243,5.8805356,41.08201,0.97397196
3.56,0.098042585,0.18889254,5.87843,41.07453,0.97827244
3.57,0.09830283,0.18907434,5.876322,41.06705,0.98258364
3.58,0.0985643,0.1892606,5.8742085,41.05956,0.9869033
3.59,0.09882656,0.18946123,5.872088,41.05204,0.9912355
3.6,0.09908874,0.1896652,5.869963,41.044506,0.99557745
3.61,0.099352755,0.1898818,5.867834,41.03696,0.9999292
3.62,0.09961702,0.19011444,5.8657017,41.0294,1.0042921
3.63,0.09988194,0.19035465,5.8635626,41.021824,1.0086654
3.64,0.10014845,0.1906029,5.861418,41.01422,1.0130496
3.65,0.10041511,0.19086748,5.8592687,41.006615,1.0174434
3.66,0.100683115,0.19114536,5.857115,40.99899,1.0218492
3.67,0.100951985,0.19143051,5.8549566,40.991352,1.026264
3.68,0.101221636,0.1917308,5.8527937,40.98369,1.0306898
3.69,0.10149222,0.19204319,5.8506246,40.97602,1.0351264
3.7,0.1017633,0.19236499,5.84845,40.968334,1.0395737
3.71,0.10203613,0.19270498,5.846272,40.960625,1.0440307
3.72,0.10230975,0.19305712,5.844088,40.952904,1.0485003
3.73,0.10258393,0.19342142,5.8419,40.945175,1.0529788
3.74,0.10285953,0.19380069,5.8397055,40.93742,1.057469
3.75,0.103136115,0.19419253,5.8375072,40.929646,1.0619688
3.76,0.10341371,0.1945998,5.835305,40.921856,1.0664812
3.77,0.1036918,0.19502032,5.833096,40.914062,1.071001
3.78,0.10397128,0.19545627,5.8308825,40.906246,1.0755361
3.79,0.1042521,0.1959098,5.8286633,40.898407,1.0800799
3.8,0.10453379,0.1963765,5.826438,40.890564,1.0846343
3.81,0.10481663,0.19685584,5.82421,40.882683,1.0892005
3.82,0.10510062,0.19735503,5.821978,40.87481,1.0937775
3.83,0.105385676,0.1978656,5.819738,40.86691,1.0983646
3.84,0.10567182,0.19839376,5.817494,40.858994,1.1029639
3.85,0.10595919,0.19893944,5.8152447,40.851048,1.1075739
3.86,0.10624791,0.19950026,5.8129907,40.843098,1.1121945
3.87,0.10653731,0.20007437,5.8107324,40.835144,1.1168259
3.88,0.10682844,0.20066595,5.808468,40.82716,1.1214705
3.89,0.1071207,0.20127457,5.806196,40.819157,1.126124
3.9,0.10741385,0.20189953,5.8039236,40.81113,1.1307893
3.91,0.107708804,0.20254028,5.801644,40.803097,1.1354672
3.92,0.108004734,0.20319599,5.79936,40.795048,1.140154
3.93,0.108301796,0.20386839,5.79707,40.786972,1.1448536
3.94,0.108600274,0.20456219,5.794774,40.7789,1.1495647
3.95,0.108900264,0.20527065,5.7924733,40.77079,1.1542883
3.96,0.10920156,0.20599377,5.7901673,40.762657,1.1590222
3.97,0.109504044,0.2067362,5.787856,40.754517,1.1637676
3.98,0.10980771,0.2074936,5.7855396,40.74635,1.1685253
3.99,0.110112816,0.20826918,5.783218,40.73816,1.1732943
4.0,0.11041933,0.20906323,5.7808914,40.72998,1.1780751
4.01,0.11072765,0.209871,5.7785563,40.72176,1.1828673
4.02,0.111037165,0.2106973,5.7762213,40.71354,1.1876715
4.03,0.11134796,0.21154314,5.7738786,40.705284,1.1924882
4.04,0.11166049,0.21240032,5.7715297,40.69701,1.1973164
4.05,0.111974254,0.21328032,5.7691765,40.688736,1.202157
4.06,0.1122894,0.21417415,5.7668166,40.68043,1.20701
4.07,0.112606086,0.21508348,5.7644515,40.67209,1.2118734
4.08,0.11292511,0.2160114,5.762082,40.663746,1.2167509
4.09,0.113244414,0.21695954,5.759707,40.65538,1.2216389
4.1,0.11356562,0.21791762,5.757326,40.647003,1.2265401
4.11,0.113888815,0.21889853,5.7549396,40.638615,1.2314537
4.12,0.11421318,0.21989268,5.7525463,40.630173,1.2363805
4.13,0.11453927,0.220905,5.7501497,40.62172,1.2413192
4.14,0.11486669,0.22192782,5.7477465,40.61327,1.246269
4.15,0.11519626,0.22297573,5.745337,40.604794,1.2512335
4.16,0.11552688,0.22403353,5.7429233,40.596268,1.25621
4.17,0.1158596,0.22511011,5.7405033,40.587746,1.2611991
4.18,0.11619374,0.22620213,5.7380767,40.579227,1.2662015
4.19,0.11652936,0.22731078,5.7356462,40.570656,1.2712151
4.2,0.116866596,0.22843122,5.7332106,40.56206,1.2762439
4.21,0.117206134,0.2295711,5.7307663,40.553455,1.2812853
4.22,0.117547,0.23072433,5.728319,40.54483,1.2863389
4.23,0.117889635,0.23189467,5.725866,40.536182,1.291407
4.24,0.11823406,0.23307836,5.723405,40.52752,1.2964869
4.25,0.11858012,0.23427868,5.7209377,40.51882,1.3015819
4.26,0.118928015,0.23549372,5.7184687,40.510128,1.306689
4.27,0.11927786,0.23672247,5.7159896,40.50138,1.3118104
4.28,0.11962897,0.23796338,5.713506,40.492622,1.3169442
4.29,0.11998231,0.23921883,5.7110167,40.48385,1.3220936
4.3,0.12033712,0.24048913,5.708521,40.475048,1.3272547
4.31,0.120693974,0.24177617,5.706019,40.466225,1.3324313
4.32,0.12105278,0.2430706,5.703511,40.457386,1.3376201
4.33,0.12141287,0.2443803,5.7009983,40.4485,1.3428248
4.34,0.12177531,0.24570656,5.6984787,40.43962,1.348043
4.35,0.12214008,0.24704176,5.6959534,40.430695,1.353275
4.36,0.12250568,0.24839044,5.6934214,40.421745,1.3585216
4.37,0.122873776,0.24974966,5.690882,40.412796,1.3637813
4.38,0.12324384,0.25112385,5.68834,40.403812,1.3690569
4.39,0.12361534,0.25250703,5.685788,40.394794,1.3743466
4.4,0.12398905,0.25390667,5.6832304,40.385765,1.3796505
4.41,0.12436477,0.2553072,5.6806674,40.3767,1.3849701
4.42,0.124742515,0.25672764,5.678099,40.367607,1.3903044
4.43,0.12512165,0.25815666,5.6755223,40.358513,1.3956519
4.44,0.12550297,0.25959456,5.6729426,40.349373,1.4010159
4.45,0.12588671,0.26104385,5.6703525,40.34022,1.4063951
4.46,0.12627178,0.2624979,5.667758,40.33103,1.4117885
4.47,0.1266591,0.26396912,5.665157,40.32182,1.417198
4.48,0.12704863,0.26544708,5.6625485,40.312588,1.4226226
4.49,0.12744029,0.2669325,5.6599345,40.303326,1.4280624
4.5,0.12783375,0.26842493,5.657314,40.29405,1.4335175
4.51,0.12822875,0.26992923,5.6546845,40.284733,1.4389888
4.52,0.12862623,0.27143657,5.65205,40.275387,1.4444752
4.53,0.12902592,0.27295142,5.649408,40.26602,1.4499774
4.54,0.12942715,0.27447802,5.646761,40.256626,1.4554955
4.55,0.129831,0.27600956,5.644107,40.247196,1.4610311
4.56,0.13023616,0.2775454,5.6414447,40.23777,1.4665799
4.57,0.13064441,0.2790926,5.638776,40.228283,1.4721464
4.58,0.13105386,0.28064132,5.6361017,40.218796,1.47773
4.59,0.13146542,0.28219593,5.63342,40.209267,1.4833283
4.6,0.13187951,0.283755,5.630731,40.199688,1.4889438
4.61,0.1322954,0.2853217,5.628034,40.19012,1.4945762
4.62,0.1327134,0.28689396,5.6253314,40.18051,1.5002239
4.63,0.13313356,0.28846568,5.6226234,40.17086,1.5058905
4.64,0.13355553,0.2900434,5.619905,40.161182,1.5115718
4.65,0.13398013,0.2916255,5.6171803,40.15147,1.5172719
4.66,0.13440648,0.29321295,5.614448,40.141758,1.5229872
4.67,0.13483535,0.29479885,5.61171,40.13199,1.5287203
4.68,0.1352661,0.2963884,5.6089654,40.122215,1.5344708
4.69,0.13569862,0.2979812,5.606213,40.11239,1.5402387
4.7,0.13613352,0.29957253,5.603451,40.102528,1.546023
4.71,0.13657063,0.30116886,5.600684,40.092644,1.5518262
4.72,0.13701014,0.3027668,5.597908,40.08274,1.557646
4.73,0.13745144,0.30436492,5.595126,40.07281,1.5634842
4.74,0.13789523,0.30596483,5.592335,40.06284,1.5693399
4.75,0.13834053,0.3075601,5.589537,40.052834,1.5752131
4.76,0.13878848,0.30915928,5.5867333,40.042812,1.5811038
4.77,0.13923807,0.31075448,5.5839214,40.032745,1.5870137
4.78,0.1396901,0.31235266,5.5811014,40.02265,1.592941
4.79,0.14014442,0.31394553,5.578273,40.01251,1.5988863
4.8,0.14060062,0.3155409,5.5754366,40.002357,1.6048492
4.81,0.14105916,0.3171348,5.5725946,39.99217,1.610832
4.82,0.14152004,0.3187217,5.569742,39.981953,1.6168337
4.83,0.1419825,0.32030994,5.566885,39.97169,1.6228517
4.84,0.14244752,0.32189435,5.5640182,39.961414,1.6288893
4.85,0.14291477,0.32347488,5.561143,39.95109,1.6349456
4.86,0.1433841,0.3250587,5.558261,39.940742,1.6410215
4.87,0.14385557,0.32662964,5.5553703,39.930347,1.647115
4.88,0.14432922,0.32819992,5.5524716,39.919937,1.6532284
4.89,0.144805,0.32976812,5.5495663,39.909477,1.6593616
4.9,0.14528301,0.33132887,5.546653,39.898975,1.6655126
4.91,0.14576292,0.33288872,5.5437303,39.88847,1.6716839
4.92,0.14624548,0.334437,5.5408006,39.87792,1.6778736
4.93,0.14672983,0.33598608,5.537861,39.867325,1.6840833
4.94,0.14721653,0.33752602,5.5349145,39.856697,1.6903123
4.95,0.14770505,0.3390614,5.53196,39.84603,1.6965601
4.96,0.14819568,0.34058923,5.528995,39.835342,1.7028286
4.97,0.14868866,0.34211555,5.5260243,39.824623,1.7091168
4.98,0.1491838,0.34362903,5.5230446,39.81386,1.7154243
4.99,0.14968139,0.34513885,5.520054,39.803066,1.7217518
5.0,0.15018079,0.3466386,5.5170574,39.79224,1.7280986
5.01,0.15068242,0.34813502,5.5140524,39.781357,1.7344669
5.02,0.1511859,0.34962285,5.511038,39.77046,1.7408541
5.03,0.1516916,0.35109812,5.508015,39.759506,1.7472624
5.04,0.1521995,0.352571,5.5049872,39.74854,1.7536896
5.05,0.15270962,0.35403487,5.501946,39.73752,1.7601388
5.06,0.15322183,0.35549006,5.498898,39.726475,1.7666074
5.07,0.15373655,0.356935,5.4958405,39.715393,1.7730968
5.08,0.15425247,0.35837328,5.4927773,39.704266,1.7796059
5.09,0.15477124,0.35979867,5.4897013,39.693104,1.7861364
5.1,0.15529168,0.36122015,5.486618,39.681915,1.7926879
5.11,0.15581465,0.362632,5.483527,39.670677,1.7992584
5.12,0.1563397,0.36402893,5.480427,39.65941,1.8058523
5.13,0.15686631,0.36542118,5.477318,39.648098,1.8124654
5.14,0.15739569,0.36680645,5.4742007,39.63676,1.8191006
5.15,0.15792698,0.36817175,5.4710736,39.625385,1.8257551
5.16,0.15846017,0.36953127,5.4679365,39.61397,1.8324318
5.17,0.15899542,0.37088332,5.4647937,39.60251,1.8391294
5.18,0.15953276,0.3722233,5.4616385,39.59101,1.8458478
5.19,0.16007228,0.3735561,5.4584765,39.579475,1.8525884
5.2,0.16061358,0.37487522,5.455304,39.567898,1.8593487
5.21,0.16115764,0.37618345,5.452123,39.556297,1.8661307
5.22,0.1617034,0.37748167,5.4489326,39.544647,1.8729354
5.23,0.16225116,0.37877205,5.445734,39.53296,1.8797601
5.24,0.16280061,0.38004905,5.442526,39.521236,1.886607
5.25,0.16335258,0.38131607,5.4393086,39.50948,1.8934759
5.26,0.16390623,0.38257095,5.436082,39.49766,1.9003662
5.27,0.16446257,0.38381472,5.432847,39.485836,1.9072777
5.28,0.16502069,0.38504937,5.4296007,39.47395,1.914212
5.29,0.16558057,0.38627118,5.426346,39.462032,1.9211656
5.3,0.16614279,0.3874849,5.423084,39.45007,1.9281434
5.31,0.16670677,0.38868663,5.4198112,39.438084,1.9351423
5.32,0.16727307,0.3898788,5.416528,39.42604,1.9421631
5.33,0.16784106,0.39105406,5.413236,39.413963,1.9492062
5.34,0.16841088,0.39222392,5.409934,39.401855,1.95627
5.35,0.16898315,0.3933856,5.406625,39.389698,1.9633572
5.36,0.16955745,0.39453307,5.4033055,39.3775,1.9704659
5.37,0.17013389,0.39566764,5.399975,39.36527,1.9775972
5.38,0.1707118,0.39679495,5.396637,39.35298,1.9847507
5.39,0.1712919,0.39790928,5.393288,39.34068,1.9919263
5.4,0.17187414,0.39901587,5.3899302,39.32832,1.9991231
5.41,0.17245862,0.40011105,5.386562,39.315926,2.006342
5.42,0.17304474,0.4011914,5.383186,39.303493,2.0135858
5.43,0.17363298,0.40226412,5.379797,39.291016,2.0208492
5.44,0.174223,0.40333036,5.3764024,39.278503,2.0281365
5.45,0.17481497,0.4043822,5.3729987,39.26595,2.0354455
5.46,0.17540915,0.40542322,5.3695817,39.25335,2.0427785
5.47,0.17600551,0.40646306,5.3661566,39.240707,2.0501323
5.48,0.17660335,0.4074864,5.3627234,39.228035,2.0575087
5.49,0.17720345,0.40849864,5.3592777,39.21531,2.064908
5.5,0.17780563,0.4095044,5.355823,39.202557,2.07233
5.51,0.1784097,0.4104989,5.3523602,39.189766,2.0797753
5.52,0.17901534,0.41148952,5.348887,39.176914,2.087242
5.53,0.1796236,0.4124703,5.3454027,39.164036,2.0947325
5.54,0.18023318,0.4134366,5.3419094,39.15111,2.102245
5.55,0.18084511,0.41439942,5.338407,39.138145,2.1097813
5.56,0.18145892,0.41535333,5.3348937,39.125145,2.117339
5.57,0.18207479,0.41629982,5.331371,39.112095,2.1249201
5.58,0.18269259,0.41723788,5.327841,39.099022,2.1325238
5.59,0.18331239,0.41816726,5.3242984,39.085884,2.1401505
5.6,0.18393397,0.41908926,5.3207445,39.072723,2.1477997
5.61,0.18455786,0.4200041,5.3171844,39.059505,2.1554735
5.62,0.18518358,0.42091486,5.313611,39.04626,2.1631684
5.63,0.18581125,0.42181695,5.3100305,39.032963,2.1708875
5.64,0.18644089,0.42271253,5.3064404,39.019638,2.178628
5.65,0.18707255,0.4236026,5.3028383,39.00626,2.1863935
5.66,0.18770567,0.42448545,5.2992263,38.992847,2.194182
5.67,0.18834168,0.42536923,5.295605,38.979378,2.2019925
5.68,0.18897936,0.4262398,5.2919745,38.9659,2.2098258
5.69,0.18961903,0.42711237,5.2883334,38.952354,2.217684
5.7,0.19026005,0.4279747,5.2846837,38.938763,2.2255638
5.71,0.19090372,0.42883193,5.281022,38.925144,2.2334676
5.72,0.19154921,0.42968848,5.277351,38.911488,2.241394
5.73,0.19219652,0.430542,5.2736726,38.897785,2.2493443
5.74,0.1928463,0.43139124,5.269981,38.88402,2.2573173
5.75,0.19349805,0.43223655,5.2662797,38.870247,2.265315
5.76,0.19415158,0.433078,5.262568,38.85641,2.273335
5.77,0.19480717,0.4339181,5.258848,38.842545,2.2813776
5.78,0.19546455,0.43475673,5.255118,38.828636,2.289445
5.79,0.1961242,0.4355915,5.2513766,38.81468,2.2975347
5.8,0.19678587,0.43642518,5.2476254,38.80069,2.3056488
5.81,0.1974498,0.43726075,5.243866,38.78665,2.313787
5.82,0.19811532,0.43809095,5.2400966,38.772568,2.3219476
5.83,0.19878349,0.43892512,5.236315,38.758442,2.3301315
5.84,0.19945312,0.439756,5.232523,38.74428,2.3383398
5.85,0.20012516,0.440591,5.228723,38.73007,2.346572
5.86,0.20079899,0.44142318,5.2249126,38.715824,2.354827
5.87,0.20147514,0.4422551,5.2210917,38.701546,2.3631055
5.88,0.2021536,0.44309154,5.217261,38.687214,2.3714082
5.89,0.20283377,0.44392803,5.2134204,38.67284,2.379734
5.9,0.20351651,0.44476855,5.2095695,38.65842,2.388085
5.91,0.20420098,0.44561067,5.205708,38.643967,2.3964586
5.92,0.20488742,0.44645238,5.201837,38.629467,2.4048567
5.93,0.20557666,0.44730434,5.197955,38.614918,2.413279
5.94,0.20626783,0.44815412,5.194065,38.60034,2.4217253
5.95,0.20696098,0.4490085,5.190162,38.58572,2.430194
5.96,0.2076562,0.44986716,5.186252,38.571068,2.4386876
5.97,0.20835358,0.45073298,5.1823316,38.55634,2.4472055
5.98,0.20905319,0.45160058,5.178399,38.541607,2.4557483
5.99,0.20975536,0.4524746,5.1744556,38.526817,2.4643147
6.0,0.21045947,0.45335242,5.170504,38.51197,2.4729044
6.01,0.2111659,0.45423612,5.166542,38.4971,2.4815202
6.02,0.2118747,0.4551296,5.1625705,38.482185,2.4901586
6.03,0.21258548,0.4560291,5.158589,38.46722,2.4988222
6.04,0.21329862,0.45693538,5.1545973,38.45221,2.5075097
6.05,0.21401379,0.45784664,5.150592,38.43717,2.516223
6.06,0.21473193,0.45876962,5.1465797,38.42208,2.5249588
6.07,0.21545205,0.45969728,5.1425576,38.40694,2.5337195
6.08,0.21617442,0.46063432,5.138525,38.391773,2.542506
6.09,0.21689889,0.46158344,5.134481,38.376556,2.5513177
6.1,0.21762595,0.46253613,5.130428,38.361313,2.5601518
6.11,0.21835533,0.46350166,5.1263647,38.346,2.5690126
6.12,0.21908712,0.464476,5.1222906,38.330658,2.5778978
6.13,0.21982113,0.46546134,5.118206,38.31528,2.586807
6.14,0.22055802,0.46645606,5.1141124,38.299862,2.595741
6.15,0.22129697,0.467465,5.1100087,38.28438,2.604702
6.16,0.22203809,0.4684773,5.1058955,38.26887,2.6136863
6.17,0.22278246,0.46951073,5.1017694,38.25329,2.6226957
6.18,0.2235288,0.47054893,5.097635,38.237698,2.6317317
6.19,0.22427738,0.47160035,5.09349,38.222065,2.640791
6.2,0.2250289,0.47267237,5.0893326,38.20638,2.6498783
6.21,0.22578263,0.4737419,5.085168,38.19064,2.6589885
6.22,0.22653925,0.47483614,5.0809927,38.17487,2.6681247
6.23,0.22729817,0.47593746,5.0768056,38.15906,2.6772873
6.24,0.22805953,0.4770588,5.072609,38.143192,2.686475
6.25,0.22882405,0.47818705,5.068403,38.12729,2.6956885
6.26,0.22959104,0.47933334,5.064183,38.111343,2.7049289
6.27,0.23036009,0.4804944,5.0599556,38.09535,2.714193
6.28,0.23113212,0.48166388,5.055718,38.07932,2.7234843
6.29,0.23190683,0.4828533,5.051469,38.063244,2.732802
6.3,0.23268402,0.48406056,5.0472107,38.047123,2.742145
6.31,0.23346421,0.4852811,5.042942,38.030952,2.7515147
6.32,0.23424688,0.48651305,5.0386634,38.014748,2.7609093
6.33,0.23503232,0.48776528,5.034373,37.998493,2.7703319
6.34,0.23582062,0.48903018,5.030072,37.98219,2.7797804
6.35,0.23661134,0.4903165,5.025761,37.96585,2.789255
6.36,0.23740548,0.49161324,5.0214396,37.949448,2.7987564
6.37,0.23820186,0.49293268,5.017108,37.93302,2.8082838
6.38,0.23900184,0.49426538,5.012764,37.91654,2.81784
6.39,0.23980352,0.4956136,5.008412,37.900013,2.827422
6.4,0.24060893,0.49698243,5.0040493,37.88344,2.8370295
6.41,0.24141666,0.4983646,4.999675,37.866837,2.846666
6.42,0.24222767,0.49976617,4.99529,37.850166,2.8563292
6.43,0.2430416,0.5011905,4.9908967,37.833473,2.866019
6.44,0.24385816,0.5026233,4.9864907,37.816715,2.875737
6.45,0.24467787,0.50408196,4.9820757,37.79992,2.8854816
6.46,0.24550027,0.5055537,4.977648,37.78308,2.8952537
6.47,0.24632621,0.5070478,4.9732094,37.7662,2.905055
6.48,0.24715501,0.50855577,4.968761,37.749268,2.9148831
6.49,0.24798682,0.51008594,4.964303,37.732277,2.9247386
6.5,0.24882138,0.5116327,4.959834,37.715256,2.9346216
6.51,0.24965933,0.513197,4.955353,37.69818,2.9445336
6.52,0.2505003,0.5147861,4.9508615,37.681065,2.9544742
6.53,0.25134426,0.5163895,4.94636,37.66389,2.964443
6.54,0.25219142,0.518013,4.941848,37.646675,2.974438
6.55,0.25304192,0.5196538,4.9373245,37.629417,2.984464
6.56,0.25389576,0.52131534,4.9327903,37.612103,2.9945178
6.57,0.254752,0.5229969,4.928245,37.594753,3.004601
6.58,0.25561216,0.5246953,4.923688,37.57735,3.014712
6.59,0.25647524,0.5264116,4.919121,37.559895,3.0248508
6.6,0.2573415,0.5281515,4.9145436,37.54239,3.0350213
6.61,0.25821126,0.52990645,4.9099555,37.524845,3.0452187
6.62,0.25908402,0.5316826,4.9053545,37.507263,3.055446
6.63,0.2599604,0.53348076,4.900743,37.489597,3.0657039
6.64,0.26084003,0.5352955,4.896122,37.47191,3.0759888
6.65,0.261723,0.53712845,4.89149,37.45417,3.0863044
6.66,0.26260892,0.5389831,4.8868465,37.43638,3.0966501
6.67,0.26349875,0.5408574,4.88219,37.41853,3.1070268
6.68,0.26439217,0.5427536,4.8775253,37.400642,3.1174312
6.69,0.26528823,0.5446631,4.8728485,37.382713,3.1278675
6.7,0.26618835,0.5465919,4.868159,37.36471,3.138332
6.71,0.2670915,0.5485421,4.863458,37.346676,3.1488278
6.72,0.2679984,0.5505123,4.858747,37.328587,3.1593533
6.73,0.26890892,0.5524986,4.8540254,37.310432,3.1699104
6.74,0.26982275,0.5545097,4.8492913,37.292244,3.1804984
6.75,0.27074045,0.5565325,4.844546,37.27401,3.1911168
6.76,0.2716612,0.55857944,4.839791,37.255714,3.201766
6.77,0.27258557,0.56064016,4.8350234,37.237362,3.2124448
6.78,0.2735137,0.5627246,4.8302436,37.218967,3.223156
6.79,0.2744459,0.56482875,4.8254533,37.200516,3.2338977
6.8,0.2753812,0.56694937,4.820652,37.18202,3.2446713
6.81,0.27631986,0.5690844,4.8158383,37.163467,3.2554753
6.82,0.27726296,0.57124126,4.8110127,37.144875,3.2663114
6.83,0.27820882,0.57341516,4.806178,37.126213,3.2771792
6.84,0.27915898,0.57560605,4.801328,37.10749,3.2880793
6.85,0.28011268,0.5778189,4.7964697,37.088745,3.29901
6.86,0.28107047,0.5800463,4.7915993,37.06992,3.3099744
6.87,0.28203171,0.58229303,4.786717,37.051056,3.320969
6.88,0.28299713,0.5845591,4.7818213,37.032127,3.331998
6.89,0.28396532,0.5868399,4.776915,37.01316,3.3430574
6.9,0.28493792,0.5891337,4.7719946,36.994118,3.35415
6.91,0.28591448,0.5914504,4.767068,36.975037,3.3652751
6.92,0.28689474,0.59378684,4.7621255,36.9559,3.376433
6.93,0.28787884,0.59613615,4.7571735,36.936707,3.3876228
6.94,0.28886688,0.5984994,4.7522078,36.917465,3.3988473
6.95,0.28985885,0.60088724,4.747231,36.89816,3.4101024
6.96,0.29085428,0.60328156,4.742244,36.87878,3.4213924
6.97,0.2918544,0.60569584,4.7372417,36.859383,3.4327152
6.98,0.29285783,0.60813004,4.73223,36.83991,3.4440718
6.99,0.2938654,0.6105752,4.7272043,36.82038,3.4554596
7.0,0.29487666,0.6130347,4.7221665,36.800797,3.4668832
7.01,0.29589242,0.61551374,4.7171197,36.781162,3.47834
7.02,0.29691163,0.61800396,4.712057,36.761463,3.4898298
7.03,0.2979353,0.6205153,4.7069864,36.74172,3.5013545
7.04,0.29896295,0.6230379,4.7018995,36.721905,3.5129118
7.05,0.29999435,0.6255753,4.6968017,36.70203,3.5245037
7.06,0.30102995,0.62812775,4.691693,36.68212,3.5361295
7.07,0.30206972,0.63069636,4.6865716,36.662136,3.5477896
7.08,0.30311334,0.6332759,4.681439,36.642097,3.559485
7.09,0.3041616,0.6358679,4.6762924,36.621994,3.5712137
7.1,0.30521315,0.6384755,4.6711354,36.601833,3.5829773
7.11,0.3062693,0.6410965,4.665963,36.581627,3.594775
7.12,0.3073297,0.6437345,4.6607823,36.561363,3.6066077
7.13,0.3083943,0.64638007,4.655587,36.541023,3.6184773
7.14,0.30946243,0.649044,4.65038,36.52064,3.6303785
7.15,0.3105354,0.65171915,4.6451607,36.500175,3.6423154
7.16,0.31161222,0.6544039,4.639929,36.479683,3.6542892
7.17,0.31269318,0.6571034,4.634684,36.45911,3.6662967
7.18,0.31377888,0.6598127,4.6294284,36.43848,3.6783397
7.19,0.31486815,0.66253513,4.624159,36.4178,3.6904185
7.2,0.315962,0.6652739,4.618877,36.397038,3.7025323
7.21,0.31705996,0.6680178,4.6135817,36.376225,3.7146819
7.22,0.31816196,0.67077816,4.608277,36.355366,3.7268658
7.23,0.31926888,0.67354935,4.602957,36.33444,3.739087
7.24,0.3203796,0.67632616,4.5976253,36.313446,3.7513442
7.25,0.32149452,0.67911476,4.592282,36.292397,3.7636356
7.26,0.32261404,0.68191963,4.5869246,36.27128,3.7759647
7.27,0.3237379,0.6847352,4.581556,36.25009,3.7883282
7.28,0.32486624,0.687557,4.576174,36.22887,3.800728
7.29,0.32599843,0.6903886,4.5707803,36.20757,3.8131647
7.3,0.32713515,0.693231,4.565373,36.1862,3.8256383
7.31,0.3282762,0.6960817,4.559953,36.164776,3.8381467
7.32,0.3294216,0.6989461,4.554519,36.1433,3.8506918
7.33,0.33057153,0.70181644,4.5490756,36.121746,3.8632736
7.34,0.33172578,0.7047018,4.5436172,36.100136,3.875892
7.35,0.33288404,0.7075908,4.5381474,36.07847,3.8885465
7.36,0.33404744,0.7104891,4.532664,36.056725,3.901239
7.37,0.33521503,0.71339613,4.5271688,36.034916,3.9139655
7.38,0.33638662,0.7163138,4.521661,36.013065,3.9267313
7.39,0.33756313,0.71924025,4.516137,35.991127,3.939533
7.4,0.3387438,0.7221725,4.510606,35.969128,3.9523723
7.41,0.33992887,0.7251149,4.505059,35.947094,3.9652479
7.42,0.34111825,0.7280685,4.4995,35.92496,3.9781613
7.43,0.34231234,0.73102546,4.4939265,35.902786,3.9911108
7.44,0.3435109,0.7339937,4.488342,35.880527,4.004098
7.45,0.34471372,0.73696566,4.4827433,35.858223,4.0171213
7.46,0.34592152,0.7399475,4.4771323,35.835835,4.0301843
7.47,0.34713328,0.74293464,4.47151,35.813408,4.043282
7.48,0.34834993,0.74593496,4.4658723,35.790894,4.0564184
7.49,0.34957138,0.7489393,4.4602237,35.76831,4.069593
7.5,0.3507965,0.751949,4.454563,35.74568,4.0828047
7.51,0.35202652,0.7549645,4.4488883,35.722984,4.0960536
7.52,0.35326082,0.75799274,4.4432015,35.70022,4.109339
7.53,0.35450014,0.7610295,4.437499,35.677364,4.1226645
7.54,0.35574344,0.7640628,4.4317875,35.65448,4.1360245
7.55,0.35699153,0.7671097,4.426061,35.631516,4.1494255
7.56,0.35824442,0.7701653,4.420324,35.608475,4.162863
7.57,0.35950142,0.77322423,4.4145713,35.585365,4.176338
7.58,0.3607635,0.77629215,4.4088078,35.562214,4.189851
7.59,0.36203,0.7793634,4.4030304,35.53897,4.2034025
7.6,0.3633008,0.78244215,4.397239,35.51568,4.2169905
7.61,0.3645763,0.7855302,4.3914375,35.492294,4.23062
7.62,0.3658566,0.78862315,4.3856215,35.468884,4.244284
7.63,0.36714175,0.7917252,4.3797936,35.445377,4.257987
7.64,0.36843035,0.7948296,4.373952,35.421818,4.27173
7.65,0.3697247,0.79794294,4.3680983,35.398182,4.285509
7.66,0.37102327,0.80105865,4.3622303,35.374485,4.2993283
7.67,0.3723261,0.8041857,4.3563523,35.350723,4.3131847
7.68,0.3736336,0.8073173,4.35046,35.326897,4.3270793
7.69,0.37494633,0.8104567,4.3445544,35.30298,4.3410134
7.7,0.37626323,0.8135959,4.3386374,35.279007,4.3549848
7.71,0.37758508,0.8167505,4.3327065,35.25498,4.368995
7.72,0.37891108,0.8199061,4.326764,35.230877,4.3830433
7.73,0.38024196,0.823068,4.3208075,35.206696,4.397131
7.74,0.3815776,0.8262393,4.3148384,35.182453,4.4112563
7.75,0.38291782,0.82941675,4.3088565,35.15814,4.425423
7.76,0.38426256,0.83259946,4.3028607,35.13375,4.439627
7.77,0.38561207,0.8357871,4.2968535,35.109303,4.453868
7.78,0.38696644,0.8389844,4.290836,35.08479,4.4681497
7.79,0.3883256,0.84219265,4.2848015,35.0602,4.4824696
7.8,0.38968897,0.84540063,4.278757,35.035553,4.4968276
7.81,0.3910569,0.84861726,4.2727003,35.010826,4.511224
7.82,0.39243007,0.8518406,4.26663,34.986034,4.525661
7.83,0.39380744,0.8550715,4.2605467,34.961178,4.5401373
7.84,0.39519003,0.8583125,4.254451,34.93624,4.5546517
7.85,0.396577,0.8615541,4.248341,34.91125,4.5692053
7.86,0.39796865,0.8648088,4.242222,34.88618,4.5837975
7.87,0.39936465,0.8680657,4.236087,34.861042,4.598429
7.88,0.40076646,0.8713363,4.2299414,34.83583,4.6131005
7.89,0.40217203,0.8746081,4.2237825,34.81055,4.62781
7.9,0.40358248,0.8778958,4.217612,34.785202,4.642561
7.91,0.40499797,0.8811816,4.2114277,34.759777,4.657349
7.92,0.4064182,0.8844828,4.2052317,34.734295,4.672178
7.93,0.4078429,0.88778883,4.199023,34.708748,4.6870437
7.94,0.40927264,0.89110374,4.192801,34.683113,4.7019506
7.95,0.41070652,0.8944273,4.186569,34.657417,4.716896
7.96,0.41214585,0.8977592,4.18032,34.63164,4.731882
7.97,0.41358986,0.901098,4.17406,34.605797,4.7469087
7.98,0.41503865,0.90444756,4.167789,34.57989,4.7619743
7.99,0.4164918,0.90780604,4.1615057,34.553913,4.7770767
8.0,0.41795045,0.91117334,4.1552095,34.527863,4.7922206
8.01,0.41941342,0.9145452,4.148902,34.501747,4.807406
8.02,0.42088097,0.9179324,4.142582,34.475548,4.822629
8.03,0.42235383,0.9213274,4.136247,34.449295,4.8378916
8.04,0.42383152,0.92473185,4.1299033,34.422966,4.853195
8.05,0.42531374,0.9281432,4.123545,34.39655,4.868537
8.06,0.42680097,0.9315743,4.117176,34.37008,4.8839216
8.07,0.4282926,0.9350033,4.110793,34.343533,4.8993435
8.08,0.4297895,0.938451,4.1043983,34.316917,4.9148064
8.09,0.43129116,0.9419051,4.097991,34.290222,4.930309
8.1,0.43279776,0.945371,4.091573,34.263462,4.9458504
8.11,0.43430936,0.9488497,4.08514,34.236626,4.9614344
8.12,0.43582535,0.95233667,4.0786977,34.20973,4.977057
8.13,0.43734673,0.9558354,4.072243,34.18275,4.9927206
8.14,0.4388731,0.95934707,4.065776,34.15571,5.0084243
8.15,0.4404039,0.96287596,4.0592966,34.128586,5.024165
8.16,0.44193968,0.9664029,4.0528045,34.101402,5.03995
8.17,0.44348103,0.96995074,4.0463,34.074135,5.055774
8.18,0.44502655,0.9735098,4.0397835,34.046806,5.071639
8.19,0.44657743,0.977079,4.0332565,34.019398,5.087543
8.2,0.4481332,0.9806626,4.0267167,33.991924,5.103489
8.21,0.449694,0.98426366,4.0201645,33.964367,5.1194744
8.22,0.45126003,0.9878726,4.013602,33.93675,5.135501
8.23,0.45283026,0.9914932,4.0070252,33.909042,5.151568
8.24,0.45440605,0.9951267,4.0004377,33.88128,5.1676774
8.25,0.455987,0.9987793,3.9938383,33.853424,5.183825
8.26,0.45757303,1.0024438,3.9872272,33.825527,5.2000146
8.27,0.4591631,1.0061162,3.980605,33.797543,5.2162447
8.28,0.4607593,1.0098097,3.9739704,33.769474,5.232514
8.29,0.4623605,1.013516,3.9673223,33.74134,5.248826
8.3,0.4639663,1.017237,3.9606652,33.71313,5.2651796
8.31,0.4655775,1.0209707,3.953994,33.684853,5.281574
8.32,0.46719337,1.0247209,3.947312,33.656487,5.2980065
8.33,0.4688152,1.028488,3.9406195,33.628075,5.3144846
8.34,0.47044185,1.0322684,3.9339132,33.599575,5.331001
8.35,0.472073,1.0360634,3.927196,33.570984,5.347558
8.36,0.47371015,1.0398784,3.920468,33.54234,5.364157
8.37,0.475352,1.0437018,3.913728,33.51362,5.380799
8.38,0.4769992,1.0475483,3.9069777,33.48483,5.397479
8.39,0.47865185,1.0514077,3.9002125,33.455963,5.4142036
8.4,0.48030913,1.0552853,3.8934388,33.427017,5.4309645
8.41,0.4819722,1.0591798,3.886653,33.398003,5.4477706
8.42,0.4836404,1.0630876,3.879855,33.36892,5.464619
8.43,0.48531353,1.067014,3.8730462,33.33974,5.4815087
8.44,0.48699194,1.0709593,3.8662262,33.31051,5.4984384
8.45,0.48867598,1.074922,3.8593946,33.281197,5.51541
8.46,0.4903655,1.078897,3.8525512,33.251812,5.5324254
8.47,0.49206024,1.0828952,3.8456953,33.222336,5.5494814
8.48,0.49375978,1.0869098,3.8388314,33.192806,5.566577
8.49,0.49546582,1.0909461,3.8319542,33.163204,5.583716
8.5,0.49717605,1.0949957,3.8250644,33.133507,5.6008973
8.51,0.49889272,1.0990704,3.8181655,33.10374,5.6181207
8.52,0.50061435,1.1031569,3.8112547,33.07391,5.635387
8.53,0.5023412,1.1072617,3.8043332,33.044003,5.6526914
8.54,0.50407386,1.1113893,3.797399,33.014,5.67004
8.55,0.50581187,1.1155355,3.7904556,32.983944,5.687431
8.56,0.5075551,1.1196921,3.7834995,32.9538,5.704867
8.57,0.5093039,1.1238794,3.776535,32.923595,5.722339
8.58,0.51105875,1.1280845,3.7695568,32.893295,5.739857
8.59,0.5128191,1.1323049,3.7625687,32.862934,5.7574177
8.6,0.5145849,1.1365507,3.7555692,32.8325,5.7750187
8.61,0.5163561,1.1408125,3.7485607,32.801987,5.7926626
8.62,0.5181327,1.1450918,3.7415388,32.771385,5.8103504
8.63,0.51991546,1.1493924,3.734507,32.740715,5.82808
8.64,0.5217039,1.1537151,3.7274644,32.709965,5.845853
8.65,0.5234977,1.1580567,3.7204108,32.679157,5.8636656
8.66,0.52529716,1.1624202,3.7133465,32.648254,5.881523
8.67,0.5271025,1.1668023,3.7062712,32.617283,5.899424
8.68,0.5289137,1.1712091,3.6991847,32.586227,5.9173656
8.69,0.5307306,1.1756319,3.6920896,32.555107,5.9353485
8.7,0.53255326,1.1800811,3.6849816,32.52391,5.9533753
8.71,0.53438175,1.184546,3.6778646,32.49263,5.9714456
8.72,0.53621596,1.189032,3.6707351,32.46127,5.9895616
8.73,0.538056,1.1935425,3.6635966,32.42984,6.0077167
8.74,0.5399024,1.1980708,3.6564474,32.398327,6.025916
8.75,0.5417543,1.2026225,3.6492884,32.366745,6.044159
8.76,0.5436121,1.2071944,3.6421182,32.33507,6.0624437
8.77,0.5454758,1.2117854,3.634937,32.303333,6.080773
8.78,0.5473459,1.2164016,3.6277468,32.27152,6.0991426
8.79,0.5492213,1.221039,3.6205451,32.239624,6.1175566
8.8,0.55110335,1.2256936,3.613333,32.207645,6.1360145
8.81,0.5529909,1.2303754,3.6061113,32.17559,6.1545167
8.82,0.5548846,1.2350769,3.5988796,32.143467,6.1730585
8.83,0.55678445,1.2397966,3.591637,32.11126,6.191645
8.84,0.5586909,1.2445458,3.5843844,32.07897,6.2102766
8.85,0.56060284,1.2493136,3.5771215,32.046616,6.2289495
8.86,0.56252104,1.254101,3.5698488,32.01417,6.247665
8.87,0.56444585,1.2589124,3.5625656,31.981667,6.266429
8.88,0.56637657,1.2637432,3.555273,31.949066,6.2852325
8.89,0.5683136,1.2685962,3.5479703,31.916399,6.304078
8.9,0.57025665,1.2734746,3.5406582,31.883638,6.322968
8.91,0.5722051,1.278363,3.5333362,31.850817,6.3419003
8.92,0.5741613,1.2832868,3.5260022,31.817902,6.3608804
8.93,0.5761234,1.288231,3.5186598,31.784918,6.379903
8.94,0.5780912,1.2931901,3.5113084,31.751858,6.398966
8.95,0.58006614,1.2981794,3.5039463,31.718723,6.4180737
8.96,0.5820472,1.3031826,3.4965744,31.6855,6.437227
8.97,0.5840351,1.3082156,3.489194,31.652193,6.456423
8.98,0.5860281,1.3132615,3.4818041,31.61882,6.4756603
8.99,0.5880287,1.3183345,3.474403,31.585361,6.4949436
9.0,0.5900352,1.323427,3.466993,31.551819,6.51427
9.01,0.5920485,1.3285437,3.4595735,31.518204,6.533643
9.02,0.5940684,1.3336803,3.4521449,31.484522,6.553055
9.03,0.59609485,1.3388448,3.4447079,31.450758,6.5725126
9.04,0.598128,1.3440218,3.4372609,31.416904,6.5920153
9.05,0.6001671,1.3492267,3.429804,31.38297,6.6115623
9.06,0.6022134,1.3544532,3.4223375,31.348969,6.6311526
9.07,0.60426575,1.3596971,3.4148636,31.314884,6.6507816
9.08,0.60632503,1.364964,3.4073784,31.280708,6.67046
9.09,0.60839105,1.3702542,3.3998852,31.246458,6.690182
9.1,0.61046344,1.3755627,3.3923836,31.212145,6.709945
9.11,0.61254287,1.3808914,3.3848715,31.177742,6.729755
9.12,0.6146291,1.3862476,3.3773518,31.143257,6.749608
9.13,0.61672205,1.3916206,3.3698225,31.108694,6.769503
9.14,0.6188217,1.3970221,3.3622832,31.074055,6.7894444
9.15,0.6209279,1.4024317,3.354737,31.03933,6.8094306
9.16,0.6230411,1.4078741,3.3471813,31.004534,6.8294578
9.17,0.62516135,1.4133325,3.3396175,30.969654,6.8495297
9.18,0.6272884,1.4188118,3.3320436,30.934704,6.8696465
9.19,0.6294217,1.4243128,3.3244615,30.89965,6.8898063
9.2,0.63156307,1.4298315,3.316872,30.86454,6.91001
9.21,0.6337108,1.4353721,3.3092742,30.829344,6.9302564
9.22,0.6358652,1.4409378,3.3016667,30.794071,6.9505506
9.23,0.63802683,1.4465199,3.2940502,30.758718,6.9708858
9.24,0.6401952,1.4521229,3.286427,30.723282,6.991264
9.25,0.64237064,1.4577479,3.2787957,30.687769,7.0116906
9.26,0.6445537,1.4633932,3.2711546,30.652176,7.032159
9.27,0.64674366,1.4690546,3.2635062,30.616503,7.052672
9.28,0.6489396,1.4747405,3.2558506,30.58075,7.073224
9.29,0.65114385,1.4804463,3.2481856,30.544909,7.0938244
9.3,0.6533544,1.4861723,3.240513,30.509,7.11447
9.31,0.65557206,1.4919155,3.232832,30.473001,7.1351557
9.32,0.65779746,1.4976804,3.2251444,30.436937,7.155887
9.33,0.66002965,1.503463,3.2174473,30.400787,7.1766634
9.34,0.66226894,1.5092702,3.2097437,30.364563,7.197482
9.35,0.6645157,1.5150918,3.2020326,30.32825,7.2183447
9.36,0.6667695,1.5209358,3.1943133,30.291859,7.2392526
9.37,0.6690309,1.5267981,3.1865864,30.2554,7.2602024
9.38,0.6712983,1.5326775,3.1788514,30.21884,7.2811985
9.39,0.6735741,1.5385835,3.17111,30.18222,7.302236
9.4,0.67585725,1.5445038,3.1633618,30.145508,7.323317
9.41,0.6781473,1.5504415,3.1556046,30.108723,7.3444433
9.42,0.68044454,1.5563973,3.1478405,30.071861,7.365613
9.43,0.6827497,1.5623767,3.1400712,30.034924,7.3868265
9.44,0.6850611,1.5683751,3.1322935,29.997889,7.408082
9.45,0.687381,1.5743887,3.1245074,29.960789,7.4293847
9.46,0.68970716,1.5804214,3.1167157,29.923609,7.4507284
9.47,0.69204175,1.586477,3.1089165,29.886341,7.472117
9.48,0.69438255,1.5925457,3.1011121,29.848997,7.493548
9.49,0.69673204,1.5986329,3.0932977,29.811584,7.515025
9.5,0.6990887,1.6047413,3.0854788,29.774067,7.5365443
9.51,0.7014527,1.6108758,3.0776548,29.736507,7.5581026
9.52,0.703824,1.6170202,3.0698216,29.698837,7.579712
9.53,0.70620245,1.6231831,3.0619836,29.661106,7.601357
9.54,0.7085891,1.6293638,3.0541382,29.623287,7.623051
9.55,0.71098274,1.635566,3.046286,29.585394,7.644788
9.56,0.7133837,1.6417775,3.0384283,29.547419,7.66657
9.57,0.7157928,1.648015,3.030564,29.509363,7.6883903
9.58,0.7182095,1.6542742,3.022694,29.471231,7.710256
9.59,0.7206329,1.6605418,3.014818,29.433022,7.732166
9.6,0.72306466,1.6668327,3.0069356,29.39473,7.7541184
9.61,0.72550356,1.6731384,2.9990478,29.356369,7.7761135
9.62,0.72795033,1.6794667,2.9911542,29.317917,7.798151
9.63,0.7304045,1.6858087,2.9832542,29.279396,7.820235
9.64,0.7328662,1.6921698,2.975348,29.24079,7.8423605
9.65,0.7353354,1.6985457,2.967438,29.202106,7.8645267
9.66,0.7378128,1.7049428,2.9595213,29.163347,7.886737
9.67,0.7402978,1.7113564,2.951599,29.124512,7.908992
9.68,0.74279034,1.7177896,2.9436705,29.085594,7.931287
9.69,0.74529016,1.7242398,2.9357398,29.046602,7.9536242
9.7,0.7477979,1.7307084,2.9278014,29.007517,7.976006
9.71,0.7503135,1.7371871,2.919858,28.96836,7.9984355
9.72,0.7528365,1.7436934,2.9119105,28.929144,8.020899
9.73,0.7553675,1.7502117,2.9039576,28.889833,8.043409
9.74,0.75790596,1.756747,2.8959997,28.850447,8.065961
9.75,0.76045245,1.763305,2.888038,28.810986,8.088552
9.76,0.76300716,1.7698786,2.88007,28.77145,8.111193
9.77,0.7655687,1.7764695,2.8720968,28.731821,8.133873
9.78,0.7681388,1.7830747,2.86412,28.692122,8.156595
9.79,0.77071637,1.7897049,2.8561397,28.65236,8.179358
9.8,0.7733014,1.7963433,2.8481545,28.612494,8.202165
9.81,0.77589476,1.8030062,2.8401637,28.572573,8.225016
9.82,0.77849513,1.8096852,2.8321698,28.532572,8.247903
9.83,0.7811039,1.8163836,2.8241715,28.492476,8.270834
9.84,0.78372025,1.8230965,2.8161685,28.452324,8.293811
9.85,0.78634477,1.8298297,2.808162,28.412086,8.316827
9.86,0.78897643,1.8365774,2.800152,28.371777,8.339882
9.87,0.79161686,1.8433477,2.7921393,28.331394,8.362982
9.88,0.7942649,1.8501313,2.7841208,28.290915,8.386121
9.89,0.7969208,1.8569396,2.7760994,28.250378,8.409306
9.9,0.79958403,1.8637575,2.7680752,28.20977,8.432528
9.91,0.8022557,1.8706026,2.7600455,28.16907,8.455793
9.92,0.80493546,1.8774623,2.7520144,28.128305,8.4791
9.93,0.80762285,1.8843393,2.7439792,28.08745,8.502446
9.94,0.81031805,1.8912349,2.7359416,28.046537,8.525835
9.95,0.8130209,1.8981488,2.7279,28.00553,8.549268
9.96,0.8157322,1.9050808,2.7198563,27.964455,8.572738
9.97,0.8184518,1.9120357,2.7118087,27.923302,8.596249
9.98,0.8211785,1.9190054,2.7037592,27.882076,8.6198015
9.99,0.8239137,1.9259971,2.6957064,27.84078,8.643393
10.0,0.826657,1.9330066,2.68765,27.799395,8.667029
10.01,0.82940793,1.9400369,2.6795921,27.757948,8.690703
10.02,0.83216727,1.9470824,2.6715317,27.716423,8.7144165
10.03,0.83493394,1.9541483,2.6634686,27.67482,8.738174
10.04,0.8377089,1.9612396,2.6554055,27.633152,8.761964
10.05,0.84049195,1.968343,2.6473367,27.591402,8.785805
10.06,0.84328336,1.9754688,2.6392667,27.549576,8.809678
10.07,0.8460822,1.9826164,2.6311972,27.507675,8.833596
10.08,0.84888965,1.9897859,2.6231236,27.465708,8.857549
10.09,0.85170525,1.9969721,2.6150482,27.423653,8.881545
10.1,0.85452825,2.004182,2.6069708,27.38154,8.905582
10.11,0.85735977,2.011407,2.5988927,27.339344,8.929654
10.12,0.8601992,2.0186577,2.5908134,27.297081,8.953768
10.13,0.86304706,2.0259285,2.5827322,27.254736,8.97792
10.14,0.86590326,2.0332212,2.5746481,27.212315,9.002111
10.15,0.8687663,2.040532,2.566566,27.169842,9.026342
10.16,0.8716387,2.0478702,2.5584798,27.127275,9.050615
10.17,0.8745186,2.0552235,2.5503936,27.084644,9.074926
10.18,0.8774074,2.0626054,2.5423062,27.04194,9.099273
10.19,0.8803035,2.069999,2.5342195,26.99916,9.123659
10.2,0.883208,2.0774298,2.526131,26.956316,9.148081
10.21,0.886121,2.0848699,2.5180411,26.913391,9.172548
10.22,0.889042,2.092338,2.5099518,26.870394,9.197048
10.23,0.89197093,2.0998251,2.501861,26.827328,9.221589
10.24,0.89490914,2.1073432,2.4937708,26.784195,9.246167
10.25,0.8978543,2.1148794,2.48568,26.740988,9.270782
10.26,0.90080845,2.1224399,2.4775884,26.6977,9.295436
10.27,0.90377015,2.1300225,2.4694965,26.654343,9.320129
10.28,0.9067408,2.1376328,2.461406,26.610933,9.344858
10.29,0.909719,2.1452649,2.4533148,26.567434,9.369626
10.3,0.91270626,2.1529212,2.4452245,26.523882,9.394429
10.31,0.9157011,2.160603,2.4371336,26.480238,9.4192705
10.32,0.9187053,2.1683125,2.4290454,26.436543,9.444145
10.33,0.9217165,2.1760416,2.420954,26.39276,9.469064
10.34,0.9247374,2.1838036,2.412866,26.34892,9.494017
10.35,0.92776555,2.1915855,2.4047778,26.305002,9.519005
10.36,0.930803,2.1993964,2.3966918,26.26103,9.544026
10.37,0.9338476,2.2072306,2.3886049,26.216974,9.569089
10.38,0.9369017,2.215094,2.3805192,26.172846,9.594189
10.39,0.93996394,2.2229855,2.3724363,26.12866,9.619321
10.4,0.9430342,2.2309008,2.364354,26.084404,9.644487
10.41,0.94611305,2.2388458,2.3562717,26.040081,9.669696
10.42,0.94920033,2.2468157,2.348192,25.99569,9.694938
10.43,0.9522964,2.2548132,2.3401127,25.951218,9.720214
10.44,0.9554004,2.2628422,2.332037,25.90669,9.745525
10.45,0.9585131,2.2708988,2.323962,25.862095,9.770872
10.46,0.96163446,2.2789814,2.315888,25.81742,9.796254
10.47,0.9647641,2.2870963,2.3078175,25.772686,9.8216715
10.48,0.96790206,2.2952356,2.2997484,25.727882,9.847122
10.49,0.97104925,2.30341,2.2916827,25.683039,9.872606
10.5,0.9742046,2.3116136,2.2836175,25.638098,9.8981285
10.51,0.9773686,2.3198438,2.2755547,25.59309,9.923684
10.52,0.98054105,2.3281107,2.2674947,25.548033,9.949273
10.53,0.98372227,2.3364015,2.259438,25.502892,9.974898
10.54,0.98691225,2.3447227,2.251383,25.457691,10.000553
10.55,0.9901101,2.353081,2.243332,25.412437,10.026245
10.56,0.99331766,2.3614688,2.235283,25.367111,10.051967
10.57,0.99653304,2.3698921,2.2272387,25.321724,10.077721
10.58,0.99975735,2.3783383,2.219195,25.276257,10.103515
10.59,1.0029906,2.3868237,2.211155,25.23074,10.129336
10.6,1.0062325,2.395345,2.20312,25.185154,10.155192
10.61,1.0094821,2.4038906,2.1950867,25.139505,10.181081
10.62,1.012742,2.412475,2.187058,25.093784,10.207002
10.63,1.01601,2.4210968,2.1790318,25.048014,10.232954
10.64,1.019287,2.429748,2.1710095,25.00217,10.258944
10.65,1.0225723,2.4384265,2.162992,24.956272,10.284957
10.66,1.0258672,2.4471562,2.1549783,24.910309,10.311008
10.67,1.0291704,2.4559093,2.1469686,24.86428,10.337082
10.68,1.0324823,2.4646997,2.1389632,24.818186,10.363197
10.69,1.0358031,2.473525,2.1309621,24.77204,10.389339
10.7,1.0391332,2.4823928,2.1229646,24.725834,10.415512
10.71,1.0424725,2.4912927,2.1149719,24.679552,10.441717
10.72,1.0458195,2.5002277,2.1069846,24.633219,10.467951
10.73,1.0491762,2.5091984,2.099001,24.586817,10.494215
10.74,1.0525416,2.5182095,2.0910234,24.540373,10.520511
10.75,1.0559167,2.5272536,2.0830486,24.49384,10.546837
10.76,1.0593001,2.5363398,2.07508,24.447271,10.573193
10.77,1.0626931,2.5454702,2.0671175,24.40064,10.599578
10.78,1.0660944,2.5546238,2.0591586,24.353931,10.625993
10.79,1.0695047,2.5638232,2.051206,24.307173,10.652435
10.8,1.0729247,2.5730658,2.0432584,24.260359,10.678912
10.81,1.076354,2.582346,2.035317,24.213495,10.705413
10.82,1.0797918,2.5916624,2.0273807,24.166561,10.731936
10.83,1.0832391,2.6010237,2.0194502,24.119574,10.7585
10.84,1.0866959,2.6104183,2.0115256,24.072521,10.785085
10.85,1.0901612,2.619863,2.0036068,24.025415,10.811701
10.86,1.0936357,2.6293426,1.9956948,23.978262,10.838342
10.87,1.0971193,2.638856,1.9877867,23.93103,10.865016
10.88,1.1006128,2.6484256,1.979888,23.883766,10.891709
10.89,1.104115,2.658026,1.9719933,23.83643,10.918437
10.9,1.1076267,2.6676757,1.9641069,23.789045,10.945187
10.91,1.111148,2.677359,1.9562259,23.7416,10.971969
10.92,1.1146783,2.687092,1.9483515,23.694101,10.998776
10.93,1.1182181,2.6968668,1.9404843,23.646547,11.025609
10.94,1.1217667,2.7066822,1.9326252,23.59895,11.052463
10.95,1.1253248,2.7165418,1.9247712,23.551285,11.079347
10.96,1.1288931,2.7264497,1.916926,23.503572,11.106256
10.97,1.1324703,2.7363954,1.9090868,23.455795,11.133193
10.98,1.1360571,2.7463913,1.9012557,23.407978,11.160153
10.99,1.1396534,2.7564278,1.8934312,23.360096,11.187137
11.0,1.143259,2.7665076,1.8856139,23.312172,11.214151
11.01,1.1468744,2.7766337,1.8778052,23.264196,11.241184
11.02,1.1504995,2.7868104,1.8700054,23.21616,11.268243
11.03,1.1541326,2.7970214,1.8622118,23.168074,11.295331
11.04,1.1577764,2.8072896,1.8544267,23.119942,11.322439
11.05,1.1614295,2.8175955,1.8466499,23.071756,11.349566
11.06,1.1650927,2.8279467,1.8388796,23.02351,11.37673
11.07,1.1687655,2.8383508,1.8311199,22.975233,11.403903
11.08,1.1724479,2.8488064,1.8233676,22.9269,11.431106
11.09,1.1761403,2.859304,1.8156236,22.878513,11.458334
11.1,1.1798413,2.8698435,1.8078883,22.830061,11.48558
11.11,1.1835525,2.8804307,1.8001623,22.781584,11.512853
11.12,1.1872739,2.8910737,1.7924457,22.733057,11.540144
11.13,1.1910043,2.9017606,1.784736,22.684473,11.567458
11.14,1.1947448,2.9124846,1.7770358,22.635836,11.5948
11.15,1.1984954,2.9232774,1.7693458,22.58716,11.622154
11.16,1.2022554,2.934105,1.761664,22.538431,11.649536
11.17,1.2060255,2.944992,1.7539927,22.489672,11.676934
11.18,1.2098054,2.9559174,1.7463295,22.44084,11.70436
11.19,1.2135944,2.9668956,1.7386777,22.391985,11.731797
11.2,1.2173939,2.977921,1.7310344,22.34308,11.759259
11.21,1.2212034,2.988999,1.7234004,22.294127,11.786743
11.22,1.225023,3.0001254,1.7157767,22.245123,11.814247
11.23,1.2288526,3.0113053,1.7081636,22.196081,11.841768
11.24,1.2326919,3.0225353,1.7005601,22.146996,11.86931
11.25,1.2365413,3.0338101,1.692967,22.097866,11.896871
11.26,1.2404003,3.0451365,1.6853832,22.048687,11.924456
11.27,1.2442695,3.0565205,1.677811,21.999475,11.952054
11.28,1.2481487,3.0679412,1.670248,21.950216,11.979675
11.29,1.2520384,3.0794277,1.6626967,21.90091,12.007308
11.3,1.2559377,3.0909562,1.6551558,21.851566,12.034963
11.31,1.2598474,3.1025448,1.6476249,21.802183,12.062636
11.32,1.2637665,3.1141772,1.6401066,21.752754,12.090326
11.33,1.2676969,3.125867,1.6325979,21.703287,12.118033
11.34,1.2716366,3.1376,1.6251012,21.653782,12.145759
11.35,1.2755872,3.1493912,1.6176145,21.604227,12.1735
11.36,1.2795472,3.161232,1.6101403,21.554638,12.201256
11.37,1.2835175,3.173123,1.602677,21.505016,12.229036
11.38,1.2874979,3.1850677,1.5952249,21.455357,12.256823
11.39,1.291489,3.1970658,1.5877854,21.405653,12.2846365
11.4,1.2954905,3.209116,1.5803568,21.355919,12.312456
11.41,1.2995012,3.2212148,1.5729401,21.306131,12.340297
11.42,1.3035228,3.2333703,1.5655354,21.256319,12.368153
11.43,1.3075547,3.2455835,1.5581428,21.20647,12.396022
11.44,1.311597,3.2578382,1.5507622,21.156588,12.423901
11.45,1.3156499,3.2701578,1.5433947,21.106668,12.451799
11.46,1.3197123,3.2825193,1.536038,21.056707,12.479716
11.47,1.323786,3.2949367,1.5286944,21.006714,12.507645
11.48,1.3278694,3.307414,1.521364,20.956688,12.535581
11.49,1.3319633,3.3199325,1.5140454,20.906628,12.563537
11.5,1.3360677,3.3325129,1.5067389,20.856525,12.59151
11.51,1.3401828,3.3451433,1.4994459,20.806396,12.619492
11.52,1.3443077,3.3578281,1.4921665,20.756239,12.647485
11.53,1.3484428,3.3705683,1.484901,20.706055,12.675487
11.54,1.3525894,3.3833609,1.4776464,20.65584,12.703504
11.55,1.3567449,3.3961992,1.4704063,20.60558,12.731537
11.56,1.3609123,3.4090934,1.4631776,20.555283,12.759587
11.57,1.3650895,3.4220486,1.455965,20.504978,12.787638
11.58,1.3692775,3.4350548,1.4487644,20.45463,12.815703
11.59,1.373476,3.4481072,1.4415771,20.404247,12.843789
11.6,1.3776848,3.461227,1.4344052,20.353859,12.871871
11.61,1.3819042,3.4743876,1.4272456,20.303417,12.899974
11.62,1.3861334,3.4876027,1.4201,20.25295,12.928086
11.63,1.3903737,3.500874,1.4129689,20.20246,12.9562025
11.64,1.3946257,3.514203,1.4058517,20.151945,12.984336
11.65,1.3988857,3.5275693,1.3987495,20.101402,13.012474
11.66,1.4031585,3.5410042,1.3916607,20.050829,13.040626
11.67,1.4074407,3.5544825,1.3845854,20.000235,13.0687895
11.68,1.4117343,3.5680299,1.3775266,19.949615,13.096955
11.69,1.4160377,3.5816169,1.3704809,19.898972,13.125134
11.7,1.4203515,3.5952544,1.3634493,19.848282,13.153322
11.71,1.4246765,3.608952,1.356434,19.797602,13.1815195
11.72,1.4290123,3.6227007,1.3494332,19.74688,13.209721
11.73,1.4333587,3.6365042,1.342447,19.696144,13.237928
11.74,1.4377152,3.650361,1.3354769,19.645388,13.266146
11.75,1.4420819,3.6642642,1.3285199,19.594587,13.294376
11.76,1.4464602,3.6782227,1.3215798,19.543777,13.322606
11.77,1.450849,3.6922417,1.3146539,19.492947,13.350852
11.78,1.4552474,3.7062988,1.3077443,19.442099,13.379094
11.79,1.4596577,3.720426,1.3008503,19.391233,13.407345
11.8,1.4640777,3.7345943,1.2939713,19.34034,13.435603
11.81,1.4685084,3.7488146,1.2871081,19.289436,13.46387
11.82,1.4729496,3.763081,1.280261,19.238508,13.492145
11.83,1.4774024,3.7774134,1.2734294,19.187557,13.520418
11.84,1.4818652,3.7917895,1.2666135,19.136595,13.548699
11.85,1.4863393,3.8062196,1.2598134,19.085606,13.57699
11.86,1.4908235,3.820703,1.2530303,19.034605,13.605282
11.87,1.4953184,3.835238,1.2462631,18.983593,13.633577
11.88,1.4998236,3.8498182,1.2395118,18.932564,13.6618805
11.89,1.5043405,3.8644629,1.2327777,18.881517,13.690184
11.9,1.5088669,3.8791442,1.2260596,18.830456,13.718487
11.91,1.5134043,3.8938847,1.2193576,18.779373,13.7467985
11.92,1.5179526,3.9086723,1.2126728,18.728283,13.775115
11.93,1.522511,3.9235115,1.2060049,18.677177,13.803434
11.94,1.5270802,3.9384017,1.1993539,18.626062,13.831754
11.95,1.5316604,3.9533482,1.1927202,18.57494,13.860072
11.96,1.5362506,3.968336,1.1861018,18.523796,13.888402
11.97,1.5408527,3.9833813,1.179501,18.472643,13.916729
11.98,1.5454634,3.9984689,1.1729187,18.42149,13.945056
11.99,1.5500866,4.0136123,1.1663522,18.37031,13.973385
12.0,1.5547197,4.0288053,1.1598035,18.319124,14.001717
12.01,1.5593634,4.0440397,1.1532716,18.26793,14.030057
12.02,1.5640179,4.0593333,1.1467583,18.216728,14.058384
12.03,1.5686823,4.074677,1.1402625,18.165525,14.086719
12.04,1.5733585,4.090061,1.1337827,18.1143,14.115055
12.05,1.5780449,4.105505,1.1273224,18.063074,14.143385
12.06,1.5827419,4.120998,1.1208792,18.01184,14.171717
12.07,1.5874482,4.136525,1.114454,17.960608,14.2000475
12.08,1.5921667,4.1521063,1.1080464,17.909369,14.228383
12.09,1.5968946,4.167737,1.1016573,17.85811,14.256714
12.1,1.6016344,4.1834188,1.0952852,17.806856,14.285047
12.11,1.6063832,4.1991515,1.0889336,17.755606,14.313368
12.12,1.6111434,4.214925,1.0825982,17.704344,14.341696
12.13,1.6159146,4.230747,1.076281,17.653072,14.37002
12.14,1.6206957,4.2466135,1.0699835,17.60181,14.39834
12.15,1.6254866,4.2625303,1.0637037,17.55054,14.426661
12.16,1.6302894,4.278503,1.0574423,17.499279,14.45497
12.17,1.6351018,4.2945175,1.0511999,17.448002,14.483283
12.18,1.6399251,4.3105702,1.0449752,17.396723,14.5116
12.19,1.6447586,4.32668,1.0387713,17.34546,14.539896
12.2,1.6496028,4.3428264,1.0325843,17.29419,14.568199
12.21,1.6544577,4.3590217,1.0264169,17.242908,14.596497
12.22,1.6593221,4.375265,1.0202683,17.191643,14.624788
12.23,1.6641979,4.391552,1.0141394,17.140385,14.653072
12.24,1.6690837,4.4078918,1.0080286,17.08912,14.6813545
12.25,1.67398,4.4242654,1.0019372,17.037855,14.709633
12.26,1.6788872,4.44069,0.995865,16.9866,14.737899
12.27,1.6838043,4.4571576,0.9898117,16.935343,14.766168
12.28,1.6887307,4.473668,0.9837789,16.884104,14.794424
12.29,1.6936693,4.4902296,0.9777646,16.832857,14.822676
12.3,1.6986171,4.5068316,0.9717695,16.781626,14.850924
12.31,1.7035758,4.523483,0.9657948,16.730402,14.879156
12.32,1.7085445,4.540167,0.9598392,16.679178,14.907384
12.33,1.7135242,4.556907,0.9539031,16.627962,14.935609
12.34,1.7185131,4.573685,0.9479872,16.57676,14.9638195
12.35,1.723513,4.590507,0.94209087,16.525564,14.992027
12.36,1.7285227,4.607373,0.9362141,16.474382,15.020219
12.37,1.7335429,4.6242776,0.93035704,16.423199,15.04841
12.38,1.7385741,4.641235,0.9245201,16.372038,15.076588
12.39,1.7436136,4.6582174,0.91870344,16.320889,15.104758
12.4,1.7486649,4.675262,0.9129064,16.269745,15.1329155
12.41,1.7537261,4.692345,0.90712935,16.218616,15.16107
12.42,1.7587973,4.709462,0.90137285,16.1675,15.189205
12.43,1.7638782,4.7266192,0.89563596,16.116388,15.217331
12.44,1.7689695,4.7438345,0.8899208,16.065313,15.245442
12.45,1.7740718,4.761083,0.8842238,16.014225,15.273553
12.46,1.7791834,4.7783694,0.8785483,15.963169,15.301643
12.47,1.7843047,4.7957034,0.8728933,15.912127,15.329727
12.48,1.7894361,4.8130665,0.8672584,15.861093,15.357794
12.49,1.7945781,4.8304806,0.8616442,15.810088,15.385849
12.5,1.7997304,4.8479376,0.8560504,15.759101,15.413893
12.51,1.8048924,4.8654265,0.8504761,15.708114,15.441924
12.52,1.8100648,4.882976,0.844924,15.657165,15.469936
12.53,1.8152456,4.900548,0.839392,15.606233,15.497938
12.54,1.8204381,4.9181647,0.8338806,15.555314,15.525927
12.55,1.8256398,4.935823,0.82838947,15.504416,15.5539
12.56,1.8308518,4.953523,0.8229188,15.453533,15.581861
12.57,1.8360736,4.971261,0.81747013,15.402685,15.6098
12.58,1.8413044,4.9890275,0.81204164,15.351847,15.6377325
12.59,1.8465458,5.006854,0.8066342,15.30105,15.665639
12.6,1.8517973,5.0247054,0.80124676,15.250249,15.69354
12.61,1.8570575,5.042608,0.79588187,15.199505,15.721416
12.62,1.8623289,5.060553,0.7905374,15.148764,15.749274
12.63,1.8676102,5.0785213,0.7852135,15.09805,15.777118
12.64,1.8729006,5.0965443,0.77991086,15.047371,15.804944
12.65,1.8782005,5.1145964,0.77462876,14.99671,15.832752
12.66,1.8835114,5.1326957,0.76936847,14.946077,15.860545
12.67,1.8888304,5.150831,0.7641292,14.895478,15.888312
12.68,1.8941604,5.169012,0.7589114,14.844904,15.916068
12.69,1.8994987,5.1872153,0.7537139,14.794354,15.943803
12.7,1.9048477,5.2054715,0.7485382,14.743842,15.971512
12.71,1.9102064,5.2237597,0.7433833,14.693351,15.9992075
12.72,1.915574,5.242093,0.7382503,14.6429,16.026876
12.73,1.9209514,5.260458,0.7331386,14.592478,16.054525
12.74,1.926339,5.278863,0.7280471,14.542075,16.082157
12.75,1.9317362,5.2973127,0.72297746,14.491718,16.109772
12.76,1.9371424,5.3157973,0.71792895,14.441382,16.13736
12.77,1.9425588,5.334328,0.7129023,14.391097,16.164917
12.78,1.9479839,5.352893,0.7078975,14.340845,16.192461
12.79,1.9534189,5.37149,0.70291287,14.290614,16.219986
12.8,1.9588641,5.3901453,0.6979506,14.240437,16.247473
12.81,1.9643179,5.408821,0.6930098,14.190287,16.274944
12.82,1.9697804,5.4275274,0.68808985,14.140167,16.3024
12.83,1.9752542,5.4462986,0.68319166,14.0900955,16.329817
12.84,1.9807361,5.465088,0.67831427,14.040047,16.357224
12.85,1.9862288,5.4839344,0.67345864,13.990053,16.384594
12.86,1.9917289,5.5027995,0.66862583,13.940097,16.41194
12.87,1.9972397,5.5217113,0.6638129,13.890171,16.439266
12.88,2.0027597,5.5406713,0.6590225,13.840297,16.466557
12.89,2.0082889,5.559659,0.65425324,13.790451,16.493828
12.9,2.0138273,5.5786858,0.649505,13.740656,16.52107
12.91,2.019375,5.5977573,0.64477915,13.690907,16.548283
12.92,2.0249324,5.6168666,0.64007455,13.641188,16.575474
12.93,2.0304987,5.6360183,0.6353916,13.591529,16.602629
12.94,2.0360742,5.6551957,0.63073,13.541901,16.629765
12.95,2.0416594,5.674434,0.6260897,13.4923315,16.65686
12.96,2.0472531,5.6936946,0.6214715,13.442795,16.683939
12.97,2.0528572,5.7130027,0.6168743,13.393309,16.710981
12.98,2.0584695,5.7323422,0.61229885,13.343864,16.737993
12.99,2.064091,5.751727,0.6077455,13.294475,16.764973
13.0,2.0697222,5.7711573,0.603213,13.245137,16.791924
13.01,2.0753627,5.7906303,0.5987025,13.195843,16.818848
13.02,2.081012,5.8101244,0.59421325,13.146589,16.845737
13.03,2.0866704,5.829676,0.5897458,13.097394,16.872593
13.04,2.0923374,5.8492618,0.58529985,13.048253,16.899418
13.05,2.098014,5.868892,0.5808755,12.999161,16.92621
13.06,2.1037,5.888552,0.5764722,12.950112,16.95297
13.07,2.1093948,5.9082656,0.57209134,12.901127,16.979698
13.08,2.1150985,5.9280214,0.567732,12.8522005,17.006384
13.09,2.1208122,5.9478135,0.5633932,12.803313,17.033049
13.1,2.1265345,5.9676437,0.55907637,12.754485,17.059671
13.11,2.1322649,5.9875107,0.5547812,12.7057085,17.086258
13.12,2.138005,6.007432,0.5505076,12.656997,17.11281
13.13,2.1437542,6.027385,0.5462552,12.608331,17.139332
13.14,2.1495132,6.0473905,0.542024,12.559718,17.16582
13.15,2.15528,6.0674295,0.53781456,12.511171,17.192263
13.16,2.1610563,6.087522,0.53362733,12.462692,17.21867
13.17,2.166841,6.1076436,0.5294605,12.414257,17.24504
13.18,2.172635,6.1278057,0.5253153,12.365878,17.27138
13.19,2.1784377,6.1480255,0.5211922,12.317576,17.297676
13.2,2.1842508,6.1682863,0.5170894,12.26932,17.323936
13.21,2.1900713,6.188585,0.5130087,12.221131,17.350157
13.22,2.1959023,6.20893,0.5089484,12.172995,17.376343
13.23,2.201741,6.2293158,0.50491047,12.124928,17.402485
13.24,2.2075882,6.2497506,0.50089407,12.076932,17.428587
13.25,2.2134452,6.270227,0.4968979,12.028983,17.454655
13.26,2.2193108,6.2907515,0.4929238,11.981108,17.480675
13.27,2.2251852,6.3113155,0.48897058,11.9332905,17.506662
13.28,2.2310684,6.331931,0.48503914,11.885552,17.532602
13.29,2.2369614,6.352586,0.48112777,11.837865,17.558512
13.3,2.242863,6.3732934,0.47723845,11.790243,17.584366
13.31,2.2487724,6.3940477,0.47337052,11.7427025,17.61019
13.32,2.2546918,6.4148393,0.46952322,11.695218,17.635965
13.33,2.26062,6.4356804,0.46569714,11.647801,17.661701
13.34,2.2665567,6.456575,0.4618921,11.600456,17.68739
13.35,2.2725024,6.477518,0.45810848,11.553187,17.713037
13.36,2.278456,6.4984913,0.4543456,11.50597,17.73865
13.37,2.2844207,6.519534,0.45060384,11.458836,17.76421
13.38,2.2903934,6.540618,0.44688278,11.41177,17.789728
13.39,2.2963743,6.5617456,0.44318256,11.364764,17.815205
13.4,2.3023639,6.5829296,0.43950436,11.317856,17.840628
13.41,2.308362,6.6041594,0.43584657,11.27101,17.86601
13.42,2.3143697,6.625428,0.4322089,11.22422,17.891356
13.43,2.3203862,6.6467657,0.42859298,11.177526,17.91664
13.44,2.3264112,6.668145,0.42499742,11.130897,17.941887
13.45,2.3324463,6.689574,0.4214225,11.084337,17.967096
13.46,2.3384898,6.7110496,0.41786852,11.037856,17.99225
13.47,2.3445415,6.732592,0.41433522,10.991455,18.017357
13.48,2.3506017,6.754162,0.4108224,10.945124,18.04242
13.49,2.3566725,6.7758107,0.407331,10.898879,18.067434
13.5,2.3627496,6.7974916,0.4038596,10.852701,18.092394
13.51,2.3688369,6.8192434,0.400409,10.806609,18.117315
13.52,2.3749337,6.841033,0.3969788,10.760589,18.142183
13.53,2.3810377,6.862881,0.39356944,10.714657,18.167006
13.54,2.387151,6.884773,0.3901802,10.668787,18.19178
13.55,2.3932748,6.9067397,0.38681105,10.623008,18.216503
13.56,2.3994057,6.928746,0.3834625,10.577309,18.241179
13.57,2.4055457,6.9508047,0.38013503,10.531694,18.265802
13.58,2.411695,6.972929,0.37682718,10.486152,18.290382
13.59,2.4178526,6.9951053,0.3735398,10.440698,18.31491
13.6,2.4240198,7.017344,0.37027285,10.395333,18.339384
13.61,2.430194,7.0396266,0.36702636,10.350041,18.363811
13.62,2.4363792,7.061971,0.36379933,10.3048315,18.388184
13.63,2.4425728,7.0843773,0.36059257,10.25971,18.412514
13.64,2.4487748,7.1068425,0.3574062,10.214674,18.43678
13.65,2.4549856,7.1293526,0.35423997,10.169714,18.46101
13.66,2.4612057,7.151937,0.35109308,10.12485,18.485178
13.67,2.4674344,7.1745806,0.347967,10.0800705,18.509295
13.68,2.4736717,7.1972594,0.34485996,10.035365,18.53337
13.69,2.4799173,7.220018,0.34177348,9.990762,18.557379
13.7,2.486173,7.242831,0.3387067,9.946237,18.581345
13.71,2.4924366,7.265707,0.33565947,9.901797,18.605259
13.72,2.4987097,7.288641,0.3326321,9.85745,18.629112
13.73,2.5049906,7.31164,0.32962504,9.8132,18.652912
13.74,2.511281,7.3347015,0.32663664,9.76902,18.676666
13.75,2.517581,7.357821,0.32366782,9.724936,18.700365
13.76,2.5238888,7.380998,0.3207192,9.680941,18.72401
13.77,2.5302057,7.404246,0.3177899,9.637044,18.747604
13.78,2.5365317,7.4275575,0.31488004,9.593234,18.77114
13.79,2.5428648,7.4509354,0.3119901,9.549524,18.794613
13.8,2.5492082,7.4743657,0.30911866,9.505887,18.818047
13.81,2.555561,7.497866,0.30626705,9.462346,18.841423
13.82,2.5619218,7.5214415,0.30343482,9.418913,18.864733
13.83,2.5682907,7.545057,0.30062127,9.375554,18.888006
13.84,2.5746691,7.568746,0.29782706,9.332292,18.91122
13.85,2.5810575,7.5924973,0.2950515,9.289111,18.93438
13.86,2.5874517,7.6163425,0.2922965,9.2460575,18.957464
13.87,2.593857,7.6402383,0.2895595,9.203086,18.980515
13.88,2.600271,7.664191,0.28684106,9.160193,19.003504
13.89,2.6066937,7.688224,0.28414175,9.117402,19.026436
13.9,2.6131244,7.7123137,0.28146225,9.074716,19.04931
13.91,2.6195636,7.7364755,0.27880052,9.032115,19.07213
13.92,2.626013,7.760707,0.2761574,8.989613,19.094902
13.93,2.63247,7.7850223,0.27353388,8.947218,19.117607
13.94,2.6389365,7.809384,0.27092847,8.904904,19.140263
13.95,2.64541,7.833823,0.26834172,8.862694,19.162857
13.96,2.6518936,7.858329,0.2657732,8.820581,19.185396
13.97,2.6583853,7.882915,0.26322332,8.778572,19.207872
13.98,2.6648872,7.9075603,0.26069203,8.73665,19.230303
13.99,2.671396,7.932282,0.2581792,8.694837,19.252665
14.0,2.6779134,7.957088,0.25568447,8.653126,19.274975
14.01,2.684441,7.98194,0.25320742,8.611491,19.297237
14.02,2.6909766,8.006889,0.25074923,8.569987,19.31943
14.03,2.6975195,8.031889,0.248309,8.5285635,19.341574
14.04,2.7040732,8.056977,0.24588667,8.487243,19.363653
14.05,2.7106333,8.082127,0.24348232,8.446028,19.385675
14.06,2.7172039,8.107355,0.24109568,8.404906,19.407644
14.07,2.723781,8.132654,0.23872775,8.363897,19.429544
14.08,2.730368,8.158033,0.23637696,8.322987,19.451397
14.09,2.7369637,8.1834955,0.23404376,8.28218,19.47318
14.1,2.7435668,8.209005,0.23172851,8.241463,19.494919
14.11,2.7501795,8.234609,0.2294307,8.200859,19.516592
14.12,2.7567992,8.260288,0.22715043,8.160362,19.538202
14.13,2.7634284,8.286036,0.22488783,8.11996,19.559763
14.14,2.7700639,8.31186,0.2226427,8.079667,19.581266
14.15,2.7767098,8.337768,0.22041482,8.039481,19.602707
14.16,2.7833645,8.363748,0.21820396,7.9993935,19.624083
14.17,2.7900267,8.389801,0.21601057,7.9594126,19.645401
14.18,2.796697,8.415931,0.21383424,7.919533,19.66667
14.19,2.803376,8.442153,0.21167512,7.8797703,19.687868
14.2,2.8100626,8.468423,0.20953254,7.840095,19.709015
14.21,2.8167586,8.494795,0.20740724,7.800538,19.730104
14.22,2.823461,8.521232,0.20529844,7.76108,19.751131
14.23,2.8301716,8.5477495,0.20320703,7.7217355,19.772097
14.24,2.836891,8.57435,0.20113172,7.682495,19.793
14.25,2.843619,8.601034,0.19907339,7.6433644,19.813847
14.26,2.850354,8.6277895,0.19703163,7.6043386,19.834625
14.27,2.857098,8.654635,0.19500679,7.5654306,19.855352
14.28,2.8638484,8.6815405,0.19299799,7.526614,19.876024
14.29,2.8706086,8.708528,0.19100468,7.4879,19.896626
14.3,2.877375,8.735603,0.1890286,7.4493103,19.917177
14.31,2.884151,8.762766,0.18706836,7.4108286,19.937666
14.32,2.8909316,8.790005,0.18512487,7.3724594,19.958082
14.33,2.897723,8.817313,0.18319671,7.334191,19.978455
14.34,2.9045203,8.844702,0.18128482,7.29603,19.998749
14.35,2.9113262,8.872189,0.17938924,7.2579927,20.018993
14.36,2.9181387,8.899749,0.17750917,7.220067,20.039177
14.37,2.9249594,8.927376,0.1756444,7.1822267,20.059307
14.38,2.9317884,8.9550905,0.1737956,7.144506,20.079374
14.39,2.9386232,8.9829035,0.17196263,7.106917,20.099361
14.4,2.9454665,9.010785,0.17014503,7.069428,20.119305
14.41,2.9523165,9.038745,0.16834265,7.0320425,20.139185
14.42,2.959174,9.066803,0.16655587,6.994783,20.158997
14.43,2.9660392,9.094929,0.16478446,6.957625,20.178747
14.44,2.9729111,9.123132,0.16302802,6.920579,20.198442
14.45,2.9797902,9.1514225,0.16128653,6.883644,20.218082
14.46,2.9866762,9.1798,0.1595604,6.8468304,20.237648
14.47,2.99357,9.208256,0.15784897,6.8101196,20.257168
14.48,3.0004685,9.236798,0.15615274,6.773543,20.27661
14.49,3.0073757,9.265414,0.15447095,6.737056,20.296001
14.5,3.01429,9.294115,0.15280385,6.7006893,20.315321
14.51,3.0212114,9.322901,0.15115136,6.6644335,20.334585
14.52,3.0281374,9.351777,0.1495138,6.628311,20.353777
14.53,3.035071,9.380731,0.14789037,6.5922923,20.372911
14.54,3.0420122,9.409765,0.14628151,6.556381,20.391993
14.55,3.0489604,9.438876,0.14468616,6.5205765,20.411007
14.56,3.0559125,9.468083,0.14310594,6.48491,20.42996
14.57,3.0628717,9.497358,0.14153974,6.4493494,20.448847
14.58,3.0698395,9.526739,0.1399873,6.413909,20.467663
14.59,3.0768125,9.556191,0.13844894,6.3785768,20.486435
14.6,3.0837903,9.58573,0.13692458,6.34337,20.505135
14.61,3.090775,9.615344,0.13541366,6.308274,20.523767
14.62,3.097766,9.645045,0.13391663,6.273296,20.542341
14.63,3.1047626,9.674821,0.13243315,6.2384233,20.560858
14.64,3.1117659,9.704689,0.13096265,6.2036724,20.579313
14.65,3.1187732,9.734634,0.12950635,6.169051,20.597689
14.66,3.125789,9.764679,0.12806287,6.1345415,20.616014
14.67,3.1328082,9.794803,0.12663347,6.100157,20.634268
14.68,3.1398346,9.824992,0.12521611,6.0658684,20.652464
14.69,3.146865,9.855272,0.123812675,6.031714,20.670599
14.7,3.1539016,9.885649,0.122421846,5.9976764,20.68867
14.71,3.1609445,9.916098,0.121043965,5.9637537,20.706676
14.72,3.1679914,9.94663,0.11967884,5.9299507,20.72462
14.73,3.1750445,9.977244,0.118326604,5.896266,20.742498
14.74,3.182101,10.007945,0.11698684,5.8627033,20.760307
14.75,3.189166,10.038734,0.11565994,5.8292575,20.778057
14.76,3.1962333,10.069597,0.11434564,5.7959304,20.795742
14.77,3.2033076,10.100562,0.113043144,5.7627277,20.813362
14.78,3.210385,10.131592,0.11175312,5.729642,20.830923
14.79,3.2174683,10.162699,0.110475644,5.696667,20.84842
14.8,3.224555,10.193916,0.10920973,5.663834,20.865843
14.81,3.231648,10.225193,0.107956216,5.631099,20.883211
14.82,3.2387445,10.256561,0.10671508,5.5985007,20.900513
14.83,3.245846,10.288016,0.10548487,5.5660133,20.917751
14.84,3.252952,10.319547,0.10426739,5.53365,20.934921
14.85,3.260063,10.351159,0.10306074,5.5013943,20.952032
14.86,3.2671754,10.382849,0.10186611,5.469275,20.969074
14.87,3.2742946,10.414632,0.10068296,5.4372735,20.986053
14.88,3.281417,10.446504,0.099511,5.405396,21.002958
14.89,3.2885454,10.478453,0.09835051,5.373633,21.01981
14.9,3.2956753,10.510482,0.0972019,5.3419943,21.036592
14.91,3.302812,10.542595,0.09606373,5.3104787,21.05331
14.92,3.3099496,10.574795,0.094936594,5.2790823,21.069971
14.93,3.317093,10.607065,0.0938206,5.2478046,21.086555
14.94,3.324238,10.639437,0.09271574,5.2166605,21.103083
14.95,3.3313878,10.671868,0.09162125,5.185625,21.119545
14.96,3.3385427,10.7043915,0.09053765,5.1547136,21.135933
14.97,3.3456988,10.737012,0.08946504,5.1239333,21.15226
14.98,3.3528578,10.769692,0.08840315,5.0932703,21.168522
14.99,3.3600216,10.802477,0.08735122,5.062734,21.184723
15.0,3.3671885,10.8353195,0.08631009,5.0323114,21.200863
15.01,3.3743598,10.868272,0.0852789,5.002025,21.216919
15.02,3.381532,10.901274,0.084258094,4.971838,21.232925
15.03,3.388707,10.934372,0.0832475,4.9417953,21.24886
15.04,3.3958871,10.967562,0.08224715,4.911866,21.26473
15.05,3.4030693,11.000823,0.08125651,4.882056,21.280539
15.06,3.4102545,11.034172,0.080275565,4.8523736,21.296284
15.07,3.4174414,11.067596,0.0793049,4.822822,21.311953
15.08,3.4246316,11.101106,0.07834378,4.7933793,21.327559
15.09,3.4318252,11.134696,0.0773927,4.764063,21.343103
15.1,3.4390206,11.1683855,0.07645087,4.7348843,21.35858
15.11,3.446218,11.202124,0.07551834,4.7058077,21.373997
15.12,3.4534192,11.235959,0.074595675,4.6768565,21.389347
15.13,3.4606214,11.269874,0.07368159,4.6480346,21.404625
15.14,3.4678268,11.303884,0.07277784,4.61934,21.419834
15.15,3.475034,11.337965,0.071882665,4.5907664,21.434996
15.16,3.4822419,11.3721285,0.07099645,4.562316,21.450077
15.17,3.489454,11.406361,0.07011964,4.5339775,21.465101
15.18,3.496667,11.440688,0.06925175,4.505774,21.480045
15.19,3.503882,11.475092,0.06839278,4.47769,21.49494
15.2,3.5110984,11.509573,0.06754261,4.449722,21.509771
15.21,3.5183177,11.544132,0.06670074,4.421882,21.524519
15.22,3.5255394,11.578786,0.0658683,4.394167,21.53921
15.23,3.5327609,11.613506,0.06504381,4.366567,21.55384
15.24,3.5399857,11.648322,0.06422817,4.339105,21.56839
15.25,3.5472112,11.683224,0.06342082,4.3117623,21.582888
15.26,3.554439,11.718192,0.06262167,4.2845335,21.597315
15.27,3.5616684,11.753244,0.0618311,4.257431,21.611681
15.28,3.5688972,11.7883625,0.061048675,4.230447,21.625982
15.29,3.576129,11.823589,0.060274318,4.2035894,21.640217
15.3,3.5833628,11.858885,0.05950781,4.1768517,21.654388
15.31,3.5905964,11.894258,0.058749806,4.1502357,21.668488
15.32,3.5978305,11.929697,0.057999805,4.123743,21.682528
15.33,3.6050677,11.965231,0.05725766,4.097371,21.6965
15.34,3.6123056,12.000867,0.05652315,4.071133,21.71041
15.35,3.6195428,12.036545,0.05579623,4.0449963,21.724255
15.36,3.6267827,12.072336,0.05507728,4.0189996,21.738033
15.37,3.6340237,12.108188,0.054365575,3.993111,21.75175
15.38,3.6412647,12.144129,0.05366154,3.9673507,21.765394
15.39,3.6485076,12.180139,0.05296531,3.9417057,21.77899
15.4,3.6557488,12.216242,0.052276235,3.9161906,21.792503
15.41,3.6629925,12.252424,0.051594295,3.8907902,21.80596
15.42,3.670237,12.288679,0.050920054,3.86551,21.81935
15.43,3.677484,12.325022,0.050252654,3.8403494,21.832684
15.44,3.6847277,12.361436,0.049592815,3.8153207,21.845936
15.45,3.6919742,12.397939,0.048939884,3.7904,21.859137
15.46,3.6992223,12.43453,0.048294276,3.7656076,21.872276
15.47,3.7064672,12.47119,0.047655154,3.7409313,21.885344
15.48,3.7137141,12.507921,0.047023147,3.7163706,21.898348
15.49,3.720962,12.544754,0.046398375,3.6919363,21.911295
15.5,3.7282102,12.581647,0.04577975,3.6676128,21.924173
15.51,3.735459,12.618636,0.045168076,3.643416,21.93699
15.52,3.7427075,12.655699,0.04456328,3.6193395,21.94974
15.53,3.7499561,12.692843,0.043965064,3.5953786,21.962427
15.54,3.7572048,12.730066,0.043373536,3.5715358,21.975052
15.55,3.7644546,12.767369,0.04278827,3.547809,21.987617
15.56,3.771704,12.804763,0.042209584,3.5242054,22.000116
15.57,3.7789533,12.842231,0.04163749,3.5007262,22.012547
15.58,3.7862022,12.879767,0.041071218,3.4773502,22.024931
15.59,3.7934523,12.9174,0.040511712,3.454095,22.037245
15.6,3.8006995,12.955115,0.03995835,3.4309683,22.049484
15.61,3.807948,12.992882,0.039411183,3.4079351,22.06167
15.62,3.8151982,13.030757,0.03886984,3.3850405,22.0738
15.63,3.822447,13.068714,0.0383351,3.3622556,22.085857
15.64,3.829696,13.106748,0.037806034,3.3395884,22.097857
15.65,3.8369422,13.144846,0.037283033,3.3170333,22.109789
15.66,3.8441894,13.183032,0.03676591,3.2945952,22.121674
15.67,3.8514366,13.22131,0.036254812,3.2722702,22.133488
15.68,3.8586836,13.259658,0.03574953,3.2500644,22.145239
15.69,3.8659291,13.298086,0.035250183,3.2279768,22.156937
15.7,3.8731751,13.3365965,0.034756187,3.2059958,22.168564
15.71,3.8804212,13.375189,0.034267895,3.1841311,22.180136
15.72,3.8876662,13.413861,0.033785433,3.1623802,22.191654
15.73,3.8949106,13.452614,0.033308342,3.1407437,22.203098
15.74,3.9021528,13.491444,0.032837123,3.1192243,22.214485
15.75,3.9093966,13.530358,0.032371137,3.0978062,22.225813
15.76,3.9166398,13.569359,0.031910717,3.0765164,22.23708
15.77,3.9238806,13.6084385,0.031455584,3.055333,22.248291
15.78,3.9311223,13.647593,0.031006252,3.034262,22.259441
15.79,3.9383621,13.686824,0.030561961,3.0133011,22.270536
15.8,3.9456015,13.726141,0.03012258,2.9924517,22.281563
15.81,3.9528406,13.765535,0.029688876,2.971711,22.292536
15.82,3.960078,13.805017,0.02926004,2.951091,22.303434
15.83,3.9673162,13.844568,0.028836343,2.930563,22.314306
15.84,3.974551,13.884215,0.028418109,2.9101658,22.325083
15.85,3.9817843,13.923915,0.028004525,2.8898585,22.335833
15.86,3.9890177,13.963708,0.02759603,2.8696666,22.346508
15.87,3.9962509,14.003598,0.027192492,2.849595,22.35712
15.88,4.0034823,14.043554,0.026793785,2.8296256,22.367691
15.89,4.010714,14.083594,0.026400372,2.8097646,22.378187
15.9,4.017941,14.123713,0.026011523,2.790014,22.388636
15.91,4.0251684,14.163901,0.025627587,2.7703655,22.399023
15.92,4.032396,14.204189,0.025248088,2.7508314,22.40935
15.93,4.0396214,14.244553,0.024873804,2.731404,22.419626
15.94,4.0468445,14.284979,0.024504058,2.712073,22.429842
15.95,4.054068,14.32552,0.024138663,2.6928647,22.44
15.96,4.0612893,14.366103,0.023777798,2.6737435,22.450108
15.97,4.068509,14.4067955,0.023421811,2.6547413,22.460157
15.98,4.0757265,14.447544,0.023069903,2.6358416,22.470144
15.99,4.082943,14.488383,0.02272305,2.6170428,22.480085
16.0,4.0901585,14.529304,0.022380479,2.5983553,22.489956
16.01,4.097373,14.570303,0.022041913,2.5797656,22.499779
16.02,4.1045847,14.611393,0.02170813,2.5612857,22.509552
16.03,4.111796,14.652548,0.021378534,2.5429003,22.519268
16.04,4.119004,14.693792,0.021053283,2.5246313,22.528927
16.05,4.12621,14.735105,0.020732231,2.5064614,22.538532
16.06,4.133415,14.776499,0.020415226,2.4883816,22.548079
16.07,4.1406183,14.817979,0.020102393,2.4704125,22.557575
16.08,4.1478195,14.859543,0.019794293,2.4525516,22.567005
16.09,4.1550198,14.901183,0.019489534,2.4347808,22.576399
16.1,4.1622157,14.942897,0.019189723,2.4171157,22.585732
16.11,4.169412,14.984692,0.01889288,2.3995492,22.595007
16.12,4.176606,15.026571,0.018601103,2.3820827,22.60424
16.13,4.1837955,15.068522,0.018312579,2.3647254,22.613407
16.14,4.190984,15.110557,0.018027887,2.3474607,22.622534
16.15,4.1981726,15.15268,0.017747248,2.3302972,22.631588
16.16,4.2053576,15.194856,0.017470578,2.3132215,22.640606
16.17,4.2125397,15.237127,0.017197825,2.2962549,22.649567
16.18,4.2197194,15.279486,0.016928524,2.2793858,22.658468
16.19,4.226897,15.321903,0.016663216,2.2626016,22.667332
16.2,4.2340717,15.364414,0.016401576,2.245929,22.676142
16.21,4.241244,15.406993,0.016143836,2.2293563,22.684881
16.22,4.248413,15.449655,0.015889443,2.2128677,22.69359
16.23,4.2555814,15.492401,0.015638933,2.1964803,22.702238
16.24,4.262747,15.535205,0.015391504,2.180182,22.710833
16.25,4.269909,15.578105,0.015147805,2.1639798,22.719387
16.26,4.277068,15.621076,0.014907787,2.1478832,22.72788
16.27,4.284226,15.664141,0.01467155,2.1318784,22.736332
16.28,4.2913795,15.707259,0.014437925,2.1159582,22.744728
16.29,4.298532,15.750476,0.014208339,2.100143,22.753073
16.3,4.3056774,15.793747,0.013981716,2.0844154,22.761372
16.31,4.312824,15.83711,0.013759166,2.06878,22.769619
16.32,4.3199663,15.880539,0.013539239,2.0532327,22.777813
16.33,4.327107,15.924065,0.013322768,2.0377877,22.78596
16.34,4.334241,15.967652,0.0131092,2.0224297,22.794056
16.35,4.3413754,16.011326,0.012899476,2.0071619,22.802103
16.36,4.348504,16.05507,0.01269278,1.9919834,22.810108
16.37,4.3556304,16.09889,0.012488833,1.9768997,22.81806
16.38,4.362753,16.142776,0.012288269,1.9619057,22.825956
16.39,4.3698735,16.18676,0.012091342,1.9470024,22.833815
16.4,4.3769894,16.230797,0.011896705,1.9321837,22.841618
16.41,4.3841023,16.274918,0.0117050875,1.9174587,22.84939
16.42,4.3912106,16.31912,0.0115165785,1.9028213,22.85709
16.43,4.3983173,16.363415,0.011331034,1.8882746,22.86476
16.44,4.4054193,16.40776,0.011148905,1.8738127,22.872374
16.45,4.4125185,16.452183,0.010968995,1.8594337,22.87994
16.46,4.419611,16.496666,0.010792302,1.8451558,22.887463
16.47,4.426701,16.541246,0.010618413,1.830954,22.894936
16.48,4.433789,16.585886,0.010447023,1.8168354,22.902367
16.49,4.4408693,16.630615,0.010278353,1.8028096,22.909756
16.5,4.447949,16.675411,0.0101131145,1.7888683,22.917088
16.51,4.4550266,16.720295,0.009949968,1.7750102,22.924376
16.52,4.462097,16.765232,0.00978964,1.7612394,22.931618
16.53,4.4691615,16.810253,0.009632189,1.7475538,22.93882
16.54,4.4762244,16.855352,0.009476983,1.7339522,22.94597
16.55,4.4832826,16.900505,0.009324427,1.720434,22.953074
16.56,4.490336,16.945744,0.009174848,1.7070001,22.960142
16.57,4.4973836,16.991045,0.00902718,1.6936429,22.967163
16.58,4.5044274,17.03642,0.008882413,1.6803671,22.974125
16.59,4.5114684,17.081892,0.008739754,1.6671917,22.98106
16.6,4.5185037,17.127407,0.00860006,1.6540769,22.987934
16.61,4.525534,17.173014,0.008462247,1.641054,22.994787
16.62,4.5325603,17.218685,0.0083271805,1.6281176,23.001575
16.63,4.5395813,17.264421,0.008194198,1.6152544,23.008324
16.64,4.546597,17.310236,0.0080637755,1.6024772,23.015038
16.65,4.5536094,17.356117,0.007935565,1.5897746,23.021696
16.66,4.5606155,17.402075,0.007809547,1.5771523,23.028318
16.67,4.5676174,17.448103,0.0076859016,1.5646114,23.034893
16.68,4.5746126,17.494217,0.0075645503,1.5521618,23.041428
16.69,4.581605,17.540382,0.007444937,1.5397742,23.047918
16.7,4.588592,17.586618,0.0073279412,1.5274678,23.054373
16.71,4.595572,17.63292,0.007212665,1.5152439,23.060772
16.72,4.6025467,17.679296,0.0070995903,1.5030937,23.067139
16.73,4.6095176,17.725746,0.0069886474,1.4910204,23.073463
16.74,4.6164837,17.772272,0.006879798,1.4790341,23.07974
16.75,4.623442,17.818848,0.006772939,1.4671117,23.08598
16.76,4.630396,17.865498,0.0066680023,1.455271,23.092173
16.77,4.6373434,17.912241,0.006564728,1.4435105,23.098326
16.78,4.644285,17.959024,0.0064636804,1.4318182,23.104445
16.79,4.6512227,18.005901,0.006364896,1.420212,23.110502
16.8,4.658153,18.052814,0.006267515,1.4086701,23.116539
16.81,4.6650786,18.099804,0.006172221,1.3972017,23.122534
16.82,4.671997,18.14687,0.0060784547,1.3858119,23.128479
16.83,4.678911,18.194014,0.005986912,1.3745047,23.134388
16.84,4.685819,18.241213,0.005896479,1.363258,23.140255
16.85,4.69272,18.28848,0.0058083404,1.3520917,23.146082
16.86,4.6996155,18.335808,0.0057217916,1.3409902,23.151873
16.87,4.706504,18.383211,0.0056369985,1.3299645,23.15762
16.88,4.7133846,18.430683,0.005553714,1.3190256,23.163324
16.89,4.720262,18.478209,0.005472211,1.3081418,23.168991
16.9,4.727131,18.525797,0.0053923847,1.2973276,23.174625
16.91,4.733995,18.573477,0.005313837,1.2865998,23.180218
16.92,4.740852,18.621225,0.005236839,1.2759356,23.185768
16.93,4.747702,18.669006,0.0051618526,1.2653377,23.191282
16.94,4.7545457,18.716864,0.005087775,1.2548118,23.196753
16.95,4.7613826,18.764795,0.0050157644,1.2443584,23.202187
16.96,4.768212,18.812775,0.0049449466,1.2339753,23.207582
16.97,4.7750363,18.860836,0.004875554,1.223657,23.212944
16.98,4.7818522,18.908966,0.0048078774,1.2134167,23.218256
16.99,4.7886653,18.957163,0.0047414433,1.2032382,23.223541
17.0,4.7954693,19.005405,0.0046761734,1.1931263,23.228786
17.01,4.8022647,19.053719,0.004612228,1.1830835,23.234
17.02,4.8090534,19.102097,0.0045498917,1.1731085,23.239164
17.03,4.8158364,19.150537,0.0044885967,1.1632056,23.24429
17.04,4.8226123,19.199059,0.004429049,1.1533722,23.249386
17.05,4.829378,19.24761,0.0043703765,1.1435945,23.254446
17.06,4.8361382,19.296244,0.004312899,1.1338916,23.259464
17.07,4.842891,19.344933,0.0042567514,1.1242467,23.264452
17.08,4.8496385,19.393694,0.0042018797,1.1146767,23.269403
17.09,4.856377,19.442516,0.004147906,1.105167,23.274311
17.1,4.8631096,19.491402,0.0040955804,1.0957203,23.279188
17.11,4.869833,19.54036,0.004044031,1.0863458,23.284025
17.12,4.8765497,19.589361,0.003993892,1.0770317,23.28883
17.13,4.883257,19.63843,0.003944502,1.0677872,23.293596
17.14,4.889958,19.687557,0.0038965233,1.0586019,23.298328
17.15,4.8966517,19.736752,0.0038491478,1.0494782,23.303026
17.16,4.9033375,19.786005,0.0038030492,1.0404204,23.30769
17.17,4.9100156,19.835323,0.0037578251,1.0314231,23.312317
17.18,4.916686,19.884706,0.0037138714,1.022488,23.316912
17.19,4.923349,19.934143,0.0036706459,1.0136161,23.321468
17.2,4.930003,19.983643,0.0036287755,1.0048134,23.325987
17.21,4.936649,20.033194,0.0035873223,0.99606526,23.330471
17.22,4.9432874,20.08281,0.0035470948,0.98737705,23.33493
17.23,4.9499187,20.1325,0.0035076384,0.97875655,23.339352
17.24,4.9565425,20.18224,0.0034689205,0.97018766,23.343742
17.25,4.963156,20.232042,0.0034313006,0.9616889,23.34809
17.26,4.969763,20.281904,0.00339441,0.9532447,23.352404
17.27,4.9763618,20.331825,0.0033584898,0.9448637,23.356695
17.28,4.98295,20.381813,0.0033233324,0.9365449,23.360937
17.29,4.9895325,20.431843,0.003288717,0.9282676,23.365166
17.3,4.9961066,20.48194,0.003255059,0.9200705,23.369345
17.31,5.0026712,20.532091,0.00322223,0.911924,23.373505
17.32,5.0092287,20.58232,0.0031900043,0.9038366,23.377626
17.33,5.015776,20.632593,0.003159102,0.8958106,23.38171
17.34,5.0223165,20.682934,0.0031280546,0.8878434,23.385769
17.35,5.0288477,20.733328,0.003098105,0.87992704,23.389791
17.36,5.0353723,20.783775,0.003068368,0.8720665,23.393774
17.37,5.041886,20.8343,0.003040216,0.8642782,23.397743
17.38,5.0483923,20.884853,0.0030117482,0.856527,23.40167
17.39,5.0548873,20.935501,0.002984805,0.8488513,23.405567
17.4,5.0613766,20.986174,0.00295816,0.8412161,23.409426
17.41,5.0678554,21.036928,0.0029317867,0.83364487,23.413261
17.42,5.074327,21.087725,0.0029057786,0.8261223,23.417068
17.43,5.0807877,21.138582,0.0028812578,0.818658,23.420843
17.44,5.087243,21.189516,0.0028566439,0.81125784,23.42457
17.45,5.093687,21.240496,0.0028327256,0.8039017,23.42829
17.46,5.100122,21.29152,0.0028091604,0.79660225,23.431974
17.47,5.1065497,21.342619,0.0027865628,0.7893578,23.435623
17.48,5.1129704,21.393768,0.0027643107,0.78217494,23.439232
17.49,5.1193786,21.444967,0.0027422383,0.77502763,23.442823
17.5,5.125778,21.496246,0.0027210293,0.7679553,23.44638
17.51,5.1321683,21.54756,0.0026996871,0.76092064,23.449911
17.52,5.138552,21.598953,0.002679538,0.7539476,23.453415
17.53,5.144925,21.650385,0.0026594978,0.7470213,23.45689
17.54,5.1512895,21.701881,0.0026396606,0.7401476,23.460327
17.55,5.1576433,21.753412,0.0026205843,0.73332477,23.463745
17.56,5.163988,21.805033,0.0026019095,0.7265625,23.46713
17.57,5.1703277,21.856686,0.002583555,0.719841,23.470488
17.58,5.176655,21.908401,0.0025653,0.71317047,23.473812
17.59,5.1829715,21.960196,0.002547766,0.706563,23.47711
17.6,5.189282,22.012026,0.0025306912,0.6999957,23.480383
17.61,5.195584,22.063929,0.002513471,0.6934792,23.483618
17.62,5.2018723,22.115871,0.0024969215,0.6870218,23.48683
17.63,5.208153,22.167854,0.0024807053,0.68060327,23.490019
17.64,5.2144246,22.219913,0.002464505,0.67423534,23.493177
17.65,5.2206883,22.272036,0.0024490133,0.66792154,23.496304
17.66,5.22694,22.324215,0.0024336847,0.66165924,23.499409
17.67,5.2331862,22.376444,0.0024186857,0.6554406,23.502487
17.68,5.23942,22.428719,0.0024037845,0.6492675,23.505531
17.69,5.245646,22.481052,0.0023893649,0.64314795,23.508566
17.7,5.2518606,22.533464,0.0023750635,0.6370758,23.511557
17.71,5.258065,22.5859,0.0023607202,0.6310467,23.514532
17.72,5.2642627,22.638414,0.0023470707,0.62507415,23.517464
17.73,5.270449,22.690983,0.0023336299,0.61914754,23.520378
17.74,5.276625,22.743595,0.002320123,0.61325604,23.523266
17.75,5.282797,22.796274,0.00230728,0.60742307,23.52614
17.76,5.288955,22.849009,0.002294289,0.6016295,23.528978
17.77,5.295104,22.901787,0.0022811852,0.59588027,23.531797
17.78,5.301244,22.95464,0.0022691516,0.59019077,23.534578
17.79,5.307371,23.007536,0.0022565536,0.58453894,23.537338
17.8,5.3134913,23.060484,0.0022444976,0.5789311,23.540075
17.81,5.3196025,23.113485,0.0022325711,0.57336897,23.542786
17.82,5.325702,23.166548,0.0022208225,0.56784725,23.545479
17.83,5.331794,23.219679,0.0022089062,0.5623785,23.548143
17.84,5.3378763,23.272844,0.0021973671,0.5569413,23.550783
17.85,5.343948,23.326082,0.002186045,0.5515647,23.553392
17.86,5.35001,23.379353,0.0021749046,0.5462173,23.555977
17.87,5.356063,23.4327,0.0021636179,0.54092604,23.558538
17.88,5.362102,23.48608,0.0021528536,0.5356715,23.561083
17.89,5.3681364,23.53954,0.0021420084,0.5304584,23.563606
17.9,5.374161,23.593046,0.0021307943,0.52529,23.566093
17.91,5.3801723,23.6466,0.002120303,0.5201615,23.56857
17.92,5.3861766,23.700212,0.002109509,0.5150831,23.57101
17.93,5.392169,23.753891,0.0020991797,0.51004326,23.57344
17.94,5.3981533,23.807632,0.0020888587,0.5050501,23.575836
17.95,5.404127,23.861403,0.0020785602,0.50008595,23.578217
17.96,5.4100904,23.915236,0.0020682495,0.49517217,23.580568
17.97,5.416045,23.969118,0.0020579323,0.49029726,23.58291
17.98,5.421988,24.023066,0.0020477772,0.48546422,23.58521
17.99,5.4279222,24.077066,0.0020375205,0.48066977,23.587496
18.0,5.4338465,24.131138,0.0020278487,0.4759198,23.589767
18.01,5.4397616,24.185253,0.0020177783,0.4712036,23.592009
18.02,5.445667,24.239412,0.0020078737,0.46653315,23.594236
18.03,5.4515615,24.29364,0.0019980073,0.4619048,23.596422
18.04,5.457445,24.347918,0.0019883774,0.45731238,23.598608
18.05,5.4633193,24.402245,0.0019782176,0.45275623,23.600761
18.06,5.4691854,24.456612,0.0019684304,0.4482384,23.602898
18.07,5.4750395,24.511082,0.0019587995,0.44376945,23.605011
18.08,5.4808826,24.565561,0.0019492507,0.4393236,23.607101
18.09,5.4867177,24.620121,0.0019394448,0.43493176,23.609173
18.1,5.4925447,24.674711,0.0019296696,0.4305644,23.611229
18.11,5.4983587,24.729399,0.0019200966,0.4262499,23.61326
18.12,5.5041633,24.784105,0.0019101519,0.42195833,23.615263
18.13,5.5099573,24.838871,0.0019005826,0.4177093,23.617252
18.14,5.515743,24.893684,0.0018910635,0.4135012,23.619228
18.15,5.521517,24.948563,0.0018815184,0.4093195,23.621178
18.16,5.52728,25.003511,0.0018719304,0.40519094,23.62311
18.17,5.5330334,25.058508,0.0018619029,0.40109324,23.625013
18.18,5.5387807,25.11355,0.0018524975,0.39702654,23.626905
18.19,5.544515,25.168653,0.001842604,0.39299834,23.628777
18.2,5.550239,25.223816,0.0018328773,0.3890077,23.630625
18.21,5.555952,25.279018,0.0018231776,0.385054,23.632465
18.22,5.5616574,25.334272,0.0018136678,0.38112628,23.634277
18.23,5.56735,25.389584,0.0018036412,0.37723592,23.636066
18.24,5.5730352,25.444973,0.001793487,0.37338245,23.637846
18.25,5.5787086,25.500399,0.0017839149,0.36956766,23.639599
18.26,5.584371,25.555882,0.0017743418,0.3657887,23.641336
18.27,5.5900235,25.611427,0.0017642453,0.36203927,23.643059
18.28,5.595668,25.667027,0.0017544255,0.3583302,23.644758
18.29,5.6013007,25.722673,0.0017443132,0.35464245,23.646444
18.3,5.606924,25.778355,0.0017345306,0.3509966,23.648113
18.31,5.612536,25.834124,0.0017246073,0.34738857,23.649754
18.32,5.6181383,25.889927,0.0017146133,0.34380543,23.65139
18.33,5.6237307,25.945803,0.0017044861,0.3402552,23.653002
18.34,5.6293116,26.001719,0.0016943933,0.3367416,23.6546
18.35,5.6348853,26.057709,0.0016843677,0.3332674,23.656172
18.36,5.6404457,26.113733,0.0016737776,0.3298133,23.657742
18.37,5.6459985,26.169825,0.0016635843,0.3263928,23.659283
18.38,5.651539,26.22595,0.0016537253,0.32301205,23.660803
18.39,5.6570706,26.282146,0.001643057,0.3196545,23.662312
18.4,5.6625915,26.338394,0.0016327752,0.3163288,23.663807
18.41,5.6681023,26.394709,0.0016226154,0.3130468,23.665283
18.42,5.673603,26.451069,0.0016118614,0.30978116,23.666744
18.43,5.679094,26.507486,0.0016012825,0.3065501,23.668196
18.44,5.6845717,26.563957,0.0015905835,0.30335337,23.669619
18.45,5.6900415,26.620474,0.0015800092,0.30018085,23.67103
18.46,5.6954994,26.677042,0.0015694629,0.29704738,23.672428
18.47,5.70095,26.733667,0.0015587434,0.29393288,23.673801
18.48,5.7063885,26.790365,0.0015481729,0.29085708,23.675173
18.49,5.7118173,26.847116,0.0015373938,0.28781167,23.676521
18.5,5.717235,26.903915,0.0015264712,0.28479147,23.677858
18.51,5.7226458,26.960783,0.0015156791,0.28180265,23.67917
18.52,5.7280397,27.017673,0.0015048105,0.27883932,23.680475
18.53,5.733429,27.074657,0.0014938489,0.27591723,23.681765
18.54,5.7388086,27.131657,0.0014827512,0.27300036,23.683046
18.55,5.7441735,27.188744,0.0014716759,0.2701392,23.684292
18.56,5.7495284,27.245848,0.0014603939,0.26728073,23.68554
18.57,5.7548757,27.303045,0.0014493763,0.2644684,23.686768
18.58,5.7602124,27.360281,0.0014380813,0.26167485,23.687983
18.59,5.765537,27.417572,0.0014268309,0.25891405,23.68919
18.6,5.770851,27.474907,0.0014156923,0.25617722,23.690376
18.61,5.7761564,27.532316,0.0014041886,0.25346285,23.69155
18.62,5.781453,27.58977,0.0013929326,0.25078723,23.692703
18.63,5.7867365,27.647276,0.0013814904,0.24813446,23.693846
18.64,5.792011,27.704842,0.0013698786,0.24550365,23.694979
18.65,5.79727,27.762459,0.0013585873,0.2429073,23.696102
18.66,5.8025265,27.820145,0.0013470128,0.24032961,23.697195
18.67,5.8077693,27.877867,0.0013351906,0.23777704,23.6983
18.68,5.8130016,27.935656,0.001323808,0.2352555,23.699377
18.69,5.818224,27.993486,0.0013120398,0.23276013,23.700436
18.7,5.8234344,28.051382,0.0013002641,0.2302895,23.701485
18.71,5.8286357,28.109325,0.0012884494,0.22783735,23.70253
18.72,5.833827,28.167322,0.0012767613,0.22541922,23.703554
18.73,5.839007,28.225384,0.0012649857,0.22301914,23.704563
18.74,5.8441777,28.283499,0.0012529455,0.22065082,23.705566
18.75,5.849337,28.341663,0.0012413654,0.21830335,23.706558
18.76,5.8544855,28.399874,0.0012295451,0.21597895,23.707537
18.77,5.8596253,28.458162,0.001217436,0.2136836,23.708496
18.78,5.8647532,28.516481,0.0012055617,0.21140441,23.709448
18.79,5.8698726,28.574877,0.0011933129,0.20915893,23.71039
18.8,5.8749804,28.633303,0.0011814162,0.20692632,23.711317
18.81,5.880078,28.6918,0.0011693072,0.20472372,23.712233
18.82,5.8851643,28.750362,0.0011573359,0.2025473,23.713127
18.83,5.890239,28.808952,0.0011449009,0.20038746,23.714025
18.84,5.8953066,28.867609,0.001132872,0.19825797,23.714909
18.85,5.9003615,28.926313,0.0011208821,0.19614568,23.715784
18.86,5.9054084,28.985085,0.0011088178,0.19405575,23.716642
18.87,5.910442,29.043901,0.0010966472,0.19199039,23.717485
18.88,5.9154644,29.102774,0.0010844842,0.18994412,23.71833
18.89,5.9204793,29.161692,0.0010723919,0.18792582,23.719149
18.9,5.9254804,29.220686,0.0010603033,0.1859325,23.71996
18.91,5.930477,29.279726,0.0010476336,0.18394819,23.720772
18.92,5.9354553,29.338802,0.0010355655,0.18198736,23.721565
18.93,5.9404297,29.397959,0.0010232534,0.18005508,23.722343
18.94,5.945391,29.457169,0.0010112356,0.17814605,23.723116
18.95,5.9503403,29.516417,0.0009988211,0.17625247,23.723873
18.96,5.9552803,29.575712,0.0009866562,0.17437668,23.724627
18.97,5.9602113,29.635073,0.0009743329,0.17252515,23.725372
18.98,5.965132,29.694494,0.00096222386,0.17069317,23.72611
18.99,5.970041,29.753965,0.00094994344,0.16888167,23.726826
19.0,5.974939,29.813496,0.0009374991,0.16709743,23.727531
19.01,5.979827,29.873075,0.0009253919,0.16532685,23.728243
19.02,5.984704,29.932703,0.0009131525,0.16357566,23.728937
19.03,5.98957,29.992388,0.00090112723,0.16184187,23.729618
19.04,5.9944253,30.052141,0.0008887537,0.16013674,23.730288
19.05,5.999271,30.111925,0.0008769892,0.1584444,23.730957
19.06,6.0041094,30.17177,0.0008647293,0.15677597,23.73161
19.07,6.00893,30.231663,0.00085249543,0.1551199,23.732252
19.08,6.013749,30.291634,0.0008404143,0.15348926,23.732897
19.09,6.0185513,30.351639,0.00082823075,0.15186575,23.73352
19.1,6.023346,30.411713,0.0008161403,0.15028025,23.734137
19.11,6.0281267,30.471823,0.0008042995,0.14869303,23.734758
19.12,6.0328994,30.531996,0.00079203956,0.1471394,23.735355
19.13,6.0376596,30.592209,0.0007802136,0.14559539,23.735956
19.14,6.0424113,30.652493,0.0007681642,0.14407401,23.73653
19.15,6.047151,30.71283,0.00075633824,0.14257118,23.737108
19.16,6.051882,30.773216,0.00074443594,0.1410852,23.737675
19.17,6.056601,30.833672,0.0007326789,0.13961144,23.73823
19.18,6.061313,30.894157,0.0007207077,0.13815942,23.738787
19.19,6.0660086,30.954699,0.0007089544,0.13672149,23.739325
19.2,6.070697,31.015308,0.0006971322,0.1353094,23.739868
19.21,6.0753727,31.075962,0.00068556704,0.13390835,23.740395
19.22,6.0800424,31.136656,0.0006740447,0.13251597,23.740915
19.23,6.0846963,31.197426,0.00066220015,0.13114461,23.741423
19.24,6.089341,31.258234,0.0006507784,0.12979826,23.741934
19.25,6.093975,31.319105,0.00063939765,0.12846431,23.742428
19.26,6.098603,31.380022,0.0006279852,0.12714484,23.74292
19.27,6.103214,31.440998,0.0006163772,0.1258375,23.743399
19.28,6.10782,31.502031,0.0006051231,0.124557555,23.743874
19.29,6.1124105,31.5631,0.000593951,0.123279825,23.744343
19.3,6.116992,31.624228,0.0005827714,0.122026585,23.744797
19.31,6.1215663,31.68543,0.0005718004,0.120783344,23.745253
19.32,6.126125,31.746662,0.0005605463,0.11955747,23.745699
19.33,6.130678,31.807936,0.00054935925,0.11834289,23.746145
19.34,6.1352167,31.869286,0.00053843297,0.117148034,23.746576
19.35,6.1397457,31.930696,0.0005277302,0.11597347,23.746998
19.36,6.144264,31.992125,0.0005166996,0.11480572,23.74742
19.37,6.1487722,32.053635,0.0005065296,0.11366002,23.747835
19.38,6.153269,32.11519,0.0004957486,0.11252341,23.748238
19.39,6.1577573,32.1768,0.00048526004,0.1114034,23.748636
19.4,6.1622324,32.23844,0.0004748311,0.110288404,23.74903
19.41,6.1666975,32.300156,0.00046458095,0.10919587,23.74941
19.42,6.171153,32.361916,0.00045398436,0.10811296,23.749802
19.43,6.175599,32.423748,0.00044382177,0.10705086,23.750168
19.44,6.180033,32.485615,0.00043376163,0.105997145,23.750547
19.45,6.1844554,32.547543,0.00042348914,0.104957916,23.75091
19.46,6.188868,32.60952,0.00041397847,0.10393869,23.751259
19.47,6.193269,32.67151,0.0004037898,0.10291902,23.751623
19.48,6.1976614,32.73359,0.0003939811,0.10191682,23.75196
19.49,6.202042,32.795723,0.0003844984,0.10093365,23.752298
19.5,6.2064123,32.857918,0.00037530623,0.09996509,23.752638
19.51,6.2107716,32.920147,0.0003654547,0.09900449,23.752966
19.52,6.21512,32.982418,0.00035617873,0.09805326,23.75328
19.53,6.219458,33.04477,0.00034685247,0.097116776,23.753601
19.54,6.223787,33.107155,0.00033776462,0.09620033,23.753914
19.55,6.2281036,33.16957,0.00032847188,0.09528293,23.754221
19.56,6.23241,33.232067,0.0003196951,0.09438466,23.75452
19.57,6.236704,33.29462,0.0003110785,0.09350681,23.75482
19.58,6.24099,33.3572,0.00030211546,0.09262191,23.755108
19.59,6.2452674,33.419857,0.00029364415,0.091764465,23.755398
19.6,6.24953,33.48255,0.00028509088,0.09091577,23.755678
19.61,6.253783,33.545288,0.0002766233,0.09006719,23.755959
19.62,6.258027,33.608078,0.00026845746,0.08923517,23.756233
19.63,6.262259,33.670925,0.0002602823,0.08842553,23.756502
19.64,6.266482,33.733818,0.00025236234,0.087610886,23.756765
19.65,6.270691,33.796776,0.00024443865,0.086822584,23.757019
19.66,6.274893,33.859776,0.0002369918,0.08604096,23.75727
19.67,6.2790804,33.92282,0.00022897124,0.08526449,23.75752
19.68,6.2832613,33.985905,0.00022146665,0.08449684,23.757769
19.69,6.287431,34.049076,0.00021398067,0.08375293,23.758009
19.7,6.291589,34.112267,0.0002066791,0.08300525,23.758238
19.71,6.2957344,34.175507,0.00019961596,0.082273856,23.758476
19.72,6.2998743,34.2388,0.00019259751,0.08155148,23.758703
19.73,6.303998,34.30215,0.00018555485,0.08083962,23.758926
19.74,6.3081136,34.36556,0.00017891638,0.08014244,23.759134
19.75,6.3122187,34.42902,0.00017252192,0.07944821,23.759363
19.76,6.3163157,34.492527,0.00016593933,0.078768656,23.75957
19.77,6.3203983,34.556057,0.0001593586,0.07809125,23.759775
19.78,6.3244715,34.619667,0.00015333295,0.07743432,23.759975
19.79,6.328537,34.683323,0.00014708936,0.076781005,23.760185
19.8,6.3325887,34.747,0.00014122203,0.07613233,23.760378
19.81,6.33663,34.810764,0.00013524108,0.07550314,23.760574
19.82,6.3406606,34.87455,0.00012957305,0.07487583,23.76076
19.83,6.34468,34.938404,0.00012430362,0.07426137,23.76095
19.84,6.3486915,35.00227,0.00011854246,0.07364455,23.761131
19.85,6.352692,35.06624,0.00011358783,0.07305245,23.761303
19.86,6.35668,35.130226,0.00010811165,0.07246022,23.761484
19.87,6.360658,35.194263,0.00010340102,0.0718825,23.761646
19.88,6.364625,35.258347,9.867549e-05,0.07130781,23.761814
19.89,6.368583,35.322468,9.412691e-05,0.070746124,23.76199
19.9,6.372531,35.386665,8.925423e-05,0.07018636,23.762154
19.91,6.3764677,35.450897,8.469075e-05,0.06963441,23.762306
19.92,6.3803916,35.515198,8.093752e-05,0.06910354,23.762465
19.93,6.384306,35.579517,7.684901e-05,0.06857042,23.762606
19.94,6.3882117,35.643894,7.265806e-05,0.06804007,23.762768
19.95,6.392106,35.708317,6.894767e-05,0.06752382,23.762915
19.96,6.39599,35.772778,6.525591e-05,0.06701608,23.763052
19.97,6.399862,35.8373,6.182492e-05,0.0665212,23.763197
19.98,6.4037247,35.901875,5.8386475e-05,0.06602146,23.763334
19.99,6.407578,35.966484,5.5098906e-05,0.06553532,23.763481
20.0,6.411419,36.03116,5.2159652e-05,0.0650637,23.763605
20.01,6.4152484,36.095863,4.9246475e-05,0.06458534,23.763735
20.02,6.4190717,36.160618,4.665181e-05,0.06412646,23.76387
20.03,6.422881,36.225426,4.3958426e-05,0.06366281,23.763988
20.04,6.426681,36.290276,4.1654333e-05,0.06321713,23.764109
20.05,6.430471,36.355156,3.9298087e-05,0.06276812,23.764235
20.06,6.43425,36.4201,3.7284568e-05,0.062334806,23.764349
20.07,6.438018,36.485104,3.5401434e-05,0.061911464,23.764463
20.08,6.4417753,36.55011,3.33488e-05,0.061474174,23.764585
20.09,6.4455223,36.615208,3.1720847e-05,0.06106524,23.76469
20.1,6.4492593,36.68034,3.0264258e-05,0.060655072,23.764805
20.11,6.4529843,36.7455,2.8833747e-05,0.060249478,23.76491
20.12,6.456703,36.81072,2.7669594e-05,0.059847295,23.765013
20.13,6.4604073,36.875988,2.6443973e-05,0.05945921,23.765116
20.14,6.464103,36.94128,2.5443733e-05,0.059069246,23.765213
20.15,6.4677887,37.00664,2.4847686e-05,0.058696494,23.765305
20.16,6.471462,37.072033,2.4218112e-05,0.058319718,23.765408
20.17,6.4751267,37.13747,2.3791566e-05,0.05794838,23.765501
20.18,6.4787817,37.20298,2.3534521e-05,0.057590425,23.765589
20.19,6.4824243,37.26853,2.3169443e-05,0.05723858,23.76568
20.2,6.486056,37.334095,2.313219e-05,0.056882232,23.765768
20.21,6.4896765,37.399704,2.3599714e-05,0.05653666,23.765854
20.22,6.4932914,37.465385,2.3763627e-05,0.056203514,23.76594
20.23,6.4968944,37.531082,2.4173409e-05,0.055864424,23.766035
20.24,6.500484,37.59685,2.4933368e-05,0.055538714,23.766102
20.25,6.504068,37.66266,2.5549904e-05,0.0552153,23.766188
20.26,6.507637,37.7285,2.64775e-05,0.054897815,23.766264
20.27,6.511199,37.79438,2.7531758e-05,0.05457945,23.766333
20.28,6.5147495,37.860325,2.890639e-05,0.054279223,23.766409
20.29,6.5182886,37.926296,3.002584e-05,0.05397089,23.766489
20.3,6.521819,37.99229,3.1746924e-05,0.05367385,23.766563
20.31,6.525338,38.058365,3.3263117e-05,0.053379864,23.76663
20.32,6.528845,38.12446,3.49842e-05,0.05309029,23.766691
20.33,6.532345,38.190624,3.690459e-05,0.052805707,23.76676
20.34,6.5358343,38.2568,3.921427e-05,0.052528664,23.766827
20.35,6.5393124,38.32302,4.1030347e-05,0.052244797,23.766893
20.36,6.5427814,38.3893,4.351884e-05,0.051980928,23.76696
20.37,6.546238,38.455612,4.5984983e-05,0.051709503,23.767012
20.38,6.549685,38.52198,4.8631802e-05,0.05145301,23.767082
20.39,6.553124,38.58836,5.1571056e-05,0.05118896,23.767141
20.4,6.556551,38.654797,5.4577366e-05,0.050939575,23.76719
20.41,6.5599675,38.72129,5.7324767e-05,0.05068925,23.767256
20.42,6.5633755,38.78783,6.085448e-05,0.050449356,23.76731
20.43,6.5667715,38.854385,6.3998625e-05,0.050209954,23.767365
20.44,6.570161,38.920986,6.7541376e-05,0.049969316,23.76742
20.45,6.5735354,38.987617,7.113069e-05,0.049732924,23.767475
20.46,6.5769,39.054306,7.4997544e-05,0.04950227,23.767525
20.47,6.5802584,39.121063,7.8639016e-05,0.049277678,23.767574
20.48,6.5836067,39.18782,8.266047e-05,0.049059182,23.767618
20.49,6.586942,39.254623,8.704327e-05,0.048839256,23.767675
20.5,6.5902677,39.32147,9.1081485e-05,0.048621833,23.76772
20.51,6.5935845,39.388374,9.5693395e-05,0.048414156,23.76777
20.52,6.5968885,39.455284,0.000100046396,0.048205167,23.767813
20.53,6.600186,39.522266,0.00010470301,0.04800476,23.767859
20.54,6.603471,39.58928,0.00010917708,0.04780212,23.767902
20.55,6.6067476,39.656292,0.0001143422,0.047601044,23.767952
20.56,6.610012,39.723385,0.00011946447,0.047409818,23.767988
20.57,6.61327,39.790512,0.00012422167,0.047219127,23.768036
20.58,6.6165156,39.85768,0.0001298543,0.047029868,23.768072
20.59,6.619754,39.924896,0.0001349356,0.046845987,23.768114
20.6,6.6229777,39.992134,0.00014071912,0.046666652,23.768152
20.61,6.6261935,40.059406,0.00014607236,0.04648438,23.76819
20.62,6.629398,40.12673,0.00015172921,0.04630974,23.768234
20.63,6.6325974,40.194077,0.00015776046,0.046137497,23.768274
20.64,6.635783,40.261463,0.00016351044,0.045961037,23.768309
20.65,6.63896,40.328903,0.00016979687,0.045796424,23.768337
20.66,6.642126,40.39637,0.00017570145,0.045628756,23.768383
20.67,6.6452827,40.463863,0.00018209405,0.045470446,23.768417
20.68,6.6484303,40.531414,0.0001884047,0.04531464,23.768452
20.69,6.651565,40.598995,0.00019470789,0.045151964,23.768484
20.7,6.654695,40.666603,0.00020149536,0.04499726,23.76852
20.71,6.6578107,40.734245,0.00020813756,0.044850945,23.768549
20.72,6.660918,40.801933,0.00021475367,0.044696003,23.768587
20.73,6.6640167,40.86966,0.00022163056,0.044555336,23.768616
20.74,6.667104,40.93742,0.00022867694,0.044407263,23.768648
20.75,6.6701813,41.0052,0.00023563951,0.044262797,23.768682
20.76,6.6732516,41.073044,0.00024272874,0.04412432,23.76871
20.77,6.676309,41.140915,0.00024995767,0.043990895,23.768745
20.78,6.679361,41.208817,0.0002570916,0.043853268,23.768772
20.79,6.6823997,41.27676,0.00026484206,0.04372208,23.768808
20.8,6.6854267,41.344707,0.0002721604,0.043591246,23.768831
20.81,6.68845,41.41272,0.00027966686,0.043462485,23.768864
20.82,6.691459,41.480774,0.0002872981,0.043339387,23.768898
20.83,6.694461,41.548832,0.0002953671,0.043212116,23.768929
20.84,6.697453,41.616947,0.00030289032,0.043090478,23.76895
20.85,6.7004323,41.685085,0.00031087175,0.042970866,23.768976
20.86,6.7034054,41.753292,0.00031870604,0.04285413,23.769005
20.87,6.706369,41.82149,0.00032647513,0.042733654,23.769033
20.88,6.709319,41.889706,0.00033454597,0.042620257,23.769066
20.89,6.712266,41.958,0.00034295395,0.042509735,23.769093
20.9,6.715198,42.026318,0.0003510099,0.04239425,23.769127
20.91,6.718123,42.094673,0.00035935454,0.04228562,23.76915
20.92,6.721038,42.163033,0.00036756508,0.042180434,23.76917
20.93,6.7239413,42.23145,0.00037615933,0.042074397,23.769209
20.94,6.7268414,42.299885,0.00038456917,0.041965917,23.769224
20.95,6.7297287,42.368355,0.0003931392,0.041865602,23.76925
20.96,6.732603,42.436855,0.00040157512,0.041757405,23.76928
20.97,6.7354712,42.505386,0.00040993653,0.041659147,23.7693
20.98,6.738331,42.573975,0.0004190039,0.04156141,23.769327
20.99,6.741181,42.642563,0.00042749196,0.041466534,23.769356
21.0,6.74402,42.711178,0.00043628365,0.041367516,23.76938
21.01,6.746852,42.77987,0.00044501014,0.04127665,23.769405
21.02,6.7496724,42.84854,0.00045379438,0.041186646,23.769432
21.03,6.752481,42.917286,0.0004627388,0.041089848,23.769453
21.04,6.7552867,42.98603,0.00047167577,0.041003972,23.769482
21.05,6.7580795,43.054794,0.00048071705,0.04091485,23.769503
21.06,6.7608624,43.123608,0.0004895795,0.04082626,23.769537
21.07,6.7636385,43.192463,0.00049864873,0.0407376,23.769554
21.08,6.7664013,43.26134,0.0005076844,0.040652514,23.769583
21.09,6.7691593,43.33024,0.00051657297,0.040571496,23.769604
21.1,6.7719083,43.399174,0.00052582286,0.040492237,23.769632
21.11,6.774646,43.468143,0.0005349573,0.04040782,23.769665
21.12,6.777375,43.537144,0.000543952,0.04033409,23.769676
21.13,6.7800946,43.606148,0.00055324286,0.040249124,23.769707
21.14,6.7828074,43.675194,0.00056262314,0.04017356,23.769737
21.15,6.785507,43.744267,0.000571575,0.040094674,23.769758
21.16,6.788201,43.813362,0.00058090314,0.040018544,23.769777
21.17,6.7908845,43.88249,0.0005898401,0.039938018,23.769798
21.18,6.793557,43.951656,0.000599131,0.03986749,23.76983
21.19,6.7962227,44.02085,0.00060857274,0.039790258,23.769857
21.2,6.7988834,44.090054,0.0006177202,0.039716616,23.769886
21.21,6.801528,44.15929,0.0006269254,0.03964965,23.769909
21.22,6.804169,44.228554,0.0006363932,0.039582193,23.769928
21.23,6.8067966,44.297848,0.0006454885,0.039514005,23.769953
21.24,6.809419,44.367165,0.0006546248,0.03943965,23.769978
21.25,6.8120317,44.43652,0.0006639827,0.039380148,23.770004
21.26,6.8146334,44.5059,0.00067315996,0.039304897,23.770035
21.27,6.817227,44.575306,0.00068232603,0.03924659,23.770058
21.28,6.8198123,44.64473,0.00069179386,0.039181843,23.77008
21.29,6.8223896,44.71418,0.0007009376,0.03910926,23.770103
21.3,6.824957,44.78366,0.00071005337,0.0390487,23.770136
21.31,6.827516,44.853157,0.0007190816,0.03898689,23.770159
21.32,6.8300667,44.922684,0.0007283017,0.038917005,23.770187
21.33,6.832609,44.992226,0.0007376969,0.038863108,23.77021
21.34,6.835143,45.06182,0.00074650533,0.038796306,23.770235
21.35,6.837668,45.131416,0.0007558353,0.03874141,23.77026
21.36,6.8401814,45.201042,0.0007646587,0.038676664,23.77028
21.37,6.8426895,45.270706,0.0007741023,0.03862755,23.770313
21.38,6.8451877,45.340355,0.0007829331,0.038560048,23.77034
21.39,6.8476768,45.41005,0.0007916391,0.03849663,23.770363
21.4,6.850158,45.479782,0.0008005686,0.03843999,23.770386
21.41,6.852633,45.549526,0.00080963783,0.038393304,23.770416
21.42,6.8550944,45.619312,0.00081891567,0.038330838,23.770443
21.43,6.8575506,45.689106,0.00082748756,0.03827201,23.77047
21.44,6.8599963,45.758907,0.0008360557,0.03821595,23.770493
21.45,6.8624363,45.82875,0.00084480643,0.038160637,23.770517
21.46,6.864868,45.89861,0.0008535199,0.03811352,23.77054
21.47,6.8672886,45.96848,0.0008622147,0.038054287,23.77057
21.48,6.8697014,46.03838,0.0008710548,0.03800428,23.770601
21.49,6.872105,46.108322,0.0008794293,0.03794907,23.770632
21.5,6.874503,46.178253,0.00088810734,0.037898198,23.770645
21.51,6.876891,46.24825,0.00089636445,0.03784409,23.77068
21.52,6.879272,46.318222,0.00090480037,0.037791178,23.770704
21.53,6.881644,46.38826,0.00091339834,0.0377454,23.770737
21.54,6.8840055,46.4583,0.00092183426,0.03769602,23.770765
21.55,6.8863626,46.52835,0.00092986226,0.0376437,23.770784
21.56,6.8887057,46.5984,0.00093819015,0.037592813,23.770817
21.57,6.8910465,46.668507,0.000946261,0.037543625,23.77084
21.58,6.8933764,46.73862,0.00095435977,0.037495613,23.77087
21.59,6.8956957,46.808754,0.00096229464,0.037443146,23.770897
21.6,6.898013,46.878937,0.00097020157,0.037390918,23.770916
21.61,6.900316,46.949093,0.000978196,0.037346527,23.770948
21.62,6.902614,47.0193,0.000985967,0.03729534,23.770975
21.63,6.904905,47.089516,0.0009935014,0.03725116,23.771004
21.64,6.907185,47.15974,0.0010013208,0.037201867,23.771032
21.65,6.909459,47.229984,0.001008736,0.03715217,23.771059
21.66,6.911724,47.30026,0.0010163356,0.037105218,23.771086
21.67,6.913981,47.37055,0.0010237433,0.037063643,23.771107
21.68,6.9162307,47.44088,0.0010311771,0.037017137,23.771135
21.69,6.9184713,47.511196,0.0010383148,0.03697495,23.771166
21.7,6.9207044,47.581554,0.0010455232,0.03692451,23.771194
21.71,6.92293,47.651905,0.0010526422,0.036875874,23.771227
21.72,6.925148,47.72231,0.0010597464,0.036839098,23.771246
21.73,6.927357,47.792706,0.0010664966,0.03678666,23.771273
21.74,6.9295597,47.86313,0.0010735169,0.036743253,23.771303
21.75,6.9317513,47.933544,0.001080418,0.03670138,23.771332
21.76,6.933938,48.004005,0.001087049,0.036647156,23.771357
21.77,6.936118,48.074486,0.0010937471,0.036603823,23.771395
21.78,6.9382873,48.14499,0.0010998789,0.03656444,23.77141
21.79,6.9404497,48.215485,0.0011062752,0.036513552,23.771446
21.8,6.942604,48.28599,0.001112828,0.036469057,23.771465
21.81,6.9447513,48.356533,0.0011190381,0.036428094,23.771496
21.82,6.946892,48.42709,0.0011250675,0.03638409,23.771526
21.83,6.949022,48.497654,0.0011311583,0.036338642,23.771553
21.84,6.9511476,48.56826,0.0011371411,0.036298856,23.77158
21.85,6.953265,48.63886,0.0011429731,0.03625706,23.771608
21.86,6.955371,48.70947,0.0011488888,0.03620863,23.771637
21.87,6.9574738,48.780117,0.0011545848,0.036174476,23.771662
21.88,6.959568,48.85075,0.0011601467,0.036129594,23.77169
21.89,6.9616547,48.921425,0.0011654794,0.03608872,23.771715
21.9,6.9637337,48.99211,0.0011706725,0.036042035,23.771746
21.91,6.965805,49.06281,0.0011758711,0.036003143,23.771776
21.92,6.967868,49.133522,0.0011811219,0.03596057,23.771797
21.93,6.9699244,49.20424,0.0011859704,0.035915747,23.771824
21.94,6.9719715,49.274982,0.0011911858,0.035874367,23.771843
21.95,6.974015,49.345734,0.0011960603,0.03583026,23.771877
21.96,6.976048,49.416496,0.001200553,0.035792068,23.771908
21.97,6.978072,49.48727,0.0012055915,0.035746068,23.771935
21.98,6.980092,49.558056,0.0012097433,0.035703972,23.771963
21.99,6.982106,49.628887,0.001214521,0.035672754,23.771994
22.0,6.9841113,49.699707,0.0012188591,0.03562142,23.772017
22.01,6.986107,49.770542,0.001222916,0.03558591,23.772038
22.02,6.988097,49.84139,0.0012270026,0.035538927,23.77207
22.03,6.990082,49.91226,0.0012307931,0.035499513,23.772085
22.04,6.9920545,49.983128,0.0012346283,0.03545633,23.77212
22.05,6.994023,50.054,0.0012386665,0.03541456,23.772148
22.06,6.9959836,50.124924,0.0012422465,0.035374597,23.772175
22.07,6.997941,50.195847,0.0012455061,0.035329908,23.772196
22.08,6.9998837,50.26677,0.0012492575,0.035293445,23.772219
22.09,7.001825,50.3377,0.001252301,0.03525032,23.772245
22.1,7.0037584,50.40867,0.0012555458,0.03520672,23.772266
22.11,7.005681,50.479626,0.0012585279,0.03516455,23.7723
22.12,7.0076027,50.55059,0.0012615714,0.035128742,23.772322
22.13,7.009512,50.621567,0.001264397,0.035081014,23.772356
22.14,7.011416,50.692574,0.0012670886,0.035047546,23.772377
22.15,7.013312,50.763584,0.0012692921,0.034998626,23.772406
22.16,7.015207,50.834625,0.001272345,0.03496091,23.77243
22.17,7.01709,50.905643,0.0012745932,0.034923166,23.772448
22.18,7.0189652,50.976692,0.0012769941,0.034883678,23.772474
22.19,7.020834,51.047756,0.0012789071,0.034837827,23.772501
22.2,7.022698,51.118816,0.0012810025,0.034792647,23.772522
22.21,7.024554,51.189888,0.001282854,0.03475827,23.772543
22.22,7.0264025,51.260994,0.0012846962,0.034714982,23.77257
22.23,7.028246,51.332077,0.0012865104,0.03467472,23.772583
22.24,7.030079,51.403194,0.0012879968,0.03463155,23.772608
22.25,7.0319095,51.47431,0.0012891311,0.034587458,23.772636
22.26,7.0337324,51.545444,0.0012908839,0.034549534,23.772657
22.27,7.035546,51.616596,0.0012919605,0.034514353,23.772684
22.28,7.037355,51.687748,0.0012929328,0.034463346,23.772705
22.29,7.039156,51.758904,0.0012941565,0.03442441,23.772726
22.3,7.040951,51.830082,0.0012946911,0.03438638,23.772745
22.31,7.0427394,51.901253,0.0012957007,0.03434193,23.772768
22.32,7.0445213,51.97246,0.0012961607,0.034306005,23.772789
22.33,7.046298,52.043633,0.00129674,0.03426394,23.772804
22.34,7.048067,52.114872,0.0012972727,0.034222633,23.772821
22.35,7.049828,52.186096,0.001297364,0.03417927,23.772856
22.36,7.0515833,52.25732,0.001297487,0.034138113,23.77287
22.37,7.053331,52.328552,0.001297649,0.034095794,23.772892
22.38,7.0550756,52.399773,0.0012978166,0.03405559,23.772911
22.39,7.056809,52.47103,0.0012974981,0.03401476,23.772928
22.4,7.0585394,52.54229,0.0012973733,0.033971652,23.77295
22.41,7.0602627,52.61358,0.0012968611,0.033934712,23.772964
22.42,7.061978,52.684853,0.0012963545,0.03389187,23.772984
22.43,7.0636897,52.75613,0.00129571,0.033844218,23.773
22.44,7.0653934,52.827442,0.0012948848,0.033808082,23.773022
22.45,7.06709,52.898746,0.0012940578,0.03376773,23.773045
22.46,7.068783,52.97005,0.0012930911,0.03372486,23.773058
22.47,7.0704656,53.041374,0.0012922082,0.033685297,23.773073
22.48,7.0721445,53.112713,0.001291018,0.03364329,23.773092
22.49,7.073815,53.18403,0.0012896676,0.033601284,23.773106
22.5,7.0754843,53.25538,0.0012883116,0.033556983,23.773127
22.51,7.0771422,53.326744,0.0012867916,0.03351754,23.773136
22.52,7.0787964,53.3981,0.0012852121,0.03347203,23.773153
22.53,7.080445,53.469486,0.0012836289,0.03343062,23.773178
22.54,7.0820875,53.540836,0.0012815762,0.03338945,23.773184
22.55,7.083716,53.612213,0.0012797359,0.033350855,23.773201
22.56,7.0853467,53.6836,0.0012777522,0.03330788,23.773212
22.57,7.08697,53.754993,0.001275273,0.033261046,23.773224
22.58,7.088588,53.8264,0.001273416,0.033226848,23.77324
22.59,7.0901976,53.897827,0.0012710225,0.033180416,23.773254
22.6,7.0918007,53.969242,0.0012683272,0.03313732,23.77327
22.61,7.0934,54.040653,0.001265686,0.033094645,23.773275
22.62,7.0949917,54.1121,0.0012630951,0.033054784,23.773293
22.63,7.0965786,54.18352,0.0012604818,0.033008963,23.773312
22.64,7.0981574,54.25497,0.0012577493,0.032971457,23.773306
22.65,7.099733,54.326412,0.0012545921,0.032926366,23.773325
22.66,7.1013017,54.39788,0.0012515038,0.03288269,23.773344
22.67,7.102864,54.46935,0.0012484379,0.03283812,23.773346
22.68,7.1044188,54.540813,0.0012450796,0.03279552,23.77335
22.69,7.105971,54.612293,0.0012416467,0.03275107,23.773363
22.7,7.107516,54.68378,0.0012385119,0.032712355,23.773376
22.71,7.1090546,54.755257,0.0012348797,0.032671362,23.773384
22.72,7.1105876,54.826748,0.0012311097,0.032623485,23.77339
22.73,7.1121163,54.898243,0.001227688,0.032588735,23.7734
22.74,7.113635,54.96975,0.0012238882,0.03253676,23.773405
22.75,7.1151514,55.041264,0.0012200195,0.032499894,23.773415
22.76,7.1166635,55.112785,0.0012156926,0.032450438,23.77342
22.77,7.118165,55.184315,0.0012119431,0.03240542,23.773426
22.78,7.119664,55.25585,0.0012074411,0.032369852,23.77343
22.79,7.121158,55.327385,0.0012032744,0.03232181,23.773434
22.8,7.1226444,55.398922,0.0011988431,0.03227842,23.773438
22.81,7.124124,55.470444,0.0011944603,0.032231644,23.77344
22.82,7.1256022,55.542007,0.0011900272,0.032191753,23.773447
22.83,7.127073,55.61359,0.0011854917,0.0321517,23.773449
22.84,7.128535,55.68513,0.0011808015,0.032105386,23.77345
22.85,7.129994,55.756706,0.0011762585,0.032068044,23.773457
22.86,7.131448,55.82827,0.0011710972,0.032018602,23.773455
22.87,7.1328955,55.899857,0.001166461,0.031974256,23.77346
22.88,7.134336,55.97142,0.0011615772,0.03192897,23.773462
22.89,7.135774,56.043022,0.0011562705,0.03188254,23.773464
22.9,7.137208,56.1146,0.0011510309,0.031837314,23.773457
22.91,7.13863,56.186207,0.001145944,0.031792402,23.773462
22.92,7.140052,56.257782,0.0011406038,0.031746984,23.77346
22.93,7.141466,56.32941,0.0011352971,0.031706765,23.773466
22.94,7.1428757,56.40104,0.0011299085,0.031659976,23.773457
22.95,7.14428,56.47265,0.0011243857,0.031621397,23.773455
22.96,7.1456776,56.54424,0.0011189841,0.031568915,23.773453
22.97,7.147071,56.615875,0.0011130497,0.03152354,23.773447
22.98,7.148457,56.687496,0.0011070874,0.03147711,23.773447
22.99,7.149842,56.75916,0.001101641,0.031434,23.773438
23.0,7.1512194,56.830803,0.0010957085,0.03138885,23.773443
23.01,7.1525893,56.90241,0.0010898858,0.03134352,23.773432
23.02,7.1539536,56.97408,0.0010840464,0.031299725,23.77342
23.03,7.1553183,57.04574,0.0010780264,0.03125283,23.773418
23.04,7.1566734,57.117382,0.0010716524,0.03120178,23.773409
23.05,7.1580253,57.18903,0.0010656063,0.031162515,23.773405
23.06,7.1593704,57.260708,0.0010595992,0.03111817,23.773394
23.07,7.160711,57.332386,0.0010533109,0.03106998,23.773388
23.08,7.1620464,57.404034,0.0010470953,0.031019881,23.773378
23.09,7.163374,57.475716,0.0010404997,0.030976653,23.773375
23.1,7.164702,57.547424,0.0010343902,0.030941382,23.77336
23.11,7.166021,57.619102,0.0010276362,0.030888766,23.773348
23.12,7.1673355,57.69078,0.0010210089,0.030840412,23.773342
23.13,7.168643,57.762444,0.0010146815,0.030792639,23.773323
23.14,7.169948,57.834175,0.0010082033,0.03074488,23.773314
23.15,7.171248,57.90587,0.0010016989,0.03070186,23.773302
23.16,7.17254,57.9776,0.0009948425,0.030650124,23.773298
23.17,7.1738315,58.049297,0.0009879954,0.030610383,23.773277
23.18,7.175116,58.121017,0.0009812992,0.030563518,23.773264
23.19,7.1763954,58.192734,0.0009744242,0.030512974,23.773241
23.2,7.177669,58.26446,0.0009675324,0.03046289,23.773232
23.21,7.178936,58.336166,0.00096046366,0.030417845,23.77322
23.22,7.180201,58.4079,0.0009537749,0.030375034,23.7732
23.23,7.1814604,58.479633,0.00094683096,0.030323982,23.773184
23.24,7.182716,58.551357,0.00093960203,0.03027454,23.77317
23.25,7.1839647,58.623116,0.0009325892,0.03023097,23.773151
23.26,7.1852117,58.69485,0.0009255707,0.030177712,23.773125
23.27,7.186448,58.7666,0.0009183567,0.030135408,23.773115
23.28,7.187682,58.838356,0.00091130286,0.03008598,23.773094
23.29,7.188915,58.910107,0.000904182,0.030037284,23.773071
23.3,7.19014,58.981873,0.0008970592,0.029987752,23.773054
23.31,7.191359,59.053623,0.00088989176,0.029937759,23.773033
23.32,7.192575,59.125397,0.0008824486,0.029895201,23.773003
23.33,7.1937857,59.19718,0.00087526627,0.029843077,23.772991
23.34,7.194992,59.268963,0.0008681137,0.02979453,23.77296
23.35,7.196194,59.340733,0.00086090155,0.02975151,23.77295
23.36,7.1973886,59.412506,0.0008534901,0.029695868,23.77292
23.37,7.198581,59.484283,0.00084587187,0.029647678,23.772896
23.38,7.19977,59.55608,0.0008386485,0.029597998,23.772873
23.39,7.2009506,59.627857,0.0008313395,0.029550567,23.772848
23.4,7.202127,59.699654,0.00082386285,0.029498741,23.772818
23.41,7.2033024,59.771465,0.00081648305,0.029450491,23.772795
23.42,7.2044697,59.843258,0.0008091256,0.029405132,23.772764
23.43,7.2056336,59.915066,0.00080182403,0.029356197,23.77274
23.44,7.2067943,59.986877,0.000794122,0.029300988,23.772703
23.45,7.2079477,60.05867,0.0007867981,0.029247537,23.772678
23.46,7.2090964,60.1305,0.0007794369,0.02920273,23.772646
23.47,7.2102427,60.202328,0.0007718634,0.029149354,23.772623
23.48,7.2113833,60.27414,0.0007643327,0.029102057,23.772593
23.49,7.212519,60.34595,0.0007570442,0.029055268,23.772558
23.5,7.2136526,60.417805,0.00074963644,0.02900049,23.772526
23.51,7.2147803,60.48965,0.0007422585,0.028951213,23.772495
23.52,7.2158995,60.561455,0.0007345192,0.02889514,23.772463
23.53,7.217021,60.633297,0.0007271096,0.02884908,23.772429
23.54,7.218131,60.705154,0.0007197019,0.028797045,23.772396
23.55,7.2192407,60.776997,0.0007121917,0.028749406,23.772358
23.56,7.220346,60.84885,0.0007047802,0.028695062,23.772326
23.57,7.221448,60.920708,0.00069755316,0.028649017,23.772287
23.58,7.2225432,60.992577,0.0006900206,0.028594926,23.772255
23.59,7.223636,61.06445,0.0006825458,0.028546557,23.772215
23.6,7.224723,61.136314,0.000675058,0.028497696,23.772175
23.61,7.225804,61.208157,0.0006675776,0.028441548,23.772137
23.62,7.226883,61.280052,0.0006601885,0.028388321,23.772106
23.63,7.2279577,61.35191,0.00065292977,0.028337702,23.772064
23.64,7.229025,61.423763,0.0006457288,0.028289407,23.772017
23.65,7.230091,61.495667,0.00063820183,0.028236628,23.771982
23.66,7.2311535,61.56755,0.00063093565,0.028180912,23.771946
23.67,7.2322073,61.639454,0.0006236732,0.028130904,23.771902
23.68,7.233261,61.711357,0.00061629526,0.028078452,23.771852
23.69,7.23431,61.783237,0.00060907565,0.028026477,23.771812
23.7,7.2353516,61.85516,0.0006017294,0.027971476,23.771767
23.71,7.236394,61.927032,0.00059450604,0.027920336,23.77173
23.72,7.2374296,61.99896,0.0005874373,0.0278669,23.771685
23.73,7.2384605,62.07086,0.0005801823,0.02781801,23.771633
23.74,7.2394876,62.142773,0.00057308935,0.027764514,23.771597
23.75,7.24051,62.2147,0.00056580454,0.027709186,23.771555
23.76,7.241529,62.286648,0.0005586911,0.027654216,23.771502
23.77,7.242543,62.35857,0.00055156834,0.027604058,23.771446
23.78,7.2435527,62.430508,0.0005446542,0.027550727,23.771406
23.79,7.2445574,62.502422,0.0005375389,0.027492702,23.771349
23.8,7.2455606,62.57436,0.0005307216,0.027444184,23.771307
23.81,7.2465606,62.6463,0.0005236361,0.027393252,23.771257
23.82,7.247551,62.71824,0.000516437,0.027334556,23.771212
23.83,7.248543,62.790207,0.0005095061,0.027284697,23.771149
23.84,7.249527,62.862152,0.00050286576,0.027229205,23.771101
23.85,7.2505093,62.93412,0.00049588457,0.027173683,23.771057
23.86,7.251487,63.00609,0.00048922375,0.027122423,23.771008
23.87,7.2524605,63.07803,0.000482494,0.027065754,23.77095
23.88,7.2534285,63.149998,0.00047572143,0.027011365,23.770895
23.89,7.2543936,63.221966,0.00046924688,0.026959077,23.77084
23.9,7.255357,63.293972,0.00046258792,0.026905984,23.770786
23.91,7.2563148,63.365936,0.000456132,0.026844993,23.770731
23.92,7.257266,63.437923,0.0004492961,0.02679269,23.770678
23.93,7.2582164,63.50991,0.00044290163,0.026739717,23.770615
23.94,7.2591634,63.58191,0.00043639168,0.02668339,23.77056
23.95,7.2601047,63.653908,0.00043002516,0.026631176,23.770498
23.96,7.2610435,63.725918,0.00042369403,0.026577681,23.770445
23.97,7.261976,63.79791,0.0004172977,0.02652508,23.770384
23.98,7.2629037,63.869915,0.00041112117,0.026471347,23.77033
23.99,7.2638288,63.941936,0.00040461123,0.026410729,23.770266
24.0,7.2647514,64.01396,0.00039873086,0.026357979,23.770203
24.01,7.26567,64.086,0.00039246492,0.026301548,23.77015
24.02,7.2665825,64.15801,0.0003864877,0.026246145,23.770077
24.03,7.2674932,64.23003,0.00038043968,0.026182637,23.770025
24.04,7.268399,64.30207,0.0003744457,0.026138455,23.769958
24.05,7.2693033,64.37412,0.00036858395,0.02608174,23.769896
24.06,7.2702026,64.44616,0.0003627967,0.02602294,23.769836
24.07,7.271097,64.5182,0.00035684928,0.02596891,23.769772
24.08,7.271989,64.59024,0.00035093725,0.025912791,23.769703
24.09,7.2728763,64.66232,0.0003453791,0.025860935,23.76964
24.1,7.2737594,64.73438,0.00033967383,0.025803491,23.769567
24.11,7.274638,64.80644,0.0003342051,0.025744021,23.769506
24.12,7.2755156,64.87853,0.0003286209,0.025691465,23.769434
24.13,7.276387,64.95059,0.00032329932,0.02563399,23.76937
24.14,7.277254,65.02266,0.00031751394,0.02557297,23.769304
24.15,7.2781186,65.09474,0.00031224824,0.0255211,23.76923
24.16,7.2789803,65.166855,0.00030696765,0.025462985,23.76917
24.17,7.279837,65.23895,0.00030180626,0.025405794,23.769094
24.18,7.280692,65.31104,0.0002966579,0.025349706,23.769022
24.19,7.281543,65.383125,0.00029155798,0.025296867,23.768948
24.2,7.2823873,65.45527,0.00028638355,0.025237843,23.768879
24.21,7.2832294,65.52735,0.00028141588,0.025183842,23.768803
24.22,7.2840695,65.599464,0.00027661957,0.025124237,23.768736
24.23,7.2849035,65.67161,0.00027176365,0.025075257,23.768665
24.24,7.2857356,65.74375,0.00026688166,0.02501364,23.768589
24.25,7.2865644,65.81588,0.00026229583,0.024954319,23.768518
24.26,7.2873907,65.88801,0.00025756098,0.024903372,23.768438
24.27,7.288211,65.96016,0.00025296584,0.024844825,23.768356
24.28,7.2890286,66.03229,0.00024824776,0.02478376,23.768293
24.29,7.2898393,66.104454,0.00024383143,0.024732202,23.768217
24.3,7.290651,66.176605,0.00023960508,0.024671823,23.768135
24.31,7.291456,66.24875,0.00023526885,0.024617732,23.768063
24.32,7.292259,66.320946,0.00023096427,0.02455914,23.767982
24.33,7.293058,66.39312,0.00022662804,0.024502054,23.76791
24.34,7.293855,66.46529,0.00022240728,0.024449155,23.767828
24.35,7.2946463,66.53749,0.00021867268,0.024385765,23.767746
24.36,7.295434,66.60966,0.00021448731,0.02432847,23.767668
24.37,7.2962203,66.68186,0.0002106335,0.0242728,23.767588
24.38,7.2970014,66.75406,0.0002067592,0.024213254,23.767506
24.39,7.29778,66.826256,0.00020291097,0.024157062,23.767424
24.4,7.298554,66.89846,0.00019934215,0.024106666,23.767338
24.41,7.299325,66.970665,0.00019563176,0.024043262,23.767263
24.42,7.3000937,67.04289,0.0001920592,0.023984313,23.76718
24.43,7.300858,67.115135,0.00018870085,0.023929894,23.767094
24.44,7.3016176,67.18736,0.00018524192,0.023870945,23.767006
24.45,7.302376,67.2596,0.00018161908,0.0238107,23.76692
24.46,7.3031282,67.331825,0.00017860904,0.023755074,23.766836
24.47,7.30388,67.4041,0.0001753401,0.023699269,23.766754
24.48,7.3046274,67.476364,0.00017232262,0.023645163,23.766665
24.49,7.3053713,67.54861,0.00016923249,0.023587674,23.766579
24.5,7.306113,67.620865,0.00016631186,0.023535043,23.76649
24.51,7.3068495,67.693146,0.00016327202,0.023471832,23.766405
24.52,7.3075824,67.765434,0.00016044267,0.023413315,23.766323
24.53,7.308311,67.83772,0.00015745871,0.023356304,23.766228
24.54,7.309038,67.91,0.0001551304,0.023304239,23.76614
24.55,7.30976,67.982285,0.00015244447,0.023247436,23.766047
24.56,7.3104825,68.05459,0.00014983676,0.023188367,23.765957
24.57,7.311201,68.126884,0.0001473222,0.02312757,23.765871
24.58,7.3119135,68.19922,0.00014508516,0.023077115,23.76578
24.59,7.3126245,68.27154,0.00014252402,0.023015052,23.765688
24.6,7.3133287,68.34386,0.00014038011,0.022957012,23.765587
24.61,7.314033,68.416214,0.00013837218,0.022903249,23.765501
24.62,7.314734,68.48854,0.00013636984,0.022844583,23.765404
24.63,7.3154297,68.56086,0.00013412349,0.022789344,23.765312
24.64,7.3161244,68.63324,0.00013236143,0.022734955,23.765226
24.65,7.3168144,68.7056,0.00013048947,0.022673681,23.765121
24.66,7.317503,68.77795,0.00012893602,0.022619188,23.76503
24.67,7.3181853,68.850334,0.00012700818,0.022566527,23.764929
24.68,7.318866,68.922714,0.00012537464,0.022506282,23.76484
24.69,7.319543,68.99511,0.00012388267,0.02244857,23.764748
24.7,7.320216,69.06749,0.00012241304,0.022393793,23.764647
24.71,7.320891,69.13986,0.00012084097,0.02233991,23.764545
24.72,7.321561,69.21227,0.000119516626,0.022282794,23.764452
24.73,7.3222237,69.28469,0.00011830218,0.022227839,23.76435
24.74,7.3228865,69.35712,0.00011706166,0.02217348,23.764256
24.75,7.323543,69.42951,0.00011597201,0.022114813,23.764162
24.76,7.3241987,69.501945,0.000114945695,0.02205576,23.76406
24.77,7.32485,69.57439,0.000114072114,0.0220007,23.763956
24.78,7.3255005,69.646866,0.00011329912,0.021950841,23.763855
24.79,7.326144,69.7193,0.00011233054,0.021890953,23.763758
24.8,7.326787,69.79174,0.00011164136,0.021834075,23.763662
24.81,7.327427,69.8642,0.000111114234,0.021776244,23.763554
24.82,7.3280625,69.93667,0.00011025369,0.021720365,23.763458
24.83,7.328697,70.00919,0.00010987185,0.021666348,23.763348
24.84,7.3293266,70.08166,0.00010932237,0.021614045,23.763245
24.85,7.3299537,70.154144,0.00010889396,0.021557957,23.763145
24.86,7.330577,70.226616,0.000108629465,0.021501169,23.763035
24.87,7.3311996,70.29913,0.00010837801,0.021444723,23.762934
24.88,7.331817,70.371635,0.00010845438,0.021391943,23.76283
24.89,7.3324313,70.44416,0.00010822527,0.021333605,23.762724
24.9,7.333041,70.51668,0.00010818988,0.021282718,23.762617
24.91,7.3336535,70.58924,0.00010829605,0.021227583,23.762512
24.92,7.334256,70.66175,0.000108199194,0.02117066,23.76241
24.93,7.3348594,70.734314,0.0001086127,0.02112493,23.762306
24.94,7.3354588,70.80688,0.00010879338,0.021062285,23.762197
24.95,7.3360534,70.879456,0.0001092162,0.021011382,23.762089
24.96,7.3366485,70.95199,0.00010957755,0.02095534,23.761978
24.97,7.337241,71.02459,0.00010991283,0.020908192,23.76187
24.98,7.337825,71.09716,0.00011023693,0.020851731,23.761755
24.99,7.3384113,71.16976,0.00011119619,0.020800337,23.761652
25.0,7.338991,71.24236,0.00011196174,0.02074039,23.761545
25.01,7.339571,71.314964,0.000112494454,0.020687789,23.761436
25.02,7.340145,71.387596,0.000113403425,0.020638466,23.761322
25.03,7.3407173,71.46021,0.00011452101,0.020580664,23.761213
25.04,7.3412876,71.53282,0.00011536479,0.020529136,23.761099
25.05,7.341854,71.60549,0.00011638552,0.020479366,23.760992
25.06,7.342417,71.67812,0.00011733547,0.02043219,23.760874
25.07,7.3429794,71.75076,0.00011844747,0.020372212,23.760763
25.08,7.3435364,71.82344,0.000119648874,0.020316377,23.76065
25.09,7.3440905,71.89612,0.00012090057,0.020268396,23.760538
25.1,7.3446417,71.96877,0.00012223609,0.020221114,23.76042
25.11,7.345192,72.0415,0.00012356602,0.020166546,23.760311
25.12,7.345738,72.11418,0.0001251772,0.020115405,23.760199
25.13,7.346281,72.18688,0.00012671389,0.020064086,23.760082
25.14,7.346822,72.25958,0.0001281593,0.020010859,23.759974
25.15,7.3473597,72.3323,0.00012993254,0.019960359,23.759857
25.16,7.3478937,72.40501,0.00013163872,0.019910455,23.759739
25.17,7.3484254,72.477776,0.0001333952,0.019859836,23.759624
25.18,7.3489537,72.55052,0.00013528205,0.019810155,23.759512
25.19,7.349483,72.62327,0.00013717264,0.01975976,23.759398
25.2,7.3500056,72.69604,0.00013902038,0.019720435,23.759275
25.21,7.350524,72.768776,0.00014119782,0.019656077,23.759157
25.22,7.3510413,72.84156,0.00014317967,0.019609094,23.759043
25.23,7.3515577,72.91432,0.00014527887,0.019560814,23.758923
25.24,7.3520694,72.98712,0.00014746562,0.019510597,23.758804
25.25,7.352578,73.05991,0.00014974363,0.019463465,23.758682
25.26,7.353085,73.13275,0.00015213713,0.019419,23.758568
25.27,7.3535857,73.20555,0.0001544822,0.019371182,23.758442
25.28,7.3540883,73.27837,0.0001568161,0.019326255,23.75833
25.29,7.354587,73.35121,0.00015924685,0.019275472,23.758211
25.3,7.355083,73.42404,0.00016197376,0.019225404,23.758093
25.31,7.355574,73.49691,0.00016413443,0.019185334,23.757969
25.32,7.3560624,73.56978,0.00016679987,0.0191316,23.757847
25.33,7.356553,73.642624,0.00016971864,0.019091114,23.757727
25.34,7.3570347,73.71553,0.00017245486,0.019043595,23.757608
25.35,7.357517,73.788414,0.00017507188,0.018995732,23.757477
25.36,7.3579965,73.86129,0.0001779832,0.018943459,23.757359
25.37,7.3584723,73.93419,0.00018049404,0.018898472,23.757233
25.38,7.358946,74.007095,0.00018374994,0.018864155,23.75711
25.39,7.3594155,74.08003,0.00018681772,0.018814087,23.756989
25.4,7.359884,74.15293,0.0001894664,0.018765196,23.756866
25.41,7.3603487,74.225876,0.00019256212,0.018723056,23.75674
25.42,7.3608108,74.29882,0.00019565597,0.018675297,23.756617
25.43,7.361272,74.37177,0.00019856542,0.018629417,23.756495
25.44,7.3617306,74.44474,0.00020181201,0.018590093,23.756372
25.45,7.362183,74.51774,0.00020514242,0.018547416,23.756254
25.46,7.362635,74.590706,0.00020845234,0.01850003,23.756128
25.47,7.363084,74.6637,0.0002116561,0.018457264,23.755995
25.48,7.3635325,74.73672,0.00021537021,0.01841624,23.755873
25.49,7.363976,74.80971,0.00021863915,0.018375725,23.75575
25.5,7.364418,74.88273,0.00022201054,0.018333524,23.755625
25.51,7.3648553,74.95575,0.00022539869,0.018290058,23.755493
25.52,7.3652916,75.02882,0.00022852421,0.018256724,23.755365
25.53,7.365727,75.101845,0.00023224205,0.0182112,23.755247
25.54,7.3661585,75.17492,0.00023584254,0.018174574,23.755114
25.55,7.3665843,75.24794,0.0002395846,0.018129796,23.754988
25.56,7.3670106,75.32104,0.00024323352,0.018091738,23.754856
25.57,7.367433,75.39412,0.00024683028,0.018050283,23.75474
25.58,7.367856,75.46721,0.0002504848,0.018013299,23.754606
25.59,7.3682733,75.54029,0.0002543144,0.017975494,23.754482
25.6,7.3686876,75.61341,0.00025815144,0.017932415,23.754349
25.61,7.3691,75.6865,0.0002620183,0.017893493,23.754225
25.62,7.369509,75.759636,0.00026560947,0.017861247,23.75409
25.63,7.3699183,75.83275,0.00026964024,0.017819747,23.753965
25.64,7.3703227,75.9059,0.0002734568,0.01778014,23.753832
25.65,7.370727,75.97909,0.0002773013,0.0177477,23.753702
25.66,7.371125,76.05223,0.00028121844,0.01770775,23.753578
25.67,7.3715215,76.12542,0.00028534234,0.017671347,23.753452
25.68,7.371918,76.198555,0.00028908066,0.017635971,23.753315
25.69,7.3723125,76.2718,0.00029306486,0.01759994,23.753181
25.7,7.3726997,76.34496,0.00029720552,0.01756683,23.753054
25.71,7.37309,76.418205,0.0003012959,0.017531306,23.752924
25.72,7.373475,76.49137,0.00030529872,0.017497212,23.752787
25.73,7.373857,76.56464,0.00030963682,0.017462507,23.75266
25.74,7.3742366,76.637856,0.00031336583,0.017431483,23.75253
25.75,7.374613,76.71111,0.00031765178,0.01740238,23.752392
25.76,7.374988,76.78438,0.00032205135,0.017364874,23.752262
25.77,7.3753633,76.85763,0.00032601133,0.017332003,23.752132
25.78,7.3757315,76.930954,0.0003303904,0.017302424,23.751997
25.79,7.376103,77.00421,0.00033424236,0.017266557,23.751871
25.8,7.376466,77.07749,0.00033881515,0.017237306,23.751736
25.81,7.3768306,77.150795,0.00034292974,0.017205775,23.751604
25.82,7.377189,77.22409,0.00034676492,0.01717636,23.751469
25.83,7.3775506,77.2974,0.00035133958,0.017144382,23.751339
25.84,7.3779063,77.370766,0.00035546906,0.017115489,23.751204
25.85,7.37826,77.44412,0.0003599096,0.017089978,23.751066
25.86,7.3786097,77.51747,0.00036420487,0.01706013,23.75094
25.87,7.37896,77.59085,0.0003682822,0.017036825,23.750805
25.88,7.379308,77.66417,0.00037269294,0.017006397,23.750671
25.89,7.379649,77.73754,0.000376923,0.016975418,23.75054
25.9,7.379991,77.810936,0.00038112514,0.016950607,23.750408
25.91,7.380332,77.88435,0.00038558245,0.016922757,23.750267
25.92,7.380667,77.95777,0.00038990937,0.016902432,23.750141
25.93,7.381005,78.03119,0.0003943052,0.016874164,23.75
25.94,7.381338,78.10461,0.00039855763,0.016852036,23.749863
25.95,7.381668,78.17804,0.0004027933,0.016824841,23.749735
25.96,7.3819947,78.251465,0.00040732883,0.01679793,23.749603
25.97,7.3823204,78.32494,0.00041163526,0.016775593,23.749464
25.98,7.382641,78.3984,0.00041575544,0.01675795,23.749327
25.99,7.382964,78.471924,0.00042034872,0.016735911,23.749186
26.0,7.3832817,78.54537,0.000424359,0.016709775,23.749062
26.01,7.383598,78.61888,0.0004286524,0.01668264,23.748922
26.02,7.383911,78.692375,0.00043290108,0.016661122,23.748787
26.03,7.384223,78.7659,0.0004374329,0.01664108,23.748653
26.04,7.384534,78.839386,0.0004415661,0.016624406,23.748514
26.05,7.38484,78.912895,0.00044585392,0.016603887,23.748383
26.06,7.385149,78.98648,0.00045025535,0.016581371,23.748241
26.07,7.385451,79.06001,0.0004546456,0.016564712,23.748112
26.08,7.38575,79.13358,0.0004587695,0.016549096,23.747974
26.09,7.386048,79.20715,0.00046293624,0.016532376,23.747839
26.1,7.3863435,79.28074,0.00046733394,0.016515702,23.747698
26.11,7.3866353,79.35431,0.00047149137,0.016492635,23.74756
26.12,7.38693,79.42795,0.0004757177,0.016478464,23.747435
26.13,7.38722,79.50155,0.00047983974,0.016467124,23.747295
26.14,7.3875055,79.57515,0.000484135,0.016447932,23.747158
26.15,7.3877916,79.64874,0.0004882384,0.016434029,23.747025
26.16,7.388076,79.72241,0.00049236976,0.016417518,23.746885
26.17,7.3883567,79.79605,0.0004962459,0.016401932,23.746746
26.18,7.3886337,79.869705,0.0005008839,0.016387641,23.746607
26.19,7.3889127,79.9434,0.00050502457,0.016370505,23.746473
26.2,7.389187,80.017044,0.0005088728,0.016363248,23.746344
26.21,7.38946,80.09074,0.0005129073,0.016349956,23.746204
26.22,7.3897285,80.164444,0.0005169641,0.016341358,23.746073
26.23,7.389995,80.238144,0.00052105635,0.016328275,23.745932
26.24,7.3902636,80.31183,0.000524953,0.016321272,23.745798
26.25,7.390527,80.385544,0.000528872,0.016308203,23.745663
26.26,7.3907866,80.45929,0.00053294376,0.016298667,23.745525
26.27,7.391049,80.533066,0.00053675286,0.016290992,23.74538
26.28,7.391306,80.6068,0.0005405694,0.016284958,23.745249
26.29,7.391561,80.68057,0.0005444456,0.016275838,23.74512
26.3,7.391814,80.754326,0.00054849125,0.016270876,23.744978
26.31,7.3920636,80.828125,0.0005519744,0.016263887,23.744844
26.32,7.3923144,80.90188,0.00055594556,0.016258925,23.744703
26.33,7.3925614,80.97569,0.0005596392,0.016251266,23.74456
26.34,7.3928094,81.04951,0.00056345016,0.016246974,23.744434
26.35,7.39305,81.12332,0.0005670376,0.016241387,23.744295
26.36,7.393292,81.197174,0.00057091936,0.016237542,23.744164
26.37,7.393529,81.271,0.00057448447,0.01623474,23.744015
26.38,7.393767,81.34483,0.000578139,0.016230986,23.743883
26.39,7.394003,81.4187,0.00058159605,0.016229168,23.743744
26.4,7.394235,81.492584,0.0005849749,0.016221106,23.743616
26.41,7.394467,81.56644,0.00058863126,0.01622215,23.743473
26.42,7.394694,81.64031,0.00059216097,0.016225874,23.743338
26.43,7.3949223,81.71421,0.000595415,0.016215473,23.743206
26.44,7.3951483,81.78814,0.0005988907,0.016223267,23.743065
26.45,7.3953714,81.862015,0.0006022826,0.016224727,23.742931
26.46,7.395592,81.93593,0.00060547516,0.016226694,23.742798
26.47,7.395811,82.00987,0.00060872734,0.016224384,23.742657
26.48,7.3960295,82.083824,0.0006118268,0.016227305,23.742517
26.49,7.3962464,82.15773,0.0006151423,0.016231418,23.742378
26.5,7.3964605,82.23171,0.000618238,0.016235903,23.74225
26.51,7.39667,82.30567,0.00062136725,0.01623547,23.742113
26.52,7.3968782,82.379654,0.0006243475,0.01624003,23.741972
26.53,7.397088,82.45366,0.0006272141,0.016248643,23.74184
26.54,7.397294,82.52763,0.0006302763,0.016253605,23.741701
26.55,7.397496,82.60164,0.00063313916,0.016258836,23.741571
26.56,7.3976994,82.67564,0.00063620694,0.016267657,23.74143
26.57,7.3978987,82.74965,0.00063883513,0.016275197,23.741297
26.58,7.398097,82.82369,0.00064147264,0.016285792,23.741167
26.59,7.398294,82.8977,0.00064434856,0.016288802,23.741032
26.6,7.3984885,82.97178,0.0006470289,0.016294688,23.740892
26.61,7.398681,83.04584,0.0006497707,0.016307175,23.740753
26.62,7.3988748,83.119896,0.0006523151,0.016316637,23.740627
26.63,7.399063,83.19396,0.00065485947,0.016328812,23.740486
26.64,7.3992515,83.26805,0.00065718964,0.016347617,23.740355
26.65,7.3994355,83.34216,0.0006597135,0.016356498,23.740225
26.66,7.39962,83.416275,0.000662053,0.0163631,23.740088
26.67,7.399802,83.490364,0.00066416897,0.016378269,23.739956
26.68,7.3999805,83.56449,0.00066664815,0.016387954,23.739817
26.69,7.4001594,83.63862,0.000668779,0.01640366,23.739683
26.7,7.4003367,83.712746,0.0006710738,0.01641956,23.73955
26.71,7.4005094,83.78689,0.00067301095,0.016433626,23.739414
26.72,7.400685,83.86105,0.000675017,0.016451508,23.739275
26.73,7.400856,83.93523,0.00067724474,0.01646471,23.739153
26.74,7.401024,84.0094,0.00067922287,0.016476437,23.739025
26.75,7.401191,84.08355,0.0006807968,0.01649931,23.73889
26.76,7.401359,84.15776,0.0006827172,0.016518816,23.73875
26.77,7.401523,84.231964,0.00068435445,0.01653406,23.738623
26.78,7.4016857,84.30618,0.00068613514,0.016553909,23.738483
26.79,7.401846,84.380394,0.000688022,0.01657395,23.738354
26.8,7.402006,84.45459,0.00068944134,0.016591117,23.73822
26.81,7.402165,84.52883,0.00069120154,0.016617283,23.738087
26.82,7.4023194,84.60308,0.00069227256,0.016636968,23.737957
26.83,7.4024734,84.67732,0.0006939303,0.016655251,23.737825
26.84,7.4026265,84.7516,0.00069531426,0.01668188,23.737692
26.85,7.4027786,84.82586,0.0006966125,0.01670006,23.73757
26.86,7.402928,84.90013,0.00069770217,0.016723052,23.73743
26.87,7.4030743,84.97442,0.0006991029,0.01675056,23.737297
26.88,7.4032216,85.048706,0.0007002223,0.016776308,23.737167
26.89,7.403365,85.122986,0.00070124865,0.016799435,23.737026
26.9,7.4035063,85.19731,0.0007020626,0.016823724,23.736912
26.91,7.403649,85.27166,0.0007032696,0.016852811,23.736776
26.92,7.4037886,85.345955,0.0007037986,0.016872704,23.736649
26.93,7.403927,85.4203,0.0007048473,0.016905472,23.736513
26.94,7.404065,85.49466,0.00070544146,0.016932562,23.73639
26.95,7.4041963,85.56897,0.0007064063,0.016957298,23.73626
26.96,7.4043303,85.643326,0.0007065926,0.016984731,23.736124
26.97,7.4044614,85.717674,0.00070746616,0.017021209,23.736006
26.98,7.404591,85.792046,0.00070804916,0.017047122,23.735868
26.99,7.404721,85.86647,0.00070839,0.017075181,23.735743
27.0,7.404847,85.94085,0.00070892647,0.017102808,23.735622
27.01,7.4049716,86.015236,0.0007092152,0.017132998,23.735483
27.02,7.4050994,86.08963,0.0007092748,0.017169192,23.735365
27.03,7.4052176,86.164085,0.0007093344,0.017201737,23.735233
27.04,7.405338,86.23848,0.0007095188,0.017232701,23.735104
27.05,7.4054575,86.3129,0.00070971996,0.017264396,23.73498
27.06,7.4055777,86.38736,0.0007097069,0.017303288,23.734856
27.07,7.4056916,86.46178,0.00070941076,0.017334178,23.734728
27.08,7.4058056,86.53623,0.00070959143,0.017368942,23.734596
27.09,7.4059205,86.61069,0.0007091481,0.017399356,23.734476
27.1,7.4060326,86.685135,0.0007089693,0.0174395,23.734346
27.11,7.406142,86.759636,0.0007087365,0.017468974,23.73422
27.12,7.4062524,86.83411,0.00070839375,0.017512262,23.734093
27.13,7.4063587,86.908585,0.0007075891,0.017548129,23.733969
27.14,7.406465,86.98307,0.0007072147,0.017587438,23.733847
27.15,7.406569,87.05758,0.00070660934,0.017628685,23.733719
27.16,7.4066715,87.13211,0.0007059369,0.017663896,23.7336
27.17,7.406771,87.206635,0.000705149,0.017696843,23.733473
27.18,7.4068737,87.28118,0.0007045269,0.017736226,23.733343
27.19,7.406974,87.35569,0.000703536,0.017775625,23.733229
27.2,7.4070683,87.430244,0.0007029027,0.017819464,23.733097
27.21,7.407166,87.50478,0.0007015094,0.017860532,23.732979
27.22,7.40726,87.579315,0.00070072897,0.01789695,23.732855
27.23,7.407353,87.65391,0.0006995499,0.017938077,23.732735
27.24,7.407446,87.72846,0.0006982926,0.017979965,23.732615
27.25,7.407535,87.803055,0.0006968472,0.01802355,23.732496
27.26,7.4076247,87.877594,0.0006958842,0.018071264,23.732367
27.27,7.407711,87.9522,0.0006945785,0.018107072,23.732246
27.28,7.407798,88.02678,0.00069283135,0.018151507,23.732126
27.29,7.407882,88.10142,0.0006913934,0.018198282,23.732002
27.3,7.4079676,88.17601,0.0006896965,0.018239424,23.731888
27.31,7.408049,88.250626,0.0006882269,0.018284947,23.731768
27.32,7.408129,88.32523,0.00068645924,0.018329397,23.731653
27.33,7.4082084,88.3999,0.0006848406,0.018373162,23.731525
27.34,7.40829,88.4745,0.000683194,0.018420205,23.731405
27.35,7.408365,88.54915,0.0006812848,0.018465862,23.73129
27.36,7.4084415,88.62381,0.0006793458,0.018513486,23.731169
27.37,7.408515,88.69844,0.0006774012,0.01855889,23.731056
27.38,7.4085875,88.773094,0.000675343,0.01860629,23.730938
27.39,7.4086595,88.84779,0.00067287683,0.018655911,23.73082
27.4,7.40873,88.922485,0.00067089684,0.01869975,23.730705
27.41,7.4088,88.997154,0.00066901743,0.018745452,23.730595
27.42,7.408868,89.07182,0.0006665904,0.018800527,23.73047
27.43,7.408935,89.146545,0.0006640982,0.018848032,23.730352
27.44,7.4089994,89.22122,0.0006614756,0.018893585,23.73024
27.45,7.4090643,89.295906,0.0006594211,0.018943518,23.730133
27.46,7.4091287,89.37062,0.0006565284,0.018993884,23.73001
27.47,7.4091897,89.44536,0.0006540548,0.019040182,23.729898
27.48,7.4092503,89.52007,0.0006511975,0.019090235,23.729784
27.49,7.40931,89.59483,0.0006484017,0.019138485,23.729673
27.5,7.409368,89.669586,0.00064574555,0.019194141,23.729553
27.51,7.4094257,89.74428,0.0006431248,0.019239932,23.729445
27.52,7.409482,89.819046,0.000640478,0.01929371,23.72933
27.53,7.4095335,89.893814,0.0006373599,0.019347325,23.729221
27.54,7.4095883,89.96859,0.00063434243,0.019396573,23.729107
27.55,7.40964,90.04333,0.0006310586,0.019446,23.728992
27.56,7.4096923,90.11808,0.0006281808,0.019500643,23.728886
27.57,7.409743,90.19289,0.000625154,0.019546136,23.728777
27.58,7.4097915,90.26766,0.0006218385,0.01960273,23.728662
27.59,7.409837,90.342445,0.0006187111,0.01965499,23.72856
27.6,7.4098864,90.41724,0.0006152652,0.019706815,23.728449
27.61,7.4099307,90.492035,0.00061206706,0.01976484,23.72834
27.62,7.409973,90.56684,0.000608474,0.019816473,23.728233
27.63,7.410017,90.64162,0.00060512125,0.019869953,23.728119
27.64,7.410056,90.71644,0.0006015729,0.019919679,23.728018
27.65,7.4100976,90.7913,0.0005980097,0.019974127,23.727907
27.66,7.410137,90.86611,0.0005943496,0.020025268,23.727798
27.67,7.410177,90.94092,0.00059066527,0.020074874,23.727688
27.68,7.410214,91.01577,0.00058698095,0.020129323,23.727583
27.69,7.4102526,91.090614,0.0005834196,0.020187214,23.727486
27.7,7.410286,91.16544,0.000579739,0.020241186,23.727377
27.71,7.410319,91.24032,0.0005759336,0.020295769,23.727274
27.72,7.4103527,91.31515,0.00057205744,0.020345658,23.727173
27.73,7.4103866,91.39001,0.0005681161,0.020400494,23.72706
27.74,7.410416,91.46489,0.000563981,0.020450518,23.726955
27.75,7.4104447,91.539734,0.00056015886,0.020504072,23.726856
27.76,7.4104724,91.6146,0.0005559642,0.020556271,23.726759
27.77,7.410501,91.68948,0.0005521588,0.02061385,23.726646
27.78,7.4105287,91.764366,0.0005478021,0.020672321,23.726543
27.79,7.410554,91.83927,0.0005435422,0.020723313,23.726446
27.8,7.410579,91.91412,0.00053962134,0.020778611,23.726341
27.81,7.4106026,91.98901,0.00053521246,0.020832434,23.726234
27.82,7.410624,92.06393,0.00053108856,0.020883292,23.726137
27.83,7.410645,92.13876,0.000526784,0.020937905,23.726044
27.84,7.410666,92.21373,0.00052219257,0.020986333,23.725943
27.85,7.410686,92.288635,0.0005180575,0.021046698,23.725847
27.86,7.410702,92.36351,0.0005135797,0.021100909,23.72574
27.87,7.4107227,92.43846,0.0005091727,0.021154255,23.725647
27.88,7.4107366,92.51337,0.00050466694,0.02120635,23.725546
27.89,7.4107513,92.5883,0.00050015375,0.021255523,23.725449
27.9,7.410766,92.66323,0.000495784,0.021311313,23.725359
27.91,7.4107795,92.73815,0.00049116835,0.021364048,23.725262
27.92,7.410791,92.81306,0.00048640184,0.021413818,23.725159
27.93,7.410804,92.887985,0.00048214756,0.021470755,23.725054
27.94,7.4108133,92.96296,0.00047750399,0.02152048,23.724966
27.95,7.4108195,93.03792,0.00047307462,0.02157554,23.724874
27.96,7.41083,93.11285,0.0004680585,0.021622717,23.724781
27.97,7.4108367,93.18779,0.0004634522,0.021674842,23.724688
27.98,7.410842,93.26274,0.00045869313,0.021724075,23.724598
27.99,7.4108467,93.337685,0.0004539229,0.021781027,23.724497
28.0,7.4108543,93.412636,0.0004494395,0.0218281,23.72441
28.01,7.4108562,93.48762,0.00044464134,0.021881208,23.72432
28.02,7.4108605,93.56258,0.0004398115,0.021931246,23.72422
28.03,7.410861,93.637535,0.00043493696,0.021984905,23.724125
28.04,7.4108624,93.7125,0.00043022633,0.02202624,23.724043
28.05,7.410862,93.78748,0.0004254114,0.022084743,23.723946
28.06,7.4108605,93.86241,0.00042070262,0.02212882,23.723864
28.07,7.410855,93.93744,0.0004155878,0.022182792,23.72377
28.08,7.410856,94.01243,0.00041080453,0.022225037,23.723684
28.09,7.41085,94.08736,0.0004059095,0.022274733,23.723593
28.1,7.410845,94.162384,0.0004010368,0.022324562,23.723505
28.11,7.410841,94.237366,0.00039605238,0.022371411,23.723423
28.12,7.410833,94.31234,0.00039133616,0.022414878,23.723326
28.13,7.410824,94.3873,0.00038612448,0.02245915,23.723242
28.14,7.410817,94.46227,0.00038133562,0.022509784,23.72315
28.15,7.4108076,94.53729,0.0003763046,0.022555083,23.723078
28.16,7.410797,94.612305,0.00037143752,0.022598803,23.722979
28.17,7.410783,94.68726,0.00036681443,0.022646397,23.7229
28.18,7.410771,94.76227,0.00036168657,0.022689879,23.722816
28.19,7.4107604,94.837234,0.00035681576,0.022732511,23.722729
28.2,7.410744,94.91223,0.0003517121,0.022780687,23.72265
28.21,7.4107294,94.98723,0.0003469009,0.022818387,23.722559
28.22,7.4107137,95.062195,0.00034210645,0.022863269,23.722486
28.23,7.410695,95.13721,0.00033713132,0.022902489,23.7224
28.24,7.410678,95.212166,0.00033232756,0.022945777,23.722313
28.25,7.41066,95.28716,0.00032718293,0.02298449,23.722242
28.26,7.41064,95.36218,0.0003226418,0.023027241,23.722162
28.27,7.4106207,95.4372,0.0003178455,0.023062572,23.722078
28.28,7.4105983,95.51216,0.00031281635,0.023101479,23.721998
28.29,7.4105783,95.587166,0.0003078878,0.023144975,23.721918
28.3,7.410555,95.66209,0.00030312687,0.023179635,23.721846
28.31,7.410531,95.737114,0.00029826723,0.023217216,23.721756
28.32,7.4105062,95.812126,0.00029370375,0.023252279,23.721682
28.33,7.4104795,95.88712,0.0002887342,0.023288816,23.721601
28.34,7.4104533,95.962135,0.000284113,0.023322731,23.721529
28.35,7.4104276,96.03712,0.00027920492,0.023359284,23.721447
28.36,7.4103994,96.11209,0.00027438812,0.023389906,23.721367
28.37,7.4103675,96.18707,0.0002697017,0.023425385,23.72129
28.38,7.4103384,96.26203,0.00026498176,0.023460254,23.721228
28.39,7.410309,96.33706,0.00026041642,0.023492128,23.721146
28.4,7.410277,96.41202,0.00025576726,0.023523793,23.721071
28.41,7.410245,96.487,0.0002512224,0.023550123,23.721003
28.42,7.4102116,96.56201,0.00024648383,0.023576647,23.720928
28.43,7.410177,96.63694,0.00024211966,0.023607165,23.72085
28.44,7.4101424,96.71192,0.00023758225,0.023634851,23.720776
28.45,7.410105,96.78693,0.00023284368,0.02366303,23.720705
28.46,7.4100695,96.86188,0.00022866577,0.023689657,23.720634
28.47,7.4100323,96.93682,0.00022402592,0.023718521,23.720568
28.48,7.4099946,97.01174,0.00021980144,0.023740321,23.720491
28.49,7.409954,97.08676,0.00021527894,0.023761436,23.720425
28.5,7.409915,97.16168,0.00021092221,0.023787975,23.720354
28.51,7.4098744,97.23662,0.00020641461,0.023811072,23.720287
28.52,7.4098344,97.311584,0.00020252354,0.023835659,23.720213
28.53,7.4097915,97.38651,0.0001983475,0.023849294,23.720142
28.54,7.409748,97.46148,0.00019413233,0.023869991,23.72008
28.55,7.4097033,97.536385,0.00018993206,0.023891136,23.720015
28.56,7.409659,97.611305,0.00018579327,0.023907691,23.719938
28.57,7.409613,97.68626,0.00018202141,0.023924455,23.719877
28.58,7.409569,97.76114,0.00017776899,0.02394168,23.71981
28.59,7.4095216,97.83608,0.00017371587,0.023957267,23.719744
28.6,7.4094715,97.91099,0.00016983226,0.023973092,23.719675
28.61,7.4094257,97.985886,0.00016593933,0.023985013,23.719616
28.62,7.409373,98.06083,0.00016218983,0.023999512,23.719543
28.63,7.4093237,98.135666,0.00015855394,0.02400671,23.719484
28.64,7.4092717,98.21058,0.00015457906,0.02401787,23.719418
28.65,7.4092193,98.285446,0.00015106983,0.02402632,23.719355
28.66,7.4091697,98.36034,0.00014728308,0.024036989,23.719294
28.67,7.409115,98.43518,0.00014401414,0.02404359,23.719238
28.68,7.4090605,98.51001,0.00014022179,0.024047077,23.719177
28.69,7.409007,98.58488,0.00013683178,0.024058565,23.719109
28.7,7.4089494,98.65972,0.00013367645,0.024063393,23.719046
28.71,7.4088936,98.73454,0.0001300089,0.024066806,23.718985
28.72,7.408835,98.809395,0.00012698397,0.024072707,23.71893
28.73,7.408777,98.88418,0.00012363307,0.024074793,23.718868
28.74,7.4087186,98.95901,0.00012046285,0.02407442,23.7188
28.75,7.4086604,99.0338,0.000117274,0.024076745,23.718746
28.76,7.408597,99.1086,0.000114234164,0.024074793,23.718681
28.77,7.4085374,99.18333,0.000111663714,0.02407287,23.718622
28.78,7.408476,99.25819,0.00010838546,0.024065495,23.71857
28.79,7.408413,99.33292,0.00010558218,0.024062723,23.718523
28.8,7.408347,99.40764,0.00010257773,0.024060637,23.718464
28.81,7.4082866,99.48241,0.00010022707,0.024051383,23.718401
28.82,7.408219,99.55712,9.737909e-05,0.024050444,23.718351
28.83,7.4081535,99.63188,9.4862655e-05,0.024039462,23.718288
28.84,7.4080853,99.70653,9.226613e-05,0.024027914,23.718235
28.85,7.408021,99.78123,8.984096e-05,0.024016604,23.718185
28.86,7.4079514,99.85594,8.773804e-05,0.02400817,23.718128
28.87,7.4078817,99.93059,8.519553e-05,0.023992449,23.718079
28.88,7.407814,100.00525,8.2757324e-05,0.023977876,23.718033
28.89,7.407744,100.079895,8.078851e-05,0.023967728,23.717974
28.9,7.4076734,100.15453,7.852353e-05,0.023952544,23.71792
28.91,7.407601,100.22916,7.667951e-05,0.023932591,23.717867
28.92,7.4075303,100.30374,7.4667856e-05,0.023916036,23.717813
28.93,7.4074564,100.37833,7.2905794e-05,0.023905799,23.717766
28.94,7.40738,100.45296,7.0899725e-05,0.023883387,23.717716
28.95,7.4073076,100.5275,6.937422e-05,0.023863882,23.717667
28.96,7.4072313,100.601974,6.7731366e-05,0.023842514,23.717604
28.97,7.407156,100.676544,6.608851e-05,0.023811847,23.71756
28.98,7.4070783,100.75106,6.440468e-05,0.023793742,23.717512
28.99,7.4070015,100.825554,6.316602e-05,0.023766503,23.717468
29.0,7.4069233,100.90002,6.1906874e-05,0.023740202,23.717413
29.01,7.4068446,100.97448,6.0519204e-05,0.023721844,23.71736
29.02,7.406767,101.048935,5.9381127e-05,0.023697793,23.717316
29.03,7.406684,101.123344,5.846843e-05,0.023661524,23.717272
29.04,7.4066033,101.19776,5.727075e-05,0.023635611,23.717222
29.05,7.4065228,101.27218,5.6423247e-05,0.023607954,23.71718
29.06,7.4064407,101.346535,5.5462122e-05,0.023573145,23.717134
29.07,7.4063587,101.420845,5.472824e-05,0.023540035,23.717085
29.08,7.4062753,101.49518,5.4134056e-05,0.023510262,23.717031
29.09,7.4061904,101.56951,5.3402036e-05,0.023474827,23.717003
29.1,7.406106,101.643814,5.269237e-05,0.023441806,23.71695
29.11,7.40602,101.718056,5.2409247e-05,0.023405686,23.716908
29.12,7.405935,101.79235,5.2014366e-05,0.023373306,23.716858
29.13,7.405847,101.86652,5.165115e-05,0.023334712,23.716818
29.14,7.40576,101.94074,5.1675364e-05,0.023294315,23.716778
29.15,7.405674,102.01491,5.1246956e-05,0.023255736,23.716734
29.16,7.4055834,102.08907,5.1353127e-05,0.023216292,23.716688
29.17,7.4054933,102.16324,5.1386654e-05,0.02317901,23.716652
29.18,7.405404,102.2373,5.1505864e-05,0.023136616,23.716604
29.19,7.405315,102.31141,5.186908e-05,0.023094729,23.716566
29.2,7.4052243,102.38549,5.1870942e-05,0.023047656,23.716522
29.21,7.4051313,102.45948,5.224347e-05,0.023007512,23.71648
29.22,7.40504,102.53349,5.2858144e-05,0.022965267,23.716446
29.23,7.4049454,102.607475,5.3519383e-05,0.022917807,23.716398
29.24,7.404852,102.68143,5.4063275e-05,0.022876829,23.716366
29.25,7.4047565,102.75535,5.4949895e-05,0.02282527,23.716322
29.26,7.4046655,102.829254,5.571544e-05,0.022778824,23.716284
29.27,7.404568,102.90311,5.6315213e-05,0.022736996,23.716248
29.28,7.4044733,102.97693,5.7494268e-05,0.02268736,23.716204
29.29,7.4043756,103.05074,5.8514997e-05,0.022640884,23.716164
29.3,7.4042807,103.124535,5.9610233e-05,0.022590399,23.716125
29.31,7.404181,103.19826,6.073527e-05,0.022538558,23.716093
29.32,7.4040847,103.27198,6.212108e-05,0.022490114,23.716055
29.33,7.4039865,103.34567,6.3681975e-05,0.02244091,23.716017
29.34,7.4038877,103.41932,6.471202e-05,0.022387788,23.715979
29.35,7.403787,103.492935,6.643124e-05,0.0223348,23.715946
29.36,7.403688,103.566505,6.795861e-05,0.022282854,23.71591
29.37,7.4035883,103.64006,6.979145e-05,0.022232324,23.715868
29.38,7.403484,103.713554,7.143244e-05,0.022184491,23.715832
29.39,7.4033847,103.78705,7.360615e-05,0.022124037,23.715813
29.4,7.4032836,103.86049,7.522851e-05,0.022077993,23.715765
29.41,7.4031825,103.933876,7.7076256e-05,0.022022128,23.715734
29.42,7.403079,104.00726,7.936731e-05,0.021969363,23.715696
29.43,7.4029756,104.080605,8.1434846e-05,0.021914676,23.715666
29.44,7.402873,104.15391,8.350611e-05,0.02185978,23.715626
29.45,7.4027677,104.22717,8.5687265e-05,0.02180782,23.715605
29.46,7.4026628,104.300385,8.8060275e-05,0.021754697,23.71556
29.47,7.4025583,104.37355,9.094924e-05,0.021697715,23.715527
29.48,7.4024525,104.44669,9.33744e-05,0.021649048,23.7155
29.49,7.402346,104.51975,9.601563e-05,0.021592304,23.715454
29.5,7.4022427,104.59286,9.879097e-05,0.021537378,23.715422
29.51,7.402132,104.665825,0.00010123104,0.021487743,23.715397
29.52,7.402029,104.7388,0.000104214996,0.021426797,23.715366
29.53,7.401919,104.81172,0.000106846914,0.021378264,23.715334
29.54,7.4018126,104.8846,0.00010991283,0.02132681,23.715305
29.55,7.4017043,104.95744,0.00011295825,0.021269739,23.71527
29.56,7.4015946,105.03023,0.00011590682,0.021217868,23.715237
29.57,7.4014854,105.10296,0.000119339675,0.021162257,23.71521
29.58,7.401378,105.17567,0.00012255833,0.021112517,23.71518
29.59,7.401268,105.24834,0.00012565032,0.021058753,23.715147
29.6,7.401158,105.32089,0.0001289472,0.021008343,23.715113
29.61,7.4010487,105.393456,0.00013251789,0.020957187,23.71508
29.62,7.4009376,105.46596,0.00013593026,0.020902812,23.715063
29.63,7.400829,105.53839,0.00013928302,0.020850822,23.715027
29.64,7.400715,105.61079,0.00014291517,0.020804897,23.714998
29.65,7.400605,105.683136,0.00014691241,0.020754904,23.714962
29.66,7.4004965,105.75543,0.00015032664,0.020707011,23.714935
29.67,7.4003835,105.82766,0.00015414692,0.020654961,23.714914
29.68,7.400271,105.89987,0.00015796535,0.02060929,23.714876
29.69,7.4001603,105.97203,0.00016182475,0.020567715,23.714853
29.7,7.400049,106.04405,0.00016556308,0.020518929,23.714817
29.71,7.399936,106.11607,0.000169551,0.020473287,23.714788
29.72,7.3998237,106.18806,0.00017340109,0.02043137,23.714766
29.73,7.3997107,106.25998,0.00017774291,0.020391345,23.714733
29.74,7.3995976,106.33181,0.00018167496,0.020348117,23.714705
29.75,7.3994827,106.40362,0.00018572062,0.020306438,23.714672
29.76,7.399374,106.475334,0.0001901947,0.020265609,23.71465
29.77,7.39926,106.54698,0.00019445457,0.020226613,23.714626
29.78,7.3991475,106.618614,0.00019850954,0.020191163,23.7146
29.79,7.3990335,106.69013,0.00020294823,0.020152673,23.714573
29.8,7.3989186,106.761635,0.00020698272,0.020121709,23.714537
29.81,7.3988047,106.83305,0.00021171197,0.020088851,23.71451
29.82,7.3986897,106.904434,0.0002163481,0.020054936,23.714481
29.83,7.398576,106.97571,0.00022060424,0.020027742,23.714457
29.84,7.3984632,107.04694,0.00022483803,0.019994527,23.714432
29.85,7.398349,107.11806,0.00022943504,0.019965857,23.714401
29.86,7.398235,107.18923,0.00023405626,0.01993902,23.714378
29.87,7.398119,107.26022,0.00023853779,0.019916147,23.714348
29.88,7.3980083,107.33113,0.00024309754,0.01989311,23.714323
29.89,7.397894,107.40207,0.0002476517,0.019872338,23.714296
29.9,7.39778,107.472916,0.00025242195,0.019854441,23.714273
29.91,7.3976655,107.5436,0.00025709346,0.01983355,23.714241
29.92,7.3975544,107.61429,0.0002617892,0.019819736,23.714214
29.93,7.3974395,107.68494,0.00026648678,0.019803762,23.714191
29.94,7.3973265,107.75543,0.00027135015,0.019798353,23.714157
29.95,7.3972154,107.825905,0.00027577765,0.019787282,23.714134
29.96,7.3971004,107.8963,0.0002805777,0.019775331,23.714104
29.97,7.396986,107.96655,0.00028518774,0.019774958,23.71408
29.98,7.396875,108.0368,0.00028996542,0.019769624,23.714058
29.99,7.3967605,108.106926,0.0002948083,0.019770026,23.714025
30.0,7.396648,108.17701,0.0002995748,0.019771174,23.713997
30.01,7.396536,108.24706,0.00030441023,0.019774005,23.713978
30.02,7.396423,108.31692,0.00030898303,0.019780159,23.713955
30.03,7.39631,108.386795,0.00031388365,0.01978466,23.713926
30.04,7.3961987,108.45656,0.0003186725,0.019802436,23.713902
30.05,7.396087,108.52617,0.00032332353,0.019813135,23.713871
30.06,7.3959765,108.5958,0.00032822415,0.019832239,23.713844
30.07,7.395865,108.665306,0.00033306144,0.019849822,23.713821
30.08,7.395754,108.73477,0.0003374219,0.01986961,23.713795
30.09,7.395644,108.80406,0.00034234673,0.019896,23.713768
30.1,7.3955345,108.87334,0.0003470797,0.019926682,23.713737
30.11,7.3954234,108.94248,0.00035156496,0.019958064,23.713707
30.12,7.3953133,109.01157,0.00035630912,0.01999192,23.713684
30.13,7.3952026,109.08056,0.00036105886,0.020025522,23.713655
30.14,7.3950973,109.14949,0.00036571547,0.020065188,23.713627
30.15,7.394987,109.21831,0.0003699921,0.020109996,23.7136
30.16,7.3948774,109.28702,0.0003748443,0.020155653,23.713577
30.17,7.39477,109.35565,0.0003792122,0.020205691,23.713545
30.18,7.394662,109.424225,0.00038386695,0.02025278,23.713522
30.19,7.3945565,109.492676,0.00038828515,0.020311698,23.71349
30.2,7.394447,109.56101,0.00039282255,0.020369768,23.713469
30.21,7.3943424,109.629295,0.00039714202,0.020436734,23.713436
30.22,7.3942366,109.69744,0.00040156022,0.020497262,23.713413
30.23,7.3941283,109.765526,0.0004057195,0.02057089,23.713387
30.24,7.3940253,109.83352,0.0004100874,0.02064541,23.713362
30.25,7.393922,109.901375,0.00041439384,0.02072227,23.713335
30.26,7.393816,109.9692,0.0004184097,0.020799384,23.713303
30.27,7.393716,110.0369,0.00042254664,0.020879433,23.71328
30.28,7.3936124,110.10449,0.0004266724,0.020969912,23.713247
30.29,7.3935084,110.17197,0.00043085217,0.02106221,23.71322
30.3,7.3934045,110.23935,0.0004348755,0.021156877,23.713184
30.31,7.393306,110.30665,0.00043890812,0.021256074,23.713165
30.32,7.393204,110.37382,0.00044268928,0.021361366,23.71314
30.33,7.393105,110.44088,0.0004463829,0.021469414,23.713097
30.34,7.393005,110.50786,0.00045032986,0.021579877,23.71307
30.35,7.3929057,110.57476,0.00045382231,0.021695897,23.713045
30.36,7.3928065,110.641525,0.0004576333,0.021817029,23.713024
30.37,7.392708,110.708206,0.00046097673,0.021941781,23.71298
30.38,7.392613,110.77475,0.00046467409,0.022075087,23.712957
30.39,7.3925166,110.84117,0.0004680287,0.02220501,23.712934
30.4,7.392421,110.90756,0.00047132745,0.022340745,23.712902
30.41,7.3923254,110.973785,0.0004745163,0.022485048,23.712866
30.42,7.392232,111.03991,0.00047779083,0.022631139,23.71284
30.43,7.392138,111.105934,0.00048090704,0.02278103,23.712809
30.44,7.392044,111.17185,0.0004839953,0.022932634,23.71278
30.45,7.391952,111.23762,0.00048677623,0.023094997,23.712748
30.46,7.3918595,111.30333,0.00048985705,0.023260847,23.71272
30.47,7.3917665,111.368935,0.00049273856,0.023430228,23.712694
30.48,7.391679,111.434364,0.00049553066,0.023604259,23.71266
30.49,7.3915906,111.499725,0.00049781986,0.023785353,23.712631
30.5,7.3914986,111.56497,0.0005003195,0.02397053,23.712593
30.51,7.3914137,111.63011,0.000502849,0.024155214,23.712564
30.52,7.391326,111.69511,0.00050515495,0.024350986,23.712538
30.53,7.391241,111.76001,0.00050729513,0.024550468,23.7125
30.54,7.391155,111.824776,0.0005095415,0.024755761,23.71247
30.55,7.39107,111.88944,0.00051155686,0.024964184,23.712427
30.56,7.3909874,111.953964,0.000513535,0.02517353,23.712406
30.57,7.3909035,112.018394,0.0005152859,0.025398225,23.712368
30.58,7.390821,112.08268,0.0005171951,0.025618926,23.71234
30.59,7.3907404,112.14687,0.00051832944,0.02584982,23.712307
30.6,7.390658,112.21093,0.00052008964,0.026079148,23.712275
30.61,7.39058,112.2749,0.0005215164,0.026326358,23.712244
30.62,7.390502,112.338684,0.0005227849,0.026570275,23.712204
30.63,7.3904243,112.40231,0.0005239267,0.026819944,23.712172
30.64,7.390347,112.46595,0.0005249474,0.027075872,23.712137
30.65,7.3902717,112.529396,0.0005257521,0.027336985,23.712101
30.66,7.3901978,112.59273,0.0005264431,0.027604908,23.712072
30.67,7.3901224,112.65592,0.00052712485,0.027875885,23.712029
30.68,7.390048,112.71896,0.00052782893,0.028155163,23.712
30.69,7.389976,112.78192,0.0005283244,0.028435543,23.711964
30.7,7.3899055,112.844795,0.000528479,0.028729305,23.711933
30.71,7.3898354,112.90745,0.0005286876,0.029021055,23.711891
30.72,7.389767,112.97005,0.0005288031,0.029321343,23.71186
30.73,7.389699,113.032524,0.00052869134,0.029629529,23.711824
30.74,7.389629,113.094826,0.000528425,0.02993995,23.711784
30.75,7.389566,113.15704,0.0005283952,0.030257314,23.711739
30.76,7.3895006,113.21912,0.0005276222,0.030579925,23.711712
30.77,7.3894353,113.28103,0.000527231,0.030910775,23.71168
30.78,7.38937,113.34285,0.0005262308,0.031245947,23.711634
30.79,7.389308,113.40452,0.00052542426,0.031588376,23.7116
30.8,7.3892465,113.46605,0.0005242005,0.031933576,23.71156
30.81,7.38919,113.52752,0.0005231574,0.032286435,23.711529
30.82,7.3891296,113.588745,0.0005221069,0.03263867,23.711485
30.83,7.3890705,113.6499,0.0005202126,0.033007666,23.711445
30.84,7.389012,113.71094,0.00051891245,0.033377156,23.711409
30.85,7.388958,113.77181,0.0005169902,0.033753738,23.711365
30.86,7.388904,113.83259,0.0005148649,0.03413406,23.71133
30.87,7.3888493,113.8932,0.00051284395,0.034524605,23.711292
30.88,7.3887963,113.95368,0.0005109515,0.034916088,23.711262
30.89,7.3887453,114.014,0.0005085338,0.035319686,23.711214
30.9,7.388694,114.07423,0.0005059559,0.03572586,23.711176
30.91,7.3886456,114.13432,0.0005031377,0.03613627,23.711126
30.92,7.388597,114.194275,0.0005002506,0.03655404,23.711094
30.93,7.388547,114.2541,0.0004973728,0.036982864,23.711048
30.94,7.388501,114.31376,0.0004940573,0.037413836,23.711008
30.95,7.3884573,114.37331,0.00049101934,0.03784634,23.71097
30.96,7.388415,114.432686,0.00048747845,0.03829238,23.710926
30.97,7.38837,114.49195,0.00048399717,0.038743958,23.71089
30.98,7.388328,114.551094,0.00048006326,0.039197013,23.710846
30.99,7.3882895,114.61007,0.00047592632,0.039657652,23.71081
31.0,7.3882484,114.66897,0.00047205202,0.040128395,23.710764
31.01,7.388211,114.72765,0.00046781637,0.040600136,23.710714
31.02,7.3881726,114.786255,0.00046329014,0.041079,23.710676
31.03,7.388136,114.84467,0.00045859627,0.04156822,23.71063
31.04,7.3881025,114.903,0.00045392476,0.042060733,23.710588
31.05,7.388067,114.96115,0.00044901483,0.042562664,23.710543
31.06,7.3880367,115.019165,0.0004437659,0.0430609,23.710505
31.07,7.388002,115.077034,0.00043845922,0.043575585,23.710455
31.08,7.3879724,115.134796,0.00043319352,0.044093356,23.710417
31.09,7.387942,115.192406,0.00042747892,0.044617012,23.710373
31.1,7.3879113,115.249855,0.0004217457,0.045148507,23.710323
31.11,7.387888,115.30715,0.0004159715,0.04568523,23.710276
31.12,7.3878613,115.36437,0.00040971301,0.046227396,23.710236
31.13,7.387836,115.42135,0.00040327385,0.04678294,23.71019
31.14,7.3878155,115.4783,0.00039686263,0.047333807,23.71014
31.15,7.3877907,115.535034,0.00039034523,0.04789351,23.7101
31.16,7.387767,115.59165,0.00038336776,0.048461467,23.71005
31.17,7.3877482,115.64811,0.00037637167,0.049037933,23.710005
31.18,7.3877287,115.70445,0.0003691297,0.04961835,23.709959
31.19,7.3877106,115.76066,0.00036191382,0.05020131,23.709904
31.2,7.3876944,115.81666,0.00035434403,0.050797597,23.709867
31.21,7.38768,115.872574,0.0003465265,0.0513933,23.709824
31.22,7.387662,115.9283,0.00033870712,0.052000865,23.70977
31.23,7.387652,115.983955,0.00033072568,0.052614555,23.70972
31.24,7.3876386,116.03946,0.00032237172,0.05323395,23.709679
31.25,7.3876276,116.09476,0.0003140606,0.053859383,23.709631
31.26,7.3876166,116.14997,0.0003052391,0.05448945,23.70958
31.27,7.3876085,116.20498,0.00029657222,0.055124268,23.70954
31.28,7.3875995,116.25992,0.00028754398,0.055766776,23.709486
31.29,7.387593,116.31466,0.00027828664,0.056418866,23.709444
31.3,7.387589,116.36928,0.00026927702,0.05707276,23.709385
31.31,7.3875856,116.42375,0.00025969744,0.057735473,23.709347
31.32,7.3875813,116.47806,0.00024972297,0.058397487,23.709295
31.33,7.3875813,116.53229,0.00023999438,0.059074447,23.70925
31.34,7.3875804,116.5863,0.00022986159,0.05975607,23.709194
31.35,7.3875804,116.64017,0.0002197288,0.060444593,23.70914
31.36,7.3875794,116.69393,0.00020918623,0.06113541,23.709097
31.37,7.3875847,116.74757,0.00019863434,0.06183365,23.709044
31.38,7.387588,116.801,0.00018770061,0.06253733,23.708988
31.39,7.387592,116.85433,0.0001768861,0.06324886,23.70894
31.4,7.3875957,116.90746,0.00016566552,0.0639658,23.708893
31.41,7.387606,116.960526,0.00015450269,0.06468682,23.708834
31.42,7.387614,117.01343,0.00014277734,0.06541617,23.708782
31.43,7.3876233,117.06616,0.00013094209,0.0661525,23.708742
31.44,7.3876333,117.11879,0.0001192037,0.06689304,23.708683
31.45,7.387645,117.171196,0.00010708533,0.06763987,23.708635
31.46,7.387658,117.22357,9.484589e-05,0.06839177,23.708586
31.47,7.3876715,117.27574,8.250028e-05,0.06915051,23.708534
31.48,7.387686,117.32777,6.9759786e-05,0.06991565,23.708488
31.49,7.387702,117.37963,5.6952238e-05,0.070687205,23.708431
31.5,7.387719,117.43134,4.399754e-05,0.0714611,23.708384
31.51,7.3877373,117.48297,3.0718744e-05,0.07224715,23.70833
31.52,7.387757,117.53439,1.7482787e-05,0.07303417,23.708273
31.53,7.3877764,117.5857,4.0028244e-06,0.0738257,23.708221
31.54,7.3877997,117.636826,-1.0017306e-05,0.074627355,23.708174
31.55,7.3878183,117.68789,-2.3940578e-05,0.07543284,23.708113
31.56,7.387842,117.738815,-3.797002e-05,0.07624601,23.708067
31.57,7.3878665,117.78953,-5.205907e-05,0.07706243,23.708017
31.58,7.387893,117.84008,-6.647408e-05,0.077884674,23.707962
31.59,7.3879213,117.89057,-8.120574e-05,0.07871199,23.70791
31.6,7.3879495,117.94088,-9.583309e-05,0.079548284,23.707851
31.61,7.3879766,117.99101,-0.000111058354,0.080390364,23.707802
31.62,7.388007,118.04103,-0.00012626313,0.0812345,23.707743
31.63,7.3880377,118.090904,-0.00014149211,0.082081854,23.707691
31.64,7.388069,118.140594,-0.00015697628,0.08293986,23.70764
31.65,7.3881025,118.190186,-0.00017276965,0.08380002,23.707588
31.66,7.388138,118.23968,-0.00018859468,0.08467029,23.707535
31.67,7.3881717,118.288925,-0.00020482205,0.08554374,23.707487
31.68,7.3882065,118.338104,-0.00022117421,0.086421296,23.70742
31.69,7.388245,118.387115,-0.00023740344,0.08730818,23.707365
31.7,7.3882823,118.43606,-0.00025408156,0.08819489,23.70732
31.71,7.388322,118.48477,-0.000270959,0.08908841,23.707262
31.72,7.388362,118.53336,-0.0002878271,0.08999349,23.707216
31.73,7.388401,118.58181,-0.0003050156,0.09089911,23.707157
31.74,7.3884444,118.63007,-0.00032249652,0.091806084,23.707106
31.75,7.388485,118.67827,-0.00034006126,0.09272218,23.707048
31.76,7.388532,118.72632,-0.00035732612,0.09364663,23.707
31.77,7.3885784,118.77422,-0.00037540682,0.09456844,23.706938
31.78,7.3886247,118.82193,-0.00039350428,0.09550269,23.70689
31.79,7.38867,118.86956,-0.0004116036,0.09643804,23.706831
31.8,7.3887167,118.91702,-0.000430163,0.09738151,23.706778
31.81,7.3887672,118.96434,-0.00044844858,0.09832774,23.706726
31.82,7.388818,119.01149,-0.00046717562,0.099280186,23.706667
31.83,7.388865,119.05856,-0.0004861895,0.10023612,23.706621
31.84,7.3889174,119.10545,-0.00050511584,0.10119857,23.706562
31.85,7.38897,119.15229,-0.00052423216,0.10216797,23.706512
31.86,7.3890214,119.19889,-0.00054372847,0.103138454,23.70645
31.87,7.3890777,119.2454,-0.00056353584,0.10411742,23.706396
31.88,7.3891335,119.29174,-0.00058332644,0.10510014,23.706343
31.89,7.389189,119.33797,-0.0006031599,0.10608347,23.706282
31.9,7.3892446,119.38405,-0.00062317774,0.10707738,23.706234
31.91,7.389304,119.42996,-0.0006432943,0.108074084,23.706179
31.92,7.389362,119.47577,-0.0006639827,0.10907242,23.706127
31.93,7.389422,119.52143,-0.00068442896,0.110073455,23.70607
31.94,7.389482,119.56697,-0.00070506707,0.111087754,23.706013
31.95,7.389543,119.61237,-0.0007259622,0.11210363,23.705963
31.96,7.389606,119.65757,-0.0007471051,0.11311953,23.705908
31.97,7.389667,119.7027,-0.00076852925,0.114142604,23.705853
31.98,7.389732,119.74772,-0.0007897094,0.11517576,23.705801
31.99,7.389796,119.79253,-0.0008112937,0.11620871,23.70575
32.0,7.389863,119.837204,-0.00083301216,0.11724352,23.705694
32.01,7.389929,119.88179,-0.0008548405,0.118286155,23.705645
32.02,7.3899956,119.92624,-0.0008770097,0.119331494,23.705584
32.03,7.390066,119.97051,-0.00089915656,0.12038227,23.705528
32.04,7.390132,120.014656,-0.0009213798,0.12143847,23.705475
32.05,7.390202,120.05874,-0.0009438768,0.122498535,23.705423
32.06,7.3902717,120.10264,-0.0009666048,0.12356139,23.705372
32.07,7.390343,120.14636,-0.00098956,0.12462907,23.705317
32.08,7.390415,120.19004,-0.0010125004,0.12569901,23.705261
32.09,7.3904867,120.23347,-0.0010356568,0.1267725,23.705215
32.1,7.3905616,120.27687,-0.0010587461,0.12785599,23.705164
32.11,7.3906355,120.32009,-0.0010822043,0.1289396,23.705103
32.12,7.3907094,120.36319,-0.0011059605,0.13002838,23.70506
32.13,7.3907876,120.40618,-0.0011298228,0.13112158,23.705
32.14,7.3908606,120.44898,-0.0011538006,0.13221614,23.704945
32.15,7.390939,120.491684,-0.001177527,0.1333175,23.70489
32.16,7.3910146,120.53425,-0.0012015849,0.13441835,23.704836
32.17,7.391098,120.57668,-0.0012261961,0.13552886,23.70478
32.18,7.391176,120.618996,-0.0012507495,0.13664615,23.704727
32.19,7.3912535,120.66117,-0.0012752265,0.13775566,23.704678
32.2,7.3913364,120.70326,-0.001300117,0.13887763,23.704626
32.21,7.391416,120.745094,-0.0013249535,0.139997,23.704575
32.22,7.391498,120.78695,-0.0013500061,0.141125,23.70452
32.23,7.391581,120.82858,-0.0013752636,0.14225756,23.70447
32.24,7.3916645,120.87006,-0.0014007874,0.14338967,23.704414
32.25,7.391748,120.91147,-0.0014261901,0.14452915,23.704363
32.26,7.3918333,120.952736,-0.0014515631,0.14567018,23.70431
32.27,7.391919,120.99389,-0.0014776178,0.14681381,23.704268
32.28,7.3920035,121.03492,-0.0015034694,0.14796004,23.704212
32.29,7.392091,121.07577,-0.0015295353,0.14911453,23.70416
32.3,7.392179,121.11654,-0.0015561748,0.15026876,23.704105
32.31,7.392268,121.1572,-0.0015819985,0.15142623,23.704056
32.32,7.3923516,121.19769,-0.0016085152,0.1525904,23.704006
32.33,7.3924413,121.23806,-0.0016353019,0.15375523,23.703959
32.34,7.3925304,121.278336,-0.0016619992,0.15492205,23.703905
32.35,7.3926234,121.31841,-0.0016887225,0.1560939,23.703856
32.36,7.392713,121.35845,-0.0017157849,0.15726866,23.70381
32.37,7.392808,121.398315,-0.0017430373,0.15844631,23.70376
32.38,7.392898,121.43809,-0.0017704125,0.15962963,23.703695
32.39,7.3929896,121.477684,-0.0017976686,0.16081363,23.703661
32.4,7.3930826,121.51723,-0.0018251725,0.16200006,23.703611
32.41,7.3931746,121.556595,-0.0018529575,0.16319093,23.703558
32.42,7.3932705,121.59582,-0.0018808469,0.16438237,23.703506
32.43,7.393364,121.63497,-0.001908591,0.1655798,23.703459
32.44,7.393461,121.67399,-0.0019366257,0.16677845,23.703413
32.45,7.3935556,121.71285,-0.0019646175,0.16798058,23.703365
32.46,7.3936524,121.75159,-0.0019930154,0.16918312,23.70332
32.47,7.393748,121.79026,-0.002021538,0.17039578,23.703266
32.48,7.3938465,121.8288,-0.0020499676,0.17160565,23.70322
32.49,7.3939443,121.8672,-0.002078779,0.1728187,23.703173
32.5,7.3940415,121.90543,-0.002107218,0.17403577,23.703123
32.51,7.3941407,121.943634,-0.0021359548,0.17525321,23.703077
32.52,7.3942394,121.98168,-0.0021654274,0.17647772,23.703032
32.53,7.3943415,122.01959,-0.0021941029,0.17769934,23.702986
32.54,7.394442,122.05743,-0.002223596,0.1789272,23.702948
32.55,7.394544,122.095055,-0.00225294,0.18015543,23.702894
32.56,7.394645,122.13261,-0.0022826064,0.18138671,23.702848
32.57,7.394747,122.17006,-0.0023120306,0.18262087,23.702803
32.58,7.3948464,122.20741,-0.0023417156,0.18385969,23.702755
32.59,7.3949504,122.244606,-0.0023714602,0.18509676,23.7027
32.6,7.395053,122.28168,-0.002401501,0.18633851,23.702665
32.61,7.395156,122.31868,-0.0024313647,0.18758392,23.702621
32.62,7.395261,122.355545,-0.002461601,0.18882973,23.702574
32.63,7.395367,122.39224,-0.0024917554,0.19007806,23.702524
32.64,7.39547,122.42885,-0.0025222916,0.19132806,23.702488
32.65,7.3955765,122.46542,-0.0025526825,0.19258098,23.702438
32.66,7.395681,122.50177,-0.0025831945,0.19383647,23.702402
32.67,7.3957877,122.53805,-0.002613848,0.19509648,23.702349
32.68,7.395894,122.57418,-0.002645038,0.19635679,23.702305
32.69,7.3959985,122.61024,-0.002675753,0.19761622,23.702269
32.7,7.3961062,122.646194,-0.0027067717,0.19888192,23.702225
32.71,7.3962135,122.682,-0.0027375426,0.20014803,23.70218
32.72,7.3963227,122.71771,-0.0027687475,0.20141146,23.70214
32.73,7.3964286,122.75331,-0.0028001666,0.20268385,23.702093
32.74,7.3965397,122.7888,-0.0028315093,0.20395483,23.702055
32.75,7.396649,122.82419,-0.0028631836,0.2052279,23.702011
32.76,7.3967557,122.85941,-0.0028947257,0.20650464,23.70197
32.77,7.396866,122.89455,-0.0029263608,0.20778367,23.701935
32.78,7.3969774,122.92957,-0.002958132,0.20906167,23.701887
32.79,7.3970895,122.964516,-0.0029898286,0.21034391,23.701847
32.8,7.3971977,122.99935,-0.0030217413,0.2116253,23.701807
32.81,7.3973107,123.033966,-0.0030538272,0.21290715,23.701765
32.82,7.397422,123.068596,-0.0030859224,0.21419701,23.701723
32.83,7.3975334,123.10309,-0.0031183418,0.21548638,23.701685
32.84,7.3976445,123.13748,-0.0031505562,0.21677415,23.701656
32.85,7.397756,123.17172,-0.003183132,0.21806489,23.701612
32.86,7.3978677,123.2059,-0.0032155104,0.21935762,23.701578
32.87,7.3979826,123.239944,-0.0032482613,0.2206518,23.701536
32.88,7.3980947,123.27387,-0.0032808464,0.22194737,23.7015
32.89,7.398211,123.30773,-0.003313478,0.22324724,23.701462
32.9,7.398322,123.3414,-0.0033465456,0.22454627,23.701418
32.91,7.398435,123.37504,-0.0033792946,0.22584468,23.70139
32.92,7.3985505,123.408516,-0.0034121983,0.22714609,23.701353
32.93,7.3986654,123.44193,-0.0034454167,0.22844958,23.701317
32.94,7.3987784,123.47521,-0.0034785196,0.22975175,23.701279
32.95,7.398895,123.50841,-0.0035117622,0.23106198,23.701235
32.96,7.3990116,123.54155,-0.003545167,0.2323672,23.70121
32.97,7.3991284,123.5745,-0.0035786703,0.2336771,23.70117
32.98,7.399243,123.60738,-0.0036122296,0.2349866,23.70114
32.99,7.399357,123.64014,-0.003645679,0.23629756,23.701107
33.0,7.399475,123.672806,-0.003679406,0.23761195,23.701077
33.01,7.39959,123.70536,-0.0037131943,0.23892249,23.701033
33.02,7.399708,123.73784,-0.00374691,0.24023408,23.700996
33.03,7.3998237,123.77017,-0.0037807263,0.24155144,23.700968
33.04,7.399943,123.80244,-0.0038146079,0.24286892,23.700937
33.05,7.400059,123.834595,-0.003848875,0.24418765,23.700907
33.06,7.400175,123.86664,-0.0038828272,0.24550436,23.700874
33.07,7.400294,123.89859,-0.0039169285,0.24682635,23.700842
33.08,7.400412,123.930466,-0.0039512925,0.24814461,23.700813
33.09,7.4005322,123.96217,-0.003985675,0.24946827,23.700777
33.1,7.400649,123.993835,-0.0040197168,0.25079104,23.700748
33.11,7.4007664,124.02539,-0.004054496,0.25211287,23.700714
33.12,7.4008846,124.056816,-0.0040889326,0.25343728,23.700691
33.13,7.401003,124.08818,-0.004123375,0.2547637,23.700657
33.14,7.4011245,124.119415,-0.004158033,0.25608918,23.700624
33.15,7.4012427,124.15054,-0.0041926485,0.2574159,23.700594
33.16,7.4013605,124.18164,-0.004227368,0.25874478,23.700565
33.17,7.401481,124.21255,-0.0042623095,0.26007497,23.700542
33.18,7.4016,124.24339,-0.0042971633,0.26140258,23.700512
33.19,7.4017215,124.274155,-0.0043321736,0.2627302,23.700485
33.2,7.401841,124.30487,-0.0043668672,0.264064,23.700457
33.21,7.4019604,124.335396,-0.0044020154,0.2653944,23.700434
33.22,7.402082,124.36583,-0.0044373255,0.26672855,23.700403
33.23,7.4022007,124.39627,-0.0044725332,0.2680605,23.70037
33.24,7.4023223,124.42651,-0.004507756,0.26939178,23.700352
33.25,7.4024425,124.45666,-0.0045431294,0.27072808,23.700327
33.26,7.4025626,124.486786,-0.0045785606,0.27206,23.700296
33.27,7.402685,124.51674,-0.004613949,0.273394,23.700274
33.28,7.402806,124.54661,-0.004649259,0.27472937,23.700243
33.29,7.4029264,124.576416,-0.0046848245,0.27606615,23.700218
33.3,7.403048,124.60612,-0.0047203433,0.2774019,23.700197
33.31,7.4031696,124.63573,-0.0047561415,0.27873743,23.700176
33.32,7.4032903,124.66529,-0.004791539,0.28007758,23.700153
33.33,7.40341,124.69469,-0.0048274975,0.28141558,23.700129
33.34,7.403534,124.72397,-0.0048630834,0.28275138,23.700102
33.35,7.403657,124.75326,-0.004899254,0.28409103,23.70009
33.36,7.4037743,124.78236,-0.0049348734,0.28542736,23.700062
33.37,7.4038973,124.81144,-0.0049709696,0.2867682,23.70004
33.38,7.404019,124.84038,-0.005006667,0.2881072,23.700022
33.39,7.4041424,124.86924,-0.0050427895,0.2894456,23.699993
33.4,7.4042635,124.89806,-0.005078813,0.29078683,23.699972
33.41,7.4043865,124.926704,-0.0051147714,0.2921275,23.699963
33.42,7.404508,124.95532,-0.0051509943,0.2934659,23.699932
33.43,7.4046316,124.98384,-0.0051873066,0.29480776,23.699915
33.44,7.4047537,125.01227,-0.0052236654,0.29614776,23.699892
33.45,7.4048753,125.040565,-0.005259957,0.29749176,23.699877
33.46,7.404997,125.068794,-0.005296193,0.29883054,23.699863
33.47,7.4051175,125.09696,-0.005332606,0.30017054,23.699846
33.48,7.405243,125.12504,-0.0053687487,0.30150974,23.699827
33.49,7.405364,125.152985,-0.005405348,0.30285314,23.699818
33.5,7.405487,125.18089,-0.0054415558,0.3041916,23.699791
33.51,7.405609,125.208664,-0.0054783933,0.30553353,23.69978
33.52,7.4057326,125.23639,-0.005514823,0.30687627,23.699757
33.53,7.405853,125.264015,-0.0055515002,0.30821735,23.699749
33.54,7.405978,125.29152,-0.0055881664,0.30955693,23.699732
33.55,7.4061017,125.31903,-0.0056247376,0.31089735,23.699707
33.56,7.406221,125.34633,-0.005661577,0.3122406,23.699697
33.57,7.406347,125.373634,-0.005697936,0.31358084,23.699688
33.58,7.40647,125.40084,-0.0057350174,0.31492433,23.699677
33.59,7.4065933,125.427895,-0.0057717804,0.31626424,23.699661
33.6,7.4067125,125.45496,-0.005808495,0.31760418,23.699648
33.61,7.406838,125.481865,-0.005845405,0.31894284,23.699627
33.62,7.406961,125.508705,-0.005882403,0.3202829,23.69962
33.63,7.4070826,125.53549,-0.0059193596,0.32162383,23.699606
33.64,7.4072075,125.56217,-0.0059562363,0.32296422,23.699594
33.65,7.407329,125.58877,-0.0059931856,0.32430267,23.699581
33.66,7.4074526,125.6153,-0.0060302336,0.3256439,23.699577
33.67,7.407575,125.64175,-0.0060672723,0.32698283,23.69956
33.68,7.4076962,125.66808,-0.00610438,0.3283201,23.69955
33.69,7.40782,125.694374,-0.006141022,0.32965657,23.69955
33.7,7.4079437,125.72055,-0.0061783735,0.33099872,23.699537
33.71,7.408066,125.74665,-0.0062154233,0.3323372,23.699526
33.72,7.4081883,125.772675,-0.006252818,0.33367217,23.69952
33.73,7.408313,125.7986,-0.0062896963,0.3350116,23.699507
33.74,7.408436,125.82449,-0.006327184,0.33634984,23.699501
33.75,7.408557,125.85027,-0.0063643865,0.33768535,23.699501
33.76,7.4086804,125.87596,-0.0064018276,0.3390205,23.699484
33.77,7.4088025,125.90158,-0.0064388774,0.34035668,23.699482
33.78,7.4089265,125.9271,-0.006476259,0.34169227,23.699476
33.79,7.409047,125.952545,-0.0065134726,0.34302592,23.699463
33.8,7.4091706,125.97793,-0.006550867,0.34435958,23.699469
33.81,7.409292,126.00325,-0.006588012,0.34569466,23.699463
33.82,7.409417,126.02847,-0.006625546,0.34702826,23.699451
33.83,7.4095397,126.05362,-0.006662924,0.34836042,23.699448
33.84,7.409662,126.07869,-0.006700415,0.3496943,23.69944
33.85,7.4097824,126.1037,-0.0067375638,0.3510297,23.699438
33.86,7.4099064,126.12861,-0.006774958,0.35235745,23.699427
33.87,7.4100285,126.153435,-0.006812701,0.3536869,23.699425
33.88,7.4101505,126.17819,-0.006850034,0.35501912,23.699425
33.89,7.41027,126.20285,-0.006887568,0.35634735,23.69943
33.9,7.4103937,126.22745,-0.0069250055,0.3576758,23.699425
33.91,7.410516,126.25199,-0.0069627855,0.35900438,23.69942
33.92,7.410639,126.27643,-0.0070000105,0.36033309,23.699419
33.93,7.410759,126.3008,-0.007037604,0.36166072,23.699423
33.94,7.410881,126.3251,-0.0070752315,0.36298835,23.699419
33.95,7.411005,126.34936,-0.007112587,0.36431202,23.699423
33.96,7.4111238,126.3735,-0.0071502924,0.3656369,23.699423
33.97,7.411246,126.397545,-0.007187834,0.3669634,23.699425
33.98,7.411368,126.42157,-0.0072256085,0.36828613,23.699417
33.99,7.4114895,126.44551,-0.0072629675,0.3696078,23.699417
34.0,7.4116106,126.469376,-0.0073006004,0.3709299,23.699425
34.01,7.411732,126.49312,-0.0073382184,0.37225327,23.699423
34.02,7.4118557,126.516815,-0.0073758382,0.3735751,23.699436
34.03,7.411976,126.54046,-0.007413471,0.37489268,23.699434
34.04,7.4120946,126.56402,-0.0074509736,0.37621278,23.699442
34.05,7.4122167,126.58751,-0.007488871,0.37753177,23.699438
34.06,7.4123383,126.61092,-0.0075264573,0.3788498,23.699448
34.07,7.412459,126.634254,-0.0075640716,0.38016593,23.699446
34.08,7.4125795,126.65753,-0.007601531,0.38148117,23.699451
34.09,7.4127007,126.68071,-0.0076394603,0.38279706,23.699461
34.1,7.4128227,126.70386,-0.0076770373,0.38411134,23.699461
34.11,7.412942,126.726906,-0.007714646,0.3854239,23.699467
34.12,7.4130626,126.74991,-0.007752279,0.38673723,23.699474
34.13,7.413181,126.772804,-0.007790096,0.3880474,23.699472
34.14,7.4133024,126.795654,-0.007827546,0.38935912,23.699484
34.15,7.413421,126.8184,-0.007865615,0.39066917,23.699488
34.16,7.413541,126.84111,-0.007903153,0.39197809,23.6995
34.17,7.4136643,126.86375,-0.007940795,0.39328635,23.699509
34.18,7.4137816,126.88632,-0.007978413,0.39459568,23.699512
34.19,7.4139028,126.90878,-0.008016072,0.39589828,23.699526
34.2,7.414023,126.931206,-0.008053893,0.39720654,23.699537
34.21,7.4141393,126.9536,-0.008091386,0.3985098,23.699537
34.22,7.414261,126.975945,-0.008128988,0.39981228,23.699558
34.23,7.414377,126.998116,-0.008166537,0.40111557,23.699562
34.24,7.414498,127.020226,-0.008204332,0.40241545,23.699577
34.25,7.4146166,127.04236,-0.008242056,0.4037157,23.699593
34.26,7.4147367,127.064354,-0.00827981,0.40501392,23.699596
34.27,7.4148545,127.08631,-0.008317191,0.40631413,23.69961
34.28,7.414973,127.10819,-0.008355156,0.4076119,23.69962
34.29,7.415091,127.12998,-0.008392515,0.40890735,23.699636
34.3,7.4152117,127.15175,-0.008430328,0.4102019,23.69965
34.31,7.4153295,127.17343,-0.008467903,0.41149557,23.699665
34.32,7.415447,127.19505,-0.00850543,0.41279036,23.699678
34.33,7.4155664,127.21659,-0.008543167,0.41408193,23.699688
34.34,7.4156857,127.23808,-0.008580716,0.4153727,23.699701
34.35,7.415804,127.25954,-0.008618442,0.41666043,23.699718
34.36,7.4159193,127.28089,-0.0086557735,0.41794902,23.69973
34.37,7.4160385,127.302185,-0.008693369,0.41923994,23.699743
34.38,7.416156,127.323364,-0.008730954,0.4205241,23.69976
34.39,7.416274,127.34454,-0.008768585,0.42180845,23.699774
34.4,7.41639,127.36563,-0.008806227,0.42309356,23.699793
34.41,7.4165053,127.38667,-0.008843701,0.42437625,23.69981
34.42,7.4166245,127.40764,-0.008881167,0.4256581,23.699825
34.43,7.4167395,127.428535,-0.00891866,0.42693916,23.699842
34.44,7.4168563,127.44938,-0.008956248,0.4282191,23.69986
34.45,7.4169726,127.47013,-0.008993799,0.42949653,23.699875
34.46,7.4170895,127.490875,-0.009031147,0.43077487,23.69989
34.47,7.4172053,127.51153,-0.009068504,0.43205002,23.699915
34.48,7.4173226,127.53212,-0.009106148,0.43332556,23.69994
34.49,7.4174385,127.55266,-0.009143634,0.43459865,23.699955
34.5,7.417555,127.573135,-0.009181116,0.43586951,23.699968
34.51,7.417669,127.59351,-0.009218425,0.43713865,23.699987
34.52,7.4177876,127.61389,-0.009256199,0.4384114,23.700016
34.53,7.417901,127.63415,-0.009293295,0.43967775,23.700033
34.54,7.4180183,127.65441,-0.009330453,0.44094563,23.700048
34.55,7.4181314,127.67452,-0.009367952,0.44221136,23.700075
34.56,7.418248,127.69466,-0.009405166,0.44347608,23.7001
34.57,7.4183617,127.71468,-0.009442754,0.4447415,23.700119
34.58,7.4184775,127.734665,-0.009479875,0.44600433,23.700136
34.59,7.4185915,127.75457,-0.009517219,0.44726092,23.700165
34.6,7.418704,127.774475,-0.009554381,0.44852215,23.700195
34.61,7.418822,127.79425,-0.009591615,0.44978285,23.70021
34.62,7.4189363,127.813995,-0.009629101,0.45103917,23.70023
34.63,7.4190483,127.83364,-0.0096662305,0.45229375,23.700254
34.64,7.419163,127.85327,-0.009703388,0.45354748,23.700287
34.65,7.4192758,127.87284,-0.009740645,0.4548024,23.700312
34.66,7.4193892,127.892365,-0.009778028,0.45605272,23.700329
34.67,7.4195023,127.911736,-0.009815007,0.45730364,23.700354
34.68,7.419618,127.93116,-0.009852013,0.4585532,23.700382
34.69,7.4197288,127.95051,-0.009889048,0.45980257,23.700403
34.7,7.419843,127.96976,-0.009926163,0.46104777,23.70043
34.71,7.4199543,127.98897,-0.009963138,0.46229228,23.700459
34.72,7.4200687,128.00812,-0.01000027,0.46353635,23.700489
34.73,7.4201813,128.02722,-0.010037158,0.46478003,23.70051
34.74,7.420294,128.04626,-0.010074202,0.46602097,23.70054
34.75,7.420405,128.06526,-0.010111202,0.46725887,23.700573
34.76,7.4205155,128.08417,-0.010148108,0.4684975,23.700602
34.77,7.420628,128.103,-0.010184927,0.46973532,23.700626
34.78,7.420741,128.12184,-0.010221964,0.47097048,23.700653
34.79,7.4208508,128.1406,-0.010258801,0.47220507,23.700687
34.8,7.4209642,128.15932,-0.010295637,0.47343558,23.700718
34.81,7.421075,128.17796,-0.010332465,0.47466668,23.70074
34.82,7.4211884,128.19653,-0.010369036,0.4758971,23.700766
34.83,7.4212976,128.2151,-0.010405732,0.4771252,23.700808
34.84,7.4214067,128.23355,-0.010442922,0.47835234,23.700829
34.85,7.4215174,128.25197,-0.010479482,0.4795782,23.700865
34.86,7.421632,128.2704,-0.01051612,0.4808022,23.7009
34.87,7.42174,128.28868,-0.010553008,0.4820253,23.700922
34.88,7.421851,128.30698,-0.01058932,0.48324764,23.700956
34.89,7.42196,128.32513,-0.010626199,0.48446324,23.700989
34.9,7.4220715,128.34334,-0.010662686,0.48568353,23.701017
34.91,7.4221783,128.36139,-0.010699376,0.4869022,23.701056
34.92,7.4222884,128.37944,-0.010735808,0.48811665,23.701092
34.93,7.422399,128.39745,-0.010772333,0.48933136,23.701118
34.94,7.4225063,128.41537,-0.010808742,0.4905421,23.701157
34.95,7.422617,128.43329,-0.010845285,0.49175414,23.701195
34.96,7.4227233,128.45111,-0.0108817,0.49296352,23.701221
34.97,7.422833,128.4689,-0.010918155,0.4941738,23.701252
34.98,7.422941,128.48662,-0.0109546,0.49537665,23.701296
34.99,7.4230514,128.50429,-0.010990741,0.49658433,23.701326
35.0,7.423161,128.52193,-0.011027075,0.49778593,23.701363
35.01,7.4232674,128.5395,-0.011063531,0.49898946,23.701405
35.02,7.4233747,128.55704,-0.011099532,0.5001912,23.701431
35.03,7.423483,128.57446,-0.011135859,0.5013886,23.701473
35.04,7.4235897,128.59192,-0.011171903,0.5025886,23.701511
35.05,7.4236984,128.60924,-0.011208056,0.50378287,23.70155
35.06,7.4238043,128.62659,-0.011244161,0.5049756,23.701582
35.07,7.4239106,128.64384,-0.011280462,0.5061681,23.701626
35.08,7.424018,128.66104,-0.011316543,0.5073607,23.701664
35.09,7.424124,128.67824,-0.011352457,0.5085495,23.70169
35.1,7.4242315,128.69536,-0.011388566,0.5097394,23.701736
35.11,7.424335,128.7124,-0.011424538,0.51092553,23.701775
35.12,7.4244437,128.72943,-0.011460295,0.5121109,23.701813
35.13,7.4245515,128.74635,-0.011496188,0.5132946,23.701855
35.14,7.424654,128.76329,-0.011532167,0.51447636,23.70189
35.15,7.4247613,128.78015,-0.011567958,0.51565766,23.701927
35.16,7.4248686,128.79695,-0.0116038155,0.516839,23.70197
35.17,7.4249735,128.81372,-0.0116394125,0.5180161,23.702015
35.18,7.4250774,128.83043,-0.011675058,0.51919013,23.702051
35.19,7.425182,128.84712,-0.011710968,0.52036613,23.702099
35.2,7.425287,128.86374,-0.011746507,0.52154016,23.702137
35.21,7.4253936,128.88028,-0.011782091,0.52271044,23.702179
35.22,7.4254966,128.8968,-0.011817871,0.52388096,23.70222
35.23,7.4256005,128.91328,-0.01185336,0.52504677,23.702267
35.24,7.425705,128.92969,-0.011888824,0.5262169,23.702309
35.25,7.425809,128.94612,-0.011924481,0.52738166,23.702345
35.26,7.4259124,128.96237,-0.011959868,0.528546,23.702389
35.27,7.4260173,128.9787,-0.011995183,0.5297055,23.702433
35.28,7.42612,128.99492,-0.012030831,0.5308651,23.702477
35.29,7.426224,129.0111,-0.012065778,0.5320246,23.702518
35.3,7.426327,129.02724,-0.012101354,0.5331827,23.702568
35.31,7.4264297,129.04338,-0.012136601,0.5343379,23.70261
35.32,7.4265304,129.05942,-0.012171758,0.53549075,23.702652
35.33,7.4266343,129.0754,-0.012206921,0.5366435,23.702694
35.34,7.426737,129.09135,-0.012242045,0.5377936,23.702736
35.35,7.4268394,129.10724,-0.012277253,0.5389463,23.702785
35.36,7.4269395,129.12312,-0.012312526,0.5400946,23.702833
35.37,7.42704,129.13892,-0.012347212,0.54123926,23.702875
35.38,7.427146,129.15471,-0.012382079,0.5423843,23.702925
35.39,7.427246,129.17041,-0.012417385,0.54352653,23.702967
35.4,7.4273477,129.18611,-0.012452206,0.54466623,23.70302
35.41,7.427447,129.20177,-0.012487134,0.5458077,23.703066
35.42,7.4275484,129.21733,-0.012522249,0.5469456,23.70311
35.43,7.4276495,129.2329,-0.012556767,0.54808116,23.703163
35.44,7.4277496,129.24838,-0.012591673,0.549219,23.703205
35.45,7.4278526,129.26384,-0.012626499,0.5503508,23.70325
35.46,7.4279523,129.27927,-0.012660896,0.5514804,23.7033
35.47,7.4280524,129.29462,-0.012695814,0.5526123,23.703348
35.48,7.4281526,129.30992,-0.01273031,0.55373967,23.70339
35.49,7.428252,129.32523,-0.012764886,0.55486596,23.703444
35.5,7.4283504,129.34042,-0.012799228,0.5559929,23.703495
35.51,7.42845,129.35564,-0.0128336605,0.55711544,23.703547
35.52,7.4285502,129.37077,-0.0128683355,0.55823886,23.703596
35.53,7.428649,129.3859,-0.012902828,0.5593579,23.703648
35.54,7.4287467,129.40097,-0.012937248,0.5604768,23.703703
35.55,7.4288454,129.41594,-0.01297136,0.5615952,23.703745
35.56,7.428946,129.43095,-0.013005789,0.5627103,23.70379
35.57,7.4290433,129.44585,-0.013040174,0.56382155,23.703846
35.58,7.4291415,129.46074,-0.013074227,0.5649354,23.703894
35.59,7.4292364,129.47559,-0.013108417,0.5660451,23.703941
35.6,7.4293365,129.49037,-0.013142534,0.56715524,23.704
35.61,7.4294357,129.5051,-0.013176596,0.5682624,23.704048
35.62,7.429531,129.51987,-0.013210608,0.56936824,23.704098
35.63,7.4296303,129.53452,-0.013244687,0.57047236,23.704155
35.64,7.4297276,129.5492,-0.013278561,0.5715735,23.704205
35.65,7.429824,129.56375,-0.013312586,0.57267576,23.704256
35.66,7.4299216,129.5783,-0.013346398,0.57377374,23.70431
35.67,7.430019,129.5928,-0.013380274,0.5748725,23.704363
35.68,7.430115,129.6073,-0.013414143,0.57596743,23.704416
35.69,7.430208,129.62169,-0.0134477485,0.57706296,23.704472
35.7,7.4303045,129.6361,-0.013481675,0.57815564,23.704529
35.71,7.4304013,129.65044,-0.013515338,0.5792463,23.70458
35.72,7.430498,129.66473,-0.013548879,0.5803362,23.704626
35.73,7.4305925,129.679,-0.013582446,0.58142185,23.70468
35.74,7.430689,129.69324,-0.013615916,0.5825072,23.704739
35.75,7.430783,129.70741,-0.013649372,0.5835935,23.704794
35.76,7.4308796,129.72156,-0.013682878,0.5846744,23.70485
35.77,7.4309726,129.73564,-0.013716074,0.58575785,23.704905
35.78,7.4310656,129.74976,-0.013749473,0.58683634,23.704962
35.79,7.431165,129.76373,-0.013782781,0.58791375,23.705017
35.8,7.431257,129.77773,-0.013816303,0.58898973,23.705069
35.81,7.43135,129.79166,-0.0138494205,0.5900649,23.705122
35.82,7.4314456,129.80553,-0.013882428,0.5911361,23.705193
35.83,7.4315376,129.81941,-0.0139155835,0.5922084,23.705244
35.84,7.4316325,129.83322,-0.013948759,0.59327805,23.705301
35.85,7.4317255,129.84705,-0.013981676,0.59434724,23.705357
35.86,7.4318204,129.86081,-0.0140145775,0.5954138,23.705412
35.87,7.4319134,129.87451,-0.014047537,0.59647596,23.705467
35.88,7.4320064,129.88815,-0.014080603,0.59753954,23.705519
35.89,7.4320984,129.9018,-0.01411349,0.5986016,23.705584
35.9,7.4321914,129.91539,-0.014146302,0.5996604,23.70564
35.91,7.4322863,129.92892,-0.014179077,0.6007165,23.705696
35.92,7.432377,129.94244,-0.014211718,0.6017745,23.705753
35.93,7.432469,129.95593,-0.014244527,0.60282993,23.705814
35.94,7.4325585,129.96938,-0.014276944,0.60388136,23.705868
35.95,7.43265,129.98279,-0.014309719,0.6049328,23.705925
35.96,7.432742,129.99614,-0.014342055,0.6059833,23.705994
35.97,7.432834,130.00952,-0.01437483,0.60703206,23.706043
35.98,7.4329233,130.02278,-0.014407098,0.60807693,23.706104
35.99,7.433016,130.03604,-0.014439646,0.609123,23.70617
36.0,7.433105,130.04924,-0.014472026,0.61016643,23.706232
36.01,7.4331985,130.06242,-0.014504284,0.61120915,23.70629
36.02,7.433288,130.07553,-0.014536381,0.6122467,23.70635
36.03,7.4333787,130.08862,-0.014568508,0.6132848,23.706417
36.04,7.4334674,130.10175,-0.01460081,0.6143217,23.70647
36.05,7.433562,130.11473,-0.014633074,0.6153553,23.706535
36.06,7.433652,130.12776,-0.014665093,0.6163906,23.706594
36.07,7.433738,130.14069,-0.0146969,0.61742264,23.706657
36.08,7.4338307,130.15363,-0.014728989,0.6184524,23.70671
36.09,7.433919,130.16652,-0.014760971,0.6194781,23.70678
36.1,7.434007,130.17932,-0.014792964,0.6205069,23.70684
36.11,7.434096,130.19217,-0.01482467,0.6215316,23.706898
36.12,7.4341865,130.20497,-0.014856618,0.6225553,23.706959
36.13,7.4342732,130.2177,-0.014888179,0.6235765,23.707026
36.14,7.434363,130.23041,-0.01491987,0.62459743,23.707088
36.15,7.434452,130.24307,-0.014951501,0.6256157,23.707151
36.16,7.434539,130.25572,-0.014982864,0.6266315,23.707214
36.17,7.4346275,130.26833,-0.015014835,0.6276463,23.707277
36.18,7.4347153,130.28091,-0.015046481,0.62866116,23.70734
36.19,7.434803,130.29346,-0.015077669,0.6296724,23.707401
36.2,7.43489,130.30591,-0.015108995,0.63068265,23.707464
36.21,7.434978,130.3184,-0.015140496,0.6316917,23.707531
36.22,7.435065,130.33084,-0.0151719265,0.6326988,23.707596
36.23,7.435151,130.34322,-0.015202999,0.6337036,23.707653
36.24,7.4352393,130.35558,-0.015234157,0.6347079,23.707718
36.25,7.435325,130.36787,-0.015265387,0.6357111,23.707785
36.26,7.4354124,130.38019,-0.015296534,0.636711,23.707855
36.27,7.435497,130.39243,-0.015327588,0.63770986,23.70791
36.28,7.4355836,130.40468,-0.015358534,0.6387049,23.70798
36.29,7.435671,130.41685,-0.015389588,0.6397023,23.708046
36.3,7.4357576,130.42902,-0.015420549,0.6406961,23.708113
36.31,7.4358425,130.44112,-0.015451405,0.64168835,23.70818
36.32,7.435928,130.45322,-0.015482195,0.64267886,23.708237
36.33,7.4360137,130.46527,-0.0155129805,0.6436669,23.708311
36.34,7.436099,130.47733,-0.015543763,0.6446552,23.708372
36.35,7.436183,130.48932,-0.015574414,0.6456399,23.708435
36.36,7.436268,130.50128,-0.015605222,0.6466265,23.708511
36.37,7.436352,130.51321,-0.015635911,0.64760923,23.708572
36.38,7.436439,130.52507,-0.015666276,0.6485872,23.708637
36.39,7.436522,130.53694,-0.015696775,0.6495659,23.708702
36.4,7.4366045,130.54878,-0.01572717,0.6505457,23.708775
36.41,7.4366894,130.56056,-0.015757393,0.6515211,23.708838
36.42,7.4367743,130.57236,-0.015787955,0.65249443,23.708899
36.43,7.4368553,130.58406,-0.015818309,0.65346754,23.70897
36.44,7.4369407,130.59575,-0.015848305,0.65443814,23.709036
36.45,7.4370255,130.6074,-0.015878864,0.65540844,23.709103
36.46,7.4371076,130.61908,-0.015908737,0.6563763,23.709173
36.47,7.4371896,130.63068,-0.01593874,0.6573428,23.709244
36.48,7.4372725,130.64218,-0.015969072,0.6583086,23.709309
36.49,7.437358,130.65378,-0.01599874,0.6592722,23.70938
36.5,7.437438,130.66525,-0.016028918,0.6602308,23.709438
36.51,7.437521,130.67671,-0.016058665,0.6611903,23.70951
36.52,7.437605,130.6882,-0.016088556,0.6621508,23.709585
36.53,7.437686,130.6996,-0.0161183,0.66310644,23.70965
36.54,7.437765,130.71098,-0.016148143,0.664062,23.709717
36.55,7.437848,130.72232,-0.016177673,0.66501355,23.70979
36.56,7.4379306,130.73367,-0.016207315,0.66596675,23.70986
36.57,7.438011,130.74493,-0.016237065,0.666916,23.709927
36.58,7.438092,130.75616,-0.01626654,0.6678649,23.709991
36.59,7.438176,130.76741,-0.016295992,0.66881126,23.710064
36.6,7.4382553,130.77866,-0.01632537,0.66975677,23.710135
36.61,7.438338,130.78978,-0.01635487,0.6706996,23.710209
36.62,7.4384165,130.80092,-0.01638434,0.67164254,23.710274
36.63,7.4384966,130.812,-0.016413592,0.67258286,23.710344
36.64,7.438579,130.82314,-0.01644272,0.67352146,23.710413
36.65,7.4386573,130.83412,-0.016472083,0.67445827,23.71048
36.66,7.4387393,130.84518,-0.016501091,0.67539495,23.71055
36.67,7.4388204,130.85616,-0.016530126,0.67632794,23.710623
36.68,7.438896,130.86711,-0.016559012,0.6772612,23.710697
36.69,7.4389777,130.87805,-0.016587991,0.6781923,23.710768
36.7,7.439056,130.88896,-0.016617194,0.67912185,23.710838
36.71,7.439137,130.8998,-0.016646087,0.68005073,23.71091
36.72,7.4392157,130.91064,-0.016674828,0.68097574,23.71098
36.73,7.439293,130.92143,-0.01670368,0.6818989,23.711054
36.74,7.4393725,130.93224,-0.016732428,0.6828238,23.711124
36.75,7.4394526,130.94298,-0.016761187,0.68374443,23.711187
36.76,7.439529,130.95369,-0.016789846,0.68466485,23.711262
36.77,7.4396095,130.9644,-0.016818509,0.6855835,23.711334
36.78,7.4396853,130.97508,-0.016846929,0.6864985,23.711412
36.79,7.439764,130.98569,-0.01687545,0.6874149,23.711481
36.8,7.439841,130.99629,-0.016903792,0.68832874,23.711544
36.81,7.439919,131.00687,-0.016932186,0.68923944,23.71162
36.82,7.4399967,131.01744,-0.016960781,0.6901499,23.711697
36.83,7.440074,131.02792,-0.016988978,0.6910599,23.71176
36.84,7.440151,131.03845,-0.017017137,0.69196606,23.711838
36.85,7.440231,131.04892,-0.01704545,0.6928717,23.71191
36.86,7.4403067,131.05939,-0.01707353,0.6937759,23.71198
36.87,7.440382,131.06973,-0.017101604,0.69467854,23.712059
36.88,7.4404607,131.08014,-0.017129563,0.69557977,23.712132
36.89,7.4405355,131.0905,-0.017157622,0.69647944,23.712202
36.9,7.440612,131.1008,-0.017185424,0.6973768,23.712269
36.91,7.4406853,131.11115,-0.017213296,0.69827366,23.71235
36.92,7.440764,131.12141,-0.017241184,0.69916683,23.712423
36.93,7.44084,131.13165,-0.01726909,0.7000605,23.7125
36.94,7.4409165,131.14189,-0.017296761,0.7009523,23.712574
36.95,7.4409914,131.15207,-0.017324604,0.70184314,23.712643
36.96,7.4410677,131.16222,-0.017352138,0.7027322,23.712719
36.97,7.4411435,131.17235,-0.017379869,0.703619,23.71279
36.98,7.441216,131.18245,-0.017407231,0.7045033,23.712862
36.99,7.4412937,131.19254,-0.017434768,0.7053874,23.712938
37.0,7.441366,131.20259,-0.017462227,0.7062693,23.713017
37.01,7.441441,131.21259,-0.017489605,0.70714957,23.713097
37.02,7.441518,131.22264,-0.017517094,0.70803034,23.713163
37.03,7.4415894,131.23259,-0.017544229,0.70890784,23.71324
37.04,7.4416656,131.24257,-0.017571598,0.70978403,23.713318
37.05,7.4417396,131.25249,-0.01759855,0.7106577,23.713385
37.06,7.4418125,131.26236,-0.0176257,0.7115308,23.713463
37.07,7.441886,131.2722,-0.017653108,0.7124027,23.713537
37.08,7.4419613,131.28206,-0.01767997,0.71327317,23.713614
37.09,7.442035,131.29189,-0.01770718,0.7141405,23.71369
37.1,7.4421062,131.30173,-0.017733652,0.715008,23.713758
37.11,7.442182,131.31145,-0.017760709,0.7158735,23.713839
37.12,7.4422507,131.3212,-0.01778778,0.71673775,23.713913
37.13,7.4423265,131.33092,-0.017814495,0.7176018,23.713987
37.14,7.4423985,131.3406,-0.017841324,0.7184618,23.714066
37.15,7.4424715,131.35022,-0.017867826,0.71932137,23.71414
37.16,7.4425454,131.3599,-0.017894424,0.72017753,23.714212
37.17,7.4426184,131.3695,-0.01792097,0.7210343,23.714293
37.18,7.4426875,131.37909,-0.017947465,0.72189,23.71436
37.19,7.442759,131.38863,-0.01797409,0.72274125,23.714441
37.2,7.4428334,131.39818,-0.018000644,0.72359586,23.714518
37.21,7.4429026,131.40771,-0.01802688,0.7244444,23.714594
37.22,7.442974,131.41719,-0.018052928,0.72529376,23.714674
37.23,7.4430485,131.42665,-0.018079467,0.72614133,23.714746
37.24,7.4431195,131.43608,-0.01810576,0.7269877,23.714819
37.25,7.4431896,131.4455,-0.018131893,0.72783077,23.714893
37.26,7.443262,131.45488,-0.01815816,0.7286732,23.714975
37.27,7.443331,131.46423,-0.018184055,0.72951555,23.71505
37.28,7.443402,131.47362,-0.018209953,0.7303548,23.715128
37.29,7.443473,131.4829,-0.018235967,0.731192,23.7152
37.3,7.4435434,131.49217,-0.01826214,0.732031,23.71528
37.31,7.443614,131.50142,-0.018287856,0.7328659,23.715364
37.32,7.443684,131.51067,-0.018313847,0.73370063,23.715439
37.33,7.4437547,131.5199,-0.018339619,0.73453104,23.71551
37.34,7.4438233,131.5291,-0.018365268,0.7353625,23.715591
37.35,7.443894,131.53828,-0.018390715,0.73619175,23.715668
37.36,7.4439626,131.54742,-0.018416744,0.7370193,23.715744
37.37,7.4440327,131.55653,-0.018442035,0.7378452,23.71582
37.38,7.4441004,131.56563,-0.01846771,0.73867226,23.7159
37.39,7.444169,131.57472,-0.018493127,0.73949337,23.71598
37.4,7.4442387,131.58374,-0.01851875,0.7403165,23.716053
37.41,7.4443073,131.59273,-0.018544119,0.7411374,23.716127
37.42,7.4443765,131.60176,-0.018569373,0.7419573,23.716211
37.43,7.4444456,131.61073,-0.018594958,0.7427738,23.716293
37.44,7.4445148,131.61964,-0.018619843,0.74358916,23.716372
37.45,7.4445786,131.62865,-0.018645108,0.7444055,23.716442
37.46,7.444652,131.63754,-0.018670306,0.74521816,23.716516
37.47,7.44472,131.64642,-0.018695347,0.7460308,23.716595
37.48,7.4447856,131.6553,-0.018720288,0.74684083,23.716677
37.49,7.4448543,131.6641,-0.018745363,0.74764824,23.71675
37.5,7.4449224,131.67294,-0.018770356,0.74845755,23.716831
37.51,7.444993,131.68172,-0.018795274,0.7492626,23.71691
37.52,7.4450583,131.69049,-0.018820051,0.7500665,23.71699
37.53,7.4451246,131.69926,-0.018845033,0.75087035,23.717066
37.54,7.445191,131.708,-0.018869657,0.7516731,23.717144
37.55,7.445259,131.71667,-0.018894382,0.75247085,23.717224
37.56,7.445325,131.72539,-0.018919114,0.7532706,23.717302
37.57,7.445395,131.73401,-0.018943392,0.75406766,23.717379
37.58,7.4454603,131.74263,-0.018967997,0.75486445,23.717457
37.59,7.4455276,131.75125,-0.018992338,0.7556585,23.71754
37.6,7.445592,131.75987,-0.019017067,0.7564502,23.717619
37.61,7.4456596,131.76843,-0.019041501,0.75724316,23.717697
37.62,7.4457235,131.77698,-0.019066133,0.7580317,23.717777
37.63,7.4457903,131.78548,-0.019089997,0.7588227,23.717848
37.64,7.445856,131.79396,-0.019114237,0.75960946,23.717932
37.65,7.445923,131.8025,-0.019138545,0.7603942,23.718014
37.66,7.445987,131.81094,-0.019162696,0.76117957,23.718096
37.67,7.4460526,131.81934,-0.019186452,0.76196325,23.71817
37.68,7.446118,131.82779,-0.019210868,0.7627429,23.718246
37.69,7.446182,131.83618,-0.019234959,0.76352525,23.718325
37.7,7.4462485,131.84456,-0.019258656,0.7643037,23.71841
37.71,7.4463143,131.8529,-0.019282639,0.76508296,23.718489
37.72,7.446379,131.86124,-0.019306686,0.76585555,23.718561
37.73,7.446446,131.86957,-0.019330088,0.76663244,23.718647
37.74,7.446508,131.87784,-0.019354131,0.7674055,23.718721
37.75,7.4465714,131.88611,-0.019377887,0.76817584,23.718807
37.76,7.4466367,131.89435,-0.019401398,0.7689471,23.71888
37.77,7.4467,131.90257,-0.019425225,0.76971626,23.718962
37.78,7.446764,131.9107,-0.019448753,0.7704828,23.719038
37.79,7.446828,131.9189,-0.019472353,0.7712501,23.71912
37.8,7.446891,131.9271,-0.01949568,0.77201533,23.7192
37.81,7.4469566,131.9352,-0.019518923,0.7727777,23.71928
37.82,7.447018,131.94339,-0.019542493,0.7735399,23.71936
37.83,7.4470863,131.95148,-0.019565817,0.77430105,23.719446
37.84,7.4471464,131.95956,-0.019589055,0.7750592,23.719524
37.85,7.4472084,131.9676,-0.019612413,0.7758174,23.719604
37.86,7.4472694,131.97566,-0.019635439,0.77657497,23.719688
37.87,7.4473357,131.98364,-0.019658934,0.77733016,23.71976
37.88,7.447396,131.99165,-0.019681644,0.77808356,23.719843
37.89,7.4474616,131.99962,-0.019704975,0.77883554,23.719921
37.9,7.4475226,132.00758,-0.019728083,0.7795876,23.719995
37.91,7.447583,132.0155,-0.01975073,0.78033626,23.72008
37.92,7.4476466,132.02339,-0.01977351,0.78108513,23.720165
37.93,7.4477096,132.03128,-0.019796439,0.7818321,23.720238
37.94,7.447771,132.03918,-0.019819353,0.7825773,23.720322
37.95,7.447833,132.04703,-0.019842293,0.7833222,23.720402
37.96,7.447895,132.05487,-0.019864537,0.78406405,23.720482
37.97,7.447957,132.06265,-0.019887336,0.7848054,23.720562
37.98,7.448017,132.0705,-0.019910146,0.7855463,23.720646
37.99,7.4480815,132.07825,-0.019932527,0.78628373,23.720724
38.0,7.448142,132.08598,-0.019955214,0.7870213,23.720808
38.01,7.448202,132.09377,-0.019977573,0.78775895,23.720882
38.02,7.4482646,132.10149,-0.02000013,0.7884941,23.720964
38.03,7.4483247,132.10916,-0.020022463,0.7892263,23.721043
38.04,7.448386,132.11684,-0.020044953,0.789958,23.721123
38.05,7.4484463,132.12447,-0.020067092,0.7906897,23.721214
38.06,7.448506,132.13214,-0.02008918,0.79141974,23.72129
38.07,7.448567,132.13979,-0.020111393,0.79214835,23.721369
38.08,7.448627,132.14737,-0.02013382,0.7928754,23.721453
38.09,7.44869,132.1549,-0.020155773,0.79359937,23.721533
38.1,7.4487476,132.16254,-0.020177856,0.7943232,23.721615
38.11,7.448807,132.17003,-0.020199709,0.7950468,23.721693
38.12,7.448868,132.17755,-0.020221587,0.79576826,23.721777
38.13,7.4489274,132.18506,-0.020243809,0.7964878,23.721846
38.14,7.4489875,132.19258,-0.020265512,0.7972064,23.721935
38.15,7.449045,132.2,-0.020287175,0.7979238,23.722017
38.16,7.4491053,132.2075,-0.020309087,0.79864097,23.722092
38.17,7.4491634,132.2149,-0.020330582,0.79935503,23.722178
38.18,7.4492245,132.2223,-0.020352494,0.8000685,23.722263
38.19,7.4492826,132.22972,-0.020373996,0.80078065,23.722343
38.2,7.449343,132.23708,-0.020395495,0.80149233,23.722422
38.21,7.4494004,132.24445,-0.020417191,0.8022015,23.72251
38.22,7.449458,132.25177,-0.020438705,0.8029101,23.722586
38.23,7.4495187,132.25912,-0.02045998,0.80361676,23.722664
38.24,7.449574,132.26637,-0.020481523,0.804322,23.722748
38.25,7.4496336,132.27365,-0.020502921,0.80502665,23.722826
38.26,7.449692,132.28091,-0.02052417,0.80573034,23.722906
38.27,7.4497495,132.28818,-0.020545483,0.8064332,23.722982
38.28,7.4498086,132.29541,-0.020566445,0.8071337,23.723074
38.29,7.4498653,132.30266,-0.020587958,0.80783224,23.723146
38.3,7.4499235,132.3098,-0.02060901,0.80853057,23.72323
38.31,7.4499803,132.31703,-0.020630006,0.80922854,23.723314
38.32,7.450039,132.32416,-0.020650923,0.8099215,23.723392
38.33,7.450097,132.33133,-0.020671856,0.81061673,23.723476
38.34,7.450152,132.33841,-0.02069297,0.81130993,23.723557
38.35,7.4502125,132.3455,-0.020713922,0.81200135,23.723635
38.36,7.4502673,132.35262,-0.020734876,0.81269133,23.723724
38.37,7.4503255,132.35968,-0.02075538,0.8133805,23.723799
38.38,7.4503818,132.36676,-0.02077609,0.81406736,23.723877
38.39,7.4504366,132.3738,-0.020796772,0.8147546,23.723953
38.4,7.450497,132.38078,-0.020817388,0.81544125,23.724043
38.41,7.4505515,132.38779,-0.020838212,0.81612325,23.724121
38.42,7.450608,132.39474,-0.02085865,0.81680727,23.724207
38.43,7.450664,132.40172,-0.02087934,0.8174882,23.72429
38.44,7.4507194,132.40863,-0.020899732,0.8181701,23.724375
38.45,7.4507766,132.41563,-0.020920191,0.81884766,23.724457
38.46,7.4508343,132.42253,-0.020940516,0.8195251,23.72453
38.47,7.4508886,132.42946,-0.02096096,0.82020307,23.724615
38.48,7.450945,132.43626,-0.020981096,0.82087684,23.724703
38.49,7.451,132.44316,-0.021001644,0.82155144,23.724777
38.5,7.451055,132.44998,-0.021021727,0.8222244,23.724857
38.51,7.451111,132.45683,-0.021041937,0.8228965,23.724936
38.52,7.451166,132.46362,-0.021062065,0.8235663,23.725018
38.53,7.451222,132.4704,-0.021082353,0.82423353,23.725096
38.54,7.4512763,132.47722,-0.021102399,0.8249023,23.725185
38.55,7.45133,132.48398,-0.021122266,0.8255694,23.725266
38.56,7.4513845,132.49072,-0.021142073,0.8262347,23.725342
38.57,7.4514413,132.49745,-0.0211621,0.8268986,23.725426
38.58,7.451496,132.50414,-0.021181975,0.8275615,23.725512
38.59,7.451549,132.51085,-0.021201681,0.82822394,23.725592
38.6,7.451604,132.5175,-0.0212215,0.8288841,23.725674
38.61,7.45166,132.52415,-0.021241095,0.8295429,23.725752
38.62,7.4517136,132.53084,-0.021260958,0.83020127,23.72584
38.63,7.4517674,132.53748,-0.02128065,0.83085823,23.725924
38.64,7.4518204,132.54407,-0.021299928,0.8315129,23.725996
38.65,7.4518766,132.55066,-0.021319516,0.832167,23.726076
38.66,7.45193,132.55727,-0.021339282,0.83282113,23.726162
38.67,7.4519815,132.5638,-0.021358676,0.8334732,23.726234
38.68,7.452035,132.57039,-0.021378163,0.8341241,23.72632
38.69,7.4520907,132.57692,-0.021397278,0.8347728,23.726402
38.7,7.4521456,132.58342,-0.021416683,0.8354218,23.726486
38.71,7.452197,132.58989,-0.021435898,0.836069,23.726564
38.72,7.452251,132.5964,-0.02145511,0.8367132,23.72665
38.73,7.4523025,132.60289,-0.021474767,0.83735883,23.726728
38.74,7.452356,132.60931,-0.021493714,0.8380035,23.726814
38.75,7.4524045,132.61574,-0.021512732,0.838645,23.726889
38.76,7.4524603,132.6222,-0.021532048,0.8392863,23.726976
38.77,7.4525127,132.62863,-0.02155077,0.83992755,23.727057
38.78,7.452567,132.635,-0.0215699,0.84056604,23.727137
38.79,7.45262,132.64136,-0.021589007,0.8412036,23.727224
38.8,7.452673,132.64775,-0.021607742,0.8418386,23.7273
38.81,7.4527254,132.65405,-0.021626659,0.8424759,23.727385
38.82,7.452774,132.6604,-0.02164543,0.84310794,23.72746
38.83,7.452828,132.66669,-0.02166427,0.8437433,23.727545
38.84,7.45288,132.673,-0.02168294,0.8443731,23.72762
38.85,7.452932,132.67928,-0.021701694,0.8450053,23.727701
38.86,7.452984,132.68552,-0.021720383,0.84563386,23.727793
38.87,7.4530344,132.69177,-0.021739122,0.8462628,23.727873
38.88,7.453086,132.69807,-0.021757457,0.84689,23.72795
38.89,7.4531384,132.70427,-0.021776177,0.847515,23.728037
38.9,7.453189,132.71046,-0.021794505,0.8481407,23.728119
38.91,7.453241,132.71672,-0.021812908,0.84876394,23.72819
38.92,7.4532914,132.72285,-0.021831568,0.84938526,23.728275
38.93,7.4533424,132.72897,-0.021849647,0.8500074,23.728357
38.94,7.453394,132.73518,-0.021867976,0.85062695,23.728443
38.95,7.453444,132.7413,-0.021886371,0.8512467,23.728521
38.96,7.453495,132.74742,-0.021904614,0.85186386,23.728603
38.97,7.4535465,132.75351,-0.021922626,0.8524816,23.728682
38.98,7.4535966,132.7596,-0.021940593,0.8530959,23.728762
38.99,7.4536467,132.7657,-0.02195897,0.8537117,23.728846
39.0,7.4536967,132.77173,-0.021977007,0.85432374,23.728933
39.01,7.4537477,132.77779,-0.021995097,0.8549378,23.729012
39.02,7.453798,132.78383,-0.022013098,0.855548,23.729094
39.03,7.4538465,132.78981,-0.02203096,0.8561579,23.72917
39.04,7.453895,132.79579,-0.022048872,0.85676634,23.729248
39.05,7.4539456,132.80182,-0.02206662,0.8573748,23.729334
39.06,7.453996,132.80775,-0.022084586,0.8579818,23.72941
39.07,7.4540434,132.81377,-0.022102416,0.8585855,23.729496
39.08,7.4540954,132.81969,-0.022119869,0.85918975,23.729568
39.09,7.4541483,132.8256,-0.022137836,0.85979486,23.729654
39.1,7.454196,132.83154,-0.022155516,0.86039615,23.729733
39.11,7.4542446,132.83746,-0.022173155,0.8609966,23.729816
39.12,7.4542947,132.84338,-0.02219066,0.8615967,23.729898
39.13,7.4543443,132.84921,-0.022207946,0.86219525,23.729982
39.14,7.4543934,132.85507,-0.02222569,0.86279404,23.730055
39.15,7.454442,132.86095,-0.022243157,0.8633889,23.730145
39.16,7.4544907,132.86673,-0.022260513,0.86398435,23.730219
39.17,7.454539,132.87254,-0.022277843,0.86457884,23.730299
39.18,7.4545856,132.87834,-0.022295047,0.8651737,23.730375
39.19,7.4546366,132.88412,-0.022312328,0.8657639,23.73046
39.2,7.454684,132.88992,-0.022329569,0.8663554,23.730545
39.21,7.4547324,132.89569,-0.02234706,0.8669455,23.730629
39.22,7.45478,132.90146,-0.02236412,0.8675344,23.730703
39.23,7.454828,132.90715,-0.022381362,0.86812246,23.73079
39.24,7.454875,132.91292,-0.022398423,0.8687084,23.730862
39.25,7.454925,132.91858,-0.022415467,0.8692937,23.730946
39.26,7.4549704,132.92429,-0.022432487,0.86987793,23.73103
39.27,7.455021,132.92996,-0.022449233,0.8704617,23.731104
39.28,7.4550686,132.93565,-0.022466414,0.8710438,23.731192
39.29,7.455117,132.94125,-0.022483137,0.8716246,23.731276
39.3,7.455163,132.94691,-0.022500351,0.87220466,23.73135
39.31,7.45521,132.95256,-0.022516869,0.8727846,23.731436
39.32,7.4552574,132.95816,-0.022533786,0.8733622,23.731512
39.33,7.4553056,132.96376,-0.02255052,0.8739394,23.731596
39.34,7.4553504,132.96936,-0.02256729,0.874516,23.73168
39.35,7.4553995,132.97495,-0.022583757,0.8750901,23.731758
39.36,7.4554462,132.98056,-0.022600397,0.87566376,23.731836
39.37,7.4554935,132.98607,-0.0226168,0.8762367,23.731915
39.38,7.455539,132.99155,-0.022633508,0.8768085,23.731998
39.39,7.455587,132.9971,-0.022650033,0.8773787,23.732079
39.4,7.4556336,133.0026,-0.02266654,0.877947,23.732155
39.41,7.45568,133.00812,-0.022682883,0.8785162,23.732233
39.42,7.455727,133.01358,-0.022699248,0.8790833,23.732323
39.43,7.4557734,133.01903,-0.02271568,0.87965,23.732399
39.44,7.455819,133.0245,-0.0227319,0.8802159,23.732475
39.45,7.455865,133.02994,-0.022748116,0.88078,23.732553
39.46,7.4559097,133.03542,-0.022764336,0.8813431,23.732637
39.47,7.455956,133.0408,-0.02278062,0.88190377,23.732718
39.48,7.4560027,133.04619,-0.022796988,0.8824657,23.7328
39.49,7.4560494,133.05157,-0.022812948,0.88302577,23.732874
39.5,7.456094,133.05699,-0.022829093,0.88358486,23.732954
39.51,7.45614,133.06232,-0.022845004,0.88414323,23.733042
39.52,7.456186,133.06767,-0.022861116,0.88469875,23.73312
39.53,7.4562325,133.07304,-0.022877354,0.88525534,23.7332
39.54,7.4562774,133.07835,-0.022892948,0.8858104,23.733274
39.55,7.456321,133.08372,-0.022908974,0.88636434,23.733368
39.56,7.456368,133.089,-0.022924572,0.8869176,23.73344
39.57,7.4564137,133.0943,-0.022940546,0.8874694,23.733522
39.58,7.4564567,133.09955,-0.022956297,0.8880199,23.733597
39.59,7.4565005,133.10481,-0.022972092,0.8885703,23.733675
39.6,7.4565473,133.1101,-0.022987697,0.8891189,23.733759
39.61,7.456592,133.11536,-0.0230034,0.8896656,23.733843
39.62,7.4566374,133.12059,-0.023019198,0.89021254,23.733921
39.63,7.456683,133.12581,-0.023034602,0.89075863,23.734
39.64,7.456727,133.13104,-0.023050271,0.89130354,23.73408
39.65,7.45677,133.13622,-0.023065764,0.8918477,23.73415
39.66,7.4568157,133.14139,-0.02308122,0.8923898,23.734232
39.67,7.4568624,133.14651,-0.023096513,0.89293087,23.734316
39.68,7.456906,133.1517,-0.023112029,0.8934717,23.734392
39.69,7.456948,133.15688,-0.023127586,0.89401245,23.734472
39.7,7.4569936,133.162,-0.023142844,0.8945501,23.734552
39.71,7.457039,133.1671,-0.02315788,0.89508724,23.73463
39.72,7.4570804,133.17221,-0.02317347,0.89562416,23.734709
39.73,7.4571233,133.17732,-0.023188535,0.89616024,23.734795
39.74,7.4571695,133.18242,-0.023203768,0.89669514,23.734869
39.75,7.4572124,133.18744,-0.023218732,0.89722836,23.734947
39.76,7.457254,133.19255,-0.023234215,0.8977604,23.73503
39.77,7.4573,133.19763,-0.02324928,0.89829254,23.73511
39.78,7.4573417,133.20265,-0.02326417,0.89882374,23.735188
39.79,7.457385,133.2077,-0.023279268,0.89935493,23.735268
39.8,7.45743,133.21268,-0.023294166,0.89988184,23.735348
39.81,7.457471,133.21771,-0.023309052,0.9004102,23.735432
39.82,7.4575124,133.22272,-0.023323923,0.90093684,23.735504
39.83,7.4575577,133.22769,-0.023338933,0.9014635,23.735582
39.84,7.4576006,133.2326,-0.023353785,0.90198696,23.735668
39.85,7.457643,133.23763,-0.023368478,0.90251136,23.735748
39.86,7.4576864,133.24254,-0.023383114,0.90303385,23.73582
39.87,7.457729,133.24748,-0.023397923,0.90355635,23.735891
39.88,7.4577703,133.25241,-0.023412678,0.9040768,23.73598
39.89,7.4578156,133.25731,-0.02342724,0.9045968,23.736057
39.9,7.457857,133.26222,-0.023441933,0.90511644,23.73614
39.91,7.457897,133.26712,-0.02345654,0.9056349,23.736217
39.92,7.4579425,133.27203,-0.023471136,0.90615225,23.736296
39.93,7.457983,133.27682,-0.023485564,0.9066669,23.736374
39.94,7.458026,133.28171,-0.0235001,0.9071833,23.736452
39.95,7.458068,133.28658,-0.023514435,0.9076966,23.736526
39.96,7.458109,133.29141,-0.023528926,0.90821004,23.736605
39.97,7.458151,133.29623,-0.02354334,0.90872264,23.736687
39.98,7.4581933,133.30106,-0.02355751,0.9092338,23.736761
39.99,7.4582343,133.30583,-0.023571946,0.909744,23.73684
40.0,7.458276,133.31068,-0.023585983,0.91025424,23.736914
40.01,7.4583187,133.31537,-0.023600403,0.9107628,23.737
40.02,7.458359,133.32016,-0.023614645,0.911271,23.737082
40.03,7.4584017,133.32494,-0.023628943,0.9117769,23.737156
40.04,7.458444,133.3297,-0.023642901,0.9122826,23.737228
40.05,7.4584827,133.33447,-0.023657102,0.9127871,23.737312
40.06,7.4585266,133.33917,-0.02367112,0.91329086,23.73739
40.07,7.458567,133.3439,-0.02368525,0.91379344,23.73747
40.08,7.458608,133.34862,-0.023699243,0.91429675,23.737543
40.09,7.4586463,133.35332,-0.023712989,0.91479754,23.737621
40.1,7.4586887,133.35793,-0.02372688,0.9152976,23.737707
40.11,7.458731,133.36263,-0.023740858,0.91579795,23.737783
40.12,7.45877,133.36731,-0.023754701,0.916296,23.73786
40.13,7.4588103,133.37195,-0.023768675,0.9167917,23.73794
40.14,7.458852,133.3766,-0.023782458,0.9172883,23.738018
40.15,7.4588923,133.38123,-0.023796134,0.91778564,23.738089
40.16,7.4589314,133.38582,-0.02380998,0.9182794,23.738167
40.17,7.458974,133.39043,-0.023823425,0.91877294,23.738249
40.18,7.459013,133.39505,-0.02383745,0.9192666,23.73833
40.19,7.459056,133.39964,-0.023850705,0.91975784,23.738398
40.2,7.459095,133.40424,-0.0238645,0.9202504,23.738491
40.21,7.459133,133.40877,-0.023877718,0.92073905,23.738556
40.22,7.4591722,133.41335,-0.023891728,0.9212283,23.738636
40.23,7.4592133,133.41788,-0.023905199,0.92171645,23.73871
40.24,7.459253,133.42244,-0.023918435,0.922204,23.738785
40.25,7.4592934,133.42694,-0.023931999,0.92269075,23.738867
40.26,7.459334,133.43143,-0.023945257,0.9231763,23.738943
40.27,7.459373,133.43593,-0.02395866,0.92366135,23.739023
40.28,7.4594135,133.44046,-0.023971949,0.9241445,23.739098
40.29,7.459454,133.44492,-0.023985233,0.9246274,23.739178
40.3,7.45949,133.4494,-0.023998626,0.9251088,23.739243
40.31,7.4595313,133.45386,-0.024011638,0.92559075,23.739325
40.32,7.4595695,133.45836,-0.024025176,0.9260708,23.739399
40.33,7.4596105,133.4628,-0.024038233,0.92655075,23.739485
40.34,7.459649,133.46722,-0.024051227,0.9270289,23.739555
40.35,7.459687,133.47165,-0.024064727,0.9275061,23.739632
40.36,7.459725,133.47609,-0.024077542,0.9279829,23.739708
40.37,7.4597645,133.48045,-0.024090603,0.9284581,23.739786
40.38,7.459803,133.4849,-0.024103384,0.92893326,23.73986
40.39,7.4598427,133.48926,-0.024116606,0.9294063,23.739939
40.4,7.4598813,133.49362,-0.02412929,0.92988026,23.740017
40.41,7.4599185,133.49802,-0.024142507,0.9303545,23.740095
40.42,7.4599586,133.50232,-0.024155281,0.9308244,23.740168
40.43,7.4599977,133.50668,-0.024168167,0.9312949,23.740252
40.44,7.460036,133.51106,-0.024181023,0.9317647,23.740322
40.45,7.460073,133.5154,-0.024193719,0.932233,23.740396
40.46,7.4601126,133.5197,-0.024206437,0.9327011,23.740473
40.47,7.4601502,133.52397,-0.024219468,0.9331691,23.740557
40.48,7.460188,133.52827,-0.024232045,0.9336355,23.740631
40.49,7.4602304,133.53256,-0.024244789,0.9341017,23.7407
40.5,7.4602666,133.53682,-0.024257198,0.93456495,23.740784
40.51,7.460304,133.54112,-0.024269786,0.9350281,23.740858
40.52,7.4603415,133.54538,-0.024282418,0.93549275,23.740929
40.53,7.4603786,133.54964,-0.024294771,0.9359546,23.741014
40.54,7.460417,133.55386,-0.0243073,0.9364158,23.741087
40.55,7.4604545,133.5581,-0.024319913,0.9368745,23.741156
40.56,7.4604907,133.56229,-0.024332263,0.9373342,23.74124
40.57,7.460527,133.56651,-0.02434498,0.9377941,23.741308
40.58,7.4605665,133.57074,-0.024357095,0.9382521,23.741386
40.59,7.460603,133.5749,-0.024369452,0.93870807,23.741459
40.6,7.460642,133.57906,-0.024381835,0.9391637,23.741539
40.61,7.460678,133.58328,-0.024394173,0.93961954,23.74161
40.62,7.460716,133.58742,-0.024406482,0.9400734,23.74169
40.63,7.4607534,133.5916,-0.024418768,0.94052804,23.741758
40.64,7.460789,133.59576,-0.024430882,0.9409801,23.741842
40.65,7.460826,133.59988,-0.024442691,0.9414315,23.74192
40.66,7.4608636,133.604,-0.02445523,0.9418825,23.74199
40.67,7.460901,133.60812,-0.024467323,0.94233215,23.74207
40.68,7.460937,133.61226,-0.02447924,0.94278276,23.742146
40.69,7.4609737,133.61635,-0.024491686,0.943231,23.74222
40.7,7.4610114,133.62044,-0.02450335,0.9436778,23.742298
40.71,7.461048,133.62451,-0.024515416,0.9441259,23.742373
40.72,7.461086,133.62863,-0.024527248,0.9445723,23.742447
40.73,7.4611197,133.63268,-0.024539448,0.945017,23.742521
40.74,7.4611583,133.6367,-0.024551395,0.9454621,23.742594
40.75,7.4611955,133.64076,-0.024562884,0.94590545,23.742672
40.76,7.4612317,133.64482,-0.024574835,0.9463471,23.742743
40.77,7.461266,133.64885,-0.024586808,0.94679,23.742813
40.78,7.4613013,133.65285,-0.024598412,0.9472306,23.742895
40.79,7.4613385,133.65686,-0.024610505,0.947672,23.742968
40.8,7.461374,133.66087,-0.024622072,0.9481102,23.74304
40.81,7.4614105,133.66487,-0.02463374,0.94855034,23.743116
40.82,7.461447,133.66884,-0.024645396,0.94898796,23.743195
40.83,7.4614806,133.67285,-0.024656978,0.949425,23.74326
40.84,7.461518,133.67683,-0.024668716,0.94986236,23.74334
40.85,7.4615536,133.68074,-0.024680194,0.9502971,23.743418
40.86,7.46159,133.68471,-0.024691727,0.9507315,23.743486
40.87,7.461625,133.68866,-0.024703186,0.9511645,23.743555
40.88,7.4616594,133.6926,-0.024714675,0.9515991,23.743626
40.89,7.4616942,133.69653,-0.024726212,0.95203125,23.743706
40.9,7.461731,133.70049,-0.02473792,0.9524635,23.74378
40.91,7.461767,133.7043,-0.024749156,0.9528936,23.743853
40.92,7.4618025,133.70825,-0.02476044,0.9533236,23.743933
40.93,7.461837,133.71214,-0.02477188,0.9537537,23.744
40.94,7.461873,133.71602,-0.024783224,0.9541813,23.744074
40.95,7.461908,133.71988,-0.02479468,0.9546082,23.744152
40.96,7.461942,133.72372,-0.024805699,0.95503604,23.74423
40.97,7.4619784,133.7276,-0.024817035,0.95546246,23.744305
40.98,7.4620123,133.73146,-0.024828248,0.9558871,23.744375
40.99,7.4620457,133.73532,-0.024839591,0.9563116,23.744446
41.0,7.4620805,133.73914,-0.024850674,0.9567348,23.744518
41.01,7.462117,133.74294,-0.024861638,0.9571587,23.744598
41.02,7.462152,133.74675,-0.024872757,0.95758,23.744673
41.03,7.4621844,133.75056,-0.024884164,0.9580016,23.74474
41.04,7.4622207,133.75435,-0.024894953,0.958423,23.744812
41.05,7.4622545,133.75812,-0.02490586,0.9588424,23.744886
41.06,7.462288,133.76193,-0.024917096,0.9592619,23.744957
41.07,7.4623227,133.76567,-0.024928011,0.95967877,23.745028
41.08,7.462357,133.76945,-0.02493881,0.96009743,23.745102
41.09,7.46239,133.77324,-0.02494974,0.96051466,23.745184
41.1,7.462424,133.77698,-0.02496066,0.96093094,23.745243
41.11,7.4624605,133.78069,-0.024971422,0.9613457,23.745323
41.12,7.462494,133.78442,-0.024982166,0.9617604,23.7454
41.13,7.462527,133.78818,-0.024993192,0.96217394,23.745474
41.14,7.462561,133.79189,-0.025003951,0.9625869,23.745543
41.15,7.4625936,133.7956,-0.025014523,0.9629986,23.745615
41.16,7.4626303,133.79933,-0.02502542,0.96341145,23.745697
41.17,7.4626637,133.803,-0.025035936,0.963822,23.745758
41.18,7.4626975,133.80669,-0.02504675,0.9642315,23.745838
41.19,7.4627285,133.81036,-0.025057409,0.9646406,23.7459
41.2,7.4627643,133.81404,-0.025068212,0.9650488,23.745977
41.21,7.4627976,133.81769,-0.025078513,0.9654573,23.746054
41.22,7.462829,133.82132,-0.025089193,0.96586394,23.746126
41.23,7.4628644,133.82495,-0.02509971,0.96626985,23.746187
41.24,7.4628973,133.82863,-0.025110353,0.96667635,23.746267
41.25,7.462931,133.83226,-0.025120698,0.96708,23.746342
41.26,7.462964,133.83585,-0.02513107,0.9674854,23.746414
41.27,7.4629965,133.83951,-0.025141563,0.96788776,23.74648
41.28,7.463031,133.8431,-0.025152039,0.96828985,23.74655
41.29,7.4630647,133.84668,-0.025162205,0.96869147,23.746628
41.3,7.463098,133.85031,-0.025172561,0.9690932,23.7467
41.31,7.4631305,133.85391,-0.025183082,0.9694942,23.746767
41.32,7.4631624,133.85747,-0.025193505,0.9698932,23.746838
41.33,7.4631963,133.86101,-0.02520375,0.97029257,23.746918
41.34,7.4632263,133.86453,-0.025213856,0.9706912,23.746984
41.35,7.4632607,133.86812,-0.025224071,0.9710876,23.747055
41.36,7.4632936,133.87166,-0.025234222,0.9714849,23.747131
41.37,7.4633274,133.8752,-0.025244586,0.9718807,23.747202
41.38,7.463359,133.8787,-0.02525447,0.97227573,23.747267
41.39,7.463391,133.88223,-0.025264513,0.9726701,23.747341
41.4,7.463423,133.88577,-0.025274768,0.97306395,23.747414
41.41,7.463458,133.88924,-0.025284898,0.9734566,23.747484
41.42,7.4634895,133.89275,-0.025294945,0.9738498,23.747555
41.43,7.463522,133.89622,-0.025305007,0.97424185,23.747622
41.44,7.463554,133.89978,-0.02531511,0.9746314,23.7477
41.45,7.4635854,133.90323,-0.025325015,0.9750215,23.747772
41.46,7.463618,133.9067,-0.025334977,0.97541296,23.747847
41.47,7.4636507,133.91013,-0.02534499,0.97580206,23.747913
41.48,7.4636817,133.9136,-0.025354784,0.97618973,23.747978
41.49,7.4637146,133.91705,-0.025364615,0.97657657,23.748053
41.5,7.4637446,133.92052,-0.025374573,0.976964,23.748125
41.51,7.4637756,133.92395,-0.025384214,0.97734857,23.748196
41.52,7.4638095,133.92735,-0.02539415,0.97773397,23.748262
41.53,7.4638414,133.93079,-0.025403868,0.97811973,23.748331
41.54,7.463872,133.93419,-0.025413495,0.9785031,23.748404
41.55,7.463904,133.93758,-0.025423326,0.97888494,23.748478
41.56,7.463936,133.94098,-0.025433183,0.9792689,23.748549
41.57,7.4639683,133.94437,-0.02544279,0.9796494,23.748623
41.58,7.4639993,133.94771,-0.025452241,0.9800321,23.748678
41.59,7.4640307,133.95107,-0.025461927,0.980412,23.748755
41.6,7.4640613,133.95447,-0.025471542,0.9807923,23.748825
41.61,7.4640937,133.95786,-0.025481284,0.98117113,23.748894
41.62,7.4641247,133.96123,-0.02549088,0.9815507,23.748972
41.63,7.464155,133.96454,-0.025500204,0.981928,23.749035
41.64,7.464186,133.9679,-0.025509708,0.98230374,23.749105
41.65,7.46422,133.97124,-0.02551898,0.9826813,23.749178
41.66,7.464251,133.97452,-0.025528349,0.9830564,23.749247
41.67,7.4642787,133.97784,-0.025538106,0.9834306,23.74932
41.68,7.4643087,133.98116,-0.025547732,0.9838053,23.749386
41.69,7.464339,133.98447,-0.02555696,0.9841784,23.749454
41.7,7.464371,133.98775,-0.025566265,0.9845519,23.749521
41.71,7.4644012,133.99109,-0.02557569,0.98492503,23.749584
41.72,7.4644346,133.99432,-0.02558494,0.98529434,23.749662
41.73,7.464463,133.99762,-0.025594268,0.9856663,23.749735
41.74,7.4644947,134.00085,-0.02560335,0.986037,23.749802
41.75,7.4645243,134.00414,-0.025612626,0.9864063,23.749874
41.76,7.4645557,134.00737,-0.02562201,0.9867754,23.749945
41.77,7.4645863,134.01067,-0.025631111,0.9871435,23.75001
41.78,7.464617,134.0139,-0.025640238,0.9875113,23.750088
41.79,7.4646473,134.01718,-0.025649507,0.98787725,23.750145
41.8,7.464677,134.0204,-0.025658794,0.9882442,23.750216
41.81,7.4647074,134.02357,-0.025667887,0.9886092,23.750284
41.82,7.4647374,134.02678,-0.025676828,0.98897386,23.750355
41.83,7.4647684,134.03,-0.02568606,0.98933804,23.750423
41.84,7.4647956,134.0332,-0.02569487,0.9897014,23.750492
41.85,7.4648304,134.03638,-0.025704168,0.99006546,23.750559
41.86,7.4648595,134.0396,-0.025713038,0.9904262,23.750626
41.87,7.4648876,134.04279,-0.02572187,0.9907893,23.750698
41.88,7.4649177,134.04599,-0.02573077,0.9911499,23.750765
41.89,7.464952,134.04913,-0.025739793,0.9915104,23.750828
41.9,7.46498,134.05228,-0.025748678,0.99187005,23.750898
41.91,7.4650073,134.05542,-0.025757771,0.99222815,23.75098
41.92,7.4650373,134.05858,-0.025766537,0.99258745,23.751038
41.93,7.4650674,134.06172,-0.02577538,0.9929451,23.751108
41.94,7.4650965,134.06483,-0.025784213,0.99330187,23.751175
41.95,7.4651265,134.068,-0.025792833,0.9936569,23.75124
41.96,7.465155,134.0711,-0.025801565,0.99401355,23.751312
41.97,7.465186,134.0742,-0.025810506,0.9943688,23.751377
41.98,7.465213,134.07733,-0.025819227,0.9947221,23.75144
41.99,7.4652443,134.08044,-0.025827978,0.99507713,23.751509
42.0,7.4652715,134.08354,-0.025836594,0.99542975,23.75158
42.01,7.4653044,134.08664,-0.025845256,0.9957826,23.751648
42.02,7.465334,134.08969,-0.025853705,0.99613416,23.751719
42.03,7.4653597,134.09279,-0.025862478,0.9964857,23.751783
42.04,7.46539,134.09584,-0.025871035,0.99683595,23.751852
42.05,7.4654207,134.09889,-0.02587967,0.99718666,23.751928
42.06,7.465449,134.10199,-0.025888171,0.9975351,23.75199
42.07,7.465477,134.10501,-0.025896624,0.9978844,23.752058
42.08,7.465505,134.1081,-0.025905311,0.99823236,23.752121
42.09,7.4655337,134.11111,-0.0259135,0.9985802,23.75219
42.1,7.4655647,134.11412,-0.025921963,0.9989263,23.752254
42.11,7.465591,134.1172,-0.025930587,0.9992721,23.752321
42.12,7.4656215,134.12016,-0.025939006,0.9996172,23.752386
42.13,7.46565,134.1232,-0.025947418,0.9999629,23.75246
42.14,7.465679,134.1262,-0.025955841,1.0003079,23.752525
42.15,7.465707,134.12921,-0.025964335,1.0006512,23.752586
42.16,7.465735,134.13217,-0.02597244,1.0009936,23.75266
42.17,7.465765,134.13522,-0.02598083,1.0013373,23.752724
42.18,7.4657917,134.13815,-0.025989164,1.0016782,23.752789
42.19,7.465821,134.14117,-0.025997404,1.0020196,23.75286
42.2,7.4658494,134.14412,-0.026005879,1.0023614,23.752918
42.21,7.465879,134.1471,-0.026014008,1.0027016,23.752989
42.22,7.465909,134.15001,-0.026022196,1.0030392,23.753056
42.23,7.465934,134.15297,-0.026030313,1.0033791,23.753128
42.24,7.4659615,134.15593,-0.026038598,1.0037166,23.753197
42.25,7.465991,134.15886,-0.026046526,1.0040548,23.753258
42.26,7.466019,134.16177,-0.026054699,1.004391,23.753315
42.27,7.4660473,134.16475,-0.026062831,1.0047282,23.75338
42.28,7.466074,134.16766,-0.026070911,1.005065,23.75345
42.29,7.466104,134.17061,-0.026079059,1.0053986,23.753521
42.3,7.466129,134.17352,-0.026087243,1.0057327,23.753584
42.31,7.46616,134.17642,-0.02609536,1.0060672,23.75365
42.32,7.466185,134.17929,-0.026103143,1.0064,23.753714
42.33,7.4662127,134.18217,-0.026111197,1.006733,23.753778
42.34,7.4662414,134.18509,-0.026119184,1.0070653,23.753849
42.35,7.4662695,134.18796,-0.026127178,1.0073975,23.753914
42.36,7.466296,134.19084,-0.02613512,1.0077285,23.753986
42.37,7.4663253,134.19368,-0.026143052,1.0080587,23.754042
42.38,7.4663544,134.19655,-0.026150826,1.0083888,23.754114
42.39,7.466379,134.19942,-0.026158642,1.0087174,23.754177
42.4,7.466408,134.2023,-0.026166491,1.0090456,23.754242
42.41,7.466435,134.20511,-0.026174184,1.0093733,23.754307
42.42,7.4664626,134.20798,-0.026182257,1.0097017,23.75437
42.43,7.4664884,134.21077,-0.02618999,1.0100281,23.75443
42.44,7.466516,134.21358,-0.026197787,1.0103545,23.754494
42.45,7.466543,134.21642,-0.026205216,1.0106801,23.75456
42.46,7.4665713,134.21925,-0.026213259,1.0110053,23.754635
42.47,7.4665995,134.22206,-0.026220977,1.0113302,23.754704
42.48,7.4666257,134.22488,-0.026228666,1.0116537,23.754757
42.49,7.4666533,134.22769,-0.026236217,1.0119764,23.75482
42.5,7.466681,134.23047,-0.026243977,1.0122993,23.754887
42.51,7.4667053,134.23325,-0.02625164,1.0126216,23.75496
42.52,7.4667335,134.23605,-0.0262593,1.0129442,23.755018
42.53,7.4667597,134.23878,-0.026266996,1.0132647,23.75508
42.54,7.466787,134.24156,-0.0262746,1.0135846,23.755144
42.55,7.466813,134.24432,-0.026281934,1.013904,23.755213
42.56,7.4668403,134.24709,-0.02628962,1.0142227,23.755272
42.57,7.4668665,134.24985,-0.026297066,1.0145419,23.75534
42.58,7.466894,134.25258,-0.026304655,1.0148599,23.755407
42.59,7.4669223,134.25531,-0.02631202,1.0151771,23.755466
42.6,7.466948,134.25807,-0.026319426,1.0154945,23.755531
42.61,7.4669747,134.26079,-0.02632697,1.015811,23.755598
42.62,7.4669995,134.26355,-0.026334487,1.0161271,23.755665
42.63,7.4670277,134.26624,-0.02634181,1.0164418,23.755722
42.64,7.467053,134.26895,-0.02634935,1.0167568,23.755785
42.65,7.46708,134.2717,-0.026356414,1.0170707,23.755854
42.66,7.4671054,134.2744,-0.026363973,1.0173838,23.75591
42.67,7.467132,134.27705,-0.026371054,1.0176979,23.75598
42.68,7.4671583,134.27979,-0.026378274,1.0180093,23.756054
42.69,7.4671855,134.28241,-0.0263859,1.0183216,23.756107
42.7,7.4672112,134.28516,-0.026393116,1.0186336,23.756166
42.71,7.4672375,134.28781,-0.026400398,1.0189446,23.756235
42.72,7.4672637,134.2905,-0.026407767,1.0192548,23.756302
42.73,7.4672894,134.29317,-0.026414897,1.0195647,23.756363
42.74,7.467314,134.29584,-0.02642227,1.0198725,23.756422
42.75,7.4673395,134.2985,-0.026429225,1.0201827,23.75649
42.76,7.4673657,134.30113,-0.026436493,1.0204897,23.756554
42.77,7.4673934,134.3038,-0.026443664,1.0207973,23.756609
42.78,7.4674187,134.30638,-0.026450615,1.0211037,23.75668
42.79,7.467445,134.30904,-0.026457746,1.021411,23.756744
42.8,7.4674687,134.31166,-0.0264651,1.0217173,23.756804
42.81,7.467496,134.3143,-0.026472084,1.0220202,23.756857
42.82,7.4675207,134.31693,-0.02647939,1.0223266,23.756935
42.83,7.467548,134.31955,-0.026486337,1.02263,23.75699
42.84,7.4675717,134.32213,-0.02649324,1.0229349,23.757055
42.85,7.467597,134.32474,-0.026500203,1.0232377,23.757116
42.86,7.4676266,134.32733,-0.026507072,1.0235407,23.757181
42.87,7.467649,134.32997,-0.026514102,1.0238419,23.757242
42.88,7.467675,134.33253,-0.0265214,1.0241444,23.7573
42.89,7.467701,134.33507,-0.02652824,1.0244437,23.75737
42.9,7.467726,134.33765,-0.026535045,1.0247447,23.757421
42.91,7.4677505,134.34027,-0.026541911,1.0250449,23.757494
42.92,7.4677773,134.34282,-0.026548933,1.0253435,23.757544
42.93,7.467801,134.34541,-0.026555967,1.0256426,23.757614
42.94,7.4678254,134.34793,-0.026562922,1.0259411,23.757671
42.95,7.4678516,134.35052,-0.026569225,1.0262394,23.757738
42.96,7.467879,134.35304,-0.026576195,1.026536,23.757797
42.97,7.4679027,134.3556,-0.026583124,1.026833,23.757866
42.98,7.4679275,134.35815,-0.02658983,1.0271287,23.757915
42.99,7.4679503,134.36069,-0.026596539,1.0274236,23.757984
43.0,7.467977,134.36317,-0.026603699,1.0277197,23.75804
43.01,7.4680033,134.36574,-0.026610162,1.0280143,23.758106
43.02,7.4680266,134.36821,-0.026616968,1.0283083,23.758163
43.03,7.468052,134.37076,-0.026623547,1.0286007,23.75823
43.04,7.468079,134.37325,-0.026630271,1.0288951,23.7583
43.05,7.4681025,134.37572,-0.026636954,1.0291874,23.758358
43.06,7.4681277,134.3782,-0.026643403,1.0294783,23.758419
43.07,7.4681516,134.38072,-0.026650224,1.0297711,23.758476
43.08,7.468176,134.38324,-0.026656952,1.0300615,23.758545
43.09,7.4682007,134.3857,-0.026663568,1.0303525,23.758606
43.1,7.468224,134.3882,-0.02667024,1.030642,23.75866
43.11,7.4682493,134.39067,-0.026676655,1.0309321,23.758722
43.12,7.4682755,134.39311,-0.026683293,1.0312203,23.75878
43.13,7.468299,134.39555,-0.026689917,1.0315082,23.758835
43.14,7.4683223,134.39803,-0.02669612,1.0317967,23.758902
43.15,7.4683475,134.40047,-0.02670272,1.0320837,23.75896
43.16,7.468372,134.40291,-0.026709452,1.0323704,23.75902
43.17,7.468396,134.40536,-0.026715841,1.0326564,23.75908
43.18,7.468417,134.40782,-0.026722245,1.0329424,23.759142
43.19,7.4684434,134.41026,-0.026728693,1.0332286,23.759207
43.2,7.468467,134.41269,-0.026735097,1.033512,23.759268
43.21,7.4684916,134.41508,-0.026741493,1.0337969,23.759327
43.22,7.468514,134.41751,-0.026747942,1.0340804,23.759384
43.23,7.4685383,134.41994,-0.026754271,1.0343635,23.759445
43.24,7.468566,134.42233,-0.026760623,1.0346466,23.75951
43.25,7.4685893,134.42477,-0.026767,1.0349288,23.759567
43.26,7.4686136,134.42719,-0.02677324,1.03521,23.759624
43.27,7.4686365,134.42955,-0.02677961,1.0354924,23.759695
43.28,7.468658,134.43192,-0.026785951,1.0357716,23.759752
43.29,7.4686847,134.4343,-0.026792094,1.0360525,23.759806
43.3,7.4687085,134.4367,-0.026798781,1.0363326,23.759869
43.31,7.468732,134.4391,-0.02680504,1.0366119,23.759926
43.32,7.468754,134.44147,-0.026810974,1.0368899,23.759985
43.33,7.468784,134.4438,-0.026817169,1.0371689,23.760042
43.34,7.4688034,134.44617,-0.026823267,1.037447,23.7601
43.35,7.468826,134.44853,-0.026829764,1.0377227,23.76016
43.36,7.4688516,134.45088,-0.02683603,1.0379997,23.760227
43.37,7.468872,134.45322,-0.026842058,1.0382768,23.760279
43.38,7.468898,134.4556,-0.026848245,1.0385523,23.760342
43.39,7.4689236,134.45795,-0.026854232,1.0388283,23.7604
43.4,7.468945,134.46027,-0.026860408,1.0391033,23.760464
43.41,7.4689674,134.46263,-0.02686682,1.0393772,23.76052
43.42,7.4689903,134.46494,-0.026872754,1.0396508,23.760582
43.43,7.4690175,134.46725,-0.026879016,1.0399245,23.76064
43.44,7.469039,134.46956,-0.026884783,1.0401973,23.760696
43.45,7.469064,134.47186,-0.026890874,1.0404702,23.76075
43.46,7.469085,134.47421,-0.0268967,1.0407425,23.760815
43.47,7.4691086,134.47647,-0.026902854,1.0410136,23.76087
43.48,7.4691324,134.47874,-0.026909031,1.0412843,23.760933
43.49,7.469156,134.48105,-0.02691473,1.0415561,23.76099
43.5,7.4691753,134.48338,-0.026920848,1.0418255,23.761047
43.51,7.4692006,134.48563,-0.026926786,1.0420951,23.761112
43.52,7.4692245,134.48793,-0.026932638,1.0423636,23.761166
43.53,7.469247,134.4902,-0.026938897,1.0426306,23.761219
43.54,7.4692698,134.49245,-0.026944786,1.0429001,23.76128
43.55,7.4692926,134.49472,-0.02695056,1.0431671,23.761335
43.56,7.469314,134.49702,-0.026956186,1.0434345,23.761398
43.57,7.469337,134.49928,-0.026962332,1.0437009,23.761454
43.58,7.469361,134.50154,-0.026968036,1.0439677,23.761522
43.59,7.4693847,134.5038,-0.026973877,1.0442332,23.761572
43.6,7.4694066,134.50604,-0.02697983,1.0444978,23.761633
43.61,7.4694304,134.50826,-0.026985478,1.0447633,23.761686
43.62,7.4694514,134.51048,-0.026991326,1.0450277,23.761742
43.63,7.4694757,134.51273,-0.02699726,1.0452913,23.761806
43.64,7.469498,134.51494,-0.027003009,1.0455555,23.761868
43.65,7.4695206,134.51721,-0.02700862,1.0458176,23.761917
43.66,7.469541,134.5194,-0.027014412,1.0460805,23.761978
43.67,7.4695625,134.5216,-0.027020317,1.0463424,23.762041
43.68,7.4695883,134.52385,-0.027026016,1.0466046,23.7621
43.69,7.469611,134.52608,-0.02703162,1.0468644,23.762156
43.7,7.4696317,134.52826,-0.027037252,1.0471249,23.762207
43.71,7.4696555,134.53046,-0.027043104,1.0473864,23.76226
43.72,7.469676,134.53265,-0.027048718,1.0476454,23.762321
43.73,7.4697003,134.53482,-0.027054407,1.0479052,23.76238
43.74,7.469723,134.53702,-0.02706002,1.0481638,23.762438
43.75,7.469747,134.5392,-0.027065493,1.048422,23.762493
43.76,7.4697676,134.54138,-0.027071092,1.0486795,23.762552
43.77,7.4697895,134.54355,-0.027076695,1.0489373,23.762613
43.78,7.4698105,134.54573,-0.027082242,1.0491942,23.762663
43.79,7.4698324,134.54793,-0.027087916,1.0494508,23.762726
43.8,7.469855,134.55008,-0.027093396,1.0497074,23.762783
43.81,7.4698753,134.55223,-0.027099065,1.0499616,23.762836
43.82,7.4698987,134.55438,-0.027104545,1.0502185,23.7629
43.83,7.469919,134.55647,-0.027110022,1.0504725,23.762953
43.84,7.469944,134.55862,-0.027115624,1.0507275,23.762999
43.85,7.4699645,134.56076,-0.027121034,1.0509801,23.763063
43.86,7.469987,134.56291,-0.027126629,1.0512327,23.763123
43.87,7.4700103,134.56508,-0.027131997,1.0514863,23.763174
43.88,7.4700317,134.56721,-0.027137365,1.0517393,23.763233
43.89,7.4700556,134.56932,-0.027142882,1.0519916,23.76329
43.9,7.470075,134.57141,-0.027148433,1.0522431,23.763338
43.91,7.4700966,134.57355,-0.027153887,1.0524937,23.763401
43.92,7.470118,134.57567,-0.027159099,1.0527455,23.76346
43.93,7.4701395,134.5778,-0.027164485,1.0529948,23.763515
43.94,7.4701595,134.57988,-0.027169801,1.0532453,23.763569
43.95,7.470183,134.58195,-0.027175132,1.0534948,23.763624
43.96,7.4702015,134.58409,-0.02718046,1.0537434,23.763683
43.97,7.4702253,134.58617,-0.027185991,1.053991,23.763737
43.98,7.4702444,134.58827,-0.027191218,1.0542399,23.763792
43.99,7.4702716,134.59033,-0.027196698,1.0544875,23.76385
44.0,7.4702916,134.59242,-0.027201783,1.0547345,23.763905
44.01,7.470312,134.59447,-0.027206823,1.0549811,23.763958
44.02,7.4703336,134.59659,-0.027212232,1.0552288,23.764019
44.03,7.470357,134.59865,-0.027217507,1.0554737,23.764065
44.04,7.4703755,134.60066,-0.027222812,1.0557189,23.764128
44.05,7.470398,134.60272,-0.027228162,1.0559636,23.764175
44.06,7.4704194,134.60484,-0.02723353,1.0562077,23.764233
44.07,7.47044,134.60687,-0.027238496,1.0564526,23.764286
44.08,7.470463,134.60892,-0.02724361,1.0566968,23.764347
44.09,7.4704833,134.61095,-0.027248736,1.0569396,23.7644
44.1,7.4705024,134.613,-0.027254041,1.0571824,23.764452
44.11,7.470525,134.61507,-0.027259197,1.0574249,23.764515
44.12,7.4705453,134.61707,-0.027264323,1.0576671,23.764566
44.13,7.4705667,134.61914,-0.027269453,1.057909,23.76462
44.14,7.4705896,134.62114,-0.027274497,1.0581504,23.764671
44.15,7.470608,134.62317,-0.02727959,1.0583905,23.764736
44.16,7.4706306,134.62517,-0.027284857,1.0586315,23.76478
44.17,7.4706526,134.62717,-0.027289916,1.0588713,23.764843
44.18,7.470673,134.62921,-0.02729505,1.0591104,23.764898
44.19,7.470694,134.63123,-0.027300019,1.0593498,23.76495
44.2,7.470713,134.63322,-0.027305223,1.0595881,23.765
44.21,7.4707336,134.63522,-0.027310085,1.0598259,23.765068
44.22,7.4707556,134.63724,-0.027315125,1.0600646,23.765114
44.23,7.4707785,134.6392,-0.027320188,1.0603013,23.765171
44.24,7.470796,134.64119,-0.027325206,1.0605377,23.765226
44.25,7.470819,134.64319,-0.027330268,1.0607755,23.765282
44.26,7.4708385,134.64513,-0.027335167,1.0610107,23.765331
44.27,7.4708605,134.64714,-0.02734011,1.0612477,23.765383
44.28,7.470881,134.6491,-0.027344849,1.0614839,23.765436
44.29,7.470901,134.65106,-0.027350087,1.0617173,23.765488
44.3,7.4709196,134.653,-0.027355079,1.0619525,23.765553
44.31,7.4709425,134.655,-0.02735982,1.062186,23.765602
44.32,7.4709625,134.65695,-0.027364671,1.0624205,23.765661
44.33,7.4709816,134.6589,-0.027369443,1.0626544,23.765705
44.34,7.471001,134.66086,-0.027374372,1.0628865,23.765766
44.35,7.471022,134.66284,-0.027379386,1.0631173,23.765814
44.36,7.4710426,134.66475,-0.027384248,1.0633506,23.765871
44.37,7.4710617,134.66669,-0.027389105,1.0635821,23.765926
44.38,7.471083,134.66866,-0.02739387,1.0638134,23.765978
44.39,7.4711037,134.6706,-0.027398556,1.0640435,23.766031
44.4,7.4711256,134.67255,-0.02740343,1.0642754,23.766085
44.41,7.4711456,134.67444,-0.027408317,1.0645055,23.76613
44.42,7.471165,134.67635,-0.027413152,1.0647339,23.766197
44.43,7.471185,134.67824,-0.027417846,1.0649638,23.766237
44.44,7.4712057,134.68018,-0.02742279,1.065192,23.766302
44.45,7.4712243,134.68208,-0.02742751,1.0654209,23.766346
44.46,7.4712462,134.684,-0.02743221,1.0656486,23.766397
44.47,7.4712663,134.6859,-0.027437024,1.0658766,23.766449
44.48,7.471285,134.68784,-0.027441725,1.0661036,23.766508
44.49,7.4713044,134.68974,-0.02744656,1.0663315,23.766552
44.5,7.4713254,134.69162,-0.027451068,1.0665563,23.766607
44.51,7.4713454,134.69347,-0.027455766,1.0667828,23.76666
44.52,7.4713635,134.69537,-0.027460556,1.0670091,23.766718
44.53,7.4713836,134.69727,-0.027465235,1.0672342,23.766764
44.54,7.471404,134.69916,-0.02746974,1.0674591,23.766819
44.55,7.471424,134.70097,-0.027474679,1.0676835,23.766876
44.56,7.4714465,134.70284,-0.027479231,1.0679066,23.76693
44.57,7.471465,134.70476,-0.02748382,1.0681311,23.766987
44.58,7.4714856,134.70663,-0.027488515,1.0683551,23.76703
44.59,7.4715066,134.70853,-0.027493168,1.0685776,23.767084
44.6,7.471523,134.71039,-0.027497493,1.0687999,23.767136
44.61,7.471544,134.71222,-0.027502302,1.0690209,23.767187
44.62,7.471563,134.71407,-0.02750675,1.0692444,23.767237
44.63,7.471582,134.71593,-0.02751144,1.0694656,23.767292
44.64,7.4716015,134.71776,-0.027515803,1.0696865,23.76734
44.65,7.4716234,134.7196,-0.027520128,1.0699072,23.767395
44.66,7.4716387,134.72147,-0.027524877,1.0701267,23.767445
44.67,7.471662,134.7233,-0.02752949,1.0703472,23.767498
44.68,7.4716816,134.72511,-0.027534053,1.0705659,23.76755
44.69,7.4717026,134.72694,-0.027538463,1.0707854,23.7676
44.7,7.4717183,134.72876,-0.027542949,1.0710037,23.767656
44.71,7.471739,134.73059,-0.027547643,1.071222,23.767712
44.72,7.471757,134.7324,-0.027551908,1.071441,23.767763
44.73,7.4717774,134.73425,-0.027556594,1.071658,23.767813
44.74,7.471797,134.73602,-0.027560666,1.0718752,23.76786
44.75,7.4718165,134.73785,-0.027565386,1.0720912,23.76791
44.76,7.471836,134.73962,-0.027570065,1.072308,23.76796
44.77,7.471855,134.74147,-0.027574193,1.0725232,23.76801
44.78,7.4718733,134.74324,-0.027578592,1.07274,23.768059
44.79,7.4718943,134.74503,-0.027583044,1.0729553,23.76811
44.8,7.471912,134.74683,-0.027587485,1.073169,23.768162
44.81,7.471931,134.74863,-0.027591933,1.0733849,23.768217
44.82,7.471951,134.75043,-0.027596116,1.073599,23.768272
44.83,7.471969,134.75223,-0.027600445,1.0738124,23.768316
44.84,7.471988,134.75403,-0.027604774,1.0740256,23.768368
44.85,7.4720078,134.7558,-0.027609196,1.0742387,23.768421
44.86,7.4720263,134.75752,-0.027613297,1.0744517,23.76847
44.87,7.472048,134.7593,-0.027617767,1.0746646,23.768528
44.88,7.4720654,134.76105,-0.027622119,1.0748769,23.76857
44.89,7.472083,134.76282,-0.027626414,1.0750874,23.768623
44.9,7.472102,134.7646,-0.02763071,1.0752991,23.768673
44.91,7.472123,134.76633,-0.027635116,1.0755091,23.768717
44.92,7.4721403,134.76807,-0.02763952,1.0757207,23.768776
44.93,7.4721584,134.76985,-0.02764368,1.07593,23.768827
44.94,7.4721775,134.7716,-0.027647931,1.0761389,23.768879
44.95,7.4721975,134.77336,-0.027652074,1.0763481,23.768923
44.96,7.4722157,134.77505,-0.0276565,1.0765578,23.768974
44.97,7.4722347,134.77678,-0.027660653,1.0767665,23.769028
44.98,7.4722524,134.77853,-0.027664997,1.0769739,23.769073
44.99,7.4722724,134.78026,-0.027669013,1.0771818,23.769117
45.0,7.4722896,134.782,-0.02767343,1.0773902,23.76918
45.01,7.4723086,134.7837,-0.027677458,1.0775967,23.769228
45.02,7.4723263,134.78545,-0.02768151,1.0778049,23.769278
45.03,7.4723463,134.78717,-0.027685795,1.0780106,23.76933
45.04,7.472365,134.78888,-0.027690087,1.0782169,23.769375
45.05,7.472384,134.79057,-0.02769417,1.0784229,23.769426
45.06,7.472399,134.79227,-0.027698241,1.0786265,23.769476
45.07,7.4724193,134.794,-0.027702574,1.078832,23.769535
45.08,7.472439,134.7957,-0.02770656,1.0790372,23.769571
45.09,7.472456,134.79741,-0.027710747,1.0792422,23.769625
45.1,7.4724746,134.79913,-0.02771473,1.0794457,23.769669
45.11,7.472493,134.80083,-0.027718924,1.0796497,23.76973
45.12,7.4725103,134.80247,-0.02772282,1.0798525,23.769775
45.13,7.4725313,134.80421,-0.027726993,1.0800565,23.769821
45.14,7.472549,134.80583,-0.027731132,1.0802577,23.769873
45.15,7.4725666,134.80754,-0.027735204,1.0804604,23.769922
45.16,7.4725842,134.80923,-0.02773923,1.0806624,23.769974
45.17,7.472603,134.81093,-0.02774332,1.0808629,23.77003
45.18,7.472623,134.8126,-0.027747415,1.0810647,23.770073
45.19,7.472639,134.81427,-0.027751233,1.0812658,23.770111
45.2,7.472658,134.8159,-0.027755406,1.0814648,23.770166
45.21,7.472676,134.81757,-0.02775938,1.0816654,23.770216
45.22,7.472693,134.81924,-0.027763493,1.0818652,23.77026
45.23,7.4727135,134.82089,-0.027767308,1.0820647,23.770311
45.24,7.472729,134.82256,-0.027771298,1.0822638,23.770357
45.25,7.4727488,134.82419,-0.027775407,1.0824637,23.770409
45.26,7.4727635,134.82582,-0.027779315,1.0826614,23.770464
45.27,7.4727826,134.82747,-0.027783148,1.0828596,23.770506
45.28,7.4728017,134.82912,-0.027787175,1.0830566,23.770554
45.29,7.4728208,134.83075,-0.02779121,1.0832537,23.77061
45.3,7.472838,134.83241,-0.02779527,1.0834509,23.770655
45.31,7.4728556,134.83401,-0.027798839,1.0836488,23.770699
45.32,7.472872,134.8356,-0.027803157,1.083844,23.770746
45.33,7.4728904,134.83731,-0.02780706,1.0840406,23.770792
45.34,7.47291,134.83894,-0.027810846,1.0842353,23.770847
45.35,7.472926,134.84056,-0.027814634,1.084431,23.770895
45.36,7.4729447,134.84216,-0.027818639,1.0846258,23.770943
45.37,7.4729614,134.84378,-0.027822357,1.0848209,23.770996
45.38,7.4729795,134.8454,-0.027826246,1.0850153,23.771034
45.39,7.472996,134.84702,-0.027830333,1.0852082,23.771086
45.4,7.4730134,134.84863,-0.027833965,1.0854021,23.77113
45.41,7.4730325,134.85022,-0.027837824,1.085595,23.771175
45.42,7.4730515,134.8518,-0.027841654,1.0857873,23.771227
45.43,7.473068,134.85341,-0.027845372,1.0859812,23.771276
45.44,7.4730854,134.85506,-0.027849242,1.0861742,23.771324
45.45,7.4731026,134.85661,-0.027853157,1.0863649,23.77137
45.46,7.473118,134.8582,-0.027857099,1.086557,23.771408
45.47,7.4731374,134.85982,-0.02786079,1.0867481,23.771463
45.48,7.473156,134.86139,-0.027864475,1.0869397,23.771507
45.49,7.4731746,134.86296,-0.027868297,1.0871295,23.771563
45.5,7.473191,134.86453,-0.027872197,1.0873197,23.771606
45.51,7.4732094,134.8661,-0.027875826,1.0875099,23.771658
45.52,7.4732246,134.8677,-0.027879689,1.0876994,23.771702
45.53,7.473244,134.86926,-0.027883444,1.0878879,23.771755
45.54,7.47326,134.8708,-0.027887106,1.0880785,23.7718
45.55,7.4732795,134.8724,-0.02789089,1.0882666,23.771858
45.56,7.4732957,134.87395,-0.02789455,1.0884552,23.7719
45.57,7.4733124,134.87549,-0.027898155,1.088643,23.771942
45.58,7.4733295,134.87708,-0.027902119,1.0888299,23.771992
45.59,7.4733477,134.8786,-0.027905665,1.089018,23.772028
45.6,7.473363,134.88016,-0.027909335,1.0892043,23.772078
45.61,7.473379,134.88173,-0.02791297,1.0893916,23.772127
45.62,7.473396,134.8833,-0.027916718,1.0895776,23.772161
45.63,7.473413,134.8848,-0.027920384,1.0897639,23.772217
45.64,7.4734316,134.88634,-0.027924236,1.0899501,23.772266
45.65,7.4734497,134.8879,-0.027927972,1.0901364,23.772312
45.66,7.4734674,134.88945,-0.02793134,1.0903199,23.772364
45.67,7.4734793,134.89099,-0.027935192,1.0905042,23.7724
45.68,7.4735007,134.89249,-0.027938675,1.0906893,23.772448
45.69,7.4735155,134.89406,-0.027942248,1.0908731,23.772503
45.7,7.4735336,134.89554,-0.027945902,1.0910573,23.77254
45.71,7.4735503,134.89708,-0.027949415,1.0912404,23.77259
45.72,7.473567,134.89857,-0.02795308,1.0914236,23.77264
45.73,7.473584,134.90009,-0.02795668,1.0916065,23.772686
45.74,7.4736023,134.90163,-0.027960185,1.0917894,23.772732
45.75,7.473618,134.90314,-0.027964007,1.0919712,23.772768
45.76,7.473635,134.90462,-0.027967371,1.0921527,23.772823
45.77,7.47365,134.90613,-0.02797113,1.0923342,23.77287
45.78,7.4736676,134.90762,-0.027974479,1.0925171,23.772915
45.79,7.473683,134.90912,-0.027978111,1.0926968,23.772955
45.8,7.4737005,134.91064,-0.027981497,1.0928775,23.773
45.81,7.4737177,134.91217,-0.027985286,1.0930582,23.77305
45.82,7.4737363,134.91359,-0.02798868,1.0932384,23.773094
45.83,7.473752,134.91512,-0.027992241,1.0934175,23.773138
45.84,7.4737697,134.91658,-0.027995806,1.093597,23.773184
45.85,7.473786,134.91808,-0.027999435,1.0937765,23.773237
45.86,7.4738026,134.91957,-0.028002813,1.0939552,23.773281
45.87,7.4738183,134.92107,-0.028006531,1.094134,23.773323
45.88,7.4738355,134.9225,-0.028009873,1.0943116,23.773369
45.89,7.473852,134.92401,-0.028013341,1.0944895,23.773417
45.9,7.473868,134.92546,-0.028016929,1.0946674,23.773458
45.91,7.4738865,134.92691,-0.028020348,1.0948445,23.77351
45.92,7.473901,134.92836,-0.028023582,1.095021,23.773548
45.93,7.4739175,134.92987,-0.028027046,1.0951979,23.773594
45.94,7.473933,134.93132,-0.028030593,1.0953743,23.773638
45.95,7.4739523,134.93282,-0.028034087,1.0955502,23.773684
45.96,7.4739666,134.93423,-0.028037433,1.0957255,23.773731
45.97,7.4739842,134.93571,-0.028040957,1.0959024,23.77378
45.98,7.474003,134.93713,-0.028044514,1.096076,23.773823
45.99,7.4740167,134.9386,-0.028047774,1.0962524,23.773867
46.0,7.4740353,134.9401,-0.02805106,1.0964257,23.773909
46.01,7.474049,134.94147,-0.028054602,1.0966007,23.773954
46.02,7.474066,134.94295,-0.02805797,1.0967739,23.774002
46.03,7.4740834,134.94437,-0.028061517,1.0969473,23.774038
46.04,7.4740996,134.94579,-0.028064784,1.0971215,23.77409
46.05,7.474116,134.94725,-0.02806821,1.0972933,23.774134
46.06,7.474131,134.94867,-0.028071485,1.0974661,23.774176
46.07,7.474148,134.95012,-0.028074782,1.097639,23.774221
46.08,7.4741616,134.95152,-0.028078303,1.0978115,23.774265
46.09,7.474179,134.95296,-0.028081518,1.0979822,23.774311
46.1,7.474194,134.95442,-0.028085094,1.0981545,23.774355
46.11,7.4742117,134.95583,-0.028088313,1.0983257,23.7744
46.12,7.474227,134.95723,-0.028091561,1.0984968,23.774443
46.13,7.4742436,134.9586,-0.028094891,1.0986665,23.774488
46.14,7.474258,134.96004,-0.028098311,1.0988367,23.77453
46.15,7.4742765,134.96144,-0.028101463,1.0990076,23.77457
46.16,7.4742947,134.96283,-0.028104845,1.0991776,23.774624
46.17,7.4743075,134.96426,-0.028108098,1.0993469,23.774672
46.18,7.4743276,134.96567,-0.02811138,1.0995163,23.774708
46.19,7.4743404,134.96706,-0.028114747,1.099684,23.774752
46.2,7.4743557,134.96844,-0.028118014,1.099853,23.774796
46.21,7.474373,134.96983,-0.028121255,1.1000217,23.774837
46.22,7.4743896,134.97122,-0.028124366,1.1001904,23.774876
46.23,7.4744024,134.97266,-0.028127823,1.1003579,23.774931
46.24,7.474418,134.97397,-0.028130997,1.1005248,23.77497
46.25,7.4744353,134.97537,-0.028134245,1.1006916,23.775013
46.26,7.4744506,134.97678,-0.02813758,1.1008587,23.775053
46.27,7.4744654,134.97821,-0.02814088,1.1010245,23.775108
46.28,7.4744825,134.97955,-0.028144129,1.1011922,23.775145
46.29,7.474497,134.98094,-0.028147623,1.1013561,23.775188
46.3,7.474512,134.98233,-0.02815039,1.1015228,23.775229
46.31,7.4745264,134.98373,-0.028153662,1.1016887,23.775274
46.32,7.474546,134.98506,-0.028156802,1.1018542,23.775314
46.33,7.474562,134.98643,-0.028159939,1.1020173,23.775362
46.34,7.4745765,134.98778,-0.028163463,1.1021829,23.775402
46.35,7.474596,134.98914,-0.028166506,1.1023479,23.775444
46.36,7.474608,134.99052,-0.028169699,1.1025114,23.775492
46.37,7.474625,134.99185,-0.028172888,1.1026745,23.775522
46.38,7.4746404,134.99326,-0.028176177,1.1028377,23.775578
46.39,7.4746547,134.99454,-0.02817928,1.1030009,23.775621
46.4,7.474669,134.9959,-0.028182525,1.1031643,23.775665
46.41,7.474686,134.99724,-0.02818552,1.103326,23.775705
46.42,7.4747,134.99861,-0.028188843,1.1034892,23.775743
46.43,7.474716,134.99995,-0.028191868,1.1036514,23.775791
46.44,7.474733,135.00131,-0.028194997,1.1038128,23.775835
46.45,7.474746,135.00262,-0.028197937,1.1039737,23.775879
46.46,7.474762,135.00397,-0.028201304,1.1041354,23.775923
46.47,7.4747777,135.00526,-0.02820428,1.104296,23.775965
46.48,7.4747934,135.00664,-0.028207414,1.1044571,23.776007
46.49,7.474806,135.00795,-0.028210938,1.104617,23.776041
46.5,7.474823,135.00928,-0.028213553,1.1047769,23.77609
46.51,7.474839,135.01062,-0.028216872,1.1049374,23.776129
46.52,7.4748535,135.01193,-0.02821982,1.1050973,23.776173
46.53,7.4748693,135.01328,-0.028223183,1.1052564,23.776209
46.54,7.4748845,135.0146,-0.028226275,1.1054152,23.776257
46.55,7.4749,135.01585,-0.028229032,1.105574,23.776295
46.56,7.4749146,135.01717,-0.02823221,1.105733,23.776333
46.57,7.47493,135.01848,-0.028235134,1.1058896,23.776377
46.58,7.474944,135.01979,-0.028238367,1.1060485,23.77642
46.59,7.474961,135.02112,-0.028241534,1.1062058,23.776463
46.6,7.4749765,135.02243,-0.02824438,1.1063629,23.77651
46.61,7.4749904,135.02371,-0.028247468,1.1065197,23.77655
46.62,7.475005,135.02505,-0.028250452,1.1066769,23.77659
46.63,7.475021,135.02629,-0.028253764,1.1068331,23.776636
46.64,7.4750357,135.0276,-0.028256588,1.10699,23.776682
46.65,7.475052,135.02892,-0.028259609,1.1071452,23.776718
46.66,7.475065,135.0302,-0.028262615,1.1073016,23.776752
46.67,7.47508,135.0315,-0.02826552,1.1074575,23.776804
46.68,7.4750977,135.03279,-0.028268501,1.1076119,23.776844
46.69,7.475112,135.03404,-0.028271686,1.1077679,23.776884
46.7,7.4751267,135.03534,-0.028274737,1.1079211,23.776922
46.71,7.475142,135.03662,-0.028277684,1.1080757,23.776958
46.72,7.4751563,135.03787,-0.028280504,1.1082302,23.777004
46.73,7.475171,135.03918,-0.028283708,1.1083846,23.77705
46.74,7.4751854,135.04045,-0.02828655,1.1085371,23.777088
46.75,7.4751987,135.0417,-0.028289553,1.1086906,23.777119
46.76,7.475216,135.04301,-0.02829248,1.1088439,23.77717
46.77,7.4752297,135.04425,-0.028295431,1.1089972,23.777212
46.78,7.475245,135.04553,-0.028298542,1.1091496,23.777256
46.79,7.47526,135.0468,-0.02830137,1.1093007,23.777298
46.8,7.4752736,135.04807,-0.028304428,1.1094531,23.777332
46.81,7.4752884,135.04932,-0.028306987,1.1096058,23.777374
46.82,7.4753036,135.0506,-0.028310116,1.1097575,23.777416
46.83,7.475319,135.05182,-0.02831319,1.1099075,23.77746
46.84,7.4753337,135.05309,-0.028315932,1.110059,23.777498
46.85,7.475349,135.05437,-0.028318893,1.110209,23.777546
46.86,7.475364,135.05556,-0.028321747,1.1103597,23.777576
46.87,7.475378,135.05684,-0.028324757,1.1105089,23.777618
46.88,7.4753904,135.05804,-0.028327677,1.1106601,23.777664
46.89,7.4754076,135.0593,-0.028330438,1.1108102,23.777708
46.9,7.4754205,135.0605,-0.028333418,1.1109593,23.777748
46.91,7.475437,135.06175,-0.028336622,1.1111078,23.777784
46.92,7.4754515,135.063,-0.028339233,1.111257,23.77782
46.93,7.4754653,135.06424,-0.028342165,1.1114055,23.77786
46.94,7.47548,135.06546,-0.028345048,1.1115539,23.77791
46.95,7.4754972,135.06668,-0.02834798,1.1117017,23.77794
46.96,7.4755106,135.06796,-0.028350707,1.1118499,23.777979
46.97,7.475526,135.06915,-0.0283539,1.1119976,23.778025
46.98,7.4755383,135.0704,-0.028356463,1.1121453,23.778067
46.99,7.475552,135.0716,-0.028359503,1.1122917,23.778101
47.0,7.4755673,135.07283,-0.028362185,1.1124392,23.778143
47.01,7.4755807,135.07408,-0.028365009,1.1125853,23.778181
47.02,7.4755955,135.07526,-0.028367694,1.1127316,23.778225
47.03,7.4756103,135.07648,-0.028370664,1.1128772,23.778261
47.04,7.4756217,135.07771,-0.028373715,1.1130236,23.778307
47.05,7.4756393,135.07892,-0.028376758,1.1131681,23.778341
47.06,7.475653,135.08011,-0.028379478,1.1133145,23.778378
47.07,7.475668,135.08131,-0.028381977,1.1134593,23.778425
47.08,7.475681,135.08257,-0.02838486,1.1136059,23.778454
47.09,7.475698,135.08371,-0.028387565,1.1137494,23.778502
47.1,7.47571,135.08495,-0.02839053,1.1138943,23.77854
47.11,7.475724,135.08612,-0.028393384,1.1140374,23.778584
47.12,7.475738,135.08733,-0.02839629,1.114182,23.778618
47.13,7.4757547,135.0885,-0.028398916,1.1143255,23.77866
47.14,7.4757657,135.08966,-0.028401729,1.114468,23.778706
47.15,7.4757795,135.09088,-0.028404348,1.1146114,23.778734
47.16,7.4757953,135.09207,-0.028407231,1.1147537,23.778776
47.17,7.4758096,135.09328,-0.028410021,1.1148967,23.778818
47.18,7.475825,135.09444,-0.028412782,1.1150396,23.778854
47.19,7.4758396,135.09564,-0.028415568,1.1151814,23.778893
47.2,7.4758515,135.0968,-0.028418306,1.115322,23.778929
47.21,7.4758663,135.09796,-0.028421208,1.1154641,23.778967
47.22,7.475881,135.09915,-0.02842386,1.1156058,23.779015
47.23,7.4758945,135.1003,-0.028426886,1.1157475,23.779055
47.24,7.475908,135.10149,-0.028429255,1.1158886,23.779087
47.25,7.4759216,135.10266,-0.028432067,1.1160294,23.779129
47.26,7.475939,135.10387,-0.028434787,1.1161692,23.77917
47.27,7.47595,135.10504,-0.028437544,1.1163086,23.77921
47.28,7.4759645,135.10614,-0.028440174,1.1164495,23.77925
47.29,7.4759784,135.10736,-0.028443031,1.116589,23.77929
47.3,7.4759893,135.1085,-0.028445635,1.1167288,23.779325
47.31,7.4760036,135.10963,-0.028448638,1.1168672,23.779354
47.32,7.47602,135.11081,-0.028451279,1.117006,23.779404
47.33,7.4760337,135.11198,-0.028453853,1.1171448,23.77944
47.34,7.4760475,135.11313,-0.02845662,1.1172832,23.779476
47.35,7.4760613,135.11424,-0.028459195,1.1174203,23.779512
47.36,7.4760756,135.1154,-0.028462056,1.1175603,23.779558
47.37,7.4760885,135.11656,-0.028464656,1.1176977,23.779589
47.38,7.476101,135.11768,-0.02846742,1.1178355,23.779625
47.39,7.4761147,135.11882,-0.028470103,1.1179734,23.779675
47.4,7.476129,135.12001,-0.02847287,1.1181093,23.779709
47.41,7.4761424,135.12115,-0.02847528,1.1182464,23.779749
47.42,7.4761577,135.12224,-0.028478231,1.1183823,23.779781
47.43,7.476169,135.12338,-0.028480962,1.1185195,23.77983
47.44,7.476186,135.12448,-0.02848341,1.1186554,23.779861
47.45,7.4762,135.12566,-0.0284861,1.1187911,23.779898
47.46,7.476213,135.12679,-0.02848893,1.1189272,23.77994
47.47,7.4762254,135.12791,-0.028491404,1.1190625,23.779974
47.48,7.4762387,135.12904,-0.028494142,1.1191969,23.780012
47.49,7.4762526,135.13014,-0.028496709,1.1193315,23.78005
47.5,7.476265,135.1313,-0.028499443,1.119467,23.780083
47.51,7.476279,135.13242,-0.028501809,1.1196023,23.780119
47.52,7.4762936,135.13351,-0.028504454,1.1197363,23.780163
47.53,7.4763064,135.13463,-0.028507225,1.1198696,23.780201
47.54,7.476321,135.13573,-0.028509885,1.120004,23.780241
47.55,7.476334,135.1369,-0.028512761,1.1201378,23.780273
47.56,7.476348,135.138,-0.02851525,1.1202705,23.780317
47.57,7.47636,135.13913,-0.028518029,1.1204034,23.780354
47.58,7.4763737,135.14021,-0.02852038,1.1205362,23.78039
47.59,7.476385,135.14136,-0.028523043,1.1206686,23.780426
47.6,7.4764,135.14243,-0.028525732,1.120801,23.780468
47.61,7.4764147,135.14351,-0.028528161,1.1209337,23.7805
47.62,7.476427,135.14462,-0.028530724,1.1210654,23.780542
47.63,7.4764414,135.14575,-0.02853331,1.1211977,23.78058
47.64,7.476455,135.14682,-0.028535962,1.1213287,23.780615
47.65,7.4764695,135.14793,-0.028538387,1.1214601,23.780651
47.66,7.4764805,135.14902,-0.028541084,1.1215916,23.780685
47.67,7.4764943,135.15009,-0.02854373,1.121723,23.780727
47.68,7.4765067,135.15118,-0.028546344,1.1218523,23.780758
47.69,7.4765205,135.15225,-0.028548937,1.1219829,23.7808
47.7,7.476534,135.15334,-0.028551392,1.1221133,23.780832
47.71,7.476547,135.15439,-0.028554041,1.1222425,23.78087
47.72,7.4765615,135.15552,-0.028556522,1.1223737,23.780907
47.73,7.476575,135.15659,-0.02855933,1.122502,23.780945
47.74,7.4765873,135.1577,-0.028561518,1.1226312,23.780981
47.75,7.4766,135.15874,-0.02856407,1.1227603,23.78102
47.76,7.476614,135.15982,-0.028566722,1.1228889,23.781057
47.77,7.4766264,135.1609,-0.02856937,1.1230175,23.781096
47.78,7.47664,135.16197,-0.028572094,1.1231464,23.78113
47.79,7.4766545,135.16304,-0.028574456,1.1232724,23.781164
47.8,7.4766665,135.1641,-0.028576966,1.1234026,23.781199
47.81,7.476681,135.16518,-0.028579533,1.1235303,23.781239
47.82,7.476693,135.16624,-0.028582077,1.1236571,23.781275
47.83,7.4767065,135.16727,-0.028584637,1.1237842,23.781317
47.84,7.4767194,135.16833,-0.02858714,1.1239123,23.781355
47.85,7.4767313,135.16939,-0.028589446,1.1240379,23.781384
47.86,7.4767447,135.17044,-0.028592061,1.1241655,23.781416
47.87,7.4767585,135.17152,-0.028594747,1.1242914,23.781462
47.88,7.47677,135.17259,-0.028597146,1.1244181,23.781498
47.89,7.4767838,135.17365,-0.028599724,1.1245432,23.781528
47.9,7.4767966,135.17465,-0.028602269,1.1246676,23.781569
47.91,7.4768105,135.17572,-0.028604735,1.1247948,23.781605
47.92,7.476823,135.17676,-0.028607316,1.1249189,23.781641
47.93,7.4768353,135.1778,-0.028609712,1.1250443,23.78167
47.94,7.4768486,135.17888,-0.0286121,1.125169,23.78171
47.95,7.476862,135.1799,-0.028614644,1.1252946,23.781748
47.96,7.4768767,135.18098,-0.028617088,1.1254181,23.781788
47.97,7.476887,135.18205,-0.028619643,1.1255432,23.781815
47.98,7.476899,135.18306,-0.028622195,1.1256667,23.781857
47.99,7.4769135,135.18411,-0.028624635,1.1257901,23.78189
48.0,7.476925,135.18515,-0.028627038,1.1259141,23.781925
48.01,7.476938,135.18616,-0.028629448,1.1260375,23.781961
48.02,7.476953,135.1872,-0.028632216,1.1261598,23.782003
48.03,7.4769645,135.18822,-0.028634608,1.1262827,23.78203
48.04,7.4769773,135.18927,-0.028636906,1.1264063,23.782068
48.05,7.4769917,135.19032,-0.028639387,1.1265285,23.782103
48.06,7.4770026,135.19133,-0.028641894,1.126651,23.782148
48.07,7.477015,135.19235,-0.028644547,1.1267723,23.782179
48.08,7.4770274,135.19333,-0.028646898,1.126894,23.782213
48.09,7.477042,135.19435,-0.028649375,1.1270164,23.782248
48.1,7.477053,135.1954,-0.028651565,1.1271375,23.782286
48.11,7.4770656,135.1964,-0.02865421,1.1272595,23.782316
48.12,7.477079,135.19743,-0.028656598,1.12738,23.782352
48.13,7.477093,135.19846,-0.028659042,1.1275005,23.782377
48.14,7.477104,135.19946,-0.028661624,1.1276209,23.782421
48.15,7.4771166,135.20045,-0.0286641,1.1277416,23.782454
48.16,7.477129,135.20148,-0.028666418,1.1278621,23.782494
48.17,7.477143,135.20247,-0.028668813,1.1279815,23.78253
48.18,7.477154,135.20348,-0.028671045,1.1281024,23.78256
48.19,7.4771695,135.20448,-0.028673697,1.1282216,23.782589
48.2,7.47718,135.2055,-0.028676048,1.1283401,23.782625
48.21,7.477191,135.20653,-0.02867854,1.1284596,23.782661
48.22,7.477204,135.2075,-0.028680801,1.1285775,23.782701
48.23,7.4772177,135.2085,-0.028683253,1.1286974,23.782734
48.24,7.4772286,135.20946,-0.028685585,1.1288152,23.78277
48.25,7.4772396,135.21045,-0.028687965,1.1289343,23.782797
48.26,7.477253,135.21143,-0.02869026,1.1290529,23.782839
48.27,7.4772673,135.21246,-0.028692726,1.1291703,23.78287
48.28,7.477278,135.21346,-0.0286953,1.1292878,23.782915
48.29,7.477291,135.21445,-0.02869764,1.1294063,23.782938
48.3,7.4773054,135.2154,-0.02869995,1.129523,23.782984
48.31,7.4773154,135.21638,-0.028702307,1.1296396,23.783016
48.32,7.477328,135.2174,-0.028704748,1.1297579,23.783049
48.33,7.477343,135.21835,-0.028707076,1.1298736,23.783089
48.34,7.4773555,135.2193,-0.028709631,1.1299894,23.783115
48.35,7.477367,135.22034,-0.028712172,1.1301059,23.783148
48.36,7.477379,135.22128,-0.028714292,1.1302222,23.783186
48.37,7.4773927,135.22226,-0.02871688,1.1303384,23.783222
48.38,7.4774046,135.22325,-0.028719049,1.1304535,23.783257
48.39,7.477414,135.22423,-0.028721437,1.1305691,23.783289
48.4,7.477428,135.2252,-0.028723892,1.1306849,23.783327
48.41,7.477439,135.22615,-0.02872613,1.1307995,23.783358
48.42,7.4774513,135.22713,-0.028728545,1.1309135,23.783398
48.43,7.4774656,135.22809,-0.028730955,1.1310285,23.783426
48.44,7.477476,135.22908,-0.02873325,1.1311431,23.783459
48.45,7.477488,135.23001,-0.028735448,1.131257,23.783491
48.46,7.4775,135.23097,-0.028738063,1.1313719,23.783527
48.47,7.4775143,135.23195,-0.028740529,1.1314844,23.783564
48.48,7.477526,135.23291,-0.02874254,1.1315986,23.783592
48.49,7.477537,135.23386,-0.028745156,1.1317126,23.783627
48.5,7.4775505,135.23482,-0.028747495,1.1318254,23.783667
48.51,7.4775634,135.23576,-0.028749608,1.1319386,23.783703
48.52,7.477572,135.23671,-0.028751988,1.1320512,23.783735
48.53,7.4775887,135.23766,-0.028754462,1.1321647,23.783762
48.54,7.4775996,135.23862,-0.028756797,1.1322769,23.783798
48.55,7.477612,135.23955,-0.028758828,1.1323894,23.783833
48.56,7.477623,135.24054,-0.028761506,1.1325012,23.783865
48.57,7.477636,135.2415,-0.028763596,1.132613,23.7839
48.58,7.4776487,135.24242,-0.028765935,1.1327239,23.783932
48.59,7.4776583,135.24338,-0.028768323,1.132837,23.783962
48.6,7.47767,135.24431,-0.028770514,1.1329479,23.783993
48.61,7.4776835,135.24525,-0.02877311,1.1330588,23.784029
48.62,7.477694,135.24617,-0.028775334,1.1331695,23.784067
48.63,7.4777074,135.24709,-0.028777722,1.1332805,23.784098
48.64,7.477718,135.24803,-0.028780036,1.1333911,23.78413
48.65,7.477731,135.24896,-0.028782386,1.1335018,23.784164
48.66,7.477742,135.24991,-0.028784368,1.1336116,23.784197
48.67,7.477754,135.25085,-0.02878673,1.1337217,23.784239
48.68,7.4777656,135.25175,-0.028789058,1.1338315,23.784267
48.69,7.4777765,135.25273,-0.028791334,1.1339402,23.784294
48.7,7.4777904,135.25368,-0.028793816,1.1340497,23.784327
48.71,7.4778023,135.2546,-0.028795987,1.1341596,23.78436
48.72,7.4778147,135.25551,-0.028798435,1.1342685,23.784397
48.73,7.4778256,135.25642,-0.028800413,1.1343775,23.784428
48.74,7.477837,135.25734,-0.028802883,1.1344857,23.784464
48.75,7.4778485,135.25826,-0.02880517,1.1345949,23.78449
48.76,7.4778605,135.25914,-0.028807506,1.1347032,23.784523
48.77,7.4778733,135.26006,-0.028809745,1.1348103,23.784561
48.78,7.4778852,135.26099,-0.028812036,1.1349187,23.784595
48.79,7.4778976,135.26192,-0.02881432,1.1350273,23.784624
48.8,7.4779077,135.2628,-0.028816614,1.1351337,23.784657
48.81,7.4779196,135.26373,-0.028818816,1.1352408,23.784695
48.82,7.477933,135.2646,-0.028821096,1.1353482,23.784721
48.83,7.4779425,135.26555,-0.028823238,1.1354557,23.78476
48.84,7.477955,135.26642,-0.028826028,1.1355611,23.784792
48.85,7.477966,135.2673,-0.028828014,1.1356677,23.784822
48.86,7.4779778,135.26823,-0.028830204,1.135775,23.784857
48.87,7.4779906,135.2691,-0.028832383,1.1358812,23.784891
48.88,7.478001,135.27003,-0.028834753,1.135987,23.784918
48.89,7.478014,135.27095,-0.02883695,1.1360928,23.784945
48.9,7.478025,135.27187,-0.028839141,1.1361985,23.784983
48.91,7.478036,135.27274,-0.028841652,1.1363028,23.785017
48.92,7.4780483,135.27359,-0.028844014,1.1364087,23.78505
48.93,7.4780602,135.2745,-0.028845958,1.1365142,23.785076
48.94,7.478072,135.27538,-0.028848313,1.1366192,23.785112
48.95,7.4780817,135.2763,-0.028850518,1.1367239,23.785145
48.96,7.478094,135.27715,-0.02885275,1.136828,23.785177
48.97,7.4781036,135.27805,-0.028854895,1.1369321,23.785208
48.98,7.4781165,135.27898,-0.028857332,1.1370368,23.785246
48.99,7.478129,135.27985,-0.028859429,1.1371412,23.785269
49.0,7.47814,135.28073,-0.028861802,1.1372443,23.785305
49.01,7.478152,135.2816,-0.028863821,1.1373484,23.785336
49.02,7.4781637,135.2825,-0.02886612,1.1374528,23.785364
49.03,7.478175,135.28334,-0.02886841,1.1375539,23.785395
49.04,7.478186,135.28423,-0.028870571,1.1376567,23.785435
49.05,7.4781976,135.28513,-0.028873034,1.137761,23.785463
49.06,7.478205,135.286,-0.028875079,1.1378642,23.785494
49.07,7.4782214,135.28691,-0.028877381,1.1379657,23.785528
49.08,7.478231,135.28778,-0.028879736,1.1380682,23.785553
49.09,7.478241,135.28867,-0.028881751,1.1381713,23.78559
49.1,7.478252,135.28952,-0.028884001,1.1382734,23.785624
49.11,7.4782643,135.29037,-0.028886326,1.1383733,23.785652
49.12,7.478275,135.2912,-0.02888842,1.138476,23.78568
49.13,7.4782887,135.2921,-0.028890733,1.1385784,23.785719
49.14,7.4783006,135.29297,-0.028892715,1.1386793,23.785746
49.15,7.4783106,135.29382,-0.02889518,1.1387799,23.78578
49.16,7.4783216,135.2947,-0.028897244,1.13888,23.78581
49.17,7.4783325,135.29556,-0.028899606,1.1389825,23.785845
49.18,7.4783454,135.29643,-0.028901577,1.1390824,23.78587
49.19,7.4783573,135.2973,-0.028904006,1.1391824,23.785902
49.2,7.478367,135.29813,-0.028906185,1.1392828,23.78593
49.21,7.4783783,135.29898,-0.028908461,1.1393828,23.785961
49.22,7.4783897,135.29985,-0.028910652,1.139483,23.786
49.23,7.4783993,135.30072,-0.028912716,1.1395826,23.786032
49.24,7.4784102,135.30157,-0.028915022,1.1396823,23.786058
49.25,7.4784245,135.30238,-0.028916962,1.1397808,23.786087
49.26,7.4784346,135.30327,-0.028919276,1.1398804,23.786127
49.27,7.478445,135.3041,-0.02892131,1.1399797,23.78616
49.28,7.4784584,135.30487,-0.028923798,1.1400774,23.786177
49.29,7.4784675,135.30573,-0.028925762,1.1401771,23.786215
49.3,7.4784794,135.30658,-0.028928105,1.1402749,23.786243
49.31,7.4784913,135.30743,-0.028930143,1.140374,23.786276
49.32,7.4785013,135.30827,-0.028932579,1.1404715,23.786308
49.33,7.4785123,135.30914,-0.028934706,1.1405694,23.786339
49.34,7.4785247,135.30997,-0.028936692,1.1406679,23.786364
49.35,7.478536,135.31079,-0.028939024,1.1407651,23.786394
49.36,7.478546,135.31165,-0.028941121,1.1408628,23.786434
49.37,7.478558,135.31247,-0.028943349,1.1409602,23.786455
49.38,7.4785686,135.31335,-0.028945412,1.1410573,23.786491
49.39,7.47858,135.31416,-0.028947629,1.1411539,23.78652
49.4,7.478589,135.315,-0.028949898,1.1412512,23.786545
49.41,7.478602,135.31581,-0.02895211,1.1413468,23.786587
49.42,7.478611,135.31664,-0.02895429,1.1414435,23.78661
49.43,7.478622,135.31747,-0.028956424,1.141539,23.786644
49.44,7.4786353,135.31831,-0.0289585,1.141636,23.786669
49.45,7.4786444,135.3191,-0.028960768,1.141731,23.786709
49.46,7.478657,135.31993,-0.028962858,1.1418281,23.786736
49.47,7.478666,135.32076,-0.028965037,1.1419226,23.786766
49.48,7.478677,135.32158,-0.028967366,1.1420186,23.786802
49.49,7.4786887,135.32239,-0.028969456,1.1421139,23.786825
49.5,7.4787,135.3232,-0.028971627,1.1422083,23.786856
49.51,7.478711,135.32404,-0.028973866,1.1423036,23.78689
49.52,7.478722,135.32486,-0.02897596,1.1423988,23.786917
49.53,7.478732,135.32565,-0.02897802,1.1424931,23.78695
49.54,7.478743,135.32646,-0.028980177,1.142587,23.786978
49.55,7.478756,135.32727,-0.028982341,1.1426815,23.787003
49.56,7.478767,135.3281,-0.028984413,1.1427757,23.787045
49.57,7.4787745,135.32893,-0.028986573,1.1428697,23.78707
49.58,7.4787865,135.3297,-0.028988771,1.142963,23.787098
49.59,7.478797,135.3305,-0.028991006,1.1430568,23.787127
49.6,7.478808,135.33128,-0.028993063,1.1431503,23.787155
49.61,7.4788194,135.33212,-0.02899519,1.1432433,23.787184
49.62,7.4788303,135.33293,-0.02899737,1.1433368,23.78722
49.63,7.4788427,135.33372,-0.028999515,1.1434296,23.787243
49.64,7.4788537,135.33453,-0.029001594,1.143522,23.78728
49.65,7.4788637,135.33533,-0.02900362,1.1436151,23.787304
49.66,7.478875,135.33614,-0.029005837,1.1437067,23.787325
49.67,7.478884,135.33693,-0.029007994,1.1437997,23.787357
49.68,7.478895,135.33775,-0.029010147,1.1438915,23.787403
49.69,7.4789057,135.33849,-0.029012386,1.1439838,23.787424
49.7,7.478915,135.3393,-0.029014315,1.1440753,23.78745
49.71,7.478925,135.34007,-0.029016707,1.1441674,23.787483
49.72,7.478939,135.3409,-0.02901861,1.1442586,23.787508
49.73,7.4789486,135.3417,-0.029020917,1.1443496,23.787542
49.74,7.4789596,135.34244,-0.029023096,1.14444,23.78757
49.75,7.478971,135.34326,-0.029025089,1.144532,23.787596
49.76,7.478979,135.34404,-0.029027432,1.1446223,23.787626
49.77,7.4789925,135.34485,-0.029029503,1.1447133,23.787655
49.78,7.479003,135.34563,-0.029031545,1.1448023,23.787687
49.79,7.479012,135.3464,-0.029033832,1.1448936,23.787716
49.8,7.4790235,135.34717,-0.029035766,1.1449842,23.78774
49.81,7.4790316,135.34793,-0.029037923,1.1450738,23.787771
49.82,7.4790444,135.34872,-0.029040184,1.1451633,23.787802
49.83,7.4790554,135.34952,-0.0290423,1.1452526,23.787827
49.84,7.4790654,135.35028,-0.029044237,1.1453426,23.787859
49.85,7.479075,135.35103,-0.029046364,1.1454316,23.787893
49.86,7.479088,135.35184,-0.029048685,1.1455212,23.787918
49.87,7.4790983,135.35265,-0.029050648,1.14561,23.78795
49.88,7.4791074,135.35338,-0.029052723,1.1456989,23.787977
49.89,7.4791164,135.35414,-0.029054914,1.1457874,23.787998
49.9,7.479129,135.35492,-0.029057123,1.1458766,23.78803
49.91,7.4791393,135.3557,-0.029059228,1.1459645,23.788065
49.92,7.4791484,135.35646,-0.02906128,1.1460524,23.788094
49.93,7.479159,135.35721,-0.029063348,1.1461408,23.788124
49.94,7.479169,135.35797,-0.029065471,1.1462286,23.788153
49.95,7.4791803,135.35873,-0.029067557,1.1463164,23.788181
49.96,7.4791923,135.3595,-0.02906954,1.1464038,23.788208
49.97,7.479201,135.36028,-0.029071774,1.1464906,23.788233
49.98,7.4792113,135.36105,-0.02907388,1.1465786,23.788258
49.99,7.4792213,135.36179,-0.029075954,1.1466657,23.788292
50.0,7.4792323,135.36255,-0.02907823,1.1467528,23.788322
50.01,7.4792433,135.36336,-0.029080156,1.1468396,23.788357
50.02,7.479251,135.36409,-0.029082261,1.1469269,23.788378
50.03,7.479264,135.3648,-0.029084373,1.1470128,23.7884
50.04,7.479274,135.36559,-0.029086526,1.1470988,23.78843
50.05,7.4792824,135.36635,-0.029088676,1.1471852,23.78846
50.06,7.479293,135.36708,-0.029090606,1.1472716,23.788488
50.07,7.479305,135.36789,-0.02909283,1.147357,23.788523
50.08,7.4793158,135.36862,-0.029095016,1.1474435,23.788544
50.09,7.4793243,135.36937,-0.029097188,1.1475279,23.788574
50.1,7.4793334,135.3701,-0.029099349,1.1476135,23.78861
50.11,7.4793453,135.37083,-0.029101294,1.1476995,23.78863
50.12,7.4793563,135.37158,-0.029103246,1.1477848,23.78866
50.13,7.4793653,135.37236,-0.029105376,1.1478688,23.788687
50.14,7.4793763,135.37306,-0.02910747,1.147954,23.788713
50.15,7.4793854,135.3738,-0.029109687,1.1480393,23.788748
50.16,7.479396,135.37456,-0.02911169,1.1481234,23.78877
50.17,7.4794073,135.3753,-0.029113792,1.1482081,23.788797
50.18,7.479417,135.376,-0.02911599,1.148292,23.788832
50.19,7.4794264,135.37674,-0.029118054,1.1483771,23.788857
50.2,7.479437,135.3775,-0.02912018,1.1484588,23.78889
50.21,7.479447,135.37823,-0.029122226,1.148544,23.788916
50.22,7.4794564,135.379,-0.02912432,1.1486278,23.788944
50.23,7.479468,135.37971,-0.029126182,1.1487117,23.788967
50.24,7.479478,135.38043,-0.029128447,1.1487949,23.788996
50.25,7.479487,135.38118,-0.029130682,1.1488773,23.789022
50.26,7.4794974,135.38188,-0.029132653,1.1489605,23.789043
50.27,7.4795074,135.38261,-0.02913478,1.1490428,23.78908
50.28,7.4795175,135.38336,-0.029136632,1.1491266,23.78911
50.29,7.479527,135.38406,-0.029138874,1.1492091,23.78914
50.3,7.479537,135.38483,-0.029141031,1.1492912,23.789162
50.31,7.4795485,135.38554,-0.02914299,1.149373,23.789186
50.32,7.47956,135.38628,-0.029145174,1.1494547,23.789211
50.33,7.4795704,135.38695,-0.029147089,1.1495372,23.78924
50.34,7.4795804,135.3877,-0.029149503,1.1496199,23.789272
50.35,7.479589,135.38841,-0.029151414,1.1497005,23.789295
50.36,7.4795985,135.38914,-0.029153358,1.149782,23.789328
50.37,7.47961,135.38988,-0.029155403,1.1498647,23.789354
50.38,7.4796195,135.39055,-0.029157568,1.149946,23.789383
50.39,7.4796286,135.39127,-0.029159758,1.1500263,23.78941
50.4,7.4796386,135.39192,-0.029161498,1.1501069,23.789433
50.41,7.4796495,135.39268,-0.029163808,1.1501882,23.789463
50.42,7.479658,135.39342,-0.029166058,1.1502692,23.789492
50.43,7.4796677,135.39415,-0.029167939,1.1503489,23.789515
50.44,7.4796786,135.39484,-0.029170025,1.1504291,23.78954
50.45,7.4796877,135.39555,-0.029172245,1.1505092,23.789574
50.46,7.4796996,135.39627,-0.02917429,1.150589,23.789602
50.47,7.479708,135.39696,-0.029176384,1.1506692,23.789629
50.48,7.4797177,135.39767,-0.02917828,1.1507497,23.789656
50.49,7.479728,135.39838,-0.029180355,1.1508297,23.789682
50.5,7.4797373,135.39906,-0.029182509,1.1509087,23.789703
50.51,7.479748,135.39977,-0.029184345,1.150988,23.789736
50.52,7.4797583,135.40048,-0.02918668,1.1510667,23.789764
50.53,7.4797683,135.40121,-0.029188477,1.1511459,23.789791
50.54,7.47978,135.40186,-0.029190637,1.1512244,23.789814
50.55,7.4797893,135.40259,-0.02919275,1.1513038,23.789846
50.56,7.479797,135.40329,-0.029194925,1.1513823,23.789867
50.57,7.4798083,135.40399,-0.029196829,1.1514614,23.78989
50.58,7.4798183,135.40468,-0.029198948,1.1515402,23.789923
50.59,7.479828,135.40533,-0.029201053,1.1516174,23.789951
50.6,7.4798365,135.406,-0.029202938,1.1516957,23.789974
50.61,7.479845,135.40674,-0.029205319,1.1517736,23.789997
50.62,7.479852,135.4074,-0.029207297,1.1518521,23.790022
50.63,7.479865,135.4081,-0.0292092,1.1519289,23.790047
50.64,7.4798727,135.4088,-0.029211156,1.1520064,23.790073
50.65,7.4798822,135.40952,-0.029213581,1.1520835,23.79011
50.66,7.479893,135.41019,-0.029215388,1.1521612,23.79013
50.67,7.479903,135.41086,-0.029217608,1.1522375,23.790155
50.68,7.4799137,135.41156,-0.029219598,1.1523142,23.790188
50.69,7.479922,135.41226,-0.029221725,1.1523917,23.79021
50.7,7.479931,135.41293,-0.029223695,1.1524681,23.790237
50.71,7.479943,135.41362,-0.029225744,1.152545,23.790262
50.72,7.479954,135.41429,-0.029227782,1.1526212,23.79029
50.73,7.4799614,135.41496,-0.029229626,1.1526977,23.790312
50.74,7.479972,135.41565,-0.029231917,1.1527731,23.79034
50.75,7.4799805,135.41634,-0.029234156,1.1528493,23.790375
50.76,7.479991,135.41702,-0.02923628,1.1529243,23.790394
50.77,7.48,135.41768,-0.02923809,1.1530006,23.790415
50.78,7.480009,135.41838,-0.029240284,1.1530769,23.790447
50.79,7.480018,135.41904,-0.029242314,1.1531515,23.79047
50.8,7.480029,135.41972,-0.029244408,1.1532274,23.790493
50.81,7.4800406,135.42044,-0.029246427,1.1533023,23.790531
50.82,7.4800477,135.42107,-0.029248428,1.1533774,23.790552
50.83,7.4800572,135.42172,-0.029250666,1.1534526,23.790573
50.84,7.4800653,135.42242,-0.029252477,1.1535276,23.790607
50.85,7.4800777,135.42307,-0.02925469,1.1536026,23.790634
50.86,7.480088,135.42375,-0.029256642,1.1536758,23.790659
50.87,7.480097,135.42445,-0.029258568,1.1537502,23.790686
50.88,7.480106,135.42508,-0.029260796,1.1538242,23.790709
50.89,7.4801145,135.42575,-0.029263008,1.1538981,23.790731
50.9,7.480125,135.4264,-0.02926511,1.1539721,23.790754
50.91,7.480136,135.42706,-0.029266767,1.154046,23.790783
50.92,7.4801435,135.42773,-0.029269036,1.1541189,23.790815
50.93,7.4801526,135.42838,-0.02927104,1.154193,23.790838
50.94,7.4801617,135.42905,-0.029273167,1.1542662,23.790861
50.95,7.4801717,135.42969,-0.029274996,1.1543398,23.790892
50.96,7.48018,135.43039,-0.02927735,1.1544131,23.790916
50.97,7.4801903,135.431,-0.02927924,1.1544864,23.79094
50.98,7.4802,135.43166,-0.029281292,1.1545584,23.790968
50.99,7.48021,135.43231,-0.029283345,1.1546314,23.790993
51.0,7.4802184,135.433,-0.029285427,1.1547045,23.791018
51.01,7.4802265,135.43361,-0.029287554,1.1547763,23.791037
51.02,7.4802384,135.43431,-0.029289436,1.1548483,23.791067
51.03,7.480247,135.43494,-0.02929157,1.15492,23.791092
51.04,7.4802575,135.43564,-0.02929375,1.1549925,23.791117
51.05,7.480266,135.43628,-0.029295895,1.1550641,23.791145
51.06,7.4802737,135.43689,-0.029297732,1.1551363,23.791172
51.07,7.480284,135.43756,-0.029299978,1.1552085,23.791185
51.08,7.480295,135.4382,-0.0293017,1.1552802,23.79122
51.09,7.480302,135.43883,-0.029304013,1.1553503,23.791246
51.1,7.4803123,135.43944,-0.029305827,1.1554223,23.791267
51.11,7.480321,135.44011,-0.02930807,1.1554929,23.791296
51.12,7.4803295,135.44075,-0.029310007,1.1555643,23.791317
51.13,7.480341,135.4414,-0.029312126,1.1556346,23.791344
51.14,7.4803505,135.44205,-0.029314026,1.1557063,23.791374
51.15,7.4803596,135.44264,-0.029316131,1.1557763,23.791391
51.16,7.480367,135.4433,-0.02931831,1.1558461,23.79142
51.17,7.4803762,135.44392,-0.029320333,1.1559175,23.791447
51.18,7.480385,135.44456,-0.02932255,1.1559875,23.791468
51.19,7.4803967,135.44524,-0.02932429,1.1560575,23.7915
51.2,7.4804044,135.44589,-0.029326461,1.1561278,23.79152
51.21,7.4804144,135.4465,-0.029328395,1.1561966,23.791544
51.22,7.4804235,135.44717,-0.029330507,1.1562659,23.791567
51.23,7.4804316,135.44778,-0.029332463,1.1563362,23.791588
51.24,7.4804406,135.4484,-0.029334586,1.1564058,23.791616
51.25,7.4804516,135.44902,-0.029336799,1.1564751,23.79165
51.26,7.4804606,135.44966,-0.029338837,1.1565436,23.791668
51.27,7.4804688,135.45026,-0.029340804,1.1566135,23.791695
51.28,7.480479,135.45093,-0.029342782,1.1566823,23.79172
51.29,7.480489,135.45152,-0.029344894,1.1567503,23.791735
51.3,7.480497,135.45216,-0.029346965,1.1568193,23.791756
51.31,7.480507,135.45277,-0.029348891,1.1568881,23.791788
51.32,7.480515,135.45343,-0.029350951,1.1569563,23.79182
51.33,7.4805245,135.45406,-0.029353004,1.1570244,23.791836
51.34,7.480532,135.45465,-0.029355101,1.1570921,23.791857
51.35,7.4805436,135.4553,-0.029357195,1.1571604,23.791885
51.36,7.480552,135.4559,-0.02935927,1.1572284,23.791912
51.37,7.4805617,135.45654,-0.029361308,1.1572958,23.791935
51.38,7.48057,135.45715,-0.029363073,1.1573637,23.791958
51.39,7.480579,135.45775,-0.02936529,1.1574314,23.79198
51.4,7.4805865,135.45839,-0.029367208,1.1574987,23.792013
51.41,7.4805965,135.45897,-0.029369295,1.1575658,23.79203
51.42,7.480606,135.45961,-0.029371493,1.1576332,23.792048
51.43,7.4806156,135.46024,-0.029373474,1.1577002,23.79208
51.44,7.480623,135.46086,-0.029375754,1.1577665,23.792105
51.45,7.4806333,135.46147,-0.02937761,1.1578331,23.792126
51.46,7.4806404,135.46208,-0.029379651,1.1578989,23.792152
51.47,7.48065,135.46266,-0.029381528,1.1579667,23.792173
51.48,7.480659,135.46326,-0.02938389,1.1580331,23.7922
51.49,7.48067,135.46391,-0.029385753,1.1580987,23.792223
51.5,7.480679,135.46452,-0.029387765,1.158165,23.792252
51.51,7.4806876,135.46512,-0.029390004,1.1582309,23.792278
51.52,7.4806952,135.46571,-0.029391892,1.1582977,23.7923
51.53,7.4807043,135.46631,-0.029393688,1.158363,23.792328
51.54,7.4807143,135.46689,-0.029396046,1.1584296,23.792345
51.55,7.480722,135.46751,-0.0293978,1.1584951,23.792368
51.56,7.4807324,135.46815,-0.029400308,1.1585587,23.79239
51.57,7.4807396,135.46877,-0.029401962,1.158625,23.792421
51.58,7.4807496,135.46935,-0.029404081,1.1586907,23.79244
51.59,7.480758,135.46992,-0.02940609,1.1587541,23.792465
51.6,7.480767,135.47052,-0.029408235,1.1588194,23.792494
51.61,7.4807777,135.47118,-0.029410444,1.1588846,23.79252
51.62,7.4807863,135.47174,-0.029412508,1.1589496,23.79254
51.63,7.480795,135.47235,-0.029414471,1.1590134,23.792562
51.64,7.4808035,135.47292,-0.029416524,1.1590778,23.792583
51.65,7.480812,135.47353,-0.029418666,1.1591423,23.792614
51.66,7.480821,135.47414,-0.029420331,1.1592071,23.792633
51.67,7.4808316,135.47472,-0.029422753,1.1592703,23.792656
51.68,7.480839,135.47534,-0.029424664,1.1593341,23.792671
51.69,7.480845,135.47594,-0.029426772,1.1593977,23.792696
51.7,7.4808545,135.47649,-0.029428579,1.1594615,23.792725
51.71,7.480864,135.47708,-0.029430691,1.1595252,23.79275
51.72,7.480871,135.47765,-0.029432844,1.1595887,23.79277
51.73,7.4808826,135.47824,-0.029434834,1.159652,23.792795
51.74,7.4808908,135.47882,-0.02943699,1.1597153,23.792816
51.75,7.480901,135.47943,-0.029438987,1.1597794,23.79284
51.76,7.480908,135.47998,-0.029441152,1.1598408,23.79286
51.77,7.480917,135.48059,-0.02944329,1.1599033,23.792887
51.78,7.4809237,135.48119,-0.029445138,1.1599661,23.792913
51.79,7.480935,135.48178,-0.029447041,1.1600299,23.79293
51.8,7.480942,135.48235,-0.029449135,1.1600921,23.792957
51.81,7.480953,135.48293,-0.029451203,1.1601543,23.79298
51.82,7.4809604,135.4835,-0.029453296,1.1602156,23.793003
51.83,7.480969,135.4841,-0.029455278,1.1602792,23.793026
51.84,7.4809775,135.4847,-0.029457372,1.1603404,23.79305
51.85,7.4809875,135.48528,-0.029459566,1.1604035,23.793074
51.86,7.480997,135.48586,-0.029461578,1.1604645,23.793098
51.87,7.4810047,135.48647,-0.029463585,1.1605258,23.793121
51.88,7.481014,135.48701,-0.029465757,1.1605878,23.793142
51.89,7.481022,135.4876,-0.02946753,1.1606482,23.793165
51.9,7.481032,135.48813,-0.029469732,1.1607103,23.793184
51.91,7.481041,135.48875,-0.029471926,1.1607713,23.793207
51.92,7.4810486,135.48936,-0.0294738,1.1608323,23.793234
51.93,7.4810567,135.4899,-0.029475927,1.1608934,23.793255
51.94,7.4810643,135.4905,-0.029478114,1.1609539,23.793274
51.95,7.481075,135.49104,-0.029479869,1.1610146,23.793304
51.96,7.481084,135.49161,-0.029481843,1.1610755,23.793331
51.97,7.4810934,135.49216,-0.029484045,1.1611357,23.793352
51.98,7.4811006,135.49272,-0.029486176,1.1611962,23.793373
51.99,7.4811077,135.49332,-0.029488109,1.1612569,23.793394
52.0,7.4811153,135.49388,-0.029490154,1.1613164,23.793413
52.01,7.4811254,135.49442,-0.029492393,1.1613764,23.793438
52.02,7.481133,135.49498,-0.02949424,1.1614362,23.793463
52.03,7.4811406,135.49553,-0.029496312,1.1614965,23.793488
52.04,7.4811497,135.49608,-0.029498369,1.1615554,23.79351
52.05,7.4811597,135.49666,-0.029500492,1.1616154,23.793535
52.06,7.4811683,135.49724,-0.029502634,1.1616755,23.793556
52.07,7.4811783,135.49782,-0.029504582,1.1617347,23.793573
52.08,7.4811864,135.4984,-0.029506624,1.1617931,23.793596
52.09,7.4811954,135.49893,-0.029508654,1.161852,23.793627
52.1,7.4812036,135.49948,-0.029510684,1.1619112,23.793642
52.11,7.481212,135.50002,-0.029512867,1.16197,23.793665
52.12,7.481219,135.50061,-0.029514756,1.1620287,23.79369
52.13,7.4812284,135.50113,-0.029516876,1.1620873,23.793713
52.14,7.481235,135.50172,-0.02951901,1.1621462,23.793734
52.15,7.481245,135.50223,-0.029521074,1.1622045,23.793755
52.16,7.481252,135.5028,-0.029523168,1.1622634,23.793774
52.17,7.481262,135.50337,-0.029525332,1.1623209,23.793797
52.18,7.48127,135.5039,-0.029527262,1.162379,23.793825
52.19,7.4812775,135.50449,-0.029529206,1.1624377,23.793839
52.2,7.4812875,135.50502,-0.029531334,1.162495,23.793865
52.21,7.4812956,135.5056,-0.029533457,1.162553,23.793892
52.22,7.481303,135.50613,-0.029535394,1.1626104,23.79391
52.23,7.4813128,135.50671,-0.029537503,1.1626686,23.793928
52.24,7.4813185,135.50723,-0.02953972,1.1627258,23.79396
52.25,7.481328,135.50777,-0.02954162,1.1627821,23.793978
52.26,7.4813356,135.50827,-0.02954362,1.1628395,23.793999
52.27,7.4813447,135.50885,-0.029545832,1.1628969,23.794016
52.28,7.481352,135.5094,-0.029547885,1.1629533,23.794044
52.29,7.481361,135.50992,-0.0295498,1.16301,23.794071
52.3,7.4813676,135.51044,-0.029552009,1.1630673,23.794088
52.31,7.4813766,135.511,-0.029553965,1.1631242,23.794111
52.32,7.4813848,135.51157,-0.029555965,1.1631808,23.794134
52.33,7.4813952,135.5121,-0.029558115,1.1632372,23.79415
52.34,7.481403,135.51265,-0.02955994,1.1632932,23.794174
52.35,7.481413,135.51323,-0.029562265,1.1633495,23.7942
52.36,7.4814205,135.51373,-0.029564187,1.1634061,23.794222
52.37,7.481428,135.51427,-0.029566359,1.1634614,23.794243
52.38,7.4814353,135.51479,-0.029568434,1.1635169,23.794264
52.39,7.481443,135.51534,-0.029570527,1.1635722,23.794287
52.4,7.4814525,135.51587,-0.02957248,1.1636293,23.794313
52.41,7.4814615,135.5164,-0.02957452,1.1636839,23.79433
52.42,7.48147,135.51697,-0.02957695,1.1637399,23.794353
52.43,7.4814773,135.5175,-0.029578988,1.1637949,23.794369
52.44,7.481486,135.51799,-0.02958088,1.1638503,23.794394
52.45,7.481495,135.51854,-0.029582769,1.1639059,23.79441
52.46,7.4815016,135.51904,-0.0295849,1.1639603,23.794432
52.47,7.481511,135.51959,-0.02958709,1.1640153,23.79445
52.48,7.4815187,135.52014,-0.029588912,1.1640704,23.79447
52.49,7.481526,135.52066,-0.029591225,1.1641241,23.794497
52.5,7.4815335,135.5212,-0.029593267,1.1641785,23.79452
52.51,7.4815426,135.52171,-0.029595133,1.1642336,23.794542
52.52,7.481551,135.52223,-0.029597256,1.1642884,23.794558
52.53,7.48156,135.52275,-0.029599447,1.1643424,23.794586
52.54,7.4815683,135.52325,-0.029601298,1.1643968,23.794611
52.55,7.4815774,135.52383,-0.029603437,1.1644498,23.79463
52.56,7.481586,135.52432,-0.029605698,1.1645038,23.79465
52.57,7.481593,135.52486,-0.029607546,1.164558,23.794668
52.58,7.4816003,135.52538,-0.029609907,1.1646112,23.794699
52.59,7.481611,135.52591,-0.029611893,1.1646652,23.794716
52.6,7.481618,135.5264,-0.029614016,1.1647185,23.794743
52.61,7.481625,135.52693,-0.029616006,1.1647722,23.794758
52.62,7.4816346,135.52745,-0.029618159,1.1648252,23.79478
52.63,7.4816394,135.52798,-0.029620286,1.1648784,23.794794
52.64,7.481649,135.52852,-0.029622208,1.164932,23.794823
52.65,7.481655,135.52902,-0.029624306,1.164984,23.794838
52.66,7.481665,135.52954,-0.029626172,1.1650376,23.794867
52.67,7.481673,135.53008,-0.029628158,1.1650898,23.794882
52.68,7.481683,135.53056,-0.029630426,1.1651431,23.794905
52.69,7.4816895,135.53107,-0.029632457,1.1651955,23.794922
52.7,7.4816966,135.53162,-0.029634707,1.1652479,23.794949
52.71,7.481703,135.53214,-0.029636584,1.1653003,23.794966
52.72,7.4817114,135.53264,-0.029638976,1.1653527,23.794987
52.73,7.4817195,135.53314,-0.029640872,1.1654048,23.795004
52.74,7.481729,135.53365,-0.029642843,1.1654567,23.795027
52.75,7.481736,135.53416,-0.029645056,1.1655089,23.795048
52.76,7.4817452,135.53468,-0.029646806,1.1655608,23.795073
52.77,7.4817524,135.53516,-0.029649064,1.1656123,23.795084
52.78,7.481761,135.5357,-0.029651023,1.1656638,23.795107
52.79,7.4817715,135.53621,-0.029653262,1.1657157,23.79513
52.8,7.4817786,135.53673,-0.029655326,1.1657671,23.795147
52.81,7.4817863,135.53723,-0.029657457,1.1658185,23.795172
52.82,7.4817953,135.53772,-0.029659636,1.1658685,23.7952
52.83,7.4818015,135.5382,-0.029661741,1.1659197,23.795212
52.84,7.48181,135.53873,-0.02966357,1.1659712,23.795235
52.85,7.4818177,135.53922,-0.029665817,1.1660216,23.79526
52.86,7.481826,135.53973,-0.02966801,1.1660721,23.795275
52.87,7.481834,135.54024,-0.02967012,1.1661234,23.795298
52.88,7.481839,135.54074,-0.02967212,1.1661736,23.795313
52.89,7.48185,135.54124,-0.029674213,1.1662252,23.795332
52.9,7.4818563,135.54172,-0.029676333,1.1662744,23.795357
52.91,7.4818645,135.5422,-0.029678673,1.1663245,23.795376
52.92,7.481872,135.54272,-0.029680472,1.1663758,23.79539
52.93,7.48188,135.54324,-0.029682692,1.1664255,23.795414
52.94,7.4818907,135.54373,-0.029684447,1.166475,23.795433
52.95,7.4818964,135.54422,-0.029686555,1.1665254,23.795467
52.96,7.481904,135.54474,-0.029688802,1.166575,23.795479
52.97,7.4819117,135.54523,-0.029690776,1.1666255,23.795502
52.98,7.481919,135.5457,-0.029692948,1.166675,23.795525
52.99,7.4819264,135.54623,-0.029694896,1.1667238,23.795542
53.0,7.4819355,135.54665,-0.029697124,1.1667734,23.79556
53.01,7.4819427,135.54716,-0.029698964,1.1668226,23.79558
53.02,7.4819527,135.5476,-0.029701304,1.1668717,23.795607
53.03,7.4819584,135.54814,-0.029703505,1.1669201,23.795626
53.04,7.4819684,135.54861,-0.02970568,1.1669692,23.795647
53.05,7.4819765,135.54912,-0.029707797,1.1670176,23.795662
53.06,7.4819818,135.54962,-0.029709827,1.1670672,23.795692
53.07,7.481991,135.55008,-0.029712021,1.1671156,23.7957
53.08,7.481997,135.55058,-0.029714048,1.1671648,23.79572
53.09,7.4820056,135.55107,-0.029716134,1.167213,23.795738
53.1,7.482014,135.55153,-0.029717967,1.1672612,23.79576
53.11,7.482023,135.55202,-0.029720288,1.167309,23.795786
53.12,7.4820294,135.55254,-0.029722322,1.1673578,23.795803
53.13,7.4820366,135.55304,-0.029724397,1.1674064,23.795824
53.14,7.4820447,135.55351,-0.029726423,1.1674536,23.795845
53.15,7.482052,135.55399,-0.029728636,1.1675016,23.795868
53.16,7.4820623,135.55446,-0.029730596,1.1675503,23.795883
53.17,7.4820704,135.55492,-0.029732801,1.1675974,23.795908
53.18,7.482077,135.55539,-0.029734865,1.1676438,23.795923
53.19,7.4820833,135.5559,-0.029737018,1.167692,23.795938
53.2,7.4820933,135.55638,-0.029739093,1.1677387,23.795961
53.21,7.4821005,135.55688,-0.029741306,1.167787,23.795984
53.22,7.482108,135.55736,-0.029743452,1.1678339,23.796
53.23,7.482115,135.55785,-0.02974547,1.1678808,23.796022
53.24,7.482123,135.5583,-0.029747594,1.1679271,23.796038
53.25,7.4821315,135.55873,-0.029749528,1.1679752,23.796059
53.26,7.4821386,135.55925,-0.029752012,1.1680217,23.79608
53.27,7.482145,135.55971,-0.029753882,1.1680684,23.796095
53.28,7.4821534,135.56018,-0.02975608,1.1681151,23.79612
53.29,7.4821606,135.5607,-0.029758107,1.168161,23.796137
53.3,7.4821672,135.56119,-0.029760327,1.1682072,23.796158
53.31,7.4821754,135.56161,-0.029762432,1.1682543,23.79617
53.32,7.482183,135.5621,-0.029764462,1.1682999,23.796204
53.33,7.482192,135.56256,-0.029766455,1.1683463,23.796219
53.34,7.4821997,135.56306,-0.029768799,1.1683918,23.796236
53.35,7.4822063,135.56354,-0.029770657,1.1684386,23.796259
53.36,7.482215,135.56403,-0.029772893,1.1684839,23.796276
53.37,7.4822206,135.56447,-0.029775005,1.1685303,23.796295
53.38,7.482229,135.56491,-0.029777251,1.1685759,23.796316
53.39,7.482237,135.5654,-0.029779118,1.1686219,23.796333
53.4,7.4822445,135.56587,-0.029781327,1.1686671,23.796352
53.41,7.4822536,135.56635,-0.02978317,1.1687117,23.796371
53.42,7.482259,135.56679,-0.029785473,1.1687578,23.796394
53.43,7.482267,135.56729,-0.029787872,1.1688023,23.79641
53.44,7.4822745,135.56772,-0.029789757,1.1688478,23.796429
53.45,7.4822826,135.56816,-0.029791884,1.1688923,23.796446
53.46,7.4822907,135.56866,-0.029794041,1.1689384,23.796469
53.47,7.4822984,135.56912,-0.029796187,1.168982,23.796482
53.48,7.482306,135.5696,-0.029798366,1.1690276,23.796505
53.49,7.4823155,135.57002,-0.029800475,1.1690725,23.796522
53.5,7.4823203,135.57048,-0.02980261,1.1691169,23.796547
53.51,7.482328,135.57095,-0.029804602,1.1691608,23.796568
53.52,7.4823356,135.57143,-0.029806782,1.1692047,23.796583
53.53,7.4823427,135.57185,-0.029808782,1.1692493,23.796604
53.54,7.4823503,135.57233,-0.029810887,1.1692926,23.796625
53.55,7.4823585,135.57278,-0.029812992,1.1693375,23.796644
53.56,7.482364,135.57324,-0.029815093,1.1693814,23.79666
53.57,7.4823737,135.57367,-0.029817358,1.169426,23.796679
53.58,7.4823804,135.57411,-0.02981954,1.169469,23.796698
53.59,7.482389,135.57458,-0.029821828,1.1695122,23.796717
53.6,7.482398,135.57506,-0.029823657,1.1695551,23.79674
53.61,7.482403,135.57552,-0.02982591,1.1696004,23.796757
53.62,7.4824123,135.57593,-0.02982802,1.1696436,23.796774
53.63,7.482418,135.5764,-0.02982999,1.1696875,23.796793
53.64,7.4824247,135.57683,-0.029832214,1.1697298,23.796806
53.65,7.4824343,135.57732,-0.02983445,1.1697731,23.796827
53.66,7.4824395,135.57776,-0.029836722,1.1698155,23.796844
53.67,7.4824495,135.57822,-0.029838853,1.1698595,23.796864
53.68,7.482455,135.57866,-0.029840693,1.1699018,23.796883
53.69,7.4824624,135.57915,-0.029843207,1.1699443,23.796906
53.7,7.482468,135.57959,-0.029845104,1.1699867,23.796923
53.71,7.4824777,135.58002,-0.029847365,1.1700294,23.796946
53.72,7.482484,135.58041,-0.02984932,1.1700727,23.796965
53.73,7.482494,135.58087,-0.029851403,1.1701149,23.796974
53.74,7.4825,135.58131,-0.029853683,1.170157,23.796997
53.75,7.482506,135.58177,-0.029855821,1.1701992,23.797018
53.76,7.482513,135.58223,-0.02985825,1.1702411,23.797035
53.77,7.4825215,135.58269,-0.029860083,1.1702837,23.797047
53.78,7.4825287,135.58311,-0.02986215,1.170325,23.797071
53.79,7.482535,135.58354,-0.029864255,1.1703665,23.797094
53.8,7.4825454,135.58398,-0.029866636,1.1704093,23.797112
53.81,7.482551,135.58444,-0.029868696,1.17045,23.797127
53.82,7.482559,135.5849,-0.02987089,1.1704929,23.797142
53.83,7.4825664,135.58528,-0.029872838,1.1705339,23.797163
53.84,7.4825735,135.58575,-0.029875148,1.1705763,23.79718
53.85,7.482582,135.58618,-0.029877279,1.1706163,23.7972
53.86,7.482588,135.5866,-0.029879585,1.170657,23.797216
53.87,7.482595,135.58705,-0.029881489,1.1706992,23.797235
53.88,7.482602,135.58748,-0.029883593,1.1707398,23.797253
53.89,7.48261,135.58792,-0.02988572,1.1707808,23.797276
53.9,7.482615,135.58835,-0.02988794,1.1708225,23.797295
53.91,7.482624,135.58879,-0.029890202,1.1708627,23.79731
53.92,7.482631,135.58926,-0.029892307,1.1709037,23.79733
53.93,7.482638,135.58966,-0.02989456,1.1709442,23.797346
53.94,7.482645,135.59009,-0.029896628,1.1709844,23.797367
53.95,7.482653,135.59056,-0.029899009,1.1710247,23.797384
53.96,7.4826603,135.59097,-0.029900815,1.171065,23.797407
53.97,7.482668,135.59143,-0.029903058,1.1711057,23.797422
53.98,7.4826736,135.59186,-0.029905304,1.1711454,23.797432
53.99,7.4826813,135.59227,-0.029907256,1.1711868,23.797455
54.0,7.4826903,135.59271,-0.029909503,1.1712259,23.797478
54.01,7.4826965,135.5931,-0.02991167,1.171265,23.797493
54.02,7.4827037,135.59355,-0.029913861,1.171306,23.797514
54.03,7.4827127,135.59395,-0.029915981,1.1713449,23.797535
54.04,7.482718,135.59442,-0.029918283,1.1713847,23.797544
54.05,7.482723,135.59485,-0.029920124,1.1714246,23.797567
54.06,7.4827332,135.59529,-0.029922385,1.1714653,23.79758
54.07,7.48274,135.59569,-0.02992462,1.1715038,23.797604
54.08,7.482747,135.59612,-0.029926706,1.1715423,23.797619
54.09,7.482754,135.59656,-0.029929046,1.1715821,23.797638
54.1,7.4827604,135.59694,-0.02993105,1.1716212,23.797655
54.11,7.4827657,135.5974,-0.029933099,1.1716604,23.79767
54.12,7.4827757,135.5978,-0.029935349,1.171699,23.79769
54.13,7.4827824,135.59822,-0.029937603,1.1717387,23.797707
54.14,7.482788,135.59866,-0.029939923,1.1717777,23.797733
54.15,7.4827952,135.59903,-0.029942043,1.171815,23.797745
54.16,7.482803,135.59947,-0.029944137,1.1718545,23.797762
54.17,7.482809,135.59991,-0.029946137,1.1718925,23.797775
54.18,7.4828186,135.6003,-0.029948529,1.171931,23.797796
54.19,7.4828253,135.60075,-0.029950816,1.1719689,23.797813
54.2,7.482833,135.60117,-0.029952765,1.172008,23.797832
54.21,7.482839,135.60158,-0.029955018,1.1720455,23.79785
54.22,7.482847,135.60202,-0.029957335,1.1720829,23.797861
54.23,7.482854,135.60242,-0.029959284,1.1721221,23.79788
54.24,7.4828606,135.60283,-0.029961437,1.1721606,23.7979
54.25,7.4828687,135.60323,-0.02996355,1.1721979,23.797922
54.26,7.482876,135.60364,-0.029966082,1.1722345,23.797937
54.27,7.482882,135.60405,-0.029967926,1.1722732,23.797953
54.28,7.4828877,135.60448,-0.029970214,1.1723104,23.79797
54.29,7.4828954,135.6049,-0.029972572,1.1723489,23.797987
54.3,7.4829016,135.6053,-0.029974684,1.1723852,23.798004
54.31,7.482909,135.60571,-0.029976789,1.1724229,23.79802
54.32,7.4829154,135.60612,-0.029978987,1.1724606,23.79804
54.33,7.482924,135.60658,-0.02998108,1.1724977,23.798058
54.34,7.4829307,135.60696,-0.029983424,1.1725342,23.798077
54.35,7.4829392,135.60736,-0.029985487,1.172572,23.798094
54.36,7.482947,135.60779,-0.029987674,1.172609,23.798111
54.37,7.482953,135.60818,-0.02998975,1.1726453,23.798128
54.38,7.48296,135.60858,-0.02999191,1.1726811,23.798151
54.39,7.482966,135.60901,-0.029994436,1.1727183,23.798162
54.4,7.482975,135.6094,-0.029996186,1.1727557,23.798183
54.41,7.4829826,135.60982,-0.029998861,1.1727916,23.798199
54.42,7.482988,135.61023,-0.030000858,1.172828,23.798218
54.43,7.4829955,135.61066,-0.030003,1.1728643,23.79823
54.44,7.4830008,135.61104,-0.030005116,1.1729007,23.798243
54.45,7.4830093,135.61145,-0.030007426,1.1729375,23.798262
54.46,7.4830155,135.61185,-0.030009478,1.1729738,23.798279
54.47,7.483022,135.61223,-0.030011818,1.173009,23.798298
54.48,7.4830294,135.61266,-0.030014,1.1730446,23.798315
54.49,7.4830356,135.61302,-0.030016232,1.1730808,23.798334
54.5,7.4830446,135.61345,-0.030018117,1.173117,23.798351
54.51,7.483053,135.61386,-0.030020423,1.1731533,23.798368
54.52,7.483057,135.61427,-0.03002271,1.1731883,23.798382
54.53,7.483065,135.6147,-0.030024897,1.1732237,23.798397
54.54,7.4830704,135.6151,-0.030027293,1.1732583,23.798418
54.55,7.483078,135.61545,-0.030029323,1.173294,23.798433
54.56,7.4830832,135.61586,-0.030031446,1.1733298,23.79845
54.57,7.48309,135.61629,-0.030033745,1.1733649,23.798471
54.58,7.4830966,135.61665,-0.030035857,1.1734004,23.798487
54.59,7.483102,135.61703,-0.030038018,1.173435,23.798504
54.6,7.483112,135.61745,-0.030040342,1.1734701,23.798523
54.61,7.4831195,135.61784,-0.03004254,1.1735053,23.798532
54.62,7.4831257,135.61824,-0.030044973,1.1735402,23.798555
54.63,7.4831324,135.61865,-0.030047033,1.1735742,23.798574
54.64,7.4831386,135.61903,-0.030049134,1.1736096,23.798584
54.65,7.4831443,135.61943,-0.030051708,1.1736434,23.798601
54.66,7.4831533,135.61983,-0.030053638,1.1736782,23.798624
54.67,7.4831605,135.62022,-0.0300562,1.1737123,23.798634
54.68,7.483166,135.6206,-0.030058049,1.1737466,23.79865
54.69,7.483174,135.62103,-0.030060336,1.173781,23.798668
54.7,7.4831796,135.62141,-0.030062504,1.1738156,23.798687
54.71,7.4831877,135.62184,-0.030064814,1.1738486,23.798708
54.72,7.483195,135.62216,-0.030066863,1.1738828,23.79872
54.73,7.483202,135.62259,-0.030069098,1.1739175,23.798742
54.74,7.4832067,135.62297,-0.030071434,1.1739509,23.798752
54.75,7.4832134,135.62334,-0.03007355,1.1739849,23.798765
54.76,7.483223,135.62373,-0.030075833,1.174019,23.798786
54.77,7.4832263,135.6241,-0.030077793,1.1740527,23.798805
54.78,7.483235,135.62451,-0.030080289,1.1740861,23.798817
54.79,7.4832425,135.62488,-0.030082326,1.1741198,23.79884
54.8,7.483249,135.62527,-0.030084532,1.1741523,23.798853
54.81,7.4832544,135.62566,-0.030086946,1.1741863,23.798872
54.82,7.483264,135.62602,-0.030089118,1.1742184,23.798882
54.83,7.483271,135.62642,-0.030091327,1.1742524,23.7989
54.84,7.4832754,135.62683,-0.030093603,1.1742843,23.798912
54.85,7.4832816,135.6272,-0.030095719,1.1743181,23.798937
54.86,7.4832892,135.62758,-0.030097935,1.174351,23.79895
54.87,7.483296,135.62796,-0.030100208,1.1743838,23.798962
54.88,7.483302,135.62834,-0.030102469,1.1744161,23.798985
54.89,7.48331,135.6287,-0.030104857,1.1744492,23.798996
54.9,7.4833164,135.62912,-0.030107096,1.1744816,23.799019
54.91,7.4833226,135.62947,-0.030109081,1.1745149,23.799034
54.92,7.483329,135.62987,-0.030111436,1.1745462,23.799051
54.93,7.483335,135.63028,-0.030113552,1.1745787,23.799059
54.94,7.483342,135.63062,-0.030115861,1.1746112,23.799078
54.95,7.48335,135.63103,-0.03011806,1.1746435,23.799091
54.96,7.483356,135.63135,-0.030120287,1.1746761,23.79911
54.97,7.483363,135.63173,-0.030122492,1.1747077,23.799133
54.98,7.4833713,135.63216,-0.030124743,1.17474,23.799137
54.99,7.483377,135.63249,-0.030126981,1.1747715,23.79916
55.0,7.4833827,135.6329,-0.030129269,1.1748037,23.799183
55.01,7.483388,135.63326,-0.0301316,1.1748352,23.799192
55.02,7.483394,135.63362,-0.03013378,1.1748672,23.799213
55.03,7.4834003,135.63403,-0.030136138,1.1748978,23.799229
55.04,7.483409,135.63441,-0.030138317,1.1749297,23.799244
55.05,7.483416,135.63478,-0.030140467,1.1749611,23.79926
55.06,7.4834237,135.63516,-0.030142609,1.174994,23.799278
55.07,7.483429,135.63551,-0.030145127,1.1750251,23.799286
55.08,7.4834356,135.63583,-0.030147258,1.1750559,23.799303
55.09,7.4834423,135.6362,-0.030149505,1.1750873,23.799326
55.1,7.48345,135.6366,-0.030151732,1.1751179,23.799337
55.11,7.483457,135.63698,-0.030154023,1.1751487,23.799356
55.12,7.483461,135.63734,-0.03015633,1.1751794,23.799372
55.13,7.483468,135.63771,-0.030158438,1.1752107,23.799385
55.14,7.483476,135.63809,-0.030160844,1.1752403,23.799398
55.15,7.483482,135.63846,-0.030163083,1.1752713,23.799417
55.16,7.4834876,135.63884,-0.030165184,1.1753025,23.799427
55.17,7.4834948,135.63919,-0.030167654,1.1753329,23.799444
55.18,7.4835014,135.63957,-0.030169953,1.1753622,23.799463
55.19,7.48351,135.63992,-0.03017205,1.1753932,23.799479
55.2,7.4835153,135.64032,-0.030174315,1.1754233,23.799494
55.21,7.483523,135.64064,-0.030176394,1.1754544,23.79951
55.22,7.483527,135.641,-0.030178938,1.1754848,23.799526
55.23,7.4835353,135.64142,-0.03018101,1.1755137,23.799545
55.24,7.483541,135.64172,-0.030183237,1.1755446,23.799553
55.25,7.483547,135.64212,-0.030185621,1.1755751,23.799576
55.26,7.483554,135.64247,-0.030187752,1.1756039,23.799583
55.27,7.4835606,135.64284,-0.030190099,1.1756345,23.799603
55.28,7.483568,135.6432,-0.03019235,1.1756644,23.799618
55.29,7.483575,135.64354,-0.030194402,1.1756939,23.79963
55.3,7.4835796,135.6439,-0.030196786,1.175723,23.799646
55.31,7.4835854,135.64427,-0.030199058,1.175752,23.799665
55.32,7.483595,135.64467,-0.030201528,1.1757816,23.79968
55.33,7.483601,135.645,-0.030203607,1.1758112,23.799692
55.34,7.4836073,135.64539,-0.030206155,1.1758397,23.79971
55.35,7.483615,135.64572,-0.030208264,1.1758691,23.79972
55.36,7.483622,135.6461,-0.030210372,1.1758989,23.799736
55.37,7.4836273,135.64642,-0.030212786,1.1759282,23.799763
55.38,7.483633,135.64679,-0.030215163,1.1759565,23.799776
55.39,7.4836397,135.64717,-0.030217286,1.1759862,23.799788
55.4,7.4836454,135.64752,-0.030219797,1.1760144,23.799805
55.41,7.4836535,135.6479,-0.03022186,1.1760428,23.799816
55.42,7.4836593,135.64822,-0.030223973,1.1760724,23.799833
55.43,7.483664,135.64856,-0.030226685,1.1761011,23.799854
55.44,7.4836707,135.64891,-0.030228559,1.1761287,23.799862
55.45,7.483676,135.64928,-0.030231103,1.1761568,23.799877
55.46,7.4836845,135.64964,-0.030233372,1.1761856,23.799898
55.47,7.483692,135.65001,-0.030235533,1.1762152,23.799908
55.48,7.483697,135.65034,-0.030237697,1.1762432,23.799921
55.49,7.4837017,135.6507,-0.030240167,1.1762714,23.799942
55.5,7.48371,135.65106,-0.030242577,1.1762983,23.79996
55.51,7.483717,135.65143,-0.030244738,1.176327,23.79997
55.52,7.4837227,135.65176,-0.030246798,1.1763543,23.79999
55.53,7.483729,135.65211,-0.030249342,1.1763827,23.800003
55.54,7.4837356,135.65244,-0.030251626,1.1764104,23.800014
55.55,7.4837413,135.65277,-0.030253723,1.1764387,23.800035
55.56,7.483747,135.65317,-0.030256066,1.176465,23.800041
55.57,7.4837537,135.6535,-0.030258425,1.1764934,23.800064
55.58,7.483761,135.65385,-0.030260772,1.1765208,23.800076
55.59,7.4837666,135.6542,-0.030262921,1.176549,23.800093
55.6,7.483774,135.65456,-0.030265369,1.1765763,23.800106
55.61,7.4837785,135.65489,-0.030267589,1.1766032,23.800116
55.62,7.4837866,135.65523,-0.030269854,1.1766309,23.800135
55.63,7.4837923,135.65556,-0.030272204,1.1766573,23.800152
55.64,7.4837976,135.6559,-0.030274171,1.176685,23.800169
55.65,7.4838047,135.6563,-0.030276787,1.1767114,23.80018
55.66,7.483812,135.65662,-0.030278832,1.1767387,23.800194
55.67,7.483817,135.65695,-0.03028138,1.1767659,23.800205
55.68,7.483826,135.65735,-0.030283712,1.1767932,23.800224
55.69,7.483833,135.65767,-0.03028588,1.1768202,23.80024
55.7,7.483838,135.658,-0.03028819,1.1768467,23.800262
55.71,7.4838443,135.65836,-0.030290637,1.1768717,23.800266
55.72,7.4838495,135.65868,-0.03029292,1.1768992,23.800282
55.73,7.483856,135.65901,-0.030294921,1.1769252,23.800299
55.74,7.4838634,135.65938,-0.0302975,1.1769525,23.800312
55.75,7.4838696,135.65973,-0.030299611,1.176979,23.80033
55.76,7.4838753,135.66005,-0.030302167,1.1770046,23.800343
55.77,7.483881,135.66037,-0.030304294,1.1770302,23.800362
55.78,7.483887,135.66072,-0.030306559,1.1770571,23.80038
55.79,7.4838953,135.66104,-0.030308917,1.1770836,23.800392
55.8,7.4839025,135.6614,-0.030311245,1.1771088,23.8004
55.81,7.4839067,135.66173,-0.0303135,1.1771349,23.800415
55.82,7.4839115,135.66205,-0.030315932,1.177161,23.800436
55.83,7.48392,135.66241,-0.030318268,1.1771866,23.800442
55.84,7.4839244,135.66272,-0.030320413,1.1772127,23.80046
55.85,7.4839306,135.66307,-0.030322973,1.1772383,23.800474
55.86,7.483937,135.66339,-0.030325208,1.1772639,23.800488
55.87,7.483945,135.66374,-0.030327514,1.1772891,23.80051
55.88,7.4839497,135.66406,-0.030329946,1.1773144,23.800522
55.89,7.4839554,135.66441,-0.030332088,1.1773403,23.800533
55.9,7.483962,135.66475,-0.030334432,1.1773655,23.800549
55.91,7.483969,135.66505,-0.030336887,1.1773912,23.80056
55.92,7.4839735,135.66539,-0.030338954,1.1774163,23.80058
55.93,7.4839816,135.66574,-0.030341636,1.1774411,23.800594
55.94,7.4839873,135.66605,-0.030343786,1.1774653,23.80061
55.95,7.483995,135.6664,-0.030345976,1.1774914,23.80062
55.96,7.484,135.66672,-0.030348267,1.1775155,23.800632
55.97,7.484005,135.66705,-0.030350689,1.1775408,23.800648
55.98,7.484012,135.66739,-0.030353121,1.1775656,23.800661
55.99,7.484019,135.66774,-0.0303553,1.1775901,23.800682
56.0,7.484026,135.66806,-0.030357726,1.1776145,23.800684
56.01,7.4840317,135.66841,-0.030359976,1.1776389,23.800703
56.02,7.484037,135.66872,-0.03036248,1.1776633,23.800718
56.03,7.4840417,135.66907,-0.030364674,1.1776892,23.800726
56.04,7.4840508,135.6694,-0.030366953,1.1777127,23.800747
56.05,7.4840593,135.66971,-0.03036943,1.1777365,23.800755
56.06,7.4840636,135.67003,-0.030371692,1.1777612,23.800774
56.07,7.4840693,135.67035,-0.030374039,1.177785,23.800795
56.08,7.484075,135.67068,-0.030376263,1.177809,23.800804
56.09,7.4840817,135.67096,-0.030378629,1.1778339,23.800823
56.1,7.4840884,135.67134,-0.030381124,1.1778567,23.80083
56.11,7.4840946,135.67166,-0.030383326,1.1778811,23.800842
56.12,7.484101,135.67195,-0.030385684,1.1779056,23.800856
56.13,7.484106,135.67235,-0.030388124,1.1779292,23.800869
56.14,7.4841113,135.6726,-0.030390356,1.1779531,23.800886
56.15,7.4841175,135.67291,-0.030392628,1.1779764,23.800898
56.16,7.4841223,135.67323,-0.030395024,1.1779994,23.800913
56.17,7.48413,135.6736,-0.03039746,1.178023,23.800926
56.18,7.484137,135.67392,-0.030399736,1.1780466,23.800945
56.19,7.4841413,135.67426,-0.030402038,1.1780701,23.800951
56.2,7.484147,135.67458,-0.030404594,1.1780938,23.800974
56.21,7.484154,135.6749,-0.030406855,1.1781156,23.800985
56.22,7.4841595,135.67519,-0.030409086,1.1781399,23.801006
56.23,7.4841676,135.67555,-0.030411646,1.1781629,23.801016
56.24,7.4841714,135.67584,-0.030413616,1.1781865,23.801027
56.25,7.4841776,135.67618,-0.03041621,1.1782084,23.801037
56.26,7.4841843,135.67647,-0.030418564,1.1782314,23.801048
56.27,7.48419,135.6768,-0.030420754,1.178255,23.801073
56.28,7.484196,135.67711,-0.030423254,1.1782774,23.801079
56.29,7.484202,135.67746,-0.030425567,1.1783006,23.80109
56.3,7.48421,135.67775,-0.030427903,1.1783228,23.801115
56.31,7.4842143,135.67809,-0.030430462,1.1783454,23.801117
56.32,7.48422,135.67839,-0.030432772,1.1783679,23.801134
56.33,7.4842267,135.67871,-0.030434951,1.1783906,23.801146
56.34,7.484232,135.67902,-0.030437496,1.178413,23.80116
56.35,7.484237,135.67932,-0.030439802,1.178435,23.801178
56.36,7.4842443,135.67964,-0.0304422,1.1784564,23.801188
56.37,7.4842486,135.67996,-0.030444331,1.1784792,23.801199
56.38,7.484257,135.68024,-0.030446757,1.1785024,23.801228
56.39,7.4842644,135.68056,-0.030449122,1.1785237,23.801233
56.4,7.484269,135.6809,-0.030451633,1.1785457,23.801245
56.41,7.484274,135.6812,-0.030454125,1.1785681,23.80126
56.42,7.48428,135.68152,-0.030456204,1.1785897,23.801273
56.43,7.484287,135.68182,-0.030458786,1.1786109,23.801292
56.44,7.484292,135.6821,-0.030461032,1.1786335,23.801296
56.45,7.4842987,135.68245,-0.030463375,1.1786555,23.801311
56.46,7.4843044,135.68272,-0.030465897,1.1786762,23.801325
56.47,7.484311,135.68303,-0.030468158,1.1786981,23.801338
56.48,7.4843163,135.68336,-0.030470546,1.17872,23.801353
56.49,7.4843216,135.68365,-0.030472953,1.1787415,23.801367
56.5,7.4843287,135.68396,-0.030475155,1.1787615,23.801382
56.51,7.4843345,135.68428,-0.030477632,1.1787845,23.801388
56.52,7.484341,135.68459,-0.03047992,1.1788063,23.80141
56.53,7.484345,135.68494,-0.030482426,1.178826,23.801416
56.54,7.48435,135.68521,-0.030484866,1.1788473,23.801432
56.55,7.484357,135.68555,-0.03048725,1.1788688,23.801447
56.56,7.484362,135.68585,-0.03048965,1.1788892,23.801456
56.57,7.4843698,135.68614,-0.030492041,1.1789114,23.80147
56.58,7.4843745,135.68645,-0.030494265,1.178931,23.801481
56.59,7.4843817,135.68678,-0.030496687,1.178951,23.801502
56.6,7.484387,135.68707,-0.030499239,1.1789726,23.801514
56.61,7.4843936,135.68736,-0.030501433,1.1789931,23.801527
56.62,7.4844007,135.68767,-0.030503843,1.1790146,23.801538
56.63,7.4844055,135.68796,-0.030506406,1.1790342,23.801552
56.64,7.4844117,135.68826,-0.030508667,1.1790545,23.801567
56.65,7.4844165,135.68857,-0.030510914,1.1790761,23.80158
56.66,7.48442,135.6889,-0.030513283,1.1790949,23.801588
56.67,7.4844284,135.68921,-0.030515779,1.1791167,23.801605
56.68,7.484433,135.68947,-0.03051842,1.1791364,23.801617
56.69,7.4844394,135.68982,-0.030520517,1.1791569,23.801628
56.7,7.4844437,135.69011,-0.030523214,1.1791762,23.80165
56.71,7.48445,135.69037,-0.030525412,1.1791966,23.801659
56.72,7.484456,135.69069,-0.030527778,1.1792169,23.801668
56.73,7.484463,135.691,-0.03053005,1.1792371,23.801683
56.74,7.484469,135.69131,-0.030532744,1.1792566,23.8017
56.75,7.484475,135.69162,-0.03053515,1.1792755,23.801712
56.76,7.484482,135.6919,-0.030537285,1.1792966,23.801722
56.77,7.4844885,135.69223,-0.030539911,1.1793154,23.801735
56.78,7.4844937,135.6925,-0.030542418,1.1793343,23.801752
56.79,7.4844995,135.69283,-0.03054469,1.1793548,23.801754
56.8,7.484505,135.69312,-0.03054683,1.1793746,23.801775
56.81,7.48451,135.69337,-0.03054946,1.1793935,23.801792
56.82,7.4845176,135.6937,-0.030551922,1.1794133,23.801805
56.83,7.4845223,135.69397,-0.03055409,1.1794327,23.801813
56.84,7.4845266,135.69427,-0.03055657,1.1794521,23.80183
56.85,7.484532,135.69458,-0.03055897,1.1794714,23.801838
56.86,7.484539,135.69489,-0.030561429,1.1794895,23.80185
56.87,7.4845433,135.69516,-0.030563794,1.1795099,23.801868
56.88,7.484551,135.69547,-0.03056619,1.1795287,23.801884
56.89,7.4845557,135.69574,-0.030568708,1.1795471,23.801891
56.9,7.484562,135.69601,-0.030570965,1.1795673,23.801903
56.91,7.4845695,135.69632,-0.030573308,1.1795863,23.801916
56.92,7.484574,135.69662,-0.030575953,1.179604,23.801926
56.93,7.4845786,135.69691,-0.030578312,1.1796222,23.80194
56.94,7.484585,135.69722,-0.030580629,1.1796421,23.801952
56.95,7.4845896,135.69753,-0.030583024,1.1796597,23.801962
56.96,7.484596,135.69778,-0.030585524,1.1796787,23.80197
56.97,7.484601,135.69807,-0.030588057,1.1796972,23.801989
56.98,7.484607,135.69833,-0.030590307,1.1797158,23.802004
56.99,7.4846134,135.69862,-0.030592516,1.1797342,23.802017
57.0,7.4846187,135.69891,-0.030595314,1.1797518,23.802027
57.01,7.4846253,135.69919,-0.03059752,1.17977,23.802046
57.02,7.4846315,135.6995,-0.030599944,1.1797888,23.80205
57.03,7.4846363,135.6998,-0.030602522,1.1798066,23.802063
57.04,7.4846444,135.70007,-0.030605037,1.1798245,23.802074
57.05,7.484649,135.70036,-0.030607376,1.1798425,23.80209
57.06,7.484653,135.70065,-0.030609775,1.1798612,23.8021
57.07,7.4846587,135.70091,-0.030612443,1.179878,23.80211
57.08,7.4846654,135.70123,-0.030614637,1.1798967,23.802122
57.09,7.484674,135.70154,-0.030617036,1.1799152,23.802141
57.1,7.4846787,135.70178,-0.030619401,1.1799314,23.802156
57.11,7.484683,135.70207,-0.03062186,1.1799502,23.80216
57.12,7.4846883,135.70236,-0.030624222,1.1799684,23.802181
57.13,7.4846964,135.70268,-0.030626856,1.1799843,23.8022
57.14,7.484702,135.70293,-0.030629285,1.1800021,23.802208
57.15,7.484706,135.7032,-0.030631647,1.1800196,23.802214
57.16,7.484712,135.70348,-0.030634116,1.1800376,23.80223
57.17,7.4847174,135.70377,-0.03063649,1.1800542,23.802244
57.18,7.484722,135.70406,-0.030638937,1.1800714,23.80226
57.19,7.4847283,135.70435,-0.030641291,1.1800891,23.802267
57.2,7.4847336,135.70465,-0.030643865,1.1801059,23.80228
57.21,7.484741,135.70496,-0.03064638,1.1801223,23.80229
57.22,7.4847455,135.70522,-0.030648515,1.1801401,23.8023
57.23,7.4847503,135.70549,-0.030651223,1.1801562,23.802315
57.24,7.484756,135.70581,-0.030653507,1.1801744,23.80232
57.25,7.484761,135.70607,-0.030656017,1.1801915,23.802343
57.26,7.484768,135.70636,-0.03065851,1.1802078,23.802355
57.27,7.484776,135.70663,-0.030660853,1.1802231,23.80236
57.28,7.48478,135.7069,-0.030663293,1.1802416,23.80238
57.29,7.4847856,135.70717,-0.030665748,1.1802571,23.80239
57.3,7.484789,135.70746,-0.030668385,1.1802745,23.802402
57.31,7.4847965,135.70776,-0.030670885,1.1802906,23.802412
57.32,7.4848003,135.70804,-0.030673377,1.1803071,23.802427
57.33,7.484805,135.7083,-0.030675769,1.180324,23.802437
57.34,7.4848123,135.70857,-0.030677829,1.1803402,23.80245
57.35,7.484817,135.70885,-0.030680455,1.1803565,23.802464
57.36,7.484825,135.70912,-0.030683037,1.1803726,23.802479
57.37,7.4848313,135.70941,-0.030685395,1.180389,23.802488
57.38,7.4848347,135.70967,-0.030687839,1.1804048,23.802498
57.39,7.4848413,135.70992,-0.030690376,1.1804202,23.802513
57.4,7.4848466,135.7102,-0.030692719,1.1804363,23.802519
57.41,7.484853,135.71045,-0.030695211,1.1804533,23.802538
57.42,7.484856,135.71075,-0.030697614,1.1804688,23.802553
57.43,7.484861,135.71101,-0.03070021,1.1804844,23.802563
57.44,7.484869,135.7113,-0.030702751,1.1805003,23.802568
57.45,7.484875,135.71158,-0.030705355,1.1805154,23.802578
57.46,7.4848804,135.71185,-0.03070739,1.1805317,23.80259
57.47,7.484884,135.71211,-0.03071,1.1805465,23.802605
57.48,7.484889,135.7124,-0.03071243,1.1805625,23.80262
57.49,7.4848948,135.71268,-0.030715045,1.1805776,23.80262
57.5,7.4849005,135.71295,-0.030717459,1.1805933,23.802633
57.51,7.4849067,135.71321,-0.030719899,1.1806087,23.80264
57.52,7.4849133,135.71346,-0.03072244,1.1806233,23.802658
57.53,7.484918,135.71371,-0.030724816,1.1806393,23.802677
57.54,7.4849234,135.714,-0.030727137,1.1806543,23.802694
57.55,7.484929,135.71425,-0.030729637,1.1806698,23.8027
57.56,7.484935,135.71455,-0.03073236,1.1806849,23.802713
57.57,7.4849396,135.7148,-0.030734722,1.1806996,23.802723
57.58,7.484945,135.71506,-0.030737072,1.1807159,23.802734
57.59,7.4849534,135.71535,-0.030739706,1.1807295,23.802746
57.6,7.4849596,135.7156,-0.030742127,1.1807444,23.802755
57.61,7.484963,135.71593,-0.030744694,1.1807597,23.802767
57.62,7.4849687,135.71619,-0.030747104,1.1807748,23.802778
57.63,7.484974,135.7164,-0.030749284,1.180789,23.80279
57.64,7.4849806,135.71664,-0.030752178,1.1808032,23.802803
57.65,7.4849834,135.71692,-0.030754637,1.180818,23.802818
57.66,7.4849896,135.71716,-0.030756999,1.180832,23.802826
57.67,7.484994,135.7174,-0.030759402,1.1808465,23.80284
57.68,7.4850006,135.71773,-0.030761793,1.1808617,23.802845
57.69,7.4850073,135.71803,-0.030764446,1.180876,23.802856
57.7,7.485013,135.71828,-0.030766908,1.1808902,23.802868
57.71,7.485018,135.71854,-0.030769307,1.1809039,23.802883
57.72,7.4850216,135.71881,-0.030771881,1.1809189,23.802904
57.73,7.4850307,135.71909,-0.03077441,1.1809336,23.80291
57.74,7.485034,135.71935,-0.030777056,1.1809473,23.802923
57.75,7.48504,135.7196,-0.030779332,1.1809611,23.802937
57.76,7.4850454,135.71986,-0.030781962,1.1809753,23.802942
57.77,7.4850497,135.72011,-0.03078442,1.1809884,23.802948
57.78,7.485055,135.72035,-0.030786924,1.1810029,23.802961
57.79,7.485061,135.72061,-0.030789528,1.1810166,23.802979
57.8,7.485065,135.7209,-0.030791834,1.1810303,23.802988
57.81,7.4850707,135.72115,-0.03079417,1.1810436,23.802994
57.82,7.4850745,135.72144,-0.030796766,1.1810586,23.803017
57.83,7.4850817,135.72173,-0.0307994,1.1810715,23.80302
57.84,7.4850883,135.72198,-0.03080181,1.1810853,23.803032
57.85,7.485093,135.72221,-0.030804485,1.1810986,23.803047
57.86,7.4850984,135.72247,-0.030806992,1.1811122,23.803057
57.87,7.485104,135.72273,-0.030809507,1.1811261,23.803068
57.88,7.48511,135.723,-0.030811679,1.1811386,23.803082
57.89,7.4851146,135.72327,-0.030814216,1.1811526,23.803085
57.9,7.485121,135.72351,-0.030816615,1.1811653,23.803099
57.91,7.4851246,135.72377,-0.030819394,1.1811782,23.803106
57.92,7.4851303,135.724,-0.03082171,1.1811918,23.803122
57.93,7.4851346,135.72426,-0.030824102,1.1812054,23.803137
57.94,7.48514,135.72452,-0.030826855,1.1812174,23.803144
57.95,7.485145,135.72478,-0.030829392,1.1812304,23.803158
57.96,7.4851522,135.72505,-0.030831661,1.1812445,23.803167
57.97,7.4851556,135.7253,-0.03083434,1.1812568,23.803185
57.98,7.485162,135.72556,-0.03083694,1.1812689,23.803194
57.99,7.485168,135.72583,-0.03083945,1.1812836,23.8032
58.0,7.485174,135.72606,-0.030841898,1.1812948,23.803211
58.01,7.4851794,135.72629,-0.030844249,1.1813077,23.803226
58.02,7.4851832,135.72661,-0.030846793,1.1813208,23.803238
58.03,7.4851913,135.72684,-0.030849315,1.1813328,23.803246
58.04,7.485194,135.72707,-0.030852016,1.1813447,23.803257
58.05,7.4852004,135.72733,-0.030854452,1.1813571,23.803265
58.06,7.4852066,135.72757,-0.030857105,1.18137,23.80328
58.07,7.4852114,135.72783,-0.030859359,1.1813829,23.803286
58.08,7.4852157,135.72806,-0.030861955,1.181395,23.8033
58.09,7.4852214,135.72832,-0.030864581,1.181407,23.803308
58.1,7.4852257,135.72858,-0.030867118,1.1814194,23.80333
58.11,7.4852314,135.72884,-0.030869547,1.1814318,23.80333
58.12,7.485237,135.7291,-0.030872174,1.1814432,23.803347
58.13,7.4852424,135.72931,-0.030874666,1.1814555,23.803354
58.14,7.485247,135.72957,-0.03087715,1.1814681,23.803362
58.15,7.4852533,135.72978,-0.030879606,1.1814796,23.803371
58.16,7.4852567,135.73001,-0.030882303,1.1814919,23.803385
58.17,7.4852624,135.73029,-0.030884776,1.1815029,23.80339
58.18,7.4852695,135.73055,-0.030887246,1.1815146,23.80341
58.19,7.4852753,135.7308,-0.030889694,1.1815262,23.803417
58.2,7.4852805,135.73103,-0.030892204,1.1815383,23.803436
58.21,7.4852853,135.73131,-0.030894652,1.1815503,23.803442
58.22,7.48529,135.73157,-0.030897278,1.1815616,23.80345
58.23,7.4852977,135.73181,-0.030899718,1.1815732,23.803463
58.24,7.485302,135.73207,-0.03090243,1.181584,23.80348
58.25,7.4853063,135.73228,-0.030904967,1.181596,23.803488
58.26,7.4853106,135.73256,-0.030907627,1.1816078,23.803493
58.27,7.485318,135.73279,-0.030910183,1.1816189,23.803503
58.28,7.4853215,135.73305,-0.030912481,1.1816293,23.803518
58.29,7.485327,135.73329,-0.030914947,1.1816413,23.803534
58.3,7.485333,135.73352,-0.030917484,1.1816529,23.80354
58.31,7.48534,135.73378,-0.030920051,1.1816638,23.803549
58.32,7.4853415,135.73401,-0.030922793,1.1816752,23.803568
58.33,7.485348,135.73422,-0.030925352,1.1816853,23.803572
58.34,7.485353,135.73445,-0.030927733,1.1816955,23.803583
58.35,7.485358,135.73471,-0.030930016,1.181708,23.80359
58.36,7.4853635,135.73495,-0.030932907,1.1817183,23.803598
58.37,7.4853687,135.73515,-0.030935545,1.1817288,23.803614
58.38,7.4853735,135.73546,-0.030937962,1.1817397,23.803625
58.39,7.4853806,135.73572,-0.0309406,1.18175,23.803638
58.4,7.485386,135.73595,-0.030943185,1.1817614,23.80365
58.41,7.48539,135.73618,-0.03094561,1.1817709,23.803654
58.42,7.4853945,135.73642,-0.030948196,1.1817825,23.803667
58.43,7.4854007,135.73668,-0.030950524,1.1817925,23.803684
58.44,7.4854054,135.73691,-0.030953169,1.1818037,23.803688
58.45,7.4854097,135.73714,-0.030955747,1.181814,23.803692
58.46,7.4854145,135.7374,-0.030958563,1.1818242,23.803707
58.47,7.4854207,135.73763,-0.030960854,1.1818345,23.803719
58.48,7.4854255,135.73788,-0.030963428,1.1818453,23.803728
58.49,7.485431,135.73807,-0.03096594,1.181855,23.803736
58.5,7.485437,135.73831,-0.03096857,1.1818652,23.803743
58.51,7.485443,135.73856,-0.03097111,1.1818752,23.803755
58.52,7.485448,135.73878,-0.030973662,1.1818851,23.80377
58.53,7.4854536,135.73904,-0.030976035,1.1818956,23.80378
58.54,7.4854584,135.73929,-0.030978594,1.1819048,23.803793
58.55,7.4854617,135.73956,-0.03098138,1.1819155,23.803804
58.56,7.48547,135.73975,-0.030983903,1.1819248,23.803808
58.57,7.485474,135.73997,-0.0309867,1.1819347,23.803825
58.58,7.4854774,135.7402,-0.03098882,1.1819452,23.803837
58.59,7.4854836,135.74045,-0.030991562,1.1819543,23.80384
58.6,7.485489,135.74072,-0.030994006,1.181964,23.803848
58.61,7.4854927,135.74092,-0.030996755,1.1819739,23.803862
58.62,7.485498,135.74117,-0.030999161,1.1819834,23.803877
58.63,7.485502,135.74142,-0.031001851,1.1819924,23.803885
58.64,7.485508,135.74162,-0.031004347,1.1820021,23.803896
58.65,7.485513,135.74188,-0.031006802,1.1820116,23.803902
58.66,7.485519,135.7421,-0.031009473,1.1820203,23.80392
58.67,7.485522,135.74234,-0.031012114,1.1820304,23.803923
58.68,7.485527,135.7426,-0.031014662,1.1820396,23.803942
58.69,7.4855347,135.74283,-0.031017002,1.1820496,23.803947
58.7,7.485538,135.74303,-0.031019751,1.1820579,23.80395
58.71,7.485543,135.74324,-0.031022377,1.1820675,23.803968
58.72,7.4855475,135.7435,-0.031024724,1.1820756,23.803972
58.73,7.4855533,135.74371,-0.031027533,1.1820853,23.803982
58.74,7.485559,135.74394,-0.031030096,1.182094,23.803995
58.75,7.485563,135.74417,-0.031032585,1.182104,23.803999
58.76,7.485569,135.74438,-0.031035278,1.1821123,23.804012
58.77,7.4855723,135.74463,-0.031037886,1.182121,23.804022
58.78,7.485579,135.74486,-0.031040374,1.1821301,23.804033
58.79,7.4855847,135.74507,-0.031042889,1.1821394,23.804043
58.8,7.48559,135.74532,-0.0310454,1.1821469,23.804049
58.81,7.485595,135.74551,-0.03104803,1.182156,23.804068
58.82,7.485599,135.74582,-0.031050794,1.1821653,23.804075
58.83,7.485605,135.74602,-0.031053152,1.182173,23.804083
58.84,7.4856105,135.74622,-0.031055793,1.1821811,23.804094
58.85,7.4856157,135.74648,-0.031058364,1.1821896,23.8041
58.86,7.48562,135.7467,-0.031060942,1.1821986,23.804111
58.87,7.4856253,135.74695,-0.031063866,1.182206,23.804123
58.88,7.48563,135.74715,-0.031066097,1.1822153,23.804129
58.89,7.4856343,135.74738,-0.031068437,1.1822238,23.80415
58.9,7.485639,135.74759,-0.031071194,1.182232,23.804155
58.91,7.4856443,135.7478,-0.03107391,1.1822406,23.804167
58.92,7.4856496,135.74805,-0.031076565,1.1822474,23.804174
58.93,7.485655,135.74828,-0.03107889,1.1822557,23.804184
58.94,7.4856606,135.7485,-0.031081714,1.182264,23.804197
58.95,7.4856668,135.74873,-0.031084321,1.182272,23.804207
58.96,7.4856706,135.74895,-0.031086955,1.1822803,23.804216
58.97,7.485676,135.74918,-0.031089377,1.1822889,23.804232
58.98,7.485682,135.74942,-0.03109213,1.1822959,23.804235
58.99,7.485686,135.74963,-0.031094868,1.1823037,23.804247
59.0,7.485691,135.74985,-0.031097326,1.1823109,23.804256
59.01,7.485695,135.75005,-0.03110005,1.1823184,23.80427
59.02,7.485699,135.7503,-0.031102546,1.1823266,23.804274
59.03,7.485706,135.75053,-0.031105053,1.1823343,23.804285
59.04,7.4857106,135.75075,-0.031107634,1.182341,23.804285
59.05,7.4857135,135.75096,-0.031110417,1.1823496,23.804296
59.06,7.485719,135.75114,-0.031113021,1.1823572,23.804316
59.07,7.4857273,135.75139,-0.03111551,1.1823643,23.804323
59.08,7.4857326,135.75159,-0.031118006,1.1823726,23.804333
59.09,7.485737,135.75182,-0.03112071,1.1823796,23.804346
59.1,7.4857407,135.75203,-0.031123418,1.1823856,23.80435
59.11,7.485746,135.75227,-0.031125817,1.1823936,23.804361
59.12,7.48575,135.7525,-0.03112847,1.1824006,23.804369
59.13,7.4857535,135.75272,-0.031131208,1.182408,23.80438
59.14,7.48576,135.75294,-0.031133588,1.1824158,23.804386
59.15,7.4857664,135.75316,-0.031136524,1.1824223,23.804392
59.16,7.4857717,135.75339,-0.03113874,1.1824293,23.804401
59.17,7.4857755,135.75365,-0.031141397,1.1824362,23.804407
59.18,7.4857807,135.75385,-0.031143956,1.182444,23.804426
59.19,7.485783,135.75404,-0.031146795,1.1824499,23.804428
59.2,7.4857893,135.75426,-0.03114928,1.1824564,23.804436
59.21,7.485793,135.75449,-0.031151846,1.182464,23.804455
59.22,7.485798,135.75468,-0.03115448,1.1824701,23.80446
59.23,7.485806,135.7549,-0.03115695,1.1824769,23.804468
59.24,7.485811,135.7551,-0.031159945,1.182483,23.804483
59.25,7.485815,135.75536,-0.031162564,1.1824893,23.804485
59.26,7.4858193,135.75557,-0.03116472,1.1824973,23.804499
59.27,7.485824,135.75577,-0.0311676,1.1825038,23.804508
59.28,7.485829,135.756,-0.03117013,1.1825095,23.804516
59.29,7.485834,135.75623,-0.031172667,1.1825161,23.804523
59.3,7.485838,135.75642,-0.031175401,1.1825229,23.804527
59.31,7.4858418,135.75662,-0.031178381,1.1825289,23.804543
59.32,7.4858484,135.7569,-0.031180736,1.1825352,23.804552
59.33,7.485853,135.75708,-0.031183623,1.1825415,23.80457
59.34,7.4858565,135.7573,-0.031186,1.1825477,23.804571
59.35,7.4858603,135.75749,-0.031188734,1.1825547,23.804575
59.36,7.4858665,135.75772,-0.031191245,1.1825595,23.804588
59.37,7.4858727,135.7579,-0.031193942,1.1825652,23.804598
59.38,7.4858785,135.75812,-0.031196427,1.1825724,23.804613
59.39,7.4858813,135.75833,-0.03119905,1.182578,23.804617
59.4,7.4858866,135.75854,-0.031201653,1.1825838,23.804626
59.41,7.4858923,135.75873,-0.031204432,1.1825906,23.804634
59.42,7.485896,135.75896,-0.031206977,1.1825961,23.804644
59.43,7.485902,135.75916,-0.0312097,1.1826009,23.804655
59.44,7.485905,135.75938,-0.031212352,1.1826066,23.804657
59.45,7.4859104,135.75958,-0.031215005,1.1826129,23.804672
59.46,7.4859157,135.75981,-0.031217601,1.1826183,23.804676
59.47,7.485921,135.76003,-0.031220302,1.1826234,23.804691
59.48,7.4859247,135.76025,-0.031222705,1.1826296,23.8047
59.49,7.485931,135.76042,-0.031225406,1.1826345,23.804708
59.5,7.485934,135.7606,-0.031228244,1.1826407,23.804722
59.51,7.48594,135.76083,-0.03123087,1.1826462,23.80473
59.52,7.4859443,135.76108,-0.031233475,1.1826515,23.80473
59.53,7.48595,135.76126,-0.031235717,1.182657,23.804747
59.54,7.4859543,135.76147,-0.03123875,1.1826624,23.804754
59.55,7.485958,135.76169,-0.031241175,1.1826682,23.804764
59.56,7.4859624,135.76187,-0.031243809,1.1826721,23.804777
59.57,7.4859686,135.7621,-0.031246498,1.1826777,23.804781
59.58,7.485975,135.76234,-0.031249117,1.1826824,23.804794
59.59,7.485977,135.76251,-0.0312516,1.182688,23.804802
59.6,7.4859843,135.76266,-0.031254556,1.1826922,23.80481
59.61,7.4859867,135.76291,-0.031257015,1.1826984,23.804823
59.62,7.485992,135.76317,-0.03125978,1.1827028,23.804825
59.63,7.485997,135.76335,-0.031262368,1.1827074,23.804838
59.64,7.486001,135.76357,-0.03126504,1.1827118,23.804853
59.65,7.4860063,135.76375,-0.031267587,1.1827173,23.804861
59.66,7.4860115,135.76398,-0.031270396,1.1827221,23.804865
59.67,7.4860153,135.76418,-0.031272892,1.1827272,23.804873
59.68,7.4860234,135.76436,-0.031275548,1.1827312,23.80488
59.69,7.4860272,135.76456,-0.03127827,1.1827372,23.804895
59.7,7.486032,135.76479,-0.03128093,1.1827409,23.804903
59.71,7.4860353,135.76497,-0.031283636,1.1827466,23.804913
59.72,7.4860415,135.76517,-0.03128613,1.1827503,23.804918
59.73,7.486045,135.7654,-0.031288847,1.1827558,23.80492
59.74,7.4860506,135.7656,-0.031291667,1.1827588,23.804928
59.75,7.486056,135.7658,-0.03129452,1.1827642,23.80494
59.76,7.486061,135.766,-0.031296782,1.1827685,23.804955
59.77,7.486065,135.76622,-0.031299785,1.1827723,23.804968
59.78,7.486069,135.76643,-0.031302184,1.1827768,23.804966
59.79,7.486075,135.76657,-0.03130482,1.1827812,23.804977
59.8,7.4860783,135.76678,-0.031307366,1.1827859,23.804981
59.81,7.486084,135.76698,-0.031310428,1.182789,23.80499
59.82,7.4860888,135.7672,-0.031312924,1.1827928,23.805004
59.83,7.486094,135.76738,-0.031315412,1.1827973,23.805008
59.84,7.4860992,135.76758,-0.031318147,1.1828012,23.805014
59.85,7.4861035,135.76778,-0.03132072,1.1828058,23.805025
59.86,7.4861083,135.76799,-0.031323582,1.1828086,23.80504
59.87,7.486113,135.76817,-0.03132619,1.1828134,23.805052
59.88,7.4861183,135.76837,-0.03132889,1.1828163,23.805056
59.89,7.4861217,135.76859,-0.031331584,1.1828213,23.805063
59.9,7.486125,135.76877,-0.03133434,1.1828244,23.805075
59.91,7.486132,135.76898,-0.031336796,1.1828282,23.805077
59.92,7.4861355,135.76918,-0.031339426,1.1828319,23.80509
59.93,7.486141,135.76938,-0.03134202,1.1828353,23.8051
59.94,7.486144,135.76958,-0.031344857,1.182839,23.80511
59.95,7.4861484,135.76978,-0.031347573,1.1828424,23.805107
59.96,7.486152,135.76997,-0.031350035,1.1828468,23.805117
59.97,7.4861608,135.77016,-0.03135281,1.1828495,23.805126
59.98,7.486165,135.77037,-0.03135568,1.1828535,23.805136
59.99,7.4861684,135.77054,-0.031358033,1.1828563,23.805145
60.0,7.486174,135.77077,-0.03136047,1.1828605,23.805153
