t,w,W,x,y,z
0.0,0.042225737,0.00018805265,4.7108316,42.220333,0.046301216
0.01,0.042361587,0.0013145804,4.710492,42.218433,0.04732582
0.02,0.04249888,0.0024766922,4.7101483,42.216515,0.048363656
0.03,0.04263737,0.0036663413,4.7098002,42.21457,0.04941356
0.04,0.04277643,0.0048857927,4.7094507,42.21258,0.050478965
0.05,0.042917017,0.0061314106,4.709096,42.21055,0.051557004
0.06,0.04305847,0.007403314,4.7087355,42.20852,0.05264914
0.07,0.04320036,0.008705199,4.7083755,42.206448,0.05375296
0.08,0.04334365,0.01003021,4.7080083,42.204353,0.054870605
0.09,0.043487325,0.011381149,4.707639,42.20223,0.056001216
0.1,0.043631546,0.012752056,4.7072687,42.200085,0.057145804
0.11,0.04377633,0.014150381,4.7068934,42.197903,0.058301836
0.12,0.04392169,0.015560925,4.706515,42.195705,0.059469312
0.13,0.044067636,0.016997099,4.706134,42.193485,0.060649693
0.14,0.04421389,0.018451214,4.7057524,42.191227,0.061841875
0.15,0.044360522,0.019925296,4.7053647,42.188965,0.06304595
0.16,0.04450719,0.021411657,4.704975,42.18668,0.064261526
0.17,0.04465389,0.022915542,4.7045865,42.18437,0.06548667
0.18,0.044801377,0.024438977,4.704192,42.182034,0.066725105
0.19,0.04494873,0.025975406,4.7037954,42.17969,0.06797317
0.2,0.045096178,0.027524173,4.703398,42.1773,0.06923267
0.21,0.045243673,0.029086173,4.7029986,42.174923,0.07050097
0.22,0.045391094,0.030662179,4.7025976,42.172516,0.07178071
0.23,0.045538332,0.03224814,4.7021937,42.170086,0.073070675
0.24,0.045685586,0.03384304,4.7017884,42.16762,0.07436806
0.25,0.04583303,0.035451174,4.7013807,42.16517,0.07567766
0.26,0.045980137,0.037066042,4.700973,42.16271,0.07699555
0.27,0.04612683,0.038691044,4.7005625,42.16021,0.07832226
0.28,0.04627382,0.040323853,4.700151,42.15771,0.07965878
0.29,0.046420395,0.041963935,4.699741,42.155178,0.08100268
0.3,0.046566878,0.043612003,4.699325,42.15266,0.08235559
0.31,0.046712797,0.0452649,4.6989117,42.15011,0.08371547
0.32,0.046858802,0.046923757,4.6984944,42.14755,0.08508533
0.33,0.047004424,0.048586607,4.69808,42.144978,0.08646262
0.34,0.04715006,0.05025637,4.6976614,42.14239,0.08784798
0.35,0.04729545,0.051929414,4.69724,42.139793,0.08923867
0.36,0.047440298,0.05360645,4.696823,42.137184,0.09063795
0.37,0.047585044,0.055285394,4.6964025,42.134575,0.092044175
0.38,0.047729604,0.056965947,4.69598,42.13196,0.093458146
0.39,0.047873728,0.05865085,4.695557,42.129322,0.0948779
0.4,0.04801783,0.06033814,4.695136,42.126675,0.09630513
0.41,0.048161387,0.062026203,4.6947126,42.12403,0.0977363
0.42,0.048304766,0.063712776,4.694289,42.121357,0.09917635
0.43,0.04844809,0.065401375,4.6938663,42.118694,0.100622475
0.44,0.048591282,0.06709021,4.6934404,42.116016,0.10207313
0.45,0.048734277,0.06877947,4.6930165,42.113346,0.10353038
0.46,0.048877086,0.070468724,4.69259,42.110638,0.10499269
0.47,0.049019467,0.07215822,4.6921654,42.107944,0.10646096
0.48,0.049162243,0.073844254,4.69174,42.10525,0.10793522
0.49,0.049304385,0.07552856,4.6913147,42.102547,0.109413266
0.5,0.049446613,0.07721299,4.690889,42.099827,0.110896826
0.51,0.049588997,0.07889372,4.6904573,42.097107,0.112386316
0.52,0.049730673,0.08057314,4.6900325,42.09437,0.1138795
0.53,0.04987309,0.08224654,4.6896067,42.09165,0.115378916
0.54,0.05001505,0.083921015,4.6891785,42.088905,0.116882294
0.55,0.050156806,0.08559531,4.6887507,42.086174,0.11839104
0.56,0.050299075,0.08725971,4.6883216,42.0834,0.119905055
0.57,0.050440904,0.088924825,4.6878924,42.080658,0.12142202
0.58,0.050583035,0.090583324,4.6874647,42.077896,0.122942865
0.59,0.050725613,0.092240274,4.6870346,42.07514,0.124468654
0.6,0.05086787,0.09389031,4.686605,42.072365,0.1260005
0.61,0.051010296,0.09553808,4.6861744,42.0696,0.12753567
0.62,0.051153027,0.09717989,4.6857452,42.066837,0.129074
0.63,0.051295847,0.09881669,4.685317,42.064064,0.13061649
0.64,0.051438697,0.100450456,4.684886,42.061283,0.13216338
0.65,0.05158207,0.102075934,4.6844544,42.05848,0.13371533
0.66,0.051725708,0.103701055,4.6840224,42.0557,0.13527021
0.67,0.051869355,0.10531789,4.683591,42.05291,0.13682902
0.68,0.05201332,0.10692775,4.6831603,42.050102,0.13839182
0.69,0.052157618,0.10852975,4.6827264,42.0473,0.13995838
0.7,0.05230248,0.11013144,4.6822934,42.044495,0.14152932
0.71,0.05244746,0.111721694,4.681861,42.04169,0.14310534
0.72,0.05259289,0.11330879,4.681425,42.038857,0.14468251
0.73,0.05273859,0.11488938,4.680994,42.036034,0.14626682
0.74,0.05288493,0.11646187,4.6805573,42.03321,0.14785166
0.75,0.053031527,0.11802739,4.680122,42.030384,0.14944175
0.76,0.05317839,0.11958599,4.679685,42.02755,0.1510354
0.77,0.05332598,0.12113893,4.6792483,42.024693,0.15263346
0.78,0.05347395,0.122682095,4.6788096,42.021866,0.15423542
0.79,0.053622156,0.124219716,4.6783733,42.019012,0.15584113
0.8,0.0537713,0.12575239,4.6779375,42.016155,0.15745035
0.81,0.05392075,0.12727368,4.6774955,42.013298,0.15906413
0.82,0.054070733,0.12878758,4.6770554,42.010426,0.1606801
0.83,0.054221217,0.1302951,4.6766148,42.00757,0.16230121
0.84,0.054372676,0.13179159,4.6761713,42.004673,0.16392471
0.85,0.054524317,0.13328302,4.6757298,42.00182,0.16555257
0.86,0.054676384,0.1347627,4.6752863,41.998917,0.16718593
0.87,0.054829463,0.1362372,4.674841,41.996017,0.16882339
0.88,0.054982774,0.13770235,4.6743965,41.99313,0.17046246
0.89,0.05513683,0.13915974,4.67395,41.990215,0.17210747
0.9,0.055291463,0.14060688,4.6735024,41.987316,0.17375523
0.91,0.055446927,0.1420449,4.6730566,41.98439,0.1754086
0.92,0.055603,0.14347667,4.6726055,41.981464,0.1770642
0.93,0.055759486,0.14490056,4.672156,41.978535,0.1787246
0.94,0.05591659,0.14631194,4.6717024,41.975594,0.18038917
0.95,0.056074366,0.14771128,4.671252,41.972652,0.18205674
0.96,0.05623313,0.14910626,4.6707973,41.969696,0.18373042
0.97,0.056392584,0.1504938,4.670343,41.966732,0.18540655
0.98,0.056552224,0.15186596,4.669887,41.963768,0.18708842
0.99,0.0567127,0.1532315,4.6694293,41.96079,0.18877314
1.0,0.05687414,0.15458709,4.66897,41.957813,0.19046283
1.01,0.057036214,0.15593326,4.6685114,41.95482,0.19215646
1.02,0.057198457,0.1572684,4.668049,41.95183,0.19385551
1.03,0.057361677,0.15859711,4.6675873,41.948822,0.19555715
1.04,0.05752596,0.159913,4.667123,41.945805,0.1972645
1.05,0.05769057,0.16121733,4.666656,41.94279,0.19897489
1.06,0.057855953,0.16251564,4.66619,41.939762,0.20069022
1.07,0.0580221,0.16380543,4.665721,41.936718,0.20241165
1.08,0.05818887,0.16507822,4.6652503,41.933666,0.2041362
1.09,0.058356334,0.1663431,4.6647797,41.930622,0.20586447
1.1,0.058524568,0.16759968,4.664308,41.92756,0.20759785
1.11,0.058693457,0.16884619,4.6638336,41.92448,0.20933665
1.12,0.058862932,0.17008168,4.663356,41.921394,0.21108004
1.13,0.059033107,0.17130917,4.662879,41.918304,0.2128268
1.14,0.059204105,0.17252064,4.6624002,41.915195,0.2145794
1.15,0.059375867,0.17372584,4.66192,41.912086,0.21633624
1.16,0.059547994,0.17491859,4.661438,41.90898,0.21809772
1.17,0.059721097,0.17610008,4.660953,41.905846,0.21986358
1.18,0.059894934,0.17727679,4.660468,41.902687,0.22163516
1.19,0.060069412,0.17843872,4.6599813,41.899548,0.22341135
1.2,0.060244534,0.17958933,4.659492,41.896378,0.22519217
1.21,0.06042012,0.18073064,4.6590014,41.89321,0.22697793
1.22,0.06059671,0.18185997,4.658508,41.890038,0.22876765
1.23,0.06077393,0.18298298,4.6580143,41.88683,0.23056328
1.24,0.060951658,0.18408924,4.657518,41.883625,0.23236322
1.25,0.06113017,0.18518955,4.65702,41.880413,0.23416837
1.26,0.061309427,0.18627799,4.6565204,41.87719,0.23597932
1.27,0.06148917,0.18735635,4.656019,41.873947,0.23779406
1.28,0.061669618,0.18842584,4.6555142,41.87071,0.23961397
1.29,0.061850954,0.18948203,4.65501,41.86746,0.24143909
1.3,0.062032513,0.1905266,4.654502,41.864197,0.24326894
1.31,0.062215395,0.19156414,4.653994,41.860912,0.2451048
1.32,0.06239855,0.19259077,4.6534824,41.85764,0.24694484
1.33,0.06258238,0.193605,4.652972,41.85434,0.24879014
1.34,0.062766835,0.19460922,4.6524596,41.851032,0.25064147
1.35,0.06295185,0.19560349,4.65194,41.8477,0.25249696
1.36,0.063137695,0.19658941,4.6514235,41.84437,0.25435662
1.37,0.063324034,0.19756454,4.650904,41.84103,0.25622395
1.38,0.06351113,0.19852626,4.650382,41.837666,0.25809422
1.39,0.063698836,0.19948292,4.6498566,41.834305,0.25997114
1.4,0.06388727,0.20042473,4.649332,41.83092,0.26185334
1.41,0.06407631,0.20136052,4.6488047,41.827522,0.26374
1.42,0.06426579,0.20228392,4.6482763,41.824123,0.26563185
1.43,0.06445604,0.20320112,4.647746,41.82073,0.2675283
1.44,0.06464694,0.20410651,4.647211,41.817303,0.2694326
1.45,0.06483852,0.20499778,4.646675,41.813858,0.271341
1.46,0.065030664,0.20588559,4.6461377,41.810425,0.27325392
1.47,0.06522308,0.20676005,4.6455984,41.806953,0.27517208
1.48,0.06541677,0.20762908,4.6450567,41.80348,0.27709606
1.49,0.06561055,0.20848536,4.6445146,41.800007,0.27902427
1.5,0.06580523,0.20933247,4.6439686,41.796513,0.2809584
1.51,0.06600067,0.21017152,4.643422,41.793,0.2828982
1.52,0.0661961,0.2110002,4.642874,41.789494,0.28484324
1.53,0.066392794,0.21182293,4.6423225,41.785976,0.2867937
1.54,0.06658973,0.21263266,4.641769,41.782425,0.28874996
1.55,0.06678727,0.21343791,4.6412144,41.77888,0.29071066
1.56,0.06698587,0.21422935,4.6406555,41.775303,0.29267684
1.57,0.06718463,0.21501446,4.640099,41.77174,0.29464877
1.58,0.06738413,0.21579605,4.6395383,41.76815,0.2966241
1.59,0.06758459,0.21656573,4.638975,41.76454,0.2986082
1.6,0.06778516,0.21732628,4.6384106,41.760944,0.3005957
1.61,0.06798651,0.2180779,4.637843,41.757313,0.30258915
1.62,0.068188265,0.2188214,4.6372757,41.753685,0.30458882
1.63,0.06839098,0.21956003,4.636704,41.750034,0.30659127
1.64,0.06859422,0.22029024,4.636132,41.746384,0.30860156
1.65,0.06879802,0.22100967,4.635556,41.742718,0.31061572
1.66,0.06900231,0.22172695,4.6349797,41.739033,0.31263536
1.67,0.069207184,0.22243148,4.6344013,41.73535,0.3146608
1.68,0.06941298,0.22313434,4.6338224,41.73165,0.3166919
1.69,0.06961894,0.223827,4.63324,41.727947,0.31872776
1.7,0.06982571,0.22451264,4.6326556,41.72421,0.32076997
1.71,0.07003338,0.22519076,4.632069,41.720467,0.32281637
1.72,0.07024142,0.22586125,4.6314807,41.716736,0.3248679
1.73,0.070450306,0.2265293,4.630892,41.712955,0.3269269
1.74,0.07065967,0.22718877,4.6302986,41.709194,0.32898968
1.75,0.070869096,0.22784245,4.6297045,41.705402,0.33105862
1.76,0.071079515,0.22848803,4.629109,41.7016,0.33313143
1.77,0.071290836,0.22912711,4.6285133,41.697803,0.33520997
1.78,0.07150273,0.22976524,4.627914,41.694,0.33729538
1.79,0.07171487,0.23039335,4.6273103,41.690166,0.3393848
1.8,0.071927816,0.231017,4.626708,41.686314,0.34147975
1.81,0.072141305,0.23163527,4.6261015,41.682457,0.3435809
1.82,0.072355896,0.23225051,4.625496,41.678604,0.34568682
1.83,0.07257046,0.23285681,4.624885,41.67473,0.3477989
1.84,0.07278603,0.2334637,4.6242747,41.67085,0.34991446
1.85,0.07300246,0.2340607,4.623663,41.66696,0.3520366
1.86,0.07321917,0.23465466,4.623048,41.66304,0.3541646
1.87,0.073436454,0.23524463,4.6224303,41.65912,0.35629714
1.88,0.07365438,0.2358293,4.6218104,41.655197,0.3584366
1.89,0.073872894,0.23640937,4.6211905,41.651257,0.3605788
1.9,0.07409209,0.2369842,4.620569,41.6473,0.36272725
1.91,0.07431218,0.23755968,4.619944,41.64333,0.3648814
1.92,0.07453303,0.23812872,4.6193175,41.639362,0.3670422
1.93,0.074754395,0.2386955,4.61869,41.635387,0.36920705
1.94,0.074976146,0.23925656,4.618061,41.631382,0.37137568
1.95,0.07519872,0.23981732,4.61743,41.62737,0.37355426
1.96,0.075422004,0.24037254,4.6167955,41.623363,0.37573323
1.97,0.075645715,0.24092454,4.616159,41.619328,0.37792054
1.98,0.07587043,0.24147326,4.6155243,41.615295,0.38011342
1.99,0.07609564,0.2420224,4.6148815,41.611244,0.38231024
2.0,0.076321796,0.24256659,4.614243,41.60718,0.38451207
2.01,0.07654837,0.24310929,4.613599,41.60311,0.38672176
2.02,0.07677545,0.24365014,4.612957,41.599022,0.3889345
2.03,0.07700335,0.24418712,4.6123095,41.594936,0.3911539
2.04,0.07723232,0.2447232,4.611661,41.590828,0.3933772
2.05,0.07746156,0.24525875,4.6110096,41.586723,0.3956073
2.06,0.07769166,0.24578875,4.610358,41.582592,0.39784175
2.07,0.07792209,0.24631792,4.609705,41.578453,0.4000822
2.08,0.078153916,0.24685079,4.609048,41.574303,0.40232944
2.09,0.07838583,0.24737751,4.608392,41.570156,0.40457985
2.1,0.07861869,0.2479046,4.607732,41.56598,0.40683648
2.11,0.07885206,0.24843168,4.6070704,41.56181,0.40909836
2.12,0.07908645,0.24895453,4.6064076,41.55761,0.4113663
2.13,0.07932159,0.24948108,4.605743,41.553406,0.41363934
2.14,0.07955733,0.2500065,4.6050777,41.54921,0.41591778
2.15,0.07979356,0.25052756,4.6044073,41.54497,0.41820133
2.16,0.08003075,0.25104994,4.603739,41.540745,0.42049146
2.17,0.08026909,0.25157648,4.603067,41.536514,0.42278722
2.18,0.080507495,0.25209695,4.602394,41.532272,0.42508647
2.19,0.080746695,0.25261968,4.6017194,41.527977,0.4273933
2.2,0.08098684,0.25314152,4.6010427,41.52372,0.42970467
2.21,0.08122784,0.25366718,4.6003633,41.519436,0.43202198
2.22,0.081469625,0.25418913,4.5996814,41.515137,0.4343445
2.23,0.08171183,0.2547105,4.598999,41.510834,0.43667203
2.24,0.081955135,0.25523823,4.5983143,41.50652,0.4390062
2.25,0.0821992,0.2557652,4.597627,41.502186,0.44134617
2.26,0.08244393,0.25628978,4.59694,41.49786,0.44369107
2.27,0.0826894,0.25681692,4.5962496,41.49352,0.4460421
2.28,0.082935475,0.25734526,4.5955567,41.489155,0.44839817
2.29,0.08318265,0.2578777,4.594865,41.48477,0.4507601
2.3,0.08343029,0.25840628,4.5941696,41.480408,0.4531276
2.31,0.08367926,0.25893605,4.5934715,41.476017,0.45550153
2.32,0.08392841,0.25947326,4.5927744,41.471622,0.45788017
2.33,0.08417869,0.26001018,4.5920725,41.46721,0.46026465
2.34,0.08442981,0.2605492,4.591371,41.462788,0.4626562
2.35,0.084681444,0.261086,4.5906663,41.458355,0.46505114
2.36,0.08493425,0.26162666,4.5899587,41.45391,0.46745354
2.37,0.085187726,0.26217204,4.589253,41.44945,0.46986133
2.38,0.085442156,0.26272017,4.588543,41.44499,0.4722756
2.39,0.08569728,0.26326615,4.587831,41.440517,0.47469532
2.4,0.085953265,0.26381493,4.5871167,41.43603,0.4771217
2.41,0.08621019,0.26436943,4.5864005,41.43153,0.47955215
2.42,0.08646776,0.2649253,4.585685,41.42702,0.48198998
2.43,0.08672622,0.26548308,4.584965,41.422504,0.4844334
2.44,0.086985365,0.2660426,4.5842433,41.417984,0.48688167
2.45,0.087245554,0.26660585,4.5835223,41.413425,0.48933733
2.46,0.08750671,0.26717347,4.5827975,41.408882,0.49179912
2.47,0.08776848,0.26774335,4.5820704,41.404324,0.4942677
2.48,0.08803116,0.2683134,4.581342,41.399746,0.49673957
2.49,0.08829473,0.26889086,4.5806103,41.395164,0.49921954
2.5,0.088559255,0.26946753,4.5798817,41.390575,0.50170773
2.51,0.08882475,0.2700519,4.5791464,41.385963,0.50419915
2.52,0.08909084,0.2706353,4.5784097,41.38136,0.5066963
2.53,0.08935797,0.27122492,4.577672,41.376724,0.5092006
2.54,0.089626014,0.27181637,4.576932,41.37208,0.51171184
2.55,0.0898948,0.27240926,4.5761905,41.36741,0.51422894
2.56,0.090164386,0.2730102,4.575448,41.36277,0.51675296
2.57,0.09043525,0.27361155,4.5747023,41.35808,0.51928186
2.58,0.09070688,0.2742198,4.5739546,41.35339,0.52181864
2.59,0.09097954,0.2748295,4.573204,41.348694,0.524362
2.6,0.0912526,0.27544427,4.5724545,41.343998,0.52691203
2.61,0.09152699,0.2760625,4.571702,41.339283,0.52946603
2.62,0.09180225,0.27668232,4.570946,41.334545,0.5320294
2.63,0.09207862,0.27731162,4.57019,41.329803,0.5345986
2.64,0.09235557,0.27793986,4.569432,41.325054,0.5371735
2.65,0.09263331,0.27857143,4.5686703,41.32028,0.5397563
2.66,0.09291226,0.27921402,4.567906,41.315495,0.54234457
2.67,0.09319227,0.27985424,4.567142,41.310715,0.5449407
2.68,0.093473054,0.28049952,4.5663757,41.305912,0.54754376
2.69,0.09375495,0.28115106,4.565607,41.301086,0.55015266
2.7,0.09403747,0.28180677,4.564835,41.296257,0.5527684
2.71,0.09432138,0.28246945,4.564063,41.291416,0.5553924
2.72,0.09460602,0.28312874,4.5632887,41.286564,0.5580218
2.73,0.09489143,0.2837984,4.5625114,41.281704,0.5606594
2.74,0.09517804,0.28446925,4.561732,41.276825,0.56330264
2.75,0.09546533,0.28514665,4.5609508,41.27194,0.5659542
2.76,0.095753774,0.28582758,4.560168,41.267044,0.5686123
2.77,0.09604335,0.2865163,4.559382,41.26214,0.57127714
2.78,0.09633362,0.2872073,4.5585966,41.257206,0.57395065
2.79,0.096624985,0.28790003,4.557807,41.252254,0.5766311
2.8,0.096917436,0.28860396,4.5570145,41.24732,0.5793171
2.81,0.09721066,0.28930706,4.5562224,41.24234,0.582012
2.82,0.09750506,0.29001403,4.555428,41.237362,0.5847139
2.83,0.09780055,0.29073268,4.5546274,41.232376,0.587422
2.84,0.09809668,0.29145002,4.5538287,41.22737,0.59014
2.85,0.098394156,0.2921744,4.5530286,41.222366,0.5928639
2.86,0.098692626,0.29290062,4.5522246,41.217316,0.5955968
2.87,0.09899172,0.29363412,4.5514154,41.21228,0.59833485
2.88,0.09929228,0.29437232,4.550608,41.207233,0.60108274
2.89,0.099593624,0.29511672,4.549798,41.20216,0.6038376
2.9,0.099895924,0.29586333,4.548985,41.197063,0.6065998
2.91,0.100199424,0.29661608,4.5481696,41.19197,0.60937035
2.92,0.10050384,0.297373,4.547353,41.186848,0.6121489
2.93,0.10080932,0.29813445,4.546534,41.181736,0.6149355
2.94,0.10111566,0.2989,4.5457115,41.1766,0.6177297
2.95,0.10142307,0.29967338,4.5448875,41.171448,0.6205309
2.96,0.10173171,0.30045217,4.544062,41.166275,0.62334156
2.97,0.10204134,0.30122966,4.5432334,41.161102,0.6261604
2.98,0.10235193,0.30201763,4.5424037,41.155895,0.62898535
2.99,0.10266349,0.30281007,4.5415688,41.15069,0.6318209
3.0,0.10297614,0.30360383,4.5407367,41.14547,0.6346642
3.01,0.10329011,0.30440593,4.539897,41.14022,0.63751435
3.02,0.10360483,0.3052119,4.539058,41.13497,0.64037263
3.03,0.10392055,0.30602217,4.5382156,41.129704,0.64324164
3.04,0.10423768,0.30683917,4.53737,41.124428,0.6461178
3.05,0.10455558,0.30765945,4.5365224,41.119118,0.64900315
3.06,0.10487455,0.30848342,4.535675,41.113808,0.6518953
3.07,0.10519466,0.30931413,4.534824,41.108482,0.65479815
3.08,0.10551592,0.3101493,4.533968,41.10314,0.65770864
3.09,0.105837956,0.31098711,4.5331125,41.097786,0.6606269
3.1,0.10616147,0.31183285,4.5322533,41.09242,0.6635554
3.11,0.10648589,0.31268144,4.531393,41.08702,0.6664916
3.12,0.10681107,0.31353605,4.530528,41.08162,0.669438
3.13,0.107137896,0.31439644,4.5296617,41.076218,0.6723914
3.14,0.10746521,0.31526017,4.5287933,41.070778,0.6753553
3.15,0.107794225,0.31612754,4.5279236,41.065327,0.67832816
3.16,0.10812406,0.31700206,4.5270495,41.05986,0.6813086
3.17,0.10845485,0.3178798,4.5261736,41.05438,0.6842993
3.18,0.10878688,0.31876063,4.5252957,41.048878,0.6872978
3.19,0.10911976,0.31964862,4.5244155,41.043358,0.6903075
3.2,0.10945381,0.32054234,4.5235295,41.037834,0.69332594
3.21,0.10978928,0.32143748,4.522643,41.032288,0.6963531
3.22,0.11012557,0.32233912,4.521757,41.02672,0.699391
3.23,0.11046317,0.32324326,4.5208664,41.021152,0.70243657
3.24,0.11080164,0.32415503,4.5199723,41.01555,0.70549154
3.25,0.11114137,0.32507002,4.5190763,41.009933,0.70855635
3.26,0.11148229,0.32599056,4.5181775,41.004307,0.7116303
3.27,0.111824125,0.32691485,4.517276,40.99866,0.7147162
3.28,0.112167075,0.32784247,4.516372,40.993004,0.71780956
3.29,0.11251122,0.328776,4.5154657,40.98732,0.7209135
3.3,0.11285651,0.3297146,4.514556,40.98162,0.7240262
3.31,0.11320281,0.33065563,4.5136437,40.975914,0.72714937
3.32,0.11355032,0.33160126,4.512731,40.970184,0.7302808
3.33,0.11389892,0.3325557,4.5118136,40.964443,0.7334249
3.34,0.11424869,0.33351135,4.510895,40.95867,0.7365773
3.35,0.114599496,0.33446872,4.50997,40.952877,0.7397394
3.36,0.11495139,0.33543414,4.509047,40.947083,0.74291366
3.37,0.11530456,0.33640122,4.508119,40.94126,0.746096
3.38,0.11565897,0.3373775,4.5071898,40.935448,0.74928916
3.39,0.11601411,0.33835536,4.506256,40.92959,0.7524916
3.4,0.1163707,0.3393365,4.505321,40.923717,0.75570476
3.41,0.116728365,0.34031838,4.5043807,40.91783,0.7589295
3.42,0.11708714,0.3413108,4.503442,40.91191,0.76216257
3.43,0.117446944,0.3423044,4.5024977,40.905994,0.7654067
3.44,0.117807925,0.34330046,4.5015507,40.90005,0.7686615
3.45,0.118170366,0.34430492,4.500602,40.89409,0.77192634
3.46,0.11853374,0.34531212,4.4996486,40.888107,0.77520406
3.47,0.118898004,0.3463217,4.498695,40.882114,0.7784882
3.48,0.11926377,0.34733677,4.4977374,40.8761,0.78178585
3.49,0.119630635,0.34835714,4.4967756,40.870064,0.7850933
3.5,0.119998604,0.34937704,4.495811,40.864006,0.7884125
3.51,0.12036735,0.35040325,4.4948463,40.857937,0.7917398
3.52,0.1207377,0.35143507,4.493876,40.851845,0.79508007
3.53,0.12110901,0.3524679,4.4929037,40.845737,0.7984305
3.54,0.12148154,0.35350746,4.491929,40.83961,0.80179185
3.55,0.121855155,0.35454923,4.4909515,40.83347,0.80516386
3.56,0.12223011,0.35559553,4.4899726,40.82728,0.80854696
3.57,0.1226058,0.35664433,4.4889874,40.821106,0.81194127
3.58,0.122982964,0.35769564,4.488001,40.814907,0.81534624
3.59,0.12336141,0.35875314,4.4870133,40.808666,0.81876224
3.6,0.12374078,0.35981464,4.486022,40.80243,0.8221912
3.61,0.124121375,0.3608815,4.485026,40.796165,0.8256291
3.62,0.12450315,0.36195087,4.484028,40.789883,0.829078
3.63,0.12488587,0.36302125,4.4830265,40.783573,0.83253807
3.64,0.12527005,0.36409724,4.4820232,40.77725,0.83601034
3.65,0.12565523,0.3651747,4.481017,40.770905,0.83949465
3.66,0.12604181,0.3662597,4.4800076,40.76454,0.84298843
3.67,0.12642911,0.367346,4.478995,40.758167,0.8464955
3.68,0.12681775,0.36843574,4.477979,40.75177,0.8500133
3.69,0.12720792,0.3695287,4.476959,40.745346,0.8535428
3.7,0.12759882,0.37062514,4.475939,40.738888,0.8570833
3.71,0.12799096,0.3717276,4.4749136,40.73244,0.8606354
3.72,0.12838446,0.3728307,4.4738865,40.72596,0.8641997
3.73,0.12877882,0.3739385,4.472857,40.719463,0.867775
3.74,0.1291745,0.37504947,4.471823,40.712936,0.87136096
3.75,0.12957136,0.37616265,4.4707866,40.706383,0.8749605
3.76,0.12996922,0.37727892,4.469748,40.699818,0.8785698
3.77,0.13036853,0.37840325,4.4687047,40.693233,0.88219273
3.78,0.13076906,0.37952513,4.4676595,40.686623,0.8858287
3.79,0.13117042,0.38065314,4.466613,40.680004,0.8894725
3.8,0.13157324,0.38178456,4.4655595,40.673367,0.8931285
3.81,0.13197686,0.38291717,4.4645033,40.666687,0.89679897
3.82,0.13238193,0.38405496,4.4634466,40.66001,0.9004798
3.83,0.13278808,0.3851964,4.4623847,40.653297,0.9041736
3.84,0.1331953,0.38633794,4.461322,40.646572,0.9078797
3.85,0.13360389,0.3874855,4.460255,40.63981,0.9115963
3.86,0.13401338,0.38863862,4.4591856,40.63305,0.91532505
3.87,0.13442414,0.38979018,4.458113,40.626244,0.919067
3.88,0.13483617,0.39094502,4.457036,40.619442,0.9228201
3.89,0.13524985,0.39210618,4.455955,40.612606,0.92658675
3.9,0.135664,0.39326954,4.4548745,40.605747,0.93036306
3.91,0.1360793,0.39443433,4.453789,40.59887,0.93415344
3.92,0.136496,0.39560384,4.4527006,40.591976,0.9379554
3.93,0.13691407,0.3967783,4.451609,40.585056,0.94176996
3.94,0.1373328,0.39795005,4.4505134,40.57812,0.9455955
3.95,0.137753,0.3991291,4.4494166,40.57115,0.9494349
3.96,0.13817441,0.4003114,4.4483156,40.564182,0.9532852
3.97,0.13859677,0.40149486,4.44721,40.55716,0.9571488
3.98,0.1390203,0.40268308,4.4461045,40.550144,0.9610251
3.99,0.13944551,0.40387636,4.4449925,40.54309,0.9649142
4.0,0.13987145,0.40506536,4.4438796,40.536015,0.9688138
4.01,0.1402987,0.40626514,4.442763,40.528934,0.97272766
4.02,0.14072692,0.40746373,4.4416437,40.521824,0.9766518
4.03,0.14115646,0.40866786,4.44052,40.514675,0.98059046
4.04,0.14158687,0.40986985,4.4393945,40.507523,0.9845406
4.05,0.142019,0.41108286,4.4382644,40.500347,0.9885032
4.06,0.14245188,0.41229457,4.4371314,40.49315,0.9924805
4.07,0.14288619,0.4135118,4.435996,40.48592,0.9964676
4.08,0.14332147,0.41473025,4.434857,40.478683,1.0004671
4.09,0.14375801,0.41595072,4.433714,40.471413,1.0044807
4.1,0.1441957,0.41717649,4.432569,40.46413,1.0085055
4.11,0.14463454,0.4184053,4.4314203,40.456825,1.0125434
4.12,0.14507431,0.41963363,4.4302697,40.44949,1.0165951
4.13,0.14551574,0.4208663,4.429116,40.442142,1.0206587
4.14,0.14595807,0.42210466,4.4279566,40.434765,1.024734
4.15,0.1464018,0.42334515,4.4267936,40.427364,1.0288233
4.16,0.1468465,0.4245875,4.425629,40.419945,1.0329248
4.17,0.1472921,0.42583263,4.424463,40.41251,1.0370398
4.18,0.14773935,0.4270829,4.4232917,40.40504,1.0411658
4.19,0.14818716,0.42833677,4.422117,40.39754,1.0453067
4.2,0.14863667,0.42959008,4.4209394,40.390045,1.0494586
4.21,0.14908722,0.43085137,4.4197583,40.382515,1.0536243
4.22,0.1495389,0.4321131,4.4185753,40.37497,1.0578024
4.23,0.14999184,0.43338048,4.41739,40.367393,1.0619944
4.24,0.15044582,0.43464872,4.4161973,40.3598,1.0661983
4.25,0.1509011,0.43592086,4.415004,40.352173,1.0704141
4.26,0.15135731,0.43719646,4.4138055,40.344532,1.0746433
4.27,0.15181509,0.438475,4.4126067,40.33688,1.078886
4.28,0.15227364,0.4397568,4.411403,40.329197,1.0831407
4.29,0.15273352,0.44104078,4.410196,40.32148,1.0874089
4.3,0.15319458,0.44233292,4.4089875,40.31375,1.0916916
4.31,0.1536568,0.44362226,4.4077735,40.30601,1.0959846
4.32,0.15412015,0.44492206,4.406557,40.298225,1.1002908
4.33,0.15458447,0.44621882,4.405337,40.290424,1.1046119
4.34,0.15505025,0.44752505,4.4041147,40.282616,1.1089432
4.35,0.15551703,0.44882783,4.4028873,40.274776,1.1132892
4.36,0.15598509,0.4501387,4.4016576,40.266914,1.1176482
4.37,0.15645432,0.45145124,4.400426,40.25903,1.1220194
4.38,0.15692465,0.452767,4.399189,40.251114,1.1264038
4.39,0.15739623,0.45409194,4.39795,40.24318,1.1308007
4.4,0.1578689,0.4554169,4.3967094,40.23523,1.1352122
4.41,0.15834306,0.45674616,4.3954616,40.22726,1.139635
4.42,0.1588181,0.45807883,4.394212,40.219254,1.1440723
4.43,0.15929422,0.45941383,4.39296,40.211235,1.1485217
4.44,0.15977168,0.46075457,4.3917027,40.2032,1.1529837
4.45,0.16025037,0.46209547,4.3904457,40.19513,1.1574595
4.46,0.16073011,0.46344745,4.389184,40.187046,1.1619469
4.47,0.16121106,0.46479914,4.3879147,40.178944,1.16645
4.48,0.16169305,0.46615544,4.386649,40.17079,1.1709632
4.49,0.16217636,0.46751678,4.3853726,40.162647,1.1754906
4.5,0.1626608,0.4688835,4.3840985,40.154465,1.1800312
4.51,0.16314632,0.47024953,4.382821,40.146282,1.1845859
4.52,0.16363323,0.47162253,4.3815374,40.13805,1.1891513
4.53,0.16412124,0.4730012,4.380251,40.12979,1.1937329
4.54,0.16461033,0.47438458,4.378962,40.121532,1.1983242
4.55,0.16510102,0.47577205,4.377671,40.113243,1.202931
4.56,0.16559236,0.4771611,4.376375,40.10493,1.2075495
4.57,0.16608499,0.4785568,4.3750753,40.096615,1.2121814
4.58,0.16657913,0.479958,4.3737745,40.088238,1.2168288
4.59,0.16707423,0.48136264,4.372467,40.079857,1.2214855
4.6,0.1675706,0.48277444,4.371157,40.07146,1.2261577
4.61,0.16806805,0.48418853,4.369847,40.063023,1.2308433
4.62,0.16856684,0.4856092,4.36853,40.054592,1.2355399
4.63,0.16906688,0.48703274,4.367213,40.046112,1.240251
4.64,0.16956748,0.48846215,4.3658886,40.037613,1.2449751
4.65,0.1700699,0.4898963,4.364563,40.029114,1.2497116
4.66,0.17057355,0.4913351,4.363232,40.020565,1.2544613
4.67,0.17107838,0.49278206,4.361901,40.012005,1.2592262
4.68,0.17158417,0.4942297,4.3605647,40.003433,1.2640028
4.69,0.17209135,0.49568576,4.359224,39.994827,1.2687924
4.7,0.17259964,0.49714753,4.35788,39.986195,1.2735943
4.71,0.17310938,0.49861425,4.356535,39.977554,1.2784107
4.72,0.17361997,0.50008667,4.355186,39.968872,1.283241
4.73,0.174132,0.50156474,4.353832,39.96017,1.2880833
4.74,0.17464525,0.50305206,4.352474,39.951447,1.2929393
4.75,0.17515962,0.50453925,4.351116,39.94272,1.2978084
4.76,0.17567524,0.5060327,4.349753,39.933952,1.3026894
4.77,0.17619203,0.5075351,4.348385,39.925163,1.3075839
4.78,0.17671011,0.5090422,4.347014,39.916363,1.3124925
4.79,0.1772295,0.5105549,4.345642,39.90754,1.3174152
4.8,0.17775021,0.51207507,4.344263,39.89868,1.3223485
4.81,0.17827195,0.5136026,4.342883,39.889805,1.3272973
4.82,0.17879486,0.5151297,4.3414974,39.880905,1.3322598
4.83,0.17931917,0.5166685,4.340111,39.871983,1.3372315
4.84,0.17984448,0.5182145,4.338721,39.86304,1.3422203
4.85,0.18037139,0.5197669,4.337325,39.85408,1.3472204
4.86,0.18089947,0.52132607,4.33593,39.845097,1.3522363
4.87,0.18142866,0.5228885,4.3345265,39.836082,1.3572619
4.88,0.1819591,0.5244597,4.3331223,39.82704,1.3623028
4.89,0.18249111,0.52604187,4.331712,39.81799,1.367357
4.9,0.18302423,0.52762616,4.3303013,39.808914,1.3724247
4.91,0.18355863,0.5292201,4.328885,39.799824,1.3775051
4.92,0.1840941,0.5308165,4.3274665,39.790684,1.3825995
4.93,0.18463133,0.5324248,4.3260436,39.781548,1.387707
4.94,0.18516922,0.5340375,4.324616,39.772366,1.3928261
4.95,0.18570839,0.5356598,4.323187,39.76318,1.3979591
4.96,0.18624952,0.5372893,4.3217525,39.753963,1.4031065
4.97,0.18679138,0.5389254,4.320317,39.744743,1.4082679
4.98,0.18733467,0.5405699,4.318877,39.735462,1.4134426
4.99,0.18787917,0.54222256,4.317435,39.726185,1.4186279
5.0,0.18842524,0.5438832,4.315986,39.71689,1.423828
5.01,0.1889726,0.545552,4.314535,39.707546,1.4290444
5.02,0.18952113,0.5472274,4.3130803,39.698204,1.4342697
5.03,0.1900711,0.54891,4.3116207,39.68883,1.4395124
5.04,0.19062239,0.5506029,4.3101606,39.679443,1.4447639
5.05,0.19117486,0.552302,4.3086944,39.670025,1.4500337
5.06,0.19172855,0.5540092,4.3072233,39.66058,1.4553139
5.07,0.19228381,0.5557271,4.305752,39.651108,1.4606097
5.08,0.19284055,0.5574533,4.304275,39.64162,1.4659175
5.09,0.19339842,0.5591878,4.302796,39.63212,1.4712396
5.1,0.19395752,0.5609306,4.3013115,39.622585,1.4765736
5.11,0.1945183,0.5626819,4.2998247,39.61304,1.4819227
5.12,0.19508034,0.56444365,4.2983327,39.603447,1.4872856
5.13,0.19564357,0.5662112,4.2968373,39.593853,1.4926583
5.14,0.19620842,0.567991,4.2953396,39.584225,1.4980497
5.15,0.19677444,0.5697778,4.293837,39.574574,1.5034516
5.16,0.1973418,0.5715751,4.292331,39.564907,1.5088681
5.17,0.1979106,0.5733815,4.2908216,39.555206,1.5142983
5.18,0.19848083,0.57519525,4.289309,39.545498,1.5197425
5.19,0.19905262,0.57701886,4.287791,39.53576,1.5251987
5.2,0.19962554,0.5788544,4.2862697,39.525997,1.5306702
5.21,0.20019999,0.580698,4.2847443,39.516197,1.5361539
5.22,0.2007762,0.5825528,4.2832174,39.506397,1.5416536
5.23,0.20135333,0.58441526,4.281685,39.496567,1.5471646
5.24,0.20193204,0.586285,4.2801485,39.48671,1.5526911
5.25,0.20251223,0.588172,4.2786093,39.47683,1.5582314
5.26,0.20309411,0.59006435,4.2770653,39.46691,1.5637853
5.27,0.20367715,0.5919674,4.275518,39.457005,1.5693525
5.28,0.20426147,0.59387994,4.2739663,39.447044,1.5749327
5.29,0.20484759,0.595803,4.2724113,39.437084,1.5805296
5.3,0.20543489,0.59773475,4.2708516,39.42708,1.5861377
5.31,0.20602371,0.59967923,4.2692885,39.417057,1.5917598
5.32,0.20661445,0.60163385,4.267722,39.407013,1.5973979
5.33,0.20720603,0.60359704,4.266152,39.396942,1.603047
5.34,0.20779984,0.6055731,4.264576,39.386852,1.6087123
5.35,0.20839445,0.6075593,4.262999,39.376736,1.6143919
5.36,0.2089911,0.6095558,4.2614183,39.366592,1.6200842
5.37,0.20958866,0.6115638,4.259831,39.35643,1.6257892
5.38,0.21018852,0.61358315,4.258241,39.346245,1.6315117
5.39,0.21078935,0.61561173,4.2566476,39.336056,1.6372471
5.4,0.21139167,0.6176535,4.2550488,39.325798,1.6429968
5.41,0.21199577,0.61970234,4.2534466,39.315544,1.6487598
5.42,0.21260138,0.62176394,4.251839,39.305256,1.6545382
5.43,0.21320827,0.6238364,4.2502303,39.294952,1.6603278
5.44,0.21381731,0.6259221,4.2486157,39.28462,1.6661345
5.45,0.21442764,0.6280184,4.246997,39.274273,1.6719543
5.46,0.21503954,0.6301274,4.245374,39.263897,1.6777892
5.47,0.21565284,0.63224244,4.243749,39.253487,1.6836392
5.48,0.21626776,0.63437396,4.2421193,39.243057,1.6895016
5.49,0.21688432,0.63651407,4.2404847,39.232597,1.6953806
5.5,0.21750279,0.63866436,4.2388453,39.222122,1.7012713
5.51,0.2181226,0.64083296,4.2372046,39.211624,1.7071801
5.52,0.218744,0.6430073,4.235557,39.201096,1.7131015
5.53,0.21936722,0.6451951,4.233905,39.190544,1.7190373
5.54,0.21999174,0.64739406,4.2322516,39.179966,1.7249881
5.55,0.22061819,0.649605,4.2305927,39.16936,1.7309532
5.56,0.22124612,0.6518285,4.228931,39.158733,1.736932
5.57,0.22187592,0.6540618,4.2272615,39.148083,1.7429272
5.58,0.22250727,0.6563093,4.225591,39.137405,1.748936
5.59,0.2231401,0.65856254,4.223915,39.1267,1.7549608
5.6,0.22377488,0.66083497,4.2222366,39.115967,1.7609996
5.61,0.22441128,0.6631188,4.2205515,39.10522,1.7670534
5.62,0.22504948,0.66541135,4.2188635,39.094448,1.7731206
5.63,0.22568941,0.66772074,4.2171702,39.08364,1.7792053
5.64,0.2263309,0.6700393,4.2154746,39.072807,1.7853038
5.65,0.22697416,0.67237043,4.2137747,39.06196,1.7914162
5.66,0.227619,0.67470837,4.2120686,39.05108,1.7975448
5.67,0.2282658,0.6770679,4.2103586,39.040165,1.8036891
5.68,0.22891392,0.679433,4.208644,39.029232,1.8098474
5.69,0.22956431,0.6818107,4.2069273,39.01828,1.816021
5.7,0.23021623,0.68420243,4.2052054,39.00729,1.8222094
5.71,0.23086965,0.6866031,4.203478,38.996277,1.8284153
5.72,0.23152548,0.68902016,4.2017474,38.985237,1.8346362
5.73,0.23218279,0.6914501,4.2000127,38.97418,1.8408709
5.74,0.23284176,0.6938889,4.1982718,38.963085,1.8471211
5.75,0.23350254,0.6963382,4.196529,38.95197,1.8533871
5.76,0.23416542,0.69880605,4.19478,38.94082,1.8596678
5.77,0.23482984,0.7012799,4.193028,38.92966,1.8659644
5.78,0.23549618,0.70377064,4.191271,38.918446,1.872277
5.79,0.23616442,0.70627105,4.189509,38.907227,1.8786054
5.8,0.23683433,0.70878375,4.187743,38.895977,1.8849475
5.81,0.23750615,0.71130884,4.185972,38.8847,1.8913064
5.82,0.23817973,0.71384764,4.184198,38.87339,1.8976823
5.83,0.23885553,0.7163966,4.1824193,38.86206,1.9040743
5.84,0.23953284,0.71896124,4.180635,38.850697,1.9104809
5.85,0.24021228,0.7215364,4.1788464,38.839314,1.9169028
5.86,0.24089326,0.7241223,4.177053,38.82791,1.9233397
5.87,0.24157645,0.7267201,4.1752563,38.816467,1.9297956
5.88,0.24226145,0.72933173,4.1734548,38.805,1.9362648
5.89,0.24294834,0.73195684,4.1716475,38.793484,1.942752
5.9,0.2436372,0.7345938,4.1698384,38.78197,1.9492555
5.91,0.24432796,0.7372402,4.168023,38.770405,1.9557742
5.92,0.24502057,0.7398978,4.1662045,38.758827,1.9623092
5.93,0.24571529,0.7425703,4.1643786,38.747215,1.9688598
5.94,0.2464119,0.74525523,4.16255,38.735584,1.9754273
5.95,0.24711032,0.7479509,4.160715,38.723896,1.9820106
5.96,0.24781087,0.75065875,4.158879,38.712227,1.9886111
5.97,0.24851331,0.75337785,4.157037,38.70048,1.9952275
5.98,0.24921791,0.7561103,4.1551905,38.68874,2.0018618
5.99,0.24992426,0.758855,4.1533375,38.676956,2.00851
6.0,0.25063264,0.7616085,4.151482,38.665142,2.0151777
6.01,0.25134355,0.7643789,4.149621,38.6533,2.0218596
6.02,0.25205547,0.7671563,4.147754,38.641426,2.028559
6.03,0.25277007,0.76994884,4.1458845,38.629543,2.0352755
6.04,0.25348672,0.7727517,4.14401,38.61761,2.0420094
6.05,0.25420538,0.7755642,4.1421313,38.605637,2.0487585
6.06,0.25492585,0.77839285,4.1402473,38.59366,2.0555246
6.07,0.25564855,0.7812277,4.1383567,38.58164,2.0623083
6.08,0.25637332,0.7840793,4.136465,38.56961,2.0691104
6.09,0.25710034,0.78694,4.1345654,38.55752,2.0759287
6.1,0.257829,0.78981054,4.1326623,38.545414,2.0827615
6.11,0.2585599,0.7926957,4.1307545,38.53328,2.0896134
6.12,0.25929284,0.79558957,4.1288414,38.521122,2.0964832
6.13,0.26002812,0.7984958,4.126926,38.508923,2.1033688
6.14,0.26076525,0.8014122,4.125005,38.496696,2.1102731
6.15,0.26150456,0.8043411,4.123078,38.484432,2.1171932
6.16,0.26224616,0.8072824,4.121147,38.472153,2.1241322
6.17,0.26298976,0.810232,4.1192107,38.45982,2.1310868
6.18,0.26373547,0.81319636,4.11727,38.447475,2.138061
6.19,0.2644833,0.8161676,4.1153245,38.435097,2.1450505
6.2,0.26523325,0.81915116,4.113373,38.422676,2.1520596
6.21,0.26598555,0.8221482,4.1114173,38.41024,2.159085
6.22,0.26673988,0.8251503,4.109459,38.397762,2.1661282
6.23,0.26749647,0.8281686,4.1074953,38.38526,2.1731896
6.24,0.26825503,0.8311948,4.105525,38.37273,2.18027
6.25,0.26901615,0.83423054,4.10355,38.36015,2.187365
6.26,0.2697791,0.8372793,4.101572,38.347546,2.1944792
6.27,0.27054462,0.84033924,4.099589,38.334915,2.2016132
6.28,0.27131194,0.84340894,4.097599,38.322254,2.208763
6.29,0.27208164,0.8464868,4.0956063,38.309544,2.215931
6.3,0.2728536,0.84957564,4.093608,38.296814,2.223118
6.31,0.27362776,0.852677,4.091606,38.284058,2.230322
6.32,0.274404,0.85578454,4.089597,38.271263,2.2375453
6.33,0.27518266,0.8589027,4.087585,38.258434,2.244788
6.34,0.27596378,0.86203396,4.085567,38.24559,2.2520463
6.35,0.2767467,0.86517334,4.083545,38.23269,2.2593226
6.36,0.27753216,0.8683209,4.0815177,38.219772,2.2666194
6.37,0.2783194,0.87148124,4.0794864,38.2068,2.2739344
6.38,0.27910948,0.8746463,4.0774484,38.19381,2.2812655
6.39,0.2799018,0.87782687,4.0754066,38.180805,2.2886164
6.4,0.28069633,0.8810159,4.0733614,38.167736,2.2959871
6.41,0.28149307,0.8842112,4.0713086,38.154644,2.3033745
6.42,0.2822922,0.8874189,4.0692515,38.14151,2.3107822
6.43,0.28309345,0.89063185,4.06719,38.128376,2.3182063
6.44,0.28389692,0.8938568,4.0651236,38.115185,2.3256528
6.45,0.28470334,0.8970968,4.0630527,38.10195,2.3331141
6.46,0.2855117,0.9003387,4.060977,38.08869,2.3405955
6.47,0.28632215,0.90358824,4.0588956,38.075397,2.3480952
6.48,0.2871353,0.90684944,4.0568104,38.062073,2.3556156
6.49,0.28795063,0.9101197,4.0547194,38.048725,2.3631554
6.5,0.28876853,0.9134005,4.0526223,38.035316,2.370713
6.51,0.28958863,0.9166879,4.0505233,38.021896,2.3782885
6.52,0.29041088,0.9199812,4.048417,38.00842,2.385884
6.53,0.29123563,0.9232856,4.0463076,37.99493,2.393499
6.54,0.2920629,0.92660385,4.044191,37.981396,2.4011319
6.55,0.29289237,0.9299222,4.042071,37.967823,2.4087858
6.56,0.29372412,0.9332539,4.039946,37.954235,2.4164572
6.57,0.29455858,0.9365918,4.0378175,37.940586,2.4241474
6.58,0.29539517,0.9399363,4.035681,37.926914,2.4318602
6.59,0.29623446,0.94329554,4.033542,37.91321,2.4395897
6.6,0.29707587,0.9466564,4.0313964,37.89947,2.4473393
6.61,0.29791984,0.9500275,4.0292463,37.885693,2.455108
6.62,0.29876596,0.95340586,4.027091,37.871872,2.4628963
6.63,0.29961467,0.95679,4.0249324,37.85804,2.470704
6.64,0.30046624,0.96018744,4.0227656,37.84415,2.478532
6.65,0.3013199,0.9635904,4.020596,37.83023,2.4863806
6.66,0.30217576,0.9669991,4.0184216,37.816265,2.494247
6.67,0.30303416,0.97041667,4.016242,37.80229,2.5021336
6.68,0.30389518,0.97384214,4.0140567,37.78826,2.5100393
6.69,0.3047587,0.9772726,4.011868,37.77421,2.5179653
6.7,0.30562437,0.98071283,4.009673,37.76011,2.5259109
6.71,0.30649275,0.9841611,4.007473,37.74597,2.5338774
6.72,0.30736366,0.98761666,4.0052686,37.731796,2.5418622
6.73,0.30823648,0.9910778,4.0030584,37.717594,2.5498686
6.74,0.30911252,0.99454784,4.000844,37.703354,2.557893
6.75,0.30999088,0.9980231,3.9986248,37.68907,2.5659397
6.76,0.31087145,1.0015036,3.9963999,37.67475,2.5740054
6.77,0.31175458,1.0049939,3.9941707,37.66041,2.58209
6.78,0.31264046,1.0084927,3.9919362,37.64602,2.590198
6.79,0.3135282,1.0119954,3.989695,37.631596,2.5983233
6.8,0.31441906,1.0155073,3.9874525,37.617134,2.6064687
6.81,0.31531227,1.019026,3.985201,37.60265,2.614635
6.82,0.31620812,1.0225506,3.9829478,37.588093,2.6228232
6.83,0.31710643,1.0260822,3.9806871,37.57352,2.6310291
6.84,0.31800714,1.0296173,3.9784226,37.55891,2.639257
6.85,0.31891057,1.0331647,3.9761527,37.544262,2.6475048
6.86,0.31981644,1.0367169,3.9738777,37.529575,2.6557744
6.87,0.32072443,1.0402716,3.971597,37.514866,2.6640613
6.88,0.32163545,1.0438375,3.9693127,37.5001,2.6723716
6.89,0.32254893,1.0474099,3.9670227,37.48531,2.6806982
6.9,0.32346475,1.0509847,3.964728,37.470478,2.689051
6.91,0.32438332,1.0545683,3.9624283,37.455597,2.6974216
6.92,0.32530448,1.0581611,3.9601219,37.4407,2.7058117
6.93,0.32622835,1.0617583,3.957814,37.42575,2.7142248
6.94,0.3271542,1.0653585,3.9554963,37.410763,2.7226572
6.95,0.32808307,1.0689684,3.9531765,37.39574,2.7311106
6.96,0.3290144,1.0725813,3.950852,37.38068,2.739585
6.97,0.3299481,1.0762041,3.9485216,37.365585,2.7480803
6.98,0.33088464,1.0798326,3.9461868,37.350445,2.7565954
6.99,0.3318239,1.083468,3.943846,37.335274,2.7651331
7.0,0.3327657,1.0871078,3.9415007,37.32006,2.7736917
7.01,0.3337097,1.090754,3.93915,37.304817,2.782269
7.02,0.33465666,1.0944042,3.936793,37.28952,2.7908685
7.03,0.33560595,1.0980637,3.934433,37.274193,2.799487
7.04,0.33655807,1.1017287,3.932067,37.258835,2.8081303
7.05,0.33751246,1.1053978,3.9296954,37.243427,2.816793
7.06,0.3384696,1.1090775,3.9273193,37.228,2.8254762
7.07,0.33942962,1.112761,3.9249384,37.212517,2.8341815
7.08,0.34039202,1.1164498,3.9225523,37.19699,2.8429084
7.09,0.34135732,1.1201453,3.9201617,37.181435,2.8516555
7.1,0.34232473,1.1238456,3.9177644,37.165855,2.8604255
7.11,0.34329516,1.1275542,3.9153638,37.15021,2.8692138
7.12,0.34426823,1.1312684,3.912958,37.13453,2.8780239
7.13,0.34524345,1.1349856,3.910544,37.118835,2.8868575
7.14,0.34622207,1.1387173,3.9081285,37.103073,2.8957112
7.15,0.34720272,1.1424453,3.9057052,37.087296,2.9045875
7.16,0.34818643,1.1461836,3.9032779,37.07147,2.9134834
7.17,0.34917244,1.1499276,3.900847,37.05561,2.9224007
7.18,0.35016116,1.1536772,3.898409,37.039707,2.9313397
7.19,0.35115254,1.1574343,3.895965,37.02375,2.940302
7.2,0.35214683,1.1611984,3.8935173,37.00777,2.9492843
7.21,0.35314324,1.1649643,3.8910646,36.991745,2.9582872
7.22,0.35414258,1.1687421,3.8886058,36.975685,2.9673119
7.23,0.35514498,1.1725227,3.8861427,36.95959,2.9763591
7.24,0.35614967,1.1763126,3.8836741,36.943455,2.9854276
7.25,0.35715708,1.1801049,3.8811994,36.927277,2.9945202
7.26,0.35816708,1.1839097,3.8787198,36.911057,3.0036323
7.27,0.35917988,1.1877124,3.8762364,36.894794,3.0127664
7.28,0.3601954,1.1915275,3.8737464,36.8785,3.021922
7.29,0.3612131,1.1953466,3.8712533,36.86218,3.0310981
7.3,0.3622343,1.1991702,3.8687522,36.845802,3.0402994
7.31,0.3632576,1.2030064,3.8662472,36.829388,3.04952
7.32,0.36428338,1.2068409,3.8637369,36.812935,3.0587628
7.33,0.36531273,1.2106907,3.86122,36.796432,3.0680296
7.34,0.36634403,1.2145392,3.8587003,36.779903,3.077316
7.35,0.36737826,1.2183986,3.8561728,36.763348,3.0866272
7.36,0.36841515,1.2222648,3.8536415,36.746727,3.0959578
7.37,0.36945486,1.2261338,3.851103,36.73007,3.105311
7.38,0.37049738,1.2300148,3.8485615,36.71338,3.1146858
7.39,0.37154216,1.2338997,3.8460155,36.696655,3.1240842
7.4,0.37258998,1.2377911,3.8434625,36.679874,3.133503
7.41,0.37364066,1.2416906,3.8409052,36.663074,3.1429443
7.42,0.37469372,1.2455972,3.8383412,36.646236,3.152407
7.43,0.3757499,1.2495109,3.8357718,36.629333,3.161898
7.44,0.37680814,1.2534317,3.8331988,36.612415,3.1714022
7.45,0.37786987,1.2573587,3.8306189,36.59546,3.180934
7.46,0.3789339,1.2612934,3.8280349,36.57844,3.1904867
7.47,0.3800007,1.2652348,3.8254447,36.56139,3.200063
7.48,0.38107023,1.269183,3.8228486,36.54431,3.2096605
7.49,0.38214257,1.2731364,3.8202481,36.527176,3.219278
7.5,0.3832179,1.2771018,3.8176427,36.510006,3.228923
7.51,0.38429564,1.281074,3.8150313,36.492798,3.2385893
7.52,0.38537633,1.2850554,3.8124142,36.475563,3.2482767
7.53,0.38645968,1.2890401,3.8097913,36.458275,3.2579868
7.54,0.38754562,1.2930319,3.8071644,36.44095,3.2677205
7.55,0.38863465,1.2970327,3.8045309,36.42358,3.2774744
7.56,0.3897262,1.3010414,3.8018918,36.40617,3.287253
7.57,0.39082056,1.3050606,3.7992487,36.388733,3.2970543
7.58,0.3919178,1.3090845,3.7965994,36.37124,3.3068776
7.59,0.39301798,1.3131182,3.7939434,36.353718,3.3167229
7.6,0.39412048,1.317159,3.7912843,36.336155,3.3265922
7.61,0.39522585,1.3212065,3.7886183,36.31855,3.3364835
7.62,0.39633426,1.3252645,3.7859473,36.30089,3.3463979
7.63,0.39744553,1.3293309,3.7832696,36.28321,3.3563333
7.64,0.39855918,1.3334036,3.7805872,36.26548,3.3662937
7.65,0.3996758,1.3374852,3.7779002,36.2477,3.3762782
7.66,0.40079564,1.3415761,3.775206,36.229893,3.386285
7.67,0.40191755,1.3456727,3.7725086,36.212063,3.3963106
7.68,0.40304294,1.3497834,3.7698033,36.194176,3.4063616
7.69,0.40417084,1.3538994,3.7670937,36.17625,3.4164386
7.7,0.40530154,1.3580235,3.7643778,36.158268,3.4265375
7.71,0.40643513,1.362159,3.761658,36.140263,3.4366553
7.72,0.4075714,1.3662988,3.7589319,36.122208,3.4468007
7.73,0.40871054,1.3704485,3.7561982,36.10412,3.456966
7.74,0.40985286,1.3746141,3.7534611,36.08598,3.4671566
7.75,0.4109979,1.378783,3.750717,36.067806,3.4773707
7.76,0.41214535,1.382963,3.7479694,36.049595,3.4876058
7.77,0.41329566,1.3871478,3.7452147,36.03135,3.4978673
7.78,0.41444963,1.3913486,3.7424543,36.01305,3.508151
7.79,0.41560578,1.3955545,3.7396874,35.99472,3.5184555
7.8,0.41676477,1.3997709,3.736917,35.976345,3.5287874
7.81,0.41792682,1.4039942,3.7341406,35.957928,3.539137
7.82,0.41909134,1.4082285,3.731357,35.939472,3.5495162
7.83,0.42025957,1.4124777,3.728569,35.92098,3.5599148
7.84,0.42143002,1.416732,3.7257738,35.90244,3.5703402
7.85,0.42260396,1.421,3.7229753,35.883858,3.5807843
7.86,0.42377976,1.4252712,3.7201695,35.865242,3.5912535
7.87,0.4249592,1.4295554,3.717358,35.846573,3.6017468
7.88,0.42614147,1.4338515,3.714541,35.82788,3.612265
7.89,0.4273265,1.4381555,3.7117188,35.80914,3.6228049
7.9,0.4285143,1.4424721,3.708891,35.79035,3.6333723
7.91,0.4297053,1.4467955,3.7060573,35.77153,3.6439588
7.92,0.43089905,1.4511361,3.703218,35.752655,3.6545715
7.93,0.43209577,1.4554799,3.700373,35.733753,3.6652071
7.94,0.43329567,1.4598411,3.697522,35.714806,3.6758654
7.95,0.43449792,1.464204,3.6946635,35.695824,3.68655
7.96,0.4357036,1.4685838,3.6918015,35.676796,3.697253
7.97,0.4369122,1.4729733,3.6889324,35.657722,3.7079864
7.98,0.4381234,1.4773762,3.6860585,35.638607,3.7187402
7.99,0.43933782,1.4817858,3.683178,35.61946,3.7295191
8.0,0.44055516,1.4862092,3.6802933,35.600266,3.7403185
8.01,0.44177562,1.4906414,3.6774008,35.581028,3.7511454
8.02,0.44299918,1.4950886,3.6745038,35.561752,3.761998
8.03,0.44422522,1.4995415,3.6715999,35.54243,3.772871
8.04,0.44545466,1.5040085,3.6686919,35.523064,3.7837665
8.05,0.44668677,1.5084829,3.665776,35.50367,3.7946897
8.06,0.4479217,1.5129734,3.6628554,35.484226,3.805637
8.07,0.44916004,1.5174757,3.659929,35.464745,3.8166077
8.08,0.45040116,1.5219872,3.6569967,35.445225,3.8275995
8.09,0.4516455,1.5265142,3.6540592,35.42565,3.8386197
8.1,0.45289263,1.5310493,3.651114,35.406044,3.8496625
8.11,0.45414314,1.5355988,3.6481636,35.38639,3.8607287
8.12,0.45539635,1.5401561,3.6452081,35.366695,3.8718185
8.13,0.4566526,1.5447292,3.6422455,35.346962,3.8829343
8.14,0.45791197,1.5493102,3.6392782,35.327187,3.8940709
8.15,0.45917445,1.5539075,3.6363049,35.30737,3.905237
8.16,0.46043983,1.5585158,3.6333265,35.2875,3.9164245
8.17,0.46170843,1.563135,3.6303396,35.26761,3.9276388
8.18,0.46298015,1.5677669,3.6273477,35.247665,3.9388754
8.19,0.46425498,1.5724138,3.6243515,35.22766,3.9501355
8.2,0.46553275,1.5770712,3.6213481,35.20764,3.9614236
8.21,0.46681347,1.5817397,3.6183383,35.18757,3.9727337
8.22,0.4680975,1.5864182,3.6153235,35.167442,3.98407
8.23,0.46938458,1.5911134,3.6123042,35.147305,3.995426
8.24,0.47067472,1.5958235,3.609278,35.12709,4.0068097
8.25,0.47196826,1.6005418,3.6062436,35.106865,4.018217
8.26,0.47326437,1.6052734,3.6032052,35.08657,4.029651
8.27,0.47456396,1.6100193,3.6001594,35.066254,4.041107
8.28,0.47586676,1.6147786,3.5971098,35.04589,4.05259
8.29,0.47717246,1.6195462,3.594053,35.025475,4.064097
8.3,0.47848186,1.6243324,3.590991,35.005028,4.0756316
8.31,0.4797939,1.6291296,3.587922,34.98454,4.087185
8.32,0.48110926,1.6339399,3.5848486,34.964,4.098766
8.33,0.48242754,1.6387632,3.5817673,34.943424,4.1103716
8.34,0.48374948,1.6436017,3.578681,34.922787,4.122002
8.35,0.48507458,1.6484522,3.575589,34.902122,4.133658
8.36,0.48640254,1.6533107,3.5724912,34.881413,4.145339
8.37,0.48773366,1.6581905,3.5693853,34.860672,4.157042
8.38,0.48906803,1.6630793,3.5662756,34.839878,4.1687727
8.39,0.49040592,1.6679837,3.5631604,34.819042,4.1805267
8.4,0.49174675,1.6728959,3.560037,34.798164,4.192307
8.41,0.49309117,1.6778302,3.5569088,34.777237,4.20411
8.42,0.49443838,1.6827757,3.5537758,34.75628,4.215943
8.43,0.49578908,1.6877303,3.5506341,34.735252,4.227795
8.44,0.497143,1.6927035,3.5474882,34.7142,4.2396746
8.45,0.49850067,1.6976881,3.5443373,34.693104,4.251579
8.46,0.4998609,1.7026844,3.5411785,34.671963,4.2635083
8.47,0.5012251,1.7077032,3.5380156,34.65078,4.2754645
8.48,0.5025913,1.7127259,3.534845,34.629547,4.2874427
8.49,0.50396204,1.7177674,3.5316691,34.60829,4.299447
8.5,0.50533557,1.7228191,3.5284867,34.586975,4.3114767
8.51,0.50671273,1.7278918,3.5252988,34.565617,4.323532
8.52,0.5080931,1.7329733,3.5221035,34.54422,4.335614
8.53,0.50947654,1.7380667,3.5189054,34.522766,4.34772
8.54,0.5108633,1.7431782,3.515699,34.50128,4.359852
8.55,0.5122539,1.7483081,3.512487,34.479748,4.372007
8.56,0.513648,1.7534477,3.509268,34.458168,4.3841867
8.57,0.5150446,1.7585999,3.5060449,34.436543,4.396394
8.58,0.5164454,1.7637708,3.5028148,34.414883,4.4086256
8.59,0.51784915,1.7689564,3.4995792,34.39318,4.420883
8.6,0.5192564,1.7741559,3.4963381,34.37143,4.433167
8.61,0.52066684,1.7793622,3.4930894,34.349625,4.4454737
8.62,0.5220809,1.7845917,3.489837,34.327785,4.4578066
8.63,0.5234985,1.7898335,3.486576,34.305897,4.4701653
8.64,0.5249197,1.7950935,3.4833117,34.28397,4.4825535
8.65,0.5263437,1.8003582,3.4800394,34.26201,4.4949613
8.66,0.52777123,1.8056438,3.4767609,34.23998,4.5073943
8.67,0.5292023,1.8109434,3.473478,34.21791,4.5198545
8.68,0.5306372,1.8162632,3.470188,34.195797,4.53234
8.69,0.53207505,1.8215926,3.4668934,34.17365,4.5448523
8.7,0.5335169,1.8269343,3.4635913,34.151455,4.55739
8.71,0.5349622,1.832298,3.4602842,34.129223,4.569952
8.72,0.5364106,1.8376712,3.4569707,34.10692,4.582541
8.73,0.53786254,1.8430629,3.4536514,34.0846,4.5951524
8.74,0.53931844,1.8484678,3.4503284,34.062218,4.60779
8.75,0.5407774,1.8538886,3.446997,34.03979,4.6204543
8.76,0.54223996,1.8593245,3.4436598,34.017326,4.6331472
8.77,0.54370654,1.8647778,3.4403152,33.994816,4.6458626
8.78,0.54517627,1.8702486,3.4369678,33.97226,4.6586013
8.79,0.5466496,1.8757248,3.4336123,33.949657,4.6713715
8.8,0.5481262,1.8812188,3.4302518,33.927013,4.6841626
8.81,0.54960716,1.886736,3.426886,33.90432,4.6969833
8.82,0.55109096,1.8922645,3.4235141,33.881577,4.709825
8.83,0.5525784,1.897805,3.4201353,33.8588,4.722697
8.84,0.55406976,1.9033662,3.4167511,33.835976,4.735593
8.85,0.5555645,1.908941,3.4133618,33.813107,4.748513
8.86,0.55706334,1.9145333,3.4099648,33.790184,4.7614613
8.87,0.5585653,1.9201407,3.4065633,33.76721,4.774435
8.88,0.5600711,1.9257625,3.4031553,33.744213,4.7874317
8.89,0.5615808,1.9314045,3.3997421,33.721157,4.800459
8.9,0.5630936,1.937056,3.3963234,33.69805,4.8135085
8.91,0.56461036,1.9427243,3.392898,33.674904,4.826586
8.92,0.56613076,1.948411,3.3894672,33.651703,4.839685
8.93,0.5676551,1.9541161,3.38603,33.62847,4.852816
8.94,0.5691829,1.9598341,3.3825877,33.60518,4.865967
8.95,0.57071406,1.965566,3.379139,33.58185,4.8791485
8.96,0.5722492,1.9713187,3.3756852,33.55848,4.8923535
8.97,0.5737884,1.9770862,3.3722258,33.535046,4.9055867
8.98,0.57533103,1.9828688,3.368759,33.511585,4.9188423
8.99,0.5768771,1.988668,3.3652866,33.488056,4.932128
9.0,0.5784273,1.9944859,3.3618097,33.464493,4.9454365
9.01,0.5799813,2.0003166,3.3583267,33.440887,4.9587708
9.02,0.5815391,2.006167,3.3548365,33.417236,4.9721346
9.03,0.5831006,2.0120332,3.3513422,33.393536,4.985522
9.04,0.58466595,2.0179148,3.347841,33.369793,4.998935
9.05,0.5862352,2.0238154,3.3443356,33.345993,5.012375
9.06,0.58780795,2.0297318,3.3408232,33.322144,5.0258403
9.07,0.5893844,2.035661,3.337307,33.298256,5.0393295
9.08,0.5909652,2.041614,3.3337824,33.274334,5.0528483
9.09,0.59254956,2.0475771,3.3302526,33.250347,5.0663924
9.1,0.5941376,2.0535636,3.3267179,33.226322,5.079961
9.11,0.5957297,2.059565,3.3231764,33.202244,5.093557
9.12,0.5973256,2.06558,3.3196304,33.178116,5.107181
9.13,0.5989255,2.071619,3.3160796,33.15395,5.120828
9.14,0.60052913,2.07767,3.3125198,33.129738,5.1345043
9.15,0.6021366,2.0837398,3.3089576,33.105484,5.1482024
9.16,0.60374826,2.089825,3.3053887,33.08117,5.1619277
9.17,0.60536355,2.0959256,3.3018136,33.05681,5.1756816
9.18,0.6069829,2.1020508,3.2982323,33.032406,5.1894617
9.19,0.6086063,2.1081886,3.2946463,33.00796,5.203265
9.2,0.6102336,2.1143484,3.2910557,32.983463,5.2170954
9.21,0.61186445,2.120524,3.287458,32.958916,5.2309527
9.22,0.61349994,2.1267176,3.2838554,32.93433,5.244839
9.23,0.6151389,2.1329238,3.2802453,32.90969,5.2587442
9.24,0.6167819,2.1391551,3.2766304,32.884995,5.2726827
9.25,0.61842895,2.145399,3.2730114,32.860275,5.286645
9.26,0.62008,2.151661,3.2693865,32.83548,5.300632
9.27,0.621735,2.157947,3.265754,32.81065,5.314649
9.28,0.6233939,2.1642456,3.262118,32.78579,5.328688
9.29,0.6250571,2.1705627,3.258476,32.760857,5.3427577
9.3,0.62672454,2.1769044,3.2548282,32.73589,5.356851
9.31,0.6283959,2.1832583,3.251174,32.710865,5.370972
9.32,0.6300712,2.189632,3.2475162,32.685806,5.3851132
9.33,0.63175017,2.196023,3.2438517,32.66069,5.3992867
9.34,0.6334336,2.202433,3.2401795,32.63553,5.4134874
9.35,0.6351216,2.2088637,3.2365057,32.61032,5.4277115
9.36,0.6368125,2.2153125,3.2328248,32.585064,5.4419622
9.37,0.63850844,2.2217774,3.2291381,32.55975,5.456239
9.38,0.64020807,2.228262,3.2254446,32.534412,5.4705424
9.39,0.64191246,2.2347708,3.221747,32.509003,5.484875
9.4,0.6436199,2.2412906,3.2180448,32.483547,5.4992285
9.41,0.6453322,2.2478313,3.2143357,32.458057,5.5136123
9.42,0.6470488,2.2543936,3.2106206,32.432514,5.528024
9.43,0.6487694,2.2609763,3.206901,32.406918,5.5424604
9.44,0.6504938,2.2675726,3.2031777,32.381283,5.556921
9.45,0.6522227,2.2741947,3.1994462,32.35559,5.5714073
9.46,0.6539564,2.2808385,3.1957097,32.329857,5.585925
9.47,0.6556932,2.2874944,3.1919684,32.304073,5.600464
9.48,0.6574347,2.2941718,3.188221,32.27824,5.615031
9.49,0.6591805,2.300868,3.18447,32.25237,5.6296244
9.5,0.6609305,2.3075876,3.1807108,32.22643,5.644249
9.51,0.66268444,2.3143225,3.1769483,32.200455,5.6588955
9.52,0.6644428,2.3210807,3.1731791,32.174427,5.673567
9.53,0.66620606,2.3278584,3.169405,32.148357,5.6882677
9.54,0.6679727,2.3346543,3.1656258,32.122242,5.702994
9.55,0.6697437,2.3414698,3.161842,32.096066,5.717744
9.56,0.67151964,2.3483098,3.1580515,32.06985,5.732525
9.57,0.67329913,2.355166,3.1542554,32.04359,5.747329
9.58,0.6750835,2.3620443,3.1504543,32.017277,5.7621613
9.59,0.6768717,2.3689399,3.1466484,31.990908,5.7770224
9.6,0.6786645,2.3758564,3.1428366,31.964502,5.791907
9.61,0.6804619,2.3828008,3.1390207,31.938032,5.8068166
9.62,0.68226355,2.3897583,3.1351974,31.911526,5.8217554
9.63,0.68406934,2.3967414,3.1313705,31.884974,5.836721
9.64,0.6858794,2.4037414,3.127537,31.85836,5.851713
9.65,0.68769383,2.4107647,3.123698,31.831715,5.8667283
9.66,0.689513,2.4178047,3.1198547,31.805016,5.8817716
9.67,0.6913362,2.4248707,3.1160057,31.778255,5.896845
9.68,0.6931642,2.4319577,3.1121514,31.751463,5.91194
9.69,0.69499576,2.4390612,3.108292,31.724611,5.92706
9.7,0.69683266,2.4461904,3.104427,31.697714,5.942211
9.71,0.6986734,2.4533372,3.1005566,31.670774,5.95739
9.72,0.7005189,2.460506,3.0966816,31.643774,5.9725943
9.73,0.70236886,2.4676983,3.0928013,31.61674,5.9878197
9.74,0.7042234,2.4749112,3.088915,31.589642,6.0030785
9.75,0.70608246,2.482147,3.0850244,31.562511,6.0183587
9.76,0.70794535,2.4894013,3.0811288,31.53532,6.0336714
9.77,0.70981336,2.4966788,3.0772252,31.50808,6.049005
9.78,0.71168554,2.5039804,3.0733194,31.4808,6.0643682
9.79,0.7135622,2.5112996,3.069408,31.453466,6.0797563
9.8,0.71544355,2.5186443,3.0654905,31.42608,6.0951743
9.81,0.71732914,2.5260043,3.0615673,31.398651,6.110614
9.82,0.71921974,2.5333934,3.0576408,31.371172,6.126082
9.83,0.7211146,2.5408,3.0537071,31.34364,6.141574
9.84,0.7230141,2.548233,3.049769,31.316067,6.1570983
9.85,0.7249181,2.5556874,3.0458262,31.28843,6.172644
9.86,0.72682685,2.5631638,3.0418785,31.26077,6.1882186
9.87,0.72873956,2.5706596,3.0379245,31.233053,6.2038174
9.88,0.73065746,2.5781827,3.0339656,31.20527,6.2194457
9.89,0.73257965,2.5857244,3.0300026,31.177458,6.2351007
9.9,0.73450625,2.5932872,3.0260334,31.14959,6.2507796
9.91,0.7364382,2.6008782,3.0220597,31.121674,6.2664876
9.92,0.73837394,2.6084876,3.0180807,31.093702,6.2822223
9.93,0.7403152,2.6161213,3.0140967,31.065685,6.2979813
9.94,0.7422602,2.623776,3.0101068,31.037622,6.313766
9.95,0.74421006,2.6314569,3.0061116,31.00952,6.3295803
9.96,0.7461652,2.639155,3.0021126,30.981348,6.345418
9.97,0.7481246,2.6468818,2.9981077,30.953136,6.361287
9.98,0.75008804,2.6546264,2.9940984,30.924885,6.3771763
9.99,0.7520567,2.662395,2.9900837,30.896574,6.393093
10.0,0.7540305,2.6701937,2.9860635,30.868227,6.4090424
10.01,0.75600845,2.6780064,2.982039,30.83982,6.4250126
10.02,0.75799114,2.6858478,2.9780085,30.811361,6.4410114
10.03,0.75997853,2.6937094,2.9739747,30.78285,6.457034
10.04,0.7619707,2.7015955,2.969935,30.754314,6.473084
10.05,0.76396734,2.7095025,2.9658895,30.725708,6.4891644
10.06,0.7659689,2.7174375,2.9618382,30.697052,6.5052686
10.07,0.76797557,2.7253954,2.9577837,30.668367,6.5213985
10.08,0.76998645,2.733376,2.9537246,30.639633,6.537552
10.09,0.77200204,2.7413707,2.9496593,30.61083,6.5537357
10.1,0.7740232,2.7494,2.9455895,30.581984,6.569947
10.11,0.7760478,2.7574508,2.941514,30.553095,6.5861816
10.12,0.7780782,2.7655263,2.9374359,30.524158,6.602443
10.13,0.78011316,2.773622,2.9333503,30.495163,6.618735
10.14,0.78215283,2.781743,2.9292605,30.466133,6.6350484
10.15,0.7841969,2.7898831,2.9251676,30.43705,6.6513877
10.16,0.7862462,2.798051,2.921067,30.407915,6.667759
10.17,0.78830105,2.8062468,2.9169629,30.37873,6.68415
10.18,0.7903594,2.8144588,2.9128535,30.349504,6.700573
10.19,0.79242325,2.822701,2.9087389,30.320223,6.7170157
10.2,0.79449177,2.8309593,2.90462,30.290895,6.7334933
10.21,0.79656523,2.8392467,2.9004955,30.261509,6.749992
10.22,0.79864347,2.8475585,2.896369,30.232103,6.7665195
10.23,0.8007259,2.855888,2.8922336,30.20262,6.783067
10.24,0.802814,2.864249,2.8880963,30.173103,6.7996454
10.25,0.80490667,2.8726296,2.8839538,30.143534,6.8162537
10.26,0.80700475,2.881039,2.8798044,30.113922,6.832882
10.27,0.8091073,2.8894696,2.8756526,30.08425,6.8495374
10.28,0.8112144,2.8979192,2.8714945,30.054539,6.866223
10.29,0.8133269,2.9063997,2.8673317,30.024775,6.8829308
10.3,0.8154444,2.9149039,2.8631647,29.994967,6.8996654
10.31,0.8175662,2.9234312,2.8589935,29.965107,6.916429
10.32,0.81969297,2.9319787,2.8548162,29.93521,6.9332156
10.33,0.821825,2.9405541,2.8506348,29.905247,6.950029
10.34,0.8239622,2.9491487,2.8464496,29.87524,6.9668674
10.35,0.82610387,2.957775,2.842258,29.845198,6.9837346
10.36,0.82825005,2.9664187,2.8380628,29.815098,7.0006266
10.37,0.83040196,2.9750881,2.8338628,29.784954,7.0175447
10.38,0.8325585,2.9837852,2.8296583,29.754768,7.034488
10.39,0.8347204,2.992506,2.825449,29.724516,7.051456
10.4,0.8368865,3.001244,2.8212347,29.694227,7.068456
10.41,0.83905816,3.0100126,2.8170164,29.663897,7.0854774
10.42,0.8412344,3.0188012,2.8127928,29.633495,7.1025276
10.43,0.84341586,3.0276194,2.8085647,29.603073,7.119599
10.44,0.84560215,3.0364609,2.804332,29.57258,7.1366997
10.45,0.8477933,3.045319,2.800095,29.542057,7.1538243
10.46,0.8499898,3.0542083,2.795853,29.511488,7.170977
10.47,0.85219073,3.0631185,2.7916057,29.480852,7.1881566
10.48,0.8543974,3.0720582,2.787356,29.450193,7.2053576
10.49,0.8566082,3.0810132,2.7831008,29.419464,7.2225857
10.5,0.85882497,3.0899987,2.7788415,29.388699,7.2398415
10.51,0.8610465,3.0990043,2.7745767,29.357882,7.2571225
10.52,0.8632726,3.1080403,2.7703078,29.32702,7.274427
10.53,0.86550397,3.117096,2.7660356,29.29611,7.2917585
10.54,0.86774015,3.126175,2.7617567,29.26516,7.309121
10.55,0.86998206,3.1352777,2.757474,29.23415,7.3265023
10.56,0.8722286,3.1444063,2.7531888,29.203098,7.343912
10.57,0.8744798,3.1535573,2.748897,29.172005,7.361346
10.58,0.876736,3.1627326,2.744603,29.140863,7.378806
10.59,0.8789981,3.1719322,2.7403038,29.109674,7.396292
10.6,0.8812648,3.1811576,2.735997,29.07843,7.413803
10.61,0.8835362,3.1904063,2.731691,29.047146,7.431335
10.62,0.88581324,3.1996775,2.7273767,29.015812,7.4488983
10.63,0.888095,3.2089715,2.72306,28.984426,7.4664903
10.64,0.8903823,3.218299,2.7187402,28.953,7.4840984
10.65,0.89267427,3.227632,2.7144132,28.921528,7.5017395
10.66,0.894971,3.2370024,2.710083,28.89001,7.5194044
10.67,0.8972736,3.2463923,2.7057488,28.85844,7.5370903
10.68,0.899581,3.2558112,2.7014096,28.82682,7.5548077
10.69,0.9018931,3.2652488,2.6970692,28.795174,7.572541
10.7,0.9042108,3.2747087,2.692722,28.763458,7.590309
10.71,0.9065335,3.284194,2.688371,28.731705,7.6080995
10.72,0.9088614,3.2937074,2.6840153,28.699905,7.625914
10.73,0.91119426,3.3032384,2.679656,28.668058,7.6437535
10.74,0.91353226,3.312798,2.6752932,28.63617,7.661619
10.75,0.91587585,3.3223786,2.6709247,28.604237,7.679512
10.76,0.91822416,3.331985,2.6665533,28.57225,7.697426
10.77,0.92057776,3.3416157,2.662178,28.540216,7.715365
10.78,0.92293626,3.351264,2.6577985,28.508142,7.733329
10.79,0.9252999,3.360938,2.6534154,28.476015,7.751321
10.8,0.92766875,3.3706355,2.6490266,28.44385,7.769337
10.81,0.9300434,3.3803625,2.644635,28.41163,7.787375
10.82,0.93242234,3.3901095,2.6402388,28.37938,7.8054376
10.83,0.9348069,3.3998785,2.6358404,28.347073,7.8235292
10.84,0.93719596,3.409668,2.631436,28.31472,7.8416433
10.85,0.93959105,3.4194841,2.6270292,28.282314,7.859782
10.86,0.9419906,3.4293199,2.6226168,28.249882,7.877945
10.87,0.94439626,3.439186,2.6181998,28.217388,7.896132
10.88,0.94680625,3.4490695,2.613782,28.184849,7.9143476
10.89,0.94922173,3.4589815,2.6093595,28.152267,7.932584
10.9,0.9516431,3.4689178,2.6049325,28.11966,7.9508433
10.91,0.9540683,3.478869,2.6005006,28.08699,7.9691286
10.92,0.9564998,3.4888487,2.5960677,28.054268,7.9874396
10.93,0.95893633,3.4988518,2.5916297,28.021515,8.0057745
10.94,0.96137816,3.5088792,2.5871878,27.988714,8.024132
10.95,0.963825,3.5189252,2.5827413,27.955864,8.042517
10.96,0.96627766,3.5290017,2.5782921,27.922964,8.0609255
10.97,0.9687345,3.5390916,2.5738385,27.89003,8.079358
10.98,0.971197,3.5492105,2.5693831,27.857048,8.097809
10.99,0.97366536,3.5593534,2.564922,27.824015,8.116288
11.0,0.9761384,3.5695152,2.5604572,27.790949,8.134799
11.01,0.97861695,3.5797033,2.5559895,27.75783,8.153322
11.02,0.98110056,3.5899134,2.5515194,27.72467,8.171874
11.03,0.98358935,3.600142,2.547044,27.691471,8.190449
11.04,0.9860838,3.6104002,2.5425658,27.658213,8.209053
11.05,0.9885831,3.6206775,2.5380845,27.624924,8.227674
11.06,0.99108845,3.6309867,2.5335991,27.591595,8.246322
11.07,0.99359816,3.6413012,2.529111,27.558214,8.264992
11.08,0.99611366,3.651651,2.524618,27.52478,8.283689
11.09,0.9986349,3.662025,2.520122,27.49131,8.302405
11.1,1.0011606,3.6724157,2.5156243,27.457802,8.321148
11.11,1.0036919,3.6828303,2.5111222,27.424255,8.339908
11.12,1.0062284,3.6932673,2.506617,27.390654,8.358698
11.13,1.0087707,3.7037287,2.502106,27.357006,8.377515
11.14,1.0113178,3.714213,2.4975953,27.323324,8.396349
11.15,1.0138702,3.724719,2.4930801,27.28959,8.415207
11.16,1.0164292,3.7352424,2.4885597,27.25582,8.43409
11.17,1.0189925,3.745798,2.4840388,27.222002,8.452995
11.18,1.0215611,3.756372,2.4795136,27.188147,8.471926
11.19,1.0241356,3.7669678,2.4749858,27.154242,8.490877
11.2,1.026715,3.777588,2.4704537,27.120304,8.509851
11.21,1.0293003,3.7882318,2.4659195,27.08632,8.528848
11.22,1.03189,3.7988944,2.4613805,27.052284,8.547868
11.23,1.034486,3.8095818,2.456841,27.018225,8.566915
11.24,1.0370872,3.820291,2.4522958,26.98411,8.5859785
11.25,1.0396938,3.8310223,2.4477496,26.949942,8.605073
11.26,1.042306,3.8417754,2.443199,26.915749,8.624179
11.27,1.0449231,3.852553,2.438646,26.881508,8.643314
11.28,1.0475464,3.863357,2.4340906,26.847237,8.662473
11.29,1.0501745,3.8741803,2.429532,26.812904,8.681655
11.3,1.052808,3.885017,2.4249704,26.77853,8.700858
11.31,1.0554476,3.8958902,2.420405,26.74413,8.720083
11.32,1.0580919,3.9067774,2.4158378,26.709688,8.739328
11.33,1.0607419,3.917688,2.4112678,26.675194,8.7586
11.34,1.0633984,3.9286232,2.4066935,26.640656,8.777896
11.35,1.0660589,3.9395833,2.4021182,26.606089,8.797208
11.36,1.0687249,3.95056,2.3975399,26.571468,8.816541
11.37,1.0713973,3.9615655,2.392958,26.536818,8.835898
11.38,1.0740747,3.97259,2.3883739,26.502125,8.855281
11.39,1.0767584,3.9836373,2.383787,26.467382,8.874681
11.4,1.0794463,3.9947076,2.379197,26.432608,8.894106
11.41,1.0821404,4.0057974,2.3746052,26.397785,8.913555
11.42,1.0848403,4.01691,2.37001,26.362926,8.933023
11.43,1.0875456,4.0280495,2.3654132,26.328028,8.9525175
11.44,1.090256,4.0392084,2.3608139,26.293087,8.972024
11.45,1.0929728,4.050397,2.3562112,26.258104,8.991563
11.46,1.0956948,4.061602,2.3516066,26.223087,9.011108
11.47,1.0984228,4.072833,2.3469996,26.188023,9.030691
11.48,1.1011548,4.084078,2.3423886,26.152924,9.050289
11.49,1.1038938,4.095352,2.337777,26.117783,9.069912
11.5,1.1066387,4.106649,2.3331616,26.082603,9.089551
11.51,1.1093886,4.1179714,2.328545,26.047386,9.10921
11.52,1.1121435,4.1293097,2.3239245,26.012123,9.128897
11.53,1.1149049,4.1406775,2.3193052,25.976831,9.148595
11.54,1.1176715,4.1520596,2.31468,25.941484,9.168323
11.55,1.1204445,4.1634746,2.3100553,25.906115,9.188068
11.56,1.1232224,4.1749063,2.3054268,25.8707,9.207838
11.57,1.1260059,4.1863585,2.3007953,25.835247,9.227623
11.58,1.1287951,4.197836,2.2961628,25.799755,9.247437
11.59,1.1315908,4.2093406,2.2915273,25.76421,9.267265
11.6,1.1343913,4.2208643,2.2868903,25.728645,9.287116
11.61,1.1371977,4.232415,2.282252,25.693039,9.306981
11.62,1.1400104,4.243987,2.277611,25.657393,9.326878
11.63,1.142828,4.2555723,2.2729673,25.621706,9.346785
11.64,1.1456516,4.267192,2.2683225,25.585987,9.366718
11.65,1.1484804,4.2788343,2.263677,25.550228,9.38667
11.66,1.1513157,4.2904963,2.2590258,25.514418,9.406648
11.67,1.1541567,4.3021836,2.254376,25.478592,9.426634
11.68,1.1570036,4.313897,2.2497225,25.442713,9.446653
11.69,1.1598558,4.3256273,2.245068,25.406794,9.466681
11.7,1.1627142,4.337383,2.2404113,25.370853,9.486737
11.71,1.1655781,4.349166,2.235753,25.334866,9.50681
11.72,1.1684484,4.360975,2.2310932,25.298838,9.526903
11.73,1.1713231,4.372795,2.226431,25.262781,9.547015
11.74,1.1742046,4.3846426,2.2217672,25.226686,9.567148
11.75,1.1770921,4.3965216,2.2171025,25.190548,9.587299
11.76,1.1799855,4.408417,2.2124345,25.154379,9.607472
11.77,1.182884,4.420332,2.2077656,25.118166,9.627664
11.78,1.1857886,4.432283,2.203097,25.081928,9.647873
11.79,1.1887,4.4442544,2.198425,25.045652,9.668103
11.8,1.1916163,4.4562488,2.1937509,25.009338,9.688348
11.81,1.1945388,4.468267,2.1890767,24.972979,9.708617
11.82,1.1974664,4.480301,2.1844006,24.9366,9.728902
11.83,1.2004011,4.4923697,2.179722,24.900177,9.749211
11.84,1.2033405,4.504455,2.175043,24.86371,9.769539
11.85,1.2062869,4.5165706,2.170362,24.827217,9.78988
11.86,1.2092392,4.528709,2.1656811,24.790688,9.81024
11.87,1.2121966,4.540875,2.160998,24.754131,9.830618
11.88,1.2151618,4.5530643,2.156313,24.71753,9.851024
11.89,1.2181306,4.565271,2.151627,24.680895,9.871446
11.9,1.2211065,4.577507,2.1469405,24.644228,9.891879
11.91,1.2240887,4.5897684,2.142252,24.607515,9.912334
11.92,1.2270772,4.6020546,2.137561,24.570776,9.932808
11.93,1.2300704,4.614367,2.1328723,24.534006,9.953298
11.94,1.2330706,4.6267037,2.1281803,24.497204,9.973799
11.95,1.2360761,4.6390624,2.1234872,24.460367,9.994334
11.96,1.2390878,4.651447,2.1187918,24.423489,10.014878
11.97,1.2421067,4.663859,2.114098,24.386587,10.035443
11.98,1.2451301,4.676295,2.1094022,24.349651,10.056023
11.99,1.2481604,4.6887603,2.1047049,24.312666,10.07662
12.0,1.2511966,4.7012467,2.1000073,24.275667,10.097238
12.01,1.2542391,4.7137637,2.0953083,24.238625,10.117871
12.02,1.2572877,4.726302,2.0906086,24.201548,10.138523
12.03,1.2603409,4.7388606,2.085907,24.164448,10.159194
12.04,1.2634017,4.7514505,2.081206,24.1273,10.179884
12.05,1.2664688,4.764069,2.076504,24.090122,10.200583
12.06,1.2695417,4.7767057,2.071801,24.052914,10.221301
12.07,1.2726207,4.789376,2.0670977,24.015688,10.242042
12.08,1.2757051,4.8020663,2.0623937,23.978426,10.262794
12.09,1.2787964,4.814783,2.0576894,23.941113,10.283563
12.1,1.2818944,4.827536,2.0529819,23.903788,10.304354
12.11,1.2849984,4.840306,2.0482764,23.866423,10.32516
12.12,1.2881079,4.8531094,2.0435693,23.829025,10.34598
12.13,1.2912235,4.8659334,2.0388622,23.79159,10.366816
12.14,1.2943456,4.878791,2.0341542,23.754137,10.387674
12.15,1.2974741,4.8916693,2.0294461,23.716654,10.40854
12.16,1.3006086,4.904574,2.0247378,23.679136,10.42943
12.17,1.30375,4.9175053,2.0200272,23.641579,10.4503355
12.18,1.3068972,4.930471,2.0153193,23.603998,10.47125
12.19,1.3100505,4.943456,2.0106094,23.566387,10.492185
12.2,1.3132095,4.956471,2.005898,23.528751,10.513139
12.21,1.316376,4.9695115,2.0011876,23.49107,10.5341015
12.22,1.3195481,4.9825864,1.996476,23.453382,10.555086
12.23,1.3227267,4.995689,1.9917653,23.415648,10.576082
12.24,1.3259115,5.0088086,1.987054,23.377888,10.597097
12.25,1.3291025,5.0219646,1.9823425,23.340086,10.618127
12.26,1.3323007,5.035148,1.9776311,23.302277,10.6391735
12.27,1.3355043,5.0483575,1.9729196,23.264425,10.660234
12.28,1.3387139,5.0616007,1.9682084,23.226555,10.681302
12.29,1.3419302,5.0748615,1.9634972,23.188648,10.7023945
12.3,1.3451533,5.0881567,1.958785,23.15071,10.723492
12.31,1.3483822,5.1014824,1.9540734,23.112745,10.7446165
12.32,1.3516178,5.114838,1.9493611,23.074762,10.765747
12.33,1.3548598,5.1282225,1.9446492,23.036732,10.7869
12.34,1.3581085,5.141632,1.9399378,22.998686,10.808063
12.35,1.3613629,5.1550727,1.9352268,22.960619,10.829241
12.36,1.364624,5.1685405,1.9305152,22.922516,10.850428
12.37,1.3678911,5.1820407,1.9258051,22.88439,10.871634
12.38,1.3711655,5.1955647,1.9210942,22.846214,10.892853
12.39,1.3744462,5.2091255,1.9163845,22.80804,10.914088
12.4,1.3777325,5.222717,1.9116746,22.769838,10.935336
12.41,1.3810256,5.23633,1.9069651,22.73159,10.956594
12.42,1.3843253,5.2499747,1.9022557,22.693329,10.977875
12.43,1.3876321,5.2636557,1.897547,22.655039,10.999162
12.44,1.390944,5.277356,1.8928385,22.616724,11.020463
12.45,1.3942626,5.291098,1.8881307,22.578386,11.041781
12.46,1.3975883,5.304859,1.8834231,22.54,11.0631075
12.47,1.4009209,5.3186603,1.8787161,22.501608,11.084452
12.48,1.4042599,5.3324914,1.8740095,22.463198,11.105807
12.49,1.4076045,5.3463497,1.8693044,22.424751,11.127172
12.5,1.4109557,5.3602395,1.8645995,22.38628,11.14856
12.51,1.4143136,5.374161,1.8598945,22.34778,11.169948
12.52,1.4176784,5.388113,1.855191,22.309258,11.191357
12.53,1.4210489,5.4020963,1.8504897,22.270721,11.212772
12.54,1.4244266,5.4161143,1.845786,22.232145,11.234208
12.55,1.4278114,5.430165,1.8410859,22.193558,11.255647
12.56,1.4312019,5.4442396,1.8363848,22.154942,11.277109
12.57,1.4345994,5.45835,1.8316867,22.116312,11.298573
12.58,1.4380028,5.4724855,1.8269871,22.077635,11.320055
12.59,1.4414129,5.4866676,1.8222896,22.03895,11.341544
12.6,1.4448304,5.500865,1.8175925,22.000242,11.36305
12.61,1.4482536,5.5151086,1.8128983,21.96151,11.384566
12.62,1.451684,5.529376,1.808203,21.922754,11.406095
12.63,1.4551203,5.5436797,1.803509,21.883968,11.427631
12.64,1.458564,5.558021,1.7988174,21.845173,11.449179
12.65,1.4620135,5.572387,1.7941262,21.806353,11.470741
12.66,1.4654706,5.5867944,1.7894365,21.767498,11.492313
12.67,1.4689336,5.601221,1.7847469,21.728626,11.513895
12.68,1.472403,5.615687,1.7800598,21.689741,11.535497
12.69,1.4758787,5.630183,1.775374,21.650827,11.557097
12.7,1.4793625,5.644721,1.7706892,21.611895,11.578712
12.71,1.4828525,5.6592946,1.7660047,21.57295,11.600339
12.72,1.4863482,5.6738863,1.7613221,21.533968,11.621977
12.73,1.4898508,5.688524,1.7566429,21.494974,11.643623
12.74,1.4933605,5.703189,1.751963,21.455961,11.665282
12.75,1.4968774,5.7179017,1.7472858,21.41693,11.686943
12.76,1.5004008,5.732641,1.74261,21.377863,11.708621
12.77,1.5039294,5.747397,1.7379338,21.338787,11.730314
12.78,1.5074654,5.762205,1.733261,21.299696,11.752007
12.79,1.5110085,5.7770495,1.7285894,21.26059,11.773711
12.8,1.5145574,5.791919,1.7239196,21.221445,11.795434
12.81,1.5181143,5.806835,1.719252,21.182295,11.81716
12.82,1.5216768,5.821777,1.7145861,21.143122,11.838889
12.83,1.5252464,5.8367567,1.7099218,21.103937,11.860638
12.84,1.5288229,5.851772,1.7052586,21.064724,11.882387
12.85,1.5324056,5.866822,1.7005984,21.025503,11.904149
12.86,1.535995,5.881903,1.6959391,20.986258,11.925915
12.87,1.5395913,5.8970203,1.6912812,20.946983,11.9477005
12.88,1.5431955,5.9121833,1.6866256,20.907713,11.969489
12.89,1.5468042,5.927378,1.6819727,20.86841,11.991283
12.9,1.5504203,5.9425964,1.6773229,20.829094,12.013082
12.91,1.554044,5.957864,1.6726723,20.789753,12.034897
12.92,1.5576737,5.9731627,1.6680264,20.750412,12.05672
12.93,1.5613105,5.988495,1.6633797,20.711042,12.078548
12.94,1.5649536,6.0038686,1.6587384,20.671665,12.100381
12.95,1.5686038,6.0192785,1.6540977,20.632265,12.122227
12.96,1.5722601,6.034719,1.6494578,20.59284,12.14408
12.97,1.5759237,6.050199,1.6448218,20.553415,12.16594
12.98,1.5795939,6.065722,1.640188,20.513973,12.187806
12.99,1.5832713,6.0812807,1.6355569,20.474512,12.209676
13.0,1.5869546,6.0968695,1.6309279,20.43503,12.231559
13.01,1.5906451,6.1125026,1.6263007,20.395527,12.25345
13.02,1.5943427,6.128163,1.6216764,20.356037,12.275342
13.03,1.5980465,6.1438675,1.6170545,20.316513,12.297238
13.04,1.601757,6.1596136,1.6124352,20.276981,12.319151
13.05,1.6054745,6.1753902,1.6078181,20.237427,12.341067
13.06,1.6091988,6.191205,1.6032034,20.197868,12.362992
13.07,1.6129284,6.207058,1.5985922,20.1583,12.38491
13.08,1.6166668,6.222955,1.5939833,20.118706,12.40684
13.09,1.6204114,6.2388825,1.5893761,20.079096,12.428784
13.1,1.624162,6.2548475,1.5847723,20.039478,12.4507265
13.11,1.6279197,6.2708607,1.5801715,19.999853,12.472674
13.12,1.6316845,6.286902,1.5755727,19.96021,12.494634
13.13,1.6354554,6.302982,1.5709776,19.920555,12.516596
13.14,1.6392345,6.319108,1.5663841,19.88089,12.538563
13.15,1.6430187,6.3352733,1.5617958,19.841223,12.560534
13.16,1.646811,6.3514686,1.5572082,19.801525,12.582514
13.17,1.650609,6.3677096,1.5526241,19.761826,12.604493
13.18,1.6544144,6.383982,1.5480434,19.722116,12.62648
13.19,1.6582265,6.40031,1.5434663,19.682404,12.648463
13.2,1.6620455,6.416655,1.5388905,19.642664,12.670465
13.21,1.6658709,6.4330626,1.5343194,19.602938,12.692464
13.22,1.6697032,6.4494915,1.5297506,19.563179,12.714467
13.23,1.6735423,6.465967,1.5251851,19.523405,12.736476
13.24,1.6773875,6.4824805,1.5206227,19.483635,12.758485
13.25,1.6812403,6.499035,1.5160638,19.443848,12.780498
13.26,1.6851001,6.5156317,1.5115072,19.404053,12.80252
13.27,1.6889672,6.5322695,1.5069543,19.36426,12.824548
13.28,1.6928389,6.5489416,1.5024062,19.324455,12.846567
13.29,1.6967189,6.5656614,1.4978604,19.284632,12.868602
13.3,1.7006047,6.5824003,1.4933175,19.244799,12.890636
13.31,1.7044985,6.599207,1.4887782,19.204967,12.912672
13.32,1.7083981,6.6160398,1.484243,19.165127,12.934711
13.33,1.7123051,6.632918,1.4797108,19.125282,12.956752
13.34,1.7162185,6.649831,1.4751817,19.085415,12.978801
13.35,1.7201388,6.666793,1.4706577,19.045555,13.000845
13.36,1.7240651,6.683783,1.4661356,19.005684,13.022894
13.37,1.7279997,6.700827,1.4616175,18.9658,13.044949
13.38,1.7319403,6.717904,1.4571034,18.92591,13.067005
13.39,1.7358873,6.735029,1.4525931,18.886026,13.08906
13.4,1.7398422,6.7521987,1.4480873,18.846132,13.111111
13.41,1.7438025,6.769397,1.4435846,18.806227,13.133174
13.42,1.747771,6.786652,1.439085,18.766317,13.155234
13.43,1.7517447,6.803935,1.43459,18.726398,13.177295
13.44,1.7557268,6.8212647,1.4300984,18.686487,13.199361
13.45,1.7597141,6.838636,1.4256116,18.64657,13.221421
13.46,1.7637084,6.856044,1.4211283,18.606628,13.24349
13.47,1.7677107,6.8735027,1.4166484,18.566702,13.265561
13.48,1.7717185,6.891004,1.412173,18.526762,13.287623
13.49,1.7757344,6.9085436,1.4077014,18.486822,13.309694
13.5,1.7797549,6.92612,1.4032339,18.446869,13.331765
13.51,1.7837839,6.943746,1.3987707,18.406921,13.353827
13.52,1.7878199,6.9614162,1.394311,18.366974,13.375902
13.53,1.7918615,6.9791203,1.389857,18.327019,13.39797
13.54,1.7959099,6.9968677,1.385406,18.287058,13.420039
13.55,1.799967,7.0146766,1.3809601,18.2471,13.442108
13.56,1.8040283,7.032509,1.3765181,18.207138,13.464175
13.57,1.8080983,7.050388,1.3720798,18.167185,13.48624
13.58,1.8121731,7.0682955,1.3676465,18.127203,13.508312
13.59,1.8162551,7.086258,1.363217,18.087234,13.530384
13.6,1.8203456,7.1042824,1.3587931,18.04728,13.552444
13.61,1.8244414,7.122325,1.3543731,18.007305,13.574512
13.62,1.8285446,7.140428,1.3499575,17.967335,13.596577
13.63,1.8326545,7.158564,1.3455455,17.927366,13.618642
13.64,1.8367717,7.176745,1.3411394,17.887398,13.640701
13.65,1.8408937,7.1949673,1.3367378,17.847427,13.662754
13.66,1.8450241,7.213243,1.3323401,17.807457,13.684816
13.67,1.8491604,7.2315445,1.3279471,17.767473,13.706877
13.68,1.8533046,7.249908,1.3235584,17.727514,13.72893
13.69,1.8574541,7.268307,1.3191763,17.687553,13.750977
13.7,1.8616118,7.2867475,1.3147975,17.647585,13.773026
13.71,1.8657756,7.3052335,1.3104237,17.60762,13.795078
13.72,1.869946,7.323764,1.306055,17.567648,13.817122
13.73,1.8741229,7.342344,1.3016906,17.527693,13.839158
13.74,1.8783071,7.3609586,1.2973311,17.487726,13.861199
13.75,1.8824983,7.3796306,1.2929773,17.447773,13.883235
13.76,1.8866951,7.398333,1.2886277,17.40782,13.905271
13.77,1.8908994,7.417086,1.2842829,17.367857,13.927299
13.78,1.8951106,7.435884,1.2799438,17.327919,13.949325
13.79,1.8993278,7.4547267,1.2756093,17.287973,13.971352
13.8,1.9035516,7.4736066,1.2712802,17.248032,13.993365
13.81,1.9077835,7.492544,1.2669553,17.208086,14.015386
13.82,1.9120214,7.511521,1.2626376,17.168161,14.037393
13.83,1.9162662,7.530534,1.2583226,17.128227,14.0594015
13.84,1.9205167,7.549601,1.2540157,17.088306,14.081404
13.85,1.9247758,7.5687127,1.2497116,17.048393,14.103397
13.86,1.9290402,7.587865,1.2454137,17.008472,14.125396
13.87,1.9333117,7.6070614,1.2411213,16.968561,14.14739
13.88,1.9375901,7.626309,1.2368335,16.928661,14.16937
13.89,1.9418755,7.6456003,1.2325512,16.888767,14.191351
13.9,1.9461663,7.6649404,1.2282757,16.848883,14.213318
13.91,1.9504647,7.6843185,1.2240037,16.808996,14.235294
13.92,1.9547706,7.703733,1.2197378,16.769112,14.257259
13.93,1.9590831,7.7232137,1.215478,16.729246,14.279215
13.94,1.9634011,7.742736,1.2112235,16.689386,14.301168
13.95,1.9677265,7.7622905,1.2069741,16.64953,14.323117
13.96,1.972058,7.7818975,1.2027314,16.60968,14.34505
13.97,1.976397,7.801551,1.1984924,16.569838,14.366994
13.98,1.9807415,7.8212414,1.1942612,16.530006,14.388917
13.99,1.9850945,7.840997,1.1900342,16.490183,14.41084
14.0,1.9894531,7.860782,1.1858126,16.45037,14.432758
14.01,1.9938185,7.8806167,1.1815985,16.410566,14.454664
14.02,1.9981906,7.9004974,1.1773885,16.370773,14.476567
14.03,2.0025694,7.920428,1.1731858,16.330984,14.498464
14.04,2.0069559,7.9404044,1.1689883,16.291212,14.52035
14.05,2.0113478,7.9604197,1.1647961,16.251442,14.542232
14.06,2.0157468,7.980488,1.1606098,16.211687,14.564106
14.07,2.0201528,8.000601,1.156431,16.171946,14.585967
14.08,2.024565,8.020756,1.1522567,16.132206,14.607824
14.09,2.028984,8.040965,1.148089,16.092482,14.62968
14.1,2.0334098,8.061204,1.1439261,16.052767,14.651522
14.11,2.0378413,8.081502,1.1397709,16.01307,14.673353
14.12,2.0422816,8.101852,1.1356211,15.973382,14.69518
14.13,2.0467277,8.122242,1.1314777,15.9337015,14.716995
14.14,2.0511792,8.142671,1.1273396,15.894035,14.7388115
14.15,2.0556386,8.163151,1.1232092,15.854389,14.760603
14.16,2.0601046,8.18368,1.1190827,15.814747,14.782398
14.17,2.0645778,8.204264,1.1149641,15.775135,14.804182
14.18,2.069056,8.224882,1.1108515,15.735513,14.825958
14.19,2.0735424,8.245545,1.1067449,15.695912,14.847722
14.2,2.0780358,8.266272,1.1026454,15.656332,14.8694725
14.21,2.0825336,8.287026,1.0985521,15.616764,14.891218
14.22,2.0870416,8.307845,1.0944642,15.577209,14.912955
14.23,2.091553,8.32869,1.0903834,15.537663,14.934687
14.24,2.096073,8.349597,1.0863087,15.498141,14.956397
14.25,2.1005983,8.37055,1.0822409,15.458634,14.9781
14.26,2.1051314,8.39155,1.078179,15.419137,14.999799
14.27,2.1096702,8.412581,1.0741235,15.37965,15.021482
14.28,2.1142151,8.433678,1.0700758,15.340192,15.043159
14.29,2.1187675,8.454814,1.0660338,15.300743,15.064819
14.3,2.1233275,8.475995,1.061998,15.261317,15.086469
14.31,2.1278932,8.497229,1.0579699,15.221902,15.108113
14.32,2.1324646,8.518502,1.0539478,15.182509,15.129744
14.33,2.1370451,8.53983,1.0499322,15.143129,15.151365
14.34,2.1416302,8.561209,1.045924,15.103772,15.172966
14.35,2.1462226,8.582622,1.0419209,15.064419,15.194571
14.36,2.150821,8.604094,1.0379272,15.025108,15.216147
14.37,2.1554265,8.6256075,1.0339385,14.985792,15.237717
14.38,2.160039,8.647171,1.0299568,14.946509,15.259283
14.39,2.164658,8.668777,1.0259823,14.907239,15.280826
14.4,2.169283,8.690438,1.0220159,14.867998,15.302361
14.41,2.1739142,8.7121315,1.0180538,14.82876,15.323889
14.42,2.1785543,8.733888,1.0140998,14.78955,15.345401
14.43,2.1831992,8.755687,1.0101527,14.750356,15.366905
14.44,2.18785,8.777536,1.0062134,14.711196,15.388375
14.45,2.1925087,8.799421,1.0022801,14.67204,15.409853
14.46,2.197175,8.821372,0.9983535,14.632911,15.4313135
14.47,2.201846,8.843361,0.99443555,14.593804,15.452752
14.48,2.2065241,8.865387,0.9905231,14.554714,15.474186
14.49,2.2112083,8.8874655,0.986618,14.515651,15.495611
14.5,2.2159007,8.909601,0.98272055,14.476609,15.517011
14.51,2.2205985,8.931783,0.9788299,14.437584,15.5384035
14.52,2.2253036,8.954008,0.97494745,14.398591,15.559783
14.53,2.2300148,8.976283,0.9710706,14.359616,15.581139
14.54,2.2347305,8.998594,0.96720225,14.320669,15.60249
14.55,2.2394562,9.020979,0.96334124,14.281737,15.623825
14.56,2.2441862,9.043384,0.959486,14.2428255,15.645144
14.57,2.2489228,9.06585,0.9556395,14.203951,15.666441
14.58,2.253667,9.0883665,0.95180035,14.165097,15.687729
14.59,2.258418,9.110923,0.94796777,14.126258,15.709002
14.6,2.2631743,9.133524,0.94414246,14.087442,15.730259
14.61,2.2679377,9.156182,0.94032514,14.048659,15.751503
14.62,2.272707,9.178881,0.9365153,14.009903,15.772731
14.63,2.2774837,9.201628,0.9327125,13.971166,15.793943
14.64,2.282267,9.224441,0.9289172,13.932463,15.815136
14.65,2.2870564,9.247282,0.92513055,13.8937845,15.836313
14.66,2.2918527,9.270176,0.92134994,13.855127,15.857471
14.67,2.2966557,9.293113,0.91757673,13.816492,15.878627
14.68,2.3014648,9.316108,0.9138121,13.77789,15.899758
14.69,2.3062809,9.339147,0.9100548,13.739317,15.920868
14.7,2.3111024,9.362232,0.9063052,13.700767,15.941968
14.71,2.3159313,9.3853655,0.9025625,13.662248,15.963047
14.72,2.3207662,9.408536,0.8988283,13.623748,15.984107
14.73,2.3256075,9.431772,0.89510155,13.585287,16.005156
14.74,2.3304553,9.455048,0.8913823,13.546855,16.02618
14.75,2.335311,9.478376,0.88767046,13.508439,16.0472
14.76,2.3401713,9.501754,0.8839678,13.470067,16.068186
14.77,2.3450382,9.525169,0.88027066,13.431713,16.08916
14.78,2.3499122,9.548636,0.87658334,13.393397,16.110119
14.79,2.354793,9.572151,0.87290233,13.355095,16.131062
14.8,2.3596797,9.595721,0.86923033,13.316839,16.151978
14.81,2.3645735,9.619336,0.865566,13.278606,16.172884
14.82,2.3694732,9.642994,0.86190915,13.240413,16.193766
14.83,2.3743782,9.666704,0.8582601,13.202234,16.214624
14.84,2.3792915,9.690459,0.85461915,13.164095,16.235476
14.85,2.3842096,9.714257,0.85098577,13.125982,16.256306
14.86,2.3891346,9.7381115,0.84736097,13.087914,16.277111
14.87,2.3940668,9.762018,0.8437439,13.049866,16.297901
14.88,2.3990047,9.785968,0.8401352,13.011852,16.318666
14.89,2.403949,9.809961,0.83653367,12.973875,16.33942
14.9,2.4089,9.834007,0.83294094,12.935926,16.360147
14.91,2.413857,9.858107,0.8293561,12.89802,16.380856
14.92,2.4188213,9.882244,0.82577896,12.860128,16.401552
14.93,2.4237914,9.906439,0.82220984,12.822285,16.422222
14.94,2.4287665,9.93067,0.81864893,12.784465,16.442867
14.95,2.4337502,9.954949,0.81509644,12.746688,16.463495
14.96,2.4387398,9.979291,0.81155235,12.708946,16.484108
14.97,2.443736,10.003684,0.8080153,12.671228,16.5047
14.98,2.448737,10.028114,0.80448824,12.633562,16.525259
14.99,2.4537454,10.052582,0.80096805,12.595915,16.545807
15.0,2.45876,10.077117,0.7974566,12.558311,16.56633
15.01,2.4637797,10.101683,0.7939527,12.520736,16.586834
15.02,2.4688075,10.126305,0.79045796,12.483196,16.607319
15.03,2.4738405,10.15098,0.78697073,12.445697,16.62778
15.04,2.4788804,10.175698,0.7834915,12.408235,16.648216
15.05,2.4839256,10.200466,0.7800209,12.370805,16.668634
15.06,2.4889786,10.225289,0.7765591,12.333417,16.68903
15.07,2.494037,10.250142,0.77310604,12.296063,16.7094
15.08,2.4991026,10.275069,0.7696603,12.258753,16.729753
15.09,2.5041735,10.300028,0.7662231,12.221472,16.750076
15.1,2.5092504,10.325033,0.7627944,12.184229,16.770388
15.11,2.5143337,10.350084,0.75937444,12.147027,16.79067
15.12,2.5194228,10.375194,0.75596315,12.109863,16.810928
15.13,2.5245194,10.400349,0.75255924,12.072735,16.83116
15.14,2.529621,10.425538,0.74916404,12.035646,16.851376
15.15,2.5347302,10.450799,0.7457776,11.99859,16.871569
15.16,2.5398448,10.476101,0.7423998,11.961596,16.891733
15.17,2.5449655,10.501447,0.7390299,11.924622,16.911875
15.18,2.5500922,10.526837,0.7356688,11.887691,16.931997
15.19,2.5552244,10.552276,0.73231643,11.850804,16.952093
15.2,2.5603654,10.577776,0.728973,11.813958,16.972168
15.21,2.5655112,10.603315,0.72563726,11.77714,16.992212
15.22,2.5706627,10.628895,0.72231,11.740375,17.012236
15.23,2.5758197,10.654541,0.71899277,11.70366,17.032232
15.24,2.5809836,10.680225,0.71568274,11.666969,17.052208
15.25,2.5861537,10.705956,0.71238166,11.630328,17.072155
15.26,2.5913308,10.731738,0.70908904,11.593725,17.092087
15.27,2.5965128,10.757575,0.7058049,11.557163,17.111977
15.28,2.6017013,10.783442,0.70252955,11.520644,17.131853
15.29,2.6068952,10.809377,0.6992641,11.484181,17.151705
15.3,2.6120968,10.835355,0.6960058,11.447743,17.171534
15.31,2.6173031,10.8613825,0.6927565,11.411352,17.191332
15.32,2.6225157,10.8874445,0.6895162,11.37501,17.211113
15.33,2.6277351,10.913573,0.68628407,11.338708,17.230848
15.34,2.6329606,10.93975,0.68306136,11.302458,17.250576
15.35,2.6381907,10.965961,0.6798468,11.266237,17.270271
15.36,2.643428,10.992232,0.67664164,11.230075,17.289934
15.37,2.6486702,11.018549,0.67344487,11.193955,17.309578
15.38,2.65392,11.04491,0.6702566,11.157871,17.329195
15.39,2.6591756,11.071333,0.66707754,11.12184,17.34879
15.4,2.6644351,11.0977955,0.6639071,11.085851,17.368351
15.41,2.6697025,11.124297,0.66074514,11.049906,17.387886
15.42,2.674976,11.15087,0.65759236,11.014007,17.407396
15.43,2.680255,11.177478,0.65444815,10.978161,17.426882
15.44,2.6855395,11.204119,0.6513128,10.942343,17.44634
15.45,2.6908307,11.230832,0.6481869,10.90659,17.465757
15.46,2.6961272,11.257584,0.645069,10.870872,17.485167
15.47,2.7014298,11.284387,0.64195955,10.835203,17.504543
15.48,2.7067385,11.311251,0.6388609,10.799604,17.523878
15.49,2.7120528,11.338153,0.6357701,10.76403,17.5432
15.5,2.7173734,11.365105,0.6326874,10.728504,17.562492
15.51,2.7227013,11.392109,0.6296145,10.693032,17.58175
15.52,2.7280326,11.419155,0.62654966,10.657599,17.600988
15.53,2.7333708,11.446244,0.6234943,10.622222,17.6202
15.54,2.738715,11.473402,0.62044823,10.586898,17.63937
15.55,2.7440646,11.500596,0.61741066,10.551619,17.65852
15.56,2.7494197,11.527842,0.6143816,10.516385,17.677639
15.57,2.7547827,11.555141,0.6113629,10.481206,17.696737
15.58,2.7601488,11.582483,0.6083519,10.446076,17.71579
15.59,2.7655225,11.609872,0.6053497,10.410989,17.734827
15.6,2.7709002,11.63732,0.602357,10.375957,17.75382
15.61,2.7762876,11.664812,0.5993734,10.340977,17.772806
15.62,2.781677,11.692365,0.5963993,10.306052,17.791744
15.63,2.7870739,11.719953,0.5934333,10.271171,17.810658
15.64,2.7924762,11.747597,0.59047604,10.236331,17.829552
15.65,2.7978842,11.775282,0.5875284,10.201555,17.84841
15.66,2.8032975,11.80302,0.58458924,10.16683,17.867233
15.67,2.8087175,11.830806,0.5816589,10.132142,17.886034
15.68,2.8141415,11.858659,0.5787392,10.097532,17.904799
15.69,2.8195722,11.886535,0.5758271,10.062957,17.923538
15.7,2.8250098,11.914472,0.5729236,10.028427,17.942251
15.71,2.8304515,11.942463,0.57003003,9.993965,17.960922
15.72,2.8358974,11.970504,0.5671461,9.959553,17.979567
15.73,2.8413506,11.998594,0.5642703,9.925191,17.998186
15.74,2.8468108,12.0267315,0.5614033,9.890876,18.01678
15.75,2.8522751,12.054919,0.55854595,9.856624,18.03533
15.76,2.857747,12.083162,0.55569744,9.822426,18.053854
15.77,2.8632228,12.11145,0.55285794,9.788273,18.072348
15.78,2.8687043,12.139789,0.5500279,9.754182,18.090807
15.79,2.8741903,12.168166,0.5472066,9.720137,18.109236
15.8,2.8796828,12.196617,0.5443943,9.68615,18.12764
15.81,2.8851814,12.225102,0.54159147,9.652218,18.146006
15.82,2.8906853,12.253645,0.53879696,9.618341,18.164341
15.83,2.896195,12.282233,0.5360117,9.584517,18.182638
15.84,2.9017112,12.310881,0.533236,9.550756,18.200909
15.85,2.907231,12.339568,0.530469,9.517036,18.219156
15.86,2.912756,12.36831,0.527712,9.483395,18.237364
15.87,2.9182882,12.397104,0.5249628,9.449786,18.255548
15.88,2.9238262,12.425951,0.52222306,9.416241,18.273687
15.89,2.9293683,12.4548435,0.5194931,9.382749,18.291805
15.9,2.9349153,12.483785,0.5167716,9.349317,18.309877
15.91,2.9404676,12.512775,0.51405907,9.315936,18.327929
15.92,2.946028,12.541826,0.51135606,9.282619,18.34595
15.93,2.9515922,12.570922,0.5086619,9.249359,18.36393
15.94,2.9571617,12.600079,0.5059776,9.216162,18.381878
15.95,2.9627364,12.629275,0.50330144,9.183009,18.399794
15.96,2.9683163,12.658535,0.5006351,9.149923,18.417685
15.97,2.9739032,12.687829,0.49797702,9.116882,18.435537
15.98,2.9794946,12.717196,0.4953289,9.083921,18.453358
15.99,2.9850907,12.746598,0.4926893,9.050997,18.471146
16.0,2.990692,12.776049,0.49005917,9.018138,18.488894
16.01,2.9962988,12.805559,0.48743793,8.985337,18.506615
16.02,3.0019114,12.835124,0.4848259,8.952598,18.5243
16.03,3.00753,12.864722,0.48222223,8.919907,18.541962
16.04,3.0131516,12.894392,0.47962868,8.887292,18.559574
16.05,3.0187793,12.9241085,0.4770444,8.854732,18.57716
16.06,3.0244122,12.953877,0.47446874,8.8222275,18.594717
16.07,3.0300522,12.983706,0.47190288,8.789786,18.61223
16.08,3.0356967,13.013563,0.46934465,8.757388,18.629711
16.09,3.0413454,13.043495,0.46679682,8.725074,18.647163
16.1,3.0470002,13.073468,0.46425685,8.692796,18.664589
16.11,3.0526595,13.103498,0.46172675,8.660597,18.681965
16.12,3.0583227,13.133573,0.45920596,8.628445,18.699316
16.13,3.063992,13.1637125,0.45669436,8.596369,18.716629
16.14,3.0696683,13.193907,0.45419154,8.564348,18.733913
16.15,3.0753477,13.224143,0.4516984,8.532392,18.75115
16.16,3.0810332,13.2544365,0.4492132,8.500481,18.768364
16.17,3.086724,13.284784,0.4467372,8.468643,18.78554
16.18,3.092418,13.315169,0.4442713,8.436858,18.802685
16.19,3.0981183,13.345633,0.44181406,8.405147,18.819794
16.2,3.1038234,13.376122,0.4393653,8.373483,18.836868
16.21,3.1095328,13.406677,0.43692645,8.341898,18.853909
16.22,3.1152496,13.43729,0.43449563,8.310359,18.870905
16.23,3.12097,13.467955,0.43207532,8.278895,18.887869
16.24,3.1266944,13.498673,0.42966318,8.247496,18.9048
16.25,3.132425,13.529448,0.42725992,8.216143,18.92171
16.26,3.1381612,13.560276,0.42486614,8.184864,18.93857
16.27,3.1439028,13.591141,0.4224808,8.153635,18.955395
16.28,3.1496465,13.62208,0.4201054,8.122494,18.972187
16.29,3.1553965,13.653055,0.41773775,8.091386,18.988949
16.3,3.1611524,13.684109,0.41538072,8.0603695,19.005663
16.31,3.1669097,13.715199,0.4130322,8.029402,19.022354
16.32,3.1726756,13.746345,0.4106925,7.9985013,19.038996
16.33,3.1784444,13.777544,0.40836152,7.967656,19.05561
16.34,3.1842191,13.808806,0.40603974,7.9368834,19.072187
16.35,3.1899989,13.840111,0.40372726,7.906174,19.088736
16.36,3.1957817,13.871471,0.40142292,7.8755236,19.105246
16.37,3.2015712,13.902891,0.39912868,7.8449445,19.121717
16.38,3.2073634,13.934359,0.3968435,7.81443,19.138155
16.39,3.2131603,13.965892,0.39456642,7.7839775,19.154547
16.4,3.2189648,13.997468,0.3922991,7.7535887,19.17091
16.41,3.224772,14.029112,0.39003965,7.7232604,19.187243
16.42,3.2305846,14.060803,0.3877905,7.693007,19.203527
16.43,3.236401,14.092553,0.38554913,7.662812,19.219791
16.44,3.2422225,14.124361,0.3833173,7.632687,19.236006
16.45,3.2480488,14.156215,0.3810945,7.6026244,19.25219
16.46,3.253879,14.188131,0.37888068,7.5726275,19.26833
16.47,3.2597136,14.2200985,0.37667534,7.542698,19.284441
16.48,3.2655551,14.252136,0.37447932,7.51284,19.300512
16.49,3.2713966,14.2842,0.3722918,7.48303,19.316551
16.5,3.2772474,14.31634,0.37011346,7.453296,19.332554
16.51,3.2831018,14.3485365,0.36794358,7.42363,19.348518
16.52,3.288959,14.380792,0.3657832,7.3940334,19.364445
16.53,3.2948215,14.413095,0.36363128,7.364498,19.380335
16.54,3.3006892,14.445451,0.36148864,7.3350344,19.396187
16.55,3.3065574,14.477866,0.359355,7.305634,19.411997
16.56,3.3124342,14.51033,0.35722926,7.276294,19.427786
16.57,3.3183155,14.542863,0.3551129,7.2470274,19.44353
16.58,3.324201,14.575455,0.35300592,7.2178316,19.459227
16.59,3.3300896,14.608103,0.350907,7.188702,19.4749
16.6,3.335982,14.640802,0.34881696,7.159627,19.490538
16.61,3.3418798,14.673568,0.34673592,7.130639,19.506128
16.62,3.347782,14.706387,0.3446641,7.1017094,19.521675
16.63,3.3536859,14.739238,0.34260073,7.072853,19.537203
16.64,3.359599,14.772177,0.3405456,7.044054,19.552689
16.65,3.3655128,14.805165,0.3384995,7.0153193,19.56813
16.66,3.3714318,14.838204,0.33646214,6.9866605,19.583542
16.67,3.3773544,14.871301,0.33443382,6.9580717,19.598915
16.68,3.3832827,14.904464,0.33241433,6.9295545,19.614243
16.69,3.3892133,14.937683,0.33040315,6.9010983,19.629538
16.7,3.3951504,14.970957,0.32840058,6.8727107,19.644794
16.71,3.401088,15.004276,0.32640702,6.8443975,19.660017
16.72,3.4070334,15.037675,0.3244222,6.816151,19.675201
16.73,3.4129808,15.071121,0.32244527,6.787966,19.69035
16.74,3.418933,15.104627,0.32047793,6.7598557,19.70546
16.75,3.4248896,15.138174,0.3185181,6.731805,19.720528
16.76,3.4308484,15.171815,0.31656793,6.7038326,19.735561
16.77,3.4368134,15.205488,0.3146257,6.675922,19.750557
16.78,3.4427826,15.239239,0.31269294,6.6480927,19.76552
16.79,3.4487536,15.273023,0.31076765,6.620318,19.780441
16.8,3.454729,15.306873,0.30885234,6.592631,19.795313
16.81,3.4607103,15.340805,0.30694515,6.56501,19.810156
16.82,3.466693,15.374776,0.30504602,6.537449,19.824976
16.83,3.4726818,15.408805,0.303155,6.5099525,19.839739
16.84,3.478673,15.442894,0.30127326,6.4825315,19.854477
16.85,3.48467,15.477045,0.2994001,6.455184,19.869162
16.86,3.490668,15.51126,0.29753497,6.427905,19.883821
16.87,3.4966712,15.54554,0.29567832,6.400696,19.898438
16.88,3.502677,15.579868,0.29383102,6.3735595,19.913013
16.89,3.508687,15.614242,0.2919909,6.3464856,19.927553
16.9,3.514702,15.648695,0.29015985,6.319485,19.94206
16.91,3.5207186,15.683206,0.28833693,6.292554,19.956522
16.92,3.526741,15.71777,0.28652266,6.2656946,19.970951
16.93,3.5327678,15.752406,0.28471676,6.238908,19.985338
16.94,3.5387974,15.787104,0.28291976,6.212189,19.999691
16.95,3.544828,15.821829,0.28112975,6.1855254,20.014008
16.96,3.5508633,15.8566475,0.27934968,6.1589656,20.028282
16.97,3.5569038,15.891513,0.27757683,6.132451,20.042511
16.98,3.562947,15.926451,0.275813,6.106019,20.056717
16.99,3.5689936,15.961446,0.274057,6.079648,20.070873
17.0,3.5750444,15.996491,0.2723092,6.0533504,20.084997
17.01,3.5810974,16.031605,0.27056968,6.027127,20.099085
17.02,3.5871549,16.066774,0.26883885,6.000971,20.113111
17.03,3.5932178,16.10202,0.26711592,5.9748926,20.127134
17.04,3.59928,16.137308,0.26540136,5.9488792,20.141102
17.05,3.6053472,16.17265,0.26369503,5.922934,20.155025
17.06,3.6114175,16.208073,0.26199636,5.8970656,20.168917
17.07,3.6174912,16.243551,0.26030582,5.8712626,20.182774
17.08,3.6235707,16.279102,0.258624,5.845535,20.196589
17.09,3.629651,16.314705,0.25695014,5.819879,20.210367
17.1,3.635735,16.35036,0.2552839,5.794287,20.224102
17.11,3.6418238,16.386087,0.2536266,5.7687764,20.2378
17.12,3.6479127,16.421879,0.25197673,5.743329,20.251461
17.13,3.6540062,16.457718,0.25033593,5.7179666,20.265078
17.14,3.660103,16.493622,0.24870199,5.6926575,20.278671
17.15,3.6662035,16.529587,0.24707651,5.66743,20.29221
17.16,3.6723058,16.565622,0.24545906,5.6422715,20.30572
17.17,3.6784143,16.601734,0.24384922,5.6171827,20.319191
17.18,3.684522,16.63789,0.2422477,5.5921683,20.332619
17.19,3.6906357,16.6741,0.2406542,5.5672235,20.346003
17.2,3.69675,16.710382,0.23906885,5.5423565,20.359356
17.21,3.702867,16.746729,0.23749131,5.517554,20.372675
17.22,3.7089896,16.783134,0.23592092,5.492822,20.385954
17.23,3.7151148,16.819605,0.23435938,5.468171,20.399185
17.24,3.7212412,16.85614,0.23280492,5.4435825,20.412384
17.25,3.7273717,16.892733,0.23125814,5.4190617,20.425552
17.26,3.733506,16.929386,0.22971949,5.394609,20.438679
17.27,3.739642,16.966116,0.22818878,5.370243,20.451757
17.28,3.7457805,17.002905,0.22666545,5.345937,20.464804
17.29,3.7519228,17.039751,0.22515056,5.3217154,20.477802
17.3,3.758067,17.076649,0.22364314,5.2975597,20.490765
17.31,3.7642136,17.113623,0.22214332,5.2734766,20.503698
17.32,3.7703638,17.150671,0.22065113,5.2494593,20.516594
17.33,3.7765172,17.187767,0.21916637,5.2255154,20.529436
17.34,3.7826734,17.224941,0.21769,5.2016525,20.542252
17.35,3.7888315,17.262175,0.21622024,5.177848,20.555037
17.36,3.7949913,17.299454,0.21475837,5.1541123,20.567766
17.37,3.801155,17.336803,0.21330492,5.13047,20.580465
17.38,3.8073199,17.37421,0.21185851,5.1068807,20.593119
17.39,3.8134887,17.411709,0.21041918,5.083371,20.605747
17.4,3.8196604,17.449247,0.20898771,5.059925,20.618324
17.41,3.8258348,17.486872,0.20756403,5.036563,20.630869
17.42,3.83201,17.524532,0.20614703,5.0132575,20.643375
17.43,3.8381884,17.562273,0.20473827,4.9900346,20.65584
17.44,3.8443704,17.600079,0.20333682,4.9668803,20.668274
17.45,3.8505545,17.637949,0.20194295,4.943808,20.680655
17.46,3.8567388,17.675856,0.2005554,4.9207835,20.693018
17.47,3.8629282,17.713867,0.19917625,4.897847,20.705324
17.48,3.8691175,17.751923,0.19780442,4.874983,20.717598
17.49,3.8753114,17.790047,0.1964399,4.852187,20.729826
17.5,3.881507,17.828226,0.1950819,4.829456,20.742023
17.51,3.887704,17.86649,0.19373181,4.8068075,20.754177
17.52,3.8939037,17.904818,0.19238909,4.7842326,20.766304
17.53,3.9001064,17.943195,0.19105347,4.761714,20.778383
17.54,3.9063103,17.981636,0.18972476,4.7392735,20.790432
17.55,3.9125154,18.020147,0.18840365,4.7169104,20.802439
17.56,3.9187255,18.058744,0.18709025,4.6946263,20.814402
17.57,3.924937,18.097383,0.1857831,4.6724,20.826324
17.58,3.9311497,18.13609,0.1844832,4.6502423,20.838217
17.59,3.9373643,18.174858,0.18319054,4.6281586,20.850069
17.6,3.943581,18.21369,0.1819044,4.6061397,20.86188
17.61,3.9498003,18.25259,0.18062568,4.5842037,20.87365
17.62,3.9560223,18.291567,0.17935447,4.562341,20.8854
17.63,3.9622443,18.330591,0.17808954,4.5405364,20.897089
17.64,3.9684665,18.369684,0.17683206,4.518813,20.908749
17.65,3.9746947,18.408852,0.17558177,4.497163,20.920366
17.66,3.980923,18.448076,0.17433749,4.4755697,20.931953
17.67,3.987155,18.487373,0.17310062,4.4540563,20.9435
17.68,3.9933887,18.526745,0.17187124,4.432624,20.954996
17.69,3.9996219,18.566168,0.17064777,4.4112496,20.966467
17.7,4.005858,18.605658,0.16943151,4.389946,20.977898
17.71,4.012095,18.645214,0.16822258,4.368723,20.989279
17.72,4.0183353,18.684837,0.16702001,4.347567,21.00063
17.73,4.0245767,18.724522,0.16582383,4.3264656,21.011953
17.74,4.03082,18.764294,0.16463524,4.3054695,21.023224
17.75,4.037064,18.804113,0.16345288,4.2845125,21.03446
17.76,4.0433106,18.843988,0.16227664,4.263632,21.045673
17.77,4.049559,18.883945,0.1611075,4.2428236,21.056837
17.78,4.055808,18.923971,0.15994531,4.2220902,21.067951
17.79,4.06206,18.96404,0.15878971,4.2014265,21.079044
17.8,4.068312,19.004198,0.15764089,4.180833,21.090084
17.81,4.074566,19.044415,0.15649799,4.1603103,21.101091
17.82,4.080822,19.084694,0.15536186,4.139851,21.112066
17.83,4.0870795,19.125055,0.15423252,4.119472,21.123005
17.84,4.0933375,19.165464,0.15310965,4.0991573,21.133898
17.85,4.099599,19.20596,0.15199351,4.07892,21.14476
17.86,4.1058598,19.246498,0.15088288,4.0587373,21.15558
17.87,4.112124,19.287107,0.14977914,4.038629,21.166365
17.88,4.1183863,19.327787,0.14868248,4.018601,21.1771
17.89,4.124653,19.36855,0.1475922,3.9986465,21.187807
17.9,4.130919,19.409353,0.14650734,3.9787433,21.19848
17.91,4.137187,19.450232,0.1454288,3.9589117,21.209116
17.92,4.1434565,19.491182,0.1443572,3.9391623,21.21971
17.93,4.1497273,19.532192,0.14329137,3.919471,21.230263
17.94,4.1559997,19.573282,0.14223251,3.8998544,21.240782
17.95,4.162272,19.614435,0.14117908,3.8803046,21.251253
17.96,4.168546,19.655653,0.14013322,3.8608356,21.261702
17.97,4.174821,19.696924,0.13909236,3.8414302,21.27211
17.98,4.181096,19.738276,0.13805792,3.8220823,21.282478
17.99,4.187374,19.779678,0.13702928,3.8028054,21.292809
18.0,4.1936526,19.821167,0.13600735,3.783607,21.303095
18.01,4.199933,19.862722,0.13499126,3.7644715,21.313356
18.02,4.206214,19.90433,0.13398114,3.745406,21.323574
18.03,4.2124953,19.946024,0.1329772,3.726417,21.333748
18.04,4.218778,19.987764,0.13197872,3.7074764,21.343897
18.05,4.2250595,20.029577,0.13098729,3.688622,21.354004
18.06,4.231344,20.071453,0.13000168,3.6698396,21.364073
18.07,4.23763,20.113398,0.12902102,3.6511085,21.374104
18.08,4.2439165,20.155432,0.128047,3.6324565,21.384098
18.09,4.250203,20.197515,0.1270787,3.6138778,21.394053
18.1,4.2564917,20.239668,0.12611617,3.5953486,21.403976
18.11,4.262779,20.281876,0.1251593,3.576895,21.413855
18.12,4.269068,20.32416,0.12420854,3.5585063,21.423714
18.13,4.275357,20.36651,0.12326405,3.5402052,21.433508
18.14,4.2816486,20.408936,0.1223248,3.5219533,21.44329
18.15,4.2879386,20.451431,0.121391125,3.5037725,21.45302
18.16,4.294232,20.493969,0.12046331,3.4856575,21.462719
18.17,4.3005238,20.536606,0.11954201,3.4676244,21.472372
18.18,4.306816,20.579294,0.11862515,3.449636,21.482006
18.19,4.31311,20.622038,0.11771438,3.4317234,21.491583
18.2,4.319405,20.664879,0.11680948,3.413885,21.50114
18.21,4.3256984,20.707743,0.115909845,3.3961027,21.510653
18.22,4.3319936,20.750715,0.11501665,3.378404,21.520126
18.23,4.3382897,20.793722,0.11412765,3.360752,21.529573
18.24,4.3445854,20.836811,0.11324426,3.3431633,21.538977
18.25,4.350883,20.879988,0.11236783,3.3256686,21.548347
18.26,4.35718,20.923206,0.111495905,3.3082201,21.557684
18.27,4.3634768,20.966509,0.11062927,3.2908394,21.56697
18.28,4.3697767,21.009872,0.109768085,3.2735302,21.576233
18.29,4.3760757,21.053293,0.10891308,3.2562852,21.585451
18.3,4.3823714,21.096779,0.108062685,3.239104,21.594633
18.31,4.38867,21.140345,0.10721809,3.2219946,21.603779
18.32,4.3949695,21.183977,0.10637852,3.2049522,21.612898
18.33,4.4012675,21.22767,0.10554443,3.1879666,21.621979
18.34,4.407567,21.271433,0.10471541,3.1710393,21.631012
18.35,4.4138675,21.315275,0.103892,3.1542013,21.640018
18.36,4.4201684,21.35916,0.10307306,3.1373997,21.648985
18.37,4.4264684,21.403122,0.10225989,3.120681,21.65792
18.38,4.4327683,21.44716,0.10145231,3.104031,21.666819
18.39,4.4390674,21.491255,0.10064888,3.0874364,21.675688
18.4,4.445367,21.535433,0.099851795,3.0709143,21.684513
18.41,4.4516687,21.579672,0.099059254,3.0544558,21.693298
18.42,4.4579663,21.623966,0.09827161,3.0380566,21.702053
18.43,4.4642673,21.668358,0.097489685,3.0217314,21.71077
18.44,4.470569,21.712784,0.09671184,3.0054526,21.719452
18.45,4.4768677,21.757286,0.09593963,2.9892576,21.728094
18.46,4.4831657,21.801853,0.09517261,2.9731212,21.736708
18.47,4.4894676,21.846489,0.09441,2.9570405,21.745285
18.48,4.495768,21.891216,0.09365319,2.9410348,21.753826
18.49,4.502066,21.93598,0.09290032,2.925079,21.762333
18.5,4.5083647,21.980818,0.092152916,2.9091954,21.7708
18.51,4.514666,22.025726,0.09141005,2.893376,21.779243
18.52,4.5209646,22.0707,0.090672,2.8776157,21.78764
18.53,4.5272636,22.115765,0.089939564,2.8619294,21.79601
18.54,4.533561,22.160862,0.08921104,2.84629,21.804335
18.55,4.53986,22.206038,0.088487655,2.8307233,21.81263
18.56,4.546158,22.251286,0.08776943,2.8152244,21.820887
18.57,4.5524545,22.296589,0.087055445,2.799773,21.829119
18.58,4.558751,22.341976,0.08634649,2.7844005,21.8373
18.59,4.5650473,22.38742,0.085641794,2.7690804,21.84546
18.6,4.571346,22.432943,0.08494221,2.7538292,21.853582
18.61,4.577642,22.478521,0.08424693,2.7386322,21.861668
18.62,4.583935,22.524155,0.083556354,2.723497,21.869724
18.63,4.5902324,22.569885,0.08287134,2.7084424,21.877737
18.64,4.5965257,22.61564,0.08218898,2.693418,21.885717
18.65,4.6028194,22.661514,0.08151276,2.6784842,21.89366
18.66,4.6091127,22.707424,0.08084062,2.6635985,21.901587
18.67,4.615404,22.753405,0.08017262,2.648772,21.909466
18.68,4.6216974,22.79945,0.07950987,2.6340127,21.917301
18.69,4.627989,22.845575,0.07885162,2.6193218,21.925117
18.7,4.634278,22.891768,0.078196906,2.604674,21.932898
18.71,4.6405687,22.938019,0.07754761,2.5901065,21.94064
18.72,4.646859,22.984335,0.07690203,2.575585,21.948357
18.73,4.6531467,23.030718,0.07626126,2.5611277,21.956024
18.74,4.6594353,23.07717,0.07562465,2.546737,21.963667
18.75,4.665723,23.123686,0.07499232,2.5323946,21.97128
18.76,4.6720095,23.17028,0.07436428,2.5181227,21.978851
18.77,4.678293,23.21693,0.073740445,2.5039039,21.986397
18.78,4.6845794,23.263653,0.07312164,2.4897578,21.993902
18.79,4.6908627,23.310432,0.07250641,2.4756627,22.001366
18.8,4.697145,23.357296,0.071895376,2.4616282,22.008814
18.81,4.703428,23.404202,0.07128849,2.4476447,22.016218
18.82,4.709706,23.451195,0.07068609,2.4337263,22.023594
18.83,4.715989,23.498255,0.070088305,2.4198787,22.030928
18.84,4.7222667,23.545366,0.0694936,2.4060776,22.038237
18.85,4.7285438,23.592552,0.06890379,2.392333,22.045507
18.86,4.7348213,23.639812,0.068317965,2.378658,22.052753
18.87,4.741097,23.687134,0.0677362,2.365034,22.059961
18.88,4.7473717,23.734503,0.067158066,2.3514686,22.067148
18.89,4.753647,23.781967,0.066584624,2.3379686,22.07428
18.9,4.7599173,23.829472,0.06601471,2.324517,22.081402
18.91,4.7661896,23.877071,0.065449275,2.3111365,22.088484
18.92,4.7724595,23.924728,0.064887546,2.2978058,22.095518
18.93,4.7787294,23.972439,0.06432971,2.2845309,22.102533
18.94,4.7849956,24.020235,0.06377602,2.271324,22.109514
18.95,4.7912617,24.068077,0.06322591,2.2581637,22.116467
18.96,4.797527,24.115988,0.06268028,2.2450647,22.123375
18.97,4.8037906,24.16397,0.062138103,2.2320237,22.130268
18.98,4.810053,24.212019,0.061599933,2.2190409,22.137123
18.99,4.816315,24.260147,0.061065808,2.206116,22.143946
19.0,4.822575,24.30831,0.06053485,2.1932337,22.150732
19.01,4.8288326,24.356565,0.06000801,2.1804276,22.157488
19.02,4.8350897,24.404875,0.059485227,2.1676655,22.164217
19.03,4.8413467,24.453264,0.058965497,2.1549633,22.170902
19.04,4.847601,24.501717,0.05845069,2.1423302,22.177563
19.05,4.853851,24.550207,0.057938702,2.1297336,22.1842
19.06,4.8601036,24.5988,0.05743085,2.1172101,22.19079
19.07,4.866353,24.64744,0.056926377,2.1047356,22.19736
19.08,4.872602,24.696148,0.056425534,2.0923104,22.203897
19.09,4.8788476,24.74491,0.055928,2.0799356,22.210402
19.1,4.885092,24.793764,0.055435017,2.0676358,22.216877
19.11,4.891335,24.842669,0.054944858,2.055377,22.223318
19.12,4.8975787,24.89164,0.054458737,2.0431802,22.229736
19.13,4.903816,24.940666,0.053976245,2.0310402,22.236116
19.14,4.9100533,24.989775,0.053496882,2.0189512,22.24246
19.15,4.916289,25.038935,0.053020626,2.006912,22.248789
19.16,4.9225245,25.088152,0.052548446,1.9949263,22.255075
19.17,4.9287577,25.137455,0.05207988,1.9830028,22.261328
19.18,4.93499,25.186817,0.05161456,1.9711307,22.267557
19.19,4.941219,25.236263,0.051152788,1.9593154,22.273758
19.2,4.9474454,25.28575,0.05069478,1.9475546,22.27992
19.21,4.953671,25.33529,0.050239496,1.9358443,22.286058
19.22,4.959895,25.384928,0.0497887,1.9241973,22.29217
19.23,4.966115,25.434607,0.049340077,1.912588,22.29825
19.24,4.972336,25.484362,0.04889495,1.9010388,22.304295
19.25,4.9785523,25.534178,0.04845371,1.8895465,22.310312
19.26,4.9847703,25.584068,0.048015423,1.8781072,22.3163
19.27,4.990982,25.634016,0.047580287,1.8667177,22.322254
19.28,4.9971952,25.684023,0.047148757,1.855376,22.328184
19.29,5.003403,25.73411,0.046720862,1.8441061,22.334095
19.3,5.009609,25.784214,0.04629507,1.8328658,22.339952
19.31,5.015816,25.834429,0.04587321,1.8216835,22.345793
19.32,5.0220184,25.884703,0.045455106,1.8105633,22.351604
19.33,5.02822,25.93505,0.045039665,1.7994901,22.35739
19.34,5.0344186,25.985422,0.04462696,1.7884588,22.363142
19.35,5.0406146,26.035894,0.04421775,1.7774957,22.368858
19.36,5.0468082,26.086416,0.04381146,1.7665738,22.374565
19.37,5.053001,26.137016,0.043408595,1.7557095,22.380222
19.38,5.05919,26.187656,0.04300894,1.7448896,22.385864
19.39,5.065378,26.238373,0.042612117,1.7341284,22.39148
19.4,5.0715632,26.289164,0.04221856,1.7234161,22.397057
19.41,5.0777464,26.340006,0.041827783,1.712753,22.402613
19.42,5.0839252,26.390926,0.041440632,1.7021493,22.408136
19.43,5.0901046,26.441896,0.041055493,1.6915822,22.413635
19.44,5.0962815,26.492926,0.040673647,1.6810625,22.4191
19.45,5.102455,26.544025,0.040295202,1.670608,22.424536
19.46,5.108623,26.595173,0.0399191,1.6601939,22.429955
19.47,5.1147923,26.646408,0.039546497,1.6498352,22.435335
19.48,5.120957,26.697695,0.039176643,1.639526,22.440693
19.49,5.1271205,26.749046,0.038809896,1.629269,22.446012
19.5,5.133281,26.800472,0.038446125,1.619061,22.451317
19.51,5.139437,26.851946,0.03808406,1.6088892,22.456593
19.52,5.145593,26.903498,0.037726097,1.5987841,22.461834
19.53,5.1517477,26.9551,0.0373707,1.5887233,22.467058
19.54,5.1578984,27.006767,0.03701826,1.5787102,22.47225
19.55,5.164042,27.058481,0.036667913,1.5687438,22.47741
19.56,5.170189,27.1103,0.036321275,1.5588319,22.48255
19.57,5.17633,27.162132,0.03597623,1.5489558,22.48766
19.58,5.1824694,27.214048,0.035634834,1.5391369,22.49274
19.59,5.188606,27.266045,0.03529611,1.5293702,22.497797
19.6,5.194738,27.31808,0.03496021,1.5196487,22.502829
19.61,5.2008696,27.37019,0.03462652,1.5099685,22.507835
19.62,5.206997,27.422361,0.034295745,1.5003457,22.512814
19.63,5.2131205,27.474588,0.03396816,1.4907724,22.517763
19.64,5.2192435,27.526888,0.0336426,1.4812443,22.522692
19.65,5.2253613,27.579227,0.033319727,1.4717534,22.527592
19.66,5.2314777,27.631641,0.032999627,1.4623176,22.532457
19.67,5.237591,27.684118,0.032681815,1.4529232,22.537304
19.68,5.2436996,27.736673,0.032366768,1.443585,22.54212
19.69,5.2498074,27.78926,0.032054625,1.4342828,22.546928
19.7,5.255912,27.841932,0.031744495,1.4250342,22.551693
19.71,5.2620125,27.894646,0.031437658,1.4158406,22.556433
19.72,5.268111,27.947433,0.031132847,1.406688,22.561152
19.73,5.2742057,28.000284,0.030830389,1.3975729,22.565836
19.74,5.2802963,28.053196,0.030530792,1.3885113,22.570515
19.75,5.2863846,28.106174,0.030233584,1.3794967,22.57515
19.76,5.292471,28.159208,0.02993856,1.3705256,22.579773
19.77,5.298553,28.212294,0.029645925,1.3615925,22.58435
19.78,5.304632,28.265455,0.029356085,1.352713,22.588923
19.79,5.3107057,28.318655,0.029068619,1.3438789,22.593472
19.8,5.3167796,28.371933,0.028783727,1.3350959,22.597977
19.81,5.322847,28.425257,0.028500779,1.326349,22.602482
19.82,5.328912,28.47867,0.028220527,1.3176438,22.606945
19.83,5.3349743,28.53213,0.027942508,1.3089956,22.611382
19.84,5.341033,28.585651,0.027666632,1.3003821,22.615808
19.85,5.347088,28.639204,0.027393242,1.291815,22.62019
19.86,5.3531413,28.692863,0.027122427,1.2832992,22.624567
19.87,5.35919,28.746563,0.026853202,1.2748172,22.628918
19.88,5.365234,28.800312,0.02658721,1.2663836,22.633236
19.89,5.3712754,28.854137,0.026323136,1.2580063,22.637537
19.9,5.377311,28.908003,0.026060808,1.249653,22.64181
19.91,5.3833475,28.961943,0.025800766,1.2413523,22.646059
19.92,5.389379,29.015955,0.025543706,1.2330933,22.650284
19.93,5.395406,29.070004,0.025287952,1.2248796,22.654491
19.94,5.4014277,29.124119,0.025035135,1.2167119,22.65867
19.95,5.4074516,29.178312,0.02478408,1.2085826,22.66283
19.96,5.4134645,29.232546,0.024535406,1.2005002,22.66696
19.97,5.4194775,29.286816,0.024288775,1.1924537,22.67107
19.98,5.425485,29.341187,0.024044186,1.1844556,22.675158
19.99,5.431491,29.395597,0.02380175,1.176502,22.679216
20.0,5.4374933,29.45009,0.023561094,1.1685874,22.683264
20.01,5.44349,29.504631,0.023323469,1.160721,22.68728
20.02,5.449487,29.559216,0.023087526,1.1528907,22.691278
20.03,5.455476,29.613874,0.022853244,1.1451025,22.695248
20.04,5.461462,29.668583,0.022621272,1.1373566,22.6992
20.05,5.4674416,29.723343,0.022391148,1.1296529,22.70313
20.06,5.4734225,29.778172,0.022163253,1.1219842,22.707039
20.07,5.479397,29.833061,0.021937143,1.1143618,22.71092
20.08,5.4853673,29.888014,0.02171379,1.1067898,22.714785
20.09,5.4913335,29.943014,0.02149164,1.0992526,22.718622
20.1,5.4972982,29.998085,0.021271404,1.0917528,22.722445
20.11,5.5032554,30.053196,0.021053422,1.0842953,22.726236
20.12,5.509211,30.108383,0.020837119,1.0768802,22.730003
20.13,5.515159,30.1636,0.02062314,1.0695018,22.733763
20.14,5.521107,30.218914,0.020410737,1.0621717,22.737497
20.15,5.5270495,30.274248,0.020200323,1.0548706,22.741205
20.16,5.532987,30.329683,0.019991923,1.047625,22.744894
20.17,5.5389223,30.38514,0.019785022,1.0404088,22.748554
20.18,5.544854,30.440674,0.01958033,1.033231,22.752203
20.19,5.55078,30.49625,0.019377058,1.0260931,22.755835
20.2,5.5566993,30.551903,0.019176107,1.0189991,22.759436
20.21,5.562618,30.6076,0.01897716,1.0119518,22.763018
20.22,5.568529,30.663343,0.018779477,1.0049294,22.76658
20.23,5.574439,30.719175,0.018583728,0.9979544,22.77012
20.24,5.580345,30.775036,0.018389683,0.9910127,22.773642
20.25,5.586245,30.830963,0.018197339,0.9841119,22.777145
20.26,5.592142,30.886955,0.01800729,0.97725827,22.780617
20.27,5.598033,30.942997,0.017818255,0.9704285,22.78408
20.28,5.6039205,30.999104,0.017631643,0.96365327,22.787518
20.29,5.609802,31.05527,0.017446063,0.9569035,22.790937
20.3,5.615683,31.111454,0.017262226,0.95019525,22.794342
20.31,5.621556,31.167742,0.017080594,0.9435271,22.797714
20.32,5.6274242,31.224058,0.016900603,0.93689734,22.801077
20.33,5.6332903,31.280436,0.016722223,0.93030655,22.804413
20.34,5.6391506,31.336897,0.016545128,0.9237545,22.807735
20.35,5.645009,31.393396,0.016369943,0.9172384,22.811035
20.36,5.65086,31.449947,0.016196385,0.91075766,22.814308
20.37,5.656707,31.506565,0.01602439,0.90431094,22.817577
20.38,5.662549,31.563206,0.015853722,0.89790356,22.820814
20.39,5.668388,31.619938,0.015685054,0.89154094,22.824038
20.4,5.674223,31.676716,0.015517861,0.88520736,22.827242
20.41,5.680049,31.733547,0.015352109,0.8789093,22.830421
20.42,5.685873,31.790426,0.0151879005,0.8726488,22.833582
20.43,5.6916943,31.84738,0.015025567,0.8664311,22.836737
20.44,5.697509,31.904398,0.01486475,0.8602528,22.839857
20.45,5.7033176,31.961435,0.014704846,0.85408825,22.842981
20.46,5.709125,32.018547,0.014546783,0.8479838,22.846054
20.47,5.714925,32.075718,0.01439042,0.84191054,22.84913
20.48,5.7207203,32.13293,0.014235105,0.83585775,22.85219
20.49,5.726512,32.190224,0.014081929,0.8298613,22.855219
20.5,5.7323,32.24755,0.013929235,0.8238792,22.858227
20.51,5.7380795,32.30495,0.01377879,0.8179506,22.861225
20.52,5.7438564,32.362396,0.013629557,0.81204903,22.864204
20.53,5.749628,32.4199,0.013481405,0.8061829,22.867165
20.54,5.755397,32.47745,0.013335456,0.8003627,22.87011
20.55,5.7611556,32.53505,0.013190212,0.7945548,22.873022
20.56,5.7669134,32.592716,0.01304642,0.7887974,22.875948
20.57,5.7726655,32.65044,0.012904242,0.78307176,22.878834
20.58,5.778416,32.70823,0.012763993,0.77738816,22.881699
20.59,5.7841563,32.766052,0.012623914,0.7717226,22.884554
20.6,5.7898946,32.823933,0.012485936,0.7661058,22.88739
20.61,5.795626,32.88187,0.01234855,0.76050794,22.890215
20.62,5.8013525,32.939865,0.012213423,0.75495267,22.893011
20.63,5.807073,32.997894,0.012079136,0.7494322,22.8958
20.64,5.812792,33.056007,0.011946069,0.7439417,22.898571
20.65,5.8185043,33.114166,0.011814685,0.7384888,22.901318
20.66,5.82421,33.172375,0.011683969,0.73306537,22.904053
20.67,5.829914,33.230637,0.01155556,0.7276874,22.906773
20.68,5.83561,33.288963,0.01142746,0.7223275,22.909473
20.69,5.841299,33.347336,0.011300643,0.7170013,22.912153
20.7,5.846988,33.405773,0.01117519,0.7117135,22.91482
20.71,5.852669,33.46424,0.011051344,0.70645833,22.91747
20.72,5.858344,33.522774,0.010928957,0.7012388,22.920107
20.73,5.864016,33.58137,0.010807207,0.6960452,22.92272
20.74,5.8696795,33.64001,0.010686459,0.69088244,22.925318
20.75,5.8753405,33.698704,0.010567045,0.68575644,22.927906
20.76,5.880996,33.757458,0.010449015,0.6806627,22.93047
20.77,5.8866463,33.816277,0.010332056,0.6755976,22.93303
20.78,5.892291,33.87512,0.010216163,0.6705624,22.935568
20.79,5.8979297,33.934032,0.010101728,0.6655651,22.938086
20.8,5.903563,33.993004,0.009988239,0.6605974,22.940596
20.81,5.909193,34.05201,0.009875782,0.6556638,22.943083
20.82,5.9148154,34.111084,0.009764616,0.6507539,22.945557
20.83,5.920434,34.17022,0.0096545,0.64587814,22.948013
20.84,5.926047,34.22938,0.00954525,0.641033,22.95045
20.85,5.931653,34.288624,0.009437352,0.6362219,22.952879
20.86,5.9372544,34.347897,0.0093305,0.63143504,22.955288
20.87,5.942848,34.40723,0.009224664,0.62668866,22.957685
20.88,5.948441,34.466637,0.009119779,0.62196946,22.960068
20.89,5.9540257,34.526073,0.009016233,0.6172735,22.962433
20.9,5.959605,34.585564,0.008913434,0.6126111,22.96479
20.91,5.96518,34.645123,0.008812436,0.6079886,22.96712
20.92,5.97075,34.704727,0.008711093,0.6033818,22.969435
20.93,5.976312,34.76438,0.0086113345,0.59880805,22.97175
20.94,5.9818683,34.824097,0.008513082,0.5942721,22.97404
20.95,5.9874215,34.883835,0.008415267,0.58975196,22.976313
20.96,5.992969,34.94366,0.008318925,0.5852754,22.978573
20.97,5.9985094,35.00352,0.008223457,0.5808215,22.980816
20.98,6.0040436,35.06345,0.008129045,0.576402,22.983051
20.99,6.009575,35.123432,0.008035193,0.5720061,22.985273
21.0,6.015099,35.18345,0.00794221,0.5676353,22.987473
21.01,6.0206165,35.24355,0.007850479,0.56329465,22.989666
21.02,6.0261297,35.303646,0.0077593676,0.5589822,22.991842
21.03,6.031639,35.36385,0.007669672,0.5547062,22.994009
21.04,6.037139,35.424076,0.007580454,0.55045354,22.99615
21.05,6.0426345,35.484344,0.0074927015,0.54622966,22.998285
21.06,6.0481253,35.544674,0.0074050366,0.5420258,23.000399
21.07,6.0536094,35.605083,0.0073189894,0.537864,23.002508
21.08,6.059085,35.665516,0.007233419,0.5337226,23.004597
21.09,6.064561,35.726013,0.007148702,0.5296072,23.006676
21.1,6.0700283,35.78657,0.0070653497,0.5255238,23.008741
21.11,6.07549,35.847164,0.006982273,0.5214638,23.010786
21.12,6.080947,35.90783,0.0069003445,0.51743585,23.012827
21.13,6.0863943,35.96853,0.0068193497,0.51343846,23.014854
21.14,6.091839,36.02927,0.0067388453,0.50945055,23.016861
21.15,6.097278,36.090096,0.006659718,0.50551295,23.018867
21.16,6.102709,36.150948,0.006580945,0.5015817,23.020847
21.17,6.1081347,36.21187,0.006502731,0.49768704,23.022825
21.18,6.113558,36.272823,0.006425702,0.49381715,23.024776
21.19,6.1189723,36.333847,0.0063496456,0.4899739,23.02672
21.2,6.124381,36.3949,0.0062737986,0.48614967,23.02865
21.21,6.1297827,36.45602,0.0061991354,0.48236752,23.030567
21.22,6.1351805,36.51718,0.0061254045,0.47860336,23.032475
21.23,6.140572,36.578392,0.0060523096,0.4748655,23.034359
21.24,6.1459565,36.639668,0.00597993,0.47115266,23.036245
21.25,6.1513367,36.701027,0.0059084166,0.4674649,23.038113
21.26,6.15671,36.762386,0.0058374368,0.46380427,23.039976
21.27,6.162078,36.82382,0.005767516,0.46016985,23.041822
21.28,6.16744,36.885292,0.00569788,0.45655566,23.043648
21.29,6.1727967,36.94682,0.00562933,0.4529703,23.045477
21.3,6.178143,37.00842,0.005561091,0.4494111,23.047281
21.31,6.1834884,37.07006,0.0054935813,0.4458655,23.049072
21.32,6.188826,37.131706,0.005427324,0.4423627,23.050848
21.33,6.1941576,37.193466,0.005361313,0.4388752,23.052626
21.34,6.1994843,37.25527,0.0052960915,0.43540925,23.054382
21.35,6.204803,37.3171,0.0052314587,0.4319719,23.05613
21.36,6.2101173,37.37899,0.0051679416,0.4285612,23.057858
21.37,6.2154226,37.44094,0.0051046815,0.42518127,23.059582
21.38,6.2207236,37.50292,0.005042022,0.42180628,23.061293
21.39,6.2260175,37.564964,0.004979929,0.4184658,23.062988
21.4,6.23131,37.62707,0.0049191182,0.41514903,23.064686
21.41,6.2365923,37.689198,0.004858396,0.41185975,23.066359
21.42,6.2418685,37.75142,0.004798226,0.40858388,23.068018
21.43,6.247141,37.81369,0.0047392817,0.40534094,23.069677
21.44,6.2524047,37.87597,0.0046803337,0.40211356,23.071312
21.45,6.257664,37.938324,0.0046223346,0.39891273,23.07294
21.46,6.2629156,38.000706,0.004564762,0.39573422,23.074554
21.47,6.268162,38.06317,0.004507956,0.39258203,23.07617
21.48,6.2734027,38.125683,0.0044516204,0.3894537,23.077774
21.49,6.278635,38.18824,0.0043960316,0.38634175,23.079355
21.5,6.283865,38.25087,0.004341406,0.3832581,23.080935
21.51,6.2890863,38.313515,0.004286648,0.38019788,23.08249
21.52,6.2943015,38.376225,0.0042323824,0.3771497,23.084047
21.53,6.2995095,38.43898,0.004179311,0.3741359,23.085594
21.54,6.304715,38.501793,0.004126488,0.37113446,23.087109
21.55,6.309908,38.564632,0.0040740594,0.368159,23.088636
21.56,6.3150997,38.627556,0.004022181,0.36520344,23.090153
21.57,6.3202844,38.690525,0.003971248,0.36227512,23.091644
21.58,6.325463,38.753555,0.0039203176,0.35936072,23.093136
21.59,6.330634,38.816605,0.0038701855,0.3564678,23.094618
21.6,6.335799,38.879734,0.0038208803,0.35360396,23.096085
21.61,6.340959,38.942898,0.0037717111,0.35075992,23.097532
21.62,6.346112,39.006126,0.0037233513,0.34793606,23.098982
21.63,6.3512573,39.069378,0.00367524,0.34513178,23.100416
21.64,6.356396,39.13271,0.0036274996,0.34234667,23.101854
21.65,6.3615317,39.196075,0.0035806978,0.33958623,23.103264
21.66,6.366658,39.259487,0.0035343282,0.33683962,23.104677
21.67,6.3717804,39.322983,0.0034878189,0.3341173,23.106071
21.68,6.3768992,39.38653,0.0034422996,0.3314168,23.107456
21.69,6.3820043,39.450066,0.0033973716,0.32873437,23.108839
21.7,6.387106,39.513714,0.0033534206,0.32609048,23.110195
21.71,6.3922014,39.57737,0.0033087023,0.32344005,23.111553
21.72,6.3972936,39.641098,0.0032648211,0.32081658,23.112904
21.73,6.4023733,39.70486,0.0032217177,0.3182152,23.114243
21.74,6.4074507,39.768703,0.0031791143,0.31563517,23.115572
21.75,6.4125233,39.832577,0.0031368611,0.31307405,23.116879
21.76,6.417589,39.896515,0.0030952087,0.31053627,23.118198
21.77,6.422647,39.960514,0.0030537061,0.30801246,23.119486
21.78,6.4276958,40.02454,0.0030126153,0.3055109,23.120779
21.79,6.432742,40.088615,0.002971881,0.3030254,23.12206
21.8,6.4377794,40.152725,0.002931689,0.30055228,23.12333
21.81,6.442812,40.216934,0.0028926758,0.29811952,23.12459
21.82,6.447837,40.281162,0.0028528497,0.2956808,23.125854
21.83,6.452857,40.34544,0.0028139902,0.29327726,23.127089
21.84,6.4578686,40.409775,0.0027757268,0.2908841,23.12832
21.85,6.462876,40.47416,0.002737593,0.28851226,23.129547
21.86,6.467873,40.538593,0.0027000625,0.28615913,23.130768
21.87,6.4728675,40.603092,0.0026627555,0.2838248,23.131979
21.88,6.4778566,40.66761,0.002626162,0.28151518,23.13318
21.89,6.4828353,40.73218,0.0025896654,0.27921188,23.134356
21.9,6.4878087,40.796837,0.002553436,0.2769335,23.13555
21.91,6.492775,40.86152,0.0025173295,0.2746623,23.136715
21.92,6.4977374,40.926243,0.0024822513,0.27241084,23.137886
21.93,6.5026913,40.99104,0.0024470305,0.27018076,23.139036
21.94,6.507638,41.05587,0.002412565,0.26797003,23.140186
21.95,6.5125813,41.120785,0.0023783064,0.26578516,23.141325
21.96,6.517516,41.185715,0.002344585,0.26360583,23.142452
21.97,6.522444,41.250698,0.002310888,0.26144707,23.143562
21.98,6.5273657,41.315723,0.0022778101,0.2593047,23.144684
21.99,6.532282,41.38083,0.0022450872,0.25718117,23.145798
22.0,6.53719,41.445972,0.0022123838,0.2550715,23.146887
22.01,6.542092,41.51115,0.002180363,0.25297388,23.14796
22.02,6.546991,41.57642,0.0021486124,0.250902,23.149054
22.03,6.5518785,41.64169,0.0021170937,0.24884191,23.15013
22.04,6.5567627,41.707016,0.0020860909,0.24680068,23.151182
22.05,6.5616364,41.7724,0.0020547444,0.24477057,23.15224
22.06,6.5665054,41.837856,0.0020242762,0.24276064,23.153288
22.07,6.571367,41.903355,0.0019945893,0.24077307,23.154327
22.08,6.5762234,41.96889,0.0019647544,0.2387984,23.155355
22.09,6.5810747,42.03449,0.0019352268,0.23683181,23.156385
22.1,6.585916,42.100132,0.0019056192,0.23487504,23.157404
22.11,6.590754,42.16583,0.001876953,0.23294795,23.158417
22.12,6.5955834,42.231575,0.0018483996,0.23103261,23.159407
22.13,6.6004076,42.29735,0.00182008,0.22913393,23.1604
22.14,6.605223,42.36319,0.0017918209,0.22724596,23.161385
22.15,6.610033,42.429077,0.0017637657,0.22537203,23.162365
22.16,6.614835,42.495037,0.0017365571,0.22352436,23.163334
22.17,6.6196322,42.561016,0.0017092861,0.22167437,23.164299
22.18,6.624423,42.627064,0.0016826876,0.21986026,23.165255
22.19,6.629207,42.693172,0.0016559241,0.21804707,23.166204
22.2,6.6339836,42.759293,0.0016296534,0.21624564,23.167137
22.21,6.638753,42.82548,0.001603541,0.21446656,23.168081
22.22,6.6435165,42.891716,0.001577667,0.21269457,23.169
22.23,6.6482744,42.958,0.0015525604,0.21094845,23.169922
22.24,6.6530237,43.024353,0.0015270123,0.20920813,23.170835
22.25,6.657765,43.090748,0.0015023174,0.20748694,23.171738
22.26,6.662503,43.157204,0.0014774017,0.20577925,23.172638
22.27,6.667234,43.2237,0.0014529172,0.20407666,23.173523
22.28,6.671956,43.290226,0.0014288593,0.20239443,23.17441
22.29,6.676675,43.356834,0.0014050091,0.20072646,23.175291
22.3,6.6813836,43.423462,0.0013812147,0.19907682,23.176159
22.31,6.686086,43.490143,0.0013578134,0.19743092,23.17702
22.32,6.6907816,43.556866,0.001334385,0.19579981,23.177883
22.33,6.695473,43.623657,0.0013113357,0.19418266,23.178726
22.34,6.7001553,43.690514,0.0012888238,0.19258705,23.179579
22.35,6.704833,43.757416,0.0012662159,0.19099356,23.180407
22.36,6.7095046,43.82436,0.0012441464,0.18942471,23.181232
22.37,6.7141657,43.891357,0.0012217294,0.18786274,23.182064
22.38,6.7188215,43.958385,0.0012003081,0.18631789,23.182884
22.39,6.7234716,44.02548,0.0011786865,0.1847745,23.183683
22.4,6.7281156,44.092606,0.0011572549,0.18325102,23.184494
22.41,6.7327504,44.159794,0.0011363067,0.18174058,23.185293
22.42,6.7373786,44.22702,0.0011152653,0.18024135,23.186083
22.43,6.742002,44.294304,0.0010945555,0.178756,23.18687
22.44,6.746618,44.361652,0.0010743095,0.17728601,23.187647
22.45,6.7512264,44.42904,0.0010539936,0.17582484,23.188423
22.46,6.7558293,44.496452,0.0010339161,0.17436674,23.189186
22.47,6.7604227,44.563942,0.0010139737,0.17293024,23.189945
22.48,6.765012,44.631485,0.0009942222,0.17150049,23.190699
22.49,6.769594,44.69907,0.00097522605,0.17009504,23.191442
22.5,6.774169,44.76669,0.0009555565,0.16868083,23.192192
22.51,6.778739,44.834377,0.00093685463,0.16729817,23.192923
22.52,6.7833023,44.902115,0.00091802794,0.16592056,23.19366
22.53,6.787853,44.969883,0.00089904014,0.16454794,23.194378
22.54,6.792404,45.037724,0.000880762,0.16319449,23.195093
22.55,6.7969418,45.105583,0.00086282287,0.1618484,23.195808
22.56,6.8014774,45.1735,0.0008445969,0.16051218,23.196514
22.57,6.8060036,45.241478,0.00082685053,0.15918386,23.197216
22.58,6.810526,45.309525,0.00080917124,0.15788178,23.197914
22.59,6.815039,45.37758,0.0007914733,0.15657468,23.198599
22.6,6.8195467,45.4457,0.00077451207,0.15529394,23.19929
22.61,6.824046,45.513863,0.0007568374,0.15400454,23.19996
22.62,6.8285384,45.58208,0.00074003916,0.15272555,23.200638
22.63,6.8330235,45.650337,0.00072326977,0.15147132,23.201302
22.64,6.837507,45.71868,0.00070699863,0.15023667,23.201962
22.65,6.8419785,45.787045,0.0006903,0.14899802,23.202623
22.66,6.8464427,45.855442,0.00067382306,0.14775982,23.203276
22.67,6.8509045,45.923923,0.0006579831,0.1465491,23.203917
22.68,6.855357,45.992447,0.0006424468,0.14535035,23.204552
22.69,6.8598022,46.060993,0.0006266469,0.14415142,23.205198
22.7,6.86424,46.129616,0.0006109029,0.14296491,23.205816
22.71,6.86867,46.19825,0.00059569627,0.14178492,23.206448
22.72,6.873096,46.266968,0.00058016926,0.14061835,23.207077
22.73,6.8775144,46.335735,0.0005651256,0.13945933,23.207682
22.74,6.881927,46.40454,0.0005502803,0.13831313,23.208288
22.75,6.886331,46.473362,0.0005355654,0.1371761,23.20889
22.76,6.890729,46.542294,0.0005210126,0.13604796,23.209501
22.77,6.8951163,46.611214,0.0005065007,0.1349258,23.210081
22.78,6.899501,46.680233,0.00049205776,0.1338142,23.210686
22.79,6.903878,46.74927,0.0004782267,0.1327181,23.21127
22.8,6.9082465,46.81833,0.0004638303,0.13161692,23.211843
22.81,6.9126105,46.88748,0.00045032147,0.13053894,23.212412
22.82,6.916966,46.956684,0.00043651648,0.1294671,23.21299
22.83,6.921315,47.02591,0.00042279437,0.12840226,23.21356
22.84,6.9256577,47.095215,0.00040938705,0.12734503,23.214117
22.85,6.929993,47.164528,0.0003964547,0.1263046,23.214674
22.86,6.934321,47.23393,0.00038319454,0.1252644,23.21523
22.87,6.938643,47.303345,0.00037035905,0.12422926,23.215769
22.88,6.9429564,47.372807,0.00035742112,0.12320938,23.216312
22.89,6.947264,47.442326,0.00034483802,0.12220015,23.216848
22.9,6.9515653,47.51189,0.00033221114,0.121200114,23.21738
22.91,6.9558578,47.581528,0.00031973608,0.12019614,23.217922
22.92,6.960146,47.651203,0.00030772574,0.11921708,23.218435
22.93,6.964427,47.720905,0.00029551052,0.11823414,23.218954
22.94,6.968697,47.79066,0.00028334,0.117259964,23.219467
22.95,6.972967,47.860455,0.00027168263,0.1162988,23.219992
22.96,6.977223,47.93032,0.00025967974,0.11533955,23.220491
22.97,6.981474,48.000217,0.00024804007,0.114394434,23.220991
22.98,6.98572,48.070156,0.0002363855,0.11345405,23.22149
22.99,6.9899597,48.14018,0.00022476818,0.1125203,23.22199
23.0,6.9941893,48.21022,0.00021406636,0.111606166,23.22248
23.01,6.998415,48.28031,0.00020284299,0.11069017,23.222954
23.02,7.002632,48.350464,0.0001920117,0.109782524,23.223442
23.03,7.0068417,48.420612,0.00018109474,0.1088709,23.223934
23.04,7.0110455,48.490852,0.0001702644,0.107978344,23.224386
23.05,7.01524,48.561115,0.00015923753,0.107083,23.22487
23.06,7.019432,48.63146,0.00014913827,0.10620936,23.225334
23.07,7.023613,48.70182,0.00013876706,0.10533686,23.225798
23.08,7.027789,48.772247,0.00012841169,0.10447503,23.22625
23.09,7.0319567,48.8427,0.000118382275,0.10361851,23.226707
23.1,7.0361176,48.91322,0.00010814704,0.102765284,23.227152
23.11,7.0402727,48.983788,9.856839e-05,0.10192265,23.227606
23.12,7.0444226,49.054386,8.8638626e-05,0.10108199,23.228054
23.13,7.048562,49.125015,7.889327e-05,0.100251175,23.228485
23.14,7.052694,49.195724,6.9662e-05,0.09943125,23.228922
23.15,7.056818,49.26645,5.9745274e-05,0.09860644,23.22935
23.16,7.060941,49.33725,5.048886e-05,0.09778868,23.229784
23.17,7.0650544,49.40806,4.0974468e-05,0.09698886,23.23021
23.18,7.069159,49.47896,3.191363e-05,0.09619418,23.23063
23.19,7.0732574,49.54988,2.284348e-05,0.095400006,23.231041
23.2,7.0773487,49.620834,1.4003366e-05,0.09461327,23.231453
23.21,7.0814333,49.69184,5.130656e-06,0.093832955,23.231865
23.22,7.0855093,49.7629,-3.6591664e-06,0.09306069,23.23227
23.23,7.089578,49.834026,-1.2404285e-05,0.0922918,23.232676
23.24,7.093642,49.905186,-2.0889565e-05,0.09153819,23.233074
23.25,7.0976996,49.97638,-2.9185787e-05,0.090783775,23.233477
23.26,7.101749,50.047634,-3.755372e-05,0.090032056,23.233858
23.27,7.1057925,50.11893,-4.5906752e-05,0.08928925,23.234253
23.28,7.109825,50.19025,-5.3963624e-05,0.088553876,23.234646
23.29,7.113855,50.261646,-6.191712e-05,0.08783001,23.235027
23.3,7.117875,50.33304,-7.017236e-05,0.087089926,23.235401
23.31,7.12189,50.4045,-7.758103e-05,0.08637521,23.235785
23.32,7.125896,50.476036,-8.531846e-05,0.08566646,23.236147
23.33,7.129896,50.547546,-9.344239e-05,0.08494343,23.236517
23.34,7.1338873,50.61916,-0.000100475736,0.084250376,23.23689
23.35,7.1378775,50.69083,-0.00010815542,0.08354989,23.237255
23.36,7.141854,50.762505,-0.000115523115,0.082858026,23.237612
23.37,7.145828,50.83425,-0.00012277067,0.08217177,23.237976
23.38,7.149791,50.906013,-0.0001299195,0.08149333,23.238325
23.39,7.153749,50.97781,-0.0001369454,0.08081281,23.238684
23.4,7.1576996,51.049694,-0.00014422741,0.08013965,23.239029
23.41,7.1616426,51.121624,-0.00015090406,0.07948178,23.23938
23.42,7.1655803,51.193573,-0.0001579402,0.07881716,23.239714
23.43,7.1695056,51.265564,-0.0001642583,0.07816504,23.240057
23.44,7.173432,51.337605,-0.00017137174,0.07750377,23.240398
23.45,7.1773458,51.409706,-0.00017760135,0.076861486,23.240723
23.46,7.181255,51.48182,-0.00018384121,0.076227084,23.241056
23.47,7.185158,51.55399,-0.00019080471,0.075581565,23.241392
23.48,7.1890497,51.626205,-0.00019694399,0.07495612,23.241724
23.49,7.19294,51.698467,-0.00020302646,0.074330166,23.242039
23.5,7.1968184,51.77077,-0.00020934083,0.073704675,23.242367
23.51,7.2006917,51.843124,-0.00021523051,0.073093,23.242678
23.52,7.2045565,51.915512,-0.00022121798,0.07247639,23.24299
23.53,7.208418,51.987934,-0.00022734702,0.07186794,23.243298
23.54,7.212266,52.060406,-0.00023316778,0.071259126,23.243614
23.55,7.2161126,52.132927,-0.00023862254,0.07066333,23.243927
23.56,7.219947,52.205463,-0.00024485588,0.07006095,23.244228
23.57,7.2237782,52.278076,-0.00025010481,0.06947352,23.244532
23.58,7.227605,52.35074,-0.00025544316,0.06888825,23.24483
23.59,7.231422,52.423405,-0.00026129186,0.068302095,23.245127
23.6,7.235229,52.496147,-0.000266226,0.067732856,23.24542
23.61,7.2390304,52.568913,-0.00027162582,0.06716195,23.24571
23.62,7.2428274,52.641727,-0.00027685892,0.066587925,23.246006
23.63,7.246615,52.71457,-0.0002819365,0.06602436,23.24629
23.64,7.2503986,52.78746,-0.00028707273,0.0654574,23.246572
23.65,7.2541685,52.860382,-0.00029235426,0.06489742,23.24686
23.66,7.2579365,52.933376,-0.00029719435,0.06435016,23.247145
23.67,7.2616954,53.006374,-0.00030183792,0.06379412,23.247417
23.68,7.26545,53.07948,-0.0003069518,0.06324558,23.247696
23.69,7.2691946,53.152565,-0.00031117536,0.06271367,23.247963
23.7,7.272936,53.225716,-0.0003162101,0.06216462,23.24823
23.71,7.2766657,53.298904,-0.00032053888,0.061640352,23.248505
23.72,7.2803874,53.3721,-0.00032528397,0.06110312,23.248775
23.73,7.284105,53.445385,-0.00032940507,0.060577855,23.249037
23.74,7.287817,53.518696,-0.00033379532,0.060052067,23.249294
23.75,7.291519,53.59205,-0.00033804495,0.05953996,23.249552
23.76,7.295213,53.665413,-0.00034270063,0.059014127,23.249807
23.77,7.2989025,53.738853,-0.0003467342,0.05851011,23.25007
23.78,7.302588,53.812325,-0.00035061873,0.05799538,23.250319
23.79,7.306259,53.885822,-0.00035487302,0.057483613,23.250578
23.8,7.309929,53.959377,-0.00035850238,0.05698806,23.250818
23.81,7.31359,54.032955,-0.00036262535,0.056487456,23.251072
23.82,7.3172436,54.106598,-0.00036663283,0.055987388,23.25131
23.83,7.32089,54.180264,-0.000370468,0.055495232,23.251564
23.84,7.3245277,54.253975,-0.00037403964,0.055009305,23.251799
23.85,7.328159,54.32771,-0.000377886,0.05451736,23.252045
23.86,7.3317847,54.401497,-0.0003812248,0.05404149,23.252287
23.87,7.335405,54.475334,-0.00038485974,0.053561226,23.252516
23.88,7.339011,54.549187,-0.0003886167,0.05308038,23.252756
23.89,7.342619,54.62308,-0.00039186608,0.052607507,23.25298
23.9,7.346213,54.697018,-0.0003952654,0.052137002,23.253212
23.91,7.349802,54.770996,-0.00039863493,0.051668048,23.253437
23.92,7.3533826,54.84503,-0.00040211622,0.05119902,23.253664
23.93,7.3569617,54.919075,-0.00040508434,0.05074139,23.253893
23.94,7.3605285,54.993187,-0.0004085824,0.050277263,23.25412
23.95,7.364093,55.06733,-0.0004114667,0.049825594,23.254333
23.96,7.3676457,55.141495,-0.00041429326,0.049381867,23.254555
23.97,7.3711944,55.2157,-0.00041745696,0.0489247,23.254776
23.98,7.3747325,55.28995,-0.00042042788,0.04847215,23.254992
23.99,7.3782673,55.36423,-0.00042296574,0.04803382,23.255201
24.0,7.381791,55.43855,-0.0004261192,0.04758258,23.255419
24.01,7.3853116,55.512928,-0.00042891875,0.047149718,23.255629
24.02,7.3888216,55.58731,-0.00043158885,0.046714976,23.255836
24.03,7.392327,55.661762,-0.00043428224,0.046279177,23.256042
24.04,7.395824,55.736217,-0.00043705665,0.045848638,23.256254
24.05,7.3993134,55.81071,-0.00043966435,0.04542236,23.25645
24.06,7.402799,55.885296,-0.00044209417,0.0449975,23.256657
24.07,7.406274,55.959846,-0.0004446702,0.044563323,23.256857
24.08,7.4097433,56.034485,-0.00044706184,0.044143572,23.257067
24.09,7.413206,56.109127,-0.00044959132,0.043730512,23.257256
24.1,7.4166627,56.18385,-0.0004514344,0.04332085,23.257448
24.11,7.4201107,56.258575,-0.00045384467,0.042903557,23.25765
24.12,7.42355,56.33335,-0.0004562866,0.042489335,23.257837
24.13,7.4269857,56.408142,-0.00045812596,0.042088598,23.258028
24.14,7.4304132,56.482986,-0.0004606163,0.041679233,23.258213
24.15,7.433833,56.557854,-0.00046283752,0.041273057,23.258406
24.16,7.4372444,56.63275,-0.0004647225,0.04087372,23.258595
24.17,7.4406505,56.707703,-0.00046701543,0.04046555,23.258787
24.18,7.4440503,56.782696,-0.00046871882,0.04007581,23.258974
24.19,7.4474425,56.8577,-0.0004707938,0.039682776,23.259144
24.2,7.4508276,56.932766,-0.00047239475,0.039292708,23.259325
24.21,7.454204,57.007816,-0.00047469418,0.0388961,23.259508
24.22,7.457577,57.08297,-0.00047631934,0.038512543,23.259695
24.23,7.4609385,57.15811,-0.00047829002,0.03811942,23.259872
24.24,7.4642954,57.23332,-0.00047985464,0.03773929,23.260044
24.25,7.467645,57.308525,-0.00048148446,0.03735791,23.260223
24.26,7.4709897,57.3838,-0.00048328564,0.036983117,23.260395
24.27,7.4743257,57.459084,-0.00048485305,0.036605805,23.260565
24.28,7.477655,57.534435,-0.00048615877,0.036233723,23.260742
24.29,7.4809747,57.60978,-0.00048780628,0.03585787,23.260906
24.3,7.484289,57.685158,-0.0004894305,0.0354902,23.261078
24.31,7.487596,57.7606,-0.0004909737,0.035112888,23.261248
24.32,7.4908977,57.83607,-0.00049238093,0.034750134,23.261408
24.33,7.49419,57.91156,-0.0004935162,0.0343879,23.261576
24.34,7.4974747,57.98709,-0.00049495697,0.034022912,23.261745
24.35,7.5007567,58.062653,-0.00049614534,0.033661336,23.261902
24.36,7.5040326,58.13827,-0.0004972499,0.0333115,23.262066
24.37,7.507295,58.21389,-0.0004990911,0.03293994,23.262222
24.38,7.510554,58.289562,-0.00049979147,0.032596886,23.262384
24.39,7.513806,58.36523,-0.0005012844,0.03223589,23.262543
24.4,7.5170536,58.440968,-0.0005023442,0.031884283,23.262695
24.41,7.520286,58.51674,-0.00050322805,0.03154017,23.262852
24.42,7.523519,58.592525,-0.0005047126,0.03119348,23.263006
24.43,7.526744,58.668354,-0.000505737,0.03084974,23.263159
24.44,7.5299597,58.7442,-0.0005068062,0.030501515,23.26331
24.45,7.53317,58.820107,-0.00050781853,0.030164108,23.263472
24.46,7.536373,58.89603,-0.0005086921,0.029817075,23.26361
24.47,7.539568,58.971954,-0.0005095154,0.02948542,23.263763
24.48,7.542756,59.04795,-0.00051047,0.029144317,23.263905
24.49,7.5459394,59.123974,-0.0005114293,0.028810397,23.264055
24.5,7.5491166,59.200005,-0.00051224977,0.028474182,23.2642
24.51,7.5522833,59.276096,-0.0005131252,0.028145984,23.264341
24.52,7.5554447,59.352222,-0.0005141152,0.027816936,23.264486
24.53,7.558597,59.428337,-0.00051467307,0.027491301,23.26463
24.54,7.5617456,59.504498,-0.00051577296,0.027152926,23.264774
24.55,7.5648866,59.580715,-0.00051572826,0.026843578,23.264914
24.56,7.568021,59.656937,-0.0005168002,0.026509926,23.265055
24.57,7.5711465,59.73321,-0.00051739067,0.026192024,23.265196
24.58,7.574267,59.809483,-0.00051849335,0.025868133,23.265324
24.59,7.5773797,59.88585,-0.0005185772,0.025554255,23.265461
24.6,7.580488,59.962204,-0.000519176,0.025238723,23.265604
24.61,7.5835876,60.03857,-0.00051993225,0.024918199,23.265736
24.62,7.58668,60.114994,-0.0005201483,0.024612874,23.265867
24.63,7.5897627,60.19143,-0.00052060746,0.024302825,23.265999
24.64,7.5928426,60.26788,-0.0005211253,0.023991615,23.26614
24.65,7.5959144,60.344402,-0.0005216673,0.023682952,23.266266
24.66,7.598978,60.420925,-0.00052226614,0.023371994,23.266405
24.67,7.6020384,60.497482,-0.0005225269,0.023076564,23.26653
24.68,7.605089,60.574093,-0.0005231071,0.022771731,23.26665
24.69,7.6081333,60.650696,-0.000523434,0.0224642,23.26678
24.7,7.6111727,60.72733,-0.0005238969,0.022165,23.266905
24.71,7.6142025,60.804024,-0.0005241493,0.02186887,23.267025
24.72,7.617224,60.880707,-0.000524302,0.02156949,23.267157
24.73,7.620244,60.957443,-0.0005245516,0.021275178,23.267277
24.74,7.6232553,61.034206,-0.0005249288,0.020976543,23.267399
24.75,7.626258,61.110996,-0.0005249083,0.02069375,23.267519
24.76,7.6292553,61.1878,-0.000525265,0.02040036,23.267643
24.77,7.632245,61.26468,-0.0005258089,0.0201094,23.267763
24.78,7.635231,61.34153,-0.0005259132,0.019820377,23.267881
24.79,7.638203,61.418434,-0.0005265502,0.01952751,23.267998
24.8,7.6411753,61.495335,-0.0005261656,0.019249678,23.268124
24.81,7.6441374,61.57231,-0.0005264273,0.018962339,23.268232
24.82,7.6470942,61.649303,-0.00052652415,0.01868166,23.268356
24.83,7.650045,61.72629,-0.00052649714,0.018397346,23.268469
24.84,7.652987,61.80335,-0.0005266527,0.018123344,23.268581
24.85,7.6559215,61.8804,-0.00052683335,0.01784493,23.268698
24.86,7.6588526,61.95748,-0.00052685477,0.017564967,23.26881
24.87,7.661775,62.034595,-0.000527028,0.017293572,23.26892
24.88,7.6646905,62.11175,-0.000526797,0.01702708,23.269032
24.89,7.6676,62.188915,-0.0005271053,0.016748995,23.269142
24.9,7.6705017,62.266098,-0.00052690506,0.016478315,23.269255
24.91,7.6734,62.34333,-0.00052702613,0.0162092,23.26936
24.92,7.67629,62.42057,-0.0005271891,0.015939519,23.269468
24.93,7.679172,62.497864,-0.00052687246,0.015677214,23.269573
24.94,7.682046,62.575157,-0.00052696,0.015409872,23.269688
24.95,7.6849146,62.652485,-0.00052696187,0.01514332,23.26979
24.96,7.6877804,62.7298,-0.00052687805,0.014885455,23.269897
24.97,7.6906357,62.807186,-0.0005265558,0.014628917,23.269995
24.98,7.6934834,62.88458,-0.00052672904,0.014365986,23.270102
24.99,7.696328,62.962013,-0.0005267877,0.014105186,23.270214
25.0,7.699162,63.039474,-0.00052649993,0.013848215,23.270306
25.01,7.701992,63.116947,-0.000526418,0.013596103,23.270409
25.02,7.704816,63.194458,-0.0005260417,0.01334317,23.27052
25.03,7.7076325,63.271984,-0.00052589085,0.013090506,23.270609
25.04,7.7104406,63.349518,-0.00052614044,0.012831092,23.270706
25.05,7.7132444,63.42708,-0.0005255956,0.012586519,23.270807
25.06,7.7160425,63.50468,-0.0005252352,0.012346998,23.270903
25.07,7.718834,63.58232,-0.000525211,0.012099579,23.271
25.08,7.721616,63.659954,-0.00052493066,0.011849433,23.271095
25.09,7.7243943,63.737633,-0.0005246205,0.011608571,23.271193
25.1,7.727163,63.81534,-0.0005245721,0.011360094,23.271282
25.11,7.7299285,63.893063,-0.0005243551,0.011117011,23.271381
25.12,7.7326837,63.97079,-0.00052419957,0.010882363,23.271477
25.13,7.7354355,64.048546,-0.0005240813,0.01064378,23.271566
25.14,7.7381797,64.12634,-0.00052379817,0.010405406,23.271664
25.15,7.7409186,64.20416,-0.0005232096,0.010177568,23.27175
25.16,7.743651,64.28201,-0.00052310154,0.009938031,23.271843
25.17,7.746378,64.35986,-0.0005228212,0.009705141,23.271929
25.18,7.7490935,64.437744,-0.0005224738,0.009474084,23.272026
25.19,7.7518063,64.51567,-0.0005223388,0.009243891,23.272114
25.2,7.7545114,64.59359,-0.0005219206,0.009018064,23.272203
25.21,7.75721,64.671524,-0.0005219262,0.008781701,23.272284
25.22,7.759904,64.7495,-0.000521373,0.0085621625,23.27238
25.23,7.762593,64.82749,-0.00052106846,0.008338153,23.272459
25.24,7.765272,64.9055,-0.0005209772,0.008117333,23.27254
25.25,7.7679467,64.98357,-0.00052022375,0.0078976005,23.27263
25.26,7.770611,65.06162,-0.00052045565,0.0076664686,23.272722
25.27,7.773276,65.13971,-0.00051956903,0.0074584186,23.272793
25.28,7.7759285,65.21783,-0.00051957276,0.00723581,23.272875
25.29,7.778578,65.29594,-0.0005190689,0.0070214868,23.272957
25.3,7.781217,65.37409,-0.00051881745,0.006804645,23.273039
25.31,7.7838545,65.45227,-0.0005183527,0.006590709,23.273125
25.32,7.786485,65.53045,-0.0005177725,0.006383434,23.273205
25.33,7.7891073,65.60868,-0.00051761605,0.0061656833,23.27329
25.34,7.7917233,65.686905,-0.00051712524,0.005965188,23.273363
25.35,7.794335,65.76516,-0.00051705074,0.0057523847,23.273432
25.36,7.7969384,65.843445,-0.000516735,0.005546823,23.273514
25.37,7.799537,65.92175,-0.0005161995,0.005339518,23.273586
25.38,7.802127,66.00005,-0.0005157888,0.0051336884,23.273672
25.39,7.8047132,66.07838,-0.0005152626,0.004935369,23.27374
25.4,7.8072944,66.15675,-0.00051486306,0.0047341287,23.273825
25.41,7.809865,66.23515,-0.00051489286,0.00453569,23.273888
25.42,7.812432,66.31357,-0.00051412545,0.0043410063,23.273962
25.43,7.814995,66.392,-0.0005136123,0.0041421056,23.274044
25.44,7.817546,66.47045,-0.0005131662,0.0039476305,23.274113
25.45,7.820096,66.5489,-0.0005128477,0.0037544072,23.274178
25.46,7.822638,66.62739,-0.000512721,0.0035573393,23.274258
25.47,7.825174,66.70591,-0.0005120756,0.0033681393,23.274324
25.48,7.827706,66.78443,-0.00051162206,0.003180027,23.274397
25.49,7.8302293,66.86297,-0.0005113734,0.002989173,23.274467
25.5,7.832745,66.94154,-0.00051098876,0.0028027743,23.274534
25.51,7.835257,67.02013,-0.00051039085,0.0026222616,23.274605
25.52,7.8377633,67.098724,-0.0005100556,0.0024322271,23.274668
25.53,7.84026,67.177376,-0.0005096784,0.0022526085,23.274734
25.54,7.8427553,67.25602,-0.00050908886,0.0020723492,23.274797
25.55,7.845242,67.33468,-0.0005088104,0.0018909574,23.274868
25.56,7.847721,67.41337,-0.00050865766,0.0017068237,23.274933
25.57,7.850196,67.49207,-0.0005081082,0.0015361905,23.27499
25.58,7.8526645,67.570786,-0.00050769746,0.0013557523,23.275063
25.59,7.8551273,67.64954,-0.0005072374,0.001183331,23.275118
25.6,7.857585,67.7283,-0.00050666556,0.0010103881,23.275177
25.61,7.8600364,67.807106,-0.0005063154,0.00083839893,23.275242
25.62,7.862481,67.88591,-0.0005057864,0.0006752014,23.275303
25.63,7.8649163,67.9647,-0.00050543156,0.00050352514,23.275358
25.64,7.867353,68.04353,-0.00050473306,0.00034466386,23.275423
25.65,7.8697805,68.12242,-0.0005046297,0.00017917156,23.27548
25.66,7.8722014,68.201294,-0.00050406996,1.244247e-05,23.275547
25.67,7.8746133,68.28019,-0.0005037328,-0.00015242398,23.275602
25.68,7.877025,68.35908,-0.0005033165,-0.0003132671,23.275654
25.69,7.87943,68.43803,-0.00050272234,-0.00047279894,23.275711
25.7,7.881825,68.517,-0.0005024439,-0.00063464046,23.275772
25.71,7.8842144,68.59593,-0.00050181244,-0.0007928461,23.275826
25.72,7.886602,68.67496,-0.0005013114,-0.0009393245,23.275885
25.73,7.8889832,68.75394,-0.0005007973,-0.0010973215,23.275934
25.74,7.8913555,68.83299,-0.00050061196,-0.0012522191,23.275993
25.75,7.8937235,68.912,-0.0005001249,-0.0014026314,23.276035
25.76,7.896085,68.991104,-0.0004997924,-0.0015462935,23.276085
25.77,7.89844,69.07017,-0.0004994683,-0.0016968548,23.276146
25.78,7.900791,69.14927,-0.0004988322,-0.0018493235,23.27619
25.79,7.9031377,69.22839,-0.0004981393,-0.0019809306,23.276241
25.8,7.905473,69.307495,-0.00049812254,-0.0021303147,23.276299
25.81,7.907806,69.38667,-0.0004972294,-0.002271235,23.276344
25.82,7.9101353,69.46583,-0.00049728993,-0.0024175495,23.276398
25.83,7.9124584,69.545,-0.00049657933,-0.0025520176,23.276442
25.84,7.9147735,69.62419,-0.00049628597,-0.0026928037,23.276484
25.85,7.9170833,69.70344,-0.00049597584,-0.0028319359,23.276543
25.86,7.9193892,69.782684,-0.0004954254,-0.0029575229,23.27658
25.87,7.921688,69.86194,-0.0004949365,-0.0030954033,23.276627
25.88,7.92398,69.94121,-0.0004943451,-0.0032237917,23.27666
25.89,7.926268,70.02049,-0.0004944196,-0.0033564568,23.276709
25.9,7.928547,70.0998,-0.0004936615,-0.0034896284,23.276747
25.91,7.930825,70.17914,-0.0004932042,-0.0036122948,23.276794
25.92,7.9330945,70.25849,-0.0004930813,-0.0037403405,23.276838
25.93,7.93536,70.33787,-0.00049262773,-0.00386025,23.276878
25.94,7.93762,70.41723,-0.00049178116,-0.0039850622,23.276922
25.95,7.9398727,70.49664,-0.0004916433,-0.004105255,23.276953
25.96,7.9421196,70.57604,-0.00049118046,-0.0042290688,23.276999
25.97,7.944363,70.65547,-0.0004909113,-0.004338801,23.277039
25.98,7.946599,70.73493,-0.0004904466,-0.004462704,23.277082
25.99,7.948829,70.81437,-0.00049008615,-0.004575327,23.277113
26.0,7.9510555,70.89385,-0.00048971176,-0.004686311,23.277153
26.01,7.9532776,70.973366,-0.0004891893,-0.004801005,23.27719
26.02,7.9554906,71.05288,-0.00048910826,-0.00491935,23.277224
26.03,7.957701,71.13243,-0.00048860535,-0.0050237924,23.27726
26.04,7.959903,71.21198,-0.00048776995,-0.0051289797,23.277296
26.05,7.9621024,71.29151,-0.00048780162,-0.0052388906,23.277328
26.06,7.9642944,71.37109,-0.0004872838,-0.005341038,23.277359
26.07,7.9664803,71.450714,-0.00048704632,-0.005450204,23.277391
26.08,7.9686646,71.53033,-0.0004868284,-0.00555034,23.277426
26.09,7.970841,71.60997,-0.00048589427,-0.005647719,23.277458
26.1,7.973011,71.689606,-0.0004858924,-0.0057522804,23.277485
26.11,7.9751787,71.76929,-0.00048545748,-0.0058416277,23.277506
26.12,7.977336,71.848976,-0.0004852228,-0.005941361,23.277546
26.13,7.97949,71.928665,-0.00048489682,-0.0060405433,23.277573
26.14,7.98164,72.00839,-0.00048420858,-0.006127268,23.277601
26.15,7.9837837,72.08812,-0.00048402697,-0.006222397,23.277626
26.16,7.9859266,72.16787,-0.0004834067,-0.0063039064,23.277658
26.17,7.988057,72.24765,-0.00048284046,-0.0063911527,23.277678
26.18,7.9901857,72.32744,-0.00048281997,-0.0064846426,23.277697
26.19,7.992307,72.40723,-0.00048222858,-0.006569013,23.277725
26.2,7.994424,72.48705,-0.00048228726,-0.006660074,23.277752
26.21,7.996535,72.566864,-0.00048195198,-0.0067383945,23.277765
26.22,7.998645,72.64673,-0.0004810989,-0.006818235,23.27779
26.23,8.000745,72.7266,-0.00048122834,-0.0068998784,23.277819
26.24,8.00284,72.80646,-0.00048083812,-0.0069749355,23.277842
26.25,8.004932,72.88637,-0.00048031844,-0.0070533752,23.277864
26.26,8.007019,72.9663,-0.00048007537,-0.0071303695,23.277885
26.27,8.0091,73.04624,-0.0004797522,-0.007205501,23.277903
26.28,8.011172,73.126175,-0.0004794607,-0.007279113,23.277916
26.29,8.013245,73.20615,-0.00047933403,-0.007350862,23.277943
26.3,8.015305,73.28612,-0.00047898293,-0.0074189752,23.277958
26.31,8.017367,73.366135,-0.00047845114,-0.0074878633,23.277966
26.32,8.019422,73.44613,-0.00047809538,-0.007550016,23.277985
26.33,8.021472,73.52615,-0.0004779566,-0.007615939,23.278006
26.34,8.023518,73.606224,-0.00047731865,-0.007679656,23.278011
26.35,8.025554,73.686264,-0.00047734566,-0.007744238,23.27804
26.36,8.02759,73.76639,-0.00047683436,-0.0078015774,23.27805
26.37,8.029619,73.846466,-0.00047673564,-0.007865071,23.278065
26.38,8.031642,73.92657,-0.00047642086,-0.007920146,23.27807
26.39,8.033659,74.00671,-0.00047613308,-0.00797537,23.27809
26.4,8.035672,74.086876,-0.00047608558,-0.008033887,23.278095
26.41,8.037684,74.16705,-0.00047562364,-0.008087367,23.278105
26.42,8.039685,74.2472,-0.0004751999,-0.008139521,23.27812
26.43,8.041685,74.32741,-0.00047527906,-0.008195564,23.27813
26.44,8.043677,74.40759,-0.00047516916,-0.008244574,23.278141
26.45,8.045668,74.48786,-0.00047448184,-0.008287594,23.278143
26.46,8.047651,74.56809,-0.00047408044,-0.008333817,23.27815
26.47,8.049629,74.64836,-0.00047391374,-0.008381739,23.278162
26.48,8.0515995,74.72862,-0.0004740907,-0.008433133,23.278168
26.49,8.05357,74.80895,-0.0004735235,-0.008470967,23.278172
26.5,8.055533,74.88927,-0.0004733242,-0.00850831,23.278181
26.51,8.057492,74.96958,-0.00047304295,-0.008549377,23.278181
26.52,8.059446,75.049904,-0.00047288928,-0.008585215,23.27819
26.53,8.061394,75.1303,-0.00047282036,-0.008629128,23.27818
26.54,8.063337,75.21067,-0.00047241338,-0.008660793,23.278189
26.55,8.065275,75.2911,-0.00047203526,-0.008693412,23.278185
26.56,8.06721,75.371506,-0.00047190022,-0.008728996,23.278196
26.57,8.06914,75.451904,-0.0004716767,-0.008758411,23.278194
26.58,8.071064,75.532364,-0.00047151465,-0.00879018,23.278194
26.59,8.072982,75.612854,-0.0004712101,-0.008816659,23.2782
26.6,8.074897,75.69332,-0.00047098845,-0.008846134,23.27819
26.61,8.076806,75.77381,-0.00047082547,-0.008875832,23.278181
26.62,8.078711,75.85434,-0.00047076866,-0.008898869,23.278193
26.63,8.080613,75.934845,-0.00047047623,-0.0089229345,23.27818
26.64,8.082506,76.015366,-0.00047023222,-0.008947566,23.27818
26.65,8.084396,76.09597,-0.0004700804,-0.008967161,23.278172
26.66,8.086282,76.17656,-0.00046988484,-0.008987561,23.278166
26.67,8.088164,76.25712,-0.00046949368,-0.009006977,23.278164
26.68,8.090039,76.33777,-0.00046971347,-0.009022638,23.278154
26.69,8.091911,76.41842,-0.0004694229,-0.0090391785,23.278135
26.7,8.093778,76.49904,-0.0004692357,-0.009053424,23.27814
26.71,8.095638,76.5797,-0.00046905596,-0.009063289,23.278137
26.72,8.097495,76.660416,-0.00046882313,-0.009081423,23.278122
26.73,8.099349,76.74111,-0.00046874955,-0.009091556,23.278122
26.74,8.101193,76.82182,-0.00046825036,-0.009101808,23.278105
26.75,8.10304,76.90256,-0.00046825316,-0.0091058165,23.2781
26.76,8.1048765,76.9833,-0.0004686471,-0.009119734,23.278078
26.77,8.106711,77.06411,-0.0004682839,-0.009123504,23.278059
26.78,8.108536,77.14492,-0.00046844222,-0.00913249,23.27806
26.79,8.110362,77.2257,-0.0004677521,-0.009131551,23.278048
26.8,8.112182,77.306526,-0.0004676627,-0.009138718,23.278028
26.81,8.1139965,77.38737,-0.00046778936,-0.009145632,23.278025
26.82,8.115807,77.46823,-0.0004678024,-0.009137765,23.27801
26.83,8.117614,77.5491,-0.0004674606,-0.00913994,23.277983
26.84,8.119414,77.629974,-0.0004672315,-0.009130523,23.277966
26.85,8.121209,77.71092,-0.0004672967,-0.0091344565,23.277952
26.86,8.123001,77.79184,-0.00046715327,-0.00913088,23.277937
26.87,8.124789,77.872826,-0.00046720263,-0.009132177,23.277918
26.88,8.126569,77.95378,-0.00046691298,-0.009123072,23.2779
26.89,8.128348,78.03477,-0.000466818,-0.009113669,23.277878
26.9,8.130123,78.115746,-0.00046662334,-0.0090970695,23.277864
26.91,8.131889,78.19676,-0.0004668096,-0.009097725,23.277847
26.92,8.133656,78.27784,-0.00046650972,-0.00908336,23.277822
26.93,8.135413,78.35892,-0.00046646502,-0.009069055,23.277786
26.94,8.137169,78.44,-0.0004664734,-0.009059489,23.277777
26.95,8.138922,78.52107,-0.0004665358,-0.00905031,23.277758
26.96,8.14067,78.60219,-0.00046648178,-0.009030789,23.27773
26.97,8.142409,78.683304,-0.00046622753,-0.009012312,23.277704
26.98,8.144149,78.76446,-0.0004663309,-0.009003758,23.277689
26.99,8.145879,78.84561,-0.00046616234,-0.008979723,23.277658
27.0,8.147609,78.92682,-0.00046617072,-0.008959651,23.277637
27.01,8.14933,79.00801,-0.00046598166,-0.008944005,23.27761
27.02,8.1510515,79.08925,-0.0004659081,-0.008922622,23.277592
27.03,8.152765,79.17048,-0.00046592858,-0.008904502,23.27756
27.04,8.154477,79.25175,-0.00046606176,-0.008879438,23.277527
27.05,8.156181,79.33303,-0.0004657926,-0.008853152,23.277506
27.06,8.157884,79.41433,-0.00046607386,-0.008837894,23.277475
27.07,8.15958,79.49565,-0.00046602078,-0.008809671,23.277447
27.08,8.161274,79.577,-0.00046608225,-0.0087893605,23.277414
27.09,8.162962,79.65836,-0.0004657302,-0.008752629,23.277384
27.1,8.164645,79.73973,-0.00046574697,-0.008728877,23.27735
27.11,8.166326,79.82113,-0.00046571344,-0.008704901,23.277319
27.12,8.168002,79.90253,-0.00046570878,-0.008668184,23.277294
27.13,8.169672,79.983925,-0.00046571624,-0.008643925,23.277258
27.14,8.17134,80.06542,-0.0004659202,-0.008612812,23.277222
27.15,8.173002,80.14689,-0.00046574883,-0.008583397,23.277199
27.16,8.174659,80.22836,-0.0004660217,-0.008551866,23.27716
27.17,8.1763115,80.30991,-0.00046565104,-0.008522153,23.277126
27.18,8.17796,80.39144,-0.00046581775,-0.008487672,23.277086
27.19,8.179605,80.47299,-0.00046589598,-0.008450091,23.27706
27.2,8.181245,80.55457,-0.00046570413,-0.008412585,23.27702
27.21,8.182881,80.63618,-0.0004659705,-0.008385554,23.276989
27.22,8.184514,80.71776,-0.00046591554,-0.008345678,23.27695
27.23,8.18614,80.7994,-0.0004657302,-0.008313477,23.276918
27.24,8.187764,80.88106,-0.00046580657,-0.008272067,23.27687
27.25,8.1893835,80.96274,-0.0004657777,-0.008234188,23.276838
27.26,8.190995,81.04442,-0.0004657777,-0.008200154,23.276798
27.27,8.192606,81.12616,-0.00046569388,-0.008152053,23.276764
27.28,8.194214,81.207886,-0.00046611205,-0.008117706,23.276726
27.29,8.195815,81.289635,-0.00046584196,-0.008074805,23.27668
27.3,8.197413,81.371346,-0.00046572834,-0.008038089,23.276642
27.31,8.199008,81.45317,-0.00046591554,-0.007992253,23.276604
27.32,8.200597,81.53503,-0.0004662741,-0.007954016,23.27657
27.33,8.20218,81.61684,-0.0004657209,-0.007910982,23.276514
27.34,8.203761,81.698685,-0.00046595559,-0.007865861,23.276482
27.35,8.2053385,81.780594,-0.00046594813,-0.007820398,23.276438
27.36,8.20691,81.86245,-0.00046560913,-0.007772431,23.276386
27.37,8.208477,81.94439,-0.00046595,-0.007737428,23.27635
27.38,8.21004,82.0263,-0.00046593044,-0.0076918304,23.276308
27.39,8.2116,82.10829,-0.00046559237,-0.0076442063,23.276258
27.4,8.213153,82.19025,-0.0004660925,-0.0076013952,23.276215
27.41,8.214706,82.272255,-0.00046604965,-0.007555738,23.276169
27.42,8.216254,82.35429,-0.00046602543,-0.007506028,23.276133
27.43,8.217796,82.43632,-0.0004659323,-0.0074596405,23.276081
27.44,8.219334,82.51839,-0.00046590157,-0.0074169785,23.276037
27.45,8.220869,82.60048,-0.00046603568,-0.007368028,23.27599
27.46,8.2224,82.68259,-0.00046604592,-0.007328436,23.275942
27.47,8.223925,82.7647,-0.00046591647,-0.007278785,23.275896
27.48,8.225448,82.846855,-0.0004656529,-0.0072250664,23.275848
27.49,8.226966,82.92905,-0.0004655784,-0.0071708113,23.275806
27.5,8.228477,83.01122,-0.00046609435,-0.0071382523,23.275753
27.51,8.229986,83.093445,-0.00046567898,-0.0070773065,23.275702
27.52,8.231491,83.17565,-0.00046582054,-0.007030964,23.275652
27.53,8.232992,83.25796,-0.000465801,-0.00698629,23.275612
27.54,8.2344885,83.34022,-0.00046567898,-0.006937906,23.275558
27.55,8.235981,83.42251,-0.00046562124,-0.006890565,23.275509
27.56,8.237473,83.50488,-0.0004655933,-0.006834939,23.275455
27.57,8.2389555,83.58718,-0.00046554487,-0.0067932904,23.27541
27.58,8.240435,83.66956,-0.00046557095,-0.006740749,23.275354
27.59,8.241912,83.75195,-0.00046541356,-0.0066948086,23.27531
27.6,8.243385,83.83439,-0.00046522263,-0.0066401213,23.275248
27.61,8.244854,83.91681,-0.0004655067,-0.0065956414,23.275196
27.62,8.246317,83.99923,-0.00046499725,-0.0065458566,23.27515
27.63,8.247777,84.081696,-0.00046489667,-0.0064871907,23.275097
27.64,8.249233,84.16422,-0.00046501588,-0.006444797,23.27505
27.65,8.250685,84.24675,-0.00046497025,-0.0063940883,23.275
27.66,8.252131,84.32929,-0.00046471134,-0.006344378,23.274933
27.67,8.253576,84.41184,-0.00046478678,-0.0062969774,23.274887
27.68,8.255015,84.494446,-0.00046437047,-0.0062487274,23.274837
27.69,8.256451,84.57708,-0.00046435744,-0.0061993003,23.274775
27.7,8.257881,84.65972,-0.00046427362,-0.006155804,23.27473
27.71,8.259307,84.742355,-0.0004641777,-0.00610514,23.274673
27.72,8.260731,84.825066,-0.00046374835,-0.006055787,23.274626
27.73,8.26215,84.90772,-0.0004635416,-0.0060087144,23.274555
27.74,8.263569,84.99045,-0.00046339445,-0.005958542,23.274504
27.75,8.2649765,85.0732,-0.00046312157,-0.005904749,23.274458
27.76,8.266384,85.15597,-0.00046295673,-0.005859822,23.274405
27.77,8.267786,85.238754,-0.00046290364,-0.005822405,23.274342
27.78,8.269186,85.321594,-0.00046233274,-0.0057678223,23.274284
27.79,8.270581,85.404434,-0.0004625516,-0.005721569,23.274239
27.8,8.27197,85.48728,-0.0004621679,-0.0056817383,23.274174
27.81,8.273358,85.57016,-0.00046181027,-0.00563322,23.274124
27.82,8.274739,85.65311,-0.00046145264,-0.0055828094,23.274057
27.83,8.276121,85.736015,-0.0004613176,-0.0055368245,23.274008
27.84,8.277497,85.81896,-0.00046051852,-0.0054959655,23.273954
27.85,8.278865,85.90191,-0.00046039373,-0.0054557323,23.273897
27.86,8.280231,85.98497,-0.00046033505,-0.0054100454,23.273842
27.87,8.281596,86.067986,-0.00045981724,-0.005361095,23.273777
27.88,8.282953,86.15101,-0.00045944192,-0.0053207874,23.273727
27.89,8.2843075,86.23403,-0.0004589539,-0.0052797645,23.273668
27.9,8.28566,86.31715,-0.00045820605,-0.005232975,23.273615
27.91,8.287007,86.40026,-0.00045796297,-0.0051897615,23.273556
27.92,8.288348,86.48341,-0.00045760535,-0.005148679,23.273497
27.93,8.289687,86.56655,-0.00045738928,-0.0051078945,23.273436
27.94,8.291022,86.649734,-0.00045676064,-0.005069092,23.273384
27.95,8.292355,86.73296,-0.0004563257,-0.0050323755,23.27332
27.96,8.29368,86.81615,-0.0004557157,-0.0049880445,23.273258
27.97,8.295002,86.89944,-0.00045513734,-0.004956186,23.273212
27.98,8.29632,86.98267,-0.00045472942,-0.0049155354,23.273157
27.99,8.297638,87.06599,-0.00045382138,-0.0048747957,23.2731
28.0,8.298947,87.149284,-0.00045335013,-0.0048421174,23.27304
28.01,8.300254,87.232605,-0.0004527457,-0.0048096627,23.27298
28.02,8.3015585,87.31598,-0.0004522456,-0.004771039,23.27292
28.03,8.302857,87.39937,-0.00045180786,-0.0047391504,23.272867
28.04,8.3041525,87.48279,-0.00045113452,-0.004706368,23.272812
28.05,8.305443,87.5662,-0.00045025907,-0.004668325,23.272755
28.06,8.306732,87.64966,-0.00044932868,-0.004629329,23.272694
28.07,8.308014,87.73312,-0.0004488295,-0.004609406,23.272633
28.08,8.309294,87.81662,-0.00044809375,-0.004578367,23.272575
28.09,8.310571,87.90015,-0.00044745766,-0.0045449287,23.272516
28.1,8.311838,87.983696,-0.00044619106,-0.0045170486,23.272459
28.11,8.313109,88.06725,-0.0004455112,-0.0044876486,23.272406
28.12,8.314372,88.15085,-0.0004449319,-0.0044707954,23.272345
28.13,8.315631,88.23445,-0.00044380035,-0.004433304,23.272287
28.14,8.316891,88.318085,-0.00044309907,-0.0044168383,23.272228
28.15,8.318138,88.4017,-0.0004418837,-0.004381895,23.272173
28.16,8.319387,88.48539,-0.00044102035,-0.0043612868,23.272118
28.17,8.320632,88.56914,-0.00043999683,-0.0043336153,23.27206
28.18,8.321872,88.65283,-0.00043914188,-0.0043141395,23.272001
28.19,8.323106,88.73658,-0.00043804757,-0.0042921007,23.271946
28.2,8.324338,88.8203,-0.00043710787,-0.004271537,23.271885
28.21,8.32557,88.9041,-0.0004360862,-0.0042573363,23.271832
28.22,8.326792,88.98789,-0.00043464266,-0.004229784,23.271765
28.23,8.328013,89.071754,-0.00043339562,-0.0042117387,23.271717
28.24,8.32923,89.15559,-0.0004325295,-0.004197061,23.27166
28.25,8.3304405,89.23948,-0.00043144543,-0.0041845143,23.271597
28.26,8.331651,89.32332,-0.00043044612,-0.0041679293,23.271545
28.27,8.332857,89.407265,-0.00042903423,-0.0041555464,23.271482
28.28,8.33406,89.49117,-0.00042766985,-0.0041428357,23.271435
28.29,8.335255,89.57517,-0.00042646937,-0.004136443,23.271378
28.3,8.336451,89.659096,-0.0004251534,-0.004118055,23.271317
28.31,8.337637,89.743095,-0.00042392686,-0.004112929,23.271257
28.32,8.338825,89.82713,-0.00042235292,-0.004100904,23.271208
28.33,8.340004,89.911156,-0.00042103976,-0.0040995628,23.271152
28.34,8.341184,89.9952,-0.00041925255,-0.0040910244,23.271093
28.35,8.342359,90.07929,-0.0004182132,-0.0040834993,23.271038
28.36,8.343529,90.163376,-0.0004165424,-0.0040861815,23.270983
28.37,8.344696,90.247505,-0.00041488465,-0.0040756464,23.270933
28.38,8.345858,90.331635,-0.00041337404,-0.0040807873,23.270882
28.39,8.347017,90.415794,-0.00041188952,-0.00407508,23.27082
28.4,8.348171,90.49999,-0.0004101256,-0.004079491,23.27077
28.41,8.349323,90.58417,-0.00040896144,-0.0040869415,23.270716
28.42,8.350471,90.66836,-0.00040700473,-0.0040783733,23.270649
28.43,8.351616,90.75265,-0.0004052529,-0.0040867478,23.270605
28.44,8.352755,90.83692,-0.00040372182,-0.004095152,23.27055
28.45,8.353889,90.92114,-0.00040196255,-0.0040918887,23.270494
28.46,8.3550205,91.005424,-0.00040006917,-0.004103452,23.270456
28.47,8.356149,91.08972,-0.00039827917,-0.0041147918,23.270391
28.48,8.357274,91.17405,-0.00039639603,-0.004121661,23.27034
28.49,8.358397,91.258415,-0.00039451756,-0.0041307956,23.270283
28.5,8.359514,91.34278,-0.00039240532,-0.004142776,23.270237
28.51,8.360628,91.42713,-0.00039081555,-0.0041620433,23.270182
28.52,8.361736,91.51157,-0.00038852915,-0.004169315,23.27013
28.53,8.362842,91.59596,-0.00038665626,-0.004191473,23.270079
28.54,8.363943,91.68039,-0.00038450956,-0.004204184,23.270025
28.55,8.365041,91.76484,-0.0003828155,-0.0042305887,23.269978
28.56,8.366135,91.8493,-0.0003805766,-0.004242718,23.26993
28.57,8.367226,91.93374,-0.000378347,-0.0042643547,23.269873
28.58,8.368313,92.01825,-0.00037636235,-0.004286006,23.269823
28.59,8.369397,92.10277,-0.00037434325,-0.0043070614,23.26978
28.6,8.370475,92.1873,-0.00037211925,-0.0043387413,23.269718
28.61,8.371553,92.27186,-0.0003696652,-0.004360527,23.269676
28.62,8.372624,92.35641,-0.00036767684,-0.0043893754,23.269627
28.63,8.373692,92.440994,-0.00036552828,-0.0044145584,23.269579
28.64,8.374758,92.52552,-0.0003630165,-0.0044452995,23.269533
28.65,8.375819,92.61011,-0.00036062486,-0.0044724494,23.269482
28.66,8.376877,92.69474,-0.00035850983,-0.0045018494,23.269432
28.67,8.377929,92.779396,-0.0003561424,-0.0045382977,23.269388
28.68,8.37898,92.86405,-0.00035355147,-0.0045659244,23.269337
28.69,8.380026,92.94871,-0.0003508292,-0.0046076924,23.269289
28.7,8.381068,93.03336,-0.00034851301,-0.0046492964,23.269245
28.71,8.382108,93.11804,-0.0003463868,-0.0046803206,23.269192
28.72,8.383139,93.202736,-0.00034383126,-0.0047178417,23.269154
28.73,8.384173,93.28743,-0.0003410019,-0.004751742,23.269104
28.74,8.385201,93.37214,-0.00033873413,-0.0047997236,23.26906
28.75,8.386227,93.45687,-0.0003362391,-0.004849538,23.269012
28.76,8.387249,93.54163,-0.00033336878,-0.0048783273,23.268967
28.77,8.388266,93.62637,-0.00033089425,-0.0049274266,23.26892
28.78,8.3892765,93.71111,-0.00032849237,-0.0049730837,23.268873
28.79,8.390289,93.79589,-0.00032587163,-0.0050169826,23.268831
28.8,8.391296,93.88066,-0.0003232807,-0.005068466,23.268785
28.81,8.392296,93.96545,-0.0003205482,-0.0051160604,23.268751
28.82,8.393297,94.05027,-0.0003175959,-0.0051653385,23.2687
28.83,8.394296,94.13507,-0.00031520985,-0.0052206367,23.268661
28.84,8.395285,94.21987,-0.0003126692,-0.0052708536,23.268612
28.85,8.396273,94.30471,-0.0003097942,-0.00532794,23.268581
28.86,8.397258,94.389534,-0.0003070552,-0.0053773075,23.268532
28.87,8.398241,94.474365,-0.00030425936,-0.005433023,23.26849
28.88,8.3992195,94.559235,-0.00030159112,-0.005486414,23.268446
28.89,8.400191,94.64407,-0.00029887352,-0.005547717,23.268412
28.9,8.401163,94.72896,-0.0002960395,-0.005606711,23.268368
28.91,8.402135,94.813805,-0.00029330514,-0.0056618303,23.268326
28.92,8.403096,94.89865,-0.00029073097,-0.005723208,23.26828
28.93,8.404057,94.98351,-0.00028753,-0.0057814717,23.268244
28.94,8.405015,95.0684,-0.00028520823,-0.005841404,23.268202
28.95,8.405971,95.1533,-0.00028227735,-0.00590536,23.26816
28.96,8.406919,95.23813,-0.0002795169,-0.005973384,23.268122
28.97,8.407866,95.32307,-0.0002768021,-0.006039098,23.268085
28.98,8.40881,95.407936,-0.0002740426,-0.0061029345,23.268042
28.99,8.409751,95.492836,-0.000271135,-0.0061708987,23.268005
29.0,8.4106865,95.57773,-0.00026848726,-0.0062377006,23.267973
29.01,8.411621,95.66264,-0.000265738,-0.0062999874,23.26793
29.02,8.412552,95.747505,-0.0002627764,-0.0063770413,23.267895
29.03,8.413478,95.832405,-0.0002598865,-0.006444171,23.267845
29.04,8.414403,95.917274,-0.00025725272,-0.0065167695,23.267817
29.05,8.41532,96.0022,-0.0002549542,-0.006587118,23.267773
29.06,8.416241,96.08708,-0.0002519982,-0.0066572577,23.267736
29.07,8.417154,96.17196,-0.00024932157,-0.0067332834,23.267706
29.08,8.418062,96.256874,-0.00024673715,-0.006802097,23.267664
29.09,8.418971,96.34174,-0.00024397578,-0.006879553,23.267635
29.1,8.419873,96.42665,-0.00024145097,-0.006954685,23.267605
29.11,8.420773,96.51151,-0.0002387613,-0.0070244223,23.267565
29.12,8.421671,96.596436,-0.00023622159,-0.0071017146,23.267525
29.13,8.422565,96.68127,-0.00023407489,-0.0071791857,23.26749
29.14,8.423457,96.76615,-0.00023116823,-0.0072589517,23.267452
29.15,8.424344,96.851006,-0.0002287738,-0.007336393,23.26742
29.16,8.42523,96.93589,-0.00022624526,-0.007410735,23.267387
29.17,8.426111,97.02074,-0.0002238974,-0.007493317,23.26735
29.18,8.426991,97.10555,-0.0002214564,-0.0075730085,23.267317
29.19,8.427865,97.19038,-0.0002192203,-0.007646993,23.267292
29.2,8.428736,97.27522,-0.00021638535,-0.0077260137,23.267246
29.21,8.429605,97.35999,-0.00021408591,-0.007807404,23.267218
29.22,8.430473,97.44486,-0.00021206774,-0.007889897,23.267176
29.23,8.4313345,97.52963,-0.0002100477,-0.007967934,23.26714
29.24,8.432195,97.61441,-0.00020782277,-0.008048207,23.267105
29.25,8.433051,97.6992,-0.00020581856,-0.008126393,23.267073
29.26,8.433907,97.78394,-0.0002035303,-0.008207396,23.267044
29.27,8.434756,97.8687,-0.00020205975,-0.008285508,23.267015
29.28,8.435605,97.95344,-0.00019969419,-0.008371785,23.266977
29.29,8.436446,98.03814,-0.00019809231,-0.00845027,23.266945
29.3,8.437288,98.122856,-0.00019614026,-0.008536711,23.266914
29.31,8.4381275,98.20755,-0.00019433256,-0.0086179525,23.266876
29.32,8.438967,98.292244,-0.0001926655,-0.008688644,23.26685
29.33,8.439798,98.3769,-0.0001912713,-0.008777678,23.266811
29.34,8.440629,98.46155,-0.0001895912,-0.008858725,23.266777
29.35,8.441457,98.54614,-0.00018834788,-0.008936435,23.266747
29.36,8.442281,98.63078,-0.00018691737,-0.009016156,23.266712
29.37,8.4431,98.71537,-0.00018556882,-0.009093583,23.266678
29.38,8.443923,98.799934,-0.00018410664,-0.009176105,23.26665
29.39,8.4447365,98.8845,-0.00018336624,-0.00925751,23.266623
29.4,8.445549,98.968994,-0.00018224586,-0.009342462,23.266582
29.41,8.446362,99.05351,-0.00018124096,-0.0094127655,23.266542
29.42,8.447171,99.138016,-0.00018033665,-0.009493023,23.266516
29.43,8.447975,99.22247,-0.00017962605,-0.009571239,23.266476
29.44,8.448777,99.3069,-0.00017932616,-0.009644717,23.266453
29.45,8.449575,99.391304,-0.00017841253,-0.009728193,23.266413
29.46,8.450376,99.475716,-0.00017814618,-0.009806156,23.266378
29.47,8.451169,99.56008,-0.00017803907,-0.009877428,23.266348
29.48,8.451959,99.64436,-0.00017778389,-0.009953454,23.266312
29.49,8.452748,99.72873,-0.00017754827,-0.0100232065,23.266285
29.5,8.453535,99.81302,-0.00017745793,-0.0101008415,23.266254
29.51,8.454319,99.897255,-0.00017747283,-0.010170519,23.266218
29.52,8.4551,99.98149,-0.00017789192,-0.010249719,23.266176
29.53,8.455879,100.06566,-0.00017855875,-0.010317981,23.266144
29.54,8.456658,100.14986,-0.0001791874,-0.010385424,23.266113
29.55,8.45743,100.23398,-0.00017963629,-0.010456383,23.266077
29.56,8.458203,100.31806,-0.00018051732,-0.01052241,23.266039
29.57,8.458971,100.40213,-0.00018162373,-0.010596737,23.26601
29.58,8.459736,100.4862,-0.0001825355,-0.010657042,23.265965
29.59,8.460503,100.570206,-0.00018366892,-0.010717779,23.265934
29.6,8.461266,100.654144,-0.000184807,-0.010782361,23.265894
29.61,8.462023,100.73808,-0.00018684287,-0.010849759,23.265858
29.62,8.462781,100.82199,-0.00018868223,-0.010906488,23.265823
29.63,8.463536,100.9058,-0.00019045081,-0.010966942,23.265789
29.64,8.464287,100.98964,-0.00019236002,-0.0110236555,23.265745
29.65,8.465038,101.07342,-0.00019476004,-0.011083841,23.265717
29.66,8.465787,101.15715,-0.00019747857,-0.011130676,23.265678
29.67,8.466531,101.24083,-0.00019980501,-0.011189416,23.265633
29.68,8.467272,101.32453,-0.0002024537,-0.011242151,23.265602
29.69,8.468013,101.40812,-0.00020560063,-0.011288404,23.265556
29.7,8.46875,101.49172,-0.00020865444,-0.011337385,23.26552
29.71,8.469487,101.57519,-0.0002120696,-0.011380807,23.265476
29.72,8.470226,101.65871,-0.00021558814,-0.011434302,23.265438
29.73,8.470958,101.742134,-0.00021936372,-0.011472836,23.265398
29.74,8.471688,101.825554,-0.0002229549,-0.011517182,23.265364
29.75,8.472414,101.908875,-0.00022738613,-0.011557803,23.26531
29.76,8.4731455,101.99218,-0.00023164973,-0.011590049,23.265272
29.77,8.473867,102.075455,-0.00023628864,-0.011630014,23.265234
29.78,8.474591,102.158646,-0.00024117716,-0.011658326,23.265184
29.79,8.475312,102.24183,-0.00024632365,-0.011690065,23.265142
29.8,8.47603,102.32488,-0.0002512494,-0.01171571,23.265097
29.81,8.476746,102.407936,-0.00025696214,-0.011745468,23.265053
29.82,8.477459,102.49096,-0.000262768,-0.011767209,23.26501
29.83,8.478173,102.57389,-0.00026848726,-0.011786759,23.264954
29.84,8.478881,102.65679,-0.00027489103,-0.011804789,23.264914
29.85,8.479594,102.73961,-0.00028139073,-0.011821523,23.264862
29.86,8.480297,102.8224,-0.00028831046,-0.011838347,23.264816
29.87,8.481004,102.90512,-0.00029521156,-0.011845812,23.26477
29.88,8.48171,102.98776,-0.00030212943,-0.01185894,23.264723
29.89,8.482413,103.07038,-0.0003093779,-0.011865601,23.26466
29.9,8.483111,103.152916,-0.00031735003,-0.011867017,23.26462
29.91,8.483811,103.23541,-0.00032556616,-0.011868045,23.264572
29.92,8.484505,103.317825,-0.0003338894,-0.011864275,23.264503
29.93,8.485201,103.4002,-0.0003422303,-0.01185821,23.26446
29.94,8.485896,103.48253,-0.0003513554,-0.011852682,23.264402
29.95,8.486586,103.56477,-0.0003603371,-0.011839956,23.264349
29.96,8.48728,103.64692,-0.00036968384,-0.011819348,23.264292
29.97,8.487964,103.72904,-0.00037952606,-0.0118032545,23.264233
29.98,8.488651,103.811104,-0.00038942508,-0.011780977,23.26418
29.99,8.489338,103.89307,-0.00039994344,-0.011755973,23.264116
30.0,8.490022,103.975,-0.00041056145,-0.01173459,23.264055
30.01,8.490707,104.056854,-0.00042173732,-0.011701435,23.263998
30.02,8.491386,104.138626,-0.00043321121,-0.011667445,23.263937
30.03,8.4920635,104.22032,-0.00044468138,-0.011627555,23.263878
30.04,8.492745,104.301956,-0.00045662653,-0.011589929,23.263815
30.05,8.493421,104.38351,-0.00046883803,-0.011544913,23.263752
30.06,8.494097,104.46501,-0.00048146024,-0.011489749,23.263687
30.07,8.494772,104.54644,-0.00049438234,-0.011439264,23.263613
30.08,8.495444,104.62777,-0.0005077049,-0.011379138,23.263552
30.09,8.496114,104.709,-0.0005216487,-0.01132153,23.263485
30.1,8.496787,104.79024,-0.00053534005,-0.0112591535,23.26341
30.11,8.497456,104.871346,-0.0005497355,-0.011194542,23.263348
30.12,8.498124,104.95236,-0.0005645091,-0.01111865,23.263268
30.13,8.498791,105.0333,-0.0005795378,-0.011040345,23.263195
30.14,8.499455,105.11419,-0.00059502386,-0.010964036,23.263123
30.15,8.500121,105.19505,-0.00061068125,-0.010877103,23.263048
30.16,8.500782,105.275734,-0.00062702876,-0.010791972,23.262981
30.17,8.501446,105.35636,-0.00064374786,-0.010698274,23.2629
30.18,8.502103,105.43694,-0.0006605685,-0.010604396,23.262817
30.19,8.502765,105.51741,-0.0006780755,-0.010498032,23.262741
30.2,8.503422,105.59778,-0.0006956244,-0.010397658,23.262651
30.21,8.504081,105.6781,-0.00071389414,-0.0102746785,23.262577
30.22,8.504738,105.75832,-0.000732434,-0.01016818,23.262487
30.23,8.505396,105.83843,-0.0007514898,-0.010046348,23.262407
30.24,8.506048,105.91849,-0.0007705707,-0.009923071,23.262323
30.25,8.506702,105.99848,-0.0007904563,-0.009793878,23.262234
30.26,8.507357,106.07835,-0.0008107694,-0.009662658,23.26214
30.27,8.508007,106.15811,-0.0008310126,-0.00952363,23.262058
30.28,8.508658,106.2378,-0.00085252617,-0.009381473,23.261967
30.29,8.509308,106.317444,-0.00087383576,-0.00923337,23.26187
30.3,8.509958,106.39689,-0.00089562405,-0.009083986,23.261776
30.31,8.510605,106.47629,-0.00091808103,-0.008921087,23.261683
30.32,8.511252,106.55563,-0.000941148,-0.008761123,23.261578
30.33,8.511899,106.63487,-0.0009639673,-0.008596033,23.261494
30.34,8.512549,106.714005,-0.0009875074,-0.00842008,23.26138
30.35,8.513192,106.79302,-0.0010119136,-0.008243009,23.261288
30.36,8.513837,106.87195,-0.0010364465,-0.008061573,23.261189
30.37,8.514478,106.95078,-0.0010614526,-0.007871002,23.261082
30.38,8.515126,107.0295,-0.0010869615,-0.007678807,23.260975
30.39,8.515765,107.10818,-0.0011129603,-0.0074752867,23.260864
30.4,8.516409,107.18669,-0.0011395626,-0.007273376,23.260765
30.41,8.517048,107.26515,-0.0011662599,-0.0070705265,23.26065
30.42,8.517691,107.34348,-0.0011939108,-0.0068504065,23.260544
30.43,8.518327,107.42172,-0.001221519,-0.0066249967,23.260422
30.44,8.518969,107.49991,-0.00125001,-0.006397933,23.260307
30.45,8.519607,107.577896,-0.0012788232,-0.0061708093,23.260193
30.46,8.520244,107.65579,-0.0013079531,-0.0059309304,23.26008
30.47,8.520879,107.733665,-0.0013378896,-0.005689308,23.259966
30.48,8.521521,107.811295,-0.0013684109,-0.0054362267,23.25984
30.49,8.522158,107.88897,-0.0013991483,-0.005182788,23.259708
30.5,8.522794,107.96645,-0.0014305413,-0.0049218535,23.259592
30.51,8.523431,108.04384,-0.0014624465,-0.0046571046,23.259472
30.52,8.524063,108.12109,-0.001494864,-0.0043776184,23.259342
30.53,8.524702,108.198296,-0.001527762,-0.0041000247,23.259209
30.54,8.525337,108.275314,-0.0015612282,-0.0038151592,23.259083
30.55,8.525968,108.3523,-0.0015949886,-0.0035217702,23.258942
30.56,8.526606,108.42915,-0.0016296562,-0.0032292157,23.258812
30.57,8.527235,108.50586,-0.0016645305,-0.0029229224,23.258669
30.58,8.52787,108.58253,-0.0017001145,-0.002613619,23.258543
30.59,8.528503,108.65897,-0.0017359555,-0.0023007095,23.258392
30.6,8.529136,108.735374,-0.0017726906,-0.0019779503,23.258259
30.61,8.529769,108.81162,-0.0018098243,-0.0016432852,23.25811
30.62,8.530401,108.8878,-0.0018474068,-0.0013164133,23.257967
30.63,8.531032,108.9638,-0.0018856283,-0.0009699464,23.257822
30.64,8.531661,109.03972,-0.0019243993,-0.0006249547,23.257675
30.65,8.532295,109.115555,-0.001963716,-0.00027376413,23.257524
30.66,8.5329275,109.19122,-0.0020036586,8.882582e-05,23.25737
30.67,8.533555,109.26674,-0.0020439215,0.0004554242,23.257223
30.68,8.534189,109.34219,-0.0020849928,0.0008302033,23.257055
30.69,8.534818,109.4175,-0.0021268036,0.00120987,23.256905
30.7,8.53545,109.49275,-0.0021690466,0.0015997887,23.256742
30.71,8.536079,109.5678,-0.002211377,0.0019901693,23.256584
30.72,8.536711,109.64274,-0.0022544805,0.0023950785,23.25642
30.73,8.53734,109.71756,-0.0022986848,0.0027962774,23.256264
30.74,8.537972,109.79228,-0.0023428667,0.0032147914,23.256098
30.75,8.538602,109.86685,-0.0023878645,0.0036295354,23.255926
30.76,8.539231,109.94136,-0.0024336427,0.004056722,23.255756
30.77,8.539862,110.01571,-0.0024795402,0.0044935495,23.255589
30.78,8.540491,110.089905,-0.0025263727,0.004933223,23.255413
30.79,8.541121,110.16396,-0.0025739335,0.005378604,23.25523
30.8,8.541751,110.23788,-0.0026217084,0.005834028,23.25506
30.81,8.542382,110.31173,-0.002669964,0.006297663,23.254875
30.82,8.543009,110.38543,-0.0027190652,0.0067692995,23.254692
30.83,8.543639,110.458984,-0.0027688276,0.0072416365,23.254513
30.84,8.544269,110.532455,-0.0028191675,0.0077222437,23.254324
30.85,8.544902,110.605705,-0.002870366,0.008212864,23.25414
30.86,8.5455265,110.67889,-0.0029215235,0.00870955,23.253948
30.87,8.546158,110.75191,-0.002973536,0.00921388,23.25376
30.88,8.546787,110.82483,-0.003026329,0.009723648,23.253574
30.89,8.5474205,110.89765,-0.0030792765,0.010243744,23.253366
30.9,8.54805,110.97025,-0.0031336695,0.010767296,23.253172
30.91,8.548681,111.04276,-0.0031879395,0.011297807,23.25298
30.92,8.54931,111.115135,-0.003242951,0.011838689,23.252777
30.93,8.549941,111.18738,-0.0032986905,0.012382671,23.252575
30.94,8.550571,111.25948,-0.0033550914,0.012938544,23.252369
30.95,8.551203,111.331505,-0.003412038,0.013499454,23.252157
30.96,8.551833,111.4033,-0.0034695845,0.014067739,23.251953
30.97,8.552462,111.47497,-0.0035276636,0.014642224,23.251741
30.98,8.553094,111.54656,-0.003586404,0.015223414,23.25153
30.99,8.553725,111.61798,-0.003646141,0.015812904,23.251308
31.0,8.554358,111.68926,-0.0037059132,0.016409487,23.251095
31.01,8.554991,111.760414,-0.003766466,0.01701364,23.250881
31.02,8.555622,111.83143,-0.0038278215,0.017627805,23.250664
31.03,8.556255,111.90228,-0.0038896222,0.018247962,23.25043
31.04,8.556887,111.97305,-0.0039519724,0.018876761,23.25021
31.05,8.55752,112.043594,-0.0040150937,0.019505441,23.24998
31.06,8.558152,112.11409,-0.0040789787,0.020148039,23.24975
31.07,8.558786,112.18432,-0.0041434076,0.02080001,23.249525
31.08,8.55942,112.25454,-0.004208315,0.021454126,23.249298
31.09,8.560052,112.32458,-0.004273858,0.022119075,23.249056
31.1,8.560685,112.39444,-0.004340457,0.022791192,23.248821
31.11,8.561319,112.46418,-0.00440713,0.02346535,23.248589
31.12,8.56195,112.53375,-0.0044747293,0.024147943,23.248354
31.13,8.562585,112.60324,-0.0045429617,0.024844393,23.248104
31.14,8.563219,112.67254,-0.0046114568,0.02554366,23.24785
31.15,8.563854,112.741714,-0.0046807323,0.026252568,23.247614
31.16,8.564489,112.8107,-0.0047509503,0.026970357,23.24737
31.17,8.565128,112.87959,-0.0048212856,0.02769129,23.247118
31.18,8.565762,112.94836,-0.004892636,0.028419703,23.24686
31.19,8.566398,113.01691,-0.0049644317,0.02915731,23.246609
31.2,8.567033,113.085335,-0.005037293,0.029902905,23.246359
31.21,8.567671,113.15367,-0.005110435,0.030656368,23.246098
31.22,8.568309,113.22175,-0.005184004,0.031421304,23.245838
31.23,8.568942,113.28977,-0.005258385,0.032184154,23.245583
31.24,8.56958,113.357635,-0.005333258,0.032959357,23.245317
31.25,8.57022,113.42532,-0.0054090265,0.033742473,23.245052
31.26,8.57086,113.49285,-0.0054854453,0.03453189,23.24479
31.27,8.571493,113.56035,-0.005562214,0.035331428,23.244518
31.28,8.572132,113.62753,-0.0056400653,0.036137953,23.244246
31.29,8.572774,113.69468,-0.0057178494,0.036944285,23.243977
31.3,8.573411,113.76163,-0.00579674,0.037764758,23.243706
31.31,8.574049,113.82843,-0.0058760364,0.038593233,23.243427
31.32,8.574693,113.895096,-0.005956011,0.039426565,23.243147
31.33,8.575329,113.96166,-0.006036669,0.040270746,23.242867
31.34,8.575973,114.02799,-0.0061180685,0.041119307,23.242584
31.35,8.576616,114.09421,-0.006199602,0.041972905,23.242302
31.36,8.577253,114.16028,-0.0062826537,0.042835146,23.242012
31.37,8.57789,114.2262,-0.0063652806,0.043707535,23.241726
31.38,8.578537,114.29194,-0.0064490866,0.044588596,23.241446
31.39,8.579178,114.35753,-0.0065331403,0.045473337,23.24115
31.4,8.579822,114.42301,-0.0066184755,0.046370372,23.240862
31.41,8.580462,114.4883,-0.006703943,0.047265366,23.24056
31.42,8.581107,114.553444,-0.006790133,0.04817748,23.240263
31.43,8.581748,114.61851,-0.0068770815,0.049093604,23.23997
31.44,8.582394,114.68336,-0.006963916,0.05001375,23.239666
31.45,8.583037,114.74802,-0.0070520975,0.050945923,23.239365
31.46,8.58368,114.81253,-0.007140944,0.05188048,23.239075
31.47,8.584323,114.87695,-0.0072301906,0.052824423,23.238762
31.48,8.58497,114.94117,-0.00731989,0.05377443,23.23845
31.49,8.585616,115.00529,-0.007410582,0.054737836,23.238146
31.5,8.586261,115.06925,-0.007501466,0.05570458,23.237831
31.51,8.5869055,115.13303,-0.0075932164,0.056676537,23.237516
31.52,8.587552,115.19661,-0.007685084,0.057653874,23.237211
31.53,8.5882,115.26011,-0.0077781435,0.058644533,23.236889
31.54,8.588845,115.32344,-0.007871719,0.059638873,23.236572
31.55,8.589493,115.38661,-0.00796555,0.060639784,23.236254
31.56,8.590138,115.449615,-0.008060219,0.061650097,23.23593
31.57,8.590783,115.51245,-0.008155458,0.062664896,23.235617
31.58,8.591434,115.575165,-0.00825138,0.063687876,23.235296
31.59,8.592079,115.637726,-0.008347414,0.064716294,23.234972
31.6,8.59273,115.70011,-0.008444361,0.06575525,23.23463
31.61,8.593376,115.762375,-0.008541584,0.06679703,23.23432
31.62,8.594025,115.82445,-0.008639898,0.06785232,23.233982
31.63,8.594679,115.88638,-0.008738605,0.068906724,23.233648
31.64,8.595325,115.94818,-0.008837709,0.06997348,23.23331
31.65,8.595977,116.00979,-0.008937849,0.071046814,23.232985
31.66,8.596625,116.0713,-0.009038243,0.07212703,23.232641
31.67,8.597274,116.132576,-0.009139236,0.073207766,23.232307
31.68,8.597926,116.19373,-0.009240946,0.074301645,23.231964
31.69,8.598576,116.25479,-0.00934267,0.07539947,23.231627
31.7,8.599228,116.31561,-0.0094451625,0.0765094,23.231277
31.71,8.599876,116.37629,-0.009548685,0.07761893,23.230944
31.72,8.600529,116.436844,-0.009652503,0.07874134,23.230595
31.73,8.601182,116.49725,-0.0097565,0.07986769,23.230242
31.74,8.601832,116.55749,-0.0098617915,0.08099939,23.229904
31.75,8.602485,116.61755,-0.009967202,0.082138285,23.229548
31.76,8.603134,116.67745,-0.010072822,0.08328463,23.229195
31.77,8.603787,116.73726,-0.010179566,0.08443627,23.228848
31.78,8.604438,116.796844,-0.0102863945,0.08560039,23.22849
31.79,8.605093,116.85632,-0.010393979,0.08676708,23.228136
31.8,8.605744,116.91563,-0.010502135,0.087935686,23.227776
31.81,8.606402,116.974785,-0.010610728,0.08911781,23.227419
31.82,8.607053,117.03373,-0.010720003,0.09030262,23.227064
31.83,8.607709,117.09261,-0.010829808,0.091496736,23.226702
31.84,8.608361,117.15129,-0.010939639,0.09269114,23.226343
31.85,8.6090145,117.209854,-0.011050796,0.09389609,23.22598
31.86,8.609669,117.26817,-0.011162251,0.095106676,23.225607
31.87,8.61032,117.3264,-0.011274185,0.09632483,23.225246
31.88,8.610975,117.384476,-0.011386175,0.09755042,23.224884
31.89,8.61163,117.44238,-0.011499327,0.09877984,23.224508
31.9,8.612289,117.50012,-0.011612188,0.10001631,23.224136
31.91,8.612942,117.55773,-0.011726268,0.10125951,23.223764
31.92,8.613596,117.615166,-0.011840507,0.1025098,23.223392
31.93,8.614251,117.67251,-0.011955369,0.103759974,23.223019
31.94,8.614904,117.72967,-0.012070734,0.105021216,23.222649
31.95,8.615562,117.78659,-0.0121864155,0.10628652,23.222279
31.96,8.616217,117.8434,-0.012302697,0.10756297,23.22189
31.97,8.616866,117.900085,-0.012419226,0.10884047,23.221518
31.98,8.617527,117.956635,-0.012536567,0.11012371,23.221146
31.99,8.618183,118.013016,-0.012654649,0.111415125,23.220758
32.0,8.618836,118.06923,-0.012772981,0.112709805,23.220379
32.01,8.619495,118.12526,-0.012891641,0.11401388,23.22
32.02,8.62015,118.18125,-0.013010504,0.115323514,23.21961
32.03,8.620804,118.236984,-0.01312997,0.116634965,23.219223
32.04,8.621461,118.29256,-0.013250232,0.11795577,23.218834
32.05,8.622117,118.348045,-0.013370721,0.11928107,23.218452
32.06,8.622774,118.40333,-0.013492024,0.120615065,23.21807
32.07,8.62343,118.458435,-0.013613464,0.121949,23.21768
32.08,8.624086,118.51349,-0.013735296,0.1232905,23.217295
32.09,8.624745,118.5683,-0.01385772,0.1246456,23.216892
32.1,8.625396,118.62295,-0.013980469,0.12599045,23.216507
32.11,8.626054,118.6775,-0.01410367,0.12735464,23.216106
32.12,8.626709,118.73188,-0.014227152,0.12871797,23.215717
32.13,8.627364,118.78612,-0.01435109,0.1300883,23.215332
32.14,8.628021,118.84018,-0.014476214,0.13146085,23.214931
32.15,8.628676,118.89413,-0.014600979,0.13284084,23.214533
32.16,8.6293335,118.947914,-0.014726315,0.13422915,23.21414
32.17,8.629989,119.001465,-0.014851905,0.13561793,23.213749
32.18,8.630644,119.05501,-0.014978154,0.13701302,23.213339
32.19,8.6313,119.10829,-0.015104927,0.13841847,23.212942
32.2,8.631957,119.16147,-0.015231932,0.13982418,23.212536
32.21,8.632614,119.2145,-0.0153594725,0.14123496,23.212141
32.22,8.633268,119.267365,-0.015487503,0.14265412,23.21174
32.23,8.633924,119.32008,-0.015615389,0.14407402,23.211338
32.24,8.63458,119.37266,-0.01574409,0.14549859,23.21093
32.25,8.635233,119.42509,-0.015872817,0.14693293,23.210524
32.26,8.635894,119.47732,-0.01600234,0.14837003,23.210125
32.27,8.636547,119.529495,-0.016132057,0.14981061,23.209717
32.28,8.637199,119.58149,-0.016262447,0.15125394,23.209314
32.29,8.6378565,119.63329,-0.016393043,0.1527081,23.208906
32.3,8.638512,119.68498,-0.016523834,0.15416756,23.208502
32.31,8.639163,119.73651,-0.016655093,0.1556235,23.20809
32.32,8.639816,119.78785,-0.016786704,0.1570856,23.207676
32.33,8.640472,119.83911,-0.016918706,0.1585617,23.207266
32.34,8.641126,119.89014,-0.017050954,0.160034,23.206863
32.35,8.64178,119.9411,-0.017183771,0.16151503,23.206453
32.36,8.642433,119.9919,-0.017316775,0.16300106,23.206047
32.37,8.643089,120.04254,-0.017450342,0.16448574,23.20563
32.38,8.643741,120.093025,-0.017584043,0.16597909,23.205221
32.39,8.644394,120.14335,-0.017718507,0.1674774,23.204794
32.4,8.645045,120.19362,-0.017852487,0.16897741,23.204386
32.41,8.645699,120.24363,-0.017987499,0.17048341,23.203974
32.42,8.646351,120.293526,-0.018122515,0.17199758,23.203562
32.43,8.647006,120.3433,-0.018257814,0.17351104,23.203152
32.44,8.647653,120.39291,-0.018393693,0.17503084,23.202734
32.45,8.648309,120.442406,-0.018529618,0.17655244,23.202314
32.46,8.648959,120.49172,-0.018666169,0.17807934,23.201899
32.47,8.6496105,120.540924,-0.018802827,0.17961016,23.201488
32.48,8.650262,120.589935,-0.018939437,0.18114215,23.201061
32.49,8.65091,120.63886,-0.019076923,0.18268508,23.200651
32.5,8.651561,120.68758,-0.019214572,0.18422753,23.200232
32.51,8.652213,120.73615,-0.019352438,0.18577617,23.199814
32.52,8.652864,120.784645,-0.019490713,0.18732435,23.199396
32.53,8.653511,120.83295,-0.019628739,0.18888247,23.198973
32.54,8.65416,120.88112,-0.019767692,0.19044043,23.198559
32.55,8.654811,120.92916,-0.019906914,0.19200248,23.198141
32.56,8.655462,120.97705,-0.020046419,0.19356743,23.197721
32.57,8.656107,121.02479,-0.020185603,0.19513853,23.197292
32.58,8.656757,121.072395,-0.020325655,0.19671404,23.196875
32.59,8.657405,121.11988,-0.020465648,0.19829099,23.196451
32.6,8.65805,121.16719,-0.020606259,0.19986539,23.196033
32.61,8.658697,121.21436,-0.020746736,0.20145105,23.195608
32.62,8.659343,121.26144,-0.020887466,0.20304292,23.195196
32.63,8.659991,121.30832,-0.021028778,0.20463207,23.194775
32.64,8.660638,121.35506,-0.021170137,0.20622863,23.194342
32.65,8.661282,121.40169,-0.021311698,0.20782459,23.193935
32.66,8.661928,121.448135,-0.021453789,0.20942777,23.19351
32.67,8.66257,121.49447,-0.0215959,0.21103138,23.193089
32.68,8.663217,121.5407,-0.021738274,0.21264036,23.192669
32.69,8.66386,121.58677,-0.021880826,0.21425101,23.192242
32.7,8.664502,121.632675,-0.022023445,0.21586654,23.19182
32.71,8.665146,121.67848,-0.022166753,0.21748364,23.191397
32.72,8.665789,121.72414,-0.02231002,0.21910572,23.190977
32.73,8.6664295,121.76965,-0.022453407,0.22072758,23.190548
32.74,8.66707,121.814995,-0.0225972,0.22235632,23.19013
32.75,8.667713,121.86023,-0.022740846,0.22398503,23.1897
32.76,8.668352,121.90534,-0.022884918,0.22561646,23.189287
32.77,8.668998,121.95028,-0.023029288,0.22725116,23.188866
32.78,8.669632,121.995094,-0.02317387,0.22888614,23.188437
32.79,8.670272,122.03982,-0.023318162,0.23053077,23.188019
32.8,8.670911,122.08433,-0.023463348,0.23217402,23.1876
32.81,8.671551,122.12878,-0.02360822,0.23382315,23.187168
32.82,8.672191,122.17308,-0.023753768,0.23547214,23.186752
32.83,8.672825,122.21724,-0.023899274,0.23712316,23.186327
32.84,8.673463,122.26121,-0.024044761,0.23877865,23.185905
32.85,8.674098,122.305115,-0.024190618,0.24043728,23.185488
32.86,8.674734,122.34886,-0.024336657,0.24209976,23.18506
32.87,8.67537,122.39248,-0.024482636,0.24375719,23.184635
32.88,8.676006,122.43594,-0.024629092,0.24542521,23.18422
32.89,8.676638,122.479294,-0.024775652,0.24709222,23.183798
32.9,8.67727,122.522484,-0.02492232,0.2487658,23.18337
32.91,8.677905,122.56561,-0.025068829,0.2504355,23.18295
32.92,8.678538,122.60853,-0.025215713,0.25210947,23.182537
32.93,8.679171,122.651375,-0.02536268,0.2537899,23.182102
32.94,8.679801,122.69407,-0.025510373,0.25546864,23.181688
32.95,8.680431,122.73663,-0.025657376,0.25714785,23.181269
32.96,8.681063,122.77905,-0.025805155,0.25883296,23.180851
32.97,8.681691,122.821335,-0.02595226,0.2605157,23.180437
32.98,8.682319,122.8635,-0.026100127,0.26220652,23.180008
32.99,8.682948,122.90554,-0.026248174,0.2638974,23.179586
33.0,8.683574,122.94744,-0.026396206,0.26558855,23.179173
33.01,8.684204,122.98923,-0.02654438,0.26728308,23.178757
33.02,8.684832,123.0309,-0.026692638,0.26898172,23.17833
33.03,8.685456,123.07242,-0.026840871,0.2706788,23.177908
33.04,8.686077,123.1138,-0.02698929,0.27237967,23.177498
33.05,8.686706,123.15504,-0.027138123,0.274079,23.177067
33.06,8.687329,123.1962,-0.027286502,0.275788,23.176653
33.07,8.687953,123.237236,-0.027435558,0.27749267,23.176237
33.08,8.688578,123.278076,-0.027584506,0.27919945,23.175823
33.09,8.689199,123.31886,-0.027733425,0.28090948,23.17541
33.1,8.689818,123.35947,-0.027882496,0.28262058,23.174982
33.11,8.690438,123.40001,-0.028031858,0.28433412,23.17457
33.12,8.69106,123.44038,-0.028181216,0.28604594,23.174158
33.13,8.691681,123.48063,-0.028330078,0.2877661,23.173744
33.14,8.692298,123.52075,-0.028479757,0.28948125,23.173328
33.15,8.692918,123.56076,-0.028629063,0.2912002,23.172915
33.16,8.693534,123.600655,-0.02877896,0.29292056,23.1725
33.17,8.694152,123.64039,-0.028928662,0.29464343,23.172087
33.18,8.694769,123.68002,-0.029078247,0.29636854,23.171677
33.19,8.695378,123.71955,-0.029227981,0.2980893,23.171265
33.2,8.695996,123.75894,-0.029377801,0.29981807,23.170849
33.21,8.696613,123.798256,-0.029527823,0.3015458,23.170439
33.22,8.697225,123.83737,-0.029677855,0.30327272,23.17002
33.23,8.697837,123.87639,-0.029827626,0.30500266,23.169613
33.24,8.698447,123.91533,-0.029978005,0.30673823,23.169195
33.25,8.6990595,123.95408,-0.030128064,0.30846745,23.168785
33.26,8.699673,123.99276,-0.03027839,0.3101992,23.168383
33.27,8.700281,124.031296,-0.03042871,0.31193763,23.167967
33.28,8.700887,124.06969,-0.030578585,0.31367296,23.167559
33.29,8.701498,124.10799,-0.030729143,0.3154106,23.167162
33.3,8.702101,124.14616,-0.030879276,0.31714952,23.166744
33.31,8.702707,124.18424,-0.031029591,0.3188905,23.166332
33.32,8.703317,124.22221,-0.031180331,0.32062864,23.165936
33.33,8.703922,124.260025,-0.0313308,0.3223707,23.165535
33.34,8.704528,124.29771,-0.031481117,0.32411325,23.165127
33.35,8.705131,124.33532,-0.031631626,0.32585675,23.16472
33.36,8.705732,124.37278,-0.03178191,0.32759756,23.16432
33.37,8.706335,124.410126,-0.03193233,0.3293426,23.163914
33.38,8.706935,124.447395,-0.032082923,0.33108953,23.16351
33.39,8.707536,124.48448,-0.032233678,0.33283597,23.163103
33.4,8.708135,124.52148,-0.03238426,0.33458352,23.162704
33.41,8.708734,124.55837,-0.03253471,0.33632863,23.162296
33.42,8.709332,124.59518,-0.032685213,0.33807993,23.161903
33.43,8.709929,124.631836,-0.03283614,0.33982897,23.161505
33.44,8.710527,124.66839,-0.03298647,0.34157896,23.161104
33.45,8.7111225,124.704796,-0.03313692,0.34332868,23.160702
33.46,8.711718,124.7411,-0.03328769,0.3450787,23.160307
33.47,8.712309,124.777306,-0.03343814,0.3468331,23.159922
33.48,8.7129,124.81339,-0.033588648,0.34858432,23.159513
33.49,8.713493,124.84938,-0.03373909,0.35033417,23.159128
33.5,8.7140875,124.88527,-0.03388957,0.35208735,23.158735
33.51,8.714678,124.92102,-0.03404033,0.3538427,23.15833
33.52,8.715267,124.95664,-0.03419047,0.35559627,23.157936
33.53,8.715856,124.99216,-0.03434097,0.35735393,23.157547
33.54,8.716441,125.027596,-0.0344915,0.35910755,23.157154
33.55,8.7170315,125.06289,-0.03464205,0.3608588,23.156761
33.56,8.717618,125.098114,-0.034792133,0.36261618,23.156364
33.57,8.718204,125.13316,-0.03494259,0.364372,23.155985
33.58,8.718784,125.16813,-0.035092853,0.36613023,23.155596
33.59,8.71937,125.20298,-0.035243385,0.3678829,23.155205
33.6,8.719955,125.23771,-0.03539343,0.36963785,23.154806
33.61,8.720536,125.27236,-0.035543486,0.37139544,23.15443
33.62,8.721117,125.30693,-0.03569351,0.3731519,23.154047
33.63,8.721701,125.34133,-0.035843775,0.37490964,23.15365
33.64,8.7222805,125.37563,-0.035993747,0.37666342,23.15327
33.65,8.7228565,125.40989,-0.036143653,0.37842226,23.152882
33.66,8.7234335,125.44398,-0.03629356,0.38017896,23.15251
33.67,8.724013,125.47797,-0.036443576,0.3819378,23.152113
33.68,8.7245865,125.511856,-0.036593363,0.38369328,23.151741
33.69,8.725165,125.54563,-0.036743067,0.38544858,23.15136
33.7,8.7257395,125.57933,-0.036893062,0.38720554,23.150976
33.71,8.72631,125.612915,-0.037042566,0.38896304,23.150602
33.72,8.726885,125.646355,-0.0371923,0.39071712,23.150223
33.73,8.727456,125.679726,-0.037341513,0.39247346,23.149832
33.74,8.728026,125.71298,-0.037491225,0.39422983,23.14947
33.75,8.728595,125.74613,-0.037640557,0.39598656,23.149092
33.76,8.729167,125.77915,-0.037789784,0.3977427,23.14872
33.77,8.729734,125.81211,-0.037939012,0.39949816,23.148338
33.78,8.730301,125.844925,-0.038088255,0.40125275,23.147964
33.79,8.730866,125.8777,-0.03823722,0.40300918,23.147598
33.8,8.731432,125.910324,-0.038386248,0.40476012,23.147226
33.81,8.731997,125.94281,-0.038535193,0.40651482,23.146849
33.82,8.732564,125.97529,-0.03868396,0.40827015,23.146479
33.83,8.733125,126.0076,-0.03883297,0.4100222,23.146114
33.84,8.733686,126.03983,-0.038981684,0.41177568,23.145739
33.85,8.734247,126.07195,-0.039130174,0.41353256,23.145369
33.86,8.734808,126.10395,-0.039278872,0.4152841,23.145004
33.87,8.735367,126.13589,-0.039427206,0.4170367,23.144646
33.88,8.735923,126.16769,-0.039575458,0.4187864,23.144287
33.89,8.736481,126.19941,-0.039723456,0.42053726,23.143904
33.9,8.737037,126.231026,-0.03987184,0.4222886,23.143553
33.91,8.737593,126.26254,-0.04001952,0.42403755,23.143185
33.92,8.738143,126.29397,-0.04016731,0.42578822,23.142826
33.93,8.738701,126.3253,-0.040315278,0.42753434,23.14247
33.94,8.739253,126.356544,-0.04046327,0.42928463,23.142107
33.95,8.739805,126.38767,-0.040610507,0.43103337,23.141754
33.96,8.740355,126.41869,-0.040758118,0.43277937,23.14139
33.97,8.740904,126.44962,-0.040905215,0.4345256,23.141031
33.98,8.741451,126.48045,-0.04105267,0.43626815,23.140678
33.99,8.7420025,126.511154,-0.04120017,0.43801576,23.140324
34.0,8.742547,126.54183,-0.041346647,0.4397608,23.139973
34.01,8.743095,126.572334,-0.041494034,0.4414998,23.13961
34.02,8.74364,126.6028,-0.041640453,0.44324714,23.139261
34.03,8.744185,126.63311,-0.041787304,0.4449888,23.138912
34.04,8.744724,126.66338,-0.041934,0.44672853,23.138557
34.05,8.74527,126.693565,-0.04208035,0.44847113,23.138214
34.06,8.74581,126.72364,-0.042226553,0.45020753,23.137865
34.07,8.74635,126.753586,-0.042372994,0.45194936,23.137518
34.08,8.74689,126.7835,-0.042518906,0.4536856,23.13716
34.09,8.747428,126.81328,-0.04266508,0.45542058,23.136824
34.1,8.747965,126.842926,-0.042810634,0.45715588,23.136475
34.11,8.748503,126.87254,-0.042956777,0.4588943,23.13613
34.12,8.749039,126.90201,-0.04310202,0.46062565,23.135788
34.13,8.749573,126.931496,-0.043247283,0.46236205,23.135454
34.14,8.750107,126.96076,-0.04339253,0.4640928,23.13511
34.15,8.750639,126.99003,-0.043537937,0.4658232,23.134771
34.16,8.751172,127.01912,-0.043682583,0.46755272,23.134434
34.17,8.751703,127.04814,-0.04382772,0.46928388,23.134094
34.18,8.752233,127.07713,-0.043972485,0.4710092,23.13375
34.19,8.752758,127.10598,-0.044116937,0.47273725,23.13342
34.2,8.753287,127.13475,-0.044261463,0.47446492,23.133078
34.21,8.753818,127.16342,-0.044406123,0.47618538,23.132753
34.22,8.754344,127.192,-0.044550106,0.47791415,23.13242
34.23,8.7548685,127.22052,-0.04469408,0.4796338,23.13209
34.24,8.755391,127.24893,-0.044837832,0.48135722,23.131756
34.25,8.755913,127.2772,-0.044981405,0.4830743,23.131424
34.26,8.756436,127.305466,-0.045125127,0.4847955,23.131098
34.27,8.75696,127.33364,-0.045268692,0.486515,23.130768
34.28,8.757478,127.36165,-0.04541205,0.48822832,23.130442
34.29,8.758001,127.38966,-0.045554973,0.48994726,23.130123
34.3,8.758517,127.41752,-0.04569783,0.4916615,23.129787
34.31,8.759033,127.44529,-0.045841224,0.4933704,23.12946
34.32,8.759553,127.473015,-0.04598344,0.49508548,23.129135
34.33,8.760068,127.50066,-0.046126194,0.49679416,23.128813
34.34,8.760578,127.52817,-0.046268202,0.4985069,23.128492
34.35,8.761096,127.5556,-0.04641082,0.50021285,23.128166
34.36,8.761608,127.582954,-0.04655262,0.5019197,23.12785
34.37,8.762118,127.61022,-0.04669428,0.50362617,23.127539
34.38,8.762628,127.63741,-0.04683613,0.50532967,23.127218
34.39,8.76314,127.66453,-0.046977356,0.50703317,23.126898
34.4,8.763646,127.69153,-0.04711911,0.50873494,23.126581
34.41,8.764155,127.71847,-0.047260046,0.5104317,23.126272
34.42,8.764661,127.74531,-0.04740137,0.512133,23.125957
34.43,8.765165,127.77209,-0.047541983,0.5138289,23.125637
34.44,8.7656765,127.798775,-0.04768286,0.5155257,23.125326
34.45,8.766177,127.82538,-0.04782354,0.5172165,23.125017
34.46,8.766679,127.85186,-0.047963694,0.51891243,23.12471
34.47,8.767181,127.878334,-0.048104204,0.5206019,23.124405
34.48,8.767683,127.90466,-0.04824405,0.5222926,23.12409
34.49,8.768182,127.93091,-0.048384182,0.523982,23.123789
34.5,8.768683,127.95711,-0.048523426,0.52566665,23.123482
34.51,8.769178,127.9832,-0.04866319,0.52735364,23.123178
34.52,8.769675,128.00925,-0.04880269,0.5290369,23.122879
34.53,8.770173,128.03514,-0.048941605,0.5307184,23.122564
34.54,8.770672,128.06102,-0.049080685,0.53239965,23.122269
34.55,8.771163,128.0868,-0.049219497,0.5340778,23.121965
34.56,8.771657,128.11253,-0.049358144,0.5357586,23.12167
34.57,8.772147,128.1381,-0.04949659,0.53743005,23.12137
34.58,8.772643,128.16365,-0.049634673,0.53910536,23.12107
34.59,8.773132,128.18909,-0.04977279,0.5407801,23.120773
34.6,8.773619,128.21446,-0.049910747,0.5424499,23.120485
34.61,8.774108,128.23976,-0.050048463,0.54412097,23.120184
34.62,8.774597,128.265,-0.05018615,0.54578835,23.119894
34.63,8.775082,128.2902,-0.050323546,0.5474538,23.119596
34.64,8.775568,128.31522,-0.05046045,0.5491199,23.119305
34.65,8.776056,128.34023,-0.050597332,0.55078274,23.11901
34.66,8.776542,128.36511,-0.050734356,0.55244297,23.118725
34.67,8.777021,128.38992,-0.05087088,0.55410135,23.118435
34.68,8.777501,128.41469,-0.051007338,0.5557616,23.118156
34.69,8.777982,128.43936,-0.051143765,0.5574181,23.117865
34.7,8.778465,128.46397,-0.051279858,0.55907357,23.117569
34.71,8.778943,128.48848,-0.051415846,0.5607239,23.11729
34.72,8.77942,128.51295,-0.051551595,0.5623757,23.117008
34.73,8.779897,128.53732,-0.051686525,0.56402415,23.116726
34.74,8.7803755,128.56163,-0.05182237,0.5656735,23.116438
34.75,8.78085,128.58582,-0.051957503,0.56731737,23.116154
34.76,8.781323,128.60997,-0.052092038,0.56896526,23.115885
34.77,8.781798,128.63405,-0.052226983,0.5706034,23.115604
34.78,8.78227,128.65807,-0.052361377,0.5722425,23.115328
34.79,8.782741,128.68196,-0.05249569,0.57388484,23.11504
34.8,8.783211,128.70581,-0.05262976,0.57552207,23.114769
34.81,8.783684,128.72957,-0.05276388,0.57715654,23.114494
34.82,8.784154,128.75327,-0.05289741,0.5787904,23.114223
34.83,8.784618,128.7769,-0.053030968,0.58042103,23.113949
34.84,8.785085,128.80049,-0.05316455,0.58204997,23.113682
34.85,8.78555,128.82394,-0.053297624,0.58367586,23.113413
34.86,8.7860155,128.84738,-0.053430654,0.5853012,23.11314
34.87,8.786477,128.87067,-0.05356306,0.5869262,23.11287
34.88,8.786941,128.89397,-0.05369603,0.5885507,23.1126
34.89,8.787402,128.9171,-0.053828493,0.5901687,23.11233
34.9,8.787865,128.94025,-0.05396057,0.59178764,23.112066
34.91,8.788325,128.96332,-0.054092385,0.5934038,23.111803
34.92,8.788782,128.98625,-0.05422402,0.5950161,23.111542
34.93,8.789243,129.00912,-0.05435583,0.59663,23.111279
34.94,8.789697,129.03201,-0.054487385,0.59824103,23.11102
34.95,8.790154,129.0548,-0.054618515,0.5998511,23.11075
34.96,8.790608,129.07748,-0.054749563,0.60145706,23.110497
34.97,8.791064,129.10011,-0.05488036,0.6030644,23.110235
34.98,8.791517,129.12267,-0.05501073,0.60466665,23.109976
34.99,8.79197,129.14514,-0.055141367,0.60626805,23.109718
35.0,8.792425,129.16753,-0.055271447,0.6078651,23.10946
35.01,8.792875,129.18991,-0.055401243,0.60946304,23.109207
35.02,8.793322,129.21216,-0.05553115,0.61105937,23.108955
35.03,8.793772,129.2344,-0.055660598,0.61265045,23.108706
35.04,8.794219,129.25652,-0.055790022,0.6142417,23.108442
35.05,8.794667,129.2786,-0.05591923,0.61583,23.108194
35.06,8.795115,129.30064,-0.056048043,0.6174181,23.107948
35.07,8.795559,129.32254,-0.05617702,0.6190004,23.107698
35.08,8.796005,129.34444,-0.056305684,0.62058514,23.107449
35.09,8.796445,129.36623,-0.05643364,0.6221665,23.107203
35.1,8.796887,129.388,-0.056561865,0.6237449,23.10695
35.11,8.797327,129.40962,-0.05669003,0.6253229,23.106709
35.12,8.7977705,129.43124,-0.05681756,0.62690043,23.106462
35.13,8.798213,129.45276,-0.056945227,0.6284703,23.106218
35.14,8.798649,129.47427,-0.057072222,0.6300433,23.105978
35.15,8.799086,129.49567,-0.057199694,0.6316101,23.105734
35.16,8.799524,129.51703,-0.05732648,0.6331766,23.105501
35.17,8.799958,129.53824,-0.057453103,0.63474333,23.105253
35.18,8.800394,129.5595,-0.0575796,0.63630354,23.105013
35.19,8.800829,129.58063,-0.05770576,0.6378644,23.10478
35.2,8.801264,129.60173,-0.057832055,0.63942397,23.10454
35.21,8.801693,129.62271,-0.057957888,0.64098084,23.104305
35.22,8.802129,129.64369,-0.058083385,0.64253634,23.104065
35.23,8.802555,129.66457,-0.05820915,0.64408726,23.10383
35.24,8.802988,129.68536,-0.058334433,0.6456385,23.103601
35.25,8.803415,129.70615,-0.05845906,0.647189,23.103365
35.26,8.803845,129.72682,-0.05858413,0.64873075,23.103128
35.27,8.804269,129.74748,-0.058708683,0.65027684,23.102903
35.28,8.804698,129.76802,-0.05883295,0.6518169,23.102665
35.29,8.805122,129.78854,-0.05895728,0.6533567,23.10244
35.3,8.805547,129.809,-0.059081137,0.654897,23.102211
35.31,8.805969,129.82938,-0.059204713,0.6564332,23.101995
35.32,8.806395,129.84972,-0.05932858,0.6579635,23.101763
35.33,8.806814,129.86996,-0.05945182,0.65949744,23.101532
35.34,8.80724,129.89015,-0.05957485,0.6610252,23.101315
35.35,8.807653,129.91028,-0.059697658,0.6625528,23.101086
35.36,8.808074,129.93037,-0.05982054,0.66407806,23.100868
35.37,8.808494,129.95035,-0.059942834,0.6656002,23.100655
35.38,8.80891,129.9703,-0.060065314,0.6671207,23.100424
35.39,8.809326,129.9902,-0.060187206,0.6686391,23.100204
35.4,8.809741,130.01003,-0.060309127,0.67015576,23.099985
35.41,8.810156,130.02982,-0.060430944,0.6716702,23.099768
35.42,8.810572,130.04958,-0.060552217,0.6731801,23.099558
35.43,8.810981,130.06921,-0.060674027,0.67469174,23.09934
35.44,8.811398,130.08878,-0.06079468,0.6761988,23.099113
35.45,8.811808,130.10834,-0.060915604,0.67770225,23.098906
35.46,8.812219,130.12778,-0.061036132,0.67920804,23.098703
35.47,8.812625,130.14722,-0.06115634,0.68070906,23.098482
35.48,8.813035,130.16658,-0.061276942,0.6822089,23.09827
35.49,8.813439,130.18587,-0.061396614,0.6837046,23.098059
35.5,8.813848,130.2051,-0.061516605,0.6851985,23.097847
35.51,8.814253,130.2243,-0.06163612,0.68669266,23.09764
35.52,8.814658,130.24342,-0.061755717,0.6881828,23.097427
35.53,8.815064,130.2625,-0.061874963,0.68967146,23.097229
35.54,8.815467,130.28151,-0.06199351,0.69115645,23.097023
35.55,8.81587,130.30045,-0.062112592,0.6926406,23.09681
35.56,8.816272,130.31935,-0.062230743,0.6941217,23.096611
35.57,8.816671,130.33815,-0.062349208,0.6956003,23.096403
35.58,8.817072,130.35703,-0.062467396,0.69707805,23.0962
35.59,8.817471,130.3757,-0.06258477,0.698554,23.095991
35.6,8.817867,130.39435,-0.0627025,0.7000234,23.095798
35.61,8.818266,130.41296,-0.06282015,0.70149624,23.0956
35.62,8.818663,130.43155,-0.06293764,0.70296633,23.095396
35.63,8.819058,130.45003,-0.06305482,0.70443016,23.095194
35.64,8.819454,130.46849,-0.06317106,0.70589674,23.095009
35.65,8.819848,130.48685,-0.06328799,0.707357,23.094805
35.66,8.820243,130.50523,-0.06340431,0.7088173,23.094614
35.67,8.820633,130.52348,-0.06352047,0.7102744,23.094414
35.68,8.821022,130.5417,-0.06363623,0.7117287,23.09422
35.69,8.821414,130.55989,-0.0637521,0.71318024,23.094028
35.7,8.821804,130.57805,-0.06386798,0.714632,23.093836
35.71,8.822194,130.59605,-0.06398315,0.7160801,23.09364
35.72,8.822582,130.61404,-0.06409794,0.7175295,23.093447
35.73,8.82297,130.63202,-0.06421312,0.7189696,23.093258
35.74,8.823356,130.64992,-0.06432772,0.72041345,23.093067
35.75,8.823743,130.66782,-0.06444248,0.72185224,23.092884
35.76,8.824125,130.68556,-0.06455648,0.723289,23.0927
35.77,8.824512,130.70331,-0.06467055,0.72472477,23.092505
35.78,8.824892,130.72098,-0.06478428,0.72615653,23.092308
35.79,8.825274,130.73863,-0.064898096,0.72758937,23.092129
35.8,8.825661,130.7562,-0.06501183,0.72901714,23.09195
35.81,8.826041,130.77371,-0.06512494,0.7304434,23.091764
35.82,8.826424,130.79118,-0.06523807,0.7318677,23.091589
35.83,8.8268,130.80862,-0.0653508,0.73328817,23.091394
35.84,8.827174,130.826,-0.06546353,0.7347087,23.091215
35.85,8.827554,130.84332,-0.06557578,0.73612374,23.091036
35.86,8.82793,130.86064,-0.065688394,0.737541,23.090853
35.87,8.828308,130.87782,-0.06580008,0.738952,23.090685
35.88,8.828685,130.89499,-0.06591188,0.7403624,23.090506
35.89,8.829059,130.91208,-0.06602354,0.74177116,23.090322
35.9,8.829432,130.92917,-0.066135,0.7431775,23.09015
35.91,8.829804,130.94617,-0.066246174,0.7445803,23.089975
35.92,8.830176,130.96313,-0.06635708,0.7459837,23.089804
35.93,8.830547,130.98003,-0.06646805,0.747381,23.089622
35.94,8.830916,130.99692,-0.06657826,0.74877864,23.089445
35.95,8.831286,131.01376,-0.066688456,0.7501723,23.08928
35.96,8.831654,131.03052,-0.06679854,0.7515666,23.089102
35.97,8.832023,131.04724,-0.06690837,0.75295943,23.088938
35.98,8.83239,131.0639,-0.06701809,0.7543451,23.088766
35.99,8.832755,131.0805,-0.0671277,0.75573194,23.088596
36.0,8.833122,131.09708,-0.067237176,0.75711495,23.088428
36.01,8.833485,131.11357,-0.06734644,0.7584957,23.088253
36.02,8.833852,131.13007,-0.06745505,0.7598767,23.088095
36.03,8.834216,131.14648,-0.0675638,0.7612518,23.087923
36.04,8.834577,131.16287,-0.067672655,0.76263,23.087757
36.05,8.834939,131.17921,-0.06778013,0.76399845,23.087599
36.06,8.8353,131.19547,-0.06788866,0.765373,23.087423
36.07,8.835659,131.2117,-0.06799665,0.7667377,23.087267
36.08,8.836018,131.22789,-0.06810432,0.7681053,23.087105
36.09,8.83638,131.24402,-0.068211846,0.769468,23.086939
36.1,8.836739,131.26009,-0.068318725,0.77082884,23.08678
36.11,8.837092,131.27611,-0.06842575,0.77219,23.08662
36.12,8.837446,131.29213,-0.06853281,0.773546,23.086462
36.13,8.837803,131.30807,-0.06863925,0.7749005,23.086302
36.14,8.838161,131.32394,-0.06874584,0.77625203,23.08615
36.15,8.838514,131.33981,-0.068851955,0.7776026,23.085983
36.16,8.838866,131.35559,-0.06895791,0.7789491,23.085825
36.17,8.839219,131.3714,-0.06906387,0.78029585,23.085669
36.18,8.839574,131.3871,-0.06916944,0.78163946,23.085514
36.19,8.839924,131.40279,-0.06927496,0.78297997,23.085356
36.2,8.840272,131.4184,-0.06938026,0.7843195,23.085205
36.21,8.840624,131.43398,-0.06948502,0.7856571,23.085056
36.22,8.840972,131.4495,-0.06958997,0.7869907,23.084892
36.23,8.84132,131.465,-0.06969443,0.78832316,23.084751
36.24,8.841667,131.48042,-0.06979876,0.7896537,23.084593
36.25,8.842014,131.4958,-0.06990321,0.790981,23.084446
36.26,8.842361,131.51112,-0.0700073,0.79230696,23.0843
36.27,8.842709,131.52646,-0.070111126,0.7936303,23.084139
36.28,8.843056,131.54172,-0.07021495,0.7949535,23.083998
36.29,8.843393,131.55698,-0.0703181,0.79627305,23.083849
36.3,8.843738,131.57211,-0.07042101,0.7975865,23.083704
36.31,8.844079,131.58727,-0.07052428,0.79890186,23.083563
36.32,8.8444195,131.60236,-0.07062722,0.8002149,23.083416
36.33,8.844763,131.61739,-0.07072975,0.80152565,23.083271
36.34,8.845099,131.63235,-0.070832044,0.80283076,23.083128
36.35,8.845443,131.64731,-0.07093433,0.8041373,23.082985
36.36,8.845781,131.66225,-0.07103599,0.80544144,23.082838
36.37,8.846118,131.6771,-0.07113818,0.80674356,23.082699
36.38,8.846457,131.69191,-0.07123969,0.80804336,23.082554
36.39,8.846792,131.70665,-0.071341164,0.8093393,23.082407
36.4,8.847132,131.72145,-0.0714425,0.8106334,23.082264
36.41,8.847463,131.73618,-0.071543016,0.81192595,23.082132
36.42,8.8478,131.75078,-0.071644336,0.8132179,23.081993
36.43,8.848133,131.76534,-0.07174481,0.8145038,23.08186
36.44,8.848462,131.77995,-0.07184527,0.8157899,23.081715
36.45,8.848797,131.79448,-0.07194554,0.81707376,23.081577
36.46,8.849128,131.80894,-0.07204546,0.818355,23.081444
36.47,8.849458,131.8234,-0.07214556,0.8196337,23.081303
36.48,8.849788,131.8378,-0.07224509,0.8209111,23.08117
36.49,8.85012,131.85216,-0.07234448,0.82218677,23.081041
36.5,8.850449,131.86644,-0.0724441,0.8234594,23.08091
36.51,8.850776,131.8807,-0.07254302,0.8247282,23.080774
36.52,8.851104,131.89499,-0.07264173,0.8259999,23.080635
36.53,8.85143,131.90918,-0.07274061,0.8272643,23.080503
36.54,8.851755,131.92331,-0.07283882,0.82852614,23.080372
36.55,8.852079,131.93742,-0.07293726,0.82978934,23.08025
36.56,8.852406,131.95154,-0.073035315,0.8310497,23.080112
36.57,8.852729,131.96558,-0.07313338,0.83230704,23.079983
36.58,8.853052,131.97952,-0.073230796,0.8335619,23.079863
36.59,8.853374,131.9935,-0.07332856,0.834814,23.079727
36.6,8.853696,132.0074,-0.07342583,0.8360648,23.0796
36.61,8.854015,132.02129,-0.07352327,0.83731467,23.07948
36.62,8.85434,132.0351,-0.073619954,0.8385601,23.079342
36.63,8.854662,132.04892,-0.07371682,0.83980566,23.079214
36.64,8.85498,132.06267,-0.07381295,0.84104574,23.079105
36.65,8.855294,132.07637,-0.07390983,0.8422865,23.078968
36.66,8.855615,132.09007,-0.074006185,0.8435227,23.07885
36.67,8.855931,132.1037,-0.07410191,0.8447601,23.078733
36.68,8.856249,132.11726,-0.07419777,0.84599286,23.0786
36.69,8.856565,132.13083,-0.07429338,0.847224,23.078485
36.7,8.856878,132.1443,-0.07438865,0.8484533,23.078358
36.71,8.857193,132.15784,-0.07448391,0.84968144,23.078238
36.72,8.857506,132.17123,-0.074579164,0.8509035,23.07812
36.73,8.857821,132.18463,-0.07467431,0.8521275,23.077997
36.74,8.858133,132.19807,-0.074768744,0.8533489,23.077888
36.75,8.858445,132.21138,-0.07486315,0.85456526,23.077763
36.76,8.858755,132.22466,-0.074957766,0.85578275,23.077646
36.77,8.859067,132.2379,-0.075051606,0.85699695,23.07753
36.78,8.859376,132.25114,-0.075145565,0.8582085,23.077406
36.79,8.859689,132.2643,-0.07523957,0.8594197,23.077295
36.8,8.859996,132.27751,-0.07533292,0.86062706,23.077177
36.81,8.860304,132.29053,-0.07542664,0.8618332,23.077057
36.82,8.860607,132.30363,-0.075519525,0.86303556,23.076944
36.83,8.860917,132.31667,-0.07561258,0.86423606,23.076828
36.84,8.861223,132.3296,-0.07570545,0.86543614,23.076715
36.85,8.86153,132.34258,-0.075797886,0.8666331,23.076612
36.86,8.861836,132.35548,-0.07589046,0.8678285,23.076483
36.87,8.86214,132.3684,-0.07598251,0.869022,23.076385
36.88,8.862438,132.38124,-0.07607489,0.87021124,23.076271
36.89,8.862745,132.39403,-0.07616692,0.8713999,23.076157
36.9,8.863046,132.40685,-0.07625864,0.87258726,23.076052
36.91,8.863347,132.41957,-0.076350056,0.8737719,23.07594
36.92,8.86365,132.43227,-0.07644139,0.8749558,23.075836
36.93,8.863951,132.4449,-0.07653264,0.8761335,23.075726
36.94,8.864248,132.45755,-0.07662381,0.87731165,23.075619
36.95,8.86455,132.47014,-0.07671477,0.878489,23.075502
36.96,8.864843,132.4827,-0.076805085,0.8796609,23.075396
36.97,8.865147,132.49525,-0.076895766,0.88083375,23.075302
36.98,8.865443,132.50772,-0.07698609,0.8820034,23.075184
36.99,8.865739,132.52017,-0.07707616,0.88317025,23.075085
37.0,8.866035,132.53264,-0.07716603,0.8843371,23.074974
37.01,8.866329,132.54498,-0.07725583,0.8855007,23.074875
37.02,8.866626,132.55731,-0.077345185,0.886663,23.074762
37.03,8.866922,132.56961,-0.07743495,0.8878207,23.07466
37.04,8.867214,132.58192,-0.07752404,0.8889786,23.07457
37.05,8.86751,132.59416,-0.07761313,0.8901342,23.074461
37.06,8.867801,132.60634,-0.07770166,0.8912857,23.074358
37.07,8.868092,132.61852,-0.077790834,0.89243764,23.074257
37.08,8.868381,132.63066,-0.077878796,0.8935852,23.074158
37.09,8.868672,132.64279,-0.07796712,0.89473295,23.074053
37.1,8.868964,132.65485,-0.078055575,0.8958771,23.073963
37.11,8.869257,132.66695,-0.07814362,0.89702016,23.073862
37.12,8.869544,132.67896,-0.07823153,0.89816177,23.07376
37.13,8.869833,132.6909,-0.078319244,0.899299,23.073658
37.14,8.870117,132.70288,-0.0784063,0.90043753,23.073563
37.15,8.870405,132.71472,-0.078494,0.9015706,23.073463
37.16,8.87069,132.72664,-0.07858093,0.902704,23.07336
37.17,8.8709755,132.73851,-0.07866797,0.90383357,23.07327
37.18,8.871263,132.7503,-0.07875493,0.9049623,23.073183
37.19,8.871549,132.76207,-0.0788413,0.9060895,23.07308
37.2,8.871833,132.77379,-0.078927524,0.90721256,23.072989
37.21,8.872116,132.78552,-0.07901401,0.9083363,23.072886
37.22,8.872401,132.7972,-0.079100326,0.9094562,23.072796
37.23,8.872679,132.80882,-0.07918578,0.9105759,23.07271
37.24,8.872963,132.82043,-0.07927168,0.91169035,23.072615
37.25,8.873246,132.83202,-0.079357155,0.9128052,23.07252
37.26,8.873525,132.8436,-0.07944242,0.91391844,23.072424
37.27,8.873808,132.8551,-0.07952807,0.9150282,23.072338
37.28,8.874086,132.86656,-0.07961272,0.9161353,23.072247
37.29,8.874365,132.87804,-0.079697855,0.91724217,23.072157
37.3,8.874644,132.8895,-0.0797823,0.91834587,23.072071
37.31,8.874921,132.9009,-0.0798671,0.9194501,23.071968
37.32,8.875199,132.91223,-0.079951756,0.92054826,23.07189
37.33,8.875473,132.92355,-0.08003598,0.9216473,23.071796
37.34,8.875751,132.93484,-0.08011984,0.92274314,23.071709
37.35,8.876024,132.94612,-0.080203675,0.9238374,23.071632
37.36,8.876301,132.95737,-0.08028722,0.9249289,23.071533
37.37,8.876577,132.96857,-0.080370694,0.9260208,23.071444
37.38,8.876851,132.97975,-0.08045432,0.9271076,23.071358
37.39,8.877125,132.99086,-0.08053757,0.92819494,23.071268
37.4,8.877396,133.00201,-0.08062059,0.92928,23.071194
37.41,8.87767,133.01308,-0.08070333,0.9303603,23.071106
37.42,8.877941,133.0241,-0.080786265,0.93144107,23.071018
37.43,8.878211,133.03517,-0.080868416,0.9325207,23.070932
37.44,8.878482,133.04617,-0.08095128,0.93359613,23.07085
37.45,8.878753,133.05711,-0.08103334,0.9346718,23.070765
37.46,8.879022,133.06805,-0.081115276,0.9357432,23.070679
37.47,8.8792925,133.07895,-0.08119706,0.9368154,23.070606
37.48,8.879561,133.08981,-0.08127908,0.9378846,23.070517
37.49,8.8798275,133.10066,-0.081360884,0.93894947,23.070438
37.5,8.880095,133.11143,-0.08144217,0.9400168,23.070356
37.51,8.880359,133.12225,-0.08152343,0.94107634,23.070282
37.52,8.8806305,133.13298,-0.08160448,0.9421379,23.070194
37.53,8.880892,133.14375,-0.081685096,0.943197,23.070116
37.54,8.881163,133.15442,-0.08176599,0.9442556,23.070038
37.55,8.881424,133.16508,-0.08184673,0.94531053,23.069958
37.56,8.881691,133.17574,-0.08192724,0.94636196,23.069876
37.57,8.881953,133.18637,-0.082007416,0.94741315,23.069788
37.58,8.8822155,133.19698,-0.08208774,0.94846296,23.06972
37.59,8.882482,133.20746,-0.0821675,0.9495094,23.069641
37.6,8.882743,133.21802,-0.08224765,0.9505568,23.069555
37.61,8.883005,133.22852,-0.082327016,0.9516008,23.06948
37.62,8.883266,133.23894,-0.082406506,0.95264167,23.069407
37.63,8.883526,133.24939,-0.082486,0.9536805,23.06933
37.64,8.883784,133.25978,-0.08256508,0.9547173,23.069265
37.65,8.8840475,133.27016,-0.082644045,0.95575505,23.06918
37.66,8.884305,133.28052,-0.08272303,0.9567887,23.069113
37.67,8.884562,133.29083,-0.08280162,0.95782095,23.069033
37.68,8.884822,133.30115,-0.08288044,0.9588504,23.068954
37.69,8.885077,133.31143,-0.08295853,0.9598789,23.068886
37.7,8.885335,133.32166,-0.08303695,0.96090484,23.068813
37.71,8.8855915,133.33185,-0.08311504,0.9619295,23.068735
37.72,8.885846,133.34204,-0.08319276,0.9629535,23.068659
37.73,8.8861065,133.35223,-0.08327079,0.9639743,23.068598
37.74,8.886357,133.36238,-0.08334834,0.9649929,23.068518
37.75,8.886614,133.37244,-0.08342572,0.96600944,23.068443
37.76,8.886868,133.38254,-0.08350328,0.9670248,23.06837
37.77,8.887121,133.3926,-0.08358003,0.9680399,23.0683
37.78,8.887371,133.40262,-0.08365734,0.9690504,23.068233
37.79,8.887627,133.41261,-0.08373424,0.9700602,23.068172
37.8,8.8878765,133.42256,-0.08381109,0.97106725,23.068096
37.81,8.888129,133.43251,-0.08388736,0.9720736,23.06802
37.82,8.888381,133.4424,-0.08396363,0.97307813,23.067957
37.83,8.88863,133.45232,-0.08403991,0.9740804,23.067892
37.84,8.888879,133.4622,-0.084116295,0.9750819,23.067822
37.85,8.889132,133.47206,-0.084192045,0.97607976,23.067753
37.86,8.88938,133.48181,-0.08426763,0.97707623,23.06768
37.87,8.889628,133.4916,-0.084343694,0.9780706,23.06762
37.88,8.88988,133.50136,-0.08441902,0.97906524,23.06755
37.89,8.890128,133.5111,-0.08449442,0.98005587,23.067482
37.9,8.890372,133.52081,-0.084569745,0.98104507,23.067413
37.91,8.890619,133.53049,-0.08464444,0.9820337,23.067347
37.92,8.890864,133.54015,-0.08471941,0.9830197,23.06729
37.93,8.8911085,133.54974,-0.0847944,0.9840036,23.067213
37.94,8.891353,133.55939,-0.08486866,0.984985,23.06715
37.95,8.891602,133.56897,-0.08494349,0.9859638,23.06709
37.96,8.891846,133.57849,-0.085017644,0.98694223,23.067022
37.97,8.89209,133.58803,-0.08509182,0.98792124,23.06696
37.98,8.892333,133.59753,-0.085165694,0.98889595,23.066898
37.99,8.892578,133.60701,-0.08523961,0.98986894,23.066832
38.0,8.892819,133.6164,-0.085313454,0.9908403,23.066772
38.01,8.893061,133.62587,-0.08538701,0.9918103,23.06671
38.02,8.893301,133.63527,-0.08546039,0.99277776,23.066645
38.03,8.893544,133.64465,-0.08553336,0.9937437,23.066591
38.04,8.893784,133.654,-0.08560687,0.9947079,23.066528
38.05,8.894023,133.66335,-0.08567997,0.99567163,23.066465
38.06,8.894263,133.67262,-0.08575287,0.9966321,23.066397
38.07,8.894505,133.68192,-0.08582543,0.9975909,23.066336
38.08,8.894742,133.69116,-0.085897975,0.9985494,23.066277
38.09,8.8949795,133.70041,-0.08597029,0.9995047,23.066227
38.1,8.895218,133.70964,-0.08604273,1.0004579,23.066158
38.11,8.895454,133.7188,-0.08611482,1.0014092,23.066101
38.12,8.895692,133.72797,-0.08618694,1.00236,23.06604
38.13,8.895928,133.73703,-0.08625858,1.0033083,23.065973
38.14,8.896164,133.7462,-0.08633073,1.0042534,23.065924
38.15,8.896401,133.75526,-0.08640159,1.0052005,23.065868
38.16,8.896637,133.76437,-0.08647331,1.0061424,23.065804
38.17,8.896872,133.77336,-0.08654473,1.0070841,23.065754
38.18,8.897104,133.7824,-0.086615756,1.0080217,23.06569
38.19,8.897337,133.79135,-0.086686835,1.0089623,23.065628
38.2,8.897571,133.80035,-0.086757965,1.0098989,23.06558
38.21,8.897803,133.80928,-0.08682863,1.010832,23.065523
38.22,8.898038,133.81819,-0.08689911,1.0117669,23.06546
38.23,8.898271,133.82707,-0.0869697,1.0126967,23.065401
38.24,8.898504,133.83595,-0.08703998,1.0136251,23.065355
38.25,8.898735,133.84476,-0.0871098,1.0145543,23.065302
38.26,8.898962,133.85359,-0.0871801,1.0154811,23.065245
38.27,8.899191,133.86241,-0.08724996,1.0164047,23.065193
38.28,8.899421,133.87117,-0.08731955,1.0173271,23.065125
38.29,8.8996525,133.87996,-0.08738956,1.0182474,23.065077
38.3,8.899884,133.8887,-0.08745892,1.0191665,23.065018
38.31,8.900113,133.8974,-0.08752816,1.0200841,23.064966
38.32,8.900339,133.9061,-0.087597474,1.0209997,23.06492
38.33,8.900567,133.91475,-0.08766656,1.0219148,23.064863
38.34,8.900791,133.92342,-0.08773542,1.0228262,23.064816
38.35,8.901021,133.932,-0.08780461,1.0237372,23.06475
38.36,8.901247,133.94061,-0.08787325,1.0246468,23.064707
38.37,8.901474,133.94919,-0.087941825,1.0255532,23.064657
38.38,8.9017,133.95773,-0.08801015,1.0264593,23.064602
38.39,8.901922,133.96631,-0.088078,1.0273638,23.064552
38.4,8.90215,133.97478,-0.0881466,1.0282669,23.064497
38.41,8.902375,133.98323,-0.0882144,1.0291656,23.064445
38.42,8.902596,133.9917,-0.08828253,1.0300668,23.064402
38.43,8.902822,134.00018,-0.088350445,1.0309631,23.06435
38.44,8.903045,134.00862,-0.08841784,1.0318592,23.064302
38.45,8.903267,134.01698,-0.088485405,1.0327524,23.064249
38.46,8.903492,134.0254,-0.08855288,1.0336457,23.064192
38.47,8.90371,134.03375,-0.08861995,1.0345371,23.064142
38.48,8.903931,134.04205,-0.08868689,1.0354269,23.064102
38.49,8.904154,134.0504,-0.08875372,1.0363133,23.064049
38.5,8.904376,134.05867,-0.088821046,1.0371999,23.06401
38.51,8.904594,134.06696,-0.0888876,1.0380847,23.063957
38.52,8.904813,134.0752,-0.08895406,1.0389662,23.06391
38.53,8.905032,134.08345,-0.0890204,1.0398477,23.063854
38.54,8.905253,134.0916,-0.089086995,1.0407262,23.063816
38.55,8.905472,134.09978,-0.08915287,1.0416064,23.063751
38.56,8.905691,134.10796,-0.089219354,1.0424814,23.063711
38.57,8.905908,134.11615,-0.08928501,1.0433547,23.06367
38.58,8.906125,134.12427,-0.089350894,1.0442287,23.063614
38.59,8.906343,134.13234,-0.08941657,1.0450999,23.063574
38.6,8.906559,134.14043,-0.08948193,1.0459691,23.063526
38.61,8.9067745,134.1485,-0.08954737,1.0468392,23.063484
38.62,8.906991,134.15652,-0.089612484,1.0477062,23.063437
38.63,8.907207,134.16454,-0.08967788,1.0485698,23.063387
38.64,8.90742,134.17253,-0.08974271,1.0494334,23.06334
38.65,8.907637,134.18051,-0.08980761,1.0502939,23.063303
38.66,8.90785,134.18848,-0.08987253,1.0511549,23.06326
38.67,8.908065,134.19641,-0.08993739,1.0520136,23.06321
38.68,8.908279,134.2043,-0.09000186,1.0528712,23.063162
38.69,8.908491,134.21225,-0.0900664,1.0537274,23.063122
38.7,8.908705,134.22011,-0.09013038,1.0545799,23.06307
38.71,8.908915,134.22795,-0.09019468,1.0554327,23.06303
38.72,8.909128,134.23582,-0.09025866,1.0562844,23.062983
38.73,8.909339,134.24358,-0.09032269,1.0571322,23.062946
38.74,8.909553,134.2514,-0.09038678,1.05798,23.062897
38.75,8.909764,134.25919,-0.09045017,1.0588262,23.062853
38.76,8.909976,134.26695,-0.09051371,1.0596722,23.06281
38.77,8.910185,134.27464,-0.090576924,1.0605142,23.062778
38.78,8.910393,134.2824,-0.09064056,1.0613545,23.062729
38.79,8.910604,134.29002,-0.09070352,1.0621934,23.06269
38.8,8.910813,134.29776,-0.09076674,1.0630339,23.062653
38.81,8.911017,134.30542,-0.09082974,1.0638716,23.062609
38.82,8.91123,134.3131,-0.09089233,1.0647074,23.06256
38.83,8.911435,134.32068,-0.09095508,1.0655391,23.062513
38.84,8.911645,134.3283,-0.09101784,1.0663719,23.062479
38.85,8.911851,134.33589,-0.091080315,1.0672029,23.062443
38.86,8.912054,134.34344,-0.091142766,1.0680317,23.0624
38.87,8.912265,134.351,-0.091205,1.068859,23.062366
38.88,8.912468,134.35852,-0.091266975,1.0696852,23.062325
38.89,8.912676,134.36606,-0.09132873,1.0705109,23.062284
38.9,8.912883,134.37352,-0.091390826,1.0713346,23.062231
38.91,8.913083,134.381,-0.091452375,1.0721561,23.062195
38.92,8.913293,134.38843,-0.09151414,1.0729747,23.062164
38.93,8.913495,134.39586,-0.091575816,1.073795,23.062126
38.94,8.913697,134.4033,-0.09163673,1.0746113,23.062078
38.95,8.913901,134.41064,-0.09169836,1.0754267,23.06204
38.96,8.914106,134.41805,-0.091759525,1.0762417,23.062
38.97,8.914308,134.42538,-0.091820255,1.0770538,23.061966
38.98,8.914512,134.43275,-0.09188116,1.0778649,23.061932
38.99,8.914715,134.44003,-0.09194232,1.0786732,23.061893
39.0,8.914914,134.44733,-0.092002735,1.0794811,23.061855
39.01,8.915116,134.45464,-0.09206317,1.0802892,23.061815
39.02,8.915317,134.46187,-0.09212383,1.081095,23.061775
39.03,8.915518,134.46915,-0.09218426,1.0818987,23.061739
39.04,8.915719,134.47638,-0.09224401,1.0827006,23.061708
39.05,8.915918,134.48358,-0.092304684,1.0835017,23.061663
39.06,8.91612,134.49077,-0.092364535,1.0843003,23.061626
39.07,8.916317,134.49797,-0.092424326,1.0850986,23.061592
39.08,8.916514,134.5051,-0.09248406,1.0858947,23.061558
39.09,8.91671,134.51227,-0.09254387,1.0866901,23.061516
39.1,8.916914,134.51936,-0.09260337,1.0874836,23.061487
39.11,8.917109,134.52646,-0.0926625,1.0882765,23.061447
39.12,8.917305,134.53351,-0.092722006,1.0890663,23.06142
39.13,8.917505,134.54059,-0.09278123,1.0898552,23.061373
39.14,8.9177,134.54767,-0.092840314,1.0906439,23.061342
39.15,8.917897,134.55469,-0.09289924,1.0914294,23.061302
39.16,8.918097,134.56169,-0.0929579,1.0922141,23.06127
39.17,8.91829,134.56871,-0.093016885,1.092997,23.061228
39.18,8.918486,134.57571,-0.09307549,1.0937803,23.061203
39.19,8.918679,134.58264,-0.09313396,1.0945612,23.061165
39.2,8.918878,134.58957,-0.09319255,1.0953394,23.06113
39.21,8.919067,134.59653,-0.093250826,1.0961173,23.061096
39.22,8.919263,134.60344,-0.09330856,1.0968935,23.061062
39.23,8.919458,134.61034,-0.09336697,1.097669,23.06103
39.24,8.919649,134.61723,-0.09342513,1.0984414,23.060999
39.25,8.919843,134.62407,-0.09348306,1.0992156,23.060963
39.26,8.920038,134.63092,-0.093540594,1.0999862,23.060934
39.27,8.920229,134.63771,-0.09359832,1.1007544,23.06089
39.28,8.92042,134.64455,-0.0936558,1.1015222,23.060863
39.29,8.920614,134.65137,-0.09371312,1.1022892,23.060831
39.3,8.920806,134.6581,-0.0937704,1.1030536,23.060797
39.31,8.920996,134.66487,-0.09382748,1.1038172,23.06077
39.32,8.921187,134.67163,-0.093884714,1.1045797,23.060728
39.33,8.921379,134.67833,-0.093942076,1.105342,23.060694
39.34,8.92157,134.68503,-0.09399842,1.1061001,23.060667
39.35,8.92176,134.69176,-0.09405542,1.1068586,23.060637
39.36,8.921947,134.69843,-0.09411205,1.1076157,23.060612
39.37,8.922135,134.7051,-0.094168834,1.1083708,23.060572
39.38,8.922325,134.71175,-0.09422527,1.1091243,23.06054
39.39,8.922514,134.71834,-0.0942814,1.1098777,23.060507
39.4,8.922705,134.72496,-0.09433792,1.110629,23.060476
39.41,8.922893,134.73161,-0.09439383,1.1113777,23.060446
39.42,8.9230795,134.73817,-0.09444975,1.1121275,23.060415
39.43,8.923265,134.7447,-0.09450621,1.1128746,23.060379
39.44,8.923453,134.75127,-0.09456167,1.1136211,23.060354
39.45,8.92364,134.75778,-0.09461743,1.114363,23.060324
39.46,8.923827,134.76433,-0.094673134,1.115109,23.060291
39.47,8.924012,134.77081,-0.09472844,1.1158503,23.06026
39.48,8.924197,134.7773,-0.09478386,1.1165904,23.060232
39.49,8.924381,134.78374,-0.0948391,1.1173298,23.0602
39.5,8.924567,134.79016,-0.0948942,1.1180686,23.060173
39.51,8.924752,134.79663,-0.09494908,1.1188042,23.060139
39.52,8.924938,134.80307,-0.095004484,1.1195402,23.060102
39.53,8.925119,134.80946,-0.095059074,1.120274,23.060081
39.54,8.925306,134.81587,-0.095114104,1.1210058,23.060055
39.55,8.925489,134.82219,-0.09516868,1.1217377,23.06003
39.56,8.925675,134.8286,-0.09522335,1.1224667,23.059992
39.57,8.925857,134.8349,-0.09527775,1.1231956,23.05997
39.58,8.926039,134.84126,-0.09533223,1.1239213,23.059938
39.59,8.926222,134.84758,-0.09538644,1.1246473,23.059916
39.6,8.926403,134.85388,-0.09544038,1.1253748,23.059872
39.61,8.926582,134.86018,-0.09549458,1.1260955,23.059856
39.62,8.926766,134.86644,-0.095548555,1.1268173,23.059824
39.63,8.926949,134.87267,-0.09560268,1.1275392,23.059809
39.64,8.927128,134.8789,-0.095656514,1.1282581,23.05977
39.65,8.927311,134.88512,-0.09570995,1.1289756,23.05974
39.66,8.92749,134.89131,-0.095763646,1.1296917,23.059704
39.67,8.92767,134.89748,-0.095817,1.1304095,23.059687
39.68,8.92785,134.90369,-0.095870554,1.1311225,23.059664
39.69,8.928026,134.90984,-0.09592372,1.1318349,23.059639
39.7,8.928205,134.916,-0.09597673,1.1325475,23.059605
39.71,8.928387,134.92213,-0.096030116,1.1332569,23.059578
39.72,8.928567,134.92827,-0.096083,1.1339674,23.059542
39.73,8.928745,134.93436,-0.0961358,1.1346751,23.05952
39.74,8.928922,134.94046,-0.09618849,1.1353812,23.05949
39.75,8.9291,134.94652,-0.09624129,1.1360855,23.059464
39.76,8.929275,134.95259,-0.09629373,1.1367904,23.059452
39.77,8.929456,134.9586,-0.09634626,1.1374938,23.059422
39.78,8.929631,134.96465,-0.09639849,1.1381943,23.05939
39.79,8.929809,134.97063,-0.09645107,1.138894,23.059362
39.8,8.929984,134.97668,-0.09650312,1.1395926,23.059332
39.81,8.9301605,134.98267,-0.096555255,1.1402905,23.059303
39.82,8.930335,134.98865,-0.09660719,1.1409879,23.059277
39.83,8.9305105,134.99458,-0.09665918,1.1416818,23.059258
39.84,8.930688,135.00053,-0.09671086,1.1423774,23.059227
39.85,8.930862,135.00645,-0.09676259,1.143069,23.059204
39.86,8.931039,135.01237,-0.09681421,1.1437608,23.059183
39.87,8.9312105,135.01825,-0.09686592,1.1444503,23.059156
39.88,8.931383,135.02415,-0.09691714,1.1451399,23.059128
39.89,8.931556,135.03,-0.096968606,1.1458284,23.059105
39.9,8.931729,135.03586,-0.097019814,1.1465142,23.059082
39.91,8.931902,135.04173,-0.09707084,1.1471995,23.059055
39.92,8.932074,135.04755,-0.09712206,1.1478834,23.059032
39.93,8.932247,135.05338,-0.097173154,1.1485666,23.059011
39.94,8.932423,135.05919,-0.09722393,1.1492466,23.058977
39.95,8.932593,135.06497,-0.09727444,1.1499289,23.058958
39.96,8.932767,135.07074,-0.09732546,1.1506078,23.058931
39.97,8.932938,135.07649,-0.097375795,1.151286,23.058905
39.98,8.933108,135.08223,-0.0974262,1.1519631,23.058886
39.99,8.933279,135.08798,-0.09747688,1.1526375,23.058855
40.0,8.93345,135.0937,-0.09752717,1.1533123,23.058846
40.01,8.93362,135.09944,-0.09757717,1.1539832,23.058815
40.02,8.93379,135.1051,-0.097627446,1.154656,23.058784
40.03,8.93396,135.11075,-0.09767741,1.1553278,23.05876
40.04,8.93413,135.11646,-0.097727686,1.1559987,23.058733
40.05,8.934299,135.12213,-0.09777735,1.1566653,23.05872
40.06,8.934468,135.12776,-0.0978268,1.1573323,23.058697
40.07,8.934637,135.13336,-0.09787654,1.1579982,23.05867
40.08,8.934806,135.13898,-0.09792607,1.1586639,23.05865
40.09,8.934972,135.14456,-0.09797562,1.1593263,23.058632
40.1,8.9351425,135.15018,-0.09802477,1.1599896,23.058601
40.11,8.935309,135.15573,-0.09807423,1.1606505,23.058578
40.12,8.935478,135.1613,-0.098123804,1.1613091,23.058552
40.13,8.935646,135.16684,-0.09817284,1.1619675,23.058533
40.14,8.935814,135.17245,-0.09822166,1.162628,23.058508
40.15,8.935983,135.17792,-0.09827069,1.163283,23.058485
40.16,8.936145,135.18343,-0.098319724,1.1639385,23.058466
40.17,8.936313,135.18892,-0.09836824,1.1645925,23.058441
40.18,8.936475,135.19441,-0.09841691,1.1652466,23.058418
40.19,8.936644,135.19984,-0.09846565,1.1658978,23.0584
40.2,8.936808,135.20532,-0.09851406,1.1665491,23.058372
40.21,8.936974,135.21077,-0.09856247,1.167199,23.058352
40.22,8.9371395,135.21617,-0.09861083,1.1678468,23.058332
40.23,8.937305,135.22162,-0.098659225,1.1684937,23.058313
40.24,8.937472,135.227,-0.09870718,1.1691418,23.058285
40.25,8.9376335,135.23244,-0.09875514,1.1697843,23.058262
40.26,8.937795,135.23778,-0.09880329,1.1704276,23.05824
40.27,8.937959,135.24316,-0.098851174,1.1710718,23.058226
40.28,8.938121,135.24854,-0.09889909,1.171713,23.058191
40.29,8.938286,135.25389,-0.09894629,1.1723535,23.058176
40.3,8.938451,135.25919,-0.098993994,1.1729925,23.058155
40.31,8.93861,135.2645,-0.0990416,1.1736305,23.058136
40.32,8.93877,135.2698,-0.099089205,1.1742673,23.058115
40.33,8.938935,135.27515,-0.09913662,1.1749027,23.058094
40.34,8.939096,135.28038,-0.09918381,1.1755375,23.058062
40.35,8.939258,135.28568,-0.09923098,1.1761715,23.058052
40.36,8.939422,135.29099,-0.09927822,1.1768031,23.058027
40.37,8.939583,135.29616,-0.09932523,1.1774355,23.058012
40.38,8.939741,135.30145,-0.099372,1.1780672,23.057985
40.39,8.939902,135.30663,-0.09941896,1.1786965,23.057968
40.4,8.9400625,135.31186,-0.09946594,1.1793225,23.05795
40.41,8.940225,135.31703,-0.099512585,1.1799505,23.05793
40.42,8.940384,135.32224,-0.09955866,1.1805755,23.057905
40.43,8.940545,135.3274,-0.09960545,1.1812003,23.057882
40.44,8.9407015,135.33257,-0.0996523,1.1818248,23.057869
40.45,8.940861,135.33768,-0.099698626,1.1824455,23.05784
40.46,8.941021,135.34283,-0.09974438,1.1830674,23.057823
40.47,8.941178,135.34795,-0.09979084,1.1836896,23.057808
40.48,8.941337,135.35309,-0.09983696,1.1843079,23.057783
40.49,8.941497,135.35815,-0.09988303,1.184927,23.057756
40.5,8.941656,135.36328,-0.09992885,1.1855439,23.057743
40.51,8.941813,135.36832,-0.09997475,1.1861584,23.05772
40.52,8.94197,135.37341,-0.10002039,1.1867746,23.057703
40.53,8.942125,135.37845,-0.10006597,1.1873881,23.057686
40.54,8.942285,135.38351,-0.100111835,1.1879996,23.05767
40.55,8.942444,135.38855,-0.10015706,1.188611,23.057642
40.56,8.942599,135.39355,-0.10020294,1.1892228,23.057627
40.57,8.942752,135.39857,-0.10024815,1.1898308,23.057608
40.58,8.942913,135.40358,-0.10029363,1.1904407,23.057587
40.59,8.943066,135.40854,-0.10033867,1.1910478,23.057564
40.6,8.943224,135.41353,-0.10038404,1.1916517,23.05755
40.61,8.943377,135.41853,-0.10042902,1.1922592,23.057531
40.62,8.943532,135.4235,-0.10047398,1.1928638,23.057512
40.63,8.943687,135.42842,-0.10051877,1.1934677,23.057495
40.64,8.943843,135.43332,-0.100563265,1.194069,23.057478
40.65,8.943997,135.43825,-0.10060816,1.194671,23.057453
40.66,8.944149,135.44316,-0.10065298,1.1952693,23.057434
40.67,8.944305,135.44806,-0.10069744,1.1958694,23.057413
40.68,8.944462,135.45293,-0.100741565,1.1964654,23.057396
40.69,8.944612,135.45778,-0.10078608,1.1970644,23.057375
40.7,8.944763,135.46268,-0.100830466,1.1976606,23.057362
40.71,8.944921,135.46751,-0.10087472,1.1982552,23.057337
40.72,8.94507,135.47235,-0.10091902,1.1988493,23.057325
40.73,8.945223,135.47719,-0.10096279,1.1994414,23.057308
40.74,8.945376,135.48198,-0.10100703,1.2000338,23.057287
40.75,8.945526,135.48685,-0.10105095,1.2006233,23.057266
40.76,8.945679,135.49161,-0.101094805,1.201213,23.057251
40.77,8.94583,135.49637,-0.10113864,1.2018015,23.057226
40.78,8.945984,135.50117,-0.101182,1.202389,23.057215
40.79,8.946136,135.50594,-0.1012261,1.2029759,23.057192
40.8,8.946286,135.51064,-0.101269625,1.2035604,23.05718
40.81,8.946437,135.51544,-0.101312794,1.204145,23.057165
40.82,8.9465885,135.52014,-0.1013562,1.2047282,23.057148
40.83,8.946735,135.52487,-0.10139959,1.2053124,23.057129
40.84,8.946885,135.52957,-0.10144313,1.2058922,23.057108
40.85,8.94704,135.53423,-0.10148599,1.2064729,23.057089
40.86,8.94719,135.53893,-0.10152917,1.2070519,23.057068
40.87,8.947339,135.54364,-0.101572156,1.2076316,23.057055
40.88,8.94749,135.54832,-0.10161482,1.2082071,23.05703
40.89,8.9476385,135.55296,-0.10165795,1.2087854,23.05701
40.9,8.947785,135.55762,-0.101700835,1.2093616,23.057
40.91,8.947934,135.56223,-0.101743504,1.2099346,23.056986
40.92,8.948084,135.56685,-0.10178584,1.2105078,23.05697
40.93,8.94823,135.57146,-0.10182849,1.2110806,23.056944
40.94,8.9483795,135.57608,-0.1018714,1.211652,23.056932
40.95,8.948527,135.58069,-0.101913825,1.2122227,23.05691
40.96,8.948676,135.58528,-0.10195576,1.212792,23.056898
40.97,8.948824,135.58986,-0.10199813,1.2133622,23.056871
40.98,8.948973,135.5944,-0.10204009,1.2139289,23.056856
40.99,8.949116,135.59898,-0.10208213,1.2144941,23.056839
41.0,8.949265,135.60349,-0.10212429,1.2150607,23.05682
41.01,8.94941,135.60802,-0.10216639,1.215624,23.056812
41.02,8.949558,135.61255,-0.102208324,1.2161881,23.056807
41.03,8.949703,135.61708,-0.10225001,1.216751,23.056782
41.04,8.949849,135.62152,-0.102291584,1.2173121,23.056757
41.05,8.949997,135.62607,-0.10233343,1.2178723,23.05674
41.06,8.950143,135.63052,-0.102375,1.218433,23.05672
41.07,8.950287,135.63501,-0.10241658,1.2189921,23.056705
41.08,8.950433,135.6395,-0.102457985,1.2195481,23.05669
41.09,8.950577,135.6439,-0.10249952,1.2201059,23.056677
41.1,8.950722,135.6484,-0.10254078,1.2206624,23.056658
41.11,8.95087,135.6528,-0.10258183,1.2212174,23.056643
41.12,8.951011,135.65721,-0.10262305,1.221771,23.05663
41.13,8.951155,135.66167,-0.10266408,1.2223244,23.056606
41.14,8.951298,135.66606,-0.10270485,1.2228764,23.056595
41.15,8.951441,135.67043,-0.10274584,1.223427,23.056578
41.16,8.951586,135.6748,-0.102787,1.2239764,23.056559
41.17,8.95173,135.67921,-0.10282759,1.224527,23.056543
41.18,8.951873,135.68355,-0.10286873,1.2250752,23.056524
41.19,8.952014,135.68787,-0.10290919,1.2256219,23.056513
41.2,8.952157,135.69221,-0.10294969,1.226168,23.056501
41.21,8.952299,135.6966,-0.10299039,1.2267141,23.056479
41.22,8.95244,135.7009,-0.10303062,1.2272571,23.056465
41.23,8.952585,135.70523,-0.1030708,1.2278011,23.056452
41.24,8.952726,135.70955,-0.1031116,1.2283429,23.056429
41.25,8.9528675,135.71382,-0.10315175,1.2288862,23.05641
41.26,8.953013,135.71814,-0.10319174,1.2294261,23.056398
41.27,8.95315,135.72238,-0.10323198,1.2299665,23.05638
41.28,8.953296,135.72668,-0.10327172,1.2305063,23.056366
41.29,8.953437,135.73091,-0.103311844,1.2310431,23.056355
41.3,8.953572,135.73517,-0.10335186,1.2315812,23.056332
41.31,8.953715,135.73938,-0.103391536,1.2321177,23.056313
41.32,8.953855,135.74364,-0.10343114,1.2326521,23.056297
41.33,8.953995,135.74786,-0.10347107,1.233187,23.056282
41.34,8.954135,135.75209,-0.10351068,1.2337198,23.056274
41.35,8.95428,135.75632,-0.1035501,1.2342523,23.05626
41.36,8.954415,135.76045,-0.1035896,1.2347842,23.05624
41.37,8.954555,135.76466,-0.103629135,1.2353151,23.056223
41.38,8.954692,135.76884,-0.10366838,1.2358439,23.056208
41.39,8.954833,135.77298,-0.10370783,1.2363743,23.056198
41.4,8.95497,135.77718,-0.1037467,1.2369014,23.056173
41.41,8.95511,135.7813,-0.10378602,1.2374282,23.056152
41.42,8.955248,135.78542,-0.1038251,1.2379549,23.056147
41.43,8.955387,135.78957,-0.103864074,1.238479,23.056131
41.44,8.955526,135.79367,-0.10390312,1.2390056,23.056114
41.45,8.955664,135.79779,-0.103941984,1.2395265,23.056097
41.46,8.955802,135.80191,-0.1039808,1.2400498,23.05609
41.47,8.955937,135.80598,-0.104019545,1.2405736,23.056065
41.48,8.956078,135.81009,-0.10405792,1.2410945,23.056055
41.49,8.956216,135.8141,-0.104096755,1.2416128,23.05603
41.5,8.956351,135.81822,-0.104135245,1.2421316,23.056019
41.51,8.956488,135.82227,-0.10417398,1.24265,23.05601
41.52,8.956624,135.82632,-0.10421193,1.243169,23.055992
41.53,8.956759,135.83037,-0.10425041,1.2436837,23.055975
41.54,8.956897,135.83438,-0.1042891,1.2441999,23.055958
41.55,8.957032,135.8384,-0.10432693,1.2447143,23.055948
41.56,8.95717,135.8424,-0.104365155,1.2452286,23.055939
41.57,8.957301,135.84645,-0.104403146,1.2457405,23.055914
41.58,8.9574375,135.85046,-0.104441114,1.2462536,23.055897
41.59,8.957574,135.85445,-0.10447919,1.2467653,23.05588
41.6,8.957709,135.85841,-0.10451684,1.247275,23.05587
41.61,8.957842,135.86238,-0.10455467,1.2477841,23.055847
41.62,8.95798,135.86635,-0.10459245,1.248293,23.055845
41.63,8.958112,135.8703,-0.10462999,1.2488025,23.055826
41.64,8.958247,135.8742,-0.10466773,1.2493078,23.055807
41.65,8.958384,135.87816,-0.10470543,1.2498134,23.055794
41.66,8.958518,135.88214,-0.10474291,1.2503202,23.055779
41.67,8.95865,135.88602,-0.10478021,1.2508237,23.055763
41.68,8.958785,135.88995,-0.10481768,1.2513273,23.05575
41.69,8.95892,135.89386,-0.10485515,1.2518283,23.055738
41.7,8.959051,135.89775,-0.10489208,1.2523311,23.055725
41.71,8.959183,135.90163,-0.10492943,1.2528338,23.055706
41.72,8.959316,135.90547,-0.10496652,1.2533332,23.055693
41.73,8.959449,135.90938,-0.105003595,1.2538315,23.05568
41.74,8.959583,135.91324,-0.10504038,1.2543311,23.055664
41.75,8.959716,135.91705,-0.105077386,1.2548288,23.055645
41.76,8.959847,135.92091,-0.105114244,1.2553254,23.055634
41.77,8.959982,135.92473,-0.105151236,1.2558211,23.055616
41.78,8.960114,135.92857,-0.105187885,1.2563149,23.0556
41.79,8.960244,135.9324,-0.1052247,1.2568105,23.05559
41.8,8.960377,135.93616,-0.10526142,1.257304,23.055574
41.81,8.9605055,135.94002,-0.10529779,1.2577959,23.055563
41.82,8.960637,135.94382,-0.10533392,1.2582895,23.055546
41.83,8.960768,135.94754,-0.10537054,1.2587798,23.055534
41.84,8.9609,135.95135,-0.10540695,1.25927,23.055511
41.85,8.961029,135.95512,-0.10544321,1.2597587,23.055498
41.86,8.961159,135.9589,-0.10547946,1.2602464,23.055481
41.87,8.961287,135.96266,-0.10551587,1.2607361,23.055471
41.88,8.961424,135.96637,-0.10555222,1.2612216,23.05546
41.89,8.961553,135.97017,-0.10558774,1.2617085,23.055445
41.9,8.96168,135.97386,-0.10562382,1.2621927,23.055431
41.91,8.96181,135.97762,-0.105659716,1.262677,23.055418
41.92,8.961943,135.98128,-0.105695665,1.2631608,23.055399
41.93,8.962073,135.98503,-0.105731435,1.2636437,23.055386
41.94,8.962199,135.98875,-0.10576715,1.2641262,23.05538
41.95,8.962329,135.99242,-0.105803065,1.2646067,23.055351
41.96,8.962458,135.99612,-0.105838336,1.2650887,23.055344
41.97,8.962585,135.99977,-0.105874084,1.2655675,23.05533
41.98,8.96271,136.00345,-0.10590984,1.2660468,23.055311
41.99,8.962841,136.00711,-0.10594508,1.2665247,23.055296
42.0,8.962968,136.01077,-0.10598041,1.2670026,23.055286
42.01,8.963094,136.01439,-0.106015496,1.2674779,23.055271
42.02,8.963228,136.01802,-0.10605116,1.2679557,23.05526
42.03,8.963356,136.02167,-0.10608598,1.2684292,23.05524
42.04,8.963484,136.02525,-0.10612135,1.2689039,23.055227
42.05,8.963609,136.02888,-0.10615661,1.2693752,23.055214
42.06,8.963737,136.03249,-0.106191486,1.2698491,23.055197
42.07,8.963864,136.03607,-0.106226474,1.2703215,23.055191
42.08,8.963993,136.03964,-0.106261455,1.2707916,23.055172
42.09,8.964115,136.04321,-0.10629628,1.271262,23.055157
42.1,8.964242,136.04681,-0.10633124,1.2717309,23.055143
42.11,8.964369,136.05038,-0.1063661,1.2721996,23.055134
42.12,8.964493,136.05396,-0.10640074,1.2726669,23.05512
42.13,8.96462,136.05751,-0.10643524,1.2731347,23.0551
42.14,8.964746,136.061,-0.1064698,1.2736007,23.055094
42.15,8.964876,136.06459,-0.1065041,1.2740654,23.055075
42.16,8.964999,136.0681,-0.10653872,1.27453,23.055063
42.17,8.965123,136.07162,-0.10657321,1.2749951,23.055054
42.18,8.965253,136.0751,-0.10660742,1.2754562,23.055029
42.19,8.965374,136.0787,-0.10664142,1.2759203,23.055016
42.2,8.9655,136.08218,-0.10667596,1.2763813,23.055004
42.21,8.965623,136.08565,-0.10671004,1.2768408,23.054995
42.22,8.96575,136.08913,-0.106744066,1.2773031,23.054985
42.23,8.965876,136.0926,-0.10677854,1.2777642,23.05496
42.24,8.965999,136.09612,-0.106812395,1.2782202,23.054947
42.25,8.966122,136.09958,-0.10684645,1.2786787,23.054935
42.26,8.9662485,136.10303,-0.10688009,1.2791364,23.054922
42.27,8.966371,136.10648,-0.10691387,1.2795918,23.054907
42.28,8.966492,136.10994,-0.10694758,1.2800478,23.054893
42.29,8.966619,136.11339,-0.10698158,1.2805028,23.054874
42.3,8.96674,136.11679,-0.1070149,1.2809563,23.054855
42.31,8.966865,136.1202,-0.1070487,1.2814106,23.054855
42.32,8.966988,136.12361,-0.10708244,1.2818646,23.05484
42.33,8.967112,136.127,-0.107115805,1.2823142,23.054823
42.34,8.967236,136.13042,-0.10714921,1.2827656,23.054811
42.35,8.967359,136.13379,-0.107182704,1.2832158,23.054792
42.36,8.96748,136.13722,-0.10721591,1.2836651,23.054792
42.37,8.967602,136.14056,-0.10724924,1.2841145,23.05476
42.38,8.967723,136.14395,-0.10728289,1.2845628,23.054754
42.39,8.967845,136.14726,-0.107315354,1.2850106,23.054743
42.4,8.967966,136.15067,-0.10734876,1.2854571,23.054726
42.41,8.968089,136.15402,-0.107381724,1.2859027,23.054718
42.42,8.968208,136.15732,-0.10741466,1.2863488,23.0547
42.43,8.968331,136.16068,-0.10744784,1.2867923,23.054693
42.44,8.968455,136.16399,-0.10748059,1.2872362,23.054674
42.45,8.968575,136.16736,-0.10751347,1.2876794,23.05466
42.46,8.968695,136.17067,-0.10754617,1.2881225,23.054644
42.47,8.968816,136.17395,-0.10757888,1.2885628,23.054632
42.48,8.968933,136.17726,-0.10761185,1.2890037,23.05462
42.49,8.969057,136.18054,-0.107644364,1.2894455,23.0546
42.5,8.969174,136.18382,-0.10767681,1.289884,23.054586
42.51,8.969297,136.1871,-0.10770946,1.2903231,23.054575
42.52,8.969419,136.19038,-0.10774171,1.29076,23.054564
42.53,8.969538,136.19363,-0.10777406,1.291198,23.054543
42.54,8.969655,136.19693,-0.107806705,1.2916356,23.054535
42.55,8.969775,136.20018,-0.10783865,1.292071,23.054523
42.56,8.969895,136.20348,-0.1078711,1.2925049,23.054506
42.57,8.970015,136.2067,-0.10790351,1.2929405,23.054491
42.58,8.970137,136.20993,-0.107935585,1.2933743,23.054478
42.59,8.970255,136.21317,-0.107967764,1.2938058,23.054466
42.6,8.970374,136.21635,-0.10799939,1.2942394,23.054462
42.61,8.9704895,136.21956,-0.10803143,1.2946702,23.054436
42.62,8.970611,136.22278,-0.108063176,1.2951001,23.054428
42.63,8.970726,136.22595,-0.10809551,1.2955308,23.054413
42.64,8.97085,136.22919,-0.10812711,1.2959611,23.054401
42.65,8.970966,136.23239,-0.108158775,1.2963892,23.05438
42.66,8.971085,136.23558,-0.108190596,1.2968194,23.054358
42.67,8.971205,136.23872,-0.10822252,1.2972448,23.054356
42.68,8.971319,136.24184,-0.108253896,1.2976712,23.05435
42.69,8.971437,136.24504,-0.10828563,1.298099,23.05433
42.7,8.971554,136.2482,-0.10831692,1.2985243,23.05432
42.71,8.97167,136.25133,-0.1083485,1.2989473,23.054302
42.72,8.971789,136.2545,-0.10837978,1.2993735,23.05429
42.73,8.971906,136.25761,-0.10841109,1.2997956,23.054285
42.74,8.972022,136.26077,-0.108442195,1.3002185,23.054266
42.75,8.972139,136.26385,-0.10847378,1.3006401,23.054243
42.76,8.972256,136.26697,-0.108505,1.301062,23.054237
42.77,8.972371,136.2701,-0.108536266,1.3014815,23.054222
42.78,8.972489,136.27322,-0.10856734,1.3019018,23.054201
42.79,8.972605,136.2763,-0.108598046,1.3023216,23.054197
42.8,8.972719,136.27937,-0.108629376,1.3027395,23.054178
42.81,8.972836,136.2825,-0.108660534,1.303158,23.054169
42.82,8.972953,136.28555,-0.10869125,1.3035743,23.054155
42.83,8.973067,136.28865,-0.10872177,1.3039905,23.054144
42.84,8.973183,136.29173,-0.10875276,1.3044077,23.05413
42.85,8.973297,136.29475,-0.10878353,1.3048211,23.054113
42.86,8.973414,136.29782,-0.10881405,1.3052369,23.054104
42.87,8.973531,136.30086,-0.108844906,1.3056505,23.054087
42.88,8.973646,136.30392,-0.108875595,1.3060647,23.054073
42.89,8.973759,136.30699,-0.1089062,1.3064748,23.054052
42.9,8.973875,136.30998,-0.108936265,1.3068882,23.054043
42.91,8.973988,136.31302,-0.10896704,1.3073002,23.054035
42.92,8.974103,136.31606,-0.10899719,1.30771,23.054026
42.93,8.974218,136.31903,-0.10902769,1.3081205,23.053995
42.94,8.974333,136.32205,-0.10905803,1.3085289,23.053993
42.95,8.974445,136.32504,-0.109088354,1.3089371,23.053978
42.96,8.974561,136.32805,-0.10911855,1.309344,23.053963
42.97,8.974669,136.33101,-0.10914849,1.3097517,23.053955
42.98,8.974784,136.33397,-0.10917855,1.3101596,23.05393
42.99,8.9749,136.33696,-0.10920931,1.3105639,23.053926
43.0,8.975015,136.33992,-0.10923878,1.3109695,23.053905
43.01,8.975125,136.3429,-0.10926887,1.3113744,23.053898
43.02,8.975242,136.34586,-0.109298706,1.3117784,23.053888
43.03,8.975354,136.34882,-0.10932857,1.312181,23.05387
43.04,8.975467,136.35178,-0.10935851,1.3125849,23.053856
43.05,8.975578,136.35472,-0.10938852,1.3129867,23.053844
43.06,8.975691,136.35762,-0.109418,1.3133867,23.053823
43.07,8.975804,136.36052,-0.10944755,1.3137888,23.053816
43.08,8.975916,136.3635,-0.10947737,1.3141903,23.053804
43.09,8.976029,136.3664,-0.10950663,1.31459,23.053785
43.1,8.976144,136.36932,-0.10953644,1.3149884,23.053776
43.11,8.9762535,136.3722,-0.10956607,1.3153849,23.053764
43.12,8.976367,136.3751,-0.10959538,1.3157823,23.053745
43.13,8.976476,136.37796,-0.10962466,1.3161802,23.05374
43.14,8.976587,136.38089,-0.10965412,1.3165766,23.053726
43.15,8.976697,136.38374,-0.10968325,1.316971,23.053701
43.16,8.97681,136.38663,-0.10971247,1.3173678,23.053688
43.17,8.976922,136.38947,-0.109741874,1.3177602,23.053684
43.18,8.977032,136.39238,-0.1097711,1.3181542,23.053669
43.19,8.977142,136.39525,-0.1098001,1.3185476,23.05366
43.2,8.977254,136.39809,-0.109829135,1.3189403,23.053648
43.21,8.977364,136.4009,-0.10985807,1.319332,23.05363
43.22,8.977473,136.40375,-0.10988717,1.3197247,23.053608
43.23,8.977586,136.40662,-0.10991566,1.3201137,23.053598
43.24,8.977693,136.40944,-0.109944925,1.3205041,23.053585
43.25,8.977805,136.4123,-0.10997377,1.320895,23.053577
43.26,8.977915,136.4151,-0.110002525,1.3212831,23.053566
43.27,8.978024,136.41788,-0.11003127,1.3216709,23.053553
43.28,8.978134,136.42067,-0.1100598,1.3220572,23.053534
43.29,8.978244,136.42351,-0.11008843,1.3224443,23.053516
43.3,8.978356,136.42628,-0.1101172,1.322832,23.053501
43.31,8.978458,136.42911,-0.11014597,1.3232172,23.05349
43.32,8.978571,136.43187,-0.110174075,1.3236021,23.053476
43.33,8.9786825,136.43465,-0.11020295,1.3239876,23.053465
43.34,8.978789,136.43742,-0.11023107,1.3243712,23.053453
43.35,8.978896,136.44019,-0.110259295,1.3247544,23.053438
43.36,8.979011,136.44293,-0.11028789,1.325136,23.053423
43.37,8.979116,136.4457,-0.11031601,1.3255203,23.05341
43.38,8.979226,136.44847,-0.110344395,1.3259,23.053396
43.39,8.979335,136.4512,-0.11037266,1.326281,23.053385
43.4,8.979443,136.45396,-0.11040071,1.3266606,23.053371
43.41,8.9795475,136.45668,-0.11042905,1.3270403,23.053354
43.42,8.979657,136.45943,-0.11045711,1.3274213,23.05334
43.43,8.979763,136.46213,-0.11048499,1.3277986,23.053337
43.44,8.979875,136.46486,-0.11051297,1.3281767,23.053318
43.45,8.9799795,136.46758,-0.11054081,1.3285534,23.053299
43.46,8.980088,136.4703,-0.11056863,1.3289304,23.053297
43.47,8.980198,136.473,-0.11059642,1.3293061,23.053274
43.48,8.980302,136.47572,-0.11062431,1.329683,23.053265
43.49,8.980411,136.47838,-0.11065212,1.3300565,23.053253
43.5,8.980517,136.48105,-0.11067964,1.3304316,23.053242
43.51,8.980624,136.48378,-0.11070728,1.3308058,23.05323
43.52,8.98073,136.48645,-0.11073515,1.3311774,23.053207
43.53,8.980837,136.48912,-0.11076245,1.331552,23.053196
43.54,8.980945,136.49176,-0.11079006,1.3319223,23.053192
43.55,8.981049,136.4944,-0.11081782,1.3322947,23.053167
43.56,8.981157,136.49707,-0.110845014,1.3326656,23.053158
43.57,8.98126,136.49971,-0.11087248,1.3330351,23.053139
43.58,8.98137,136.50237,-0.110899866,1.3334059,23.053123
43.59,8.981475,136.505,-0.110927075,1.3337753,23.05311
43.6,8.981582,136.50761,-0.110954225,1.3341421,23.0531
43.61,8.981686,136.51028,-0.11098164,1.3345095,23.053091
43.62,8.981791,136.51288,-0.11100869,1.3348783,23.053074
43.63,8.9819,136.51552,-0.11103603,1.3352436,23.053064
43.64,8.982005,136.51817,-0.11106314,1.3356103,23.053053
43.65,8.982106,136.52077,-0.111089885,1.3359754,23.05303
43.66,8.982211,136.52335,-0.111117035,1.3363408,23.053017
43.67,8.98232,136.52594,-0.11114408,1.3367059,23.053001
43.68,8.982426,136.52855,-0.11117095,1.3370708,23.05299
43.69,8.982528,136.53114,-0.111197755,1.3374332,23.052969
43.7,8.982632,136.53374,-0.111224785,1.3377966,23.052963
43.71,8.982738,136.53633,-0.111251414,1.3381573,23.05295
43.72,8.982843,136.53885,-0.1112781,1.3385193,23.052938
43.73,8.982945,136.54146,-0.11130495,1.3388814,23.05293
43.74,8.983053,136.54405,-0.111331716,1.3392408,23.052912
43.75,8.983156,136.54657,-0.11135842,1.3396006,23.052887
43.76,8.983259,136.54916,-0.111384764,1.3399601,23.052877
43.77,8.983362,136.55167,-0.11141138,1.3403194,23.052862
43.78,8.983466,136.55423,-0.11143811,1.340677,23.052855
43.79,8.983568,136.55672,-0.11146453,1.3410337,23.052834
43.8,8.983675,136.55931,-0.11149083,1.3413919,23.05283
43.81,8.983776,136.56181,-0.111517206,1.3417478,23.052814
43.82,8.983877,136.56436,-0.11154342,1.3421043,23.0528
43.83,8.983982,136.5669,-0.11157009,1.3424597,23.052786
43.84,8.984085,136.56941,-0.111595914,1.3428143,23.052774
43.85,8.984192,136.57188,-0.11162254,1.3431687,23.052757
43.86,8.984292,136.5744,-0.111648485,1.3435242,23.052752
43.87,8.984395,136.57693,-0.11167467,1.3438776,23.052732
43.88,8.984498,136.57938,-0.11170091,1.34423,23.052715
43.89,8.984601,136.58194,-0.111726835,1.3445823,23.052708
43.9,8.984702,136.58437,-0.111752495,1.3449335,23.05269
43.91,8.984807,136.58688,-0.11177847,1.3452847,23.05268
43.92,8.984907,136.58934,-0.11180504,1.3456352,23.052671
43.93,8.98501,136.59187,-0.11183068,1.3459842,23.052652
43.94,8.985107,136.59425,-0.111856624,1.3463329,23.052633
43.95,8.985215,136.59674,-0.1118823,1.346683,23.052631
43.96,8.985315,136.5992,-0.11190827,1.3470322,23.05261
43.97,8.985415,136.60165,-0.11193374,1.3473785,23.052588
43.98,8.985518,136.60413,-0.11195926,1.347727,23.052582
43.99,8.985617,136.60658,-0.11198485,1.3480735,23.05257
44.0,8.985721,136.60901,-0.11201064,1.3484192,23.052557
44.01,8.985821,136.6114,-0.11203623,1.3487644,23.052536
44.02,8.985924,136.61388,-0.112061486,1.3491104,23.052526
44.03,8.986026,136.6163,-0.11208731,1.349454,23.052519
44.04,8.986125,136.61868,-0.11211248,1.3497984,23.0525
44.05,8.986226,136.62111,-0.11213815,1.3501416,23.052486
44.06,8.986323,136.6235,-0.11216384,1.3504841,23.052471
44.07,8.986423,136.62596,-0.112188965,1.3508269,23.05246
44.08,8.986526,136.62836,-0.11221427,1.3511693,23.052446
44.09,8.986628,136.63075,-0.112239495,1.3515105,23.052435
44.1,8.986729,136.63316,-0.11226463,1.3518523,23.052412
44.11,8.986828,136.63553,-0.1122894,1.3521917,23.0524
44.12,8.986926,136.63794,-0.112315014,1.3525317,23.052383
44.13,8.98703,136.6403,-0.11234,1.3528721,23.052372
44.14,8.987126,136.64265,-0.1123652,1.3532102,23.052357
44.15,8.9872265,136.64503,-0.11239004,1.3535489,23.052347
44.16,8.987327,136.64745,-0.11241473,1.353885,23.052338
44.17,8.987427,136.64978,-0.11244002,1.3542238,23.052322
44.18,8.987524,136.65213,-0.1124652,1.35456,23.052309
44.19,8.98762,136.65443,-0.112489715,1.3548974,23.052292
44.2,8.987724,136.65683,-0.112514675,1.3552336,23.052275
44.21,8.987823,136.65916,-0.11253928,1.3555673,23.052252
44.22,8.987923,136.6615,-0.112564445,1.3559016,23.052248
44.23,8.98802,136.66386,-0.1125889,1.356237,23.05224
44.24,8.98812,136.66615,-0.1126138,1.3565708,23.05222
44.25,8.988219,136.66849,-0.11263828,1.3569027,23.052208
44.26,8.98832,136.67084,-0.11266276,1.357234,23.052198
44.27,8.988414,136.67314,-0.11268744,1.3575683,23.052181
44.28,8.988513,136.67542,-0.11271198,1.3578999,23.052168
44.29,8.988609,136.67778,-0.1127363,1.3582308,23.052153
44.3,8.988709,136.68005,-0.112760544,1.3585616,23.052135
44.31,8.988804,136.68236,-0.11278519,1.358891,23.052132
44.32,8.988903,136.68465,-0.11280969,1.3592205,23.052118
44.33,8.989003,136.68698,-0.11283404,1.3595493,23.052103
44.34,8.989098,136.68921,-0.11285792,1.359879,23.052088
44.35,8.989198,136.6915,-0.112882555,1.3602065,23.052073
44.36,8.989292,136.69383,-0.1129068,1.3605336,23.05206
44.37,8.989396,136.6961,-0.11293098,1.3608615,23.052057
44.38,8.98949,136.69835,-0.11295502,1.3611873,23.052032
44.39,8.989588,136.70058,-0.11297919,1.3615141,23.052025
44.4,8.989682,136.70287,-0.11300291,1.3618381,23.052006
44.41,8.989782,136.70518,-0.11302741,1.3621639,23.051981
44.42,8.98988,136.7074,-0.11305109,1.362488,23.051975
44.43,8.989973,136.70963,-0.11307515,1.362812,23.051962
44.44,8.990074,136.71191,-0.11309923,1.363137,23.051949
44.45,8.9901705,136.7141,-0.11312291,1.363459,23.051935
44.46,8.990263,136.71637,-0.11314683,1.3637806,23.051916
44.47,8.990362,136.71855,-0.11317065,1.3641038,23.0519
44.48,8.990457,136.72084,-0.113194406,1.3644252,23.051897
44.49,8.990553,136.72305,-0.11321817,1.3647467,23.05188
44.5,8.990653,136.72527,-0.11324178,1.3650682,23.051865
44.51,8.9907465,136.72751,-0.11326584,1.3653872,23.051853
44.52,8.990841,136.72968,-0.11328931,1.3657069,23.05184
44.53,8.990937,136.73189,-0.11331287,1.3660268,23.051823
44.54,8.991035,136.73409,-0.113336444,1.3663447,23.05181
44.55,8.991129,136.7363,-0.11336006,1.3666639,23.051794
44.56,8.991225,136.73851,-0.11338316,1.366982,23.051783
44.57,8.991321,136.74066,-0.11340658,1.367298,23.051767
44.58,8.991417,136.7429,-0.11343019,1.3676169,23.051754
44.59,8.991509,136.74501,-0.11345379,1.3679316,23.051731
44.6,8.991606,136.74725,-0.113477096,1.3682475,23.051716
44.61,8.9917,136.7494,-0.11350024,1.3685628,23.051718
44.62,8.991794,136.7516,-0.11352354,1.3688778,23.05169
44.63,8.991889,136.75377,-0.113546684,1.3691928,23.051685
44.64,8.991984,136.7559,-0.11357015,1.3695061,23.051664
44.65,8.99208,136.75807,-0.113593265,1.36982,23.051651
44.66,8.992174,136.76021,-0.11361645,1.3701324,23.05163
44.67,8.992269,136.76236,-0.11363952,1.3704444,23.051619
44.68,8.992365,136.76451,-0.113662586,1.370757,23.051617
44.69,8.992456,136.76666,-0.11368576,1.371069,23.051592
44.7,8.99255,136.76883,-0.11370844,1.3713812,23.051586
44.71,8.992644,136.77095,-0.11373189,1.3716897,23.051567
44.72,8.99274,136.77307,-0.11375444,1.3720003,23.051556
44.73,8.992836,136.77516,-0.11377725,1.3723106,23.051538
44.74,8.992928,136.77731,-0.113800034,1.3726187,23.051529
44.75,8.993019,136.77945,-0.11382319,1.3729285,23.051504
44.76,8.993113,136.78157,-0.11384562,1.373236,23.0515
44.77,8.993207,136.78368,-0.11386858,1.3735453,23.051481
44.78,8.993299,136.78575,-0.113891274,1.3738505,23.051468
44.79,8.993391,136.78784,-0.11391395,1.3741575,23.051453
44.8,8.993486,136.78995,-0.11393666,1.3744644,23.05144
44.81,8.99358,136.79204,-0.11395927,1.3747693,23.051428
44.82,8.993671,136.79417,-0.11398174,1.3750768,23.051409
44.83,8.993769,136.79626,-0.114004165,1.3753815,23.051401
44.84,8.993856,136.79836,-0.114026755,1.3756858,23.051388
44.85,8.993953,136.8004,-0.11404921,1.375989,23.05136
44.86,8.994045,136.80247,-0.11407198,1.3762938,23.051361
44.87,8.994136,136.80461,-0.11409402,1.3765966,23.051342
44.88,8.994229,136.80663,-0.11411668,1.376898,23.051329
44.89,8.994321,136.80873,-0.114139125,1.3772016,23.051311
44.9,8.9944105,136.81076,-0.1141613,1.3775036,23.051296
44.91,8.994507,136.81282,-0.11418368,1.3778036,23.051287
44.92,8.994596,136.81487,-0.11420566,1.3781048,23.05127
44.93,8.994688,136.8169,-0.114228144,1.3784064,23.051249
44.94,8.994784,136.81891,-0.11425017,1.3787062,23.051243
44.95,8.994873,136.82103,-0.114272505,1.3790053,23.051228
44.96,8.994966,136.82304,-0.11429416,1.3793048,23.051218
44.97,8.995056,136.8251,-0.11431646,1.3796042,23.051207
44.98,8.995149,136.82712,-0.11433856,1.379902,23.05119
44.99,8.995237,136.82916,-0.114360616,1.3802006,23.051167
45.0,8.995333,136.83115,-0.11438237,1.3804971,23.05116
45.01,8.995423,136.8332,-0.1144049,1.3807935,23.05114
45.02,8.995512,136.8352,-0.114426404,1.3810908,23.051134
45.03,8.995605,136.83717,-0.11444807,1.3813859,23.051117
45.04,8.995694,136.83926,-0.11447014,1.3816811,23.051105
45.05,8.995786,136.8412,-0.11449203,1.3819788,23.051086
45.06,8.995877,136.84326,-0.114513874,1.3822716,23.051077
45.07,8.995971,136.84521,-0.11453545,1.3825643,23.05106
45.08,8.9960575,136.84724,-0.11455737,1.3828588,23.051044
45.09,8.996149,136.84924,-0.11457884,1.3831515,23.05103
45.1,8.996241,136.85124,-0.11460061,1.3834447,23.05102
45.11,8.996331,136.85326,-0.11462197,1.3837372,23.050999
45.12,8.996418,136.85521,-0.11464384,1.3840289,23.050983
45.13,8.996511,136.85721,-0.11466521,1.3843229,23.050974
45.14,8.996601,136.85915,-0.11468686,1.3846134,23.050955
45.15,8.99669,136.86111,-0.114708126,1.3849038,23.050945
45.16,8.996779,136.86305,-0.11472979,1.3851947,23.050932
45.17,8.996872,136.865,-0.11475122,1.3854827,23.050915
45.18,8.996961,136.86697,-0.11477251,1.3857722,23.0509
45.19,8.997048,136.86897,-0.11479375,1.3860621,23.050888
45.2,8.997139,136.87094,-0.114815354,1.3863518,23.050873
45.21,8.997228,136.87285,-0.11483663,1.3866397,23.05086
45.22,8.99732,136.87482,-0.11485784,1.3869267,23.050837
45.23,8.997408,136.8767,-0.11487895,1.3872143,23.05083
45.24,8.997496,136.87866,-0.11490026,1.3875014,23.050816
45.25,8.997586,136.88062,-0.11492108,1.3877876,23.050798
45.26,8.997674,136.88252,-0.11494249,1.3880746,23.050787
45.27,8.997761,136.8845,-0.11496349,1.3883595,23.050772
45.28,8.997851,136.8864,-0.11498448,1.3886446,23.050753
45.29,8.99794,136.88829,-0.11500561,1.3889303,23.050745
45.3,8.99803,136.89023,-0.115026444,1.3892149,23.05073
45.31,8.99812,136.89214,-0.11504762,1.389498,23.050707
45.32,8.998206,136.89404,-0.115068674,1.3897797,23.050695
45.33,8.998294,136.89598,-0.1150894,1.3900632,23.050678
45.34,8.998381,136.8979,-0.11511029,1.3903452,23.05067
45.35,8.998471,136.8998,-0.1151313,1.3906285,23.050652
45.36,8.998559,136.90166,-0.11515212,1.3909099,23.050644
45.37,8.998641,136.90356,-0.11517277,1.391192,23.050627
45.38,8.998733,136.90547,-0.11519368,1.3914735,23.050615
45.39,8.998822,136.9074,-0.11521432,1.3917545,23.050602
45.4,8.998908,136.90923,-0.115234986,1.3920337,23.050589
45.41,8.998999,136.91115,-0.11525552,1.3923137,23.050575
45.42,8.999085,136.913,-0.1152762,1.392593,23.050564
45.43,8.999172,136.91486,-0.11529718,1.3928716,23.050537
45.44,8.999261,136.91673,-0.11531733,1.3931509,23.050526
45.45,8.999348,136.91861,-0.11533809,1.39343,23.050512
45.46,8.999437,136.9205,-0.11535868,1.3937047,23.050497
45.47,8.999521,136.92233,-0.115378976,1.3939832,23.050484
45.48,8.999605,136.92418,-0.115399376,1.3942592,23.050478
45.49,8.999698,136.92604,-0.11541985,1.3945372,23.05045
45.5,8.999784,136.92789,-0.11544049,1.394812,23.050438
45.51,8.999871,136.9298,-0.115460604,1.3950881,23.05042
45.52,8.999952,136.93158,-0.11548109,1.3953632,23.050407
45.53,9.000044,136.93343,-0.11550136,1.3956373,23.050398
45.54,9.000131,136.93526,-0.1155218,1.3959124,23.050386
45.55,9.0002165,136.93709,-0.115541816,1.3961856,23.050371
45.56,9.000303,136.9389,-0.115562126,1.3964595,23.050356
45.57,9.000387,136.9408,-0.11558221,1.3967322,23.05034
45.58,9.000477,136.94254,-0.11560227,1.3970064,23.050327
45.59,9.000565,136.94438,-0.11562237,1.3972794,23.050304
45.6,9.0006485,136.94623,-0.11564259,1.3975488,23.050306
45.61,9.000732,136.94803,-0.115662694,1.3978223,23.050282
45.62,9.000819,136.94983,-0.11568287,1.398094,23.050268
45.63,9.000905,136.95163,-0.11570254,1.398364,23.050247
45.64,9.000993,136.95348,-0.11572258,1.3986347,23.050247
45.65,9.001077,136.95528,-0.11574264,1.3989052,23.050228
45.66,9.001162,136.95709,-0.115762636,1.3991747,23.050213
45.67,9.001247,136.95886,-0.115782395,1.399443,23.050196
45.68,9.001335,136.96066,-0.11580236,1.3997118,23.050182
45.69,9.001422,136.96245,-0.115822166,1.3999801,23.050167
45.7,9.001504,136.96425,-0.11584191,1.4002486,23.050152
45.71,9.001588,136.96603,-0.11586174,1.4005156,23.050142
45.72,9.001674,136.9678,-0.11588153,1.400784,23.050129
45.73,9.001758,136.9696,-0.115900874,1.4010503,23.05011
45.74,9.001845,136.97134,-0.11592054,1.4013157,23.050087
45.75,9.001928,136.97314,-0.11594042,1.401583,23.050077
45.76,9.002015,136.97488,-0.115960255,1.4018482,23.050062
45.77,9.002099,136.97662,-0.11597985,1.4021128,23.05005
45.78,9.002186,136.9784,-0.1159994,1.4023777,23.050037
45.79,9.002266,136.98016,-0.11601864,1.4026434,23.050016
45.8,9.002352,136.98196,-0.11603865,1.4029063,23.050009
45.81,9.002435,136.98372,-0.1160578,1.4031724,23.04999
45.82,9.002522,136.9854,-0.11607699,1.403434,23.049978
45.83,9.002605,136.98714,-0.116096884,1.403697,23.049957
45.84,9.00269,136.98895,-0.11611591,1.4039593,23.04995
45.85,9.002775,136.99066,-0.11613548,1.4042222,23.049934
45.86,9.002856,136.99237,-0.11615485,1.4044825,23.049915
45.87,9.002938,136.99416,-0.116174385,1.404745,23.049902
45.88,9.003026,136.99586,-0.11619328,1.405007,23.049889
45.89,9.003106,136.99756,-0.116212875,1.4052674,23.04988
45.9,9.003194,136.99933,-0.11623159,1.4055266,23.049864
45.91,9.003276,137.00104,-0.1162512,1.4057869,23.04985
45.92,9.003359,137.00279,-0.116270185,1.4060463,23.04983
45.93,9.003444,137.00449,-0.1162893,1.4063053,23.04982
45.94,9.003529,137.00615,-0.116308644,1.4065648,23.049809
45.95,9.003609,137.00789,-0.11632761,1.406824,23.049784
45.96,9.003695,137.00957,-0.11634679,1.4070802,23.049774
45.97,9.0037775,137.01134,-0.11636563,1.4073384,23.04976
45.98,9.003862,137.01305,-0.1163847,1.4075959,23.049744
45.99,9.003942,137.01474,-0.11640358,1.4078529,23.049734
46.0,9.004026,137.01645,-0.116422564,1.4081095,23.049715
46.01,9.0041065,137.01811,-0.11644155,1.4083662,23.049704
46.02,9.004191,137.01976,-0.11646062,1.4086215,23.04969
46.03,9.004272,137.02148,-0.11647932,1.4088774,23.049673
46.04,9.004357,137.0232,-0.1164981,1.4091312,23.049656
46.05,9.00444,137.02483,-0.11651699,1.409387,23.049643
46.06,9.00452,137.02655,-0.116535634,1.4096414,23.049631
46.07,9.004603,137.0282,-0.116554305,1.409895,23.049616
46.08,9.004685,137.02988,-0.11657314,1.4101498,23.0496
46.09,9.004773,137.03152,-0.116592124,1.4104023,23.049582
46.1,9.004853,137.0332,-0.11661059,1.4106537,23.049568
46.11,9.004933,137.03485,-0.11662911,1.4109058,23.04955
46.12,9.005014,137.03648,-0.11664806,1.4111588,23.049543
46.13,9.0050955,137.03818,-0.11666654,1.4114107,23.049522
46.14,9.005181,137.03987,-0.116684824,1.4116625,23.049503
46.15,9.005259,137.04153,-0.11670345,1.4119117,23.049496
46.16,9.005342,137.04317,-0.11672196,1.412164,23.049486
46.17,9.005423,137.04483,-0.116740316,1.4124136,23.049473
46.18,9.005505,137.04642,-0.11675912,1.4126637,23.04945
46.19,9.005586,137.04808,-0.116777524,1.4129136,23.049435
46.2,9.005669,137.04968,-0.11679606,1.4131615,23.049421
46.21,9.00575,137.05135,-0.116814315,1.4134102,23.049414
46.22,9.005828,137.05295,-0.116832614,1.41366,23.049397
46.23,9.00591,137.05461,-0.11685084,1.4139087,23.049377
46.24,9.005991,137.05626,-0.116869226,1.4141562,23.049372
46.25,9.006074,137.05789,-0.11688745,1.4144017,23.049353
46.26,9.00615,137.0595,-0.116905585,1.4146498,23.049343
46.27,9.006232,137.06108,-0.11692411,1.4148965,23.049322
46.28,9.006314,137.06274,-0.11694203,1.4151429,23.049301
46.29,9.006397,137.06435,-0.11696012,1.4153888,23.049295
46.3,9.006478,137.06598,-0.11697847,1.4156348,23.049269
46.31,9.006557,137.06755,-0.11699656,1.4158808,23.049265
46.32,9.006637,137.06915,-0.11701433,1.4161257,23.049252
46.33,9.0067215,137.07077,-0.117032856,1.4163691,23.04923
46.34,9.006799,137.0724,-0.11705074,1.4166129,23.04922
46.35,9.006878,137.07399,-0.11706872,1.4168569,23.049202
46.36,9.006959,137.07556,-0.11708683,1.4171003,23.04918
46.37,9.007041,137.07716,-0.11710453,1.4173439,23.049171
46.38,9.007117,137.07877,-0.11712271,1.4175867,23.04916
46.39,9.007202,137.08032,-0.11714049,1.4178281,23.04914
46.4,9.007278,137.08192,-0.11715847,1.4180708,23.049133
46.41,9.007357,137.08354,-0.117176294,1.4183125,23.049114
46.42,9.007438,137.08511,-0.117194206,1.418554,23.049103
46.43,9.00752,137.08669,-0.117211804,1.4187955,23.049088
46.44,9.007602,137.08823,-0.11722949,1.4190353,23.04907
46.45,9.007679,137.08983,-0.11724755,1.4192758,23.049053
46.46,9.007756,137.09135,-0.117265135,1.419515,23.04905
46.47,9.007835,137.09293,-0.11728297,1.4197549,23.049026
46.48,9.007915,137.09451,-0.11730015,1.4199954,23.049013
46.49,9.007995,137.09605,-0.11731841,1.4202336,23.049
46.5,9.008074,137.09761,-0.117335886,1.4204721,23.048988
46.51,9.008151,137.09917,-0.11735305,1.4207109,23.048971
46.52,9.008232,137.10072,-0.11737111,1.4209478,23.048956
46.53,9.00831,137.10225,-0.11738855,1.421185,23.048935
46.54,9.008388,137.10384,-0.11740582,1.4214225,23.04892
46.55,9.00847,137.10535,-0.117423564,1.4216603,23.048906
46.56,9.008545,137.1069,-0.11744109,1.421897,23.048893
46.57,9.008628,137.10841,-0.11745857,1.422133,23.048874
46.58,9.008704,137.10994,-0.11747594,1.4223678,23.048866
46.59,9.008786,137.11151,-0.11749335,1.4226049,23.048847
46.6,9.0088625,137.11305,-0.11751068,1.4228399,23.048838
46.61,9.008941,137.11458,-0.117528036,1.4230735,23.04882
46.62,9.009016,137.11612,-0.11754532,1.4233087,23.048811
46.63,9.009094,137.11766,-0.1175625,1.4235436,23.048792
46.64,9.009176,137.11916,-0.11757977,1.4237772,23.048775
46.65,9.009253,137.12067,-0.11759727,1.4240103,23.048754
46.66,9.009333,137.12218,-0.11761412,1.4242426,23.04875
46.67,9.009404,137.12369,-0.11763154,1.4244766,23.048737
46.68,9.009483,137.1252,-0.117648765,1.424708,23.048723
46.69,9.00956,137.12671,-0.11766556,1.42494,23.048712
46.7,9.00964,137.12822,-0.11768311,1.4251719,23.04869
46.71,9.009722,137.12978,-0.117700234,1.4254034,23.048677
46.72,9.009797,137.13123,-0.11771716,1.4256346,23.048662
46.73,9.009876,137.13275,-0.11773382,1.4258659,23.048649
46.74,9.00995,137.1342,-0.11775148,1.4260966,23.048634
46.75,9.01003,137.13576,-0.11776793,1.4263281,23.04862
46.76,9.010107,137.13718,-0.1177849,1.4265559,23.048603
46.77,9.010183,137.13872,-0.11780219,1.4267868,23.04859
46.78,9.0102625,137.14021,-0.117819175,1.427016,23.048574
46.79,9.010335,137.14168,-0.11783588,1.4272449,23.048555
46.8,9.010413,137.14319,-0.11785312,1.4274727,23.048548
46.81,9.010489,137.14464,-0.1178695,1.4277014,23.048534
46.82,9.01057,137.14612,-0.117886275,1.4279286,23.048523
46.83,9.010645,137.14761,-0.11790341,1.4281561,23.048498
46.84,9.010721,137.14908,-0.11792001,1.4283838,23.048485
46.85,9.0107975,137.1505,-0.11793661,1.4286109,23.048471
46.86,9.010879,137.152,-0.11795378,1.4288381,23.048456
46.87,9.010952,137.15343,-0.11797036,1.429063,23.048437
46.88,9.011029,137.15489,-0.11798701,1.4292895,23.048428
46.89,9.0111065,137.15639,-0.11800335,1.4295146,23.048412
46.9,9.011179,137.15784,-0.1180201,1.4297402,23.048405
46.91,9.011259,137.15932,-0.11803681,1.429966,23.04838
46.92,9.011336,137.16072,-0.118053526,1.43019,23.04837
46.93,9.011409,137.16222,-0.11806995,1.4304141,23.048357
46.94,9.011489,137.16367,-0.11808665,1.4306378,23.048325
46.95,9.011559,137.16505,-0.11810292,1.4308612,23.048328
46.96,9.011636,137.16655,-0.118119866,1.4310848,23.048311
46.97,9.011714,137.16795,-0.11813654,1.4313093,23.04829
46.98,9.011788,137.16946,-0.11815266,1.4315321,23.048271
46.99,9.011863,137.17084,-0.11816886,1.4317534,23.04826
47.0,9.011941,137.17229,-0.11818546,1.4319767,23.048246
47.01,9.012019,137.17372,-0.11820191,1.4321978,23.048227
47.02,9.012096,137.17516,-0.1182182,1.4324186,23.04822
47.03,9.012167,137.17656,-0.11823431,1.4326409,23.048208
47.04,9.012244,137.17801,-0.11825068,1.4328604,23.048193
47.05,9.012318,137.17943,-0.11826733,1.4330825,23.048174
47.06,9.012393,137.18082,-0.11828327,1.4333016,23.048164
47.07,9.012472,137.18225,-0.1182999,1.4335217,23.048145
47.08,9.012544,137.18365,-0.11831568,1.4337412,23.048128
47.09,9.012621,137.18507,-0.11833207,1.4339608,23.048117
47.1,9.012693,137.18645,-0.11834839,1.4341795,23.048103
47.11,9.012766,137.1879,-0.11836438,1.4343994,23.048086
47.12,9.012841,137.18933,-0.11838071,1.4346157,23.048073
47.13,9.012921,137.19069,-0.118396655,1.4348352,23.048058
47.14,9.012991,137.19212,-0.11841288,1.4350524,23.048048
47.15,9.01307,137.19353,-0.118429005,1.4352684,23.048029
47.16,9.01314,137.19493,-0.11844489,1.4354866,23.04801
47.17,9.013213,137.19626,-0.118460774,1.4357036,23.048004
47.18,9.013293,137.19768,-0.11847681,1.4359211,23.04799
47.19,9.013368,137.19907,-0.11849281,1.4361377,23.047964
47.2,9.01344,137.20045,-0.118508935,1.4363515,23.04795
47.21,9.013516,137.20183,-0.1185244,1.4365678,23.047945
47.22,9.013591,137.20323,-0.11854045,1.4367825,23.047928
47.23,9.013662,137.20462,-0.118556395,1.4369973,23.047913
47.24,9.013738,137.20598,-0.118572235,1.4372127,23.047897
47.25,9.013809,137.2074,-0.11858828,1.4374267,23.047886
47.26,9.013882,137.20874,-0.11860405,1.4376408,23.047874
47.27,9.01396,137.2101,-0.11861977,1.4378549,23.047857
47.28,9.014033,137.21146,-0.11863558,1.438068,23.047836
47.29,9.014106,137.21284,-0.11865103,1.4382805,23.047823
47.3,9.014183,137.21417,-0.118667126,1.4384933,23.047804
47.31,9.014254,137.21556,-0.11868267,1.4387069,23.0478
47.32,9.014326,137.21693,-0.1186984,1.4389186,23.047783
47.33,9.0144,137.21829,-0.11871374,1.4391309,23.047762
47.34,9.014473,137.21967,-0.11872959,1.4393429,23.047754
47.35,9.014547,137.22098,-0.11874542,1.4395543,23.04774
47.36,9.014622,137.22234,-0.11876096,1.4397647,23.047716
47.37,9.014695,137.22371,-0.11877665,1.439975,23.04771
47.38,9.014769,137.22507,-0.11879195,1.4401852,23.04769
47.39,9.014841,137.22641,-0.11880742,1.4403946,23.04768
47.4,9.014913,137.22777,-0.11882305,1.4406043,23.04766
47.41,9.014987,137.22911,-0.11883849,1.4408158,23.04765
47.42,9.01506,137.23041,-0.11885421,1.4410243,23.04763
47.43,9.015131,137.23175,-0.11886938,1.4412335,23.047625
47.44,9.015206,137.2331,-0.1188848,1.4414426,23.047596
47.45,9.01528,137.23439,-0.11890015,1.4416504,23.047588
47.46,9.015351,137.2358,-0.11891556,1.44186,23.04758
47.47,9.015423,137.23712,-0.11893092,1.4420661,23.047564
47.48,9.015495,137.23845,-0.118946254,1.4422739,23.047539
47.49,9.015568,137.23975,-0.11896144,1.4424815,23.047527
47.5,9.01564,137.24106,-0.11897695,1.4426872,23.047508
47.51,9.015712,137.24242,-0.11899184,1.4428947,23.047506
47.52,9.015787,137.24376,-0.11900757,1.4430999,23.04749
47.53,9.015858,137.24506,-0.119022444,1.4433063,23.047472
47.54,9.015931,137.24632,-0.11903791,1.4435117,23.04746
47.55,9.016,137.24762,-0.11905271,1.4437188,23.047445
47.56,9.016072,137.2489,-0.119068354,1.4439228,23.047436
47.57,9.016143,137.25024,-0.11908321,1.4441279,23.047424
47.58,9.016219,137.25154,-0.1190985,1.4443331,23.047405
47.59,9.016289,137.25284,-0.119113564,1.4445372,23.047394
47.6,9.01636,137.25414,-0.119128555,1.4447411,23.047373
47.61,9.016435,137.25543,-0.11914365,1.4449452,23.047358
47.62,9.016503,137.25671,-0.119158655,1.4451481,23.047344
47.63,9.016573,137.25804,-0.1191739,1.4453515,23.04733
47.64,9.016649,137.25935,-0.11918858,1.4455527,23.047318
47.65,9.01672,137.26064,-0.11920358,1.445758,23.047297
47.66,9.01679,137.26193,-0.11921863,1.4459592,23.047287
47.67,9.016861,137.26321,-0.11923358,1.446162,23.04727
47.68,9.016931,137.26451,-0.11924848,1.4463625,23.047255
47.69,9.017004,137.26581,-0.11926335,1.4465641,23.047237
47.7,9.017077,137.26703,-0.11927821,1.4467657,23.047222
47.71,9.017145,137.26834,-0.119293034,1.4469659,23.047218
47.72,9.017218,137.2696,-0.11930813,1.4471664,23.047194
47.73,9.017289,137.27094,-0.11932257,1.4473672,23.047182
47.74,9.01736,137.27216,-0.119337514,1.4475664,23.047167
47.75,9.017428,137.27347,-0.119352296,1.4477662,23.047146
47.76,9.017506,137.27472,-0.1193669,1.4479655,23.04715
47.77,9.017572,137.27599,-0.11938147,1.4481648,23.047134
47.78,9.017643,137.2772,-0.11939639,1.4483641,23.047104
47.79,9.0177145,137.2785,-0.11941126,1.4485625,23.047102
47.8,9.01778,137.27982,-0.11942528,1.4487604,23.047083
47.81,9.017855,137.28104,-0.11944044,1.448959,23.047068
47.82,9.017928,137.28232,-0.11945522,1.4491576,23.04705
47.83,9.017995,137.28354,-0.11946942,1.4493539,23.047033
47.84,9.018065,137.28482,-0.11948402,1.449551,23.04702
47.85,9.018137,137.28606,-0.11949855,1.4497492,23.047007
47.86,9.018207,137.28731,-0.119513035,1.4499449,23.047
47.87,9.018277,137.28856,-0.11952774,1.450142,23.046982
47.88,9.018348,137.28978,-0.119542345,1.4503387,23.046967
47.89,9.018416,137.29102,-0.11955693,1.4505333,23.046953
47.9,9.018483,137.29227,-0.11957125,1.4507293,23.046946
47.91,9.018555,137.29349,-0.119585395,1.4509257,23.046926
47.92,9.018626,137.29472,-0.11960049,1.4511204,23.046911
47.93,9.018696,137.29599,-0.11961454,1.4513139,23.046904
47.94,9.018765,137.29721,-0.119629025,1.4515082,23.046875
47.95,9.018836,137.29837,-0.11964321,1.4517037,23.046865
47.96,9.018906,137.2997,-0.11965744,1.4518962,23.046856
47.97,9.018975,137.30092,-0.119672194,1.4520903,23.046844
47.98,9.019046,137.30211,-0.119686395,1.4522845,23.046827
47.99,9.019115,137.30333,-0.11970064,1.4524772,23.046812
48.0,9.019181,137.30457,-0.1197146,1.4526705,23.04679
48.01,9.019256,137.30582,-0.11972906,1.4528612,23.046778
48.02,9.019321,137.30702,-0.11974326,1.4530556,23.046776
48.03,9.019391,137.30823,-0.11975743,1.4532473,23.046759
48.04,9.01946,137.30943,-0.11977172,1.4534377,23.046734
48.05,9.01953,137.31064,-0.119785786,1.453631,23.04672
48.06,9.019596,137.31189,-0.119799554,1.4538219,23.046705
48.07,9.019668,137.31308,-0.11981407,1.4540118,23.046696
48.08,9.019736,137.3143,-0.11982831,1.4542032,23.04668
48.09,9.019807,137.3155,-0.1198422,1.4543921,23.046665
48.1,9.019874,137.31667,-0.11985636,1.4545826,23.046654
48.11,9.019944,137.31789,-0.119870335,1.454773,23.046644
48.12,9.020009,137.31909,-0.11988446,1.4549628,23.046623
48.13,9.0200815,137.3203,-0.119898364,1.4551514,23.046604
48.14,9.020147,137.32146,-0.1199124,1.4553415,23.046587
48.15,9.020215,137.32266,-0.11992645,1.4555293,23.04658
48.16,9.020285,137.32388,-0.11994025,1.4557186,23.046566
48.17,9.020352,137.32503,-0.11995429,1.4559054,23.046549
48.18,9.020423,137.32623,-0.119968146,1.456095,23.046537
48.19,9.02049,137.32741,-0.11998184,1.4562823,23.046522
48.2,9.0205555,137.32861,-0.11999589,1.4564699,23.046507
48.21,9.020625,137.32979,-0.12001003,1.4566567,23.04649
48.22,9.020697,137.33098,-0.120023355,1.4568458,23.04648
48.23,9.020762,137.33215,-0.12003735,1.4570303,23.046463
48.24,9.020834,137.33336,-0.1200511,1.4572164,23.046453
48.25,9.020901,137.33452,-0.120065,1.4574045,23.046432
48.26,9.020967,137.3357,-0.12007868,1.4575902,23.046415
48.27,9.021035,137.33685,-0.120092675,1.4577749,23.046408
48.28,9.021103,137.33803,-0.12010585,1.457959,23.0464
48.29,9.02117,137.33917,-0.120119944,1.4581451,23.046371
48.3,9.021237,137.34038,-0.12013343,1.4583298,23.046364
48.31,9.021305,137.34154,-0.12014738,1.4585152,23.04635
48.32,9.021372,137.34265,-0.1201608,1.4586998,23.046337
48.33,9.021441,137.34387,-0.12017438,1.458884,23.046328
48.34,9.021507,137.345,-0.12018816,1.4590678,23.046312
48.35,9.021574,137.34615,-0.12020135,1.4592509,23.046303
48.36,9.021645,137.3473,-0.12021488,1.4594345,23.046286
48.37,9.02171,137.34848,-0.12022902,1.459618,23.04626
48.38,9.021778,137.34961,-0.1202424,1.459801,23.046257
48.39,9.021843,137.35077,-0.120255664,1.459983,23.046238
48.4,9.021913,137.35193,-0.12026921,1.460167,23.046225
48.41,9.021975,137.35309,-0.1202825,1.4603475,23.046207
48.42,9.022048,137.35423,-0.12029648,1.4605298,23.0462
48.43,9.022111,137.35533,-0.12030959,1.4607115,23.046183
48.44,9.022179,137.35649,-0.12032305,1.4608924,23.046165
48.45,9.0222435,137.35767,-0.12033641,1.461074,23.046152
48.46,9.022313,137.35881,-0.12034997,1.461255,23.046139
48.47,9.022378,137.35995,-0.12036301,1.4614346,23.04613
48.48,9.022444,137.36107,-0.120376885,1.461615,23.046116
48.49,9.0225115,137.36217,-0.12038997,1.461795,23.046103
48.5,9.022576,137.36334,-0.120403096,1.461974,23.046085
48.51,9.022644,137.36443,-0.12041633,1.4621545,23.046064
48.52,9.022713,137.36557,-0.12042995,1.4623342,23.046057
48.53,9.0227785,137.3667,-0.12044297,1.4625134,23.04604
48.54,9.022842,137.3678,-0.12045635,1.4626905,23.04603
48.55,9.022912,137.36894,-0.12046942,1.462871,23.046013
48.56,9.022978,137.37006,-0.12048265,1.4630488,23.046005
48.57,9.02304,137.3712,-0.120496005,1.4632266,23.045988
48.58,9.0231085,137.37231,-0.12050916,1.4634049,23.045963
48.59,9.023175,137.37346,-0.12052244,1.463582,23.045954
48.6,9.023245,137.37457,-0.12053524,1.4637595,23.045935
48.61,9.023306,137.37569,-0.12054834,1.4639372,23.045927
48.62,9.023375,137.37679,-0.12056166,1.464114,23.045921
48.63,9.023438,137.37787,-0.12057467,1.4642907,23.0459
48.64,9.023502,137.379,-0.12058753,1.4644655,23.045887
48.65,9.023567,137.38013,-0.120600775,1.4646428,23.045874
48.66,9.023633,137.3812,-0.12061381,1.4648184,23.045862
48.67,9.023701,137.3823,-0.12062703,1.4649943,23.04584
48.68,9.023765,137.3834,-0.12063974,1.4651687,23.045828
48.69,9.023831,137.38446,-0.120652616,1.4653431,23.04581
48.7,9.023895,137.38559,-0.12066558,1.4655197,23.0458
48.71,9.023963,137.38669,-0.12067874,1.4656937,23.045792
48.72,9.024028,137.3878,-0.12069157,1.465869,23.045778
48.73,9.024092,137.38887,-0.12070438,1.4660413,23.045755
48.74,9.024155,137.38998,-0.12071717,1.4662163,23.045742
48.75,9.024224,137.39107,-0.12073015,1.466391,23.045732
48.76,9.024286,137.39217,-0.12074287,1.4665637,23.045713
48.77,9.024356,137.39326,-0.12075572,1.4667358,23.045704
48.78,9.024416,137.39432,-0.12076861,1.4669086,23.045692
48.79,9.024488,137.39542,-0.12078135,1.4670813,23.045673
48.8,9.024548,137.39648,-0.12079413,1.467254,23.045658
48.81,9.024616,137.39755,-0.12080686,1.4674265,23.045645
48.82,9.024679,137.39864,-0.12081969,1.4675978,23.045633
48.83,9.024746,137.39969,-0.12083241,1.4677697,23.045618
48.84,9.024807,137.4008,-0.120845005,1.4679415,23.045607
48.85,9.024873,137.40186,-0.12085754,1.4681122,23.04559
48.86,9.02494,137.40298,-0.12087062,1.468284,23.045586
48.87,9.025003,137.40396,-0.12088333,1.4684545,23.045572
48.88,9.025068,137.40508,-0.12089555,1.4686252,23.045559
48.89,9.025131,137.40617,-0.12090844,1.4687954,23.045546
48.9,9.025192,137.40729,-0.12092063,1.4689655,23.045519
48.91,9.025257,137.4083,-0.120933875,1.4691364,23.045517
48.92,9.025323,137.40938,-0.12094645,1.4693043,23.045506
48.93,9.025388,137.41043,-0.12095876,1.4694744,23.045483
48.94,9.025453,137.41147,-0.120971486,1.4696431,23.045462
48.95,9.025518,137.41249,-0.12098396,1.4698116,23.045454
48.96,9.02558,137.4136,-0.12099619,1.4699816,23.045443
48.97,9.025644,137.41464,-0.12100889,1.4701502,23.045427
48.98,9.025706,137.41573,-0.12102145,1.4703168,23.04541
48.99,9.025768,137.41673,-0.121033594,1.470485,23.045399
49.0,9.025834,137.41779,-0.121046126,1.4706529,23.045391
49.01,9.025896,137.41881,-0.12105857,1.4708205,23.04536
49.02,9.025958,137.41989,-0.12107089,1.4709884,23.045364
49.03,9.026024,137.42088,-0.12108332,1.4711548,23.045347
49.04,9.026087,137.42198,-0.12109563,1.4713206,23.045326
49.05,9.026152,137.423,-0.1211081,1.4714893,23.045319
49.06,9.026218,137.42404,-0.12112063,1.471655,23.045303
49.07,9.0262785,137.42508,-0.12113279,1.4718192,23.045292
49.08,9.026341,137.42615,-0.12114498,1.4719856,23.045275
49.09,9.026405,137.42712,-0.12115745,1.4721521,23.045261
49.1,9.026471,137.42816,-0.12116966,1.4723172,23.045244
49.11,9.026531,137.42923,-0.121181846,1.4724823,23.045242
49.12,9.026593,137.43028,-0.121194065,1.4726484,23.045229
49.13,9.026661,137.43134,-0.12120612,1.4728115,23.045218
49.14,9.026723,137.43233,-0.12121832,1.4729764,23.045197
49.15,9.026786,137.43335,-0.12123084,1.4731408,23.045177
49.16,9.026849,137.43437,-0.12124278,1.4733049,23.045166
49.17,9.026914,137.43542,-0.12125465,1.4734688,23.045155
49.18,9.0269785,137.4364,-0.12126723,1.4736326,23.04514
49.19,9.02704,137.4374,-0.12127927,1.4737953,23.04513
49.2,9.0271015,137.43848,-0.12129107,1.4739588,23.045116
49.21,9.027163,137.43948,-0.121303394,1.4741216,23.045103
49.22,9.0272255,137.44048,-0.12131564,1.4742846,23.045084
49.23,9.02729,137.4415,-0.1213278,1.4744481,23.045074
49.24,9.027352,137.44249,-0.12133956,1.4746094,23.045061
49.25,9.027417,137.44354,-0.12135172,1.4747711,23.045044
49.26,9.027479,137.44458,-0.12136349,1.4749336,23.045042
49.27,9.027539,137.44557,-0.12137568,1.4750937,23.04502
49.28,9.027602,137.44656,-0.12138742,1.4752555,23.045004
49.29,9.027667,137.44759,-0.12139951,1.4754175,23.044992
49.3,9.027726,137.44856,-0.12141144,1.475577,23.044981
49.31,9.027786,137.44957,-0.12142351,1.4757397,23.044966
49.32,9.027851,137.45055,-0.121435314,1.475899,23.04495
49.33,9.027913,137.4516,-0.121447176,1.4760582,23.044939
49.34,9.027976,137.45255,-0.12145917,1.4762186,23.044922
49.35,9.028038,137.45358,-0.12147099,1.4763783,23.04491
49.36,9.028098,137.45454,-0.121482715,1.4765378,23.0449
49.37,9.028161,137.45558,-0.121494815,1.4766968,23.044876
49.38,9.02822,137.45653,-0.121506274,1.4768564,23.044868
49.39,9.028282,137.45755,-0.121518195,1.477016,23.044859
49.4,9.028345,137.45854,-0.12153001,1.4771732,23.04485
49.41,9.028406,137.45953,-0.12154172,1.477332,23.044823
49.42,9.02847,137.46053,-0.12155339,1.4774908,23.044817
49.43,9.028532,137.4615,-0.12156521,1.4776493,23.044806
49.44,9.028592,137.4625,-0.12157707,1.477806,23.044798
49.45,9.028658,137.46346,-0.12158875,1.4779634,23.044777
49.46,9.02872,137.4645,-0.12160055,1.4781213,23.044758
49.47,9.028775,137.46544,-0.12161231,1.4782778,23.044756
49.48,9.02884,137.46642,-0.121623635,1.4784358,23.044735
49.49,9.028899,137.46739,-0.12163541,1.478591,23.044722
49.5,9.028959,137.46838,-0.12164685,1.478748,23.044712
49.51,9.029022,137.46935,-0.12165858,1.4789042,23.0447
49.52,9.029083,137.47032,-0.12167016,1.4790608,23.04469
49.53,9.029147,137.47128,-0.12168178,1.4792163,23.044672
49.54,9.029203,137.47224,-0.12169337,1.4793726,23.04466
49.55,9.029267,137.47325,-0.12170495,1.4795272,23.044651
49.56,9.029329,137.47418,-0.12171599,1.4796822,23.044641
49.57,9.029388,137.47517,-0.12172772,1.479836,23.044611
49.58,9.029449,137.47612,-0.12173943,1.4799926,23.044607
49.59,9.0295105,137.47711,-0.12175095,1.4801476,23.044596
49.6,9.029569,137.47806,-0.121762455,1.4803017,23.044579
49.61,9.02963,137.479,-0.1217733,1.4804559,23.044563
49.62,9.029693,137.47995,-0.12178537,1.4806083,23.044558
49.63,9.029755,137.48094,-0.12179661,1.4807637,23.044542
49.64,9.029815,137.48189,-0.121808216,1.4809151,23.044529
49.65,9.029877,137.48283,-0.12181951,1.4810694,23.04451
49.66,9.029936,137.48384,-0.12183085,1.481222,23.044502
49.67,9.029994,137.48482,-0.121842265,1.481375,23.04449
49.68,9.030054,137.48575,-0.12185353,1.4815273,23.04448
49.69,9.030116,137.4867,-0.12186502,1.4816805,23.044456
49.7,9.030176,137.48766,-0.12187636,1.4818318,23.04445
49.71,9.030238,137.48854,-0.12188752,1.4819834,23.044432
49.72,9.030297,137.48952,-0.12189911,1.4821353,23.044428
49.73,9.030356,137.49046,-0.121910006,1.4822881,23.044409
49.74,9.0304165,137.49141,-0.12192114,1.4824384,23.044392
49.75,9.030478,137.49234,-0.12193248,1.4825892,23.044392
49.76,9.030539,137.49324,-0.12194392,1.4827403,23.044376
49.77,9.030598,137.49423,-0.12195468,1.4828916,23.044357
49.78,9.030656,137.49518,-0.12196621,1.4830422,23.044344
49.79,9.030717,137.4961,-0.12197727,1.4831924,23.044334
49.8,9.030778,137.49701,-0.121988505,1.4833425,23.044325
49.81,9.030841,137.49796,-0.1220001,1.483493,23.044312
49.82,9.030901,137.49883,-0.12201092,1.4836423,23.04429
49.83,9.030957,137.4998,-0.122022,1.4837918,23.044281
49.84,9.031017,137.50072,-0.12203318,1.4839402,23.044271
49.85,9.031076,137.50168,-0.12204419,1.4840907,23.044249
49.86,9.031134,137.50264,-0.12205511,1.4842389,23.04424
49.87,9.031195,137.50359,-0.12206614,1.4843872,23.044224
49.88,9.031254,137.50449,-0.12207697,1.484536,23.044216
49.89,9.031314,137.50539,-0.12208842,1.4846832,23.044197
49.9,9.031372,137.50632,-0.12209962,1.4848323,23.04419
49.91,9.031434,137.50726,-0.12211056,1.4849794,23.044176
49.92,9.031492,137.50816,-0.12212148,1.4851274,23.044174
49.93,9.031552,137.5091,-0.12213242,1.4852749,23.044159
49.94,9.031611,137.50998,-0.12214331,1.485422,23.044136
49.95,9.031671,137.51093,-0.122154385,1.4855694,23.044127
49.96,9.03173,137.51183,-0.12216529,1.4857153,23.044113
49.97,9.031789,137.51274,-0.122176275,1.485862,23.044096
49.98,9.031846,137.51361,-0.12218715,1.4860096,23.044088
49.99,9.031903,137.51454,-0.122198075,1.4861565,23.044075
50.0,9.031963,137.51543,-0.122208804,1.4863025,23.044071
50.01,9.032021,137.51639,-0.12221946,1.4864483,23.044052
50.02,9.0320835,137.51724,-0.122230336,1.4865918,23.044037
50.03,9.032141,137.5182,-0.12224123,1.4867381,23.04402
50.04,9.032202,137.51912,-0.122252166,1.4868832,23.044014
50.05,9.032255,137.51997,-0.1222631,1.4870272,23.043999
50.06,9.032316,137.52089,-0.12227379,1.4871725,23.043982
50.07,9.032373,137.52179,-0.122284696,1.487317,23.04397
50.08,9.032431,137.5227,-0.12229526,1.4874619,23.043966
50.09,9.032492,137.52359,-0.12230599,1.4876056,23.04395
50.1,9.032549,137.52449,-0.122316495,1.4877493,23.043936
50.11,9.032609,137.52533,-0.122327715,1.4878937,23.04392
50.12,9.032669,137.52623,-0.12233797,1.4880375,23.043901
50.13,9.032725,137.52718,-0.12234913,1.4881809,23.043901
50.14,9.032784,137.52802,-0.12235932,1.4883243,23.043888
50.15,9.032845,137.52892,-0.12237018,1.4884677,23.043861
50.16,9.032899,137.52983,-0.122380584,1.4886085,23.043861
50.17,9.032959,137.53073,-0.122391894,1.4887525,23.043852
50.18,9.033014,137.53165,-0.1224021,1.4888945,23.043837
50.19,9.033074,137.5325,-0.122412875,1.4890369,23.043821
50.2,9.033135,137.53339,-0.12242316,1.489179,23.043812
50.21,9.03319,137.53427,-0.12243396,1.4893206,23.043795
50.22,9.033248,137.53516,-0.12244426,1.4894624,23.043777
50.23,9.033309,137.53604,-0.12245491,1.4896044,23.043772
50.24,9.033363,137.53691,-0.12246546,1.4897457,23.043755
50.25,9.033421,137.53777,-0.12247603,1.4898846,23.043745
50.26,9.033477,137.53867,-0.12248634,1.490025,23.043734
50.27,9.033537,137.53957,-0.12249683,1.4901663,23.043726
50.28,9.033592,137.54044,-0.12250739,1.4903065,23.043703
50.29,9.033653,137.54128,-0.12251815,1.4904464,23.043697
50.3,9.0337105,137.54218,-0.12252864,1.4905883,23.043686
50.31,9.033768,137.54303,-0.12253879,1.4907283,23.043676
50.32,9.033821,137.5439,-0.12254901,1.4908676,23.043661
50.33,9.033877,137.54472,-0.12255955,1.4910061,23.043648
50.34,9.033937,137.54564,-0.12257004,1.4911455,23.043627
50.35,9.033997,137.54652,-0.12258063,1.4912837,23.043633
50.36,9.034055,137.54738,-0.122590795,1.4914236,23.043617
50.37,9.03411,137.54823,-0.122601345,1.4915624,23.043598
50.38,9.034171,137.5491,-0.12261161,1.491701,23.043589
50.39,9.034228,137.54993,-0.12262179,1.4918396,23.043573
50.4,9.034282,137.55084,-0.12263234,1.4919791,23.043558
50.41,9.034338,137.5517,-0.1226424,1.492116,23.043554
50.42,9.034396,137.55257,-0.12265268,1.4922525,23.043537
50.43,9.034452,137.55344,-0.122663096,1.4923913,23.043522
50.44,9.034507,137.55426,-0.12267345,1.4925271,23.043516
50.45,9.034567,137.55511,-0.12268339,1.4926656,23.043499
50.46,9.034626,137.55598,-0.12269369,1.4928026,23.04349
50.47,9.034681,137.55681,-0.12270421,1.4929396,23.043474
50.48,9.034732,137.55765,-0.12271418,1.4930757,23.043468
50.49,9.034791,137.55852,-0.12272444,1.4932115,23.043455
50.5,9.034851,137.55937,-0.1227344,1.493347,23.043447
50.51,9.034908,137.56023,-0.122744724,1.4934824,23.043428
50.52,9.034963,137.56108,-0.12275486,1.4936203,23.043415
50.53,9.035022,137.56187,-0.122764915,1.4937556,23.04341
50.54,9.035077,137.56274,-0.12277506,1.4938916,23.043394
50.55,9.035133,137.56358,-0.12278511,1.494026,23.043375
50.56,9.035191,137.56445,-0.12279537,1.4941615,23.043365
50.57,9.035245,137.56526,-0.12280543,1.4942949,23.043358
50.58,9.0353,137.56609,-0.12281528,1.494431,23.043344
50.59,9.035358,137.56694,-0.1228255,1.4945657,23.043339
50.6,9.035417,137.56781,-0.12283544,1.4946998,23.043324
50.61,9.035471,137.56859,-0.12284571,1.4948325,23.043312
50.62,9.035528,137.56943,-0.12285584,1.4949672,23.0433
50.63,9.035583,137.57028,-0.122865334,1.4951009,23.043282
50.64,9.035641,137.57106,-0.12287575,1.4952344,23.043282
50.65,9.035692,137.5719,-0.12288576,1.4953692,23.043262
50.66,9.035749,137.57274,-0.12289603,1.495502,23.043243
50.67,9.035806,137.57361,-0.1229056,1.4956344,23.04324
50.68,9.035862,137.57443,-0.12291558,1.495768,23.04323
50.69,9.035916,137.57524,-0.1229254,1.4959004,23.043213
50.7,9.035972,137.57608,-0.122935265,1.4960333,23.043201
50.71,9.036029,137.57695,-0.12294531,1.4961638,23.04319
50.72,9.036082,137.57774,-0.1229551,1.4962962,23.043175
50.73,9.036139,137.57857,-0.12296499,1.4964281,23.04316
50.74,9.036194,137.57936,-0.1229749,1.496561,23.043154
50.75,9.036248,137.58023,-0.12298454,1.4966922,23.043146
50.76,9.036306,137.58101,-0.12299472,1.4968237,23.043135
50.77,9.036362,137.58183,-0.12300441,1.496955,23.043121
50.78,9.036417,137.58266,-0.12301439,1.4970845,23.043104
50.79,9.036472,137.58344,-0.123024,1.4972156,23.04309
50.8,9.036528,137.58427,-0.12303385,1.4973481,23.043089
50.81,9.036585,137.5851,-0.12304364,1.4974772,23.04307
50.82,9.036636,137.58594,-0.12305318,1.4976058,23.043056
50.83,9.036693,137.58676,-0.12306318,1.4977369,23.043043
50.84,9.036746,137.58759,-0.123072654,1.4978664,23.043032
50.85,9.036801,137.58836,-0.12308255,1.4979985,23.043026
50.86,9.036859,137.58917,-0.123092175,1.4981269,23.04301
50.87,9.036914,137.59,-0.12310217,1.4982562,23.043003
50.88,9.036968,137.59079,-0.12311153,1.4983846,23.042986
50.89,9.037023,137.59158,-0.123121336,1.4985156,23.042982
50.9,9.03708,137.5924,-0.12313062,1.4986438,23.042961
50.91,9.037131,137.59322,-0.12314096,1.498771,23.042953
50.92,9.0371895,137.59401,-0.12315039,1.4988985,23.042946
50.93,9.037242,137.59477,-0.12315978,1.4990282,23.042921
50.94,9.037298,137.59561,-0.12316944,1.499156,23.042915
50.95,9.037353,137.59636,-0.12317896,1.499285,23.042913
50.96,9.037408,137.59717,-0.123188496,1.4994111,23.042896
50.97,9.037461,137.59799,-0.12319808,1.4995401,23.042881
50.98,9.037518,137.59877,-0.12320781,1.499667,23.042877
50.99,9.037572,137.59958,-0.123217255,1.4997942,23.042866
51.0,9.037624,137.60037,-0.12322675,1.499923,23.04285
51.01,9.03768,137.60115,-0.12323636,1.5000488,23.042843
51.02,9.037732,137.60196,-0.12324558,1.5001746,23.042833
51.03,9.037789,137.60275,-0.12325512,1.500301,23.04282
51.04,9.037846,137.60352,-0.123264775,1.5004287,23.0428
51.05,9.037896,137.60437,-0.12327416,1.5005542,23.042803
51.06,9.037952,137.60512,-0.123283595,1.5006797,23.042788
51.07,9.038006,137.60593,-0.12329337,1.5008056,23.042772
51.08,9.038059,137.6067,-0.12330255,1.5009315,23.042765
51.09,9.038113,137.60748,-0.12331192,1.501057,23.04274
51.1,9.038168,137.6083,-0.123321265,1.5011818,23.042738
51.11,9.03822,137.60905,-0.12333065,1.501307,23.042728
51.12,9.038275,137.60979,-0.12334037,1.5014327,23.042719
51.13,9.03833,137.61058,-0.1233494,1.5015583,23.042704
51.14,9.038386,137.61139,-0.12335895,1.5016828,23.042692
51.15,9.038438,137.61218,-0.123368144,1.5018069,23.042683
51.16,9.038492,137.61293,-0.12337786,1.5019321,23.04267
51.17,9.038545,137.61372,-0.123386696,1.5020546,23.042662
51.18,9.038596,137.61449,-0.1233962,1.5021787,23.042646
51.19,9.038653,137.61523,-0.123405665,1.5023028,23.04264
51.2,9.038704,137.616,-0.123414576,1.502426,23.042631
51.21,9.03876,137.61679,-0.12342422,1.5025494,23.042608
51.22,9.038815,137.61755,-0.12343322,1.5026728,23.042599
51.23,9.038866,137.61836,-0.12344271,1.502795,23.042587
51.24,9.0389185,137.61913,-0.12345189,1.5029184,23.042585
51.25,9.038973,137.6199,-0.12346117,1.5030398,23.04257
51.26,9.039023,137.62065,-0.12347026,1.5031633,23.042566
51.27,9.039082,137.62141,-0.12347944,1.503285,23.042553
51.28,9.039133,137.62216,-0.12348823,1.5034072,23.042538
51.29,9.039185,137.62291,-0.123497814,1.5035294,23.042524
51.3,9.03924,137.6237,-0.12350689,1.5036519,23.042511
51.31,9.039294,137.62444,-0.12351619,1.503773,23.042503
51.32,9.039345,137.62521,-0.123525456,1.503896,23.042492
51.33,9.039396,137.62598,-0.12353438,1.5040158,23.042477
51.34,9.039452,137.62671,-0.12354359,1.5041369,23.042473
51.35,9.039502,137.62747,-0.123552516,1.504259,23.042458
51.36,9.039556,137.62823,-0.12356168,1.5043787,23.042442
51.37,9.039611,137.62901,-0.1235708,1.5044986,23.04244
51.38,9.039662,137.62978,-0.12358002,1.5046207,23.04242
51.39,9.039718,137.63052,-0.123589054,1.5047404,23.042418
51.4,9.039772,137.63124,-0.123598024,1.5048606,23.042402
51.41,9.039821,137.63202,-0.12360713,1.5049804,23.042393
51.42,9.039873,137.63277,-0.123616114,1.5051,23.042377
51.43,9.0399275,137.63353,-0.12362543,1.5052192,23.04237
51.44,9.039978,137.63426,-0.12363428,1.5053402,23.042362
51.45,9.040031,137.63501,-0.123643085,1.5054603,23.042349
51.46,9.040085,137.63579,-0.123652115,1.5055789,23.042334
51.47,9.040137,137.63655,-0.12366103,1.5056981,23.042326
51.48,9.040188,137.63725,-0.12366997,1.5058159,23.042313
51.49,9.040242,137.638,-0.12367889,1.5059345,23.042305
51.5,9.040292,137.63875,-0.1236881,1.5060532,23.042297
51.51,9.040348,137.63951,-0.12369701,1.5061711,23.042276
51.52,9.0404005,137.64021,-0.123705685,1.5062902,23.042282
51.53,9.040454,137.64096,-0.12371448,1.5064067,23.042267
51.54,9.040502,137.64171,-0.123723656,1.5065247,23.04226
51.55,9.040555,137.64246,-0.12373224,1.5066432,23.042248
51.56,9.0406065,137.64319,-0.12374121,1.5067605,23.042238
51.57,9.040661,137.64392,-0.12375006,1.5068783,23.042225
51.58,9.040712,137.64473,-0.1237587,1.5069958,23.042217
51.59,9.040762,137.64539,-0.123767704,1.5071114,23.042202
51.6,9.040817,137.64613,-0.12377672,1.5072293,23.04219
51.61,9.040867,137.64685,-0.123785436,1.5073448,23.042185
51.62,9.040916,137.64757,-0.12379444,1.5074613,23.042166
51.63,9.040973,137.64833,-0.123802826,1.5075781,23.042158
51.64,9.041022,137.6491,-0.12381163,1.5076956,23.042147
51.65,9.0410795,137.64981,-0.123820394,1.5078102,23.042135
51.66,9.041125,137.65053,-0.12382938,1.507926,23.04213
51.67,9.041178,137.65125,-0.12383798,1.5080421,23.042116
51.68,9.04123,137.65195,-0.12384689,1.5081564,23.042112
51.69,9.041284,137.65268,-0.12385541,1.5082729,23.042103
51.7,9.041333,137.6534,-0.12386422,1.508388,23.042088
51.71,9.041382,137.6541,-0.12387286,1.5085028,23.04208
51.72,9.041434,137.65483,-0.1238814,1.5086182,23.042063
51.73,9.041488,137.65556,-0.12389034,1.5087324,23.042059
51.74,9.041539,137.65628,-0.123898834,1.508847,23.042044
51.75,9.041591,137.65704,-0.123907775,1.5089618,23.042034
51.76,9.041643,137.65775,-0.12391625,1.5090744,23.042027
51.77,9.041695,137.65845,-0.12392455,1.5091897,23.042019
51.78,9.041744,137.65916,-0.12393339,1.5093039,23.042007
51.79,9.041795,137.65988,-0.12394199,1.5094167,23.041994
51.8,9.041849,137.66061,-0.123950586,1.5095317,23.041988
51.81,9.041897,137.6613,-0.123959154,1.5096436,23.041973
51.82,9.041949,137.66203,-0.12396768,1.5097586,23.041962
51.83,9.042001,137.66277,-0.123976335,1.5098711,23.041952
51.84,9.04205,137.66348,-0.12398495,1.509983,23.041943
51.85,9.042101,137.66418,-0.12399311,1.5100968,23.041939
51.86,9.042152,137.6649,-0.124002084,1.510209,23.041925
51.87,9.042209,137.66559,-0.124010414,1.510323,23.041912
51.88,9.042257,137.66629,-0.12401886,1.5104339,23.041903
51.89,9.042307,137.66702,-0.124027565,1.5105466,23.04189
51.9,9.042359,137.6677,-0.12403582,1.5106592,23.041882
51.91,9.042409,137.66841,-0.12404433,1.5107698,23.041878
51.92,9.042458,137.66916,-0.1240527,1.5108808,23.041859
51.93,9.042508,137.66985,-0.12406124,1.5109922,23.041845
51.94,9.042562,137.67055,-0.124069735,1.5111048,23.041836
51.95,9.042611,137.67122,-0.1240783,1.5112154,23.04183
51.96,9.042663,137.67192,-0.12408671,1.5113268,23.04182
51.97,9.04271,137.67264,-0.124094844,1.5114384,23.041807
51.98,9.042759,137.67337,-0.12410322,1.5115489,23.041801
51.99,9.042811,137.67403,-0.12411183,1.5116593,23.041798
52.0,9.042861,137.67471,-0.12411994,1.5117705,23.041779
52.01,9.0429125,137.67542,-0.12412839,1.5118808,23.04176
52.02,9.042967,137.67616,-0.124136835,1.5119898,23.04176
52.03,9.0430155,137.67682,-0.124145254,1.5121005,23.041754
52.04,9.043064,137.67754,-0.12415333,1.5122102,23.041739
52.05,9.043113,137.67825,-0.124161735,1.5123194,23.041729
52.06,9.043164,137.6789,-0.12417023,1.5124288,23.041716
52.07,9.043216,137.67958,-0.12417856,1.5125384,23.041716
52.08,9.043266,137.68025,-0.124186754,1.5126469,23.041698
52.09,9.043315,137.681,-0.12419516,1.5127562,23.04169
52.1,9.043365,137.68164,-0.124203265,1.5128651,23.04168
52.11,9.043414,137.6823,-0.12421155,1.5129739,23.041677
52.12,9.043465,137.68303,-0.12422003,1.5130816,23.041656
52.13,9.043513,137.68369,-0.12422797,1.5131907,23.04165
52.14,9.043565,137.68437,-0.1242359,1.513301,23.041641
52.15,9.043614,137.68507,-0.124244526,1.5134068,23.041641
52.16,9.043664,137.68575,-0.12425266,1.5135158,23.041622
52.17,9.043714,137.68642,-0.12426072,1.5136224,23.041618
52.18,9.043765,137.6871,-0.12426874,1.513732,23.041597
52.19,9.043811,137.6878,-0.12427729,1.5138384,23.041601
52.2,9.043862,137.68849,-0.12428504,1.5139458,23.041584
52.21,9.043913,137.68918,-0.12429339,1.514053,23.041576
52.22,9.043963,137.68985,-0.12430178,1.5141597,23.04156
52.23,9.044012,137.69052,-0.124310166,1.5142671,23.041557
52.24,9.04406,137.6912,-0.12431796,1.5143728,23.04154
52.25,9.044109,137.6919,-0.12432593,1.5144808,23.041538
52.26,9.044159,137.6926,-0.12433395,1.5145856,23.041523
52.27,9.044212,137.69322,-0.12434231,1.5146928,23.041517
52.28,9.044261,137.69392,-0.12435047,1.5147992,23.041506
52.29,9.044309,137.6946,-0.124358624,1.5149047,23.0415
52.3,9.044359,137.69525,-0.124365956,1.5150111,23.041492
52.31,9.044408,137.69589,-0.124374375,1.5151163,23.04148
52.32,9.0444565,137.69666,-0.12438229,1.515222,23.041473
52.33,9.044503,137.6973,-0.12439029,1.5153269,23.041458
52.34,9.044556,137.69797,-0.12439841,1.5154326,23.041447
52.35,9.044602,137.69864,-0.12440653,1.5155381,23.041449
52.36,9.044653,137.6993,-0.12441455,1.5156422,23.041426
52.37,9.0447,137.69992,-0.12442224,1.5157478,23.041416
52.38,9.044749,137.70064,-0.12443046,1.515852,23.04141
52.39,9.0448,137.70128,-0.12443863,1.5159565,23.041403
52.4,9.04485,137.70197,-0.12444615,1.5160602,23.041399
52.41,9.044899,137.7026,-0.12445432,1.5161651,23.041395
52.42,9.044947,137.70325,-0.124462366,1.5162692,23.04138
52.43,9.044992,137.70389,-0.12447026,1.5163745,23.041368
52.44,9.045041,137.70459,-0.12447803,1.5164765,23.041353
52.45,9.045092,137.70522,-0.124485955,1.5165794,23.041355
52.46,9.045141,137.70589,-0.12449376,1.516684,23.041336
52.47,9.045191,137.70653,-0.12450184,1.5167872,23.041325
52.48,9.045237,137.70724,-0.12450971,1.5168914,23.04132
52.49,9.045287,137.70793,-0.12451781,1.5169934,23.04131
52.5,9.045335,137.70856,-0.124525696,1.5170972,23.04131
52.51,9.0453825,137.70918,-0.12453303,1.5172001,23.0413
52.52,9.045429,137.70985,-0.12454109,1.5173013,23.041292
52.53,9.04548,137.71051,-0.12454867,1.5174055,23.041271
52.54,9.04553,137.71118,-0.12455647,1.5175065,23.041264
52.55,9.045581,137.71175,-0.124564454,1.5176082,23.04126
52.56,9.045627,137.71246,-0.12457219,1.5177114,23.04125
52.57,9.045676,137.7131,-0.12458016,1.5178124,23.04124
52.58,9.045724,137.71376,-0.12458785,1.5179133,23.041231
52.59,9.045772,137.7144,-0.1245956,1.5180155,23.041222
52.6,9.045819,137.71501,-0.12460342,1.5181178,23.041204
52.61,9.045864,137.71571,-0.12461126,1.5182186,23.041204
52.62,9.045916,137.71637,-0.12461895,1.5183197,23.04119
52.63,9.045963,137.71695,-0.12462655,1.5184208,23.041187
52.64,9.046009,137.71764,-0.124634385,1.5185223,23.041174
52.65,9.046057,137.71826,-0.12464209,1.5186216,23.041164
52.66,9.046109,137.71887,-0.12464951,1.518725,23.041162
52.67,9.046154,137.71953,-0.12465736,1.5188234,23.041151
52.68,9.046201,137.72017,-0.12466517,1.5189235,23.041138
52.69,9.0462475,137.72084,-0.12467304,1.519024,23.041132
52.7,9.046298,137.7215,-0.12468043,1.5191242,23.04112
52.71,9.046347,137.72215,-0.124687925,1.5192232,23.041113
52.72,9.046394,137.72281,-0.1246959,1.5193249,23.041105
52.73,9.046443,137.72342,-0.12470314,1.5194231,23.041092
52.74,9.046491,137.72406,-0.1247109,1.5195221,23.04108
52.75,9.046538,137.72469,-0.12471852,1.5196215,23.041077
52.76,9.046585,137.7253,-0.12472606,1.5197209,23.04107
52.77,9.046633,137.72594,-0.12473364,1.5198187,23.041061
52.78,9.04668,137.72661,-0.12474145,1.519918,23.041056
52.79,9.04673,137.72722,-0.12474893,1.520018,23.041048
52.8,9.046774,137.72786,-0.124756396,1.5201162,23.041035
52.81,9.046826,137.72849,-0.124764204,1.5202142,23.041023
52.82,9.046871,137.72911,-0.12477146,1.520312,23.04102
52.83,9.046917,137.72975,-0.12477936,1.5204105,23.041018
52.84,9.046965,137.73036,-0.12478645,1.5205092,23.041004
52.85,9.047013,137.731,-0.12479398,1.5206063,23.040997
52.86,9.047059,137.7316,-0.124801844,1.5207038,23.040974
52.87,9.047109,137.73225,-0.12480889,1.5208014,23.040966
52.88,9.0471525,137.7329,-0.12481643,1.5208985,23.04097
52.89,9.047203,137.73349,-0.12482387,1.520996,23.040958
52.9,9.04725,137.73413,-0.12483148,1.5210934,23.040943
52.91,9.047296,137.73473,-0.12483922,1.5211909,23.040947
52.92,9.047342,137.73538,-0.12484643,1.5212876,23.040932
52.93,9.047388,137.73601,-0.12485376,1.5213836,23.040926
52.94,9.047438,137.73663,-0.124861374,1.5214802,23.040922
52.95,9.047482,137.73723,-0.12486866,1.5215776,23.040913
52.96,9.04753,137.73784,-0.1248761,1.5216748,23.040894
52.97,9.047576,137.73846,-0.12488344,1.5217701,23.040886
52.98,9.047625,137.73906,-0.124890864,1.5218656,23.040886
52.99,9.047671,137.7397,-0.12489799,1.5219615,23.040869
53.0,9.047717,137.74036,-0.12490554,1.5220582,23.040873
53.01,9.047764,137.74094,-0.12491301,1.5221539,23.040854
53.02,9.0478115,137.74152,-0.124920204,1.5222486,23.040861
53.03,9.047857,137.74214,-0.12492773,1.5223448,23.040842
53.04,9.047904,137.74278,-0.124935105,1.52244,23.040834
53.05,9.04795,137.74338,-0.12494224,1.5225341,23.040823
53.06,9.047996,137.74397,-0.12494923,1.522629,23.04082
53.07,9.048043,137.74463,-0.124956846,1.5227232,23.040808
53.08,9.04809,137.74522,-0.12496413,1.5228187,23.0408
53.09,9.048135,137.74588,-0.12497161,1.522914,23.040787
53.1,9.0481825,137.74643,-0.12497878,1.5230099,23.04079
53.11,9.048229,137.74709,-0.124985665,1.5231016,23.04078
53.12,9.048274,137.74767,-0.12499355,1.5231961,23.040771
53.13,9.048322,137.74828,-0.1250007,1.5232898,23.040758
53.14,9.0483675,137.74887,-0.12500766,1.523383,23.040749
53.15,9.048415,137.7495,-0.12501505,1.5234777,23.040747
53.16,9.048461,137.7501,-0.12502214,1.5235724,23.040733
53.17,9.048508,137.75069,-0.12502941,1.5236651,23.040735
53.18,9.048551,137.7513,-0.12503631,1.5237573,23.04072
53.19,9.048598,137.75194,-0.12504381,1.5238516,23.040714
53.2,9.048643,137.7525,-0.12505111,1.5239447,23.040707
53.21,9.048689,137.75314,-0.12505801,1.524037,23.0407
53.22,9.048736,137.75374,-0.12506534,1.5241319,23.040688
53.23,9.048779,137.75435,-0.12507251,1.5242208,23.04069
53.24,9.04883,137.75491,-0.12507977,1.5243148,23.040667
53.25,9.048872,137.75552,-0.12508689,1.5244092,23.040659
53.26,9.048918,137.7561,-0.12509398,1.5244994,23.040659
53.27,9.048964,137.75671,-0.12510082,1.5245925,23.040646
53.28,9.049011,137.75732,-0.12510832,1.5246847,23.040636
53.29,9.049059,137.75792,-0.12511547,1.5247762,23.040636
53.3,9.049104,137.75851,-0.1251222,1.5248679,23.040625
53.31,9.049146,137.7591,-0.125129,1.5249593,23.040623
53.32,9.049191,137.7597,-0.12513642,1.5250502,23.040615
53.33,9.049239,137.76033,-0.12514393,1.5251424,23.040598
53.34,9.049288,137.7609,-0.12515047,1.5252335,23.0406
53.35,9.04933,137.76147,-0.12515762,1.5253246,23.040583
53.36,9.0493765,137.76213,-0.1251647,1.5254141,23.040583
53.37,9.049422,137.76265,-0.12517168,1.5255067,23.040577
53.38,9.049467,137.76329,-0.1251785,1.5255971,23.040575
53.39,9.049513,137.76384,-0.12518598,1.5256867,23.040556
53.4,9.049559,137.76447,-0.1251929,1.525777,23.040548
53.41,9.049604,137.765,-0.1251996,1.5258684,23.040539
53.42,9.049649,137.7656,-0.12520681,1.5259578,23.040531
53.43,9.049696,137.76616,-0.12521385,1.5260491,23.040533
53.44,9.049741,137.76678,-0.12522072,1.5261374,23.040522
53.45,9.049783,137.76741,-0.12522757,1.5262278,23.040516
53.46,9.049831,137.76793,-0.12523445,1.5263175,23.040504
53.47,9.049873,137.76855,-0.1252414,1.5264083,23.040495
53.48,9.049918,137.7691,-0.12524836,1.5264951,23.040491
53.49,9.049963,137.76973,-0.12525554,1.5265857,23.040478
53.5,9.050009,137.77026,-0.1252623,1.5266742,23.04047
53.51,9.050054,137.77086,-0.12526898,1.526764,23.040468
53.52,9.050099,137.77148,-0.12527604,1.5268523,23.04046
53.53,9.050144,137.77203,-0.12528312,1.5269405,23.040457
53.54,9.05019,137.7726,-0.12528978,1.5270299,23.040455
53.55,9.050236,137.7732,-0.12529674,1.5271173,23.04044
53.56,9.05028,137.77377,-0.12530379,1.5272063,23.040436
53.57,9.0503235,137.77435,-0.12531056,1.5272934,23.040426
53.58,9.050368,137.77492,-0.12531748,1.5273826,23.040424
53.59,9.050414,137.77548,-0.1253244,1.5274701,23.040413
53.6,9.050458,137.77608,-0.12533103,1.5275577,23.040398
53.61,9.050502,137.77667,-0.12533781,1.527645,23.040392
53.62,9.050548,137.77722,-0.12534468,1.5277328,23.040386
53.63,9.050591,137.7778,-0.1253518,1.5278206,23.040384
53.64,9.050635,137.7784,-0.12535849,1.527909,23.040373
53.65,9.050682,137.77896,-0.12536496,1.5279957,23.040363
53.66,9.050724,137.77951,-0.12537171,1.5280818,23.04036
53.67,9.050771,137.78009,-0.1253785,1.5281676,23.040348
53.68,9.050814,137.78067,-0.1253851,1.5282563,23.04034
53.69,9.0508585,137.78122,-0.12539215,1.5283417,23.04034
53.7,9.050901,137.7818,-0.12539886,1.5284295,23.040329
53.71,9.050947,137.78236,-0.12540552,1.5285155,23.04032
53.72,9.050995,137.78297,-0.12541227,1.5286019,23.040312
53.73,9.05104,137.78354,-0.12541899,1.5286887,23.04031
53.74,9.051082,137.7841,-0.12542562,1.5287741,23.040304
53.75,9.051127,137.78462,-0.12543258,1.5288591,23.040298
53.76,9.051171,137.78517,-0.12543912,1.5289466,23.04029
53.77,9.051212,137.7858,-0.12544577,1.529032,23.040281
53.78,9.051257,137.7863,-0.12545237,1.5291164,23.040274
53.79,9.051303,137.7869,-0.12545921,1.5292019,23.040266
53.8,9.051349,137.78745,-0.12546583,1.5292861,23.040255
53.81,9.051391,137.78801,-0.12547266,1.5293716,23.04025
53.82,9.051434,137.7886,-0.12547909,1.5294571,23.040243
53.83,9.051478,137.7891,-0.12548609,1.5295432,23.040245
53.84,9.051526,137.78969,-0.12549247,1.5296268,23.040237
53.85,9.051568,137.79025,-0.12549913,1.5297121,23.040218
53.86,9.05161,137.79082,-0.12550557,1.5297966,23.04022
53.87,9.051652,137.79135,-0.12551233,1.5298811,23.04022
53.88,9.051696,137.79192,-0.12551862,1.5299659,23.040205
53.89,9.051742,137.79251,-0.12552549,1.5300481,23.040203
53.9,9.051784,137.793,-0.125532,1.5301327,23.040192
53.91,9.05183,137.79356,-0.12553868,1.5302174,23.04019
53.92,9.051873,137.79413,-0.12554528,1.5303005,23.040173
53.93,9.051917,137.79471,-0.12555166,1.5303835,23.040178
53.94,9.051961,137.79523,-0.12555827,1.5304682,23.040165
53.95,9.052005,137.79579,-0.1255647,1.5305516,23.040155
53.96,9.052049,137.79639,-0.1255712,1.530634,23.040157
53.97,9.052088,137.79689,-0.12557793,1.5307188,23.04014
53.98,9.052131,137.79749,-0.12558421,1.5308014,23.040138
53.99,9.052175,137.79802,-0.12559074,1.5308839,23.04013
54.0,9.05222,137.7986,-0.1255975,1.5309671,23.040129
54.01,9.052264,137.79916,-0.12560388,1.5310485,23.040121
54.02,9.052308,137.79968,-0.12561025,1.531131,23.040112
54.03,9.052353,137.80025,-0.12561665,1.5312145,23.040106
54.04,9.052393,137.80078,-0.12562285,1.5312968,23.04011
54.05,9.052436,137.80135,-0.1256299,1.5313777,23.040098
54.06,9.052479,137.80186,-0.12563606,1.53146,23.040083
54.07,9.052522,137.80246,-0.12564234,1.5315422,23.040081
54.08,9.052565,137.80296,-0.12564892,1.5316249,23.040081
54.09,9.052609,137.80353,-0.12565583,1.5317069,23.040068
54.1,9.0526495,137.80408,-0.12566173,1.531787,23.04006
54.11,9.052694,137.8046,-0.1256682,1.5318692,23.040054
54.12,9.052735,137.80516,-0.12567478,1.5319512,23.040049
54.13,9.052778,137.8057,-0.1256807,1.5320317,23.040045
54.14,9.052825,137.80623,-0.12568754,1.5321125,23.040035
54.15,9.052867,137.80678,-0.12569386,1.5321938,23.040031
54.16,9.052907,137.80733,-0.1257003,1.5322745,23.04003
54.17,9.052952,137.80783,-0.12570663,1.5323548,23.040014
54.18,9.052995,137.8084,-0.12571296,1.5324352,23.040009
54.19,9.053039,137.80896,-0.12571922,1.5325165,23.040003
54.2,9.05308,137.80948,-0.12572552,1.5325968,23.039997
54.21,9.053124,137.80997,-0.12573181,1.5326769,23.039982
54.22,9.053167,137.81056,-0.1257381,1.5327563,23.039982
54.23,9.053208,137.81107,-0.12574436,1.5328364,23.039978
54.24,9.053252,137.8116,-0.1257507,1.5329163,23.039972
54.25,9.053293,137.81212,-0.12575692,1.5329965,23.039965
54.26,9.053331,137.81268,-0.12576345,1.5330764,23.039963
54.27,9.053378,137.81325,-0.12576959,1.5331562,23.039953
54.28,9.053421,137.81377,-0.12577602,1.5332345,23.039955
54.29,9.053467,137.8143,-0.12578194,1.5333145,23.03995
54.3,9.053507,137.81483,-0.12578832,1.5333952,23.039932
54.31,9.053553,137.81541,-0.12579486,1.5334727,23.039932
54.32,9.053592,137.8159,-0.12580095,1.5335515,23.039923
54.33,9.053631,137.81642,-0.12580727,1.5336308,23.039925
54.34,9.053677,137.81691,-0.12581329,1.5337088,23.039927
54.35,9.053716,137.81746,-0.12581958,1.5337884,23.03991
54.36,9.053761,137.818,-0.12582591,1.5338669,23.039902
54.37,9.053802,137.8185,-0.12583189,1.5339441,23.039896
54.38,9.053844,137.81908,-0.12583806,1.5340238,23.03989
54.39,9.053886,137.81958,-0.1258442,1.5341012,23.039886
54.4,9.053929,137.8201,-0.12585084,1.5341791,23.039883
54.41,9.05397,137.82062,-0.12585668,1.5342566,23.03987
54.42,9.054013,137.82112,-0.12586306,1.534334,23.039873
54.43,9.054055,137.82164,-0.12586895,1.534413,23.03986
54.44,9.054095,137.82217,-0.12587538,1.5344898,23.039858
54.45,9.05414,137.82271,-0.12588151,1.5345682,23.039848
54.46,9.054182,137.82323,-0.1258874,1.5346446,23.03985
54.47,9.05422,137.82373,-0.12589332,1.5347217,23.039837
54.48,9.054264,137.82428,-0.12589966,1.5347986,23.039835
54.49,9.054306,137.82483,-0.12590583,1.5348759,23.039831
54.5,9.054346,137.82535,-0.12591197,1.5349513,23.039822
54.51,9.054389,137.8259,-0.12591773,1.5350296,23.039814
54.52,9.054433,137.82635,-0.12592408,1.5351064,23.039812
54.53,9.054474,137.8269,-0.12592998,1.5351814,23.039806
54.54,9.054514,137.8274,-0.12593633,1.5352584,23.0398
54.55,9.054559,137.8279,-0.12594222,1.5353365,23.039791
54.56,9.054599,137.82843,-0.12594824,1.5354123,23.039793
54.57,9.05464,137.82896,-0.12595405,1.5354863,23.039795
54.58,9.054679,137.82951,-0.12596022,1.5355636,23.039778
54.59,9.054725,137.82999,-0.12596616,1.5356382,23.039774
54.6,9.054767,137.83052,-0.12597191,1.5357143,23.039774
54.61,9.054805,137.83105,-0.12597838,1.535791,23.03976
54.62,9.054847,137.83151,-0.12598443,1.5358639,23.039755
54.63,9.054889,137.83202,-0.12599052,1.5359391,23.03975
54.64,9.054932,137.83258,-0.12599638,1.5360156,23.039745
54.65,9.054972,137.83307,-0.12600249,1.5360912,23.039736
54.66,9.055014,137.83359,-0.12600853,1.5361662,23.039734
54.67,9.055056,137.83415,-0.12601425,1.5362418,23.039728
54.68,9.055095,137.83463,-0.1260201,1.5363157,23.039732
54.69,9.05514,137.83516,-0.12602632,1.5363908,23.039722
54.7,9.05518,137.83566,-0.12603216,1.5364647,23.03972
54.71,9.055218,137.83612,-0.1260382,1.5365392,23.039713
54.72,9.055256,137.83664,-0.126044,1.5366131,23.039711
54.73,9.055299,137.83713,-0.12605006,1.5366883,23.039703
54.74,9.055341,137.83765,-0.12605597,1.5367613,23.039692
54.75,9.055382,137.83817,-0.12606205,1.5368364,23.039692
54.76,9.055427,137.83865,-0.12606765,1.5369103,23.039684
54.77,9.055466,137.83917,-0.12607354,1.536983,23.039682
54.78,9.055507,137.83968,-0.12607968,1.5370582,23.039679
54.79,9.055547,137.8402,-0.1260853,1.5371305,23.039669
54.8,9.055592,137.8407,-0.12609117,1.5372041,23.039669
54.81,9.05563,137.84122,-0.12609717,1.5372784,23.039667
54.82,9.055669,137.84169,-0.12610313,1.5373505,23.039663
54.83,9.055711,137.84218,-0.12610884,1.5374228,23.039648
54.84,9.055748,137.84267,-0.12611467,1.5374968,23.039646
54.85,9.055791,137.84319,-0.12612073,1.5375692,23.039639
54.86,9.055834,137.84375,-0.12612626,1.5376421,23.03963
54.87,9.055874,137.84418,-0.12613209,1.537714,23.03963
54.88,9.055914,137.84471,-0.12613794,1.5377883,23.039621
54.89,9.055959,137.84518,-0.12614389,1.5378606,23.039621
54.9,9.055997,137.84572,-0.1261495,1.5379328,23.039614
54.91,9.056034,137.84618,-0.1261558,1.5380034,23.039608
54.92,9.056077,137.84673,-0.12616123,1.538076,23.039606
54.93,9.056116,137.8472,-0.12616707,1.5381495,23.039597
54.94,9.056158,137.84767,-0.12617275,1.5382198,23.039602
54.95,9.056198,137.84816,-0.12617867,1.5382926,23.039589
54.96,9.056238,137.84862,-0.12618405,1.5383633,23.039585
54.97,9.05628,137.84917,-0.12618999,1.5384356,23.03959
54.98,9.056318,137.8497,-0.12619573,1.538507,23.039574
54.99,9.05636,137.85019,-0.12620139,1.5385784,23.039576
55.0,9.056398,137.85065,-0.12620735,1.5386485,23.03957
55.01,9.056438,137.85115,-0.12621285,1.5387207,23.039558
55.02,9.056482,137.85165,-0.1262187,1.5387913,23.039557
55.03,9.0565195,137.85213,-0.12622431,1.538863,23.039553
55.04,9.056561,137.8526,-0.12622999,1.5389321,23.039547
55.05,9.056601,137.85312,-0.12623565,1.5390042,23.039545
55.06,9.056642,137.8536,-0.1262414,1.539075,23.039545
55.07,9.056681,137.8541,-0.12624684,1.5391457,23.039534
55.08,9.056723,137.85461,-0.12625277,1.539215,23.039534
55.09,9.05676,137.85509,-0.1262585,1.5392863,23.039522
55.1,9.056805,137.85555,-0.12626411,1.5393562,23.039522
55.11,9.056843,137.85605,-0.12626973,1.5394257,23.039522
55.12,9.056881,137.85655,-0.12627517,1.5394952,23.03952
55.13,9.056922,137.85704,-0.12628089,1.5395644,23.039509
55.14,9.056959,137.85751,-0.12628669,1.5396348,23.039503
55.15,9.057,137.85803,-0.12629199,1.5397034,23.039501
55.16,9.057038,137.85849,-0.12629789,1.5397733,23.039494
55.17,9.05708,137.85895,-0.1263033,1.5398436,23.039484
55.18,9.057119,137.85944,-0.12630907,1.5399121,23.039488
55.19,9.057158,137.85994,-0.12631482,1.539981,23.039484
55.2,9.0571995,137.86044,-0.12632014,1.5400511,23.039484
55.21,9.05724,137.86092,-0.12632589,1.5401189,23.039474
55.22,9.0572815,137.8614,-0.12633137,1.5401891,23.039473
55.23,9.057322,137.86188,-0.1263371,1.5402569,23.039463
55.24,9.057358,137.86235,-0.12634252,1.5403262,23.03947
55.25,9.0574,137.86282,-0.12634836,1.5403949,23.039467
55.26,9.057435,137.86331,-0.12635362,1.5404623,23.039461
55.27,9.057477,137.86382,-0.12635934,1.5405301,23.039452
55.28,9.057514,137.86426,-0.12636466,1.5406007,23.03945
55.29,9.057555,137.86476,-0.12637025,1.5406673,23.039438
55.3,9.057596,137.86522,-0.1263757,1.540735,23.03943
55.31,9.057634,137.8657,-0.12638111,1.5408033,23.039436
55.32,9.057674,137.86618,-0.12638685,1.5408704,23.03943
55.33,9.057713,137.86667,-0.12639256,1.5409385,23.039427
55.34,9.057754,137.86714,-0.12639791,1.5410061,23.039413
55.35,9.057791,137.86763,-0.1264032,1.5410736,23.039413
55.36,9.057829,137.86803,-0.12640864,1.5411402,23.039408
55.37,9.057872,137.86852,-0.12641425,1.5412078,23.03941
55.38,9.05791,137.86902,-0.12641971,1.5412744,23.03941
55.39,9.057949,137.8695,-0.12642512,1.5413413,23.039404
55.4,9.05799,137.87,-0.12643072,1.5414093,23.039394
55.41,9.058026,137.87042,-0.1264363,1.5414754,23.039389
55.42,9.058065,137.87091,-0.12644154,1.5415436,23.039383
55.43,9.0581045,137.87135,-0.12644702,1.5416106,23.03938
55.44,9.0581455,137.87189,-0.12645215,1.5416756,23.039381
55.45,9.058181,137.8723,-0.12645791,1.5417418,23.039375
55.46,9.058221,137.87282,-0.12646334,1.5418073,23.03938
55.47,9.058262,137.87326,-0.12646842,1.5418745,23.039375
55.48,9.058301,137.87373,-0.12647383,1.5419408,23.039368
55.49,9.058339,137.87419,-0.1264793,1.542007,23.039366
55.5,9.058376,137.87468,-0.12648475,1.5420719,23.039356
55.51,9.058415,137.87514,-0.12649004,1.5421382,23.039356
55.52,9.058453,137.87561,-0.12649542,1.5422043,23.03935
55.53,9.058495,137.8761,-0.12650093,1.5422697,23.039345
55.54,9.058533,137.87656,-0.1265064,1.5423349,23.039345
55.55,9.05857,137.87701,-0.1265118,1.5424005,23.03934
55.56,9.05861,137.87752,-0.12651704,1.5424669,23.039333
55.57,9.058648,137.87794,-0.12652235,1.5425326,23.03934
55.58,9.058686,137.87839,-0.12652752,1.5425965,23.039328
55.59,9.058727,137.87883,-0.12653291,1.542661,23.039316
55.6,9.058768,137.87933,-0.1265384,1.5427258,23.039324
55.61,9.058803,137.87978,-0.12654369,1.5427912,23.039318
55.62,9.058842,137.88028,-0.12654899,1.5428562,23.03932
55.63,9.058881,137.88072,-0.12655377,1.5429208,23.039312
55.64,9.058921,137.88121,-0.12655944,1.5429845,23.039309
55.65,9.058958,137.88164,-0.12656459,1.5430491,23.039299
55.66,9.058998,137.8821,-0.12657003,1.5431123,23.039305
55.67,9.059036,137.88255,-0.12657511,1.5431771,23.039299
55.68,9.059076,137.88301,-0.12658033,1.543241,23.039297
55.69,9.059108,137.8835,-0.12658563,1.5433052,23.039291
55.7,9.059149,137.88399,-0.12659092,1.5433694,23.039286
55.71,9.059185,137.88443,-0.12659599,1.5434334,23.03928
55.72,9.059222,137.88484,-0.12660125,1.5434965,23.039282
55.73,9.059261,137.88533,-0.12660675,1.5435604,23.039272
55.74,9.059301,137.88582,-0.12661171,1.5436229,23.039278
55.75,9.05934,137.88623,-0.12661728,1.5436864,23.039263
55.76,9.059376,137.88667,-0.12662226,1.5437515,23.03927
55.77,9.059416,137.88715,-0.12662765,1.5438132,23.039265
55.78,9.059455,137.88762,-0.12663254,1.5438759,23.039265
55.79,9.059491,137.88806,-0.12663807,1.5439382,23.03926
55.8,9.05953,137.88853,-0.12664308,1.5440019,23.03926
55.81,9.059568,137.88895,-0.12664837,1.544065,23.03925
55.82,9.0596075,137.88942,-0.12665355,1.5441271,23.039253
55.83,9.059646,137.88988,-0.12665868,1.5441895,23.03925
55.84,9.059682,137.89032,-0.1266638,1.5442525,23.039242
55.85,9.059719,137.8908,-0.12666893,1.5443151,23.039242
55.86,9.059755,137.89124,-0.12667425,1.5443761,23.039238
55.87,9.059794,137.8917,-0.12667938,1.5444394,23.03924
55.88,9.059831,137.89214,-0.12668452,1.5445008,23.039228
55.89,9.05987,137.89256,-0.12668945,1.5445623,23.039225
55.9,9.05991,137.89302,-0.12669486,1.5446248,23.03923
55.91,9.059945,137.89351,-0.12669994,1.5446854,23.039223
55.92,9.059984,137.89392,-0.12670466,1.5447476,23.039217
55.93,9.060021,137.89433,-0.12670977,1.5448108,23.039215
55.94,9.060058,137.8948,-0.1267151,1.5448725,23.03921
55.95,9.060094,137.89526,-0.12672019,1.5449321,23.039213
55.96,9.060133,137.8957,-0.12672524,1.5449951,23.039202
55.97,9.060172,137.8962,-0.12673017,1.5450556,23.0392
55.98,9.060212,137.8966,-0.12673517,1.5451155,23.039202
55.99,9.060248,137.89705,-0.12674028,1.5451769,23.039202
56.0,9.060284,137.8975,-0.12674554,1.5452386,23.039194
56.01,9.060321,137.89795,-0.12675032,1.5452987,23.039192
56.02,9.060361,137.89835,-0.12675567,1.5453594,23.039196
56.03,9.060397,137.8988,-0.12676074,1.5454196,23.039188
56.04,9.0604315,137.89926,-0.1267659,1.5454797,23.039188
56.05,9.060472,137.89969,-0.12677063,1.5455407,23.03918
56.06,9.060513,137.90016,-0.12677588,1.5456003,23.039177
56.07,9.060547,137.9006,-0.12678078,1.5456623,23.039173
56.08,9.060584,137.90105,-0.12678549,1.5457225,23.039177
56.09,9.060619,137.90146,-0.12679079,1.545781,23.039179
56.1,9.060656,137.9019,-0.12679553,1.5458422,23.039173
56.11,9.060696,137.90234,-0.12680078,1.5459023,23.039164
56.12,9.060733,137.90282,-0.12680575,1.5459619,23.039167
56.13,9.060771,137.90324,-0.12681079,1.5460204,23.039162
56.14,9.060807,137.90367,-0.12681563,1.5460801,23.039154
56.15,9.060843,137.9041,-0.12682064,1.5461389,23.039156
56.16,9.060878,137.90457,-0.12682542,1.5461988,23.039148
56.17,9.060915,137.905,-0.12683031,1.5462575,23.03916
56.18,9.060953,137.90543,-0.12683548,1.5463171,23.039154
56.19,9.060991,137.90585,-0.1268407,1.5463754,23.039146
56.2,9.0610285,137.90633,-0.12684543,1.5464355,23.039143
56.21,9.061065,137.90677,-0.12685026,1.5464939,23.039135
56.22,9.061101,137.90723,-0.12685525,1.5465525,23.03914
56.23,9.061138,137.90762,-0.12686014,1.5466117,23.039131
56.24,9.061174,137.90808,-0.12686501,1.5466692,23.039133
56.25,9.061212,137.90852,-0.12687004,1.5467273,23.03913
56.26,9.061246,137.90897,-0.12687472,1.5467865,23.039131
56.27,9.061282,137.90936,-0.1268797,1.5468442,23.039133
56.28,9.06132,137.9098,-0.12688445,1.5469025,23.039133
56.29,9.0613575,137.91023,-0.12688938,1.5469611,23.039124
56.3,9.061396,137.91069,-0.1268943,1.5470188,23.039124
56.31,9.061431,137.91107,-0.12689914,1.5470757,23.039118
56.32,9.061471,137.91156,-0.12690394,1.5471345,23.039122
56.33,9.061505,137.91199,-0.12690894,1.5471913,23.039122
56.34,9.061538,137.91243,-0.12691364,1.5472499,23.039118
56.35,9.061578,137.91284,-0.12691855,1.5473062,23.039112
56.36,9.061612,137.91328,-0.1269233,1.5473654,23.039114
56.37,9.061649,137.9137,-0.12692845,1.5474216,23.03911
56.38,9.061687,137.91414,-0.12693311,1.5474781,23.039103
56.39,9.061724,137.91454,-0.1269381,1.5475368,23.039104
56.4,9.061761,137.91493,-0.1269425,1.5475941,23.039103
56.41,9.061795,137.91537,-0.12694764,1.5476507,23.039099
56.42,9.061831,137.91583,-0.12695222,1.5477076,23.039097
56.43,9.06187,137.91628,-0.12695716,1.5477643,23.039103
56.44,9.061906,137.91667,-0.12696184,1.547822,23.039097
56.45,9.061941,137.91707,-0.12696679,1.5478756,23.039093
56.46,9.061976,137.91753,-0.12697157,1.5479319,23.039091
56.47,9.062015,137.91792,-0.1269764,1.5479889,23.039087
56.48,9.062052,137.91837,-0.12698124,1.5480458,23.039087
56.49,9.062085,137.91882,-0.12698576,1.5481018,23.039082
56.5,9.062119,137.91924,-0.12699066,1.5481575,23.03908
56.51,9.062156,137.91965,-0.12699524,1.5482156,23.039076
56.52,9.062194,137.92007,-0.12700008,1.5482712,23.039085
56.53,9.062231,137.92049,-0.1270051,1.5483263,23.039082
56.54,9.062266,137.92091,-0.12700981,1.5483814,23.03908
56.55,9.062302,137.92134,-0.12701434,1.5484372,23.039074
56.56,9.06234,137.92177,-0.12701903,1.5484926,23.039074
56.57,9.062373,137.92218,-0.12702394,1.5485479,23.039066
56.58,9.062409,137.9226,-0.12702848,1.5486042,23.039062
56.59,9.062443,137.92303,-0.12703311,1.548659,23.039064
56.6,9.062482,137.92348,-0.12703781,1.5487134,23.039074
56.61,9.062517,137.92387,-0.12704243,1.5487695,23.039068
56.62,9.062552,137.9243,-0.12704715,1.5488244,23.039057
56.63,9.06259,137.92473,-0.1270518,1.5488783,23.03906
56.64,9.062624,137.92511,-0.12705646,1.5489355,23.039057
56.65,9.062658,137.92555,-0.1270613,1.5489885,23.039057
56.66,9.062696,137.92596,-0.12706585,1.5490437,23.039053
56.67,9.062731,137.92639,-0.12707055,1.5490975,23.039051
56.68,9.062766,137.9268,-0.12707524,1.549153,23.039051
56.69,9.0627985,137.92722,-0.1270799,1.5492061,23.039053
56.7,9.062839,137.92763,-0.12708457,1.5492616,23.03904
56.71,9.062874,137.92805,-0.12708917,1.5493145,23.039043
56.72,9.062909,137.9284,-0.12709379,1.5493687,23.039036
56.73,9.062946,137.92888,-0.12709847,1.5494238,23.039042
56.74,9.062982,137.9293,-0.12710284,1.5494761,23.039038
56.75,9.063014,137.9297,-0.12710759,1.5495307,23.039045
56.76,9.063051,137.93011,-0.12711188,1.5495858,23.039043
56.77,9.063089,137.93056,-0.12711659,1.5496376,23.039038
56.78,9.063123,137.931,-0.1271213,1.5496911,23.039036
56.79,9.063156,137.93135,-0.12712598,1.549745,23.03904
56.8,9.063193,137.93175,-0.12713027,1.549799,23.03904
56.81,9.063229,137.93217,-0.1271351,1.5498526,23.039036
56.82,9.063262,137.9326,-0.12713939,1.5499041,23.03904
56.83,9.0633,137.93297,-0.12714453,1.5499578,23.039034
56.84,9.0633335,137.93341,-0.12714887,1.5500119,23.03903
56.85,9.063369,137.93379,-0.12715332,1.5500647,23.039026
56.86,9.063404,137.9342,-0.12715784,1.5501175,23.03903
56.87,9.0634365,137.93462,-0.12716223,1.5501702,23.039028
56.88,9.063473,137.93506,-0.12716724,1.550223,23.039022
56.89,9.063508,137.93542,-0.12717158,1.5502756,23.039024
56.9,9.063544,137.93584,-0.12717594,1.5503277,23.03902
56.91,9.06358,137.93626,-0.12718023,1.5503795,23.03902
56.92,9.063614,137.93666,-0.127185,1.550432,23.03902
56.93,9.06365,137.9371,-0.12718922,1.5504837,23.03902
56.94,9.0636835,137.93742,-0.12719381,1.5505351,23.039019
56.95,9.06372,137.93787,-0.12719828,1.5505892,23.039022
56.96,9.063753,137.93828,-0.12720296,1.5506412,23.039017
56.97,9.063788,137.9387,-0.12720783,1.5506922,23.039015
56.98,9.063822,137.9391,-0.12721187,1.5507448,23.039013
56.99,9.063858,137.9395,-0.12721625,1.5507948,23.039013
57.0,9.063893,137.93993,-0.127221,1.5508474,23.039011
57.01,9.063929,137.9403,-0.12722531,1.5508991,23.039011
57.02,9.063964,137.94072,-0.12722982,1.5509491,23.039011
57.03,9.064,137.9411,-0.12723424,1.5510013,23.03901
57.04,9.064034,137.94153,-0.12723877,1.5510523,23.039007
57.05,9.064068,137.9419,-0.12724316,1.5511031,23.03901
57.06,9.064101,137.94229,-0.12724741,1.5511539,23.039011
57.07,9.064138,137.94275,-0.12725206,1.5512052,23.039003
57.08,9.064171,137.94312,-0.12725635,1.5512562,23.039007
57.09,9.064203,137.9435,-0.12726076,1.5513065,23.039
57.1,9.06424,137.94395,-0.12726526,1.5513575,23.039011
57.11,9.064273,137.94432,-0.12726988,1.5514082,23.039005
57.12,9.064306,137.9447,-0.12727393,1.5514587,23.038994
57.13,9.064344,137.9451,-0.1272785,1.5515094,23.039005
57.14,9.064376,137.94551,-0.12728274,1.5515597,23.039
57.15,9.064411,137.9459,-0.12728706,1.551609,23.039003
57.16,9.064447,137.94627,-0.1272913,1.5516618,23.039003
57.17,9.064483,137.94675,-0.127296,1.5517107,23.039003
57.18,9.064514,137.94711,-0.12730026,1.5517604,23.038998
57.19,9.064551,137.94751,-0.12730469,1.55181,23.039
57.2,9.064584,137.94788,-0.12730896,1.5518597,23.038994
57.21,9.064618,137.9483,-0.12731342,1.5519091,23.038994
57.22,9.064651,137.94872,-0.12731788,1.5519593,23.03899
57.23,9.064686,137.94913,-0.1273222,1.5520097,23.038996
57.24,9.064719,137.94954,-0.12732656,1.5520592,23.039001
57.25,9.064752,137.9499,-0.12733099,1.5521089,23.038998
57.26,9.064786,137.95026,-0.1273352,1.5521568,23.038996
57.27,9.064822,137.9507,-0.12733962,1.5522075,23.038998
57.28,9.0648575,137.9511,-0.12734371,1.5522549,23.038996
57.29,9.064891,137.95148,-0.12734845,1.5523056,23.038998
57.3,9.064923,137.95186,-0.12735237,1.552354,23.038994
57.31,9.0649605,137.95226,-0.12735672,1.5524033,23.038986
57.32,9.064992,137.95265,-0.12736098,1.5524518,23.038998
57.33,9.065026,137.95308,-0.12736526,1.5525011,23.03899
57.34,9.065062,137.95346,-0.12736931,1.5525503,23.038994
57.35,9.065094,137.95384,-0.12737373,1.552598,23.038984
57.36,9.065129,137.95422,-0.12737814,1.5526447,23.038988
57.37,9.065161,137.95462,-0.12738232,1.5526947,23.038996
57.38,9.065194,137.95499,-0.12738691,1.5527433,23.03899
57.39,9.065228,137.95537,-0.12739107,1.5527904,23.038986
57.4,9.065265,137.95576,-0.12739505,1.552839,23.038994
57.41,9.065297,137.95616,-0.12739947,1.5528871,23.038994
57.42,9.0653305,137.95654,-0.12740381,1.5529348,23.038994
57.43,9.065363,137.95692,-0.12740764,1.5529826,23.038994
57.44,9.0654,137.9573,-0.12741207,1.5530312,23.038992
57.45,9.065433,137.9577,-0.12741633,1.5530769,23.038992
57.46,9.065467,137.9581,-0.12742059,1.5531259,23.038992
57.47,9.065499,137.95847,-0.12742496,1.5531731,23.03899
57.48,9.065533,137.9589,-0.12742883,1.5532204,23.038992
57.49,9.065568,137.95926,-0.12743294,1.5532687,23.038996
57.5,9.065599,137.95964,-0.12743701,1.5533165,23.03899
57.51,9.065639,137.96008,-0.12744144,1.5533632,23.038996
57.52,9.065668,137.96042,-0.1274456,1.5534102,23.03899
57.53,9.065705,137.96078,-0.12744947,1.553457,23.038988
57.54,9.065737,137.96117,-0.12745419,1.553504,23.038994
57.55,9.065771,137.96158,-0.12745836,1.5535502,23.039001
57.56,9.065802,137.96191,-0.12746257,1.5535971,23.038994
57.57,9.065837,137.96231,-0.12746641,1.5536454,23.038992
57.58,9.065868,137.96268,-0.12747096,1.5536906,23.038992
57.59,9.065904,137.9631,-0.12747492,1.5537375,23.038992
57.6,9.065935,137.96352,-0.12747906,1.5537837,23.038992
57.61,9.06597,137.96382,-0.12748317,1.5538306,23.038996
57.62,9.066006,137.96422,-0.12748717,1.5538774,23.038994
57.63,9.066038,137.96461,-0.12749147,1.5539223,23.038996
57.64,9.066068,137.96503,-0.12749554,1.5539688,23.038992
57.65,9.066101,137.96536,-0.12749986,1.5540144,23.03899
57.66,9.066134,137.96574,-0.12750378,1.5540603,23.038996
57.67,9.066164,137.96614,-0.12750764,1.554106,23.03899
57.68,9.0662,137.96652,-0.12751155,1.5541527,23.038994
57.69,9.066234,137.9669,-0.12751606,1.5541986,23.038998
57.7,9.066265,137.9673,-0.1275202,1.5542446,23.03899
57.71,9.066299,137.96768,-0.1275245,1.5542897,23.038996
57.72,9.066332,137.96805,-0.1275283,1.5543355,23.038994
57.73,9.06637,137.96844,-0.1275324,1.5543809,23.038998
57.74,9.0664015,137.96878,-0.12753642,1.5544249,23.038992
57.75,9.066434,137.96915,-0.12754041,1.554471,23.038992
57.76,9.066466,137.96951,-0.12754469,1.5545162,23.038994
57.77,9.066501,137.96992,-0.12754856,1.5545621,23.039003
57.78,9.066532,137.9703,-0.12755288,1.5546045,23.039
57.79,9.066565,137.97069,-0.12755708,1.554652,23.038992
57.8,9.066596,137.97107,-0.127561,1.554697,23.039001
57.81,9.06663,137.97144,-0.12756479,1.5547419,23.038996
57.82,9.06666,137.97183,-0.12756892,1.5547869,23.038998
57.83,9.066694,137.97221,-0.12757295,1.5548303,23.039
57.84,9.06673,137.97253,-0.127577,1.5548751,23.039005
57.85,9.066761,137.9729,-0.12758112,1.5549177,23.039007
57.86,9.066791,137.9733,-0.12758507,1.5549632,23.038998
57.87,9.066828,137.97366,-0.12758891,1.5550064,23.039001
57.88,9.066858,137.97404,-0.12759303,1.5550519,23.039003
57.89,9.066891,137.97438,-0.12759724,1.5550964,23.039007
57.9,9.066924,137.97484,-0.12760074,1.5551403,23.039005
57.91,9.066955,137.9752,-0.12760493,1.5551828,23.039007
57.92,9.066987,137.97554,-0.12760915,1.5552285,23.03901
57.93,9.067021,137.97595,-0.12761298,1.5552697,23.039011
57.94,9.067055,137.97627,-0.12761706,1.5553154,23.03901
57.95,9.067086,137.97665,-0.12762107,1.555359,23.039015
57.96,9.067121,137.97699,-0.12762505,1.5554026,23.039013
57.97,9.06715,137.9774,-0.12762868,1.555446,23.039011
57.98,9.0671835,137.97775,-0.12763268,1.5554898,23.039015
57.99,9.067218,137.97815,-0.12763682,1.5555325,23.039013
58.0,9.067247,137.9785,-0.12764056,1.5555756,23.039017
58.01,9.067283,137.97884,-0.12764499,1.5556188,23.039019
58.02,9.067317,137.97923,-0.12764885,1.5556622,23.039019
58.03,9.067348,137.97963,-0.12765269,1.5557052,23.03902
58.04,9.067382,137.98,-0.12765649,1.5557483,23.039019
58.05,9.06741,137.98035,-0.12766026,1.5557907,23.03903
58.06,9.067442,137.98071,-0.1276641,1.5558342,23.039024
58.07,9.067474,137.98106,-0.12766808,1.555877,23.039032
58.08,9.067507,137.98146,-0.12767234,1.5559187,23.039026
58.09,9.067538,137.98178,-0.12767616,1.5559616,23.039019
58.1,9.067573,137.9822,-0.1276802,1.5560033,23.039026
58.11,9.067604,137.98253,-0.12768403,1.5560453,23.039024
58.12,9.067634,137.98291,-0.12768795,1.556089,23.039026
58.13,9.067665,137.98326,-0.12769154,1.5561309,23.039036
58.14,9.067697,137.98364,-0.12769547,1.5561744,23.039034
58.15,9.06773,137.98398,-0.1276993,1.5562158,23.03903
58.16,9.067761,137.98434,-0.12770316,1.5562564,23.039034
58.17,9.067795,137.98474,-0.12770705,1.5562981,23.039028
58.18,9.06783,137.98506,-0.12771095,1.5563409,23.039032
58.19,9.067859,137.98546,-0.12771477,1.5563806,23.039036
58.2,9.067889,137.9858,-0.12771858,1.5564224,23.039036
58.21,9.067923,137.98619,-0.12772295,1.5564643,23.03904
58.22,9.067953,137.98653,-0.1277263,1.556508,23.039043
58.23,9.0679865,137.98691,-0.1277299,1.5565486,23.039038
58.24,9.068016,137.98726,-0.12773426,1.5565889,23.039045
58.25,9.068049,137.98761,-0.1277379,1.5566312,23.039042
58.26,9.068081,137.98795,-0.12774183,1.5566725,23.03905
58.27,9.068114,137.98831,-0.12774561,1.5567147,23.039047
58.28,9.068145,137.9887,-0.12774949,1.5567544,23.039047
58.29,9.068176,137.98906,-0.12775324,1.5567954,23.039043
58.3,9.06821,137.98943,-0.12775712,1.5568358,23.039055
58.31,9.068238,137.98978,-0.12776077,1.5568769,23.039055
58.32,9.068267,137.99011,-0.12776436,1.5569174,23.039055
58.33,9.068302,137.9905,-0.12776822,1.5569584,23.039055
58.34,9.068336,137.99084,-0.1277723,1.556998,23.039064
58.35,9.068364,137.99117,-0.1277757,1.557038,23.039062
58.36,9.068396,137.99155,-0.1277797,1.5570782,23.039064
58.37,9.068428,137.99194,-0.12778321,1.5571202,23.039062
58.38,9.068461,137.99228,-0.127787,1.55716,23.039064
58.39,9.06849,137.99266,-0.12779096,1.5572003,23.039066
58.4,9.0685215,137.99297,-0.12779477,1.5572414,23.039064
58.41,9.068554,137.99335,-0.12779848,1.5572808,23.039076
58.42,9.068583,137.99373,-0.12780216,1.557321,23.039064
58.43,9.068614,137.99406,-0.12780611,1.5573604,23.039072
58.44,9.068647,137.99437,-0.12780975,1.5574006,23.039072
58.45,9.06868,137.9948,-0.12781319,1.5574398,23.039078
58.46,9.068708,137.99516,-0.12781714,1.5574802,23.039074
58.47,9.068742,137.99551,-0.12782082,1.5575194,23.039078
58.48,9.068775,137.99582,-0.1278248,1.5575603,23.03908
58.49,9.068808,137.99617,-0.1278282,1.5575972,23.039085
58.5,9.068838,137.99654,-0.1278318,1.5576386,23.03909
58.51,9.068872,137.99687,-0.12783527,1.5576769,23.039091
58.52,9.068902,137.99721,-0.1278393,1.5577171,23.039095
58.53,9.068933,137.99756,-0.12784289,1.5577556,23.039087
58.54,9.068963,137.99792,-0.12784709,1.5577933,23.039095
58.55,9.068994,137.99828,-0.12785038,1.5578331,23.039097
58.56,9.069024,137.99864,-0.1278541,1.557872,23.039095
58.57,9.069057,137.999,-0.12785794,1.5579114,23.039097
58.58,9.069086,137.99936,-0.1278613,1.5579497,23.039103
58.59,9.069118,137.99968,-0.12786523,1.5579895,23.039103
58.6,9.069146,138.00006,-0.12786849,1.5580269,23.039108
58.61,9.06918,138.00043,-0.1278724,1.5580655,23.039104
58.62,9.069208,138.00073,-0.12787609,1.558104,23.03911
58.63,9.069241,138.0011,-0.12787956,1.5581436,23.039108
58.64,9.069271,138.00143,-0.12788333,1.5581819,23.039116
58.65,9.069304,138.0018,-0.12788698,1.558218,23.039114
58.66,9.069333,138.00214,-0.12789054,1.5582566,23.039116
58.67,9.069365,138.00247,-0.12789407,1.5582963,23.039112
58.68,9.069395,138.00284,-0.12789784,1.5583355,23.039122
58.69,9.0694275,138.00319,-0.12790146,1.5583721,23.039118
58.7,9.069457,138.00351,-0.12790497,1.5584098,23.03913
58.71,9.069488,138.00386,-0.12790872,1.5584484,23.039133
58.72,9.069516,138.00423,-0.12791222,1.5584844,23.039135
58.73,9.0695505,138.00458,-0.12791573,1.5585217,23.039137
58.74,9.06958,138.00491,-0.12791961,1.5585603,23.039135
58.75,9.06961,138.00523,-0.12792304,1.5585982,23.039148
58.76,9.069642,138.0056,-0.12792657,1.5586355,23.03914
58.77,9.069674,138.00597,-0.12793034,1.5586716,23.03914
58.78,9.069703,138.00629,-0.12793392,1.5587095,23.03914
58.79,9.06973,138.00658,-0.1279376,1.5587456,23.039148
58.8,9.069761,138.00697,-0.12794124,1.5587839,23.03915
58.81,9.069794,138.00737,-0.1279443,1.558821,23.039158
58.82,9.069825,138.00768,-0.12794812,1.5588578,23.03916
58.83,9.069858,138.008,-0.12795207,1.5588951,23.039158
58.84,9.069886,138.00833,-0.12795483,1.5589318,23.039162
58.85,9.069915,138.00871,-0.12795873,1.5589685,23.03916
58.86,9.069946,138.00902,-0.12796225,1.5590053,23.039162
58.87,9.069974,138.00938,-0.12796582,1.5590413,23.039167
58.88,9.070006,138.00972,-0.12796937,1.5590785,23.039171
58.89,9.070037,138.01006,-0.12797311,1.5591159,23.039171
58.9,9.070068,138.0104,-0.12797658,1.5591509,23.039177
58.91,9.070101,138.01076,-0.12798022,1.5591874,23.039179
58.92,9.070125,138.01108,-0.12798372,1.5592235,23.039185
58.93,9.070159,138.0114,-0.12798725,1.5592605,23.039186
58.94,9.070186,138.01175,-0.12799078,1.5592972,23.039185
58.95,9.070217,138.0121,-0.12799406,1.5593327,23.039192
58.96,9.070245,138.01244,-0.12799764,1.5593696,23.039194
58.97,9.070277,138.01279,-0.12800142,1.5594046,23.039194
58.98,9.070309,138.01312,-0.12800452,1.5594395,23.03919
58.99,9.070338,138.01344,-0.12800811,1.5594755,23.039194
59.0,9.070369,138.01378,-0.1280117,1.5595126,23.039202
59.01,9.070399,138.01411,-0.12801524,1.559547,23.039204
59.02,9.070429,138.01443,-0.12801877,1.5595837,23.039198
59.03,9.070461,138.01483,-0.12802213,1.5596178,23.03921
59.04,9.070491,138.01517,-0.12802531,1.5596541,23.039207
59.05,9.070518,138.0155,-0.12802894,1.5596899,23.039211
59.06,9.070549,138.01582,-0.12803258,1.5597245,23.039219
59.07,9.070579,138.01617,-0.12803596,1.5597596,23.039225
59.08,9.070608,138.01648,-0.1280392,1.5597944,23.03923
59.09,9.070638,138.01685,-0.1280427,1.5598303,23.039223
59.1,9.070667,138.01721,-0.12804647,1.5598648,23.039234
59.11,9.070698,138.01752,-0.12804984,1.5598998,23.039238
59.12,9.070729,138.01785,-0.12805338,1.5599338,23.039238
59.13,9.070757,138.01819,-0.12805639,1.55997,23.039232
59.14,9.070787,138.01852,-0.12806022,1.5600041,23.039244
59.15,9.070819,138.01888,-0.12806343,1.5600389,23.03925
59.16,9.070849,138.01918,-0.12806691,1.5600741,23.039257
59.17,9.070876,138.0195,-0.12807009,1.560107,23.039263
59.18,9.070903,138.01985,-0.1280736,1.5601423,23.039253
59.19,9.070936,138.02019,-0.12807705,1.5601771,23.039259
59.2,9.070968,138.02046,-0.12808041,1.560211,23.039268
59.21,9.070995,138.02081,-0.12808359,1.5602449,23.039265
59.22,9.071024,138.02121,-0.12808721,1.5602789,23.039267
59.23,9.071054,138.02155,-0.12809046,1.5603132,23.039272
59.24,9.071089,138.02187,-0.1280939,1.5603474,23.039276
59.25,9.0711155,138.02217,-0.1280974,1.5603819,23.039282
59.26,9.071144,138.02252,-0.12810071,1.5604143,23.039284
59.27,9.071175,138.02284,-0.12810402,1.5604483,23.03928
59.28,9.071204,138.02318,-0.12810753,1.5604815,23.039282
59.29,9.071234,138.02354,-0.12811065,1.5605164,23.039288
59.3,9.071262,138.02388,-0.12811425,1.5605508,23.039291
59.31,9.071292,138.02419,-0.12811756,1.5605825,23.039291
59.32,9.0713215,138.02452,-0.12812094,1.5606169,23.039293
59.33,9.071349,138.02486,-0.12812439,1.5606503,23.039303
59.34,9.071379,138.02518,-0.12812734,1.5606836,23.039299
59.35,9.071405,138.02548,-0.12813091,1.5607173,23.039305
59.36,9.071437,138.02583,-0.1281343,1.5607501,23.039309
59.37,9.071468,138.02617,-0.12813753,1.5607818,23.039312
59.38,9.071496,138.0265,-0.12814113,1.5608159,23.039314
59.39,9.071526,138.02678,-0.12814383,1.5608487,23.039326
59.4,9.071555,138.02716,-0.12814753,1.560882,23.039324
59.41,9.071585,138.0275,-0.12815075,1.5609139,23.03933
59.42,9.071613,138.02785,-0.12815413,1.5609486,23.039331
59.43,9.071643,138.0281,-0.12815738,1.5609806,23.039343
59.44,9.071672,138.0284,-0.12816048,1.5610123,23.039349
59.45,9.0717,138.02873,-0.1281642,1.5610454,23.039347
59.46,9.071729,138.02907,-0.12816732,1.5610774,23.039358
59.47,9.071761,138.02942,-0.12817067,1.5611093,23.039352
59.48,9.071788,138.02972,-0.12817365,1.5611416,23.039356
59.49,9.071817,138.03006,-0.12817733,1.5611749,23.039362
59.5,9.071846,138.03035,-0.12818049,1.5612075,23.039364
59.51,9.071878,138.0307,-0.12818359,1.5612384,23.039373
59.52,9.071907,138.031,-0.12818679,1.5612718,23.039368
59.53,9.071932,138.03134,-0.12819,1.5613041,23.039368
59.54,9.071964,138.03168,-0.12819348,1.5613352,23.039373
59.55,9.071992,138.03206,-0.12819698,1.5613661,23.039377
59.56,9.072025,138.03232,-0.12819996,1.5613998,23.039389
59.57,9.072051,138.03264,-0.1282032,1.561431,23.039385
59.58,9.072081,138.033,-0.12820664,1.5614628,23.039392
59.59,9.072109,138.03328,-0.12820958,1.5614939,23.039392
59.6,9.072135,138.0336,-0.12821302,1.5615261,23.039392
59.61,9.0721655,138.03394,-0.12821619,1.5615561,23.039396
59.62,9.072194,138.03424,-0.12821923,1.5615889,23.039412
59.63,9.072224,138.03456,-0.12822253,1.5616201,23.039417
59.64,9.072252,138.03488,-0.12822574,1.5616508,23.039415
59.65,9.072283,138.03523,-0.12822905,1.5616832,23.039417
59.66,9.0723095,138.03557,-0.1282324,1.561713,23.039425
59.67,9.072337,138.03589,-0.12823561,1.5617447,23.039421
59.68,9.072365,138.03618,-0.12823889,1.561776,23.039436
59.69,9.072394,138.03651,-0.12824215,1.5618062,23.039434
59.7,9.072423,138.03679,-0.12824513,1.5618383,23.03944
59.71,9.07245,138.03716,-0.1282481,1.5618682,23.03944
59.72,9.07248,138.03748,-0.12825161,1.561899,23.039442
59.73,9.07251,138.03777,-0.12825446,1.5619301,23.039448
59.74,9.072536,138.0381,-0.12825769,1.5619594,23.03946
59.75,9.072563,138.03839,-0.12826073,1.5619915,23.039454
59.76,9.072591,138.03873,-0.12826423,1.5620209,23.039454
59.77,9.072622,138.03903,-0.12826733,1.562051,23.039467
59.78,9.072651,138.03935,-0.12827055,1.5620824,23.039467
59.79,9.0726795,138.03972,-0.12827379,1.5621121,23.039469
59.8,9.072707,138.04002,-0.12827697,1.5621421,23.039474
59.81,9.072737,138.04033,-0.12827988,1.562172,23.039482
59.82,9.0727625,138.04065,-0.12828337,1.5622009,23.039482
59.83,9.072792,138.04097,-0.12828632,1.5622333,23.039488
59.84,9.07282,138.04126,-0.12828958,1.562263,23.03949
59.85,9.072851,138.0416,-0.12829237,1.5622925,23.039492
59.86,9.072875,138.0419,-0.12829527,1.5623217,23.039497
59.87,9.072906,138.0422,-0.1282988,1.5623512,23.039503
59.88,9.072933,138.0425,-0.12830202,1.5623819,23.039515
59.89,9.072961,138.0428,-0.12830508,1.5624115,23.039516
59.9,9.072991,138.04312,-0.12830806,1.562441,23.039516
59.91,9.073021,138.04347,-0.12831114,1.5624702,23.039536
59.92,9.073047,138.04378,-0.12831458,1.5625001,23.039534
59.93,9.073072,138.04411,-0.1283173,1.5625284,23.039537
59.94,9.073102,138.04442,-0.1283204,1.5625588,23.039541
59.95,9.073131,138.04477,-0.12832364,1.5625888,23.039541
59.96,9.07316,138.04504,-0.12832688,1.5626156,23.039541
59.97,9.073183,138.04533,-0.12832992,1.5626469,23.039553
59.98,9.073214,138.04568,-0.12833288,1.5626756,23.039557
59.99,9.073246,138.046,-0.12833598,1.5627031,23.039562
60.0,9.073272,138.0463,-0.12833914,1.5627329,23.03956
