t,w,W,x,y,z
0.0,0.083990864,0.00022697449,6.037445,39.99353,0.15238789
0.01,0.08429718,0.0010695457,6.0367007,39.991123,0.1540048
0.02,0.08460371,0.0019032955,6.0359535,39.988678,0.15562575
0.03,0.08491121,0.0027329922,6.0351977,39.986233,0.15725103
0.04,0.0852187,0.0035501719,6.034442,39.983753,0.15888026
0.05,0.08552687,0.0043661594,6.0336823,39.981274,0.16051385
0.06,0.08583574,0.005178988,6.0329156,39.97877,0.16215289
0.07,0.08614522,0.0059823394,6.0321455,39.97623,0.16379601
0.08,0.08645521,0.006783664,6.031372,39.973694,0.16544339
0.09,0.08676578,0.007582307,6.0305953,39.97113,0.16709557
0.1,0.08707726,0.008374989,6.0298133,39.968548,0.16875227
0.11,0.08738932,0.009167612,6.02903,39.965946,0.17041329
0.12,0.08770217,0.009957194,6.028241,39.963333,0.17207935
0.13,0.08801541,0.010744393,6.02745,39.960697,0.17374995
0.14,0.08832954,0.011528552,6.0266566,39.958046,0.17542511
0.15,0.088644974,0.012312174,6.025859,39.9554,0.17710492
0.16,0.088960394,0.013091922,6.025058,39.95272,0.17878923
0.17,0.08927649,0.013874233,6.024256,39.950035,0.1804788
0.18,0.08959393,0.0146535635,6.023447,39.947327,0.18217304
0.19,0.08991267,0.0154361725,6.022638,39.944603,0.18387184
0.2,0.09023115,0.016213953,6.0218244,39.941845,0.18557519
0.21,0.0905514,0.016995251,6.02101,39.939095,0.18728346
0.22,0.09087233,0.0177778,6.0201907,39.936325,0.18899694
0.23,0.09119399,0.018558502,6.019369,39.93354,0.19071499
0.24,0.09151636,0.019340754,6.0185437,39.930744,0.19243756
0.25,0.09183952,0.02012515,6.0177183,39.927948,0.19416559
0.26,0.09216419,0.020911574,6.0168886,39.92512,0.19589841
0.27,0.09248941,0.021699667,6.016057,39.922283,0.19763613
0.28,0.0928155,0.022486925,6.015222,39.919437,0.19937852
0.29,0.093142666,0.023280203,6.0143857,39.91658,0.20112616
0.3,0.09347077,0.024071515,6.013546,39.9137,0.2028786
0.31,0.09379985,0.024868906,6.0127034,39.910812,0.20463622
0.32,0.09412943,0.025665402,6.011857,39.90792,0.20639887
0.33,0.09446065,0.026467264,6.0110106,39.90501,0.20816657
0.34,0.094792694,0.02726996,6.0101604,39.902084,0.20993957
0.35,0.095125325,0.028078496,6.0093074,39.899147,0.21171823
0.36,0.095458984,0.028888226,6.008453,39.89619,0.21350086
0.37,0.09579395,0.029705405,6.007595,39.893238,0.21528974
0.38,0.096130066,0.030522645,6.0067363,39.890266,0.21708375
0.39,0.09646697,0.031346142,6.0058737,39.887276,0.21888313
0.4,0.09680472,0.03217131,6.005008,39.88428,0.22068757
0.41,0.09714414,0.032999575,6.0041423,39.88126,0.2224977
0.42,0.09748362,0.033835888,6.0032744,39.878246,0.22431329
0.43,0.0978249,0.03467554,6.002403,39.875217,0.22613436
0.44,0.0981667,0.03551942,6.001528,39.87217,0.22796056
0.45,0.09851028,0.036366343,6.0006514,39.86911,0.22979358
0.46,0.0988544,0.03721845,5.99977,39.866043,0.23163131
0.47,0.09919934,0.03807795,5.998892,39.86297,0.23347509
0.48,0.09954609,0.038942695,5.998006,39.859875,0.23532477
0.49,0.09989333,0.0398103,5.9971185,39.856777,0.23718008
0.5,0.100241914,0.04068607,5.9962287,39.853672,0.23904061
0.51,0.10059117,0.041564345,5.9953384,39.85055,0.24090806
0.52,0.10094224,0.042449713,5.9944434,39.847412,0.24278116
0.53,0.10129391,0.043340623,5.993546,39.84427,0.2446608
0.54,0.10164712,0.044239044,5.9926476,39.841114,0.24654564
0.55,0.10200089,0.045142233,5.9917464,39.83794,0.24843723
0.56,0.10235648,0.04605204,5.990841,39.83477,0.25033507
0.57,0.10271277,0.04696673,5.989933,39.831585,0.25223842
0.58,0.103070304,0.047887802,5.9890227,39.828373,0.25414878
0.59,0.103428975,0.048815966,5.98811,39.82516,0.25606513
0.6,0.10378919,0.049750388,5.9871955,39.82194,0.25798818
0.61,0.10415003,0.05069053,5.986277,39.818703,0.25991762
0.62,0.104512006,0.051638126,5.9853554,39.81546,0.26185408
0.63,0.10487532,0.05259192,5.984432,39.812206,0.2637962
0.64,0.10524018,0.053551853,5.983505,39.80894,0.26574558
0.65,0.10560565,0.054519773,5.982577,39.805664,0.2677017
0.66,0.10597314,0.055497766,5.9816456,39.802372,0.26966447
0.67,0.106341265,0.056478024,5.9807105,39.799065,0.27163357
0.68,0.1067103,0.057466567,5.9797735,39.795753,0.27360982
0.69,0.10708135,0.058461905,5.9788313,39.79243,0.2755932
0.7,0.10745322,0.059464455,5.9778886,39.789085,0.27758342
0.71,0.10782637,0.060474694,5.976942,39.785744,0.27958024
0.72,0.10820024,0.061493754,5.9759917,39.782394,0.28158438
0.73,0.10857637,0.06251627,5.97504,39.77903,0.28359577
0.74,0.1089531,0.063547194,5.974085,39.775646,0.28561354
0.75,0.10933111,0.06458861,5.973128,39.772255,0.28763935
0.76,0.10971077,0.06563425,5.9721656,39.768856,0.28967193
0.77,0.11009142,0.06668782,5.9712014,39.765438,0.2917117
0.78,0.1104735,0.06775051,5.970233,39.762012,0.29375923
0.79,0.110856965,0.068820655,5.969261,39.75858,0.29581332
0.8,0.11124159,0.069895506,5.9682875,39.755127,0.2978756
0.81,0.111627206,0.07097608,5.9673114,39.75167,0.29994422
0.82,0.112014495,0.07206923,5.9663305,39.748207,0.30202103
0.83,0.11240314,0.073167324,5.965347,39.744728,0.30410597
0.84,0.11279298,0.07427603,5.9643598,39.741238,0.30619687
0.85,0.113183826,0.07538611,5.96337,39.737736,0.30829594
0.86,0.113576636,0.07650882,5.962375,39.734226,0.31040266
0.87,0.11397105,0.077641785,5.961379,39.73071,0.3125173
0.88,0.11436587,0.0787738,5.9603786,39.727158,0.3146388
0.89,0.11476202,0.07991755,5.9593754,39.72361,0.3167683
0.9,0.11516002,0.081070065,5.958369,39.720066,0.3189056
0.91,0.115559354,0.082228184,5.9573593,39.716496,0.32105052
0.92,0.11595994,0.083393335,5.9563446,39.71291,0.32320318
0.93,0.116361834,0.08456576,5.9553285,39.709316,0.32536352
0.94,0.11676558,0.085748434,5.954309,39.705723,0.3275316
0.95,0.11716993,0.0869329,5.953284,39.702103,0.32970715
0.96,0.11757612,0.08813399,5.952258,39.698483,0.3318911
0.97,0.11798337,0.089334786,5.9512258,39.694843,0.33408278
0.98,0.118392274,0.09054357,5.95019,39.691196,0.33628178
0.99,0.11880278,0.09176296,5.949152,39.68755,0.33848932
1.0,0.11921445,0.09298575,5.948111,39.68387,0.34070387
1.01,0.119627334,0.094218254,5.947065,39.68019,0.3429265
1.02,0.12004183,0.095455766,5.946016,39.6765,0.34515738
1.03,0.12045775,0.09670329,5.9449654,39.67279,0.34739593
1.04,0.12087515,0.09795433,5.9439096,39.669075,0.34964243
1.05,0.121293604,0.09921384,5.942848,39.665356,0.35189718
1.06,0.12171421,0.100482106,5.941786,39.66161,0.35415995
1.07,0.12213532,0.101756215,5.9407196,39.657856,0.3564298
1.08,0.122558326,0.10303676,5.939649,39.6541,0.35870814
1.09,0.1229829,0.104323566,5.9385743,39.65032,0.3609945
1.1,0.12340882,0.1056177,5.9374957,39.64653,0.36328852
1.11,0.123836055,0.10691959,5.9364157,39.64274,0.36559117
1.12,0.124264844,0.10822421,5.93533,39.63893,0.36790112
1.13,0.12469535,0.109540045,5.934242,39.635117,0.37021932
1.14,0.12512666,0.11085999,5.933149,39.631283,0.3725455
1.15,0.12556018,0.112185895,5.93205,39.627438,0.3748794
1.16,0.12599501,0.113517165,5.930951,39.62358,0.3772216
1.17,0.12643084,0.11485815,5.929847,39.61972,0.37957177
1.18,0.12686872,0.11620426,5.9287395,39.615837,0.38192946
1.19,0.12730743,0.117557526,5.927627,39.611954,0.38429555
1.2,0.12774818,0.11891371,5.9265113,39.60805,0.3866697
1.21,0.12819041,0.120277345,5.925392,39.60413,0.38905206
1.22,0.12863383,0.12164867,5.924269,39.60021,0.3914422
1.23,0.1290786,0.12302488,5.923142,39.596264,0.39384046
1.24,0.12952533,0.12440723,5.9220114,39.59232,0.39624652
1.25,0.12997311,0.12579632,5.9208775,39.588364,0.39866096
1.26,0.13042304,0.12718976,5.919739,39.584385,0.40108338
1.27,0.13087407,0.12858683,5.9185963,39.580406,0.4035138
1.28,0.13132653,0.12999249,5.9174514,39.57641,0.40595174
1.29,0.13178056,0.13140303,5.9163003,39.572407,0.40839818
1.3,0.13223636,0.13282025,5.9151473,39.568382,0.41085276
1.31,0.13269353,0.13424414,5.91399,39.564354,0.41331568
1.32,0.13315251,0.13566911,5.9128275,39.56031,0.4157857
1.33,0.1336121,0.13710392,5.9116635,39.55626,0.41826475
1.34,0.13407415,0.13854152,5.9104934,39.55219,0.4207514
1.35,0.13453737,0.1399849,5.9093204,39.54811,0.42324582
1.36,0.13500273,0.14143407,5.9081426,39.544025,0.42574927
1.37,0.13546863,0.14288878,5.906962,39.539913,0.4282596
1.38,0.13593692,0.14434779,5.9057765,39.5358,0.43077922
1.39,0.13640633,0.14581075,5.904588,39.53168,0.4333063
1.4,0.1368776,0.14728108,5.9033947,39.527542,0.43584153
1.41,0.13735013,0.14875346,5.902197,39.523388,0.4383846
1.42,0.1378248,0.15023306,5.900997,39.51923,0.44093588
1.43,0.13830085,0.15171602,5.8997917,39.515045,0.44349587
1.44,0.13877815,0.15320659,5.8985825,39.510857,0.4460635
1.45,0.13925742,0.15469897,5.897371,39.50666,0.4486394
1.46,0.13973796,0.15619603,5.8961544,39.502445,0.4512231
1.47,0.14022012,0.15769973,5.8949313,39.498222,0.45381573
1.48,0.14070427,0.15920803,5.893707,39.493988,0.45641583
1.49,0.14119014,0.16072243,5.892477,39.48974,0.45902425
1.5,0.1416773,0.16223872,5.891244,39.485477,0.4616416
1.51,0.14216569,0.16375792,5.8900065,39.4812,0.46426645
1.52,0.14265662,0.16528621,5.888766,39.47691,0.4669002
1.53,0.1431487,0.1668157,5.8875213,39.472607,0.46954146
1.54,0.14364251,0.16835025,5.8862734,39.468292,0.47219145
1.55,0.14413783,0.169889,5.8850193,39.463966,0.4748488
1.56,0.14463499,0.17143315,5.883761,39.459633,0.4775153
1.57,0.14513375,0.172981,5.8824997,39.45528,0.48019037
1.58,0.14563403,0.1745348,5.881234,39.45091,0.48287347
1.59,0.14613625,0.17609167,5.8799644,39.44653,0.4855643
1.6,0.14663994,0.1776503,5.8786893,39.44214,0.48826414
1.61,0.14714596,0.17921671,5.8774114,39.437737,0.49097186
1.62,0.14765286,0.18078598,5.8761296,39.43332,0.4936881
1.63,0.14816192,0.18235877,5.8748436,39.428894,0.49641308
1.64,0.14867267,0.1839394,5.873553,39.424446,0.4991469
1.65,0.1491852,0.18552014,5.872258,39.419994,0.5018889
1.66,0.14969909,0.18710652,5.870959,39.415524,0.50463885
1.67,0.15021509,0.18869728,5.869656,39.411037,0.5073971
1.68,0.15073246,0.19029346,5.868348,39.406536,0.5101647
1.69,0.15125221,0.19189057,5.867037,39.40203,0.5129407
1.7,0.15177296,0.193492,5.8657217,39.397507,0.5157249
1.71,0.1522962,0.19509861,5.864401,39.39298,0.5185178
1.72,0.15282044,0.19671106,5.8630776,39.388424,0.52131957
1.73,0.15334706,0.19832486,5.86175,39.38386,0.5241301
1.74,0.1538753,0.19994456,5.8604174,39.37929,0.5269487
1.75,0.15440513,0.201567,5.85908,39.3747,0.529777
1.76,0.15493642,0.20319611,5.8577394,39.3701,0.53261334
1.77,0.15547079,0.20482582,5.856395,39.365486,0.5354584
1.78,0.15600583,0.20646128,5.855045,39.36085,0.5383121
1.79,0.15654309,0.2080991,5.8536906,39.356194,0.54117477
1.8,0.15708265,0.209746,5.852332,39.351532,0.5440473
1.81,0.15762338,0.2113921,5.85097,39.346863,0.54692787
1.82,0.15816617,0.21304405,5.849602,39.34217,0.54981786
1.83,0.15871099,0.21470082,5.8482313,39.337467,0.55271643
1.84,0.15925714,0.21635816,5.8468556,39.33275,0.55562365
1.85,0.15980577,0.21802437,5.845476,39.32802,0.5585403
1.86,0.16035579,0.21969342,5.8440924,39.323265,0.56146616
1.87,0.16090794,0.22136259,5.842703,39.31851,0.56440073
1.88,0.16146187,0.22304088,5.841309,39.313732,0.5673445
1.89,0.16201773,0.2247172,5.839912,39.30894,0.5702974
1.9,0.16257557,0.22640657,5.8385096,39.304142,0.57325983
1.91,0.16313529,0.2280944,5.837102,39.299328,0.5762316
1.92,0.16369736,0.22978842,5.835692,39.294483,0.57921255
1.93,0.16426043,0.23148465,5.8342757,39.289635,0.58220226
1.94,0.16482648,0.23318726,5.8328557,39.284767,0.58520186
1.95,0.16539347,0.23489162,5.83143,39.279892,0.5882107
1.96,0.16596308,0.23660201,5.830002,39.274994,0.5912287
1.97,0.16653451,0.23831579,5.828567,39.270084,0.5942564
1.98,0.16710812,0.24003667,5.827129,39.26516,0.5972939
1.99,0.16768314,0.24175712,5.825687,39.26022,0.60034025
2.0,0.16826043,0.24348575,5.8242393,39.25526,0.6033967
2.01,0.16883978,0.24521714,5.822787,39.250282,0.6064625
2.02,0.16942099,0.24695206,5.8213305,39.245296,0.60953826
2.03,0.17000414,0.24869448,5.8198695,39.240295,0.6126238
2.04,0.17058942,0.25043708,5.8184032,39.235287,0.61571896
2.05,0.17117679,0.2521871,5.8169327,39.230244,0.6188236
2.06,0.17176643,0.2539426,5.815458,39.22519,0.6219385
2.07,0.17235747,0.25569856,5.813978,39.220127,0.6250625
2.08,0.17295098,0.25746274,5.812494,39.215042,0.62819725
2.09,0.17354682,0.2592322,5.811004,39.209946,0.6313416
2.1,0.17414433,0.26100498,5.80951,39.20483,0.63449645
2.11,0.17474407,0.2627847,5.808012,39.199703,0.63766074
2.12,0.17534569,0.2645651,5.806507,39.194557,0.6408357
2.13,0.17594978,0.2663505,5.805001,39.189392,0.6440205
2.14,0.17655574,0.26814252,5.8034883,39.184216,0.6472153
2.15,0.17716393,0.26993793,5.8019695,39.179012,0.65042067
2.16,0.17777392,0.27174157,5.800447,39.173805,0.65363616
2.17,0.17838621,0.2735452,5.7989197,39.168575,0.6568615
2.18,0.17900035,0.27535546,5.797388,39.163334,0.6600974
2.19,0.17961718,0.277172,5.7958508,39.15806,0.6633444
2.2,0.18023576,0.27899447,5.794307,39.152786,0.66660106
2.21,0.1808568,0.28081995,5.7927613,39.147488,0.6698682
2.22,0.18147944,0.28265038,5.7912107,39.14218,0.6731461
2.23,0.1821049,0.28448614,5.789654,39.13685,0.6764346
2.24,0.18273203,0.28632677,5.7880926,39.1315,0.6797333
2.25,0.18336175,0.28817314,5.786526,39.12614,0.683043
2.26,0.18399328,0.29002547,5.7849545,39.120747,0.6863637
2.27,0.18462752,0.29188398,5.7833776,39.115356,0.6896952
2.28,0.18526359,0.29374352,5.7817965,39.10994,0.6930364
2.29,0.18590175,0.2956115,5.78021,39.104504,0.6963895
2.3,0.18654251,0.29748538,5.7786183,39.09905,0.6997533
2.31,0.1871849,0.29936317,5.777024,39.093582,0.7031278
2.32,0.18783005,0.30124697,5.7754216,39.0881,0.70651394
2.33,0.18847728,0.30313557,5.7738147,39.082596,0.7099099
2.34,0.18912706,0.30502963,5.7722025,39.07707,0.7133177
2.35,0.18977906,0.30693132,5.770587,39.07153,0.7167369
2.36,0.19043288,0.308836,5.768965,39.06598,0.72016627
2.37,0.19108915,0.3107469,5.7673373,39.060387,0.7236077
2.38,0.19174802,0.3126642,5.765705,39.054794,0.72706
2.39,0.19240889,0.3145879,5.7640676,39.049183,0.73052347
2.4,0.19307193,0.3165176,5.762425,39.04355,0.73399925
2.41,0.19373761,0.3184503,5.760778,39.03791,0.7374855
2.42,0.1944054,0.3203901,5.759124,39.032234,0.7409833
2.43,0.1950756,0.32233605,5.757466,39.02655,0.74449235
2.44,0.19574824,0.32428953,5.755802,39.02085,0.74801344
2.45,0.19642298,0.3262466,5.754134,39.01513,0.7515454
2.46,0.19710034,0.32821107,5.75246,39.009384,0.75508934
2.47,0.1977797,0.3301807,5.750781,39.00362,0.758645
2.48,0.19846159,0.33215758,5.7490964,38.99784,0.76221204
2.49,0.19914588,0.33413714,5.7474065,38.992046,0.7657909
2.5,0.19983216,0.3361257,5.745712,38.98622,0.7693816
2.51,0.20052126,0.3381239,5.7440124,38.98039,0.77298397
2.52,0.20121273,0.34012246,5.742306,38.974533,0.7765982
2.53,0.20190656,0.34212953,5.740594,38.968662,0.7802246
2.54,0.20260274,0.3441435,5.7388783,38.962765,0.7838628
2.55,0.20330125,0.34616172,5.7371554,38.95685,0.78751296
2.56,0.20400229,0.34818998,5.73543,38.950916,0.7911754
2.57,0.20470552,0.3502225,5.733696,38.944965,0.79484975
2.58,0.20541148,0.35226253,5.731959,38.938995,0.79853594
2.59,0.20611964,0.35430652,5.730214,38.933002,0.80223495
2.6,0.20683049,0.35635805,5.7284656,38.92699,0.8059452
2.61,0.20754367,0.35841736,5.7267103,38.92096,0.80966836
2.62,0.20825915,0.36048236,5.7249494,38.914906,0.8134036
2.63,0.20897739,0.3625553,5.7231846,38.90884,0.8171514
2.64,0.20969781,0.3646329,5.721413,38.90275,0.8209113
2.65,0.2104209,0.36672083,5.7196355,38.896633,0.8246837
2.66,0.21114643,0.3688124,5.717853,38.8905,0.8284693
2.67,0.2118741,0.37091252,5.716065,38.884354,0.83226687
2.68,0.2126049,0.37301776,5.714272,38.878178,0.8360762
2.69,0.21333759,0.37512955,5.7124734,38.871998,0.8398988
2.7,0.21407321,0.37724933,5.7106676,38.865772,0.8437336
2.71,0.21481153,0.37937868,5.708857,38.859543,0.84758204
2.72,0.2155521,0.38151246,5.7070417,38.85329,0.8514423
2.73,0.2162951,0.3836517,5.7052197,38.84703,0.85531527
2.74,0.21704063,0.385802,5.7033925,38.840725,0.8592017
2.75,0.21778859,0.3879555,5.701558,38.834423,0.8631003
2.76,0.21853934,0.39011562,5.699719,38.828075,0.8670118
2.77,0.21929257,0.39228654,5.697875,38.821724,0.87093675
2.78,0.22004828,0.39446518,5.696024,38.815342,0.8748749
2.79,0.22080685,0.39664882,5.694166,38.80895,0.878825
2.8,0.2215679,0.3988404,5.692305,38.802532,0.8827886
2.81,0.22233132,0.40104073,5.690437,38.796093,0.8867653
2.82,0.22309726,0.40324423,5.6885643,38.789635,0.8907553
2.83,0.22386606,0.4054575,5.6866837,38.783154,0.8947579
2.84,0.2246371,0.407677,5.6847982,38.776653,0.89877385
2.85,0.22541085,0.4099058,5.682907,38.770123,0.9028033
2.86,0.2261875,0.41214466,5.6810102,38.763584,0.9068457
2.87,0.22696644,0.4143849,5.6791067,38.757008,0.9109018
2.88,0.2277488,0.41663718,5.6771965,38.750423,0.9149707
2.89,0.22853287,0.41889542,5.675283,38.743816,0.91905373
2.9,0.2293197,0.4211631,5.673362,38.737183,0.92314935
2.91,0.2301094,0.42343527,5.671434,38.730522,0.9272592
2.92,0.2309022,0.4257174,5.669502,38.723854,0.93138194
2.93,0.23169714,0.4280063,5.6675625,38.71716,0.9355188
2.94,0.23249452,0.43030334,5.665619,38.710438,0.93966836
2.95,0.23329481,0.43260908,5.663668,38.7037,0.94383264
2.96,0.23409776,0.4349207,5.6617103,38.696934,0.94800985
2.97,0.23490351,0.43724304,5.6597466,38.69014,0.9522012
2.98,0.2357121,0.43957102,5.6577773,38.68333,0.95640534
2.99,0.2365226,0.44190806,5.6558037,38.67651,0.9606238
3.0,0.23733652,0.44425368,5.6538215,38.66965,0.9648565
3.01,0.23815309,0.44660512,5.6518345,38.66278,0.9691031
3.02,0.23897222,0.4489646,5.649841,38.655884,0.9733624
3.03,0.23979385,0.45133287,5.647842,38.64897,0.9776363
3.04,0.24061868,0.45370907,5.645837,38.642025,0.9819238
3.05,0.24144599,0.45609516,5.6438246,38.635063,0.98622584
3.06,0.24227586,0.45848924,5.641806,38.62808,0.99054235
3.07,0.24310875,0.46089113,5.639783,38.621067,0.9948717
3.08,0.24394456,0.4632989,5.637752,38.61404,0.9992162
3.09,0.24478288,0.4657166,5.6357155,38.60698,1.0035745
3.1,0.24562411,0.46814215,5.633673,38.59992,1.007947
3.11,0.24646807,0.47057825,5.6316237,38.592815,1.0123334
3.12,0.2473147,0.47301948,5.6295686,38.58569,1.0167341
3.13,0.24816416,0.47547126,5.627507,38.578545,1.0211493
3.14,0.24901631,0.47792894,5.625439,38.571377,1.0255783
3.15,0.24987161,0.48039812,5.6233644,38.564175,1.0300225
3.16,0.2507293,0.48287377,5.6212845,38.55696,1.0344805
3.17,0.25158966,0.48535812,5.619198,38.54973,1.0389528
3.18,0.2524532,0.48785043,5.617104,38.54246,1.0434394
3.19,0.25331965,0.49035302,5.6150036,38.535175,1.0479413
3.2,0.25418878,0.49286446,5.6128983,38.527866,1.0524578
3.21,0.25506103,0.49538195,5.6107864,38.52054,1.0569882
3.22,0.25593585,0.49790958,5.608668,38.513176,1.0615336
3.23,0.2568134,0.5004457,5.606542,38.5058,1.0660932
3.24,0.25769386,0.5029901,5.60441,38.498386,1.0706677
3.25,0.25857717,0.5055411,5.6022725,38.49096,1.0752568
3.26,0.25946373,0.5081055,5.6001287,38.483513,1.0798614
3.27,0.26035276,0.5106776,5.597977,38.476048,1.08448
3.28,0.26124477,0.5132564,5.59582,38.468544,1.0891138
3.29,0.2621398,0.5158441,5.5936556,38.46101,1.0937622
3.3,0.26303768,0.51844347,5.5914845,38.45347,1.0984256
3.31,0.2639386,0.52104807,5.5893073,38.445904,1.103104
3.32,0.2648418,0.5236623,5.587124,38.43829,1.1077971
3.33,0.26574874,0.5262861,5.5849347,38.43068,1.1125054
3.34,0.26665843,0.52892065,5.582738,38.423027,1.1172286
3.35,0.26757073,0.53156185,5.5805345,38.415367,1.1219671
3.36,0.26848632,0.53421247,5.578325,38.407658,1.126721
3.37,0.2694047,0.53686976,5.5761075,38.399952,1.1314893
3.38,0.2703258,0.5395409,5.5738845,38.392204,1.1362736
3.39,0.27125043,0.5422204,5.5716558,38.38443,1.1410726
3.4,0.27217746,0.5449049,5.5694175,38.37664,1.1458869
3.41,0.2731079,0.5476038,5.5671744,38.36883,1.150717
3.42,0.27404118,0.55030745,5.564924,38.36098,1.1555618
3.43,0.27497745,0.5530221,5.562668,38.35312,1.1604227
3.44,0.27591658,0.55574673,5.560405,38.34523,1.165298
3.45,0.27685896,0.5584808,5.5581336,38.33732,1.1701894
3.46,0.2778042,0.5612238,5.555857,38.329365,1.1750965
3.47,0.27875245,0.5639736,5.5535736,38.3214,1.1800187
3.48,0.27970377,0.5667352,5.551283,38.313404,1.1849564
3.49,0.28065813,0.56950516,5.5489855,38.3054,1.1899096
3.5,0.28161573,0.572284,5.5466795,38.29735,1.1948792
3.51,0.28257635,0.5750739,5.5443687,38.289284,1.1998636
3.52,0.28354,0.5778706,5.5420523,38.281193,1.2048644
3.53,0.28450686,0.5806798,5.5397277,38.273064,1.20988
3.54,0.2854763,0.5834967,5.5373955,38.26492,1.2149122
3.55,0.28644925,0.5863235,5.5350566,38.25676,1.2199599
3.56,0.28742492,0.5891591,5.5327115,38.24856,1.2250239
3.57,0.28840455,0.59200716,5.5303593,38.24034,1.2301037
3.58,0.2893867,0.5948616,5.528,38.232086,1.2351986
3.59,0.29037207,0.5977287,5.525633,38.223816,1.2403107
3.6,0.29136047,0.6006026,5.5232596,38.215515,1.2454373
3.61,0.2923522,0.6034853,5.5208797,38.20719,1.250581
3.62,0.29334658,0.60637903,5.518492,38.198837,1.2557409
3.63,0.29434472,0.6092839,5.516099,38.19046,1.2609164
3.64,0.29534596,0.61219746,5.5136967,38.18205,1.266108
3.65,0.29635018,0.6151209,5.511287,38.173615,1.2713171
3.66,0.2973578,0.6180552,5.5088735,38.16516,1.2765415
3.67,0.29836845,0.62099636,5.5064507,38.15668,1.2817812
3.68,0.29938233,0.6239521,5.5040207,38.148167,1.2870383
3.69,0.30039954,0.6269121,5.5015836,38.13963,1.292312
3.7,0.30141973,0.6298852,5.4991417,38.131077,1.2976009
3.71,0.3024432,0.6328675,5.49669,38.122482,1.3029077
3.72,0.30347055,0.63586146,5.4942327,38.11386,1.3082306
3.73,0.30450052,0.6388641,5.4917665,38.105217,1.3135697
3.74,0.30553412,0.6418772,5.489295,38.09655,1.3189251
3.75,0.30657077,0.6448999,5.4868145,38.087852,1.3242979
3.76,0.30761045,0.64793307,5.4843273,38.07912,1.3296869
3.77,0.30865395,0.6509759,5.481833,38.07037,1.3350923
3.78,0.30970073,0.65402937,5.479332,38.061592,1.3405155
3.79,0.31075013,0.6570918,5.4768233,38.052788,1.3459541
3.8,0.31180376,0.660165,5.474307,38.043945,1.3514104
3.81,0.31286007,0.6632478,5.471784,38.035084,1.3568826
3.82,0.31392008,0.6663437,5.4692526,38.026203,1.3623729
3.83,0.3149835,0.6694491,5.4667163,38.01729,1.3678793
3.84,0.31604987,0.6725641,5.4641695,38.008335,1.3734028
3.85,0.31711996,0.6756886,5.4616175,37.99937,1.3789434
3.86,0.31819326,0.6788244,5.4590573,37.990368,1.3845017
3.87,0.31927013,0.68196934,5.4564905,37.981342,1.3900763
3.88,0.32035077,0.6851261,5.453916,37.97228,1.3956677
3.89,0.32143408,0.68829405,5.451332,37.963203,1.4012775
3.9,0.32252127,0.6914713,5.448743,37.954086,1.4069033
3.91,0.32361192,0.69465804,5.4461455,37.944946,1.4125469
3.92,0.32470578,0.69785666,5.443541,37.935787,1.4182081
3.93,0.32580322,0.701067,5.4409285,37.926582,1.4238862
3.94,0.32690406,0.70428586,5.4383097,37.917366,1.4295818
3.95,0.32800865,0.70751625,5.4356813,37.90811,1.4352951
3.96,0.32911658,0.7107579,5.4330473,37.898827,1.4410261
3.97,0.33022785,0.714008,5.430405,37.889523,1.446774
3.98,0.331343,0.7172705,5.4277554,37.88018,1.4525394
3.99,0.33246148,0.72054714,5.425098,37.870815,1.4583226
4.0,0.33358365,0.7238291,5.422433,37.86142,1.4641237
4.01,0.33470935,0.7271246,5.41976,37.851986,1.4699428
4.02,0.33583826,0.73042935,5.4170794,37.84253,1.4757794
4.03,0.33697122,0.7337483,5.414392,37.833057,1.4816334
4.04,0.33810776,0.7370757,5.4116964,37.82354,1.4875056
4.05,0.33924747,0.7404164,5.4089923,37.814,1.493396
4.06,0.34039134,0.7437651,5.4062815,37.804424,1.499303
4.07,0.34153855,0.747126,5.403563,37.794823,1.5052295
4.08,0.3426895,0.75049794,5.400837,37.7852,1.511173
4.09,0.34384376,0.75388145,5.398102,37.77554,1.5171353
4.1,0.34500235,0.7572753,5.3953595,37.76585,1.5231147
4.11,0.34616375,0.7606847,5.3926096,37.756138,1.5291135
4.12,0.34732974,0.76410013,5.389852,37.746387,1.5351303
4.13,0.34849852,0.7675282,5.387087,37.736607,1.5411652
4.14,0.34967208,0.77096844,5.3843136,37.72681,1.5472178
4.15,0.35084856,0.77441853,5.3815327,37.716965,1.553289
4.16,0.35202914,0.7778812,5.3787436,37.707108,1.5593787
4.17,0.35321355,0.7813562,5.3759456,37.697197,1.5654869
4.18,0.3544014,0.7848393,5.373142,37.68728,1.5716138
4.19,0.3555931,0.788339,5.3703294,37.677326,1.5777597
4.2,0.3567887,0.7918472,5.367509,37.667343,1.5839227
4.21,0.35798806,0.79536766,5.3646793,37.657307,1.5901055
4.22,0.35919118,0.7988986,5.3618436,37.64727,1.596307
4.23,0.3603986,0.802441,5.358999,37.637196,1.6025265
4.24,0.36160916,0.805998,5.3561454,37.627083,1.6087652
4.25,0.36282367,0.8095639,5.353284,37.616932,1.6150225
4.26,0.36404282,0.8131451,5.350415,37.606766,1.6212989
4.27,0.36526537,0.8167346,5.3475385,37.596573,1.6275948
4.28,0.36649185,0.82033575,5.3446536,37.58633,1.6339093
4.29,0.36772197,0.8239504,5.3417606,37.57607,1.6402426
4.3,0.3689562,0.8275757,5.3388596,37.565777,1.6465946
4.31,0.37019438,0.83121556,5.33595,37.555447,1.6529664
4.32,0.3714366,0.83486617,5.333033,37.545097,1.6593564
4.33,0.37268263,0.8385252,5.3301067,37.53471,1.6657659
4.34,0.37393284,0.84219986,5.327173,37.524284,1.6721954
4.35,0.37518692,0.8458886,5.324232,37.51384,1.6786436
4.36,0.37644535,0.8495872,5.321281,37.50335,1.6851116
4.37,0.37770742,0.85329866,5.3183217,37.49283,1.6915995
4.38,0.37897354,0.85702294,5.315355,37.482292,1.6981064
4.39,0.38024384,0.8607589,5.312381,37.471718,1.704632
4.4,0.381518,0.864505,5.3093977,37.461098,1.711178
4.41,0.38279653,0.8682675,5.3064055,37.450462,1.7177433
4.42,0.38407874,0.8720393,5.3034067,37.439785,1.7243288
4.43,0.3853655,0.8758254,5.300397,37.429073,1.7309337
4.44,0.3866558,0.87962174,5.297381,37.418346,1.7375579
4.45,0.38795108,0.88343525,5.2943554,37.407566,1.7442029
4.46,0.38924986,0.88725686,5.2913218,37.396767,1.7508668
4.47,0.39055306,0.8910923,5.28828,37.385933,1.7575507
4.48,0.3918602,0.894943,5.285229,37.375057,1.7642555
4.49,0.3931721,0.8988045,5.2821712,37.36416,1.7709799
4.5,0.3944878,0.90267587,5.279105,37.353233,1.7777236
4.51,0.39580774,0.9065653,5.2760277,37.34226,1.7844894
4.52,0.39713192,0.91046405,5.272943,37.331253,1.7912731
4.53,0.39846033,0.9143788,5.2698507,37.320232,1.7980782
4.54,0.3997931,0.9183028,5.266751,37.309162,1.8049031
4.55,0.40112978,0.92224216,5.2636404,37.298054,1.811749
4.56,0.402471,0.9261959,5.2605224,37.286938,1.8186145
4.57,0.40381706,0.9301618,5.2573957,37.27577,1.8255017
4.58,0.40516698,0.9341384,5.2542596,37.264565,1.8324078
4.59,0.4065212,0.9381294,5.2511163,37.253334,1.8393348
4.6,0.40788013,0.942137,5.247963,37.24207,1.8462836
4.61,0.40924263,0.9461545,5.244802,37.230762,1.8532525
4.62,0.41061002,0.9501852,5.2416315,37.21943,1.8602419
4.63,0.4119817,0.9542295,5.238453,37.208073,1.8672521
4.64,0.41335803,0.9582859,5.2352643,37.196663,1.8742828
4.65,0.41473836,0.96236205,5.2320685,37.185226,1.8813345
4.66,0.41612303,0.9664457,5.2288632,37.173756,1.8884068
4.67,0.41751295,0.97054654,5.2256494,37.16225,1.8955013
4.68,0.41890728,0.97465956,5.222427,37.15072,1.9026158
4.69,0.4203056,0.97878355,5.2191963,37.139133,1.9097521
4.7,0.4217087,0.9829246,5.215957,37.12753,1.9169079
4.71,0.42311615,0.98708105,5.212707,37.11589,1.9240878
4.72,0.424528,0.9912482,5.20945,37.104214,1.9312861
4.73,0.42594486,0.9954293,5.206183,37.09249,1.9385074
4.74,0.42736554,0.99962723,5.2029076,37.080746,1.9457498
4.75,0.4287914,1.0038342,5.1996236,37.06897,1.9530123
4.76,0.43022215,1.008058,5.196331,37.057163,1.960298
4.77,0.43165672,1.0122975,5.193029,37.045303,1.9676042
4.78,0.43309623,1.0165486,5.1897163,37.033413,1.9749323
4.79,0.4345404,1.0208166,5.186396,37.0215,1.9822825
4.8,0.43598926,1.0250987,5.1830688,37.009537,1.9896537
4.81,0.43744248,1.0293914,5.17973,36.997547,1.9970458
4.82,0.43890083,1.0337026,5.1763835,36.985527,2.0044606
4.83,0.44036347,1.0380267,5.173027,36.973457,2.011898
4.84,0.4418313,1.0423654,5.169663,36.96135,2.0193565
4.85,0.44330347,1.04672,5.1662884,36.949226,2.0268362
4.86,0.4447804,1.0510843,5.1629066,36.93705,2.0343394
4.87,0.44626194,1.0554672,5.1595125,36.92484,2.0418632
4.88,0.44774872,1.0598664,5.1561112,36.912605,2.0494099
4.89,0.4492399,1.0642768,5.1527014,36.90032,2.0569787
4.9,0.45073605,1.0687037,5.1492815,36.888004,2.0645697
4.91,0.4522369,1.0731444,5.145853,36.87565,2.072183
4.92,0.45374268,1.0776016,5.1424155,36.86326,2.0798182
4.93,0.45525312,1.0820701,5.138968,36.85084,2.087476
4.94,0.4567687,1.086559,5.1355124,36.83837,2.0951564
4.95,0.4582888,1.091059,5.1320467,36.825874,2.1028605
4.96,0.4598139,1.0955737,5.128572,36.813347,2.110585
4.97,0.461344,1.1001053,5.1250877,36.800774,2.118333
4.98,0.46287918,1.1046503,5.121597,36.78816,2.1261036
4.99,0.46441907,1.109216,5.118093,36.775517,2.1338966
5.0,0.46596384,1.1137915,5.114582,36.76283,2.141713
5.01,0.46751374,1.1183841,5.1110606,36.75011,2.1495526
5.02,0.46906847,1.1229937,5.10753,36.73736,2.157414
5.03,0.47062844,1.1276153,5.10399,36.724556,2.165298
5.04,0.47219288,1.1322562,5.1004424,36.711723,2.1732059
5.05,0.47376305,1.1369112,5.0968843,36.69885,2.1811361
5.06,0.47533745,1.141581,5.093316,36.685947,2.189089
5.07,0.47691774,1.1462673,5.0897384,36.672997,2.1970668
5.08,0.47850263,1.1509686,5.086152,36.66002,2.2050662
5.09,0.48009264,1.1556873,5.082556,36.646988,2.213089
5.1,0.48168772,1.1604209,5.0789514,36.63393,2.2211359
5.11,0.4832881,1.1651702,5.075338,36.62083,2.2292051
5.12,0.4848932,1.169936,5.071712,36.607697,2.2372985
5.13,0.4865033,1.1747166,5.068078,36.594517,2.245415
5.14,0.4881193,1.1795143,5.064435,36.581306,2.2535553
5.15,0.48973984,1.1843288,5.0607824,36.568058,2.2617192
5.16,0.4913661,1.1891617,5.057121,36.554764,2.269907
5.17,0.4929968,1.1940066,5.0534496,36.541435,2.2781167
5.18,0.49463338,1.1988709,5.049768,36.528076,2.2863522
5.19,0.4962752,1.2037491,5.046077,36.514656,2.2946107
5.2,0.49792176,1.2086444,5.0423765,36.501217,2.302892
5.21,0.4995736,1.2135572,5.0386667,36.487732,2.3111994
5.22,0.50123125,1.2184854,5.034947,36.474216,2.3195286
5.23,0.5028936,1.2234309,5.031218,36.46065,2.3278825
5.24,0.5045615,1.2283933,5.0274787,36.447033,2.3362598
5.25,0.50623477,1.233371,5.0237308,36.433395,2.3446627
5.26,0.5079132,1.2383682,5.0199723,36.419724,2.3530893
5.27,0.5095967,1.2433792,5.0162044,36.40599,2.3615396
5.28,0.5112861,1.2484101,5.0124273,36.39223,2.3700137
5.29,0.5129807,1.2534573,5.00864,36.37843,2.3785133
5.3,0.5146806,1.2585193,5.0048428,36.3646,2.3870366
5.31,0.51638573,1.2636025,5.001036,36.35072,2.3955846
5.32,0.51809657,1.2686973,4.9972205,36.33679,2.4041562
5.33,0.5198122,1.2738106,4.993394,36.32283,2.4127529
5.34,0.5215342,1.2789431,4.989558,36.308834,2.4213743
5.35,0.5232612,1.2840953,4.985713,36.29479,2.4300203
5.36,0.5249934,1.2892598,4.9818573,36.280712,2.438691
5.37,0.52673113,1.2944438,4.9779925,36.266586,2.447385
5.38,0.5284742,1.2996438,4.974118,36.252426,2.4561055
5.39,0.53022337,1.3048658,4.970233,36.238224,2.4648507
5.4,0.5319775,1.3101007,4.9663396,36.22397,2.47362
5.41,0.53373766,1.3153584,4.9624352,36.209686,2.4824145
5.42,0.5355032,1.3206296,4.9585204,36.195362,2.4912348
5.43,0.53727406,1.3259207,4.9545965,36.181004,2.5000794
5.44,0.5390506,1.3312254,4.9506626,36.166588,2.5089486
5.45,0.5408329,1.3365542,4.946718,36.152145,2.5178432
5.46,0.5426201,1.3418975,4.942765,36.137646,2.526764
5.47,0.54441375,1.3472593,4.9388022,36.12312,2.5357091
5.48,0.5462128,1.3526394,4.9348288,36.108543,2.5446799
5.49,0.54801714,1.3580363,4.930845,36.093933,2.5536752
5.5,0.5498277,1.3634543,4.9268513,36.079266,2.5626967
5.51,0.5516433,1.3688884,4.922848,36.064568,2.571743
5.52,0.5534647,1.3743405,4.918835,36.049835,2.5808156
5.53,0.5552924,1.3798145,4.914811,36.035057,2.5899138
5.54,0.55712503,1.385304,4.9107795,36.020226,2.5990374
5.55,0.5589638,1.3908106,4.9067364,36.005352,2.6081858
5.56,0.5608082,1.3963389,4.902683,35.990448,2.6173604
5.57,0.56265825,1.4018835,4.8986197,35.975494,2.626561
5.58,0.5645141,1.407449,4.8945456,35.960503,2.635788
5.59,0.566376,1.4130317,4.8904634,35.945457,2.6450396
5.6,0.5682432,1.4186316,4.8863697,35.930386,2.6543179
5.61,0.5701166,1.4242532,4.8822675,35.915264,2.6636226
5.62,0.5719958,1.4298909,4.8781533,35.90011,2.6729517
5.63,0.5738807,1.4355519,4.87403,35.884895,2.6823084
5.64,0.575771,1.441228,4.8698964,35.869644,2.69169
5.65,0.577668,1.4469253,4.8657527,35.854347,2.7010992
5.66,0.5795699,1.4526411,4.861599,35.839012,2.7105336
5.67,0.5814783,1.4583762,4.8574367,35.823635,2.7199948
5.68,0.5833924,1.4641297,4.853262,35.808212,2.729482
5.69,0.58531225,1.4699035,4.8490787,35.79274,2.7389953
5.7,0.5872384,1.4756958,4.844885,35.777237,2.7485354
5.71,0.58917016,1.4815077,4.8406796,35.76169,2.7581022
5.72,0.5911084,1.4873396,4.8364663,35.74609,2.7676945
5.73,0.5930519,1.4931903,4.8322425,35.730434,2.7773147
5.74,0.5950015,1.4990616,4.828007,35.71476,2.7869601
5.75,0.5969572,1.5049529,4.823762,35.69903,2.7966344
5.76,0.59891886,1.5108632,4.8195076,35.68325,2.806333
5.77,0.6008866,1.5167927,4.8152423,35.66743,2.8160594
5.78,0.6028604,1.5227449,4.810967,35.65158,2.825813
5.79,0.6048402,1.5287127,4.8066816,35.635666,2.8355932
5.8,0.60682595,1.5347025,4.8023863,35.619717,2.8454006
5.81,0.60881793,1.5407132,4.7980804,35.60372,2.8552337
5.82,0.6108157,1.5467447,4.793764,35.58768,2.8650959
5.83,0.6128197,1.5527934,4.7894373,35.571594,2.8749833
5.84,0.61483,1.5588671,4.785101,35.555466,2.8848991
5.85,0.61684626,1.5649563,4.780754,35.53929,2.8948417
5.86,0.6188684,1.5710667,4.776397,35.52307,2.9048116
5.87,0.6208965,1.5771989,4.77203,35.5068,2.9148073
5.88,0.62293154,1.5833497,4.7676525,35.49049,2.924832
5.89,0.6249719,1.5895241,4.7632647,35.47414,2.9348834
5.9,0.6270191,1.5957165,4.758867,35.45775,2.9449632
5.91,0.62907225,1.6019292,4.7544575,35.44129,2.9550698
5.92,0.6311313,1.6081631,4.7500396,35.424805,2.965204
5.93,0.6331975,1.614422,4.7456107,35.408268,2.975366
5.94,0.63526905,1.6206956,4.741171,35.391678,2.9855554
5.95,0.6373471,1.6269937,4.7367215,35.375053,2.9957721
5.96,0.63943136,1.6333089,4.7322607,35.358387,3.006017
5.97,0.64152193,1.6396511,4.727792,35.341663,3.0162902
5.98,0.6436186,1.646009,4.7233095,35.324894,3.02659
5.99,0.64572185,1.6523925,4.718821,35.308083,3.0369196
6.0,0.6478315,1.6587944,4.714319,35.291225,3.0472753
6.01,0.64994735,1.665217,4.709807,35.274323,3.0576594
6.02,0.65206903,1.6716602,4.705285,35.257374,3.0680723
6.03,0.65419734,1.6781282,4.700753,35.24037,3.0785131
6.04,0.65633243,1.684617,4.6962123,35.223328,3.0889819
6.05,0.65847343,1.6911244,4.691658,35.20623,3.0994787
6.06,0.6606209,1.6976558,4.6870947,35.1891,3.1100028
6.07,0.66277504,1.7042075,4.682521,35.171913,3.1205566
6.08,0.6649353,1.7107811,4.6779375,35.15469,3.1311383
6.09,0.6671021,1.7173784,4.673342,35.137413,3.1417487
6.1,0.6692756,1.7239952,4.668739,35.12007,3.1523857
6.11,0.6714552,1.7306341,4.6641226,35.102707,3.163054
6.12,0.6736413,1.737296,4.6594973,35.085285,3.1737494
6.13,0.6758339,1.7439777,4.654861,35.067818,3.1844733
6.14,0.67803335,1.7506834,4.650216,35.050297,3.1952262
6.15,0.6802389,1.7574105,4.6455593,35.032738,3.2060077
6.16,0.68245095,1.7641586,4.6408925,35.015125,3.2168179
6.17,0.68466973,1.7709314,4.636213,34.99746,3.2276566
6.18,0.68689483,1.7777251,4.6315265,34.979755,3.2385242
6.19,0.68912673,1.7845414,4.6268277,34.962006,3.2494214
6.2,0.69136506,1.7913817,4.6221194,34.9442,3.2603474
6.21,0.69361055,1.7982429,4.6173997,34.92635,3.271302
6.22,0.6958618,1.8051249,4.61267,34.908447,3.282285
6.23,0.69812053,1.8120309,4.60793,34.890503,3.2932978
6.24,0.70038503,1.8189615,4.603181,34.872517,3.304339
6.25,0.70265657,1.8259108,4.5984197,34.85447,3.3154106
6.26,0.7049349,1.832886,4.593647,34.836372,3.3265119
6.27,0.70721966,1.8398838,4.5888653,34.81823,3.337641
6.28,0.7095114,1.8469013,4.584073,34.800045,3.3488
6.29,0.7118096,1.8539441,4.579271,34.781807,3.3599865
6.3,0.7141146,1.8610107,4.5744586,34.76352,3.3712056
6.31,0.71642655,1.8681004,4.5696354,34.745174,3.3824525
6.32,0.71874464,1.8752116,4.564801,34.726788,3.3937294
6.33,0.7210698,1.8823454,4.5599566,34.708355,3.4050348
6.34,0.72340256,1.8895041,4.5551014,34.68987,3.416372
6.35,0.7257414,1.8966864,4.550237,34.671333,3.427737
6.36,0.7280868,1.9038914,4.5453615,34.65274,3.439133
6.37,0.73043907,1.9111197,4.540474,34.63412,3.4505568
6.38,0.73279864,1.9183698,4.5355783,34.61543,3.462012
6.39,0.73516494,1.9256458,4.5306716,34.596706,3.4734957
6.4,0.7375381,1.9329455,4.525753,34.57791,3.485012
6.41,0.7399179,1.9402677,4.520825,34.55908,3.496556
6.42,0.742305,1.9476157,4.5158873,34.5402,3.508131
6.43,0.74469864,1.9549847,4.5109377,34.521255,3.5197346
6.44,0.7470994,1.9623791,4.505979,34.502277,3.5313704
6.45,0.74950635,1.969795,4.5010085,34.48325,3.5430343
6.46,0.7519216,1.9772383,4.4960294,34.46416,3.5547302
6.47,0.75434273,1.9847021,4.4910383,34.445026,3.5664544
6.48,0.75677145,1.9921927,4.486038,34.42585,3.5782104
6.49,0.7592067,1.9997059,4.4810266,34.406612,3.5899956
6.5,0.76164985,2.0072465,4.4760046,34.38732,3.6018126
6.51,0.7640991,2.0148067,4.4709716,34.367985,3.6136591
6.52,0.76655567,2.0223937,4.465929,34.348595,3.6255364
6.53,0.76901907,2.030005,4.460875,34.329155,3.6374438
6.54,0.77149,2.0376415,4.455811,34.309666,3.6493819
6.55,0.7739682,2.0453005,4.4507365,34.290123,3.6613514
6.56,0.7764532,2.0529852,4.4456515,34.270535,3.6733499
6.57,0.7789451,2.0606935,4.440557,34.25089,3.6853807
6.58,0.78144425,2.068427,4.4354515,34.231194,3.697441
6.59,0.7839503,2.0761876,4.430335,34.21145,3.709533
6.6,0.7864643,2.08397,4.425208,34.191647,3.7216566
6.61,0.78898484,2.0917802,4.4200726,34.1718,3.7338104
6.62,0.79151267,2.0996115,4.414924,34.151897,3.7459934
6.63,0.7940481,2.1074724,4.4097667,34.131947,3.7582102
6.64,0.79659,2.115354,4.404599,34.11194,3.7704546
6.65,0.7991397,2.1232624,4.3994207,34.091877,3.7827332
6.66,0.8016966,2.131197,4.394232,34.071777,3.7950425
6.67,0.8042608,2.1391563,4.389033,34.051613,3.8073807
6.68,0.8068322,2.1471393,4.3838224,34.0314,3.8197515
6.69,0.80941105,2.1551495,4.3786025,34.011135,3.832155
6.7,0.811997,2.1631856,4.373371,33.990814,3.8445866
6.71,0.8145907,2.1712458,4.36813,33.970444,3.8570518
6.72,0.81719106,2.179334,4.362879,33.95002,3.869548
6.73,0.81979954,2.1874428,4.357617,33.92954,3.8820753
6.74,0.82241476,2.1955805,4.3523455,33.90902,3.894634
6.75,0.8250378,2.2037451,4.347062,33.888443,3.9072244
6.76,0.8276681,2.2119355,4.3417697,33.867805,3.919847
6.77,0.83030564,2.2201471,4.3364663,33.84712,3.9325
6.78,0.8329511,2.2283888,4.331151,33.826363,3.945186
6.79,0.83560413,2.2366571,4.325828,33.805573,3.9579024
6.8,0.838264,2.244949,4.320493,33.78473,3.9706507
6.81,0.84093195,2.2532692,4.315148,33.76383,3.9834309
6.82,0.84360653,2.2616138,4.309794,33.742886,3.9962413
6.83,0.84628946,2.269986,4.304429,33.72187,4.009085
6.84,0.8489799,2.2783823,4.2990527,33.700813,4.021961
6.85,0.85167795,2.286807,4.293667,33.6797,4.0348687
6.86,0.85438305,2.295259,4.2882695,33.65854,4.0478086
6.87,0.85709614,2.303738,4.2828627,33.63731,4.0607796
6.88,0.8598171,2.312241,4.277446,33.61604,4.073783
6.89,0.862545,2.320774,4.272019,33.59472,4.086818
6.9,0.8652811,2.3293319,4.266581,33.573334,4.099886
6.91,0.86802435,2.3379145,4.261134,33.55189,4.1129847
6.92,0.8707758,2.3465247,4.255675,33.53041,4.1261168
6.93,0.8735341,2.3551614,4.250207,33.508854,4.1392813
6.94,0.876301,2.363829,4.244728,33.48726,4.1524777
6.95,0.879075,2.37252,4.2392397,33.46561,4.1657043
6.96,0.8818577,2.38124,4.23374,33.443905,4.1789675
6.97,0.88464725,2.3899837,4.22823,33.422146,4.1922603
6.98,0.8874448,2.3987577,4.2227097,33.400326,4.2055845
6.99,0.89025056,2.407561,4.2171807,33.37846,4.2189436
7.0,0.8930633,2.4163885,4.211641,33.356533,4.232333
7.01,0.89588475,2.4252443,4.2060905,33.334553,4.2457566
7.02,0.89871347,2.4341283,4.2005305,33.31252,4.259211
7.03,0.9015499,2.4430382,4.1949587,33.29043,4.2726994
7.04,0.9043945,2.4519787,4.1893783,33.268284,4.28622
7.05,0.90724695,2.4609427,4.183788,33.24609,4.2997713
7.06,0.91010725,2.4699378,4.178187,33.22383,4.313357
7.07,0.9129759,2.47896,4.172574,33.201523,4.3269763
7.08,0.91585183,2.4880087,4.1669536,33.17917,4.3406277
7.09,0.91873604,2.4970872,4.1613226,33.156746,4.3543105
7.1,0.92162836,2.5061934,4.155681,33.134274,4.3680267
7.11,0.9245284,2.5153277,4.150029,33.111744,4.3817773
7.12,0.92743653,2.5244906,4.144367,33.089153,4.3955603
7.13,0.9303529,2.5336823,4.138695,33.066517,4.4093738
7.14,0.93327683,2.5429,4.1330147,33.04382,4.4232216
7.15,0.9362091,2.552149,4.127322,33.02107,4.4371033
7.16,0.93914944,2.5614245,4.1216197,32.99826,4.4510164
7.17,0.94209754,2.5707293,4.1159086,32.975403,4.464962
7.18,0.94505394,2.5800614,4.1101875,32.952484,4.4789414
7.19,0.9480188,2.5894248,4.104455,32.929504,4.492955
7.2,0.9509912,2.598814,4.0987134,32.906483,4.507001
7.21,0.95397204,2.6082342,4.092962,32.883396,4.5210795
7.22,0.9569608,2.617684,4.0871997,32.86026,4.5351925
7.23,0.95995784,2.6271603,4.0814285,32.837055,4.549338
7.24,0.96296334,2.6366656,4.075647,32.813805,4.563515
7.25,0.96597725,2.6462033,4.069856,32.790497,4.5777283
7.26,0.9689986,2.655766,4.064055,32.767136,4.5919724
7.27,0.9720286,2.6653633,4.058244,32.743713,4.6062493
7.28,0.9750672,2.6749864,4.0524235,32.720234,4.6205616
7.29,0.9781138,2.6846397,4.0465927,32.6967,4.6349063
7.3,0.98116845,2.6943228,4.040752,32.67311,4.6492844
7.31,0.9842314,2.7040358,4.034901,32.649467,4.6636953
7.32,0.987303,2.7137742,4.0290413,32.625767,4.678139
7.33,0.9903826,2.7235487,4.023172,32.602005,4.692617
7.34,0.9934709,2.7333496,4.0172925,32.578194,4.7071295
7.35,0.996567,2.7431805,4.0114026,32.55432,4.721672
7.36,0.99967206,2.753042,4.0055046,32.53039,4.7362514
7.37,1.002785,2.7629342,3.9995959,32.506405,4.750863
7.38,1.0059069,2.772857,3.9936774,32.48237,4.7655077
7.39,1.0090367,2.7828085,3.9877508,32.458267,4.7801847
7.4,1.0121747,2.7927885,3.9818122,32.434105,4.794897
7.41,1.0153221,2.8028023,3.9758666,32.409893,4.8096414
7.42,1.0184773,2.8128445,3.9699085,32.385628,4.8244214
7.43,1.0216415,2.8229196,3.9639432,32.3613,4.839235
7.44,1.0248139,2.833024,3.957967,32.336918,4.85408
7.45,1.0279946,2.8431575,3.9519823,32.31248,4.8689604
7.46,1.0311849,2.8533247,3.945987,32.287987,4.883874
7.47,1.0343825,2.8635204,3.9399836,32.263435,4.898822
7.48,1.037589,2.8737469,3.9339697,32.238823,4.9138026
7.49,1.0408045,2.8840067,3.9279468,32.214153,4.928817
7.5,1.0440279,2.894295,3.9219143,32.189426,4.943864
7.51,1.0472602,2.9046166,3.9158733,32.16464,4.958945
7.52,1.0505011,2.9149683,3.909821,32.139805,4.9740605
7.53,1.053751,2.9253504,3.9037611,32.114906,4.9892097
7.54,1.0570095,2.9357653,3.8976915,32.089954,5.0043917
7.55,1.0602758,2.946212,3.8916123,32.06494,5.0196095
7.56,1.0635523,2.9566898,3.8855238,32.039875,5.0348577
7.57,1.0668362,2.967202,3.8794262,32.014748,5.050144
7.58,1.0701289,2.9777415,3.8733199,31.989574,5.0654593
7.59,1.0734309,2.988316,3.8672032,31.964329,5.080813
7.6,1.0767415,2.998917,3.8610775,31.939034,5.0961967
7.61,1.0800606,3.0095544,3.854944,31.91367,5.1116176
7.62,1.0833887,3.0202243,3.8488,31.888258,5.127069
7.63,1.0867255,3.030926,3.8426478,31.86279,5.1425548
7.64,1.0900717,3.0416584,3.8364866,31.837263,5.1580763
7.65,1.0934258,3.0524237,3.830316,31.811672,5.173631
7.66,1.0967888,3.0632222,3.824136,31.786032,5.189219
7.67,1.1001613,3.0740547,3.817947,31.760336,5.204842
7.68,1.1035421,3.084917,3.8117502,31.734568,5.220496
7.69,1.1069322,3.0958138,3.8055444,31.708755,5.236187
7.7,1.1103306,3.106743,3.7993279,31.682882,5.25191
7.71,1.1137381,3.1177056,3.7931032,31.65695,5.2676682
7.72,1.1171548,3.1287014,3.7868702,31.630959,5.2834606
7.73,1.1205801,3.1397262,3.7806284,31.604918,5.299283
7.74,1.1240146,3.1507897,3.774379,31.578804,5.315144
7.75,1.1274582,3.1618848,3.7681181,31.552639,5.3310356
7.76,1.1309105,3.1730103,3.7618506,31.526419,5.346964
7.77,1.1343715,3.1841714,3.7555728,31.500135,5.362925
7.78,1.1378423,3.1953652,3.7492876,31.473803,5.3789206
7.79,1.1413215,3.206594,3.7429934,31.447407,5.394947
7.8,1.1448096,3.2178578,3.736691,31.420954,5.41101
7.81,1.1483073,3.2291512,3.7303798,31.394438,5.4271073
7.82,1.151814,3.2404811,3.724059,31.367872,5.443237
7.83,1.1553292,3.2518432,3.717731,31.341248,5.4594016
7.84,1.1588539,3.2632408,3.711394,31.314556,5.4755983
7.85,1.1623875,3.2746754,3.7050486,31.287819,5.4918294
7.86,1.1659302,3.2861404,3.6986952,31.261015,5.5080957
7.87,1.1694822,3.2976415,3.6923325,31.234158,5.5243955
7.88,1.1730436,3.3091757,3.6859615,31.207233,5.5407295
7.89,1.1766137,3.3207436,3.679583,31.180262,5.557096
7.9,1.1801933,3.3323488,3.6731946,31.153227,5.5734987
7.91,1.1837816,3.3439894,3.6668005,31.126133,5.589933
7.92,1.1873795,3.3556607,3.660396,31.098986,5.6064024
7.93,1.1909863,3.3673694,3.6539853,31.07178,5.622906
7.94,1.1946024,3.3791146,3.647564,31.04451,5.6394434
7.95,1.1982274,3.390891,3.641137,31.017189,5.6560125
7.96,1.2018625,3.4027064,3.6347005,30.98981,5.672619
7.97,1.205506,3.4145577,3.6282566,30.96237,5.6892557
7.98,1.2091594,3.4264388,3.6218045,30.934875,5.705927
7.99,1.2128214,3.4383605,3.6153445,30.907312,5.722634
8.0,1.2164934,3.4503171,3.6088767,30.879694,5.739373
8.01,1.2201743,3.4623117,3.6023996,30.852026,5.756148
8.02,1.2238649,3.4743385,3.5959156,30.824293,5.7729554
8.03,1.2275643,3.4864008,3.5894248,30.796509,5.7897954
8.04,1.2312735,3.4985,3.5829241,30.768656,5.8066726
8.05,1.2349919,3.5106351,3.576417,30.740751,5.823581
8.06,1.2387193,3.5228076,3.5699012,30.712788,5.840524
8.07,1.2424563,3.5350168,3.5633788,30.684765,5.8575006
8.08,1.2462031,3.5472608,3.5568476,30.656685,5.87451
8.09,1.2499584,3.5595434,3.5503101,30.628546,5.8915544
8.1,1.2537239,3.571861,3.5437648,30.60035,5.908631
8.11,1.257498,3.584217,3.5372128,30.5721,5.9257407
8.12,1.2612821,3.5966086,3.5306516,30.543785,5.942887
8.13,1.2650759,3.6090379,3.524082,30.51541,5.9600697
8.14,1.2688793,3.6215038,3.5175068,30.486979,5.977279
8.15,1.2726914,3.6340053,3.5109246,30.458487,5.994526
8.16,1.2765135,3.6465478,3.5043344,30.429947,6.0118055
8.17,1.280345,3.659122,3.497736,30.40134,6.0291195
8.18,1.2841859,3.6717396,3.4911315,30.372677,6.046468
8.19,1.2880362,3.6843934,3.484519,30.343952,6.0638466
8.2,1.2918961,3.6970825,3.4779,30.315174,6.0812616
8.21,1.2957656,3.7098138,3.4712744,30.286337,6.09871
8.22,1.299645,3.7225811,3.464639,30.25744,6.1161914
8.23,1.3035337,3.735384,3.4579995,30.228495,6.1337037
8.24,1.3074313,3.7482245,3.4513512,30.199476,6.151254
8.25,1.3113395,3.7611082,3.444697,30.170408,6.1688385
8.26,1.3152571,3.774028,3.4380348,30.141281,6.1864533
8.27,1.3191838,3.7869844,3.431367,30.11209,6.204102
8.28,1.3231202,3.799981,3.424692,30.082844,6.221784
8.29,1.3270665,3.8130176,3.4180095,30.053543,6.2395015
8.3,1.3310221,3.826093,3.4113207,30.024185,6.2572494
8.31,1.3349881,3.8392065,3.4046252,29.994766,6.275034
8.32,1.3389632,3.8523576,3.3979235,29.965294,6.292848
8.33,1.3429477,3.8655503,3.3912141,29.935759,6.3107014
8.34,1.3469425,3.8787804,3.3844984,29.90616,6.328583
8.35,1.3509471,3.8920496,3.3777766,29.876507,6.3464994
8.36,1.3549607,3.9053588,3.3710477,29.846796,6.3644485
8.37,1.3589838,3.9187078,3.364313,29.817032,6.3824306
8.38,1.363017,3.9320972,3.357571,29.787207,6.400448
8.39,1.3670605,3.9455266,3.3508224,29.757328,6.418497
8.4,1.3711131,3.9589934,3.344069,29.727392,6.43658
8.41,1.3751754,3.972499,3.3373084,29.697386,6.4546947
8.42,1.3792475,3.986051,3.330541,29.667326,6.4728446
8.43,1.3833301,3.9996393,3.3237681,29.637215,6.491027
8.44,1.387421,4.01327,3.3169897,29.607042,6.509241
8.45,1.3915228,4.0269394,3.3102043,29.576805,6.5274897
8.46,1.3956343,4.0406504,3.3034127,29.546526,6.5457716
8.47,1.3997558,4.0544043,3.2966156,29.516174,6.564087
8.48,1.4038864,4.0681925,3.2898126,29.485771,6.582433
8.49,1.4080267,4.0820265,3.283004,29.455315,6.6008124
8.5,1.4121779,4.0959034,3.2761881,29.424791,6.6192265
8.51,1.4163384,4.1098194,3.2693677,29.394217,6.637673
8.52,1.4205087,4.123775,3.2625408,29.363583,6.6561522
8.53,1.4246887,4.1377735,3.2557087,29.332897,6.6746635
8.54,1.428879,4.1518126,3.2488706,29.302135,6.6932077
8.55,1.4330788,4.1658936,3.2420266,29.271328,6.711786
8.56,1.4372885,4.1800184,3.235178,29.24047,6.730395
8.57,1.4415078,4.194184,3.2283237,29.20955,6.7490373
8.58,1.445738,4.2083907,3.2214627,29.178564,6.767714
8.59,1.4499774,4.222639,3.2145975,29.147528,6.7864213
8.6,1.454227,4.2369337,3.2077262,29.116434,6.805163
8.61,1.458486,4.2512665,3.20085,29.085285,6.8239346
8.62,1.4627548,4.265642,3.1939688,29.054071,6.842741
8.63,1.4670343,4.280063,3.1870816,29.022802,6.86158
8.64,1.4713237,4.2945256,3.1801894,28.991478,6.8804517
8.65,1.4756222,4.3090277,3.173292,28.9601,6.899353
8.66,1.4799311,4.3235755,3.1663907,28.928658,6.918289
8.67,1.48425,4.338168,3.1594822,28.897158,6.937258
8.68,1.4885789,4.3528037,3.1525698,28.865606,6.956258
8.69,1.4929174,4.3674755,3.1456542,28.834002,6.9752874
8.7,1.4972664,4.3821983,3.1387312,28.80234,6.9943533
8.71,1.5016261,4.396962,3.131804,28.770613,7.013452
8.72,1.5059944,4.411768,3.1248722,28.738836,7.032578
8.73,1.5103732,4.42662,3.1179357,28.706997,7.051741
8.74,1.514762,4.441515,3.110995,28.6751,7.070934
8.75,1.519161,4.456454,3.104049,28.643152,7.0901594
8.76,1.52357,4.4714365,3.0970988,28.611143,7.109417
8.77,1.527989,4.486464,3.090144,28.579075,7.1287055
8.78,1.5324178,4.501537,3.0831847,28.54696,7.1480255
8.79,1.5368565,4.5166516,3.0762215,28.514778,7.1673794
8.8,1.5413059,4.531812,3.0692532,28.482542,7.1867633
8.81,1.5457653,4.5470176,3.0622807,28.450253,7.2061796
8.82,1.5502343,4.5622654,3.0553043,28.41791,7.2256274
8.83,1.5547131,4.57756,3.048323,28.385504,7.2451067
8.84,1.5592026,4.592899,3.041339,28.353045,7.2646184
8.85,1.5637019,4.6082854,3.0343502,28.320528,7.28416
8.86,1.5682117,4.6237154,3.0273573,28.287962,7.3037343
8.87,1.5727307,4.6391897,3.020361,28.255335,7.323339
8.88,1.577261,4.654711,3.0133593,28.22265,7.3429766
8.89,1.5818005,4.6702785,3.0063548,28.18991,7.3626447
8.9,1.58635,4.6858854,2.999348,28.157118,7.382342
8.91,1.5909102,4.7015457,2.992335,28.124262,7.402074
8.92,1.5954802,4.71725,2.9853194,28.091362,7.421836
8.93,1.6000606,4.7330008,2.9783,28.058395,7.4416304
8.94,1.6046503,4.7487936,2.971278,28.025389,7.4614506
8.95,1.6092509,4.764636,2.9642508,27.99231,7.4813075
8.96,1.6138613,4.780526,2.957221,27.959179,7.5011926
8.97,1.6184819,4.796459,2.950187,27.925991,7.52111
8.98,1.6231127,4.81244,2.943151,27.892757,7.5410547
8.99,1.6277534,4.8284693,2.9361115,27.85946,7.5610332
9.0,1.6324046,4.8445444,2.9290688,27.826115,7.581044
9.01,1.6370656,4.8606663,2.922022,27.792706,7.6010833
9.02,1.6417372,4.876835,2.9149728,27.759245,7.621153
9.03,1.6464183,4.89305,2.9079206,27.725735,7.6412535
9.04,1.6511096,4.9093113,2.9008658,27.692167,7.661385
9.05,1.6558115,4.92562,2.893808,27.65854,7.681544
9.06,1.6605239,4.9419794,2.8867471,27.624866,7.701735
9.07,1.6652452,4.9583845,2.8796833,27.591133,7.7219567
9.08,1.6699775,4.9748383,2.872616,27.557343,7.7422085
9.09,1.6747199,4.991336,2.8655472,27.5235,7.762491
9.1,1.6794727,5.007884,2.8584754,27.489603,7.7828035
9.11,1.6842346,5.024479,2.8514018,27.45566,7.803143
9.12,1.6890074,5.041127,2.844325,27.421658,7.823515
9.13,1.6937908,5.0578184,2.8372457,27.387594,7.8439164
9.14,1.6985844,5.0745573,2.8301637,27.353477,7.8643494
9.15,1.7033871,5.091346,2.8230808,27.31932,7.884808
9.16,1.7082006,5.108184,2.8159943,27.285105,7.905298
9.17,1.7130243,5.1250696,2.8089066,27.250828,7.925819
9.18,1.7178583,5.142003,2.801816,27.216503,7.9463677
9.19,1.7227021,5.158989,2.7947237,27.182123,7.9669456
9.2,1.7275562,5.176016,2.7876296,27.147696,7.9875536
9.21,1.7324202,5.193101,2.7805328,27.113209,8.00819
9.22,1.7372955,5.210232,2.7734349,27.078663,8.028857
9.23,1.7421794,5.2274065,2.7663357,27.04409,8.049552
9.24,1.7470746,5.2446384,2.759234,27.009432,8.070277
9.25,1.7519796,5.261918,2.752131,26.97474,8.09103
9.26,1.7568946,5.2792435,2.745026,26.93999,8.111813
9.27,1.7618203,5.2966213,2.7379203,26.905188,8.132621
9.28,1.7667552,5.314049,2.7308128,26.870337,8.153459
9.29,1.7717012,5.331525,2.723703,26.835423,8.174327
9.3,1.7766567,5.3490505,2.716593,26.800474,8.195222
9.31,1.7816237,5.3666306,2.709481,26.765457,8.216149
9.32,1.7865986,5.3842535,2.7023687,26.730402,8.237099
9.33,1.7915859,5.401931,2.695254,26.695288,8.258081
9.34,1.7965822,5.4196596,2.6881392,26.660124,8.27909
9.35,1.8015896,5.437434,2.6810234,26.624912,8.300129
9.36,1.8066062,5.455262,2.673907,26.58964,8.321192
9.37,1.8116325,5.4731417,2.6667886,26.554325,8.342282
9.38,1.81667,5.4910717,2.6596708,26.518955,8.363405
9.39,1.8217173,5.5090523,2.652551,26.483536,8.384554
9.4,1.8267744,5.5270815,2.6454315,26.448069,8.405729
9.41,1.8318429,5.545165,2.6383102,26.412544,8.426933
9.42,1.8369206,5.5632973,2.6311898,26.376976,8.448163
9.43,1.8420081,5.581482,2.6240683,26.341352,8.46942
9.44,1.8471063,5.599717,2.6169465,26.305683,8.4907055
9.45,1.852214,5.618005,2.6098247,26.269962,8.512019
9.46,1.8573323,5.636344,2.6027024,26.234192,8.533357
9.47,1.8624614,5.6547327,2.5955799,26.198368,8.554727
9.48,1.8676001,5.673173,2.588457,26.1625,8.576115
9.49,1.872749,5.6916656,2.5813348,26.12658,8.597536
9.5,1.8779076,5.7102137,2.574212,26.090609,8.618985
9.51,1.8830771,5.7288113,2.5670893,26.054583,8.640456
9.52,1.888257,5.7474604,2.5599668,26.018518,8.661956
9.53,1.8934454,5.766162,2.5528457,25.982409,8.683479
9.54,1.8986449,5.784915,2.5457232,25.94624,8.705033
9.55,1.903855,5.8037176,2.5386026,25.91002,8.726609
9.56,1.9090748,5.8225794,2.531481,25.873755,8.748214
9.57,1.9143044,5.841489,2.5243616,25.837454,8.769843
9.58,1.9195443,5.8604527,2.5172417,25.801094,8.791497
9.59,1.9247943,5.879468,2.5101228,25.76469,8.813179
9.6,1.9300549,5.8985357,2.503004,25.728235,8.834885
9.61,1.9353247,5.917657,2.4958875,25.691738,8.856618
9.62,1.940605,5.9368324,2.488771,25.655184,8.878376
9.63,1.9458951,5.9560614,2.4816558,25.618586,8.900159
9.64,1.9511961,5.9753428,2.4745417,25.581945,8.921967
9.65,1.9565063,5.9946737,2.4674284,25.545269,8.943798
9.66,1.9618275,6.014062,2.4603164,25.508524,8.965657
9.67,1.9671577,6.0335026,2.4532053,25.471745,8.98754
9.68,1.9724989,6.0529957,2.4460957,25.434914,9.009446
9.69,1.9778494,6.072543,2.4389875,25.39804,9.031379
9.7,1.98321,6.092145,2.4318814,25.361122,9.053335
9.71,1.9885815,6.111801,2.424776,25.324152,9.075315
9.72,1.9939625,6.1315117,2.4176722,25.287144,9.097322
9.73,1.9993533,6.1512737,2.4105713,25.250082,9.1193495
9.74,2.0047548,6.171092,2.4034712,25.21298,9.141402
9.75,2.0101655,6.190963,2.3963728,25.175833,9.163481
9.76,2.0155869,6.210891,2.3892763,25.138636,9.185582
9.77,2.021018,6.2308693,2.3821824,25.101402,9.207707
9.78,2.0264583,6.250902,2.375091,25.064121,9.229854
9.79,2.0319097,6.2709913,2.3679996,25.026789,9.2520275
9.8,2.0373714,6.291136,2.3609126,24.989418,9.27422
9.81,2.0428421,6.3113327,2.3538268,24.952007,9.29644
9.82,2.0483227,6.331587,2.3467448,24.91455,9.318681
9.83,2.0538146,6.3518934,2.3396637,24.877052,9.340945
9.84,2.059316,6.372259,2.3325849,24.839502,9.363234
9.85,2.0648263,6.3926764,2.325509,24.801914,9.385546
9.86,2.070347,6.413147,2.3184369,24.764286,9.407874
9.87,2.0758777,6.433676,2.311367,24.726612,9.43023
9.88,2.0814188,6.454261,2.3042998,24.688892,9.452606
9.89,2.0869699,6.474902,2.2972345,24.65113,9.475008
9.9,2.0925303,6.4955893,2.2901733,24.613337,9.497427
9.91,2.0981011,6.516346,2.2831142,24.575489,9.519872
9.92,2.1036818,6.5371513,2.2760582,24.537601,9.542339
9.93,2.1092722,6.558012,2.2690058,24.499668,9.564828
9.94,2.1148727,6.578932,2.2619576,24.461708,9.587335
9.95,2.1204827,6.599903,2.254912,24.42369,9.609867
9.96,2.126103,6.6209316,2.24787,24.385643,9.63242
9.97,2.131733,6.64202,2.240831,24.34755,9.65499
9.98,2.1373723,6.6631613,2.2337961,24.309425,9.677584
9.99,2.143022,6.6843586,2.2267637,24.271244,9.7002
10.0,2.148682,6.705614,2.219736,24.23303,9.722837
10.01,2.1543512,6.726926,2.2127113,24.194777,9.745491
10.02,2.1600308,6.748294,2.2056909,24.15648,9.768173
10.03,2.165719,6.76972,2.1986747,24.118153,9.790868
10.04,2.171418,6.7912006,2.1916625,24.079788,9.813587
10.05,2.177127,6.8127375,2.1846535,24.041374,9.836327
10.06,2.1828449,6.8343334,2.1776495,24.002922,9.859087
10.07,2.1885726,6.855983,2.17065,23.964436,9.881861
10.08,2.1943114,6.877694,2.1636539,23.925907,9.904659
10.09,2.2000592,6.8994627,2.156662,23.887342,9.927479
10.1,2.205817,6.9212856,2.1496751,23.84874,9.950318
10.11,2.2115834,6.943166,2.142693,23.810095,9.973176
10.12,2.2173607,6.965107,2.1357148,23.771421,9.99605
10.13,2.2231479,6.9871073,2.128741,23.732708,10.018946
10.14,2.2289443,7.009157,2.1217728,23.693953,10.04186
10.15,2.2347486,7.031268,2.1148098,23.655169,10.064791
10.16,2.2405663,7.05344,2.1078494,23.616339,10.087747
10.17,2.2463915,7.0756674,2.1008964,23.577469,10.110717
10.18,2.2522273,7.0979567,2.0939474,23.538568,10.133704
10.19,2.2580714,7.1202974,2.0870037,23.499632,10.156712
10.2,2.2639256,7.142703,2.0800648,23.460669,10.179738
10.21,2.2697902,7.165161,2.0731313,23.421652,10.202785
10.22,2.2756631,7.1876802,2.0662036,23.382614,10.2258415
10.23,2.281546,7.2102585,2.0592809,23.343538,10.248921
10.24,2.2874398,7.232896,2.052363,23.304424,10.272019
10.25,2.2933426,7.2555943,2.0454512,23.265274,10.295134
10.26,2.299254,7.278347,2.038545,23.226091,10.318266
10.27,2.3051758,7.3011637,2.0316434,23.186876,10.341415
10.28,2.3111067,7.32403,2.0247498,23.14763,10.364578
10.29,2.3170478,7.346964,2.0178602,23.108341,10.387765
10.3,2.3229978,7.369956,2.0109768,23.069027,10.410967
10.31,2.328958,7.3930035,2.0040998,23.029675,10.434178
10.32,2.3349266,7.416113,1.997229,22.990292,10.457409
10.33,2.3409054,7.4392815,1.9903642,22.950872,10.480659
10.34,2.3468938,7.462512,1.9835054,22.911425,10.503923
10.35,2.3528917,7.4858,1.9766518,22.871943,10.527208
10.36,2.3588994,7.5091467,1.9698063,22.832424,10.550503
10.37,2.3649156,7.5325527,1.9629663,22.792889,10.573815
10.38,2.3709414,7.5560265,1.9561328,22.753302,10.597149
10.39,2.3769774,7.5795536,1.9493047,22.713697,10.620489
10.4,2.3830214,7.603139,1.942485,22.67406,10.643848
10.41,2.3890762,7.626786,1.9356719,22.63439,10.667222
10.42,2.3951397,7.6504965,1.9288636,22.594687,10.690609
10.43,2.4012125,7.674267,1.922064,22.55495,10.714016
10.44,2.4072945,7.6980944,1.9152704,22.51519,10.7374325
10.45,2.4133866,7.721987,1.9084843,22.475399,10.760865
10.46,2.4194868,7.7459373,1.9017051,22.43558,10.784315
10.47,2.4255977,7.769949,1.8949325,22.395725,10.807776
10.48,2.4317164,7.7940235,1.8881682,22.35585,10.83125
10.49,2.4378457,7.818157,1.8814096,22.315937,10.854743
10.5,2.443983,7.842352,1.8746587,22.275991,10.878247
10.51,2.4501302,7.8666077,1.8679157,22.236032,10.901763
10.52,2.4562871,7.890929,1.8611792,22.196026,10.925295
10.53,2.4624517,7.915306,1.8544518,22.156012,10.948838
10.54,2.4686263,7.939746,1.8477309,22.115957,10.972399
10.55,2.4748096,7.9642487,1.8410175,22.075878,10.995967
10.56,2.4810023,7.9888096,1.8343126,22.035774,11.019547
10.57,2.4872043,8.01344,1.8276147,21.995646,11.043143
10.58,2.4934158,8.038127,1.8209245,21.955488,11.066751
10.59,2.4996362,8.062874,1.8142428,21.915302,11.090373
10.6,2.5058656,8.0876875,1.8075688,21.875093,11.114006
10.61,2.512103,8.112564,1.800903,21.834856,11.1376505
10.62,2.51835,8.137497,1.7942454,21.794601,11.1613035
10.63,2.5246067,8.162497,1.7875956,21.754307,11.184974
10.64,2.5308723,8.18756,1.7809533,21.713985,11.2086525
10.65,2.5371463,8.212681,1.7743214,21.673658,11.232343
10.66,2.5434287,8.237867,1.7676964,21.633303,11.256045
10.67,2.5497215,8.26312,1.7610798,21.592909,11.27976
10.68,2.5560217,8.28843,1.7544725,21.552504,11.303483
10.69,2.5623314,8.313806,1.7478735,21.51207,11.327216
10.7,2.5686507,8.339244,1.7412828,21.471613,11.350962
10.71,2.5749776,8.364746,1.7347007,21.431135,11.374719
10.72,2.5813134,8.390313,1.7281281,21.390635,11.398484
10.73,2.587659,8.415938,1.7215639,21.35011,11.422256
10.74,2.594013,8.441628,1.7150083,21.30956,11.446042
10.75,2.6003757,8.467384,1.7084624,21.268991,11.469838
10.76,2.6067464,8.493207,1.7019248,21.228401,11.493644
10.77,2.6131265,8.519089,1.6953962,21.187792,11.517459
10.78,2.6195145,8.545032,1.6888778,21.147158,11.541276
10.79,2.625913,8.571045,1.6823674,21.106503,11.565112
10.8,2.6323185,8.597119,1.675867,21.065826,11.588956
10.81,2.638733,8.62326,1.6693758,21.025135,11.612805
10.82,2.6451545,8.649458,1.6628942,20.984423,11.6366625
10.83,2.6515865,8.675728,1.6564215,20.94369,11.660528
10.84,2.6580272,8.702064,1.6499585,20.902931,11.684403
10.85,2.6644762,8.728457,1.6435056,20.862162,11.708286
10.86,2.6709325,8.754917,1.6370622,20.821373,11.732177
10.87,2.6773973,8.781444,1.6306288,20.78056,11.756071
10.88,2.6838717,8.808034,1.6242044,20.73973,11.779978
10.89,2.690354,8.834688,1.6177905,20.698887,11.80389
10.9,2.6968436,8.86141,1.6113864,20.658022,11.82781
10.91,2.7033436,8.888197,1.604992,20.617134,11.851735
10.92,2.7098508,8.915048,1.5986081,20.576237,11.875669
10.93,2.716367,8.941964,1.5922337,20.53532,11.8996105
10.94,2.72289,8.968942,1.5858701,20.494394,11.923553
10.95,2.7294219,8.995989,1.5795172,20.453444,11.947506
10.96,2.7359622,9.023104,1.5731734,20.41248,11.971461
10.97,2.7425113,9.050282,1.5668402,20.3715,11.995431
10.98,2.7490692,9.077526,1.5605184,20.330511,12.01939
10.99,2.755633,9.104836,1.5542063,20.289503,12.043369
11.0,2.7622068,9.132214,1.5479047,20.248472,12.0673485
11.01,2.7687874,9.159655,1.5416138,20.207438,12.091332
11.02,2.7753766,9.187166,1.535333,20.166384,12.115324
11.03,2.7819731,9.214736,1.5290642,20.125319,12.139317
11.04,2.7885778,9.242373,1.5228056,20.08424,12.163315
11.05,2.7951918,9.270088,1.516557,20.04314,12.187321
11.06,2.8018122,9.29786,1.5103207,20.002037,12.211329
11.07,2.8084407,9.325696,1.5040947,19.960924,12.235337
11.08,2.815078,9.353604,1.4978801,19.919794,12.259353
11.09,2.8217232,9.381579,1.4916754,19.878645,12.28337
11.1,2.8283744,9.409623,1.4854827,19.837494,12.307391
11.11,2.8350348,9.437727,1.4793017,19.79633,12.331416
11.12,2.841702,9.4658985,1.473131,19.75516,12.355441
11.13,2.8483775,9.494144,1.4669718,19.713974,12.379472
11.14,2.8550615,9.522455,1.4608235,19.672768,12.403507
11.15,2.861752,9.55083,1.4546875,19.631563,12.42754
11.16,2.8684514,9.579275,1.448563,19.590353,12.451579
11.17,2.8751576,9.60779,1.4424492,19.549118,12.475619
11.18,2.8818712,9.636368,1.4363478,19.50789,12.49966
11.19,2.8885915,9.665012,1.4302579,19.466642,12.523701
11.2,2.8953202,9.6937275,1.4241796,19.425392,12.547746
11.21,2.9020572,9.722512,1.4181129,19.384134,12.571795
11.22,2.9088006,9.751358,1.4120581,19.342865,12.5958395
11.23,2.9155514,9.78028,1.4060154,19.301586,12.619885
11.24,2.9223094,9.809265,1.3999846,19.260303,12.643937
11.25,2.9290755,9.838316,1.3939652,19.219017,12.667981
11.26,2.9358482,9.867443,1.3879583,19.17772,12.692033
11.27,2.942629,9.896634,1.3819634,19.136415,12.716084
11.28,2.9494164,9.925896,1.375981,19.095106,12.74013
11.29,2.9562104,9.955224,1.3700105,19.053797,12.76418
11.3,2.9630127,9.98462,1.3640518,19.01248,12.78823
11.31,2.9698215,10.014086,1.3581057,18.971151,12.812275
11.32,2.9766376,10.04362,1.3521724,18.92983,12.836323
11.33,2.9834616,10.073224,1.3462508,18.888494,12.860368
11.34,2.9902909,10.102897,1.3403416,18.847162,12.884413
11.35,2.997129,10.132637,1.3344456,18.805822,12.908458
11.36,3.0039716,10.162446,1.3285624,18.76448,12.932493
11.37,3.010824,10.1923275,1.322691,18.72313,12.956539
11.38,3.0176818,10.222279,1.3168318,18.681782,12.980575
11.39,3.024547,10.252296,1.3109863,18.640436,13.004609
11.4,3.0314186,10.282381,1.3051542,18.599085,13.02864
11.41,3.0382962,10.312537,1.2993336,18.557737,13.0526705
11.42,3.0451818,10.342767,1.2935258,18.516373,13.076697
11.43,3.0520747,10.373066,1.287731,18.475018,13.100728
11.44,3.058973,10.403432,1.2819495,18.433664,13.124743
11.45,3.0658782,10.433866,1.2761806,18.392313,13.14876
11.46,3.0727904,10.464373,1.2704252,18.35095,13.172774
11.47,3.0797088,10.49495,1.2646827,18.309591,13.196785
11.48,3.086634,10.525595,1.2589536,18.268238,13.22079
11.49,3.0935662,10.556312,1.253237,18.226877,13.244793
11.5,3.1005049,10.587101,1.2475342,18.185526,13.268788
11.51,3.1074495,10.617959,1.2418449,18.144173,13.292782
11.52,3.1143994,10.648881,1.2361681,18.102825,13.316771
11.53,3.1213567,10.679876,1.2305057,18.06148,13.340749
11.54,3.1283212,10.710943,1.2248557,18.020134,13.36473
11.55,3.1352913,10.742084,1.2192194,17.978788,13.388703
11.56,3.1422687,10.7732935,1.2135965,17.937449,13.412672
11.57,3.149251,10.804571,1.2079879,17.896118,13.436627
11.58,3.15624,10.835919,1.2023922,17.854788,13.460585
11.59,3.1632357,10.867341,1.19681,17.81346,13.484539
11.6,3.1702366,10.898831,1.191242,17.772131,13.508484
11.61,3.1772444,10.930394,1.1856875,17.730824,13.532417
11.62,3.1842568,10.962033,1.1801463,17.689512,13.556348
11.63,3.191277,10.993735,1.1746196,17.648205,13.580274
11.64,3.1983023,11.025512,1.1691059,17.606897,13.604188
11.65,3.2053337,11.057358,1.1636069,17.565613,13.628096
11.66,3.2123713,11.089277,1.1581212,17.524323,13.651996
11.67,3.219415,11.121266,1.1526494,17.483044,13.675889
11.68,3.2264636,11.153324,1.1471921,17.44177,13.699774
11.69,3.2335181,11.185456,1.1417488,17.400517,13.723651
11.7,3.2405791,11.217663,1.1363186,17.359251,13.747524
11.71,3.2476466,11.249933,1.1309034,17.317999,13.771385
11.72,3.254719,11.28228,1.125502,17.276762,13.795236
11.73,3.2617972,11.314699,1.1201146,17.235529,13.8190775
11.74,3.2688808,11.347188,1.1147413,17.194305,13.842913
11.75,3.2759702,11.379749,1.1093829,17.153095,13.866738
11.76,3.2830656,11.412379,1.104038,17.111895,13.890553
11.77,3.2901657,11.44509,1.0987076,17.0707,13.914364
11.78,3.2972717,11.477868,1.0933917,17.029518,13.938162
11.79,3.3043828,11.510715,1.0880901,16.98835,13.961946
11.8,3.3115008,11.543634,1.0828028,16.947191,13.985724
11.81,3.318624,11.576629,1.0775299,16.906044,14.009491
11.82,3.32575,11.60969,1.0722724,16.864916,14.033244
11.83,3.3328838,11.64283,1.0670284,16.823788,14.056993
11.84,3.340023,11.67604,1.0617983,16.782677,14.080728
11.85,3.347166,11.709323,1.0565839,16.741577,14.10445
11.86,3.3543148,11.742673,1.0513837,16.700499,14.128156
11.87,3.3614695,11.7761,1.0461982,16.659428,14.151858
11.88,3.3686302,11.809602,1.0410265,16.618364,14.17555
11.89,3.3757956,11.84317,1.0358703,16.57732,14.199228
11.9,3.3829634,11.876809,1.0307289,16.536297,14.222895
11.91,3.3901389,11.910526,1.0256017,16.495281,14.246545
11.92,3.3973184,11.944318,1.0204895,16.454283,14.270186
11.93,3.4045036,11.978179,1.015392,16.413298,14.293817
11.94,3.4116929,12.01211,1.0103092,16.372334,14.3174305
11.95,3.418888,12.046119,1.0052414,16.331383,14.341034
11.96,3.4260879,12.080196,1.000188,16.290447,14.364626
11.97,3.433293,12.114349,0.99514955,16.24953,14.388202
11.98,3.4405017,12.14857,0.9901269,16.208633,14.411762
11.99,3.447716,12.182872,0.9851181,16.167746,14.435311
12.0,3.4549344,12.217241,0.9801242,16.126883,14.458848
12.01,3.4621582,12.251686,0.97514576,16.086039,14.482371
12.02,3.469387,12.286204,0.97018164,16.045206,14.505878
12.03,3.47662,12.320792,0.9652338,16.004404,14.529375
12.04,3.4838576,12.3554535,0.9602995,15.963612,14.552848
12.05,3.491099,12.390188,0.9553815,15.92284,14.576314
12.06,3.4983466,12.424995,0.9504777,15.882089,14.599765
12.07,3.5055969,12.459875,0.94558966,15.841364,14.623195
12.08,3.5128524,12.494836,0.94071627,15.800652,14.646613
12.09,3.5201135,12.529864,0.9358572,15.759955,14.670022
12.1,3.5273774,12.564966,0.9310142,15.7192955,14.693402
12.11,3.5346463,12.600136,0.92618644,15.67865,14.716773
12.12,3.541919,12.6353855,0.92137384,15.638026,14.740126
12.13,3.5491972,12.670712,0.91657573,15.59742,14.763468
12.14,3.5564785,12.706107,0.9117933,15.556837,14.786792
12.15,3.5637648,12.741573,0.9070264,15.516287,14.8101
12.16,3.5710537,12.777114,0.9022743,15.475751,14.833388
12.17,3.578348,12.812731,0.8975373,15.435236,14.85666
12.18,3.585646,12.848423,0.8928156,15.394747,14.879923
12.19,3.5929482,12.88418,0.88810956,15.354286,14.903157
12.2,3.6002548,12.920019,0.8834184,15.313848,14.926378
12.21,3.607565,12.955933,0.8787422,15.273429,14.949583
12.22,3.6148787,12.991915,0.8740815,15.233038,14.972771
12.23,3.6221967,13.027971,0.86943716,15.1926775,14.995932
12.24,3.6295195,13.064106,0.8648071,15.152337,15.019085
12.25,3.636845,13.100312,0.8601924,15.112021,15.042216
12.26,3.6441753,13.13659,0.85559326,15.071732,15.0653305
12.27,3.651508,13.172942,0.85100895,15.031475,15.088424
12.28,3.6588442,13.209369,0.84644103,14.991241,15.111501
12.29,3.6661851,13.245871,0.84188765,14.951032,15.134556
12.3,3.6735284,13.282444,0.8373505,14.910856,15.157592
12.31,3.680877,13.3190975,0.8328279,14.870703,15.180614
12.32,3.6882272,13.355815,0.82832134,14.830582,15.203609
12.33,3.6955824,13.392617,0.82383,14.790486,15.226589
12.34,3.7029397,13.429487,0.8193535,14.750418,15.249547
12.35,3.7103026,13.466434,0.8148928,14.710381,15.272487
12.36,3.7176669,13.503451,0.81044847,14.67038,15.2954035
12.37,3.725035,13.540546,0.80601823,14.630399,15.318305
12.38,3.7324052,13.577719,0.80160415,14.59045,15.341181
12.39,3.7397804,13.614961,0.7972051,14.550535,15.364038
12.4,3.7471588,13.65228,0.79282206,14.510648,15.386874
12.41,3.754539,13.689669,0.7884545,14.470792,15.409686
12.42,3.761923,13.727137,0.78410184,14.430967,15.432484
12.43,3.7693102,13.764679,0.7797648,14.39117,15.455256
12.44,3.7766995,13.802292,0.7754438,14.351415,15.478003
12.45,3.7840927,13.839983,0.7711376,14.3116865,15.500734
12.46,3.7914884,13.877751,0.7668468,14.271983,15.523443
12.47,3.7988863,13.91559,0.7625719,14.232324,15.546126
12.48,3.806288,13.953502,0.7583124,14.192693,15.568787
12.49,3.8136916,13.991492,0.7540683,14.153096,15.591425
12.5,3.8210988,14.029557,0.74984,14.113533,15.614044
12.51,3.8285067,14.067694,0.74562716,14.074006,15.636638
12.52,3.8359194,14.105912,0.7414294,14.034508,15.659213
12.53,3.8433347,14.1442,0.7372476,13.995052,15.68176
12.54,3.8507502,14.182556,0.73308134,13.955625,15.704284
12.55,3.8581705,14.220998,0.72893023,13.916238,15.726783
12.56,3.8655922,14.25951,0.7247945,13.8768835,15.749262
12.57,3.8730152,14.29809,0.720675,13.837571,15.771713
12.58,3.8804417,14.33676,0.7165709,13.798289,15.794144
12.59,3.8878708,14.375501,0.7124816,13.759042,15.816552
12.6,3.8953023,14.414313,0.70840836,13.719834,15.838935
12.61,3.9027333,14.453198,0.7043505,13.680664,15.861293
12.62,3.9101694,14.492166,0.70030814,13.641528,15.883626
12.63,3.9176068,14.531203,0.6962811,13.602435,15.905931
12.64,3.925045,14.57032,0.6922696,13.563378,15.928215
12.65,3.932486,14.609507,0.68827397,13.524359,15.95047
12.66,3.939929,14.648773,0.6842938,13.485378,15.9727
12.67,3.947373,14.688114,0.68032885,13.446435,15.99491
12.68,3.95482,14.727525,0.6763794,13.40753,16.017092
12.69,3.9622672,14.767013,0.67244613,13.368672,16.039246
12.7,3.9697175,14.806583,0.6685273,13.329849,16.061377
12.71,3.9771686,14.846228,0.6646246,13.291062,16.083483
12.72,3.9846218,14.885942,0.66073716,13.252322,16.105555
12.73,3.992076,14.925734,0.6568654,13.213623,16.127607
12.74,3.9995317,14.965604,0.65300906,13.174963,16.149632
12.75,4.00699,15.005548,0.64916813,13.13634,16.171627
12.76,4.014448,15.0455675,0.64534247,13.097762,16.193598
12.77,4.0219083,15.085667,0.64153224,13.059225,16.215538
12.78,4.029368,15.125834,0.63773817,13.020739,16.237453
12.79,4.0368304,15.166085,0.6339588,12.9822855,16.259342
12.8,4.0442944,15.206407,0.6301949,12.943873,16.281202
12.81,4.051758,15.246802,0.62644684,12.905511,16.30304
12.82,4.0592227,15.287277,0.6227143,12.867188,16.324839
12.83,4.0666895,15.327825,0.6189968,12.82891,16.346619
12.84,4.074157,15.368456,0.61529446,12.790678,16.368368
12.85,4.0816255,15.409157,0.6116079,12.752486,16.390093
12.86,4.089094,15.449935,0.607937,12.714342,16.41178
12.87,4.096564,15.490789,0.6042811,12.676238,16.433445
12.88,4.104034,15.531716,0.6006407,12.638189,16.45508
12.89,4.1115036,15.572724,0.59701544,12.600176,16.476688
12.9,4.118975,15.613807,0.5934059,12.562216,16.498259
12.91,4.126447,15.654964,0.58981156,12.524296,16.519808
12.92,4.133919,15.6962,0.5862323,12.486425,16.541325
12.93,4.141392,15.737507,0.5826683,12.448598,16.562813
12.94,4.148866,15.7788925,0.5791199,12.410821,16.58427
12.95,4.1563387,15.820354,0.57558703,12.373091,16.605703
12.96,4.163813,15.861896,0.5720689,12.335403,16.627098
12.97,4.1712885,15.903512,0.568566,12.297767,16.648468
12.98,4.178762,15.945201,0.5650788,12.26018,16.669804
12.99,4.1862354,15.986966,0.56160694,12.222637,16.691114
13.0,4.1937103,16.028807,0.5581496,12.185147,16.712393
13.01,4.2011857,16.070728,0.5547078,12.147698,16.733643
13.02,4.208659,16.112719,0.5512814,12.110306,16.754852
13.03,4.216134,16.154787,0.5478704,12.072962,16.77604
13.04,4.2236085,16.196938,0.544474,12.035661,16.797194
13.05,4.2310815,16.239159,0.5410927,11.998413,16.818316
13.06,4.238556,16.28146,0.5377268,11.961216,16.839409
13.07,4.2460294,16.32383,0.5343767,11.924074,16.860466
13.08,4.2535024,16.366287,0.5310406,11.886977,16.881493
13.09,4.260976,16.408813,0.5277199,11.849933,16.90249
13.1,4.268448,16.451418,0.52441394,11.812936,16.923454
13.11,4.27592,16.494097,0.52112395,11.775997,16.944384
13.12,4.283391,16.536852,0.5178479,11.739101,16.965288
13.13,4.290861,16.579683,0.5145876,11.702266,16.986156
13.14,4.2983313,16.622587,0.511342,11.665474,17.006992
13.15,4.3058014,16.665573,0.50811136,11.628738,17.027796
13.16,4.3132696,16.708635,0.5048959,11.59205,17.048563
13.17,4.320738,16.751774,0.50169474,11.555421,17.069302
13.18,4.3282056,16.794985,0.49850854,11.518839,17.090008
13.19,4.3356705,16.83827,0.495338,11.48232,17.11068
13.2,4.343136,16.881634,0.49218175,11.445846,17.13132
13.21,4.3506017,16.925072,0.48904005,11.4094305,17.151926
13.22,4.3580656,16.968594,0.4859131,11.373062,17.172497
13.23,4.3655276,17.012182,0.48280126,11.336754,17.193035
13.24,4.372989,17.05585,0.47970435,11.300498,17.21354
13.25,4.3804507,17.099592,0.4766216,11.264297,17.23401
13.26,4.387911,17.143415,0.47355348,11.2281475,17.254452
13.27,4.395368,17.187307,0.47050035,11.1920595,17.274858
13.28,4.4028244,17.231274,0.467462,11.156022,17.295227
13.29,4.41028,17.275322,0.46443817,11.120044,17.31556
13.3,4.417735,17.319445,0.46142855,11.084119,17.335861
13.31,4.425189,17.363647,0.45843327,11.048245,17.356133
13.32,4.43264,17.407915,0.45545304,11.012432,17.376362
13.33,4.44009,17.452267,0.45248738,10.976678,17.396564
13.34,4.44754,17.496693,0.44953552,10.940976,17.416729
13.35,4.454988,17.541191,0.44659826,10.9053335,17.43686
13.36,4.4624314,17.585764,0.44367605,10.86975,17.456951
13.37,4.4698777,17.630415,0.44076756,10.834214,17.477009
13.38,4.477321,17.675144,0.43787348,10.798744,17.497032
13.39,4.4847608,17.719938,0.43499365,10.763332,17.517023
13.4,4.4922004,17.764816,0.4321282,10.727974,17.536974
13.41,4.4996386,17.80977,0.42927724,10.692676,17.556894
13.42,4.507075,17.8548,0.42643958,10.657437,17.57678
13.43,4.514509,17.899904,0.42361674,10.622254,17.596626
13.44,4.5219398,17.945072,0.42080826,10.587133,17.616428
13.45,4.5293703,17.99033,0.41801292,10.552064,17.636211
13.46,4.536798,18.035652,0.41523245,10.517058,17.655945
13.47,4.544226,18.081059,0.41246554,10.482113,17.675652
13.48,4.5516486,18.12653,0.4097128,10.447228,17.695318
13.49,4.5590725,18.17208,0.40697414,10.412398,17.714947
13.5,4.566491,18.217709,0.40424868,10.377632,17.734547
13.51,4.57391,18.263409,0.40153772,10.342924,17.754105
13.52,4.5813246,18.309185,0.39884022,10.308276,17.773628
13.53,4.5887394,18.35503,0.3961571,10.273691,17.793114
13.54,4.5961514,18.400951,0.39348724,10.239167,17.812563
13.55,4.603562,18.446953,0.39083093,10.204697,17.831976
13.56,4.6109686,18.493029,0.38818842,10.170292,17.851349
13.57,4.618374,18.539175,0.3855602,10.135952,17.870687
13.58,4.6257763,18.5854,0.38294497,10.10167,17.889994
13.59,4.6331763,18.631697,0.3803435,10.067449,17.909256
13.6,4.6405745,18.67807,0.37775514,10.033286,17.928482
13.61,4.6479683,18.724503,0.37518066,9.999195,17.947674
13.62,4.6553607,18.77102,0.3726195,9.965159,17.966822
13.63,4.6627507,18.817616,0.37007168,9.931186,17.985937
13.64,4.67014,18.86428,0.36753723,9.897276,18.005016
13.65,4.677523,18.911013,0.3650162,9.863429,18.02405
13.66,4.684905,18.95783,0.36250848,9.829645,18.043058
13.67,4.6922846,19.004723,0.36001366,9.7959175,18.06202
13.68,4.6996613,19.051678,0.35753235,9.7622595,18.080946
13.69,4.707035,19.09872,0.35506424,9.728665,18.099838
13.7,4.7144046,19.145824,0.3526095,9.695131,18.118689
13.71,4.7217736,19.193008,0.3501674,9.661663,18.137505
13.72,4.729139,19.240265,0.3477387,9.62826,18.156277
13.73,4.736501,19.287588,0.34532264,9.594922,18.175009
13.74,4.74386,19.334993,0.3429198,9.561639,18.193703
13.75,4.751216,19.382467,0.34052953,9.528425,18.21237
13.76,4.7585683,19.430023,0.33815202,9.495274,18.230988
13.77,4.7659183,19.477648,0.33578813,9.462188,18.249569
13.78,4.7732635,19.52534,0.33343673,9.429173,18.268116
13.79,4.780606,19.573112,0.3310982,9.396219,18.286621
13.8,4.7879467,19.620958,0.3287721,9.36333,18.305088
13.81,4.795283,19.668875,0.32645878,9.330506,18.323517
13.82,4.8026156,19.716864,0.32415813,9.297747,18.341908
13.83,4.809948,19.764927,0.3218698,9.265052,18.360252
13.84,4.817274,19.813066,0.31959468,9.232423,18.378565
13.85,4.8245974,19.86127,0.3173317,9.199862,18.396841
13.86,4.831916,19.909555,0.31508133,9.167364,18.415071
13.87,4.839233,19.957912,0.3128435,9.134935,18.433264
13.88,4.846545,20.006338,0.3106178,9.102571,18.451416
13.89,4.8538537,20.05485,0.30840468,9.070271,18.469528
13.9,4.861155,20.103416,0.3062044,9.038041,18.487606
13.91,4.868457,20.152065,0.30401585,9.005877,18.505636
13.92,4.875753,20.200788,0.3018398,8.973777,18.523634
13.93,4.8830466,20.249584,0.29967555,8.941744,18.541592
13.94,4.8903356,20.29845,0.2975241,8.909781,18.55951
13.95,4.8976216,20.3474,0.29538435,8.877881,18.577381
13.96,4.904902,20.396418,0.2932566,8.846048,18.595213
13.97,4.9121785,20.445501,0.29114136,8.814281,18.613014
13.98,4.9194503,20.494665,0.28903824,8.782593,18.630772
13.99,4.926718,20.543903,0.28694683,8.750961,18.64849
14.0,4.933984,20.5932,0.28486723,8.719403,18.666166
14.01,4.941245,20.642593,0.2827998,8.687906,18.68381
14.02,4.948499,20.692043,0.28074396,8.656477,18.701403
14.03,4.955752,20.741566,0.278701,8.625125,18.71896
14.04,4.962998,20.791172,0.27666885,8.593833,18.736475
14.05,4.97024,20.840853,0.27464864,8.562609,18.753944
14.06,4.977478,20.890589,0.27264,8.531458,18.771381
14.07,4.9847097,20.940407,0.27064395,8.500374,18.78878
14.08,4.9919386,20.990303,0.26865873,8.469357,18.806131
14.09,4.9991612,21.04027,0.2666853,8.438409,18.823448
14.1,5.006381,21.090317,0.2647235,8.407528,18.84073
14.11,5.013595,21.140427,0.26277333,8.37672,18.857956
14.12,5.0208054,21.190619,0.26083475,8.345978,18.875154
14.13,5.028009,21.240875,0.2589076,8.315304,18.892302
14.14,5.03521,21.291208,0.25699174,8.284698,18.909416
14.15,5.042403,21.34161,0.25508776,8.254168,18.92648
14.16,5.0495934,21.392092,0.2531949,8.2237015,18.94351
14.17,5.0567784,21.442646,0.25131345,8.193302,18.960497
14.18,5.0639567,21.493275,0.24944304,8.162977,18.97745
14.19,5.0711308,21.543972,0.24758402,8.132722,18.99435
14.2,5.0783,21.59475,0.24573615,8.102533,19.01121
14.21,5.0854635,21.645601,0.24389967,8.072415,19.028036
14.22,5.0926223,21.696524,0.24207422,8.042364,19.04482
14.23,5.0997744,21.747517,0.2402602,8.012388,19.061565
14.24,5.1069217,21.798584,0.23845671,7.9824786,19.078262
14.25,5.1140647,21.84972,0.23666485,7.952641,19.094927
14.26,5.121204,21.900944,0.23488343,7.922868,19.111542
14.27,5.1283326,21.952232,0.23311359,7.893169,19.128119
14.28,5.13546,22.003592,0.23135452,7.863539,19.144655
14.29,5.142579,22.055021,0.22960614,7.8339796,19.161146
14.3,5.1496925,22.106539,0.22786833,7.8044906,19.177607
14.31,5.1568027,22.158121,0.22614169,7.775072,19.194014
14.32,5.1639023,22.209776,0.2244259,7.745724,19.210384
14.33,5.170999,22.261501,0.22272061,7.7164464,19.226717
14.34,5.178091,22.313309,0.22102657,7.6872396,19.243008
14.35,5.185176,22.365185,0.21934225,7.658105,19.259254
14.36,5.192256,22.417131,0.2176692,7.629037,19.275463
14.37,5.1993284,22.469154,0.21600711,7.600043,19.291624
14.38,5.206396,22.52125,0.21435483,7.5711164,19.307749
14.39,5.2134576,22.573421,0.21271312,7.54226,19.32383
14.4,5.2205114,22.625664,0.2110821,7.51348,19.339869
14.41,5.227561,22.67798,0.20946153,7.4847693,19.355862
14.42,5.234606,22.730375,0.20785078,7.456125,19.37182
14.43,5.2416406,22.782831,0.20625117,7.427554,19.387726
14.44,5.2486706,22.835356,0.20466158,7.399059,19.4036
14.45,5.255695,22.887968,0.20308195,7.3706274,19.419434
14.46,5.262711,22.94065,0.20151275,7.3422723,19.435223
14.47,5.269724,22.99341,0.19995373,7.313984,19.45097
14.48,5.276729,23.046228,0.19840497,7.285771,19.466677
14.49,5.2837276,23.099129,0.19686577,7.25763,19.482342
14.5,5.2907214,23.152098,0.19533682,7.229557,19.497969
14.51,5.297708,23.20514,0.19381824,7.2015576,19.513546
14.52,5.304687,23.258253,0.19230895,7.173626,19.529087
14.53,5.3116574,23.311438,0.19081017,7.145771,19.544584
14.54,5.3186245,23.364698,0.18932088,7.1179833,19.560041
14.55,5.325583,23.418022,0.18784188,7.09027,19.575453
14.56,5.3325357,23.471428,0.18637201,7.0626264,19.590826
14.57,5.3394814,23.524902,0.18491179,7.035059,19.606155
14.58,5.346422,23.57844,0.18346177,7.007559,19.621449
14.59,5.3533535,23.632065,0.18202125,6.980132,19.636696
14.6,5.360279,23.685747,0.18059023,6.952777,19.6519
14.61,5.367197,23.739504,0.1791688,6.9254966,19.667059
14.62,5.3741107,23.793324,0.17775668,6.898283,19.682182
14.63,5.3810143,23.847227,0.17635386,6.8711433,19.697264
14.64,5.3879147,23.901196,0.17496054,6.8440757,19.712297
14.65,5.394804,23.955233,0.17357676,6.8170824,19.727293
14.66,5.4016886,24.009346,0.17220229,6.7901587,19.742247
14.67,5.4085665,24.06353,0.17083694,6.763306,19.757153
14.68,5.415437,24.117777,0.169481,6.7365294,19.772026
14.69,5.4223013,24.17209,0.16813356,6.7098255,19.786854
14.7,5.4291563,24.226477,0.16679579,6.6831913,19.80164
14.71,5.4360075,24.280941,0.1654671,6.6566286,19.816385
14.72,5.4428496,24.335464,0.164147,6.6301384,19.831087
14.73,5.4496837,24.390066,0.1628361,6.603723,19.845753
14.74,5.456511,24.444729,0.16153404,6.5773797,19.86037
14.75,5.4633307,24.499464,0.16024093,6.5511055,19.874943
14.76,5.4701443,24.554268,0.15895653,6.5249066,19.889477
14.77,5.47695,24.60914,0.15768063,6.4987803,19.903975
14.78,5.483748,24.664068,0.156414,6.472727,19.918427
14.79,5.4905386,24.719076,0.15515539,6.446745,19.93283
14.8,5.497323,24.774147,0.15390559,6.420835,19.9472
14.81,5.5040984,24.829288,0.15266444,6.3949986,19.961523
14.82,5.510868,24.884493,0.1514317,6.3692374,19.975807
14.83,5.5176287,24.939777,0.1502078,6.3435445,19.990053
14.84,5.524383,24.995117,0.14899173,6.3179274,20.00425
14.85,5.531131,25.050528,0.14778477,6.292382,20.018412
14.86,5.5378704,25.106,0.14658552,6.266911,20.032526
14.87,5.544601,25.161541,0.14539446,6.2415104,20.0466
14.88,5.5513244,25.217152,0.1442116,6.216182,20.060635
14.89,5.5580416,25.272827,0.1430373,6.190926,20.074633
14.9,5.5647507,25.328562,0.14187112,6.165748,20.088575
14.91,5.5714517,25.38437,0.14071254,6.1406384,20.102484
14.92,5.578145,25.44024,0.13956241,6.1156006,20.116354
14.93,5.5848317,25.496174,0.13842005,6.090638,20.13017
14.94,5.59151,25.552174,0.13728578,6.0657473,20.143959
14.95,5.598181,25.60824,0.1361591,6.0409307,20.157698
14.96,5.6048436,25.664366,0.13504057,6.016187,20.171394
14.97,5.611498,25.72057,0.13392942,5.9915137,20.185051
14.98,5.6181436,25.776833,0.13282612,5.9669166,20.19867
14.99,5.624782,25.833158,0.13173072,5.94239,20.212244
15.0,5.631415,25.889553,0.13064262,5.9179335,20.225775
15.01,5.6380367,25.946012,0.1295626,5.893552,20.239267
15.02,5.644653,26.00253,0.1284898,5.869241,20.252718
15.03,5.65126,26.05911,0.12742497,5.845007,20.266132
15.04,5.65786,26.115755,0.12636715,5.8208437,20.2795
15.05,5.6644506,26.17247,0.12531714,5.7967505,20.292831
15.06,5.671036,26.229244,0.124273896,5.772731,20.306116
15.07,5.6776114,26.286077,0.12323871,5.74879,20.319351
15.08,5.684178,26.34298,0.12221031,5.7249146,20.332556
15.09,5.690738,26.399948,0.121189184,5.701113,20.345726
15.1,5.6972895,26.456987,0.12017567,5.6773806,20.358847
15.11,5.703832,26.51408,0.11916894,5.653728,20.371927
15.12,5.7103662,26.571236,0.118169546,5.6301436,20.38496
15.13,5.716893,26.628464,0.117177226,5.6066294,20.397959
15.14,5.7234116,26.685747,0.116191946,5.5831885,20.410921
15.15,5.729922,26.74308,0.11521374,5.559822,20.423836
15.16,5.7364254,26.800499,0.11424242,5.536524,20.436708
15.17,5.7429185,26.85797,0.113277726,5.5133,20.449541
15.18,5.7494054,26.915503,0.11232043,5.490147,20.462343
15.19,5.7558823,26.973103,0.111369774,5.4670663,20.475092
15.2,5.7623496,27.03077,0.11042645,5.4440575,20.48781
15.21,5.7688117,27.088497,0.10948953,5.42112,20.500477
15.22,5.775263,27.146288,0.1085592,5.3982506,20.513117
15.23,5.781707,27.204138,0.10763582,5.3754587,20.525703
15.24,5.7881393,27.26205,0.10671882,5.352735,20.538256
15.25,5.7945666,27.320034,0.105808474,5.330081,20.55077
15.26,5.800987,27.378078,0.10490503,5.307499,20.56324
15.27,5.8073955,27.436193,0.10400817,5.2849865,20.575668
15.28,5.8137956,27.494358,0.10311761,5.2625494,20.58806
15.29,5.820188,27.552584,0.10223384,5.240182,20.600412
15.3,5.8265724,27.610884,0.1013561,5.2178826,20.61272
15.31,5.832947,27.669249,0.10048543,5.1956563,20.624996
15.32,5.839315,27.727667,0.09962061,5.1735015,20.637228
15.33,5.8456717,27.786152,0.098762974,5.1514153,20.649416
15.34,5.8520203,27.844704,0.09791078,5.1293983,20.661566
15.35,5.8583617,27.903322,0.09706486,5.107455,20.673681
15.36,5.8646913,27.961992,0.09622604,5.0855823,20.685747
15.37,5.871014,28.020733,0.095392935,5.0637755,20.697779
15.38,5.877328,28.079529,0.094566345,5.0420423,20.709778
15.39,5.8836327,28.138397,0.09374545,5.0203753,20.721727
15.4,5.88993,28.197323,0.092931114,4.998782,20.733646
15.41,5.8962193,28.256311,0.092122756,4.977255,20.745523
15.42,5.902496,28.315372,0.091320395,4.9557986,20.757357
15.43,5.908766,28.374496,0.09052439,4.9344134,20.76915
15.44,5.9150257,28.433666,0.089733995,4.913097,20.7809
15.45,5.9212775,28.492924,0.08894988,4.891848,20.792622
15.46,5.9275208,28.552237,0.08817182,4.870671,20.8043
15.47,5.9337544,28.611609,0.08739948,4.8495607,20.815943
15.48,5.939978,28.671045,0.08663327,4.828521,20.82754
15.49,5.9461927,28.730541,0.085872985,4.8075495,20.839102
15.5,5.9524,28.79012,0.08511833,4.7866454,20.85062
15.51,5.9585953,28.84974,0.08436941,4.765811,20.862106
15.52,5.9647827,28.909441,0.083626494,4.7450447,20.873552
15.53,5.97096,28.96918,0.08288956,4.7243505,20.884954
15.54,5.9771304,29.029,0.08215797,4.703722,20.896326
15.55,5.983291,29.088879,0.08143209,4.6831613,20.907652
15.56,5.989443,29.148825,0.080712005,4.6626697,20.918945
15.57,5.9955845,29.20883,0.079997465,4.6422453,20.930191
15.58,6.001716,29.268906,0.07928831,4.621888,20.941406
15.59,6.0078373,29.329042,0.0785852,4.6016026,20.952576
15.6,6.0139513,29.389238,0.07788768,4.5813794,20.963718
15.61,6.0200553,29.449492,0.07719552,4.561229,20.97481
15.62,6.02615,29.509819,0.07650866,4.541145,20.98587
15.63,6.032235,29.570202,0.07582744,4.5211277,20.996887
15.64,6.0383115,29.630651,0.075151786,4.501178,21.00787
15.65,6.0443754,29.691153,0.0744811,4.4812975,21.01881
15.66,6.0504336,29.751726,0.07381602,4.4614806,21.02971
15.67,6.056481,29.81236,0.07315652,4.441734,21.040583
15.68,6.0625196,29.873066,0.07250207,4.422053,21.051405
15.69,6.068546,29.933828,0.07185291,4.402441,21.062197
15.7,6.074564,29.994648,0.071208574,4.3828936,21.07294
15.71,6.080573,30.055525,0.07056997,4.3634143,21.083658
15.72,6.08657,30.11648,0.06993601,4.344003,21.094337
15.73,6.0925574,30.177485,0.069308124,4.3246584,21.10497
15.74,6.098536,30.238558,0.068684675,4.305378,21.115578
15.75,6.1045084,30.299688,0.0680663,4.286164,21.126143
15.76,6.1104674,30.36088,0.06745297,4.267019,21.13666
15.77,6.116418,30.42213,0.06684465,4.247938,21.147148
15.78,6.122357,30.483446,0.06624166,4.228928,21.157589
15.79,6.128288,30.544827,0.06564331,4.2099795,21.168
15.8,6.1342077,30.60626,0.06505011,4.1910987,21.178371
15.81,6.140119,30.667765,0.06446156,4.1722836,21.18871
15.82,6.146018,30.729319,0.06387802,4.153538,21.199001
15.83,6.1519084,30.790934,0.06329921,4.1348553,21.209263
15.84,6.157789,30.85262,0.06272498,4.116238,21.219486
15.85,6.1636605,30.914349,0.062155478,4.0976863,21.229671
15.86,6.1695204,30.976147,0.06159088,4.0792036,21.239822
15.87,6.1753726,31.038004,0.06103085,4.060784,21.249924
15.88,6.181215,31.099926,0.060475565,4.042429,21.259996
15.89,6.1870456,31.161911,0.05992505,4.0241394,21.270037
15.9,6.192866,31.22394,0.059378915,4.00592,21.280025
15.91,6.1986766,31.286043,0.058836974,3.9877613,21.28999
15.92,6.2044764,31.348198,0.058299832,3.9696696,21.299906
15.93,6.210268,31.410404,0.057767056,3.9516423,21.309793
15.94,6.216047,31.472672,0.057239093,3.9336824,21.31964
15.95,6.2218156,31.535007,0.056715235,3.915785,21.329453
15.96,6.2275786,31.597391,0.056195796,3.8979526,21.33922
15.97,6.2333293,31.659832,0.055680655,3.8801847,21.34896
15.98,6.2390695,31.722332,0.055169806,3.8624837,21.35866
15.99,6.2447996,31.784897,0.054663055,3.8448477,21.36832
16.0,6.25052,31.847525,0.054160684,3.827273,21.37795
16.01,6.256231,31.910194,0.053662553,3.809764,21.387543
16.02,6.26193,31.972933,0.05316829,3.7923203,21.397095
16.03,6.2676196,32.035725,0.052678883,3.7749386,21.406612
16.04,6.2733016,32.098568,0.05219266,3.7576213,21.416094
16.05,6.2789702,32.161465,0.05171092,3.7403727,21.425535
16.06,6.28463,32.22443,0.051233143,3.723183,21.434937
16.07,6.290278,32.287445,0.05075957,3.7060602,21.444317
16.08,6.295918,32.35052,0.050289907,3.688999,21.453648
16.09,6.3015456,32.41365,0.04982353,3.6720026,21.462955
16.1,6.3071666,32.476833,0.049361788,3.655068,21.47221
16.11,6.312777,32.540077,0.048903383,3.6381967,21.48144
16.12,6.3183737,32.60338,0.04844916,3.6213908,21.490633
16.13,6.323961,32.66672,0.047998786,3.604649,21.499784
16.14,6.3295403,32.730125,0.047552027,3.587969,21.5089
16.15,6.3351073,32.793587,0.047109023,3.5713499,21.517988
16.16,6.340667,32.8571,0.046669655,3.5547955,21.527035
16.17,6.3462133,32.920677,0.04623369,3.5383048,21.536055
16.18,6.351754,32.984303,0.045801647,3.5218742,21.545029
16.19,6.3572817,33.04798,0.045373365,3.505506,21.55397
16.2,6.362799,33.111713,0.044948444,3.489202,21.562878
16.21,6.3683047,33.17549,0.044527538,3.4729614,21.571747
16.22,6.373802,33.23934,0.044109568,3.4567807,21.580585
16.23,6.379292,33.303234,0.043695234,3.4406612,21.589386
16.24,6.384771,33.367184,0.043284245,3.4246042,21.598158
16.25,6.3902373,33.43119,0.042876646,3.4086092,21.60689
16.26,6.395695,33.49525,0.04247266,3.3926744,21.615597
16.27,6.40114,33.559364,0.042072028,3.3768015,21.624264
16.28,6.40658,33.62354,0.04167463,3.3609886,21.632898
16.29,6.4120054,33.68775,0.041280616,3.3452384,21.641485
16.3,6.417423,33.752014,0.040889934,3.329552,21.65005
16.31,6.4228287,33.81634,0.04050241,3.3139236,21.658575
16.32,6.4282265,33.88072,0.040118035,3.2983553,21.667067
16.33,6.433614,33.94514,0.039737627,3.2828474,21.675539
16.34,6.4389896,34.009624,0.03935931,3.2673993,21.683958
16.35,6.4443583,34.07416,0.038984682,3.252012,21.692364
16.36,6.449715,34.138744,0.03861358,3.2366855,21.700727
16.37,6.455065,34.203384,0.03824535,3.2214189,21.709055
16.38,6.4604,34.268063,0.0378798,3.2062132,21.717348
16.39,6.465726,34.332798,0.037517786,3.1910653,21.725609
16.4,6.471042,34.39759,0.037158273,3.175977,21.733839
16.41,6.4763484,34.46245,0.036802415,3.160945,21.742033
16.42,6.481646,34.527355,0.0364494,3.145975,21.750196
16.43,6.4869347,34.5923,0.036099195,3.131064,21.758326
16.44,6.492211,34.65731,0.035751875,3.1162117,21.766432
16.45,6.4974794,34.72235,0.03540796,3.101417,21.774494
16.46,6.5027366,34.78744,0.03506642,3.0866845,21.782526
16.47,6.507982,34.85259,0.034728087,3.0720081,21.790527
16.48,6.513219,34.917797,0.034392785,3.0573885,21.798498
16.49,6.5184484,34.98305,0.03406014,3.0428278,21.806435
16.5,6.523665,35.048374,0.033730246,3.0283234,21.81434
16.51,6.5288715,35.11372,0.03340324,3.0138786,21.822212
16.52,6.534068,35.179127,0.033079226,2.9994893,21.830055
16.53,6.539256,35.244587,0.032757528,2.9851594,21.83787
16.54,6.544431,35.31009,0.032439046,2.970886,21.845646
16.55,6.5496,35.37565,0.032123175,2.956672,21.8534
16.56,6.5547576,35.44125,0.03181046,2.9425125,21.861113
16.57,6.559905,35.50691,0.031499833,2.92841,21.868793
16.58,6.56504,35.572624,0.031191772,2.914365,21.876455
16.59,6.5701675,35.638382,0.030887103,2.9003744,21.88407
16.6,6.5752845,35.704185,0.030584581,2.886442,21.891666
16.61,6.5803933,35.770046,0.030284744,2.872563,21.899225
16.62,6.585491,35.835957,0.02998781,2.8587432,21.906752
16.63,6.5905766,35.901897,0.029693257,2.8449793,21.914255
16.64,6.5956535,35.967903,0.02940135,2.8312688,21.921722
16.65,6.6007204,36.03396,0.029112281,2.817615,21.929165
16.66,6.605776,36.10007,0.028825337,2.8040152,21.936579
16.67,6.6108246,36.166218,0.028541112,2.7904708,21.943958
16.68,6.615861,36.232426,0.02825967,2.7769828,21.951296
16.69,6.620888,36.298668,0.027980693,2.7635484,21.958614
16.7,6.625904,36.364975,0.027703952,2.7501693,21.965902
16.71,6.6309104,36.43131,0.027429907,2.7368472,21.973162
16.72,6.635907,36.497704,0.027157947,2.7235775,21.980385
16.73,6.6408916,36.564144,0.026888905,2.7103605,21.987585
16.74,6.645868,36.630634,0.026622143,2.6971989,21.99475
16.75,6.6508336,36.69718,0.02635769,2.6840918,22.001888
16.76,6.6557884,36.763775,0.026095573,2.671036,22.008997
16.77,6.660734,36.830425,0.025836185,2.6580353,22.016071
16.78,6.665669,36.897106,0.025579188,2.6450894,22.023123
16.79,6.670594,36.96385,0.02532422,2.6321943,22.030138
16.8,6.6755075,37.030605,0.025071703,2.6193578,22.037125
16.81,6.6804137,37.097446,0.024821244,2.6065693,22.044085
16.82,6.685308,37.16432,0.024573375,2.5938354,22.051014
16.83,6.6901875,37.231243,0.024328051,2.5811527,22.057919
16.84,6.6950617,37.298225,0.024084717,2.5685236,22.064798
16.85,6.6999264,37.365242,0.023843687,2.555948,22.071644
16.86,6.7047787,37.43232,0.023604741,2.5434222,22.078447
16.87,6.7096214,37.499428,0.023367787,2.5309503,22.08524
16.88,6.7144523,37.566586,0.023133658,2.518533,22.091995
16.89,6.719272,37.6338,0.022901738,2.5061634,22.098717
16.9,6.7240853,37.70106,0.02267161,2.4938471,22.105415
16.91,6.7288833,37.76836,0.02244404,2.4815836,22.112076
16.92,6.733673,37.83572,0.02221812,2.4693692,22.118723
16.93,6.738454,37.903122,0.021994613,2.4572072,22.125347
16.94,6.743222,37.97056,0.02177291,2.4450946,22.131926
16.95,6.7479825,38.038067,0.021553632,2.433035,22.13849
16.96,6.7527285,38.105606,0.021336176,2.421027,22.145008
16.97,6.7574677,38.173195,0.021121072,2.4090693,22.151508
16.98,6.762194,38.240833,0.02090802,2.3971615,22.15798
16.99,6.766912,38.308517,0.020696674,2.3853025,22.164427
17.0,6.771617,38.376247,0.020487566,2.3734949,22.17084
17.01,6.776312,38.44402,0.020280335,2.3617387,22.177229
17.02,6.7809963,38.511852,0.020075016,2.350031,22.18359
17.03,6.7856736,38.57972,0.01987189,2.3383727,22.189917
17.04,6.790335,38.64763,0.019670328,2.3267648,22.196218
17.05,6.7949877,38.715588,0.019470861,2.3152082,22.20249
17.06,6.7996283,38.783607,0.019273497,2.3036997,22.208742
17.07,6.8042607,38.851665,0.019077804,2.2922406,22.214962
17.08,6.8088837,38.919773,0.018883826,2.280828,22.221148
17.09,6.8134923,38.987934,0.01869208,2.2694662,22.227308
17.1,6.81809,39.056133,0.018501617,2.2581522,22.233448
17.11,6.822682,39.12437,0.01831337,2.2468882,22.239557
17.12,6.8272595,39.19267,0.01812653,2.2356708,22.24565
17.13,6.8318243,39.261,0.01794193,2.224505,22.251701
17.14,6.836382,39.329395,0.017759098,2.2133853,22.257734
17.15,6.840929,39.39783,0.017577864,2.2023134,22.263731
17.16,6.8454685,39.46631,0.017398203,2.19129,22.269705
17.17,6.8499913,39.534832,0.017220384,2.180314,22.275654
17.18,6.854506,39.60342,0.017044004,2.1693854,22.281565
17.19,6.859011,39.67203,0.01686972,2.158505,22.287462
17.2,6.863505,39.740707,0.016696647,2.14767,22.293327
17.21,6.867986,39.809402,0.01652547,2.1368856,22.299168
17.22,6.8724556,39.878166,0.016355988,2.126146,22.30498
17.23,6.8769193,39.946976,0.016187979,2.115453,22.310768
17.24,6.8813705,40.01584,0.016021669,2.1048071,22.316528
17.25,6.8858113,40.08472,0.015856579,2.094207,22.322264
17.26,6.8902392,40.15366,0.015693024,2.0836542,22.327969
17.27,6.894659,40.22266,0.015531015,2.0731466,22.333654
17.28,6.8990684,40.291702,0.015371021,2.0626853,22.33931
17.29,6.903465,40.360783,0.015212018,2.0522714,22.344942
17.3,6.907851,40.429905,0.015054479,2.0419028,22.350542
17.31,6.9122286,40.49908,0.014898992,2.0315795,22.356123
17.32,6.916594,40.5683,0.0147445025,2.0213013,22.361675
17.33,6.9209504,40.63757,0.014591416,2.0110693,22.367205
17.34,6.9252977,40.706886,0.014440123,2.0008817,22.372705
17.35,6.929631,40.776253,0.014290134,1.9907387,22.378183
17.36,6.933955,40.845654,0.014141303,1.980641,22.38363
17.37,6.938271,40.915108,0.013993802,1.970588,22.389057
17.38,6.9425735,40.9846,0.013848037,1.9605821,22.394459
17.39,6.9468665,41.054142,0.0137034105,1.9506183,22.39984
17.4,6.9511514,41.123734,0.013560031,1.9406987,22.405188
17.41,6.9554234,41.19336,0.013418103,1.9308237,22.410522
17.42,6.959686,41.26304,0.013277277,1.9209926,22.415813
17.43,6.963939,41.332764,0.013138076,1.911205,22.421099
17.44,6.968183,41.402534,0.012999937,1.9014615,22.426346
17.45,6.972411,41.472355,0.012863087,1.8917605,22.431576
17.46,6.9766307,41.5422,0.012727604,1.882107,22.436773
17.47,6.9808435,41.6121,0.012593518,1.8724933,22.441954
17.48,6.985044,41.682037,0.012460541,1.8629237,22.447105
17.49,6.9892354,41.752037,0.012328651,1.8533953,22.452236
17.5,6.9934154,41.82207,0.012197879,1.8439121,22.457348
17.51,6.9975863,41.892162,0.012068879,1.8344699,22.462435
17.52,7.0017486,41.96226,0.0119407615,1.8250723,22.467493
17.53,7.005898,42.032444,0.011813825,1.8157164,22.47253
17.54,7.010039,42.10265,0.0116879,1.8064023,22.477543
17.55,7.014169,42.172897,0.011563543,1.7971324,22.48253
17.56,7.018291,42.243183,0.011439905,1.787903,22.487492
17.57,7.022401,42.31353,0.011317894,1.7787156,22.49244
17.58,7.0264993,42.3839,0.011196846,1.7695688,22.497356
17.59,7.0305905,42.454334,0.011076642,1.7604645,22.502254
17.6,7.0346727,42.524796,0.010958079,1.7514029,22.50713
17.61,7.038745,42.595295,0.010840003,1.742381,22.511982
17.62,7.0428076,42.665867,0.010723402,1.733401,22.51681
17.63,7.046858,42.736435,0.010608197,1.7244631,22.521608
17.64,7.0508995,42.80707,0.010493762,1.715565,22.526398
17.65,7.054932,42.87775,0.010380191,1.7067076,22.531162
17.66,7.0589547,42.948475,0.010267782,1.6978899,22.535889
17.67,7.062965,43.01923,0.0101571325,1.6891153,22.540606
17.68,7.0669694,43.09003,0.01004683,1.6803788,22.545296
17.69,7.0709605,43.160862,0.009937739,1.6716843,22.549965
17.7,7.074945,43.23174,0.009830041,1.6630297,22.55462
17.71,7.078917,43.30265,0.009723188,1.654415,22.559252
17.72,7.082883,43.37362,0.009617219,1.6458396,22.563854
17.73,7.086838,43.44461,0.009512594,1.6373051,22.568438
17.74,7.0907836,43.51565,0.009408428,1.6288083,22.572992
17.75,7.0947175,43.586723,0.009306005,1.6203517,22.577534
17.76,7.0986447,43.65784,0.009204087,1.6119354,22.582052
17.77,7.1025615,43.729008,0.009103515,1.6035569,22.58656
17.78,7.1064663,43.800198,0.009003798,1.595219,22.591032
17.79,7.1103635,43.871426,0.008904757,1.5869185,22.59549
17.8,7.114251,43.942684,0.008807455,1.5786594,22.599922
17.81,7.118131,44.013985,0.008710231,1.5704373,22.604342
17.82,7.1219993,44.085342,0.008614576,1.5622537,22.60873
17.83,7.125858,44.156727,0.008519731,1.5541084,22.613102
17.84,7.1297083,44.228138,0.008426113,1.5460013,22.617455
17.85,7.1335487,44.299595,0.008333231,1.5379331,22.621788
17.86,7.1373777,44.37109,0.008240817,1.5299019,22.626093
17.87,7.1412,44.44263,0.008150194,1.5219095,22.630384
17.88,7.145011,44.51417,0.008060266,1.5139569,22.63465
17.89,7.148815,44.585762,0.00797108,1.5060384,22.638895
17.9,7.1526065,44.6574,0.007883172,1.4981596,22.64313
17.91,7.1563907,44.72908,0.0077961273,1.4903166,22.647335
17.92,7.1601644,44.800793,0.007709511,1.4825124,22.651531
17.93,7.1639285,44.872543,0.007624151,1.4747441,22.655697
17.94,7.167683,44.94431,0.0075394036,1.467013,22.65985
17.95,7.1714287,45.016132,0.0074557452,1.4593189,22.663982
17.96,7.1751637,45.08796,0.0073731625,1.4516634,22.66808
17.97,7.178891,45.159847,0.0072912937,1.4440424,22.672182
17.98,7.182607,45.231762,0.007210532,1.4364586,22.676249
17.99,7.1863155,45.30372,0.007130568,1.428911,22.680294
18.0,7.1900134,45.375706,0.00705114,1.421399,22.684326
18.01,7.1937017,45.447704,0.0069727316,1.4139236,22.688341
18.02,7.19738,45.519768,0.0068951366,1.4064841,22.692337
18.03,7.2010493,45.591873,0.006818416,1.399079,22.696314
18.04,7.204709,45.663963,0.0067425393,1.3917115,22.700256
18.05,7.2083592,45.73612,0.006667601,1.384381,22.704197
18.06,7.212002,45.808304,0.006593511,1.3770838,22.708115
18.07,7.2156296,45.88051,0.0065198154,1.369821,22.712015
18.08,7.219254,45.952766,0.006447238,1.3625945,22.715895
18.09,7.2228646,46.025043,0.006375159,1.3554024,22.719763
18.1,7.2264676,46.09737,0.006304231,1.3482465,22.723598
18.11,7.2300615,46.169727,0.006234084,1.3411225,22.72743
18.12,7.2336435,46.242096,0.006164586,1.3340364,22.731222
18.13,7.2372174,46.314507,0.0060955756,1.3269843,22.735018
18.14,7.2407813,46.38694,0.0060276813,1.319965,22.738781
18.15,7.244334,46.45943,0.005960416,1.3129805,22.742533
18.16,7.247882,46.53193,0.005893659,1.3060306,22.746267
18.17,7.2514157,46.604465,0.005827825,1.2991141,22.749989
18.18,7.254944,46.67705,0.0057624136,1.2922301,22.753681
18.19,7.2584615,46.749657,0.005698191,1.2853806,22.757353
18.2,7.2619653,46.822296,0.005634162,1.2785647,22.761019
18.21,7.2654614,46.89496,0.0055713016,1.2717834,22.764662
18.22,7.268949,46.967663,0.0055089905,1.2650348,22.768288
18.23,7.2724257,47.04039,0.0054472014,1.2583183,22.771889
18.24,7.2758965,47.113163,0.0053859637,1.251634,22.77547
18.25,7.279352,47.185944,0.005325849,1.2449833,22.779047
18.26,7.282802,47.25877,0.00526561,1.2383649,22.782608
18.27,7.2862396,47.331642,0.0052065207,1.2317797,22.786148
18.28,7.2896714,47.404552,0.0051479815,1.2252264,22.78966
18.29,7.2930894,47.47746,0.005089733,1.2187054,22.79315
18.3,7.2965,47.550407,0.005032581,1.2122166,22.796642
18.31,7.299899,47.623383,0.0049756006,1.2057598,22.800112
18.32,7.3032894,47.696404,0.004919499,1.1993344,22.803568
18.33,7.3066688,47.769455,0.0048637046,1.1929399,22.80699
18.34,7.3100424,47.842556,0.004808688,1.1865784,22.810408
18.35,7.3134046,47.915676,0.00475422,1.180247,22.813797
18.36,7.316756,47.98881,0.004700156,1.1739465,22.817188
18.37,7.3200984,48.061993,0.0046466365,1.1676778,22.820555
18.38,7.323431,48.135193,0.0045936797,1.1614403,22.823904
18.39,7.326754,48.208447,0.0045412304,1.1552329,22.827234
18.4,7.330068,48.281723,0.0044888677,1.1490555,22.830544
18.41,7.3333716,48.355034,0.004438039,1.1429094,22.833841
18.42,7.336667,48.42837,0.004386915,1.1367929,22.837124
18.43,7.3399525,48.50174,0.0043367064,1.1307069,22.840385
18.44,7.3432283,48.575157,0.0042865435,1.1246512,22.84364
18.45,7.346493,48.648594,0.004237335,1.1186244,22.84687
18.46,7.34975,48.72205,0.0041881623,1.1126293,22.850084
18.47,7.352996,48.795563,0.0041397186,1.1066612,22.853289
18.48,7.3562336,48.869114,0.004091372,1.1007228,22.85647
18.49,7.3594627,48.94268,0.004043822,1.0948157,22.85963
18.5,7.3626814,49.016285,0.0039965706,1.0889362,22.86278
18.51,7.3658895,49.089916,0.003949783,1.083085,22.865913
18.52,7.36909,49.16361,0.0039034914,1.0772634,22.86904
18.53,7.372283,49.23731,0.003857188,1.0714701,22.872131
18.54,7.375463,49.31105,0.003811692,1.0657053,22.875223
18.55,7.378636,49.384815,0.0037668599,1.0599706,22.878296
18.56,7.381797,49.458626,0.0037221378,1.0542624,22.881344
18.57,7.384952,49.532455,0.0036774017,1.0485821,22.884384
18.58,7.3880963,49.606335,0.0036334256,1.0429306,22.887407
18.59,7.391233,49.68023,0.003589713,1.0373063,22.890408
18.6,7.394359,49.75417,0.003546399,1.0317097,22.89341
18.61,7.3974786,49.828167,0.0035037324,1.0261396,22.896383
18.62,7.4005857,49.902172,0.0034612063,1.0205986,22.899343
18.63,7.4036818,49.976196,0.0034191376,1.0150847,22.902288
18.64,7.406774,50.050274,0.0033772597,1.0095978,22.905218
18.65,7.409857,50.12439,0.0033362191,1.0041378,22.908136
18.66,7.4129267,50.198544,0.003295036,0.9987037,22.911028
18.67,7.4159923,50.272705,0.0032543112,0.9932968,22.913912
18.68,7.4190454,50.346928,0.0032140007,0.9879163,22.916786
18.69,7.422093,50.42119,0.0031739324,0.98256195,22.919632
18.7,7.4251304,50.49547,0.003134367,0.9772336,22.922478
18.71,7.4281588,50.569756,0.0030951668,0.97193444,22.925293
18.72,7.431179,50.644104,0.0030557094,0.96665835,22.928114
18.73,7.4341903,50.71851,0.0030173082,0.96140844,22.930897
18.74,7.4371943,50.792934,0.0029789554,0.95618486,22.933683
18.75,7.440187,50.867382,0.002940991,0.9509864,22.936447
18.76,7.443173,50.941883,0.002903548,0.94581425,22.93919
18.77,7.446151,51.01639,0.0028660567,0.9406668,22.94193
18.78,7.4491215,51.09095,0.0028291587,0.9355446,22.94465
18.79,7.452078,51.165527,0.0027924338,0.9304478,22.947355
18.8,7.455031,51.240154,0.0027562995,0.9253773,22.95004
18.81,7.457974,51.314816,0.0027202656,0.920331,22.952719
18.82,7.46091,51.3895,0.0026848875,0.91530865,22.955389
18.83,7.4638357,51.46422,0.0026494162,0.9103114,22.95804
18.84,7.4667563,51.53899,0.0026143324,0.90533906,22.960667
18.85,7.469666,51.61377,0.0025795484,0.90039057,22.963287
18.86,7.472567,51.688595,0.0025455914,0.895467,22.965899
18.87,7.475462,51.763454,0.0025113355,0.8905668,22.968493
18.88,7.478349,51.838337,0.0024778154,0.8856931,22.971071
18.89,7.481226,51.913246,0.0024442915,0.88084155,22.973635
18.9,7.4840965,51.988197,0.002411699,0.87601566,22.976183
18.91,7.4869576,52.063175,0.0023789452,0.87121135,22.978716
18.92,7.4898086,52.138206,0.0023465464,0.86643153,22.981243
18.93,7.492654,52.21326,0.0023144986,0.8616755,22.98375
18.94,7.4954906,52.288322,0.002282896,0.85694283,22.986242
18.95,7.4983196,52.363426,0.002251422,0.8522344,22.988737
18.96,7.501142,52.438553,0.0022205636,0.8475508,22.991201
18.97,7.503957,52.51374,0.0021901084,0.84288824,22.99365
18.98,7.5067625,52.588913,0.002159629,0.83824974,22.9961
18.99,7.5095596,52.66416,0.0021297513,0.8336338,22.998528
19.0,7.512349,52.73943,0.002100082,0.82904065,23.000946
19.01,7.5151334,52.814697,0.0020710044,0.8244705,23.003353
19.02,7.5179057,52.890034,0.002042192,0.8199247,23.005733
19.03,7.520672,52.965378,0.002013456,0.81540126,23.008108
19.04,7.5234313,53.040756,0.0019850284,0.81089914,23.010485
19.05,7.526179,53.116135,0.0019571995,0.80642104,23.012827
19.06,7.528921,53.191566,0.0019301046,0.80196625,23.015167
19.07,7.5316577,53.267002,0.0019026482,0.7975323,23.017498
19.08,7.5343857,53.3425,0.0018759221,0.79312193,23.019814
19.09,7.5371027,53.418,0.001849548,0.7887329,23.022112
19.1,7.5398135,53.49354,0.0018235268,0.7843665,23.024397
19.11,7.542519,53.569103,0.001797786,0.7800221,23.026678
19.12,7.5452147,53.64468,0.0017721392,0.7757005,23.028934
19.13,7.5479026,53.72028,0.0017473074,0.7714015,23.031187
19.14,7.55058,53.79591,0.0017227074,0.7671236,23.033424
19.15,7.553253,53.871567,0.0016985703,0.762868,23.03565
19.16,7.555918,53.947235,0.0016748188,0.7586343,23.037865
19.17,7.5585732,54.02296,0.0016507749,0.7544221,23.040075
19.18,7.5612254,54.09868,0.001627679,0.75023216,23.042267
19.19,7.563867,54.17443,0.0016048355,0.7460637,23.04445
19.2,7.5664964,54.250206,0.0015821056,0.7419156,23.046608
19.21,7.5691233,54.325977,0.001560295,0.7377924,23.048777
19.22,7.5717387,54.4018,0.0015383242,0.733688,23.050913
19.23,7.5743504,54.477627,0.0015170993,0.729606,23.053047
19.24,7.57695,54.553486,0.0014960142,0.7255449,23.055166
19.25,7.579545,54.62937,0.0014751963,0.7215052,23.057285
19.26,7.582131,54.70526,0.0014547603,0.717488,23.059372
19.27,7.584707,54.781185,0.0014341716,0.7134898,23.06146
19.28,7.587278,54.85713,0.0014150674,0.7095145,23.063534
19.29,7.5898404,54.93308,0.0013952386,0.70555985,23.065605
19.3,7.5923934,55.00905,0.0013761707,0.701626,23.067661
19.31,7.5949397,55.08505,0.0013573142,0.6977142,23.069693
19.32,7.597478,55.161068,0.0013390444,0.6938214,23.071722
19.33,7.6000085,55.23711,0.0013209218,0.6899504,23.073753
19.34,7.60253,55.31314,0.0013029566,0.6861007,23.075758
19.35,7.605046,55.38922,0.0012854384,0.6822706,23.077757
19.36,7.6075516,55.46532,0.0012683654,0.6784624,23.07974
19.37,7.610051,55.541416,0.0012515942,0.6746747,23.081724
19.38,7.6125407,55.617516,0.0012347959,0.6709068,23.08369
19.39,7.615022,55.69367,0.0012186458,0.6671593,23.085648
19.4,7.6175013,55.76982,0.0012028022,0.66343296,23.08759
19.41,7.619967,55.846004,0.0011866791,0.65972614,23.08953
19.42,7.622424,55.922188,0.0011712741,0.6560388,23.091448
19.43,7.6248755,55.99841,0.0011561429,0.6523724,23.093369
19.44,7.6273174,56.07465,0.0011410834,0.6487269,23.09527
19.45,7.629752,56.15089,0.0011262717,0.6451008,23.097158
19.46,7.6321774,56.227135,0.0011117058,0.6414947,23.099049
19.47,7.634601,56.303417,0.0010972722,0.6379085,23.100935
19.48,7.637011,56.37973,0.0010836879,0.6343431,23.102787
19.49,7.6394114,56.456043,0.0010696556,0.6307953,23.104645
19.5,7.6418114,56.53238,0.00105613,0.6272682,23.106487
19.51,7.6441956,56.608727,0.0010427721,0.6237604,23.108324
19.52,7.6465735,56.68512,0.0010294709,0.620271,23.11015
19.53,7.648946,56.76151,0.0010162406,0.616803,23.111958
19.54,7.6513104,56.837917,0.0010033594,0.613353,23.113773
19.55,7.653665,56.914345,0.000990509,0.60992324,23.115562
19.56,7.656012,56.99079,0.000977993,0.6065112,23.117357
19.57,7.658353,57.06727,0.0009655878,0.60311896,23.11913
19.58,7.6606874,57.143772,0.0009535095,0.59974545,23.120895
19.59,7.6630135,57.220276,0.00094145536,0.5963899,23.122646
19.6,7.6653275,57.29679,0.0009290837,0.59305394,23.124403
19.61,7.6676373,57.37335,0.00091713853,0.589736,23.12614
19.62,7.6699405,57.44993,0.00090554263,0.58643764,23.127874
19.63,7.6722336,57.52652,0.0008938331,0.5831574,23.129595
19.64,7.6745186,57.603127,0.000881915,0.57989436,23.131302
19.65,7.676798,57.679794,0.000870483,0.5766497,23.133009
19.66,7.679069,57.75644,0.00085898675,0.5734232,23.13471
19.67,7.6813364,57.833126,0.00084791705,0.570215,23.136383
19.68,7.6835885,57.909847,0.0008361526,0.5670242,23.138067
19.69,7.6858387,57.986595,0.0008246796,0.5638512,23.139732
19.7,7.68808,58.063362,0.00081349723,0.56069547,23.14139
19.71,7.690314,58.14012,0.0008022012,0.55755854,23.143038
19.72,7.692538,58.21696,0.0007909164,0.55443686,23.144682
19.73,7.694761,58.29378,0.00077986624,0.55133426,23.14632
19.74,7.696971,58.37065,0.00076841936,0.54824764,23.14793
19.75,7.6991773,58.44752,0.0007570768,0.54517865,23.149546
19.76,7.701374,58.52448,0.00074612815,0.5421263,23.151154
19.77,7.7035646,58.601402,0.00073491596,0.5390904,23.15275
19.78,7.705747,58.67838,0.0007233536,0.5360716,23.15434
19.79,7.707923,58.75541,0.0007120464,0.5330685,23.155918
19.8,7.7100916,58.832424,0.000700891,0.530083,23.15749
19.81,7.7122526,58.909492,0.00068978965,0.52711314,23.159052
19.82,7.71441,58.98659,0.00067822076,0.52415884,23.160606
19.83,7.716558,59.063717,0.00066699926,0.5212211,23.162153
19.84,7.7187004,59.14087,0.00065561756,0.518299,23.163687
19.85,7.7208343,59.218033,0.0006439714,0.51539195,23.16523
19.86,7.7229624,59.295258,0.00063246116,0.5125022,23.16674
19.87,7.725083,59.37251,0.0006210618,0.50962645,23.168243
19.88,7.7271953,59.44976,0.0006094752,0.5067673,23.169752
19.89,7.729304,59.527096,0.0005978262,0.5039224,23.171257
19.9,7.731406,59.604435,0.0005861884,0.50109375,23.172745
19.91,7.7335005,59.681812,0.0005745301,0.49827862,23.174223
19.92,7.735585,59.759205,0.00056284666,0.4954781,23.175694
19.93,7.7376657,59.836624,0.0005510729,0.4926942,23.177147
19.94,7.7397428,59.914097,0.0005395841,0.48992354,23.178602
19.95,7.741809,59.991596,0.0005274527,0.48716903,23.180048
19.96,7.743872,60.069122,0.000515908,0.4844277,23.18149
19.97,7.745925,60.146664,0.00050383527,0.48170054,23.182922
19.98,7.747975,60.224274,0.00049225334,0.478988,23.184343
19.99,7.7500153,60.301872,0.00048042368,0.47628927,23.185755
20.0,7.752052,60.37953,0.0004684897,0.47360474,23.187164
20.01,7.7540817,60.45722,0.00045659952,0.4709344,23.188562
20.02,7.756103,60.53493,0.00044516847,0.4682768,23.18995
20.03,7.758121,60.612656,0.00043311436,0.46563345,23.19133
20.04,7.7601285,60.69042,0.00042131264,0.463004,23.192705
20.05,7.762135,60.768208,0.00040960312,0.4603879,23.19407
20.06,7.764132,60.846016,0.0003978992,0.45778507,23.195425
20.07,7.766123,60.92387,0.0003863657,0.45519495,23.196774
20.08,7.7681108,61.001736,0.00037482195,0.45261872,23.198124
20.09,7.770086,61.079643,0.00036350172,0.45005536,23.199453
20.1,7.772059,61.157562,0.000352066,0.44750494,23.200777
20.11,7.7740245,61.23552,0.0003407402,0.44496715,23.2021
20.12,7.7759852,61.313477,0.00032948516,0.442442,23.203407
20.13,7.777939,61.391464,0.00031846017,0.4399308,23.204706
20.14,7.7798862,61.469467,0.00030731224,0.43743166,23.206007
20.15,7.7818255,61.54749,0.0002965061,0.43494397,23.207283
20.16,7.7837615,61.62554,0.0002858285,0.43247104,23.208565
20.17,7.785688,61.703617,0.0002753483,0.4300092,23.209839
20.18,7.7876105,61.781685,0.00026476476,0.4275599,23.211096
20.19,7.789527,61.85979,0.00025449134,0.42512244,23.212355
20.2,7.791435,61.9379,0.0002444433,0.42269862,23.213606
20.21,7.793339,62.016006,0.00023466721,0.42028737,23.214834
20.22,7.7952347,62.094154,0.00022476073,0.41788644,23.21607
20.23,7.797125,62.172314,0.00021537207,0.41549838,23.217287
20.24,7.7990084,62.250454,0.00020608678,0.41312236,23.218515
20.25,7.800884,62.328625,0.00019650348,0.4107584,23.219725
20.26,7.802754,62.406803,0.00018808153,0.40840715,23.220922
20.27,7.8046207,62.484978,0.00017923396,0.40606666,23.222116
20.28,7.8064785,62.563183,0.00017089676,0.40373835,23.223303
20.29,7.8083305,62.64138,0.00016290043,0.40142262,23.224476
20.3,7.810171,62.71954,0.00015457906,0.39911878,23.225649
20.31,7.812013,62.797752,0.00014715083,0.3968268,23.22681
20.32,7.8138447,62.87598,0.00013991818,0.39454633,23.227962
20.33,7.8156705,62.95419,0.00013283174,0.39227772,23.22911
20.34,7.8174872,63.03238,0.00012602191,0.39002055,23.230257
20.35,7.8193,63.110615,0.00011941884,0.38777465,23.231398
20.36,7.8211045,63.188805,0.000113066286,0.38554156,23.23252
20.37,7.8229074,63.26702,0.000107347034,0.38331872,23.233631
20.38,7.8246984,63.345207,0.0001015747,0.38110906,23.234745
20.39,7.826485,63.42344,9.575859e-05,0.3789104,23.235857
20.4,7.828263,63.501633,9.078719e-05,0.37672293,23.236942
20.41,7.830037,63.579853,8.622371e-05,0.37454724,23.238035
20.42,7.8318033,63.658066,8.150656e-05,0.37238306,23.239122
20.43,7.8335605,63.736267,7.695053e-05,0.37023094,23.240198
20.44,7.8353186,63.814472,7.299241e-05,0.36808956,23.241266
20.45,7.837064,63.892685,6.903149e-05,0.36596006,23.242334
20.46,7.8388004,63.970882,6.561633e-05,0.3638424,23.243387
20.47,7.840537,64.0491,6.248895e-05,0.36173597,23.244432
20.48,7.842265,64.12732,5.912874e-05,0.3596412,23.24547
20.49,7.843985,64.20553,5.6456774e-05,0.3575566,23.246515
20.5,7.8457017,64.283775,5.3843483e-05,0.3554849,23.247538
20.51,7.8474092,64.362015,5.129911e-05,0.3534239,23.24857
20.52,7.849112,64.44024,4.9367547e-05,0.35137507,23.24958
20.53,7.8508058,64.518486,4.7414564e-05,0.34933683,23.250595
20.54,7.852498,64.59676,4.5660883e-05,0.3473097,23.251593
20.55,7.8541813,64.67503,4.4008717e-05,0.3452946,23.252594
20.56,7.8558574,64.7533,4.2438507e-05,0.34328997,23.253586
20.57,7.8575277,64.831604,4.116725e-05,0.3412969,23.254576
20.58,7.8591943,64.90994,3.9833598e-05,0.33931476,23.25555
20.59,7.8608522,64.98829,3.9028004e-05,0.3373453,23.256517
20.6,7.8625054,65.066666,3.789179e-05,0.33538508,23.257488
20.61,7.864152,65.14506,3.6923215e-05,0.33343667,23.258457
20.62,7.8657956,65.22348,3.642775e-05,0.33149984,23.259403
20.63,7.867431,65.30192,3.5766512e-05,0.3295738,23.260359
20.64,7.869059,65.3804,3.488455e-05,0.3276584,23.261301
20.65,7.870683,65.45892,3.4024008e-05,0.32575408,23.26224
20.66,7.8723025,65.537476,3.331527e-05,0.32386047,23.263176
20.67,7.8739166,65.61605,3.263727e-05,0.32197922,23.264101
20.68,7.8755255,65.694695,3.210921e-05,0.32010746,23.265034
20.69,7.877127,65.77341,3.1234697e-05,0.31824648,23.265945
20.7,7.878725,65.85211,3.0365773e-05,0.3163975,23.266865
20.71,7.8803153,65.930885,2.9819086e-05,0.31455874,23.267767
20.72,7.8819046,66.009674,2.8609298e-05,0.31273064,23.268677
20.73,7.883486,66.08855,2.7479604e-05,0.31091386,23.269579
20.74,7.885063,66.16749,2.6212074e-05,0.30910698,23.270462
20.75,7.8866324,66.246445,2.537854e-05,0.3073103,23.271355
20.76,7.888201,66.32546,2.3311004e-05,0.30552542,23.27224
20.77,7.889763,66.40452,2.1887943e-05,0.30375144,23.273119
20.78,7.8913164,66.48364,2.0279549e-05,0.3019868,23.273994
20.79,7.892873,66.5628,1.7859973e-05,0.30023286,23.274862
20.8,7.8944144,66.64198,1.5684403e-05,0.2984898,23.275723
20.81,7.8959584,66.721245,1.3540499e-05,0.29675716,23.276587
20.82,7.897494,66.80051,1.08657405e-05,0.2950356,23.277445
20.83,7.899026,66.879845,7.790513e-06,0.2933236,23.278297
20.84,7.900553,66.95918,4.7935173e-06,0.29162258,23.279148
20.85,7.9020743,67.03857,1.5655532e-06,0.28993225,23.279991
20.86,7.903593,67.11798,-2.1010637e-06,0.28825235,23.280825
20.87,7.9051023,67.197395,-5.789101e-06,0.28658208,23.28167
20.88,7.9066095,67.2768,-9.763055e-06,0.28492373,23.282495
20.89,7.908111,67.35623,-1.4047138e-05,0.28327468,23.283321
20.9,7.909603,67.435646,-1.8440187e-05,0.28163707,23.28415
20.91,7.9110956,67.515045,-2.3143366e-05,0.28000927,23.284966
20.92,7.9125776,67.59438,-2.8141774e-05,0.2783926,23.285769
20.93,7.9140577,67.67369,-3.2885e-05,0.27678692,23.286587
20.94,7.91553,67.75298,-3.846269e-05,0.27519134,23.287395
20.95,7.916999,67.83218,-4.3832697e-05,0.2736069,23.288189
20.96,7.918458,67.91127,-4.9388036e-05,0.27203298,23.288988
20.97,7.9199095,67.990265,-5.509332e-05,0.27047035,23.28977
20.98,7.9213586,68.06918,-6.1090104e-05,0.26891863,23.290558
20.99,7.922797,68.14793,-6.715488e-05,0.2673774,23.291342
21.0,7.9242296,68.22654,-7.290766e-05,0.26584738,23.292122
21.01,7.9256554,68.304985,-7.920619e-05,0.26432917,23.292894
21.02,7.927074,68.38326,-8.491147e-05,0.26282206,23.293665
21.03,7.928481,68.46131,-9.13376e-05,0.26132601,23.294428
21.04,7.92988,68.53913,-9.7320415e-05,0.25984168,23.29518
21.05,7.931271,68.61665,-0.00010329392,0.25836998,23.295937
21.06,7.9326563,68.69397,-0.000109256245,0.25690907,23.296692
21.07,7.93403,68.77097,-0.00011479482,0.25546044,23.297428
21.08,7.935395,68.84764,-0.00012063887,0.25402278,23.298164
21.09,7.9367485,68.92401,-0.00012620632,0.2525981,23.298891
21.1,7.938092,68.99999,-0.00013158005,0.251186,23.299622
21.11,7.9394264,69.07557,-0.00013631769,0.24978533,23.30034
21.12,7.94075,69.15074,-0.00014125928,0.24839719,23.301056
21.13,7.942062,69.225464,-0.00014570542,0.24702209,23.301773
21.14,7.9433618,69.29976,-0.00014963467,0.24566028,23.30247
21.15,7.944646,69.373566,-0.00015287846,0.24431004,23.303165
21.16,7.9459233,69.44684,-0.00015619956,0.24297377,23.303867
21.17,7.9471893,69.519585,-0.00015916675,0.24164926,23.304554
21.18,7.9484367,69.59179,-0.00016135629,0.24033925,23.30523
21.19,7.949673,69.663414,-0.00016292743,0.23904248,23.305897
21.2,7.950897,69.73445,-0.00016389694,0.23775885,23.306564
21.21,7.9521055,69.80486,-0.00016438402,0.23648791,23.307222
21.22,7.953301,69.87462,-0.0001640208,0.23523083,23.307875
21.23,7.9544816,69.9437,-0.00016305503,0.2339879,23.308517
21.24,7.9556475,70.01212,-0.00016162917,0.23275849,23.309158
21.25,7.956797,70.07986,-0.00015919935,0.23154318,23.30979
21.26,7.957933,70.14686,-0.00015600398,0.23034021,23.310411
21.27,7.9590526,70.21307,-0.00015243888,0.22915272,23.311028
21.28,7.9601574,70.2786,-0.00014754105,0.22797745,23.311642
21.29,7.9612484,70.34334,-0.00014220271,0.22681858,23.312246
21.3,7.962318,70.40727,-0.00013585668,0.22567141,23.312841
21.31,7.9633756,70.47048,-0.000128421,0.22453955,23.313429
21.32,7.9644146,70.532845,-0.00012049079,0.22342089,23.314013
21.33,7.9654408,70.59437,-0.000111185946,0.22231758,23.31459
21.34,7.9664454,70.65509,-0.00010101497,0.22122546,23.315147
21.35,7.9674363,70.71499,-9.0130605e-05,0.22014928,23.3157
21.36,7.968411,70.77403,-7.819105e-05,0.21908697,23.316257
21.37,7.9693675,70.832245,-6.534532e-05,0.21803771,23.316801
21.38,7.970308,70.88955,-5.159527e-05,0.2170029,23.317331
21.39,7.971231,70.94604,-3.705267e-05,0.2159808,23.317854
21.4,7.9721375,71.00168,-2.1243468e-05,0.2149733,23.318369
21.41,7.9730277,71.05645,-4.491769e-06,0.21397874,23.318888
21.42,7.9738994,71.11031,1.3159588e-05,0.2129974,23.319405
21.43,7.9747553,71.16332,3.1752512e-05,0.2120292,23.31989
21.44,7.9755964,71.21548,5.166419e-05,0.21107529,23.320385
21.45,7.9764175,71.26679,7.16988e-05,0.21013339,23.32086
21.46,7.9772234,71.31723,9.328965e-05,0.20920554,23.321333
21.47,7.978014,71.36682,0.00011572521,0.20828913,23.321798
21.48,7.978787,71.41554,0.00013923738,0.20738667,23.322254
21.49,7.979544,71.46341,0.00016333442,0.20649566,23.322712
21.5,7.9802823,71.51044,0.00018865429,0.20561798,23.323154
21.51,7.9810076,71.55666,0.00021443516,0.20475157,23.32359
21.52,7.981718,71.60203,0.00024158135,0.20389839,23.324017
21.53,7.9824095,71.64657,0.00026923604,0.20305493,23.32444
21.54,7.983092,71.690315,0.00029782206,0.20222494,23.324854
21.55,7.983751,71.73322,0.00032717455,0.20140609,23.325266
21.56,7.9843984,71.77537,0.0003574025,0.20059878,23.325668
21.57,7.9850307,71.81671,0.00038845092,0.19980294,23.326057
21.58,7.9856515,71.857285,0.00042027328,0.19901739,23.326448
21.59,7.9862523,71.897095,0.0004526237,0.19824266,23.326822
21.6,7.9868436,71.93611,0.00048602466,0.19747959,23.327194
21.61,7.9874206,71.97441,0.0005197432,0.19672523,23.327559
21.62,7.9879837,72.01198,0.00055437256,0.19598179,23.327913
21.63,7.98853,72.048836,0.0005896948,0.19524857,23.32827
21.64,7.989065,72.08494,0.0006254809,0.19452451,23.32862
21.65,7.9895887,72.12035,0.00066197943,0.1938106,23.328955
21.66,7.990096,72.1551,0.0006993655,0.19310702,23.329288
21.67,7.990593,72.189125,0.0007370254,0.19241093,23.329622
21.68,7.9910746,72.222534,0.0007749321,0.19172506,23.329933
21.69,7.9915495,72.25527,0.00081369095,0.19104737,23.33025
21.7,7.992008,72.287346,0.0008528745,0.19037853,23.330551
21.71,7.9924574,72.31882,0.0008924827,0.1897181,23.330862
21.72,7.992893,72.34967,0.0009326963,0.18906558,23.331154
21.73,7.993319,72.37991,0.0009730244,0.18842198,23.331446
21.74,7.9937305,72.40954,0.0010140724,0.18778564,23.33173
21.75,7.9941373,72.4386,0.0010551568,0.18715744,23.332008
21.76,7.9945292,72.46708,0.0010970952,0.18653691,23.332273
21.77,7.994912,72.495026,0.0011388818,0.18592317,23.332548
21.78,7.9952855,72.522385,0.0011810195,0.18531676,23.332804
21.79,7.9956474,72.54922,0.0012236238,0.18471718,23.333063
21.8,7.9960003,72.57555,0.0012660157,0.18412422,23.333317
21.81,7.996344,72.601326,0.0013095057,0.18353899,23.333555
21.82,7.9966793,72.62659,0.001352421,0.18295911,23.3338
21.83,7.9970036,72.651405,0.0013958812,0.18238479,23.334034
21.84,7.9973173,72.675735,0.0014393665,0.18181717,23.334269
21.85,7.997626,72.69956,0.0014831601,0.18125673,23.334484
21.86,7.9979234,72.72294,0.0015269611,0.18070078,23.33471
21.87,7.9982133,72.74588,0.0015710788,0.18015106,23.334919
21.88,7.998496,72.76834,0.0016151648,0.17960732,23.335129
21.89,7.998771,72.79039,0.001659032,0.1790673,23.33533
21.9,7.999038,72.81202,0.001703551,0.17853287,23.335537
21.91,7.9992976,72.8332,0.0017476967,0.17800465,23.335728
21.92,7.999549,72.85403,0.0017916849,0.17748061,23.335926
21.93,7.9997964,72.87442,0.0018359497,0.17696047,23.336111
21.94,8.000034,72.89443,0.0018804427,0.17644584,23.336298
21.95,8.000261,72.914085,0.0019244589,0.17593512,23.336475
21.96,8.000487,72.933334,0.0019685132,0.17542897,23.336655
21.97,8.000703,72.952255,0.0020125844,0.17492738,23.336826
21.98,8.000913,72.97079,0.0020564701,0.17442927,23.33699
21.99,8.001121,72.989006,0.002100193,0.17393476,23.337145
22.0,8.001318,73.00686,0.0021440834,0.1734448,23.3373
22.01,8.00151,73.02438,0.0021875594,0.17295831,23.33746
22.02,8.001698,73.04159,0.002231027,0.1724755,23.337616
22.03,8.001881,73.05849,0.0022743493,0.17199549,23.337755
22.04,8.002055,73.07506,0.0023173345,0.17151883,23.337898
22.05,8.002225,73.09133,0.0023604482,0.1710462,23.338032
22.06,8.00239,73.10731,0.0024031484,0.1705764,23.338167
22.07,8.002552,73.12301,0.002445547,0.17010891,23.338291
22.08,8.002707,73.1384,0.0024880376,0.1696443,23.338423
22.09,8.002856,73.15353,0.002530016,0.16918395,23.338541
22.1,8.003,73.16838,0.0025716657,0.16872409,23.338669
22.11,8.003143,73.18298,0.002613075,0.16826847,23.338783
22.12,8.003277,73.19732,0.002654341,0.16781437,23.338896
22.13,8.0034075,73.211395,0.0026954263,0.1673639,23.339005
22.14,8.003533,73.22523,0.0027358243,0.16691421,23.339115
22.15,8.003657,73.23881,0.002776145,0.16646746,23.33921
22.16,8.003775,73.252144,0.0028163325,0.1660225,23.339312
22.17,8.003891,73.26529,0.0028560879,0.16557929,23.339405
22.18,8.004001,73.27815,0.0028954362,0.16513795,23.33951
22.19,8.004107,73.29081,0.0029343255,0.16469869,23.33959
22.2,8.004208,73.30326,0.0029732464,0.16426219,23.339676
22.21,8.00431,73.31548,0.0030113012,0.16382642,23.339758
22.22,8.004404,73.3275,0.0030495664,0.16339257,23.339842
22.23,8.004498,73.33932,0.0030869646,0.16295977,23.33992
22.24,8.004583,73.35091,0.0031242492,0.16252868,23.339994
22.25,8.004671,73.36234,0.0031609647,0.16209786,23.340057
22.26,8.00475,73.37356,0.0031974204,0.1616708,23.340122
22.27,8.004833,73.38459,0.0032331003,0.16124246,23.340189
22.28,8.004907,73.39545,0.0032686396,0.16081668,23.34026
22.29,8.004981,73.406105,0.0033038137,0.16039175,23.340319
22.3,8.005047,73.4166,0.0033384524,0.15996793,23.340376
22.31,8.005115,73.42692,0.0033727735,0.15954472,23.340433
22.32,8.0051775,73.43708,0.003406546,0.15912215,23.340485
22.33,8.0052395,73.44705,0.0034397338,0.15870063,23.340528
22.34,8.005296,73.45685,0.0034727762,0.15827976,23.340582
22.35,8.005351,73.4665,0.0035050511,0.15785997,23.340624
22.36,8.005405,73.476,0.0035371557,0.15744145,23.340662
22.37,8.005457,73.48533,0.00356864,0.15702212,23.340696
22.38,8.005505,73.49455,0.003599951,0.15660465,23.34074
22.39,8.005549,73.50357,0.0036305003,0.1561864,23.340765
22.4,8.005591,73.51249,0.0036604125,0.15576936,23.340801
22.41,8.005633,73.52124,0.0036899606,0.15535204,23.340826
22.42,8.0056715,73.52985,0.0037189675,0.15493555,23.340857
22.43,8.005706,73.538345,0.0037474995,0.15451916,23.340878
22.44,8.005739,73.546684,0.003775414,0.15410335,23.340904
22.45,8.005772,73.55491,0.0038030827,0.15368687,23.340921
22.46,8.005801,73.56299,0.0038302802,0.15327153,23.340939
22.47,8.005831,73.57094,0.003856876,0.15285592,23.340958
22.48,8.005856,73.57876,0.0038826205,0.15243903,23.340967
22.49,8.005878,73.58649,0.0039084526,0.15202397,23.340982
22.5,8.005902,73.59408,0.0039332965,0.15160738,23.340984
22.51,8.005921,73.601524,0.0039574215,0.15119156,23.340994
22.52,8.0059395,73.608894,0.003981609,0.15077636,23.34099
22.53,8.005957,73.61613,0.0040049953,0.15035899,23.340994
22.54,8.005967,73.62327,0.0040277643,0.14994264,23.34099
22.55,8.005981,73.630295,0.0040501943,0.14952502,23.340986
22.56,8.005992,73.637184,0.004071826,0.14910844,23.340984
22.57,8.006002,73.64399,0.004093035,0.14869094,23.340979
22.58,8.006009,73.65072,0.004113714,0.1482727,23.340975
22.59,8.006013,73.657326,0.0041336296,0.14785406,23.340958
22.6,8.006021,73.66383,0.0041532554,0.1474355,23.34095
22.61,8.006021,73.670235,0.0041724155,0.14701653,23.340927
22.62,8.006025,73.676544,0.004190999,0.14659669,23.340914
22.63,8.006026,73.68273,0.004208667,0.1461752,23.340899
22.64,8.006023,73.68886,0.004226044,0.14575538,23.340872
22.65,8.00602,73.694916,0.004242913,0.14533284,23.340847
22.66,8.006017,73.70081,0.004258871,0.144911,23.340826
22.67,8.00601,73.706665,0.0042745806,0.14448671,23.340797
22.68,8.006003,73.712425,0.004289982,0.1440631,23.34077
22.69,8.005995,73.7181,0.0043045413,0.14363913,23.340733
22.7,8.005986,73.72368,0.0043183565,0.14321253,23.340706
22.71,8.005974,73.729195,0.0043316586,0.1427868,23.340677
22.72,8.00596,73.734604,0.0043445462,0.14235985,23.340635
22.73,8.005947,73.73996,0.0043567345,0.14193174,23.340601
22.74,8.005932,73.7452,0.0043684375,0.14150286,23.340567
22.75,8.0059185,73.75041,0.0043796394,0.14107262,23.340528
22.76,8.005902,73.755516,0.00439021,0.14064144,23.340479
22.77,8.005884,73.76055,0.0044001862,0.14020926,23.340439
22.78,8.005864,73.765526,0.0044094743,0.1397768,23.340385
22.79,8.005845,73.77042,0.00441854,0.13934273,23.340338
22.8,8.005823,73.77523,0.0044267457,0.13890782,23.340294
22.81,8.005801,73.77999,0.004434244,0.13847123,23.34024
22.82,8.005775,73.784645,0.004441539,0.13803431,23.34019
22.83,8.005752,73.78927,0.0044479286,0.13759501,23.34014
22.84,8.005725,73.79382,0.004453984,0.13715559,23.340086
22.85,8.005699,73.798294,0.004459221,0.13671467,23.340025
22.86,8.005671,73.80269,0.004464104,0.13627219,23.339972
22.87,8.005645,73.80705,0.004468363,0.13582876,23.339903
22.88,8.005615,73.81135,0.004472186,0.13538457,23.339842
22.89,8.005584,73.81557,0.004474951,0.13493796,23.33978
22.9,8.005552,73.8197,0.0044775456,0.13449132,23.339716
22.91,8.00552,73.82383,0.0044793766,0.13404174,23.339645
22.92,8.005487,73.82788,0.0044809133,0.13359204,23.339579
22.93,8.005453,73.83184,0.0044813594,0.13314047,23.339516
22.94,8.005421,73.835785,0.0044818623,0.13268894,23.339449
22.95,8.005384,73.83966,0.0044813612,0.13223317,23.33937
22.96,8.005345,73.843506,0.004480361,0.13177705,23.339298
22.97,8.005309,73.84727,0.004478786,0.13132083,23.339228
22.98,8.00527,73.85096,0.004476741,0.13086155,23.339146
22.99,8.005235,73.854614,0.004474246,0.13040109,23.339067
23.0,8.005192,73.858215,0.004470721,0.12994005,23.338995
23.01,8.005152,73.861755,0.00446696,0.12947597,23.33891
23.02,8.005112,73.86526,0.0044625606,0.12901089,23.33883
23.03,8.005067,73.86874,0.0044573955,0.12854469,23.338741
23.04,8.005026,73.872154,0.0044519724,0.12807688,23.33866
23.05,8.004983,73.875496,0.0044459645,0.12760743,23.338572
23.06,8.004937,73.878815,0.00443911,0.12713557,23.338482
23.07,8.004895,73.88206,0.004431665,0.12666166,23.3384
23.08,8.004848,73.88527,0.0044240523,0.12618648,23.33831
23.09,8.004801,73.88842,0.004415646,0.1257104,23.338217
23.1,8.004755,73.891556,0.0044065807,0.12523228,23.338123
23.11,8.004706,73.89464,0.0043969443,0.124752045,23.338034
23.12,8.004659,73.89766,0.0043868236,0.12427002,23.337938
23.13,8.00461,73.900665,0.0043761516,0.123787075,23.337845
23.14,8.004558,73.9036,0.00436478,0.12330137,23.33775
23.15,8.00451,73.9065,0.0043527912,0.122813486,23.337652
23.16,8.004461,73.909355,0.004340438,0.12232429,23.337545
23.17,8.004407,73.91218,0.004327473,0.121833585,23.337456
23.18,8.004355,73.91499,0.0043140287,0.12134111,23.33735
23.19,8.004302,73.917725,0.004300028,0.120846294,23.337248
23.2,8.004247,73.920425,0.004285155,0.12034993,23.337145
23.21,8.004195,73.92308,0.004270224,0.11985108,23.33704
23.22,8.004139,73.92573,0.0042542536,0.11935149,23.336931
23.23,8.004084,73.928314,0.004237633,0.11884879,23.336824
23.24,8.004029,73.930855,0.0042208675,0.1183442,23.336716
23.25,8.003971,73.93338,0.004203258,0.11783905,23.336603
23.26,8.003913,73.93588,0.004185292,0.1173298,23.336489
23.27,8.003856,73.93831,0.0041667996,0.116819575,23.33638
23.28,8.003797,73.940735,0.0041474514,0.1163072,23.336266
23.29,8.003738,73.94309,0.0041277856,0.11579239,23.33615
23.3,8.003679,73.94548,0.004107614,0.11527605,23.336037
23.31,8.003619,73.94776,0.004086565,0.11475714,23.335922
23.32,8.00356,73.95004,0.0040651932,0.1142365,23.335798
23.33,8.003498,73.952286,0.004043322,0.113713644,23.335684
23.34,8.003436,73.954475,0.0040207254,0.113189064,23.335558
23.35,8.003374,73.956696,0.003997851,0.11266267,23.335436
23.36,8.003311,73.95882,0.0039739776,0.11213332,23.335318
23.37,8.003246,73.96093,0.0039499635,0.11160231,23.335194
23.38,8.003184,73.96302,0.0039252015,0.11106888,23.335068
23.39,8.00312,73.96507,0.003899891,0.11053377,23.334942
23.4,8.003053,73.96712,0.0038741492,0.109995075,23.33481
23.41,8.002986,73.96909,0.0038476456,0.10945466,23.334684
23.42,8.002921,73.97108,0.0038206903,0.108912446,23.334557
23.43,8.002857,73.97303,0.003793436,0.10836797,23.334421
23.44,8.0027895,73.97491,0.0037653018,0.107820824,23.334297
23.45,8.00272,73.97684,0.003736836,0.10727269,23.33416
23.46,8.002651,73.97867,0.003707408,0.1067202,23.334024
23.47,8.002584,73.9805,0.0036777826,0.10616743,23.333895
23.48,8.002515,73.982315,0.0036478238,0.105610624,23.333763
23.49,8.002445,73.9841,0.0036170501,0.10505289,23.333632
23.5,8.002376,73.98587,0.0035858452,0.10449125,23.333496
23.51,8.002305,73.98759,0.003553994,0.10392899,23.333357
23.52,8.0022335,73.98929,0.0035216557,0.10336387,23.33322
23.53,8.002161,73.99096,0.0034885546,0.10279514,23.333078
23.54,8.002091,73.99262,0.0034553725,0.10222604,23.332945
23.55,8.002016,73.99424,0.003421178,0.10165277,23.332802
23.56,8.001944,73.99585,0.0033868216,0.10107796,23.332657
23.57,8.00187,73.99745,0.0033516493,0.10049993,23.33252
23.58,8.001795,73.99899,0.0033160038,0.09992024,23.332373
23.59,8.001721,74.00052,0.0032800864,0.099338435,23.332235
23.6,8.001648,74.00202,0.00324329,0.09875341,23.33208
23.61,8.001574,74.00351,0.0032062326,0.098165825,23.33194
23.62,8.001493,74.004974,0.0031685112,0.09757628,23.331793
23.63,8.00142,74.00645,0.0031303363,0.09698416,23.331642
23.64,8.001344,74.00787,0.0030914843,0.096389756,23.33149
23.65,8.001266,74.00928,0.0030518994,0.09579107,23.331348
23.66,8.001189,74.01064,0.0030120835,0.09519126,23.331192
23.67,8.001108,74.01199,0.002971542,0.09458879,23.33104
23.68,8.001029,74.013336,0.002930969,0.09398392,23.330885
23.69,8.000949,74.01465,0.0028894134,0.09337616,23.330729
23.7,8.000873,74.01595,0.00284746,0.09276591,23.330578
23.71,8.0007925,74.01724,0.0028050002,0.09215295,23.330421
23.72,8.00071,74.01851,0.0027620057,0.09153683,23.330265
23.73,8.000628,74.01973,0.0027183434,0.09091904,23.330107
23.74,8.000548,74.020966,0.0026742974,0.09029792,23.329954
23.75,8.000465,74.02214,0.00262962,0.08967389,23.329794
23.76,8.000384,74.02337,0.0025846632,0.089047395,23.329636
23.77,8.0003,74.02451,0.0025391085,0.08841912,23.32947
23.78,8.000219,74.02565,0.0024929438,0.087786734,23.329308
23.79,8.000135,74.0268,0.002446143,0.08715249,23.329144
23.8,8.000051,74.02788,0.0023990152,0.08651558,23.328978
23.81,7.9999647,74.02898,0.0023513688,0.085875444,23.32882
23.82,7.999881,74.030045,0.0023028227,0.085232876,23.328657
23.83,7.999794,74.03115,0.002254379,0.08458725,23.328487
23.84,7.9997096,74.03216,0.0022046603,0.0839383,23.328325
23.85,7.999623,74.033226,0.0021550208,0.08328789,23.328154
23.86,7.9995346,74.034225,0.0021049306,0.082634374,23.327988
23.87,7.9994493,74.035194,0.0020540794,0.08197726,23.32782
23.88,7.999361,74.036194,0.0020025335,0.081317954,23.327646
23.89,7.9992733,74.03716,0.0019508125,0.08065571,23.327469
23.9,7.999183,74.03811,0.0018982925,0.07999086,23.327303
23.91,7.999096,74.03904,0.00184552,0.07932232,23.327131
23.92,7.999005,74.03994,0.0017922521,0.0786507,23.32696
23.93,7.9989147,74.04084,0.0017382316,0.077977076,23.326782
23.94,7.9988236,74.04171,0.0016838284,0.07729994,23.326612
23.95,7.998731,74.042595,0.0016286476,0.07662002,23.326443
23.96,7.998642,74.04345,0.001573463,0.07593792,23.326262
23.97,7.998549,74.0443,0.0015171422,0.075251624,23.326086
23.98,7.998459,74.04512,0.0014607916,0.07456316,23.32591
23.99,7.998366,74.04592,0.0014037285,0.07387112,23.325735
24.0,7.998274,74.04673,0.0013462873,0.07317711,23.325554
24.01,7.9981785,74.047516,0.0012883041,0.07247972,23.325361
24.02,7.998083,74.04829,0.001229872,0.07177888,23.325193
24.03,7.997991,74.04906,0.0011707023,0.07107503,23.325008
24.04,7.997895,74.04979,0.0011111032,0.07036798,23.324837
24.05,7.9978,74.050514,0.0010510692,0.06965903,23.324646
24.06,7.9977026,74.05125,0.0009904234,0.06894656,23.32446
24.07,7.9976063,74.05195,0.0009294981,0.06823063,23.324282
24.08,7.9975095,74.05263,0.0008676974,0.067511,23.324091
24.09,7.997413,74.053314,0.0008056266,0.06678982,23.323906
24.1,7.997315,74.05397,0.0007430762,0.06606427,23.323723
24.11,7.9972177,74.05465,0.000679818,0.065335274,23.323532
24.12,7.9971175,74.055275,0.00061621144,0.06460425,23.323349
24.13,7.997019,74.05593,0.00055212155,0.06386979,23.323156
24.14,7.9969196,74.056526,0.00048769638,0.063131765,23.32297
24.15,7.9968195,74.05717,0.00042232778,0.062391013,23.32278
24.16,7.996719,74.05776,0.00035659783,0.06164685,23.322584
24.17,7.996618,74.058334,0.00029063225,0.060900256,23.322392
24.18,7.9965153,74.0589,0.00022389088,0.06014839,23.322199
24.19,7.9964156,74.05948,0.00015673414,0.05939488,23.322008
24.2,7.99631,74.06004,8.900091e-05,0.058638126,23.321815
24.21,7.9962096,74.06058,2.0973384e-05,0.057878807,23.321623
24.22,7.9961076,74.06111,-4.792586e-05,0.057115003,23.32143
24.23,7.996003,74.061615,-0.0001168726,0.056348354,23.321236
24.24,7.995898,74.06214,-0.00018671062,0.055578247,23.32104
24.25,7.9957933,74.06264,-0.00025700405,0.05480446,23.320833
24.26,7.995689,74.06314,-0.00032756757,0.05402811,23.320637
24.27,7.99558,74.06361,-0.0003987681,0.05324799,23.320438
24.28,7.995476,74.064095,-0.0004707165,0.052463785,23.320236
24.29,7.995368,74.06456,-0.00054255035,0.051677242,23.320038
24.3,7.995262,74.06501,-0.0006154198,0.05088739,23.31984
24.31,7.9951553,74.06547,-0.00068864133,0.050094217,23.319637
24.32,7.9950485,74.06587,-0.000762349,0.04929723,23.319433
24.33,7.9949403,74.06632,-0.0008365642,0.048496693,23.31923
24.34,7.9948325,74.0667,-0.00091116223,0.047692984,23.319033
24.35,7.994722,74.06714,-0.0009866124,0.046886235,23.318827
24.36,7.994611,74.067505,-0.0010623075,0.046075985,23.318617
24.37,7.994503,74.06791,-0.0011387942,0.045261443,23.318413
24.38,7.9943905,74.06828,-0.0012152726,0.04444447,23.318207
24.39,7.9942803,74.068665,-0.0012925174,0.043623716,23.317997
24.4,7.9941664,74.06899,-0.0013703173,0.04279867,23.317797
24.41,7.994055,74.06936,-0.0014486806,0.041970894,23.317581
24.42,7.9939423,74.0697,-0.001527397,0.041139856,23.317377
24.43,7.99383,74.07003,-0.0016066357,0.04030487,23.317165
24.44,7.993715,74.070366,-0.001686316,0.039465547,23.316956
24.45,7.993602,74.07066,-0.0017665625,0.038623363,23.31674
24.46,7.993488,74.07099,-0.0018471731,0.037779137,23.316532
24.47,7.993374,74.07129,-0.0019284328,0.036928847,23.316322
24.48,7.993259,74.07158,-0.0020102914,0.036076233,23.316107
24.49,7.9931417,74.071884,-0.0020925011,0.035220653,23.315887
24.5,7.9930253,74.07215,-0.0021753525,0.03435962,23.315676
24.51,7.9929075,74.0724,-0.0022585709,0.03349726,23.315472
24.52,7.9927926,74.07269,-0.0023424383,0.032629043,23.315247
24.53,7.9926724,74.07292,-0.00242671,0.031758577,23.315031
24.54,7.992555,74.07317,-0.0025114985,0.030884504,23.31481
24.55,7.992436,74.073425,-0.0025967527,0.030005649,23.314598
24.56,7.9923177,74.07363,-0.0026824968,0.029124051,23.31438
24.57,7.9921975,74.07385,-0.0027687019,0.028238907,23.314154
24.58,7.992079,74.0741,-0.0028556827,0.02734965,23.313938
24.59,7.991957,74.07429,-0.002943064,0.026455909,23.313717
24.6,7.9918346,74.074524,-0.0030309632,0.025559679,23.313503
24.61,7.9917145,74.074684,-0.0031190226,0.02465792,23.313278
24.62,7.991591,74.0749,-0.0032079183,0.023754403,23.313055
24.63,7.9914684,74.07507,-0.0032970365,0.022847101,23.312824
24.64,7.991345,74.07526,-0.0033868607,0.021934882,23.312603
24.65,7.991221,74.07542,-0.0034773014,0.02101916,23.312378
24.66,7.9910984,74.07558,-0.0035682302,0.020099506,23.312151
24.67,7.99097,74.07574,-0.0036595035,0.019176275,23.311924
24.68,7.990848,74.075874,-0.00375117,0.01824969,23.311705
24.69,7.990722,74.07603,-0.0038436148,0.017317414,23.311476
24.7,7.990595,74.07617,-0.003936462,0.016383618,23.311253
24.71,7.99047,74.0763,-0.004029639,0.015444383,23.311022
24.72,7.99034,74.07641,-0.0041237604,0.014501587,23.310795
24.73,7.990213,74.07655,-0.004218029,0.01355505,23.310568
24.74,7.990083,74.07667,-0.0043127555,0.012605295,23.310331
24.75,7.9899554,74.07676,-0.004408147,0.011650875,23.3101
24.76,7.9898243,74.07687,-0.004504187,0.010691687,23.309868
24.77,7.989696,74.07697,-0.0046005584,0.009730145,23.309631
24.78,7.9895663,74.07705,-0.004697485,0.00876461,23.309406
24.79,7.989434,74.07716,-0.004794726,0.0077939183,23.309166
24.8,7.9893017,74.07724,-0.004892707,0.006819606,23.30893
24.81,7.989173,74.077286,-0.004990982,0.005841419,23.3087
24.82,7.9890404,74.077354,-0.0050899945,0.0048595816,23.308464
24.83,7.988908,74.077446,-0.005189402,0.0038734525,23.308222
24.84,7.988774,74.077484,-0.00528948,0.0028835386,23.307983
24.85,7.988639,74.07754,-0.005390024,0.0018885136,23.307753
24.86,7.9885054,74.077614,-0.00549094,0.0008907318,23.307508
24.87,7.988372,74.07764,-0.0055921767,-0.0001129657,23.307276
24.88,7.988235,74.07764,-0.0056943186,-0.0011182725,23.30704
24.89,7.9880996,74.07769,-0.005796885,-0.002128452,23.306797
24.9,7.9879637,74.07771,-0.0058997422,-0.0031432062,23.306555
24.91,7.9878254,74.07776,-0.00600327,-0.00416255,23.306313
24.92,7.987689,74.07775,-0.0061072074,-0.005184546,23.306072
24.93,7.9875507,74.07776,-0.00621181,-0.0062128454,23.305832
24.94,7.9874105,74.07777,-0.006316796,-0.0072439164,23.305593
24.95,7.9872723,74.07779,-0.0064222272,-0.008279696,23.305347
24.96,7.9871325,74.07776,-0.0065286644,-0.009319037,23.305098
24.97,7.9869914,74.07776,-0.0066349655,-0.010362983,23.304855
24.98,7.9868526,74.07775,-0.006742168,-0.011410922,23.30461
24.99,7.98671,74.077736,-0.0068497043,-0.012463048,23.304363
25.0,7.986569,74.07773,-0.006958017,-0.013519764,23.304111
25.01,7.986424,74.07768,-0.007066505,-0.014580771,23.303864
25.02,7.986284,74.07766,-0.0071756784,-0.015644863,23.30362
25.03,7.986141,74.07762,-0.007285159,-0.016714439,23.303368
25.04,7.9859943,74.07757,-0.007395571,-0.017788067,23.303125
25.05,7.9858484,74.077545,-0.0075061414,-0.018865123,23.302872
25.06,7.985704,74.077484,-0.007617457,-0.019947723,23.30262
25.07,7.985558,74.07742,-0.00772894,-0.021034613,23.302372
25.08,7.9854107,74.077385,-0.007841459,-0.022125617,23.302114
25.09,7.9852624,74.077324,-0.00795419,-0.023220345,23.301863
25.1,7.985116,74.07726,-0.008067563,-0.024319977,23.30161
25.11,7.984966,74.07717,-0.008181548,-0.025423616,23.301365
25.12,7.9848204,74.07709,-0.0082957,-0.026532158,23.301104
25.13,7.984672,74.07703,-0.008410497,-0.027644038,23.300854
25.14,7.9845223,74.07696,-0.008525791,-0.028761625,23.300596
25.15,7.9843707,74.07688,-0.008641604,-0.02988255,23.30034
25.16,7.9842224,74.07677,-0.008758115,-0.031008631,23.300085
25.17,7.9840713,74.07669,-0.008874912,-0.03213878,23.299826
25.18,7.983917,74.076584,-0.008992471,-0.033273518,23.299566
25.19,7.983764,74.076485,-0.009110371,-0.034413487,23.29931
25.2,7.9836106,74.07636,-0.009229096,-0.03555715,23.299053
25.21,7.9834595,74.076256,-0.009348137,-0.03670484,23.29879
25.22,7.9833055,74.07616,-0.009467775,-0.037858248,23.298523
25.23,7.983149,74.076035,-0.00958789,-0.039015204,23.298265
25.24,7.982995,74.07591,-0.009708358,-0.04017675,23.298008
25.25,7.9828386,74.07583,-0.009829193,-0.04134278,23.297739
25.26,7.98268,74.07568,-0.009951079,-0.042513818,23.297474
25.27,7.9825234,74.07555,-0.010073423,-0.043689385,23.297207
25.28,7.9823656,74.0754,-0.010195946,-0.044869125,23.29695
25.29,7.982208,74.075264,-0.010319181,-0.04605396,23.296675
25.3,7.9820476,74.07513,-0.010442715,-0.047243074,23.296417
25.31,7.9818897,74.07499,-0.010567203,-0.048436955,23.296146
25.32,7.981731,74.07486,-0.010691892,-0.04963538,23.295881
25.33,7.98157,74.07469,-0.010817368,-0.05083868,23.295614
25.34,7.981408,74.07453,-0.01094313,-0.052045897,23.29534
25.35,7.981245,74.074394,-0.011069629,-0.053257808,23.295073
25.36,7.9810815,74.07422,-0.011196546,-0.054474637,23.2948
25.37,7.9809184,74.07406,-0.01132383,-0.055695906,23.294533
25.38,7.9807568,74.0739,-0.011452228,-0.056923002,23.294264
25.39,7.9805903,74.073746,-0.011580531,-0.058153495,23.293991
25.4,7.980427,74.07356,-0.011709526,-0.059389874,23.293718
25.41,7.98026,74.07337,-0.011839105,-0.06062977,23.293442
25.42,7.9800944,74.07319,-0.011969669,-0.06187524,23.293169
25.43,7.9799275,74.073006,-0.012100048,-0.06312473,23.292896
25.44,7.97976,74.07282,-0.01223124,-0.064380124,23.29262
25.45,7.9795904,74.07265,-0.0123627875,-0.06563996,23.292341
25.46,7.9794235,74.07246,-0.0124951955,-0.066903636,23.29207
25.47,7.9792533,74.072266,-0.012627872,-0.06817229,23.291794
25.48,7.9790845,74.07206,-0.012761135,-0.06944643,23.291517
25.49,7.9789157,74.07186,-0.012894938,-0.0707245,23.291237
25.5,7.9787445,74.07165,-0.013029717,-0.07200907,23.290958
25.51,7.9785724,74.07146,-0.013164535,-0.073297635,23.290678
25.52,7.978401,74.07126,-0.013300199,-0.07459016,23.2904
25.53,7.9782295,74.071045,-0.013436211,-0.075887546,23.290117
25.54,7.9780536,74.07082,-0.013572814,-0.07719125,23.28984
25.55,7.9778795,74.0706,-0.013709769,-0.078498706,23.289549
25.56,7.977705,74.07041,-0.013847599,-0.07981183,23.289263
25.57,7.9775295,74.07016,-0.013985766,-0.08112909,23.288988
25.58,7.977354,74.06994,-0.0141246,-0.08245246,23.288698
25.59,7.9771786,74.069725,-0.014264064,-0.08377938,23.288416
25.6,7.9770036,74.06947,-0.014403695,-0.085111365,23.288124
25.61,7.9768243,74.06924,-0.0145443585,-0.08644916,23.287836
25.62,7.976646,74.06901,-0.014685275,-0.08779146,23.28755
25.63,7.976463,74.06876,-0.014826696,-0.08913858,23.287271
25.64,7.9762855,74.06853,-0.014968624,-0.09049134,23.286976
25.65,7.976106,74.06828,-0.015111113,-0.09184827,23.286692
25.66,7.9759245,74.06805,-0.015254334,-0.093210265,23.286398
25.67,7.975743,74.0678,-0.015397947,-0.09457825,23.286104
25.68,7.97556,74.067566,-0.015542153,-0.09594984,23.285807
25.69,7.9753766,74.06729,-0.015686981,-0.097327605,23.285528
25.7,7.975195,74.067055,-0.015832372,-0.09870966,23.285227
25.71,7.9750104,74.066795,-0.01597822,-0.10009752,23.284937
25.72,7.9748244,74.06651,-0.01612457,-0.10148983,23.284647
25.73,7.9746394,74.066246,-0.016271623,-0.10288735,23.28435
25.74,7.974452,74.06599,-0.01641914,-0.104289934,23.284058
25.75,7.9742646,74.06572,-0.016567228,-0.10569851,23.28376
25.76,7.9740787,74.06544,-0.016715927,-0.1071115,23.28346
25.77,7.973891,74.06519,-0.016865082,-0.1085297,23.283163
25.78,7.9737015,74.06491,-0.017015085,-0.10995285,23.28287
25.79,7.973512,74.06465,-0.017165126,-0.11138041,23.282568
25.8,7.973321,74.06436,-0.017316168,-0.112814054,23.282263
25.81,7.97313,74.06407,-0.01746759,-0.11425258,23.281961
25.82,7.972936,74.06377,-0.01761948,-0.115696535,23.281664
25.83,7.9727464,74.0635,-0.017772067,-0.117145106,23.281363
25.84,7.972554,74.06321,-0.017925061,-0.118600175,23.281065
25.85,7.9723616,74.062904,-0.018078817,-0.1200593,23.280764
25.86,7.9721665,74.06263,-0.018233081,-0.12152375,23.280455
25.87,7.971973,74.06234,-0.018387979,-0.12299408,23.280151
25.88,7.9717765,74.06203,-0.018543214,-0.12446861,23.279846
25.89,7.97158,74.06173,-0.018698933,-0.12594889,23.279541
25.9,7.971383,74.06145,-0.01885566,-0.1274346,23.279234
25.91,7.971184,74.06114,-0.019012911,-0.12892638,23.278925
25.92,7.970987,74.06082,-0.019170305,-0.13042136,23.278614
25.93,7.9707885,74.0605,-0.019328462,-0.13192318,23.27831
25.94,7.9705863,74.06022,-0.01948714,-0.13342936,23.278008
25.95,7.9703875,74.0599,-0.019646602,-0.1349424,23.27769
25.96,7.970187,74.05959,-0.01980655,-0.13645951,23.277378
25.97,7.969984,74.05926,-0.01996694,-0.13798182,23.277073
25.98,7.969782,74.05893,-0.020127734,-0.13950954,23.276758
25.99,7.9695807,74.058624,-0.020289315,-0.14104317,23.276445
26.0,7.969374,74.05831,-0.020451525,-0.1425821,23.276129
26.01,7.969171,74.05798,-0.020614373,-0.144127,23.275814
26.02,7.9689646,74.057655,-0.020777935,-0.14567636,23.2755
26.03,7.96876,74.05732,-0.020941308,-0.14723141,23.275183
26.04,7.9685545,74.05699,-0.02110604,-0.14879034,23.274874
26.05,7.9683447,74.05665,-0.021270713,-0.15035687,23.27455
26.06,7.968139,74.05632,-0.021436708,-0.1519279,23.274239
26.07,7.967931,74.055984,-0.021602882,-0.15350501,23.273912
26.08,7.967721,74.05565,-0.021769395,-0.15508683,23.273594
26.09,7.9675107,74.05532,-0.021936944,-0.15667371,23.273275
26.1,7.9673004,74.054955,-0.022104869,-0.15826662,23.272951
26.11,7.9670887,74.05463,-0.022273375,-0.15986525,23.272625
26.12,7.966874,74.05427,-0.02244212,-0.16146882,23.2723
26.13,7.966661,74.05392,-0.02261178,-0.16307716,23.271978
26.14,7.9664497,74.05357,-0.0227821,-0.1646925,23.271654
26.15,7.966236,74.0532,-0.022952931,-0.16631322,23.271328
26.16,7.9660177,74.05284,-0.023124194,-0.16793896,23.271002
26.17,7.9658055,74.05251,-0.023296194,-0.16956909,23.270674
26.18,7.9655876,74.052124,-0.023468954,-0.17120706,23.270346
26.19,7.965369,74.05179,-0.023641674,-0.17284824,23.270012
26.2,7.9651537,74.05141,-0.023815552,-0.1744964,23.269691
26.21,7.964934,74.05105,-0.023989903,-0.17614953,23.26936
26.22,7.964716,74.050674,-0.024164697,-0.1778092,23.269022
26.23,7.9644933,74.05029,-0.024340285,-0.17947318,23.268696
26.24,7.964274,74.04991,-0.024516052,-0.18114318,23.268362
26.25,7.9640503,74.049545,-0.024692757,-0.18281986,23.268032
26.26,7.963829,74.04919,-0.02486995,-0.18450071,23.26769
26.27,7.963604,74.04881,-0.02504762,-0.18618701,23.267355
26.28,7.9633803,74.04844,-0.025225973,-0.18787925,23.267021
26.29,7.9631577,74.04805,-0.025405215,-0.18957873,23.266685
26.3,7.962932,74.04765,-0.025584543,-0.19128208,23.266342
26.31,7.9627056,74.047264,-0.025764713,-0.192991,23.266005
26.32,7.962478,74.04687,-0.025945513,-0.19470488,23.265669
26.33,7.962251,74.04651,-0.026126852,-0.1964264,23.265322
26.34,7.9620194,74.04609,-0.026308702,-0.19815336,23.264982
26.35,7.961793,74.04571,-0.026491469,-0.1998855,23.264647
26.36,7.961563,74.04531,-0.026674433,-0.20162295,23.264303
26.37,7.9613323,74.044914,-0.026858026,-0.20336668,23.263952
26.38,7.9611025,74.0445,-0.02704244,-0.20511504,23.263615
26.39,7.9608674,74.0441,-0.027227225,-0.20686992,23.263268
26.4,7.9606338,74.04372,-0.02741289,-0.20863102,23.262922
26.41,7.9603996,74.04328,-0.027599068,-0.21039696,23.262575
26.42,7.9601645,74.04291,-0.027785601,-0.21216957,23.262226
26.43,7.9599314,74.04249,-0.027972868,-0.213946,23.261873
26.44,7.9596953,74.04208,-0.028160894,-0.21572937,23.261517
26.45,7.9594603,74.04163,-0.02834917,-0.21751912,23.261173
26.46,7.959223,74.04125,-0.028538464,-0.21931393,23.260826
26.47,7.958984,74.04082,-0.028728066,-0.22111376,23.26047
26.48,7.958744,74.0404,-0.028918402,-0.22292064,23.260118
26.49,7.9585037,74.03999,-0.029109413,-0.22473247,23.259758
26.5,7.958264,74.039566,-0.02930081,-0.2265511,23.25941
26.51,7.9580216,74.03911,-0.029492771,-0.22837456,23.259052
26.52,7.9577794,74.0387,-0.029685484,-0.23020373,23.258692
26.53,7.9575357,74.038246,-0.029878715,-0.23203959,23.258331
26.54,7.9572916,74.03786,-0.030072639,-0.23388137,23.257973
26.55,7.957046,74.0374,-0.03026705,-0.23572777,23.257614
26.56,7.9568024,74.03698,-0.030462483,-0.23758106,23.257256
26.57,7.956558,74.03651,-0.030657882,-0.23943876,23.256891
26.58,7.9563107,74.0361,-0.030854667,-0.24130379,23.256529
26.59,7.9560623,74.03564,-0.031051354,-0.24317454,23.256166
26.6,7.955813,74.03522,-0.031249033,-0.24505056,23.255798
26.61,7.9555626,74.03476,-0.031447053,-0.24693282,23.255434
26.62,7.9553113,74.0343,-0.031645976,-0.24882017,23.255066
26.63,7.955063,74.03387,-0.031844944,-0.25071287,23.254694
26.64,7.954811,74.03341,-0.032045335,-0.2526136,23.254333
26.65,7.954558,74.03293,-0.032245636,-0.25451845,23.253965
26.66,7.9543037,74.03248,-0.032446936,-0.25643116,23.253592
26.67,7.9540505,74.03201,-0.03264883,-0.25834787,23.25322
26.68,7.9537935,74.03157,-0.03285131,-0.26027155,23.252848
26.69,7.9535403,74.03111,-0.03305418,-0.26220053,23.252478
26.7,7.953282,74.03064,-0.03325796,-0.2641356,23.252098
26.71,7.9530253,74.03016,-0.03346233,-0.26607656,23.25172
26.72,7.9527698,74.02971,-0.03366723,-0.26802272,23.251347
26.73,7.952509,74.02924,-0.03387265,-0.26997608,23.250967
26.74,7.952249,74.02875,-0.03407903,-0.27193576,23.25059
26.75,7.9519877,74.02828,-0.034285374,-0.27389997,23.250208
26.76,7.951726,74.02777,-0.034492888,-0.2758708,23.249832
26.77,7.9514647,74.02731,-0.034700908,-0.27784806,23.249445
26.78,7.951201,74.026825,-0.034909494,-0.27983034,23.249058
26.79,7.9509363,74.02633,-0.03511879,-0.28181922,23.248672
26.8,7.9506736,74.02584,-0.03532862,-0.2838139,23.248291
26.81,7.9504056,74.02534,-0.035538927,-0.28581464,23.247904
26.82,7.9501405,74.024864,-0.035750076,-0.28782088,23.24752
26.83,7.9498725,74.02437,-0.03596186,-0.28983408,23.247128
26.84,7.9496064,74.02387,-0.036174312,-0.29185164,23.246742
26.85,7.949335,74.02335,-0.036387064,-0.29387617,23.246355
26.86,7.9490657,74.02286,-0.036600612,-0.2959078,23.24596
26.87,7.9487944,74.02238,-0.036814608,-0.29794383,23.245567
26.88,7.9485226,74.02185,-0.037029542,-0.29998684,23.245174
26.89,7.948251,74.02133,-0.037244856,-0.30203485,23.24478
26.9,7.9479775,74.02085,-0.037461326,-0.3040887,23.244389
26.91,7.9477034,74.02032,-0.037677683,-0.30615002,23.243992
26.92,7.947428,74.01981,-0.037895314,-0.30821735,23.243587
26.93,7.9471536,74.01929,-0.038113043,-0.31029093,23.243193
26.94,7.9468765,74.01877,-0.03833159,-0.312369,23.242792
26.95,7.9465985,74.018265,-0.03855092,-0.31445473,23.242378
26.96,7.94632,74.0177,-0.03877084,-0.3165449,23.241982
26.97,7.9460406,74.01719,-0.03899137,-0.3186425,23.241575
26.98,7.945761,74.016655,-0.03921234,-0.320745,23.241169
26.99,7.945479,74.016106,-0.03943421,-0.3228547,23.240767
27.0,7.945198,74.01558,-0.03965652,-0.32497,23.240355
27.01,7.944915,74.01506,-0.03987947,-0.32709086,23.239946
27.02,7.9446325,74.01449,-0.04010304,-0.3292184,23.239538
27.03,7.9443474,74.01395,-0.040327676,-0.33135182,23.239128
27.04,7.944062,74.01342,-0.040552206,-0.33349228,23.23871
27.05,7.943778,74.01287,-0.040777773,-0.3356368,23.238302
27.06,7.9434896,74.01231,-0.04100407,-0.33778983,23.237888
27.07,7.943202,74.01176,-0.04123074,-0.33994758,23.237465
27.08,7.9429135,74.0112,-0.041458234,-0.34211183,23.237051
27.09,7.9426255,74.010635,-0.041686304,-0.34428144,23.23663
27.1,7.9423323,74.010056,-0.041915096,-0.34645838,23.236206
27.11,7.9420424,74.00949,-0.042144507,-0.3486402,23.23579
27.12,7.9417496,74.00894,-0.042374574,-0.3508296,23.235365
27.13,7.941456,74.008354,-0.042604968,-0.35302383,23.23494
27.14,7.9411616,74.00778,-0.04283651,-0.3552258,23.234522
27.15,7.940868,74.00721,-0.043068394,-0.35743284,23.234093
27.16,7.940572,74.006645,-0.043300726,-0.3596456,23.233665
27.17,7.940274,74.006065,-0.043534227,-0.36186516,23.233229
27.18,7.939978,74.005486,-0.043767855,-0.3640899,23.232807
27.19,7.939677,74.004906,-0.04400236,-0.36632198,23.232374
27.2,7.9393773,74.0043,-0.044237606,-0.3685602,23.231943
27.21,7.9390774,74.00372,-0.044473186,-0.37080377,23.231506
27.22,7.938777,74.00311,-0.04470972,-0.37305403,23.23107
27.23,7.938476,74.002495,-0.044946946,-0.37531102,23.230635
27.24,7.938172,74.0019,-0.045184597,-0.37757283,23.230198
27.25,7.937867,74.0013,-0.045422964,-0.37984133,23.229748
27.26,7.937564,74.00072,-0.04566177,-0.38211668,23.22931
27.27,7.937258,74.000084,-0.045901537,-0.38439727,23.228876
27.28,7.93695,73.99946,-0.046141647,-0.38668507,23.228424
27.29,7.936642,73.998856,-0.046382695,-0.38897938,23.227978
27.3,7.9363346,73.99823,-0.046624146,-0.39127827,23.227543
27.31,7.936025,73.99763,-0.04686652,-0.3935843,23.227087
27.32,7.9357133,73.99699,-0.047109403,-0.39589638,23.226639
27.33,7.935402,73.99635,-0.047352754,-0.39821386,23.226189
27.34,7.9350915,73.99573,-0.047597013,-0.40053904,23.225735
27.35,7.9347773,73.99506,-0.047841854,-0.40286905,23.225286
27.36,7.934464,73.99446,-0.048087552,-0.4052065,23.224829
27.37,7.9341483,73.99383,-0.048333496,-0.40754962,23.224371
27.38,7.9338326,73.99318,-0.048580147,-0.40989834,23.223915
27.39,7.933518,73.99249,-0.048827633,-0.41225356,23.223457
27.4,7.933198,73.991844,-0.049075812,-0.4146155,23.222994
27.41,7.932881,73.99117,-0.049324565,-0.41698343,23.222536
27.42,7.93256,73.99054,-0.049573973,-0.4193583,23.222067
27.43,7.9322395,73.9899,-0.049823985,-0.42173928,23.221601
27.44,7.931919,73.989204,-0.050074525,-0.4241249,23.221144
27.45,7.931597,73.988556,-0.05032581,-0.42651826,23.220673
27.46,7.931273,73.987885,-0.05057794,-0.42891812,23.220201
27.47,7.9309487,73.987206,-0.050830565,-0.4313224,23.219734
27.48,7.930623,73.98652,-0.051083937,-0.43373412,23.219257
27.49,7.930297,73.985825,-0.051337853,-0.43615222,23.218775
27.5,7.9299693,73.98515,-0.051592574,-0.43857628,23.218313
27.51,7.9296427,73.984474,-0.05184783,-0.44100654,23.217825
27.52,7.929313,73.98376,-0.0521037,-0.44344246,23.217344
27.53,7.9289827,73.98307,-0.05236022,-0.4458866,23.216864
27.54,7.928653,73.982376,-0.052617542,-0.4483356,23.216389
27.55,7.9283195,73.98164,-0.052875705,-0.4507903,23.215904
27.56,7.927985,73.98097,-0.053134076,-0.45325148,23.215416
27.57,7.9276543,73.980255,-0.0533934,-0.45571977,23.21493
27.58,7.9273157,73.97955,-0.05365309,-0.45819378,23.214443
27.59,7.926983,73.97881,-0.053913742,-0.46067482,23.213951
27.6,7.9266443,73.9781,-0.054175146,-0.46316153,23.21346
27.61,7.9263067,73.977394,-0.054437034,-0.4656539,23.212965
27.62,7.925968,73.97665,-0.054699503,-0.46815377,23.212471
27.63,7.9256306,73.97589,-0.054962605,-0.47065824,23.211977
27.64,7.9252906,73.97518,-0.055226505,-0.47317064,23.211475
27.65,7.924947,73.97446,-0.05549118,-0.47568887,23.210983
27.66,7.924607,73.97368,-0.055756487,-0.47821236,23.21048
27.67,7.9242616,73.972946,-0.056022167,-0.48074383,23.209976
27.68,7.9239163,73.97218,-0.056288704,-0.4832809,23.209475
27.69,7.9235716,73.97143,-0.056556337,-0.48582304,23.208961
27.7,7.9232254,73.97066,-0.056823753,-0.4883728,23.208454
27.71,7.9228764,73.969894,-0.057092562,-0.4909283,23.207943
27.72,7.922531,73.96914,-0.05736147,-0.49349004,23.207432
27.73,7.922179,73.968376,-0.05763144,-0.49605846,23.206913
27.74,7.921831,73.96759,-0.057902202,-0.49863368,23.2064
27.75,7.921479,73.966805,-0.058173113,-0.5012149,23.205889
27.76,7.9211254,73.96602,-0.058445267,-0.50380176,23.205366
27.77,7.920774,73.96522,-0.0587176,-0.50639445,23.204851
27.78,7.9204173,73.96443,-0.058990844,-0.50899446,23.204323
27.79,7.920063,73.96364,-0.059264816,-0.51159954,23.203798
27.8,7.919706,73.96283,-0.059539236,-0.5142123,23.203274
27.81,7.9193463,73.962036,-0.05981444,-0.5168309,23.202751
27.82,7.9189897,73.96121,-0.060090408,-0.5194557,23.202219
27.83,7.9186316,73.9604,-0.06036725,-0.522087,23.201687
27.84,7.9182696,73.9596,-0.060644366,-0.52472407,23.201153
27.85,7.9179087,73.95877,-0.06092202,-0.5273676,23.200617
27.86,7.9175463,73.95795,-0.061200954,-0.53001827,23.200077
27.87,7.9171834,73.957085,-0.061480165,-0.53267413,23.199545
27.88,7.9168196,73.95627,-0.061759986,-0.5353365,23.198997
27.89,7.9164557,73.95543,-0.06204045,-0.5380048,23.198458
27.9,7.916086,73.95458,-0.062321827,-0.54068,23.197918
27.91,7.915719,73.95372,-0.06260395,-0.5433619,23.197369
27.92,7.915351,73.95287,-0.0628864,-0.546049,23.196815
27.93,7.914981,73.95201,-0.06316997,-0.54874414,23.196268
27.94,7.914611,73.95115,-0.063453734,-0.5514436,23.195715
27.95,7.9142394,73.95028,-0.0637386,-0.55415064,23.195162
27.96,7.913867,73.94942,-0.06402376,-0.5568621,23.194609
27.97,7.913493,73.94854,-0.06430975,-0.55958164,23.194056
27.98,7.91312,73.94764,-0.064596444,-0.5623078,23.193491
27.99,7.9127417,73.94675,-0.064883955,-0.5650391,23.192928
28.0,7.9123664,73.94585,-0.06517183,-0.56777763,23.192362
28.01,7.9119883,73.944984,-0.06546058,-0.5705214,23.191797
28.02,7.911609,73.94406,-0.06575004,-0.57327276,23.191227
28.03,7.9112296,73.943146,-0.06604009,-0.5760294,23.190657
28.04,7.9108486,73.94225,-0.06633088,-0.5787933,23.190088
28.05,7.9104676,73.94133,-0.06662244,-0.581562,23.189514
28.06,7.9100823,73.9404,-0.06691443,-0.58433783,23.188944
28.07,7.9096994,73.93947,-0.06720741,-0.58711964,23.188362
28.08,7.9093127,73.93855,-0.06750051,-0.58990854,23.187784
28.09,7.9089265,73.93761,-0.067795105,-0.59270364,23.1872
28.1,7.9085402,73.93666,-0.06808999,-0.5955039,23.186617
28.11,7.908153,73.93571,-0.06838552,-0.5983112,23.186028
28.12,7.9077616,73.934746,-0.06868171,-0.6011256,23.18544
28.13,7.9073734,73.9338,-0.068978556,-0.6039444,23.18485
28.14,7.906983,73.93282,-0.06927602,-0.60677016,23.184254
28.15,7.9065886,73.93184,-0.069574416,-0.6096024,23.18366
28.16,7.906194,73.93087,-0.069873415,-0.61244136,23.183065
28.17,7.9058003,73.92989,-0.07017316,-0.6152877,23.182467
28.18,7.905405,73.92889,-0.07047323,-0.6181383,23.18187
28.19,7.905006,73.92793,-0.070774466,-0.6209957,23.181265
28.2,7.9046097,73.926926,-0.07107616,-0.6238602,23.180662
28.21,7.9042106,73.925934,-0.07137838,-0.62673,23.180054
28.22,7.9038105,73.92492,-0.071681604,-0.6296067,23.179445
28.23,7.903411,73.9239,-0.07198537,-0.6324889,23.178833
28.24,7.9030075,73.922874,-0.07228981,-0.6353777,23.178219
28.25,7.9026036,73.921844,-0.072594985,-0.63827336,23.1776
28.26,7.9022,73.92082,-0.07290091,-0.6411755,23.176987
28.27,7.901794,73.919785,-0.0732074,-0.64408344,23.176361
28.28,7.90139,73.91875,-0.073514454,-0.646997,23.175745
28.29,7.900982,73.91769,-0.073822394,-0.6499181,23.17512
28.3,7.9005723,73.91666,-0.07413082,-0.65284336,23.174486
28.31,7.9001627,73.91558,-0.07444029,-0.6557773,23.173859
28.32,7.899752,73.91453,-0.07475028,-0.658717,23.173231
28.33,7.899339,73.91348,-0.075061075,-0.6616623,23.172594
28.34,7.8989267,73.9124,-0.075372405,-0.6646142,23.171955
28.35,7.8985133,73.9113,-0.0756843,-0.6675719,23.171309
28.36,7.8980975,73.91022,-0.075997025,-0.6705367,23.170675
28.37,7.8976836,73.90914,-0.07631042,-0.6735071,23.170029
28.38,7.897263,73.90802,-0.07662449,-0.6764837,23.169388
28.39,7.896846,73.906906,-0.07693934,-0.67946774,23.168734
28.4,7.896427,73.90581,-0.07725492,-0.6824566,23.16809
28.41,7.8960066,73.904686,-0.077571236,-0.6854526,23.16743
28.42,7.8955855,73.903534,-0.07788796,-0.68845373,23.166775
28.43,7.895161,73.90242,-0.0782054,-0.6914631,23.16612
28.44,7.894737,73.901276,-0.07852378,-0.6944774,23.165457
28.45,7.894314,73.90013,-0.078842625,-0.69749886,23.164793
28.46,7.893886,73.899,-0.079162404,-0.7005253,23.16413
28.47,7.893458,73.89783,-0.07948277,-0.70355856,23.163462
28.48,7.8930297,73.89666,-0.07980369,-0.70659876,23.162798
28.49,7.892599,73.89551,-0.08012539,-0.7096438,23.16213
28.5,7.892169,73.894325,-0.08044779,-0.71269625,23.161453
28.51,7.891739,73.89315,-0.0807713,-0.7157559,23.160767
28.52,7.891304,73.89195,-0.08109522,-0.7188199,23.160093
28.53,7.890872,73.89075,-0.08141953,-0.72189033,23.159407
28.54,7.890436,73.889565,-0.08174461,-0.7249672,23.158722
28.55,7.89,73.88832,-0.082070775,-0.7280507,23.158033
28.56,7.889562,73.88713,-0.08239722,-0.73114115,23.157341
28.57,7.8891234,73.88591,-0.08272473,-0.7342369,23.156649
28.58,7.8886843,73.88468,-0.083052665,-0.7373389,23.155958
28.59,7.8882437,73.88346,-0.08338145,-0.7404477,23.155262
28.6,7.887801,73.882195,-0.08371083,-0.74356276,23.154566
28.61,7.887359,73.88096,-0.08404125,-0.7466837,23.153858
28.62,7.886913,73.879715,-0.08437205,-0.7498107,23.153158
28.63,7.88647,73.878426,-0.084703244,-0.752944,23.152443
28.64,7.886022,73.87716,-0.08503559,-0.756083,23.151728
28.65,7.8855734,73.87589,-0.08536869,-0.75922954,23.15102
28.66,7.8851247,73.87461,-0.08570213,-0.7623819,23.150309
28.67,7.8846765,73.873314,-0.08603659,-0.7655408,23.149586
28.68,7.884226,73.87201,-0.08637177,-0.76870555,23.148867
28.69,7.883772,73.87071,-0.08670752,-0.77187645,23.148142
28.7,7.883318,73.869415,-0.08704373,-0.775053,23.14741
28.71,7.8828626,73.86809,-0.08738103,-0.778236,23.146687
28.72,7.88241,73.86677,-0.08771886,-0.7814254,23.145956
28.73,7.881952,73.86542,-0.08805739,-0.78462106,23.14522
28.74,7.881493,73.86408,-0.08839685,-0.78782344,23.14448
28.75,7.881033,73.862755,-0.08873652,-0.79103184,23.143745
28.76,7.8805747,73.86137,-0.08907737,-0.79424655,23.142994
28.77,7.8801117,73.86003,-0.0894189,-0.7974682,23.142258
28.78,7.879649,73.858635,-0.08976096,-0.80069494,23.141502
28.79,7.8791857,73.857254,-0.09010356,-0.8039284,23.140755
28.8,7.878719,73.85589,-0.09044709,-0.80716753,23.139996
28.81,7.878253,73.8545,-0.090791374,-0.8104136,23.139238
28.82,7.8777866,73.85309,-0.09113622,-0.8136648,23.138487
28.83,7.8773184,73.851685,-0.091481775,-0.8169234,23.137724
28.84,7.876847,73.850266,-0.091828234,-0.8201872,23.13696
28.85,7.876375,73.848854,-0.0921754,-0.8234581,23.13619
28.86,7.8759046,73.8474,-0.092522934,-0.826736,23.135422
28.87,7.87543,73.845985,-0.092871375,-0.83001876,23.134647
28.88,7.8749576,73.84453,-0.093220495,-0.83330715,23.13387
28.89,7.874481,73.84306,-0.09357037,-0.83660257,23.13309
28.9,7.874003,73.84161,-0.093921155,-0.83990467,23.13231
28.91,7.873526,73.84015,-0.09427231,-0.84321225,23.131529
28.92,7.8730464,73.83867,-0.09462447,-0.84652627,23.130735
28.93,7.872566,73.83719,-0.09497719,-0.8498461,23.129946
28.94,7.8720837,73.8357,-0.0953306,-0.8531734,23.129154
28.95,7.871602,73.83419,-0.09568471,-0.8565053,23.128355
28.96,7.871117,73.83268,-0.09603936,-0.8598443,23.127554
28.97,7.870631,73.83116,-0.09639507,-0.8631892,23.126757
28.98,7.870144,73.82965,-0.09675124,-0.8665402,23.125944
28.99,7.869657,73.8281,-0.09710831,-0.8698981,23.12514
29.0,7.8691673,73.82656,-0.09746604,-0.87326133,23.124325
29.01,7.8686748,73.825,-0.09782441,-0.876631,23.123512
29.02,7.8681836,73.82346,-0.09818363,-0.8800082,23.122698
29.03,7.867693,73.821884,-0.09854327,-0.88339007,23.12187
29.04,7.867198,73.8203,-0.098904,-0.88677883,23.121052
29.05,7.866705,73.81872,-0.0992651,-0.8901719,23.120222
29.06,7.8662076,73.81712,-0.09962716,-0.89357376,23.119394
29.07,7.8657093,73.81552,-0.09998973,-0.89698064,23.118559
29.08,7.865212,73.81393,-0.10035342,-0.9003937,23.117727
29.09,7.8647103,73.81232,-0.10071753,-0.90381336,23.116886
29.1,7.8642087,73.810684,-0.10108222,-0.907238,23.116045
29.11,7.863706,73.80905,-0.10144792,-0.9106705,23.115196
29.12,7.8632035,73.80741,-0.10181425,-0.9141083,23.114346
29.13,7.8626995,73.80577,-0.10218121,-0.91755235,23.113497
29.14,7.8621907,73.80407,-0.10254914,-0.9210031,23.112642
29.15,7.861685,73.80243,-0.102917336,-0.9244596,23.111784
29.16,7.861177,73.80075,-0.1032866,-0.92792094,23.11093
29.17,7.8606663,73.79906,-0.10365662,-0.9313915,23.110065
29.18,7.860155,73.79737,-0.10402711,-0.93486595,23.109198
29.19,7.859643,73.79566,-0.10439842,-0.93834746,23.10833
29.2,7.8591304,73.79395,-0.10477031,-0.9418336,23.107452
29.21,7.8586154,73.792206,-0.105143055,-0.9453279,23.106577
29.22,7.8580985,73.790504,-0.10551668,-0.94882774,23.105696
29.23,7.8575788,73.788765,-0.10589058,-0.95233274,23.104816
29.24,7.8570642,73.78703,-0.10626568,-0.9558449,23.103931
29.25,7.856543,73.78525,-0.106641166,-0.95936334,23.103043
29.26,7.8560214,73.78347,-0.10701763,-0.96288824,23.102146
29.27,7.855499,73.781685,-0.10739494,-0.96641815,23.101248
29.28,7.8549767,73.77994,-0.10777259,-0.96995556,23.100351
29.29,7.8544493,73.77813,-0.10815111,-0.97349787,23.099447
29.3,7.8539257,73.77632,-0.10853033,-0.9770473,23.098547
29.31,7.8533983,73.774536,-0.10891028,-0.9806011,23.097637
29.32,7.8528676,73.772705,-0.10929099,-0.98416305,23.096722
29.33,7.8523397,73.77085,-0.10967255,-0.98773015,23.09581
29.34,7.8518076,73.76901,-0.1100548,-0.9913039,23.094894
29.35,7.851277,73.76717,-0.11043747,-0.99488354,23.09397
29.36,7.850741,73.76531,-0.11082129,-0.99847066,23.093037
29.37,7.850207,73.76345,-0.111205325,-1.0020627,23.092113
29.38,7.84967,73.761566,-0.11159041,-1.0056599,23.091183
29.39,7.8491325,73.75968,-0.11197602,-1.0092642,23.090246
29.4,7.8485947,73.75777,-0.112362765,-1.0128748,23.0893
29.41,7.848056,73.75587,-0.11275007,-1.016492,23.088366
29.42,7.847511,73.75396,-0.113138095,-1.0201145,23.08742
29.43,7.846968,73.75204,-0.11352661,-1.0237433,23.086468
29.44,7.846423,73.75009,-0.1139161,-1.0273794,23.085512
29.45,7.845882,73.74814,-0.11430639,-1.03102,23.084557
29.46,7.845333,73.74618,-0.114696935,-1.034667,23.083603
29.47,7.8447866,73.74423,-0.115088716,-1.0383215,23.082638
29.48,7.844238,73.742256,-0.11548111,-1.0419823,23.081669
29.49,7.8436866,73.74028,-0.11587404,-1.0456468,23.080706
29.5,7.8431344,73.7383,-0.11626795,-1.0493184,23.07973
29.51,7.842581,73.73626,-0.11666252,-1.0529975,23.078758
29.52,7.842027,73.73424,-0.11705783,-1.0566812,23.077768
29.53,7.8414707,73.73223,-0.11745384,-1.0603706,23.07679
29.54,7.8409133,73.730194,-0.11785035,-1.0640687,23.0758
29.55,7.8403563,73.72815,-0.11824773,-1.06777,23.074808
29.56,7.839795,73.726105,-0.11864595,-1.0714793,23.073824
29.57,7.839234,73.72402,-0.11904465,-1.0751942,23.072817
29.58,7.8386717,73.721954,-0.119444564,-1.0789151,23.071815
29.59,7.8381085,73.719894,-0.11984496,-1.0826429,23.070808
29.6,7.8375435,73.717766,-0.12024602,-1.086376,23.069803
29.61,7.8369784,73.71566,-0.12064797,-1.0901152,23.068787
29.62,7.836409,73.713554,-0.12105037,-1.0938619,23.06777
29.63,7.8358397,73.711426,-0.12145381,-1.0976135,23.066751
29.64,7.8352695,73.7093,-0.12185794,-1.1013706,23.065731
29.65,7.8347,73.70713,-0.12226251,-1.1051344,23.0647
29.66,7.834127,73.704956,-0.12266824,-1.1089058,23.063671
29.67,7.8335533,73.7028,-0.12307438,-1.1126813,23.062645
29.68,7.8329773,73.70063,-0.1234813,-1.1164644,23.061602
29.69,7.832401,73.698456,-0.12388909,-1.120253,23.060558
29.7,7.831823,73.696236,-0.12429768,-1.1240463,23.059513
29.71,7.831243,73.69404,-0.12470643,-1.127847,23.058464
29.72,7.830663,73.69181,-0.1251167,-1.1316541,23.057413
29.73,7.830081,73.68957,-0.12552759,-1.1354682,23.056355
29.74,7.829496,73.68734,-0.12593892,-1.1392874,23.0553
29.75,7.8289104,73.68508,-0.12635104,-1.1431125,23.05423
29.76,7.828325,73.68282,-0.12676384,-1.146943,23.053171
29.77,7.827736,73.68054,-0.1271775,-1.150782,23.052095
29.78,7.827147,73.67823,-0.127592,-1.154625,23.051014
29.79,7.8265557,73.675964,-0.12800719,-1.1584756,23.04994
29.8,7.825967,73.673645,-0.12842272,-1.1623315,23.048859
29.81,7.825374,73.67134,-0.12883952,-1.1661929,23.04777
29.82,7.824779,73.66899,-0.12925673,-1.1700622,23.046682
29.83,7.824184,73.66669,-0.12967487,-1.1739357,23.045586
29.84,7.823585,73.664314,-0.13009359,-1.1778162,23.044489
29.85,7.822986,73.66196,-0.13051365,-1.1817042,23.043388
29.86,7.822387,73.65958,-0.13093373,-1.1855963,23.04228
29.87,7.8217854,73.65718,-0.13135488,-1.1894952,23.041178
29.88,7.8211837,73.654785,-0.1317765,-1.1933984,23.040056
29.89,7.82058,73.65239,-0.13219899,-1.1973102,23.038946
29.9,7.8199744,73.64996,-0.1326223,-1.2012274,23.03782
29.91,7.819366,73.647545,-0.1330464,-1.2051507,23.036692
29.92,7.818758,73.64511,-0.1334712,-1.2090806,23.035572
29.93,7.818149,73.642654,-0.13389689,-1.2130171,23.034431
29.94,7.817539,73.64019,-0.13432309,-1.216959,23.033298
29.95,7.816926,73.63771,-0.13475034,-1.2209066,23.03215
29.96,7.8163133,73.63522,-0.13517785,-1.2248603,23.031017
29.97,7.815698,73.632706,-0.13560636,-1.2288195,23.029865
29.98,7.81508,73.6302,-0.1360357,-1.2327864,23.028719
29.99,7.8144636,73.627716,-0.13646585,-1.2367592,23.027563
30.0,7.8138433,73.62516,-0.13689677,-1.2407378,23.0264
30.01,7.8132234,73.62263,-0.13732806,-1.2447227,23.025238
30.02,7.8126006,73.620056,-0.13776031,-1.2487124,23.024069
30.03,7.8119783,73.617516,-0.13819309,-1.2527097,23.022905
30.04,7.8113527,73.61491,-0.13862713,-1.2567141,23.02172
30.05,7.810726,73.612335,-0.13906153,-1.260722,23.020538
30.06,7.810097,73.60974,-0.13949703,-1.2647377,23.01936
30.07,7.809471,73.60709,-0.13993306,-1.2687602,23.01817
30.08,7.8088403,73.60446,-0.14036956,-1.2727865,23.016975
30.09,7.808208,73.60186,-0.14080742,-1.276822,23.01578
30.1,7.8075747,73.59921,-0.14124554,-1.2808603,23.014582
30.11,7.8069396,73.596535,-0.1416845,-1.2849073,23.013374
30.12,7.8063045,73.59389,-0.14212441,-1.2889589,23.012165
30.13,7.805667,73.59117,-0.14256491,-1.2930161,23.010956
30.14,7.8050265,73.58849,-0.14300632,-1.2970811,23.009737
30.15,7.804387,73.58579,-0.14344823,-1.3011528,23.008518
30.16,7.803744,73.58304,-0.14389096,-1.3052284,23.007294
30.17,7.803102,73.58032,-0.14433448,-1.309311,23.006062
30.18,7.802458,73.57756,-0.14477907,-1.3134011,23.00483
30.19,7.8018117,73.574814,-0.14522405,-1.3174965,23.003593
30.2,7.801163,73.57205,-0.14567,-1.3215978,23.00235
30.21,7.8005157,73.56927,-0.14611627,-1.3257034,23.001114
30.22,7.7998643,73.56646,-0.14656363,-1.3298167,22.99986
30.23,7.7992134,73.56367,-0.14701188,-1.3339385,22.998606
30.24,7.798559,73.560844,-0.14746083,-1.3380632,22.997355
30.25,7.797906,73.55801,-0.14791033,-1.3421948,22.996088
30.26,7.7972503,73.555176,-0.14836076,-1.3463334,22.994818
30.27,7.796592,73.55231,-0.14881182,-1.3504773,22.993553
30.28,7.795931,73.549446,-0.1492637,-1.3546273,22.99228
30.29,7.795272,73.54656,-0.14971651,-1.3587842,22.990995
30.3,7.7946095,73.5437,-0.15016995,-1.3629477,22.98971
30.31,7.7939467,73.54075,-0.15062399,-1.367116,22.988428
30.32,7.7932816,73.53784,-0.15107928,-1.3712913,22.987135
30.33,7.7926154,73.534935,-0.15153489,-1.3754727,22.985842
30.34,7.791948,73.53198,-0.15199123,-1.3796595,22.98454
30.35,7.791279,73.52902,-0.15244845,-1.383853,22.983236
30.36,7.7906084,73.526054,-0.15290686,-1.388052,22.981928
30.37,7.7899337,73.52307,-0.1533654,-1.3922584,22.980614
30.38,7.7892637,73.52007,-0.15382503,-1.3964696,22.979307
30.39,7.7885857,73.51706,-0.15428509,-1.4006873,22.977976
30.4,7.787909,73.51407,-0.1547462,-1.404913,22.976648
30.41,7.7872324,73.511024,-0.15520814,-1.4091425,22.975319
30.42,7.7865524,73.50797,-0.1556707,-1.41338,22.973982
30.43,7.785871,73.50491,-0.15613393,-1.4176213,22.972647
30.44,7.7851896,73.50184,-0.15659839,-1.4218726,22.971304
30.45,7.7845063,73.49879,-0.15706311,-1.4261264,22.969957
30.46,7.783821,73.495674,-0.1575287,-1.4303874,22.968603
30.47,7.783134,73.4926,-0.15799521,-1.4346545,22.967249
30.48,7.7824435,73.48945,-0.15846239,-1.438928,22.965887
30.49,7.781754,73.48632,-0.15893038,-1.4432083,22.964521
30.5,7.7810616,73.48318,-0.15939918,-1.4474937,22.963154
30.51,7.7803717,73.48003,-0.15986885,-1.4517863,22.96178
30.52,7.7796764,73.47683,-0.16033892,-1.4560847,22.960403
30.53,7.77898,73.47364,-0.16081005,-1.4603885,22.959017
30.54,7.7782803,73.47045,-0.16128214,-1.4647001,22.957632
30.55,7.7775846,73.46723,-0.1617546,-1.4690175,22.956245
30.56,7.776884,73.46402,-0.16222803,-1.47334,22.95485
30.57,7.7761803,73.46077,-0.16270211,-1.4776694,22.953444
30.58,7.7754793,73.45752,-0.1631768,-1.4820037,22.952044
30.59,7.7747726,73.45424,-0.16365258,-1.4863452,22.950632
30.6,7.774068,73.45098,-0.16412902,-1.4906943,22.94922
30.61,7.7733603,73.44768,-0.1646066,-1.4950489,22.947798
30.62,7.7726483,73.44437,-0.16508465,-1.4994079,22.946384
30.63,7.7719374,73.44107,-0.16556333,-1.5037745,22.944954
30.64,7.771226,73.43771,-0.16604291,-1.5081471,22.943518
30.65,7.770512,73.43438,-0.16652326,-1.5125247,22.942081
30.66,7.7697973,73.43102,-0.16700457,-1.5169113,22.940649
30.67,7.769079,73.42764,-0.16748638,-1.5213021,22.9392
30.68,7.7683616,73.424255,-0.16796918,-1.525701,22.937746
30.69,7.767642,73.42087,-0.1684527,-1.530105,22.936298
30.7,7.76692,73.41745,-0.1689367,-1.5345137,22.934837
30.71,7.766196,73.41404,-0.16942166,-1.5389279,22.933376
30.72,7.765471,73.41059,-0.1699076,-1.5433513,22.931911
30.73,7.764747,73.407135,-0.17039418,-1.5477788,22.93044
30.74,7.76402,73.40367,-0.17088145,-1.552214,22.928959
30.75,7.76329,73.40018,-0.17136976,-1.5566568,22.927479
30.76,7.762559,73.3967,-0.17185876,-1.5611033,22.925991
30.77,7.761827,73.39318,-0.17234851,-1.5655578,22.924501
30.78,7.7610917,73.38964,-0.17283902,-1.570017,22.92301
30.79,7.7603583,73.38613,-0.17333013,-1.5744827,22.92151
30.8,7.75962,73.38257,-0.17382218,-1.5789531,22.92
30.81,7.7588835,73.379005,-0.17431515,-1.5834342,22.9185
30.82,7.7581415,73.37542,-0.17480862,-1.5879174,22.916979
30.83,7.757398,73.37182,-0.17530315,-1.5924067,22.915462
30.84,7.756656,73.368225,-0.17579852,-1.5969049,22.913939
30.85,7.755913,73.3646,-0.17629443,-1.6014084,22.912415
30.86,7.7551656,73.36097,-0.17679103,-1.605917,22.910877
30.87,7.7544184,73.357315,-0.17728856,-1.6104327,22.90935
30.88,7.75367,73.35366,-0.17778723,-1.6149548,22.907799
30.89,7.7529173,73.349976,-0.17828639,-1.6194843,22.906258
30.9,7.7521663,73.3463,-0.17878646,-1.6240194,22.904703
30.91,7.75141,73.3426,-0.17928691,-1.6285603,22.903152
30.92,7.7506557,73.338875,-0.17978884,-1.6331072,22.90159
30.93,7.749897,73.33515,-0.18029107,-1.6376601,22.900024
30.94,7.74914,73.33137,-0.18079378,-1.6422195,22.898455
30.95,7.7483797,73.32765,-0.18129793,-1.6467857,22.89688
30.96,7.7476187,73.32385,-0.18180244,-1.651358,22.895302
30.97,7.746854,73.32008,-0.18230824,-1.655937,22.893719
30.98,7.7460885,73.31627,-0.18281429,-1.6605201,22.892124
30.99,7.7453227,73.31245,-0.18332146,-1.6651121,22.89054
31.0,7.7445536,73.30862,-0.18382952,-1.6697114,22.888937
31.01,7.743786,73.30477,-0.1843382,-1.6743141,22.887335
31.02,7.743013,73.30093,-0.18484755,-1.6789242,22.885727
31.03,7.7422414,73.29704,-0.18535773,-1.6835394,22.884117
31.04,7.7414684,73.29315,-0.18586887,-1.6881621,22.882498
31.05,7.7406917,73.28925,-0.1863806,-1.6927912,22.88087
31.06,7.739911,73.28535,-0.1868934,-1.6974266,22.87925
31.07,7.739132,73.2814,-0.18740667,-1.7020676,22.877615
31.08,7.738351,73.27744,-0.1879212,-1.706716,22.87598
31.09,7.737568,73.27349,-0.18843602,-1.7113693,22.874336
31.1,7.736784,73.26951,-0.1889522,-1.7160317,22.872694
31.11,7.7359996,73.26555,-0.1894684,-1.7206966,22.87104
31.12,7.735213,73.26153,-0.18998614,-1.7253717,22.869385
31.13,7.734423,73.25751,-0.19050431,-1.7300494,22.867723
31.14,7.7336316,73.25346,-0.1910233,-1.734734,22.866055
31.15,7.732839,73.24941,-0.19154318,-1.7394264,22.864386
31.16,7.7320457,73.245346,-0.19206363,-1.7441245,22.862713
31.17,7.73125,73.24129,-0.19258517,-1.7488284,22.86103
31.18,7.7304544,73.23719,-0.19310772,-1.7535417,22.859348
31.19,7.7296543,73.2331,-0.19363073,-1.7582587,22.857656
31.2,7.728855,73.228966,-0.19415432,-1.7629824,22.855959
31.21,7.728053,73.22484,-0.1946792,-1.7677119,22.854265
31.22,7.7272487,73.22068,-0.19520487,-1.7724463,22.852564
31.23,7.726443,73.21653,-0.19573087,-1.7771912,22.850857
31.24,7.725638,73.212326,-0.19625801,-1.7819406,22.849138
31.25,7.724829,73.20812,-0.19678591,-1.7866964,22.84742
31.26,7.724019,73.20392,-0.1973148,-1.7914573,22.845692
31.27,7.7232056,73.199684,-0.19784424,-1.7962255,22.843966
31.28,7.722392,73.19546,-0.19837451,-1.8010017,22.842226
31.29,7.721576,73.19119,-0.19890575,-1.805782,22.840494
31.3,7.7207627,73.186935,-0.19943763,-1.8105694,22.838747
31.31,7.7199416,73.18264,-0.19997033,-1.815363,22.837
31.32,7.7191224,73.178345,-0.2005039,-1.8201624,22.835245
31.33,7.7183003,73.17402,-0.20103845,-1.8249701,22.833488
31.34,7.71748,73.1697,-0.20157367,-1.8297817,22.831728
31.35,7.7166543,73.165344,-0.20210952,-1.8346015,22.829958
31.36,7.7158284,73.16098,-0.20264645,-1.8394293,22.828176
31.37,7.7149997,73.15661,-0.20318405,-1.8442601,22.826405
31.38,7.71417,73.15222,-0.20372245,-1.8490971,22.824617
31.39,7.713339,73.14782,-0.20426182,-1.8539413,22.822824
31.4,7.712504,73.1434,-0.204802,-1.8587941,22.821035
31.41,7.7116704,73.138954,-0.20534256,-1.8636523,22.819239
31.42,7.710835,73.13451,-0.20588438,-1.8685158,22.81743
31.43,7.7099986,73.13007,-0.20642681,-1.873387,22.815626
31.44,7.7091575,73.12556,-0.20697005,-1.8782643,22.813808
31.45,7.7083163,73.12106,-0.20751438,-1.8831474,22.81199
31.46,7.7074733,73.11656,-0.20805918,-1.8880361,22.81017
31.47,7.7066274,73.11203,-0.20860519,-1.8929325,22.808342
31.48,7.705782,73.107475,-0.20915174,-1.8978361,22.806505
31.49,7.704933,73.10291,-0.20969914,-1.9027463,22.804665
31.5,7.704084,73.09836,-0.21024731,-1.9076606,22.80282
31.51,7.7032323,73.09374,-0.21079642,-1.912583,22.80097
31.52,7.7023807,73.08916,-0.21134628,-1.9175111,22.799118
31.53,7.701523,73.08452,-0.21189722,-1.922448,22.797258
31.54,7.7006674,73.07991,-0.21244884,-1.927389,22.795399
31.55,7.6998096,73.07527,-0.21300086,-1.932335,22.793524
31.56,7.698951,73.07059,-0.2135544,-1.9372915,22.791656
31.57,7.698086,73.065895,-0.21410823,-1.9422518,22.789768
31.58,7.697224,73.06118,-0.21466306,-1.9472197,22.787888
31.59,7.6963606,73.05649,-0.21521887,-1.9521943,22.786
31.6,7.6954927,73.05176,-0.2157755,-1.9571754,22.7841
31.61,7.694626,73.04702,-0.21633281,-1.9621605,22.7822
31.62,7.6937556,73.04227,-0.2168908,-1.9671551,22.780296
31.63,7.6928825,73.03749,-0.21744972,-1.9721543,22.778383
31.64,7.69201,73.03269,-0.21800955,-1.977161,22.776472
31.65,7.691134,73.02787,-0.21857032,-1.9821743,22.774544
31.66,7.6902575,73.02304,-0.21913171,-1.9871916,22.772621
31.67,7.689379,73.01823,-0.21969381,-1.9922186,22.77069
31.68,7.688499,73.01335,-0.22025715,-1.9972521,22.768753
31.69,7.6876187,73.00851,-0.22082132,-2.0022912,22.766813
31.7,7.686733,73.0036,-0.22138576,-2.0073376,22.764868
31.71,7.6858487,72.998726,-0.22195157,-2.0123878,22.762915
31.72,7.6849613,72.99378,-0.2225179,-2.017447,22.760962
31.73,7.684074,72.98888,-0.22308502,-2.0225112,22.759
31.74,7.683183,72.9839,-0.2236533,-2.0275843,22.757034
31.75,7.68229,72.978966,-0.22422239,-2.0326617,22.755058
31.76,7.681397,72.97398,-0.22479208,-2.0377455,22.75308
31.77,7.6805005,72.96896,-0.22536294,-2.0428386,22.751102
31.78,7.6796045,72.96396,-0.22593436,-2.0479362,22.749105
31.79,7.6787047,72.95894,-0.22650667,-2.053042,22.747116
31.8,7.6778054,72.95391,-0.22707975,-2.0581512,22.745117
31.81,7.6769013,72.94884,-0.22765376,-2.0632687,22.743116
31.82,7.675998,72.94379,-0.22822857,-2.0683925,22.741102
31.83,7.6750917,72.938675,-0.22880414,-2.0735245,22.739086
31.84,7.6741858,72.93356,-0.22938082,-2.0786614,22.737066
31.85,7.673273,72.92844,-0.22995786,-2.083805,22.735046
31.86,7.6723633,72.9233,-0.23053636,-2.088957,22.733013
31.87,7.671451,72.918144,-0.2311153,-2.0941133,22.730968
31.88,7.6705356,72.91299,-0.23169513,-2.0992768,22.72894
31.89,7.669619,72.9078,-0.23227566,-2.1044476,22.726894
31.9,7.668701,72.902596,-0.23285742,-2.1096237,22.724836
31.91,7.667782,72.897354,-0.23343989,-2.114808,22.72278
31.92,7.6668606,72.89212,-0.23402321,-2.1199987,22.720716
31.93,7.6659374,72.88689,-0.23460709,-2.1251943,22.718653
31.94,7.665011,72.88161,-0.23519188,-2.130397,22.716585
31.95,7.664084,72.876335,-0.235778,-2.1356091,22.714508
31.96,7.6631556,72.87101,-0.23636416,-2.1408234,22.712421
31.97,7.6622233,72.86571,-0.23695186,-2.1460466,22.710331
31.98,7.661293,72.86038,-0.23753996,-2.1512785,22.708239
31.99,7.6603584,72.855034,-0.23812912,-2.1565132,22.706142
32.0,7.6594243,72.84967,-0.23871939,-2.161758,22.70404
32.01,7.6584845,72.84428,-0.23931028,-2.1670067,22.701925
32.02,7.6575475,72.838875,-0.23990183,-2.1722636,22.699814
32.03,7.6566052,72.83347,-0.24049442,-2.1775284,22.697695
32.04,7.655662,72.82804,-0.2410881,-2.1827986,22.695566
32.05,7.6547184,72.82257,-0.2416821,-2.1880746,22.693438
32.06,7.6537743,72.81714,-0.24227746,-2.1933587,22.691301
32.07,7.652825,72.811646,-0.24287345,-2.198649,22.689157
32.08,7.651876,72.80616,-0.24347012,-2.2039447,22.687008
32.09,7.6509233,72.80064,-0.24406768,-2.209247,22.684858
32.1,7.6499696,72.79511,-0.24466626,-2.2145572,22.682701
32.11,7.6490135,72.78957,-0.24526586,-2.2198744,22.680542
32.12,7.648059,72.78401,-0.24586608,-2.2251968,22.67837
32.13,7.647099,72.778404,-0.24646713,-2.230529,22.676197
32.14,7.6461396,72.77282,-0.24706881,-2.2358637,22.674013
32.15,7.6451764,72.76721,-0.247672,-2.2412093,22.671833
32.16,7.644214,72.76158,-0.24827562,-2.2465594,22.669647
32.17,7.643248,72.75594,-0.2488798,-2.2519143,22.667444
32.18,7.6422787,72.7503,-0.24948554,-2.2572784,22.66525
32.19,7.6413126,72.7446,-0.25009167,-2.26265,22.663036
32.2,7.6403384,72.738914,-0.2506988,-2.2680275,22.660828
32.21,7.6393657,72.73319,-0.25130677,-2.2734106,22.65861
32.22,7.6383915,72.727455,-0.2519156,-2.2788012,22.656391
32.23,7.6374154,72.721725,-0.2525253,-2.2841983,22.65416
32.24,7.6364365,72.715965,-0.25313592,-2.2896037,22.651932
32.25,7.6354575,72.71019,-0.25374705,-2.2950149,22.649683
32.26,7.634475,72.70441,-0.25435928,-2.3004324,22.647442
32.27,7.6334944,72.6986,-0.2549728,-2.3058581,22.64519
32.28,7.632508,72.69276,-0.25558653,-2.3112864,22.64294
32.29,7.6315193,72.68691,-0.25620177,-2.316727,22.640678
32.3,7.6305285,72.68107,-0.25681734,-2.322171,22.638416
32.31,7.6295376,72.67517,-0.25743422,-2.3276238,22.636139
32.32,7.6285453,72.66928,-0.25805166,-2.33308,22.633865
32.33,7.6275506,72.66337,-0.25867012,-2.338548,22.631578
32.34,7.6265545,72.65745,-0.25928897,-2.3440182,22.629292
32.35,7.625555,72.65151,-0.259909,-2.3494964,22.627003
32.36,7.624557,72.64554,-0.2605302,-2.3549836,22.624702
32.37,7.6235557,72.63957,-0.26115218,-2.3604758,22.622398
32.38,7.6225514,72.633575,-0.26177478,-2.3659754,22.620085
32.39,7.6215463,72.62757,-0.26239797,-2.3714802,22.617767
32.4,7.620539,72.62153,-0.2630228,-2.3769946,22.61545
32.41,7.619529,72.615486,-0.26364812,-2.3825154,22.613121
32.42,7.6185193,72.60943,-0.2642741,-2.3880384,22.610794
32.43,7.6175065,72.60334,-0.2649011,-2.3935726,22.608458
32.44,7.6164913,72.597244,-0.26552898,-2.3991137,22.606106
32.45,7.615475,72.591125,-0.266158,-2.4046614,22.60376
32.46,7.614454,72.58501,-0.2667875,-2.4102142,22.601404
32.47,7.6134353,72.57886,-0.26741818,-2.4157767,22.599047
32.48,7.612414,72.57271,-0.26804972,-2.4213436,22.596684
32.49,7.61139,72.56652,-0.2686817,-2.4269178,22.594313
32.5,7.6103644,72.56033,-0.26931527,-2.4324996,22.591932
32.51,7.6093383,72.5541,-0.26994896,-2.4380865,22.589556
32.52,7.608308,72.54789,-0.2705842,-2.4436824,22.58717
32.53,7.6072764,72.54162,-0.2712198,-2.4492843,22.58478
32.54,7.606244,72.53536,-0.27185652,-2.454893,22.582373
32.55,7.6052094,72.52907,-0.27249444,-2.4605103,22.579971
32.56,7.604173,72.52278,-0.27313283,-2.4661324,22.577559
32.57,7.6031346,72.51647,-0.2737721,-2.4717627,22.575148
32.58,7.6020937,72.510124,-0.27441227,-2.477399,22.572733
32.59,7.6010528,72.503784,-0.27505347,-2.4830422,22.570309
32.6,7.6000085,72.497406,-0.27569538,-2.488692,22.567877
32.61,7.598963,72.491005,-0.27633822,-2.4943502,22.565435
32.62,7.5979137,72.484634,-0.27698186,-2.5000134,22.562994
32.63,7.5968633,72.4782,-0.27762643,-2.5056849,22.560545
32.64,7.5958123,72.47177,-0.2782721,-2.5113623,22.558086
32.65,7.594761,72.465324,-0.27891868,-2.5170493,22.555626
32.66,7.5937037,72.45885,-0.27956575,-2.5227396,22.553164
32.67,7.592649,72.45237,-0.28021395,-2.5284386,22.55069
32.68,7.591588,72.445854,-0.28086287,-2.5341434,22.548212
32.69,7.5905285,72.43934,-0.28151292,-2.5398567,22.545734
32.7,7.589465,72.43279,-0.28216404,-2.5455775,22.543247
32.71,7.5884013,72.426216,-0.2828157,-2.5513036,22.540754
32.72,7.5873356,72.41966,-0.28346843,-2.557039,22.53825
32.73,7.5862665,72.41308,-0.28412214,-2.5627804,22.535753
32.74,7.585195,72.40647,-0.28477654,-2.568526,22.53324
32.75,7.584124,72.39983,-0.28543186,-2.5742817,22.53073
32.76,7.5830507,72.39321,-0.28608766,-2.580042,22.528208
32.77,7.581975,72.386536,-0.28674483,-2.5858123,22.525677
32.78,7.580896,72.37985,-0.28740293,-2.591585,22.523144
32.79,7.5798182,72.37317,-0.28806198,-2.5973704,22.520607
32.8,7.578736,72.36646,-0.28872162,-2.6031592,22.518068
32.81,7.577653,72.359726,-0.2893825,-2.608956,22.515512
32.82,7.576567,72.352974,-0.2900439,-2.6147594,22.512964
32.83,7.57548,72.34621,-0.29070672,-2.6205716,22.510405
32.84,7.574393,72.33943,-0.29136977,-2.6263874,22.507832
32.85,7.5733013,72.33265,-0.2920337,-2.6322122,22.505264
32.86,7.572209,72.32582,-0.29269916,-2.6380434,22.502684
32.87,7.571115,72.318985,-0.29336497,-2.643883,22.500103
32.88,7.570017,72.31213,-0.2940322,-2.6497297,22.497513
32.89,7.5689187,72.30526,-0.29469976,-2.6555817,22.494917
32.9,7.5678177,72.29838,-0.2953688,-2.6614416,22.492315
32.91,7.566718,72.29147,-0.2960384,-2.6673083,22.489706
32.92,7.5656147,72.284546,-0.2967087,-2.6731806,22.487104
32.93,7.564508,72.27759,-0.2973805,-2.6790655,22.484482
32.94,7.5634003,72.27065,-0.2980525,-2.6849499,22.48187
32.95,7.562291,72.26369,-0.29872596,-2.6908474,22.47923
32.96,7.561178,72.2567,-0.29940015,-2.696749,22.476597
32.97,7.560066,72.24968,-0.3000756,-2.7026596,22.473959
32.98,7.558951,72.24265,-0.30075157,-2.7085743,22.471312
32.99,7.557832,72.23563,-0.30142817,-2.7145,22.468658
33.0,7.5567136,72.22855,-0.302106,-2.7204297,22.466003
33.01,7.5555944,72.22149,-0.30278435,-2.7263668,22.463337
33.02,7.5544724,72.21437,-0.30346403,-2.7323112,22.460678
33.03,7.5533476,72.20727,-0.30414453,-2.7382617,22.457996
33.04,7.5522203,72.200134,-0.3048263,-2.744223,22.455315
33.05,7.5510917,72.19298,-0.3055082,-2.750186,22.452635
33.06,7.54996,72.18582,-0.30619162,-2.7561603,22.449944
33.07,7.548828,72.17864,-0.30687568,-2.762141,22.447243
33.08,7.5476923,72.17145,-0.30756092,-2.7681308,22.44454
33.09,7.546558,72.16423,-0.30824667,-2.7741218,22.441833
33.1,7.5454206,72.156975,-0.30893356,-2.780125,22.43912
33.11,7.544278,72.14975,-0.3096212,-2.786134,22.436405
33.12,7.5431376,72.14246,-0.31031024,-2.7921498,22.433676
33.13,7.541993,72.135185,-0.31099978,-2.7981725,22.430944
33.14,7.5408483,72.12786,-0.3116902,-2.8042033,22.428211
33.15,7.5397005,72.12052,-0.31238177,-2.8102424,22.425465
33.16,7.538551,72.11321,-0.3130739,-2.816285,22.422716
33.17,7.5374017,72.10584,-0.31376708,-2.8223348,22.419954
33.18,7.5362444,72.09845,-0.31446153,-2.8283958,22.417204
33.19,7.5350895,72.09106,-0.31515652,-2.8344607,22.414434
33.2,7.5339327,72.08368,-0.31585258,-2.840534,22.411663
33.21,7.5327735,72.07623,-0.31654957,-2.846614,22.408886
33.22,7.531614,72.06877,-0.31724763,-2.8527036,22.406103
33.23,7.5304484,72.06132,-0.3179461,-2.8587983,22.40332
33.24,7.529284,72.053825,-0.3186458,-2.864899,22.400526
33.25,7.5281177,72.04632,-0.31934616,-2.8710063,22.39773
33.26,7.526949,72.038795,-0.32004797,-2.877124,22.394915
33.27,7.5257783,72.03128,-0.32075036,-2.883248,22.392103
33.28,7.524605,72.02372,-0.32145327,-2.8893778,22.389286
33.29,7.523432,72.01614,-0.32215783,-2.8955173,22.386465
33.3,7.5222554,72.00855,-0.3228631,-2.9016607,22.383638
33.31,7.521076,72.000946,-0.32356924,-2.907813,22.380796
33.32,7.519894,71.99332,-0.3242764,-2.9139738,22.377962
33.33,7.518712,71.98567,-0.32498443,-2.9201407,22.375107
33.34,7.5175295,71.978004,-0.32569328,-2.9263148,22.372269
33.35,7.516341,71.970345,-0.3264031,-2.9324934,22.369408
33.36,7.5151534,71.96266,-0.32711348,-2.938682,22.366543
33.37,7.513964,71.954926,-0.3278252,-2.944878,22.363672
33.38,7.512771,71.9472,-0.32853818,-2.9510818,22.360798
33.39,7.511577,71.93943,-0.32925174,-2.9572926,22.357916
33.4,7.5103793,71.93168,-0.32996622,-2.9635108,22.355026
33.41,7.5091834,71.9239,-0.33068126,-2.969734,22.352135
33.42,7.507983,71.916084,-0.33139777,-2.975967,22.349236
33.43,7.5067835,71.90826,-0.332115,-2.9822066,22.34633
33.44,7.5055766,71.90042,-0.33283275,-2.98845,22.343428
33.45,7.504374,71.89256,-0.33355194,-2.9947062,22.340508
33.46,7.503166,71.88469,-0.33427235,-3.0009663,22.337591
33.47,7.501955,71.876785,-0.3349931,-3.0072322,22.334658
33.48,7.500745,71.86888,-0.33571485,-3.013509,22.33173
33.49,7.499531,71.86095,-0.33643815,-3.019793,22.328787
33.5,7.498316,71.85301,-0.33716145,-3.0260808,22.325846
33.51,7.4970975,71.84503,-0.33788612,-3.0323775,22.322893
33.52,7.4958777,71.83706,-0.33861202,-3.0386856,22.31994
33.53,7.494656,71.82906,-0.3393383,-3.0449946,22.316975
33.54,7.493434,71.821045,-0.34006605,-3.0513155,22.314009
33.55,7.492209,71.81301,-0.34079438,-3.05764,22.311035
33.56,7.4909854,71.804955,-0.34152356,-3.063976,22.30805
33.57,7.489755,71.796906,-0.34225383,-3.0703163,22.305065
33.58,7.4885235,71.78877,-0.34298548,-3.076667,22.302073
33.59,7.4872885,71.78067,-0.34371758,-3.0830228,22.299082
33.6,7.4860563,71.77256,-0.3444502,-3.0893817,22.296074
33.61,7.484818,71.7644,-0.34518442,-3.0957546,22.293072
33.62,7.4835777,71.75626,-0.34591934,-3.102132,22.290054
33.63,7.4823394,71.74805,-0.34665534,-3.1085196,22.287035
33.64,7.4810944,71.73986,-0.34739205,-3.114909,22.284016
33.65,7.4798503,71.73166,-0.34812993,-3.121309,22.280972
33.66,7.4786024,71.72342,-0.3488685,-3.1277149,22.277943
33.67,7.477357,71.71516,-0.34960815,-3.134128,22.2749
33.68,7.476104,71.70689,-0.3503489,-3.140553,22.271843
33.69,7.474851,71.6986,-0.3510902,-3.146981,22.268793
33.7,7.473598,71.69029,-0.3518329,-3.1534188,22.265734
33.71,7.472342,71.68197,-0.35257623,-3.1598604,22.262667
33.72,7.471084,71.67364,-0.3533205,-3.1663108,22.259594
33.73,7.469821,71.66527,-0.354066,-3.172769,22.256508
33.74,7.468559,71.656876,-0.35481226,-3.1792371,22.25343
33.75,7.4672956,71.64849,-0.35555947,-3.1857092,22.25034
33.76,7.4660296,71.640076,-0.3563073,-3.1921883,22.247242
33.77,7.4647613,71.631645,-0.35705638,-3.198677,22.244139
33.78,7.46349,71.62319,-0.35780677,-3.2051744,22.24103
33.79,7.462218,71.614746,-0.35855797,-3.2116785,22.23792
33.8,7.460945,71.606224,-0.35930938,-3.2181842,22.234804
33.81,7.4596686,71.59771,-0.36006275,-3.2247057,22.231672
33.82,7.4583893,71.58921,-0.3608163,-3.2312293,22.228542
33.83,7.457109,71.58066,-0.36157107,-3.2377617,22.225405
33.84,7.455827,71.5721,-0.362327,-3.2443023,22.222261
33.85,7.454544,71.563545,-0.3630832,-3.250846,22.21912
33.86,7.4532576,71.55494,-0.36384115,-3.2574036,22.215961
33.87,7.451969,71.546295,-0.3645995,-3.2639623,22.212793
33.88,7.4506807,71.53769,-0.36535916,-3.2705336,22.209631
33.89,7.449385,71.52904,-0.36611983,-3.2771108,22.206465
33.9,7.4480934,71.52036,-0.36688113,-3.2836952,22.203283
33.91,7.446797,71.51168,-0.3676435,-3.290286,22.200098
33.92,7.4455,71.50299,-0.36840662,-3.2968814,22.196909
33.93,7.4442,71.494255,-0.36917093,-3.3034916,22.19371
33.94,7.442898,71.48551,-0.36993626,-3.3101034,22.19051
33.95,7.441595,71.476746,-0.37070265,-3.316727,22.187302
33.96,7.4402866,71.467995,-0.37146968,-3.3233545,22.184093
33.97,7.438979,71.4592,-0.37223798,-3.3299928,22.180868
33.98,7.43767,71.450386,-0.37300646,-3.3366332,22.177649
33.99,7.4363575,71.44153,-0.37377712,-3.3432841,22.174416
34.0,7.435043,71.4327,-0.3745479,-3.3499427,22.171185
34.01,7.433728,71.423805,-0.37531948,-3.3566084,22.167933
34.02,7.4324107,71.41493,-0.37609258,-3.363281,22.16469
34.03,7.4310904,71.40602,-0.37686682,-3.3699644,22.16143
34.04,7.42977,71.39712,-0.37764132,-3.3766515,22.15817
34.05,7.428443,71.38817,-0.3784169,-3.3833466,22.154903
34.06,7.4271193,71.37921,-0.3791935,-3.390049,22.151634
34.07,7.4257913,71.370224,-0.37997127,-3.3967605,22.148357
34.08,7.4244595,71.361244,-0.38075003,-3.4034786,22.145075
34.09,7.423133,71.35222,-0.38152942,-3.4102032,22.141787
34.1,7.421797,71.34319,-0.38231015,-3.416937,22.138487
34.11,7.4204617,71.33412,-0.38309163,-3.423677,22.13519
34.12,7.419123,71.32508,-0.3838739,-3.4304228,22.13188
34.13,7.4177847,71.31599,-0.38465765,-3.43718,22.12857
34.14,7.416443,71.306885,-0.38544175,-3.4439445,22.125244
34.15,7.4150987,71.29777,-0.3862272,-3.450714,22.12192
34.16,7.4137506,71.28862,-0.3870137,-3.4574924,22.118591
34.17,7.412405,71.27945,-0.3878006,-3.464273,22.115252
34.18,7.4110565,71.27028,-0.3885892,-3.4710703,22.11191
34.19,7.409706,71.26109,-0.3893781,-3.4778674,22.108564
34.2,7.40835,71.25186,-0.3901683,-3.4846787,22.105204
34.21,7.4069943,71.242645,-0.39095953,-3.4914916,22.101841
34.22,7.405637,71.233406,-0.39175174,-3.498316,22.098476
34.23,7.404277,71.22412,-0.3925445,-3.5051444,22.095106
34.24,7.4029164,71.21484,-0.3933385,-3.511983,22.091728
34.25,7.40155,71.20552,-0.39413366,-3.5188286,22.088345
34.26,7.400187,71.19621,-0.39492944,-3.5256786,22.084959
34.27,7.398821,71.18688,-0.39572656,-3.5325427,22.081558
34.28,7.39745,71.177505,-0.3965244,-3.5394087,22.078156
34.29,7.3960776,71.168144,-0.3973234,-3.5462852,22.074749
34.3,7.394705,71.158745,-0.39812285,-3.5531633,22.071337
34.31,7.393328,71.14934,-0.39892405,-3.5600574,22.067919
34.32,7.391952,71.139885,-0.39972556,-3.5669532,22.064493
34.33,7.3905716,71.130424,-0.40052867,-3.5738614,22.061056
34.34,7.3891916,71.12097,-0.401332,-3.5807717,22.057621
34.35,7.387808,71.111496,-0.4021367,-3.5876927,22.054178
34.36,7.3864226,71.10197,-0.40294236,-3.5946195,22.050734
34.37,7.3850355,71.09247,-0.40374848,-3.601553,22.047281
34.38,7.383644,71.0829,-0.40455657,-3.6084986,22.043818
34.39,7.3822546,71.07335,-0.40536487,-3.615448,22.040354
34.4,7.3808594,71.06376,-0.40617478,-3.6224067,22.036875
34.41,7.379463,71.054184,-0.40698463,-3.6293695,22.033403
34.42,7.3780665,71.04456,-0.40779614,-3.6363437,22.029919
34.43,7.376667,71.03491,-0.40860888,-3.6433258,22.02643
34.44,7.3752675,71.025276,-0.40942237,-3.6503122,22.022928
34.45,7.373862,71.0156,-0.4102371,-3.6573112,22.01943
34.46,7.3724575,71.005905,-0.41105193,-3.664312,22.015917
34.47,7.3710494,70.996216,-0.41186872,-3.6713243,22.012405
34.48,7.36964,70.98648,-0.4126858,-3.6783423,22.008888
34.49,7.3682294,70.976746,-0.41350424,-3.6853666,22.005358
34.5,7.3668146,70.96698,-0.41432324,-3.692401,22.001831
34.51,7.3654,70.95719,-0.41514334,-3.6994379,21.998295
34.52,7.363982,70.947395,-0.41596466,-3.7064893,21.99475
34.53,7.362563,70.93761,-0.41678682,-3.7135456,21.9912
34.54,7.3611407,70.927734,-0.41760987,-3.720609,21.987642
34.55,7.3597193,70.91789,-0.41843405,-3.7276802,21.984083
34.56,7.358293,70.90803,-0.41925943,-3.73476,21.980515
34.57,7.356865,70.898125,-0.42008522,-3.741843,21.976942
34.58,7.355435,70.88822,-0.42091236,-3.7489393,21.973366
34.59,7.3540034,70.878296,-0.42174053,-3.7560394,21.969784
34.6,7.3525705,70.86836,-0.42256936,-3.7631483,21.96619
34.61,7.3511357,70.85839,-0.42339957,-3.7702658,21.962587
34.62,7.349697,70.84843,-0.4242306,-3.7773898,21.958992
34.63,7.3482556,70.8384,-0.42506242,-3.7845213,21.955383
34.64,7.3468165,70.82839,-0.42589557,-3.791661,21.95177
34.65,7.345374,70.81835,-0.42672953,-3.79881,21.948147
34.66,7.3439274,70.808304,-0.42756408,-3.80596,21.94452
34.67,7.34248,70.79823,-0.42840004,-3.8131208,21.940891
34.68,7.34103,70.788155,-0.4292372,-3.8202925,21.937256
34.69,7.3395796,70.778046,-0.43007493,-3.8274684,21.933607
34.7,7.3381248,70.767914,-0.43091372,-3.8346534,21.929958
34.71,7.33667,70.75777,-0.43175352,-3.8418455,21.926315
34.72,7.3352137,70.74759,-0.43259445,-3.8490453,21.922644
34.73,7.333753,70.73742,-0.4334364,-3.856254,21.918982
34.74,7.3322916,70.72723,-0.43427908,-3.8634677,21.915304
34.75,7.3308277,70.717,-0.43512267,-3.870689,21.911629
34.76,7.329362,70.70675,-0.43596736,-3.8779182,21.907942
34.77,7.3278933,70.696495,-0.4368132,-3.885157,21.90425
34.78,7.326426,70.68623,-0.43765974,-3.8924017,21.900557
34.79,7.324954,70.675934,-0.43850777,-3.8996549,21.89685
34.8,7.323482,70.66563,-0.43935612,-3.9069157,21.893143
34.81,7.3220053,70.65531,-0.44020602,-3.914185,21.889431
34.82,7.3205285,70.64496,-0.4410565,-3.9214587,21.885715
34.83,7.3190465,70.63459,-0.44190836,-3.9287434,21.881983
34.84,7.317567,70.624214,-0.4427607,-3.9360313,21.878254
34.85,7.3160834,70.61379,-0.44361418,-3.9433298,21.874521
34.86,7.3145995,70.60338,-0.44446892,-3.9506335,21.870773
34.87,7.313112,70.59296,-0.44532445,-3.9579492,21.867027
34.88,7.3116207,70.582504,-0.44618115,-3.965272,21.86327
34.89,7.3101315,70.57203,-0.44703853,-3.9725971,21.85951
34.9,7.308637,70.56153,-0.44789708,-3.9799352,21.855743
34.91,7.307142,70.551025,-0.44875675,-3.9872794,21.851969
34.92,7.3056445,70.54049,-0.44961682,-3.9946284,21.848192
34.93,7.304144,70.52995,-0.4504787,-4.001989,21.8444
34.94,7.3026433,70.51941,-0.4513411,-4.009354,21.84061
34.95,7.3011394,70.50878,-0.452205,-4.016731,21.836815
34.96,7.299634,70.49818,-0.453069,-4.0241094,21.833014
34.97,7.2981267,70.487564,-0.45393458,-4.031502,21.82921
34.98,7.2966185,70.47692,-0.45480117,-4.0388975,21.825388
34.99,7.295108,70.46628,-0.4556688,-4.046304,21.821564
35.0,7.2935925,70.4556,-0.45653677,-4.0537148,21.817743
35.01,7.2920766,70.444916,-0.45740616,-4.06113,21.813908
35.02,7.2905607,70.43421,-0.45827663,-4.06856,21.810076
35.03,7.2890425,70.423485,-0.45914763,-4.0759935,21.806234
35.04,7.2875185,70.41273,-0.4600207,-4.0834394,21.802378
35.05,7.2859974,70.401955,-0.46089408,-4.090888,21.798525
35.06,7.284471,70.39117,-0.46176842,-4.0983453,21.79466
35.07,7.2829447,70.38039,-0.46264347,-4.1058106,21.790796
35.08,7.2814136,70.36955,-0.4635201,-4.1132836,21.78692
35.09,7.2798834,70.358696,-0.4643974,-4.1207633,21.783047
35.1,7.278349,70.347855,-0.46527553,-4.128248,21.779163
35.11,7.2768145,70.336975,-0.4661548,-4.135747,21.77527
35.12,7.275277,70.32607,-0.467035,-4.143249,21.771376
35.13,7.2737365,70.31517,-0.4679167,-4.1507616,21.767471
35.14,7.272195,70.30426,-0.4687988,-4.158278,21.763565
35.15,7.270655,70.2933,-0.46968198,-4.165804,21.759653
35.16,7.269108,70.28234,-0.47056648,-4.1733375,21.75573
35.17,7.267561,70.27136,-0.4714512,-4.180876,21.751808
35.18,7.266012,70.26034,-0.47233805,-4.188427,21.747875
35.19,7.2644606,70.24932,-0.47322515,-4.1959815,21.743935
35.2,7.262907,70.23829,-0.47411302,-4.2035465,21.73999
35.21,7.2613497,70.22722,-0.4750028,-4.2111154,21.736042
35.22,7.2597933,70.216156,-0.47589356,-4.2187,21.732088
35.23,7.258234,70.205055,-0.47678438,-4.226286,21.728125
35.24,7.256672,70.19393,-0.47767696,-4.23388,21.724157
35.25,7.255111,70.182816,-0.47856992,-4.2414804,21.72019
35.26,7.2535453,70.17166,-0.47946388,-4.249089,21.716211
35.27,7.251978,70.16051,-0.48035896,-4.256706,21.712227
35.28,7.250408,70.14932,-0.4812556,-4.2643304,21.708239
35.29,7.248836,70.13809,-0.48215345,-4.2719655,21.704237
35.3,7.247263,70.1269,-0.48305127,-4.2796044,21.700235
35.31,7.245689,70.11565,-0.4839505,-4.2872524,21.696226
35.32,7.2441125,70.1044,-0.48485062,-4.2949047,21.692213
35.33,7.2425327,70.09311,-0.48575222,-4.302569,21.688196
35.34,7.240953,70.081825,-0.48665398,-4.310239,21.684174
35.35,7.239368,70.070526,-0.48755682,-4.317914,21.680136
35.36,7.2377853,70.059204,-0.48846108,-4.325599,21.676098
35.37,7.2361975,70.047844,-0.48936647,-4.3332934,21.67206
35.38,7.234607,70.03648,-0.49027312,-4.3409944,21.668009
35.39,7.2330155,70.02509,-0.49117976,-4.3487005,21.66396
35.4,7.2314243,70.013695,-0.4920882,-4.356418,21.659895
35.41,7.2298303,70.00226,-0.4929974,-4.364141,21.65583
35.42,7.2282324,69.99085,-0.4939075,-4.37187,21.651758
35.43,7.226633,69.97937,-0.4948187,-4.3796096,21.64768
35.44,7.225031,69.9679,-0.49573082,-4.387355,21.643602
35.45,7.2234297,69.95642,-0.49664414,-4.395107,21.639505
35.46,7.221826,69.9449,-0.49755824,-4.4028687,21.635412
35.47,7.220218,69.933365,-0.4984734,-4.410637,21.631313
35.48,7.218611,69.921814,-0.49938983,-4.418414,21.627203
35.49,7.216998,69.91026,-0.5003069,-4.426197,21.623095
35.5,7.215387,69.898674,-0.501225,-4.433988,21.618975
35.51,7.213774,69.88708,-0.50214434,-4.4417863,21.61485
35.52,7.2121572,69.87545,-0.5030645,-4.4495926,21.610727
35.53,7.210537,69.86381,-0.5039857,-4.457406,21.60659
35.54,7.208916,69.852165,-0.5049078,-4.465229,21.602448
35.55,7.207294,69.84049,-0.50583076,-4.473058,21.598299
35.56,7.205669,69.82882,-0.5067553,-4.480893,21.59414
35.57,7.2040424,69.8171,-0.50768006,-4.488737,21.589987
35.58,7.202415,69.80538,-0.50860673,-4.496588,21.58582
35.59,7.200786,69.79364,-0.5095335,-4.504445,21.58165
35.6,7.199153,69.781876,-0.5104616,-4.5123153,21.577477
35.61,7.197518,69.77009,-0.51139104,-4.520189,21.573292
35.62,7.1958814,69.758286,-0.5123209,-4.528066,21.569107
35.63,7.1942434,69.746475,-0.51325214,-4.5359592,21.564915
35.64,7.192602,69.73464,-0.5141848,-4.543859,21.560713
35.65,7.190961,69.72278,-0.51511806,-4.5517626,21.556507
35.66,7.189319,69.7109,-0.51605165,-4.5596714,21.552301
35.67,7.187672,69.69903,-0.516987,-4.5675917,21.54808
35.68,7.1860213,69.68712,-0.51792353,-4.57552,21.543858
35.69,7.1843715,69.67519,-0.51886046,-4.5834527,21.539629
35.7,7.182719,69.66323,-0.51979876,-4.5913987,21.535395
35.71,7.181068,69.65128,-0.5207379,-4.599347,21.53115
35.72,7.1794114,69.639305,-0.5216782,-4.6073046,21.526909
35.73,7.1777563,69.62731,-0.5226192,-4.6152673,21.522655
35.74,7.1760945,69.615295,-0.52356166,-4.6232414,21.518394
35.75,7.1744328,69.603264,-0.52450454,-4.631221,21.514137
35.76,7.1727695,69.591225,-0.52544826,-4.639203,21.509872
35.77,7.1711035,69.579155,-0.52639395,-4.647201,21.505589
35.78,7.1694374,69.567085,-0.52734005,-4.6552024,21.50131
35.79,7.167766,69.554955,-0.5282875,-4.6632137,21.497026
35.8,7.1660957,69.54284,-0.5292351,-4.6712284,21.49274
35.81,7.1644187,69.53069,-0.5301852,-4.6792583,21.488443
35.82,7.1627474,69.51854,-0.53113514,-4.687287,21.484133
35.83,7.1610684,69.50637,-0.5320862,-4.6953273,21.479828
35.84,7.1593895,69.49417,-0.5330385,-4.7033753,21.475513
35.85,7.157709,69.48198,-0.5339917,-4.711428,21.471191
35.86,7.1560254,69.469734,-0.53494585,-4.7194915,21.466862
35.87,7.1543403,69.45749,-0.5359013,-4.727565,21.462532
35.88,7.1526537,69.445244,-0.53685755,-4.7356396,21.458197
35.89,7.150965,69.43294,-0.53781456,-4.7437253,21.453852
35.9,7.149274,69.42066,-0.5387728,-4.7518163,21.449503
35.91,7.14758,69.40833,-0.539732,-4.7599163,21.445152
35.92,7.1458874,69.395996,-0.5406919,-4.7680216,21.440788
35.93,7.1441884,69.383644,-0.5416536,-4.7761397,21.436424
35.94,7.1424923,69.37127,-0.5426153,-4.784258,21.432056
35.95,7.140791,69.35888,-0.5435792,-4.7923923,21.42767
35.96,7.1390896,69.34647,-0.5445428,-4.800526,21.423292
35.97,7.1373835,69.33405,-0.5455082,-4.8086734,21.418907
35.98,7.135679,69.321594,-0.5464747,-4.8168263,21.414503
35.99,7.1339684,69.30915,-0.54744196,-4.8249846,21.41011
36.0,7.132259,69.29668,-0.54841006,-4.833152,21.405697
36.01,7.1305475,69.28417,-0.54937905,-4.841324,21.401293
36.02,7.1288333,69.27167,-0.55034935,-4.8495064,21.39687
36.03,7.1271176,69.259125,-0.551321,-4.857696,21.392454
36.04,7.125398,69.24659,-0.55229264,-4.8658943,21.38802
36.05,7.1236796,69.23404,-0.55326605,-4.874096,21.383589
36.06,7.1219583,69.22145,-0.55424017,-4.8823094,21.37914
36.07,7.1202364,69.20883,-0.55521524,-4.890528,21.3747
36.08,7.118508,69.196236,-0.55619204,-4.8987556,21.370245
36.09,7.11678,69.183586,-0.5571688,-4.90699,21.365793
36.1,7.1150527,69.170944,-0.5581473,-4.915227,21.361328
36.11,7.113319,69.15827,-0.55912685,-4.923481,21.356861
36.12,7.1115885,69.145584,-0.5601066,-4.931735,21.352386
36.13,7.1098523,69.13287,-0.561088,-4.9399996,21.347914
36.14,7.108116,69.120155,-0.56206995,-4.948267,21.343424
36.15,7.1063757,69.10741,-0.5630535,-4.956549,21.338938
36.16,7.1046352,69.094635,-0.56403774,-4.9648337,21.33443
36.17,7.1028914,69.08187,-0.56502306,-4.973127,21.329935
36.18,7.101148,69.06907,-0.5660092,-4.98143,21.325428
36.19,7.0994015,69.056244,-0.5669966,-4.989736,21.32091
36.2,7.097654,69.04343,-0.567985,-4.998055,21.31639
36.21,7.095902,69.03057,-0.56897396,-5.006375,21.311869
36.22,7.0941505,69.017715,-0.56996447,-5.0147066,21.307343
36.23,7.092396,69.004845,-0.5709556,-5.0230446,21.302801
36.24,7.09064,68.991936,-0.5719482,-5.0313883,21.298258
36.25,7.088881,68.979004,-0.57294106,-5.0397406,21.293709
36.26,7.0871234,68.96609,-0.57393533,-5.0481005,21.289162
36.27,7.0853615,68.95312,-0.5749307,-5.056469,21.2846
36.28,7.083598,68.94018,-0.5759266,-5.06484,21.280037
36.29,7.081833,68.92717,-0.5769239,-5.073226,21.275465
36.3,7.0800653,68.914185,-0.57792217,-5.081614,21.270891
36.31,7.0782933,68.90116,-0.57892126,-5.090012,21.266308
36.32,7.076524,68.8881,-0.5799222,-5.098418,21.261724
36.33,7.0747523,68.87505,-0.580923,-5.1068273,21.257133
36.34,7.072976,68.86198,-0.58192545,-5.1152472,21.252533
36.35,7.0712004,68.84889,-0.58292854,-5.1236715,21.24793
36.36,7.06942,68.835785,-0.58393294,-5.1321063,21.24332
36.37,7.0676384,68.82264,-0.58493805,-5.140547,21.238705
36.38,7.0658565,68.80951,-0.58594453,-5.148996,21.234081
36.39,7.064073,68.79635,-0.5869513,-5.1574497,21.22946
36.4,7.062286,68.78316,-0.58796024,-5.1659145,21.224827
36.41,7.060496,68.769966,-0.5889691,-5.1743836,21.22019
36.42,7.0587087,68.75675,-0.5899795,-5.1828613,21.215548
36.43,7.0569167,68.743546,-0.5909909,-5.191346,21.210901
36.44,7.055123,68.730286,-0.59200287,-5.199836,21.206247
36.45,7.0533266,68.71703,-0.593016,-5.2083364,21.201591
36.46,7.0515304,68.70374,-0.5940303,-5.2168436,21.196926
36.47,7.0497303,68.69042,-0.5950457,-5.2253575,21.192257
36.48,7.047931,68.67714,-0.5960615,-5.233877,21.18758
36.49,7.046126,68.66378,-0.59707963,-5.242409,21.182894
36.5,7.044322,68.65043,-0.59809715,-5.250943,21.178211
36.51,7.0425143,68.63709,-0.59911615,-5.259484,21.17352
36.52,7.040707,68.62367,-0.6001368,-5.2680387,21.168823
36.53,7.0388947,68.61028,-0.6011575,-5.2765923,21.164114
36.54,7.0370846,68.59685,-0.60218024,-5.2851596,21.159409
36.55,7.035268,68.58342,-0.6032032,-5.2937293,21.1547
36.56,7.033452,68.569954,-0.60422796,-5.302313,21.149975
36.57,7.031635,68.55648,-0.60525286,-5.310897,21.14525
36.58,7.0298147,68.54299,-0.60627896,-5.3194914,21.140518
36.59,7.027994,68.52948,-0.60730654,-5.328095,21.13578
36.6,7.0261707,68.515976,-0.60833424,-5.3366976,21.13104
36.61,7.0243425,68.50242,-0.6093636,-5.345317,21.126295
36.62,7.022517,68.48888,-0.61039346,-5.3539367,21.121542
36.63,7.0206885,68.475296,-0.6114247,-5.362569,21.116783
36.64,7.018855,68.461716,-0.61245733,-5.3712077,21.112022
36.65,7.0170255,68.44808,-0.6134899,-5.379853,21.107248
36.66,7.0151906,68.43447,-0.61452395,-5.3885,21.102476
36.67,7.0133543,68.420815,-0.61555964,-5.3971615,21.097698
36.68,7.011515,68.40717,-0.6165957,-5.405827,21.09291
36.69,7.009678,68.39349,-0.6176326,-5.414499,21.088118
36.7,7.0078344,68.37978,-0.61867076,-5.4231815,21.08332
36.71,7.00599,68.36608,-0.61970985,-5.431865,21.07852
36.72,7.0041437,68.35233,-0.62075025,-5.440565,21.073713
36.73,7.002298,68.33861,-0.62179077,-5.449263,21.068901
36.74,7.0004463,68.32483,-0.6228334,-5.457974,21.064087
36.75,6.998596,68.31106,-0.6238764,-5.4666915,21.059254
36.76,6.996746,68.29728,-0.6249202,-5.4754143,21.054428
36.77,6.9948893,68.28348,-0.62596554,-5.4841456,21.049593
36.78,6.993034,68.26963,-0.6270115,-5.492884,21.044756
36.79,6.9911757,68.2558,-0.6280586,-5.501629,21.039913
36.8,6.989315,68.241936,-0.6291066,-5.5103784,21.035063
36.81,6.987452,68.22804,-0.630156,-5.519143,21.0302
36.82,6.9855895,68.21415,-0.63120556,-5.527903,21.025345
36.83,6.983723,68.20024,-0.6322565,-5.5366793,21.020475
36.84,6.981857,68.186325,-0.63330853,-5.5454555,21.0156
36.85,6.979987,68.172356,-0.6343618,-5.554245,21.010723
36.86,6.9781175,68.15838,-0.63541555,-5.563044,21.005838
36.87,6.976244,68.1444,-0.6364706,-5.571845,21.000956
36.88,6.9743676,68.13041,-0.6375266,-5.5806546,20.996052
36.89,6.9724927,68.116394,-0.6385834,-5.589468,20.99116
36.9,6.9706154,68.102356,-0.6396413,-5.5982933,20.986256
36.91,6.9687357,68.08831,-0.6407002,-5.60712,20.981344
36.92,6.966854,68.07426,-0.6417602,-5.6159563,20.976425
36.93,6.96497,68.06017,-0.6428215,-5.624804,20.971508
36.94,6.9630837,68.046074,-0.6438831,-5.633655,20.966583
36.95,6.9611964,68.03196,-0.64494586,-5.642514,20.961649
36.96,6.9593077,68.01784,-0.6460094,-5.6513743,20.956713
36.97,6.957417,68.00367,-0.6470748,-5.660251,20.951765
36.98,6.9555254,67.98951,-0.64814013,-5.6691275,20.946825
36.99,6.953631,67.97533,-0.6492071,-5.678017,20.941866
37.0,6.951735,67.96111,-0.65027505,-5.6869106,20.936913
37.01,6.9498367,67.94691,-0.65134335,-5.695807,20.93195
37.02,6.9479375,67.93267,-0.6524139,-5.7047186,20.926983
37.03,6.946036,67.918434,-0.65348357,-5.713633,20.922007
37.04,6.944132,67.904175,-0.65455574,-5.722553,20.917028
37.05,6.9422283,67.88987,-0.65562856,-5.731483,20.912043
37.06,6.9403205,67.87558,-0.65670264,-5.740421,20.907055
37.07,6.9384146,67.86127,-0.6577771,-5.7493606,20.902058
37.08,6.9365015,67.84694,-0.65885276,-5.7583113,20.89706
37.09,6.9345894,67.83259,-0.6599298,-5.7672677,20.89205
37.1,6.9326773,67.818245,-0.66100675,-5.7762265,20.887045
37.11,6.930761,67.803856,-0.66208583,-5.7852015,20.882027
37.12,6.928845,67.78945,-0.6631651,-5.7941747,20.877008
37.13,6.9269247,67.775055,-0.6642458,-5.803163,20.871979
37.14,6.9250054,67.76061,-0.66532713,-5.812152,20.866943
37.15,6.9230814,67.746155,-0.66640997,-5.821154,20.861908
37.16,6.9211564,67.7317,-0.66749316,-5.830156,20.856867
37.17,6.9192314,67.717224,-0.6685779,-5.8391685,20.851816
37.18,6.9173055,67.70272,-0.669663,-5.848186,20.846766
37.19,6.915375,67.68822,-0.67074937,-5.8572125,20.841713
37.2,6.9134436,67.6737,-0.67183715,-5.8662453,20.83664
37.21,6.91151,67.65913,-0.67292565,-5.8752837,20.831573
37.22,6.9095755,67.644585,-0.67401475,-5.884332,20.826498
37.23,6.907638,67.63,-0.6751053,-5.893388,20.821423
37.24,6.9057016,67.61541,-0.6761971,-5.902449,20.816336
37.25,6.9037614,67.60081,-0.6772892,-5.9115133,20.81125
37.26,6.901821,67.58618,-0.6783818,-5.920585,20.806162
37.27,6.8998775,67.57153,-0.6794762,-5.9296675,20.801056
37.28,6.897931,67.55688,-0.6805716,-5.938757,20.795954
37.29,6.895986,67.542206,-0.68166786,-5.9478526,20.790838
37.3,6.894038,67.52753,-0.68276495,-5.9569526,20.785723
37.31,6.8920856,67.512794,-0.6838632,-5.966062,20.780605
37.32,6.890135,67.498085,-0.68496203,-5.975173,20.775478
37.33,6.8881807,67.483345,-0.6860625,-5.984298,20.770344
37.34,6.8862276,67.46858,-0.6871629,-5.993422,20.765213
37.35,6.884272,67.453835,-0.6882647,-6.002555,20.760067
37.36,6.88231,67.43904,-0.6893682,-6.0117044,20.754927
37.37,6.8803496,67.42421,-0.69047236,-6.020852,20.749775
37.38,6.878387,67.40941,-0.69157755,-6.0300083,20.744617
37.39,6.8764243,67.39458,-0.692683,-6.0391684,20.739454
37.4,6.874458,67.37972,-0.6937903,-6.048341,20.734282
37.41,6.872493,67.36485,-0.69489765,-6.057511,20.729118
37.42,6.870522,67.34997,-0.6960066,-6.066697,20.72394
37.43,6.8685503,67.33506,-0.69711673,-6.0758867,20.718756
37.44,6.8665805,67.32015,-0.6982268,-6.0850806,20.713573
37.45,6.8646064,67.30521,-0.69933885,-6.0942855,20.708376
37.46,6.8626294,67.29027,-0.70045155,-6.103495,20.703175
37.47,6.8606544,67.27532,-0.70156497,-6.1127095,20.697975
37.48,6.8586736,67.26033,-0.7026796,-6.1219325,20.692766
37.49,6.856693,67.24533,-0.7037959,-6.131166,20.687557
37.5,6.854711,67.23033,-0.70491207,-6.140401,20.682339
37.51,6.8527284,67.2153,-0.7060291,-6.149638,20.677118
37.52,6.8507433,67.20026,-0.7071479,-6.158892,20.671892
37.53,6.848754,67.1852,-0.70826715,-6.168149,20.666656
37.54,6.8467655,67.17013,-0.70938754,-6.1774135,20.661419
37.55,6.844774,67.15502,-0.71050924,-6.1866817,20.656176
37.56,6.842782,67.13993,-0.7116318,-6.195961,20.650928
37.57,6.8407884,67.12482,-0.7127547,-6.205241,20.64568
37.58,6.8387923,67.109665,-0.71387905,-6.214531,20.640415
37.59,6.8367944,67.09452,-0.7150043,-6.223829,20.63515
37.6,6.8347945,67.07936,-0.7161305,-6.2331314,20.629885
37.61,6.8327937,67.064156,-0.7172575,-6.24244,20.62461
37.62,6.830794,67.04897,-0.71838516,-6.251753,20.619331
37.63,6.8287883,67.033745,-0.7195147,-6.2610774,20.614058
37.64,6.8267837,67.01852,-0.72064406,-6.2704062,20.608767
37.65,6.824775,67.00327,-0.7217754,-6.2797465,20.60347
37.66,6.822768,66.98802,-0.7229071,-6.289085,20.598173
37.67,6.8207583,66.97272,-0.7240399,-6.298433,20.59287
37.68,6.818745,66.95745,-0.72517395,-6.3077903,20.587563
37.69,6.8167295,66.94213,-0.7263087,-6.3171525,20.582249
37.7,6.8147154,66.926796,-0.7274445,-6.3265204,20.576931
37.71,6.8126974,66.91146,-0.72858137,-6.3358974,20.571608
37.72,6.810679,66.89611,-0.7297188,-6.3452764,20.566284
37.73,6.8086586,66.88073,-0.7308569,-6.3546634,20.560951
37.74,6.806636,66.86535,-0.73199683,-6.364061,20.555609
37.75,6.804612,66.84995,-0.73313737,-6.3734617,20.55027
37.76,6.8025885,66.83453,-0.734278,-6.382864,20.544922
37.77,6.800562,66.8191,-0.7354207,-6.39228,20.539572
37.78,6.798533,66.80366,-0.7365639,-6.4016976,20.534216
37.79,6.7964993,66.78817,-0.73770946,-6.4111333,20.52885
37.8,6.7944713,66.77271,-0.7388532,-6.4205575,20.52349
37.81,6.792438,66.75721,-0.74000025,-6.430003,20.51811
37.82,6.790404,66.7417,-0.7411472,-6.439448,20.51274
37.83,6.7883673,66.72619,-0.7422955,-6.4489026,20.507355
37.84,6.786329,66.71065,-0.743444,-6.4583583,20.501972
37.85,6.7842884,66.69509,-0.7445941,-6.4678254,20.496572
37.86,6.782246,66.67951,-0.7457452,-6.477299,20.49118
37.87,6.7802052,66.663925,-0.7468966,-6.4867725,20.485779
37.88,6.778159,66.648315,-0.7480499,-6.4962626,20.480371
37.89,6.7761135,66.63272,-0.7492034,-6.50575,20.474972
37.9,6.7740664,66.61708,-0.7503582,-6.5152507,20.469545
37.91,6.772018,66.60144,-0.75151366,-6.5247526,20.46413
37.92,6.769966,66.58578,-0.75267035,-6.534261,20.458704
37.93,6.7679124,66.57009,-0.75382763,-6.5437775,20.453274
37.94,6.7658606,66.55441,-0.75498575,-6.5533004,20.447836
37.95,6.763805,66.5387,-0.7561457,-6.562831,20.442398
37.96,6.761747,66.522964,-0.75730574,-6.572365,20.436958
37.97,6.759688,66.50723,-0.75846756,-6.581911,20.431505
37.98,6.757627,66.49147,-0.75962955,-6.591457,20.426052
37.99,6.7555685,66.475716,-0.7607922,-6.6010084,20.420599
38.0,6.753503,66.45994,-0.7619564,-6.610571,20.415136
38.01,6.75144,66.44414,-0.7631211,-6.6201353,20.409668
38.02,6.749372,66.42834,-0.7642873,-6.629712,20.404188
38.03,6.747304,66.41253,-0.7654543,-6.639289,20.398712
38.04,6.7452354,66.39667,-0.76662254,-6.64888,20.393232
38.05,6.743165,66.380806,-0.76779044,-6.658464,20.387749
38.06,6.7410917,66.364944,-0.76896065,-6.668067,20.382256
38.07,6.739018,66.34907,-0.77013075,-6.677669,20.376753
38.08,6.736942,66.333145,-0.7713025,-6.6872816,20.371252
38.09,6.734866,66.31723,-0.7724752,-6.6968956,20.365753
38.1,6.7327876,66.3013,-0.77364796,-6.706517,20.36024
38.11,6.730706,66.285355,-0.7748224,-6.716148,20.354721
38.12,6.7286243,66.2694,-0.7759974,-6.7257786,20.349209
38.13,6.7265415,66.25343,-0.777174,-6.735423,20.34368
38.14,6.724456,66.23743,-0.77835125,-6.745069,20.33815
38.15,6.7223687,66.22143,-0.77952933,-6.7547283,20.332613
38.16,6.720282,66.20543,-0.780708,-6.764383,20.327078
38.17,6.7181926,66.189384,-0.78188777,-6.7740483,20.321537
38.18,6.7161007,66.17334,-0.7830686,-6.783722,20.315989
38.19,6.7140083,66.15728,-0.7842498,-6.7933974,20.310434
38.2,6.7119145,66.14119,-0.78543323,-6.803086,20.304876
38.21,6.7098184,66.12511,-0.7866168,-6.812773,20.299318
38.22,6.7077208,66.10899,-0.7878012,-6.8224745,20.293747
38.23,6.7056236,66.09287,-0.78898674,-6.832173,20.288181
38.24,6.7035246,66.07673,-0.79017323,-6.8418865,20.282598
38.25,6.7014217,66.06059,-0.7913604,-6.8515997,20.277023
38.26,6.6993213,66.04445,-0.792548,-6.8613133,20.271442
38.27,6.6972146,66.02827,-0.79373753,-6.8710427,20.265844
38.28,6.6951094,66.01206,-0.79492706,-6.8807745,20.260254
38.29,6.693001,65.99585,-0.7961183,-6.890514,20.254656
38.3,6.690893,65.979645,-0.7973101,-6.900259,20.249054
38.31,6.6887813,65.963394,-0.79850304,-6.910014,20.243444
38.32,6.686669,65.94713,-0.79969645,-6.919764,20.23783
38.33,6.684557,65.93087,-0.80089104,-6.9295297,20.232218
38.34,6.682442,65.9146,-0.8020862,-6.939296,20.226597
38.35,6.6803246,65.8983,-0.8032829,-6.949072,20.220968
38.36,6.6782093,65.88198,-0.8044801,-6.958852,20.21534
38.37,6.6760902,65.86568,-0.80567783,-6.968637,20.209711
38.38,6.673969,65.849335,-0.8068775,-6.9784293,20.204065
38.39,6.671847,65.832985,-0.8080771,-6.9882264,20.198423
38.4,6.6697226,65.81663,-0.8092788,-6.9980364,20.192776
38.41,6.6675982,65.80023,-0.81048,-7.0078435,20.18712
38.42,6.665471,65.78384,-0.81168294,-7.0176606,20.181463
38.43,6.6633434,65.76742,-0.812887,-7.027485,20.175797
38.44,6.661214,65.75102,-0.8140909,-7.0373063,20.170137
38.45,6.6590834,65.73459,-0.81529665,-7.0471425,20.16446
38.46,6.656951,65.71813,-0.8165029,-7.0569825,20.158789
38.47,6.654818,65.70166,-0.81771004,-7.0668287,20.153107
38.48,6.652685,65.685196,-0.8189182,-7.0766754,20.147429
38.49,6.650547,65.66869,-0.8201276,-7.086537,20.141743
38.5,6.648409,65.6522,-0.82133704,-7.0963955,20.136044
38.51,6.64627,65.63568,-0.8225477,-7.106261,20.130346
38.52,6.6441293,65.61915,-0.82375985,-7.1161366,20.124647
38.53,6.641985,65.60261,-0.8249723,-7.126019,20.118944
38.54,6.6398416,65.58603,-0.82618594,-7.1359015,20.113232
38.55,6.637698,65.56947,-0.82740045,-7.1457953,20.107515
38.56,6.6355505,65.55288,-0.82861614,-7.1556935,20.101797
38.57,6.633403,65.53626,-0.82983196,-7.165596,20.096071
38.58,6.6312532,65.51964,-0.83104956,-7.175508,20.090343
38.59,6.6291037,65.50303,-0.8322671,-7.185418,20.08461
38.6,6.626951,65.48637,-0.83348596,-7.1953363,20.078876
38.61,6.624797,65.46973,-0.8347062,-7.2052646,20.073135
38.62,6.6226416,65.45306,-0.8359266,-7.2151957,20.067385
38.63,6.6204844,65.436356,-0.8371486,-7.2251363,20.061636
38.64,6.6183286,65.41967,-0.83837104,-7.235077,20.055883
38.65,6.6161695,65.40295,-0.83959436,-7.2450266,20.050129
38.66,6.614011,65.38623,-0.8408182,-7.2549796,20.044367
38.67,6.61185,65.3695,-0.8420435,-7.264936,20.038599
38.68,6.609684,65.35272,-0.8432698,-7.274905,20.032825
38.69,6.607519,65.33595,-0.84449625,-7.2848725,20.027054
38.7,6.605355,65.31919,-0.8457245,-7.2948523,20.021273
38.71,6.603187,65.30239,-0.84695303,-7.3048334,20.015486
38.72,6.601017,65.28558,-0.84818226,-7.314821,20.009699
38.73,6.598848,65.26875,-0.8494131,-7.324814,20.003902
38.74,6.5966763,65.25193,-0.850644,-7.334815,19.998104
38.75,6.594504,65.23507,-0.85187656,-7.344819,19.992308
38.76,6.592331,65.21821,-0.85310936,-7.354824,19.986502
38.77,6.590156,65.20135,-0.8543431,-7.364841,19.980696
38.78,6.587979,65.18446,-0.85557824,-7.3748646,19.974878
38.79,6.5858,65.16756,-0.85681385,-7.3848886,19.969063
38.8,6.583617,65.15064,-0.8580504,-7.3949213,19.963238
38.81,6.58144,65.133705,-0.85928756,-7.404958,19.957415
38.82,6.5792584,65.116776,-0.86052656,-7.415004,19.951582
38.83,6.577075,65.09981,-0.86176574,-7.425052,19.945744
38.84,6.574891,65.082855,-0.86300534,-7.4351044,19.939907
38.85,6.5727057,65.06587,-0.8642455,-7.445158,19.934063
38.86,6.570517,65.048874,-0.8654884,-7.4552293,19.928219
38.87,6.568328,65.03187,-0.86673033,-7.4652934,19.922365
38.88,6.566138,65.01485,-0.8679741,-7.4753733,19.91651
38.89,6.5639486,64.99782,-0.86921847,-7.4854527,19.910654
38.9,6.561753,64.98076,-0.87046415,-7.495544,19.904783
38.91,6.55956,64.96372,-0.8717101,-7.5056295,19.89892
38.92,6.5573654,64.94665,-0.8729566,-7.515726,19.893044
38.93,6.555169,64.929565,-0.87420446,-7.525828,19.887173
38.94,6.552971,64.91245,-0.875453,-7.535934,19.8813
38.95,6.5507708,64.895355,-0.876703,-7.54605,19.875402
38.96,6.548571,64.87821,-0.87795335,-7.5561676,19.869514
38.97,6.5463696,64.8611,-0.87920463,-7.56629,19.863619
38.98,6.5441675,64.84394,-0.8804566,-7.5764194,19.857725
38.99,6.541962,64.82677,-0.8817101,-7.586556,19.851824
39.0,6.5397563,64.80961,-0.88296336,-7.5966926,19.845919
39.01,6.53755,64.79242,-0.8842181,-7.606835,19.84001
39.02,6.535341,64.775215,-0.885474,-7.6169868,19.834097
39.03,6.533132,64.75799,-0.88673043,-7.627144,19.828188
39.04,6.5309224,64.74076,-0.8879879,-7.6373067,19.822264
39.05,6.5287085,64.72353,-0.8892455,-7.647468,19.816341
39.06,6.5264945,64.70627,-0.89050496,-7.6576405,19.810408
39.07,6.524281,64.689026,-0.8917645,-7.667818,19.804483
39.08,6.5220666,64.67174,-0.8930252,-7.6779966,19.79854
39.09,6.5198483,64.65446,-0.8942868,-7.6881857,19.7926
39.1,6.517631,64.63715,-0.8955485,-7.698373,19.786655
39.11,6.51541,64.619835,-0.89681214,-7.708572,19.780704
39.12,6.5131907,64.6025,-0.8980762,-7.7187724,19.774755
39.13,6.510968,64.58515,-0.89934075,-7.728979,19.768795
39.14,6.5087466,64.5678,-0.90060604,-7.739186,19.762844
39.15,6.5065203,64.55044,-0.9018736,-7.749412,19.756868
39.16,6.504295,64.53306,-0.903141,-7.75963,19.7509
39.17,6.5020685,64.515686,-0.90440845,-7.7698545,19.744934
39.18,6.4998393,64.49825,-0.9056784,-7.7800903,19.738956
39.19,6.4976106,64.48087,-0.9069476,-7.790324,19.732979
39.2,6.495379,64.46342,-0.9082192,-7.8005714,19.726992
39.21,6.4931483,64.44599,-0.9094901,-7.810817,19.721003
39.22,6.490915,64.42853,-0.9107631,-7.8210707,19.715012
39.23,6.48868,64.411064,-0.912036,-7.8313274,19.709017
39.24,6.4864445,64.393585,-0.9133099,-7.84159,19.703016
39.25,6.4842095,64.3761,-0.91458464,-7.851856,19.697016
39.26,6.481971,64.3586,-0.9158599,-7.8621273,19.691013
39.27,6.479732,64.34109,-0.9171371,-7.872405,19.684998
39.28,6.4774923,64.32356,-0.918414,-7.882682,19.678986
39.29,6.4752507,64.306015,-0.9196926,-7.892973,19.672964
39.3,6.4730053,64.28848,-0.9209716,-7.903265,19.66695
39.31,6.4707637,64.2709,-0.9222522,-7.9135675,19.660913
39.32,6.468518,64.25334,-0.92353255,-7.923869,19.654886
39.33,6.4662724,64.23575,-0.92481387,-7.9341745,19.648846
39.34,6.464023,64.21815,-0.92609626,-7.9444857,19.642807
39.35,6.4617743,64.20054,-0.9273794,-7.9548025,19.636768
39.36,6.459527,64.18292,-0.9286632,-7.9651213,19.630724
39.37,6.4572754,64.16528,-0.9299483,-7.9754515,19.624676
39.38,6.4550242,64.14763,-0.9312338,-7.9857807,19.618618
39.39,6.45277,64.12998,-0.93252015,-7.9961147,19.61257
39.4,6.4505153,64.112305,-0.9338073,-8.00646,19.606503
39.41,6.4482603,64.09463,-0.9350955,-8.016805,19.600443
39.42,6.446003,64.076935,-0.9363842,-8.027152,19.594372
39.43,6.443745,64.05922,-0.9376741,-8.037506,19.588305
39.44,6.4414864,64.041504,-0.9389641,-8.047866,19.582233
39.45,6.4392257,64.02379,-0.940256,-8.058234,19.576147
39.46,6.4369655,64.00603,-0.9415477,-8.068602,19.57007
39.47,6.434701,63.988277,-0.942841,-8.078978,19.563984
39.48,6.432438,63.97053,-0.94413435,-8.089352,19.557894
39.49,6.430174,63.95274,-0.9454296,-8.09974,19.5518
39.5,6.4279094,63.934944,-0.9467243,-8.1101265,19.545704
39.51,6.425642,63.91716,-0.9480206,-8.120519,19.539604
39.52,6.4233727,63.89935,-0.94931746,-8.130917,19.533497
39.53,6.4211054,63.88153,-0.95061505,-8.141318,19.527388
39.54,6.4188337,63.863705,-0.95191354,-8.151725,19.52128
39.55,6.416562,63.845837,-0.9532131,-8.162136,19.515163
39.56,6.4142876,63.82799,-0.95451343,-8.172554,19.509043
39.57,6.412015,63.81011,-0.95581424,-8.182975,19.502922
39.58,6.409742,63.79223,-0.95711595,-8.193399,19.496798
39.59,6.407463,63.774345,-0.95841825,-8.203828,19.490662
39.6,6.4051886,63.75644,-0.95972145,-8.214258,19.484535
39.61,6.402909,63.73853,-0.96102536,-8.2247,19.4784
39.62,6.40063,63.720592,-0.9623304,-8.235144,19.472263
39.63,6.398349,63.702675,-0.9636364,-8.245594,19.466114
39.64,6.396071,63.684727,-0.9649422,-8.2560425,19.459969
39.65,6.393787,63.66675,-0.9662507,-8.266505,19.453814
39.66,6.3915033,63.648766,-0.9675581,-8.276963,19.447666
39.67,6.3892193,63.630795,-0.96886665,-8.287426,19.441504
39.68,6.386934,63.61281,-0.9701768,-8.297902,19.435345
39.69,6.384647,63.594814,-0.97148633,-8.308371,19.429182
39.7,6.382359,63.576775,-0.9727983,-8.318855,19.423016
39.71,6.3800697,63.558765,-0.9741098,-8.329338,19.416842
39.72,6.3777804,63.54072,-0.97542316,-8.339828,19.41067
39.73,6.375492,63.52267,-0.9767361,-8.350317,19.40449
39.74,6.3731966,63.504627,-0.97805053,-8.360817,19.398298
39.75,6.3709035,63.486553,-0.9793653,-8.371317,19.392122
39.76,6.368611,63.468464,-0.98068106,-8.381823,19.38593
39.77,6.3663144,63.45035,-0.9819983,-8.392337,19.379742
39.78,6.3640184,63.432274,-0.9833151,-8.4028425,19.373547
39.79,6.361723,63.414154,-0.98463374,-8.413367,19.367342
39.8,6.3594246,63.396023,-0.9859528,-8.423889,19.361143
39.81,6.357124,63.3779,-0.98727196,-8.434415,19.354937
39.82,6.3548265,63.359753,-0.98859245,-8.444942,19.34873
39.83,6.3525224,63.341576,-0.98991424,-8.455488,19.342514
39.84,6.350221,63.32342,-0.99123615,-8.4660225,19.336302
39.85,6.3479147,63.305233,-0.9925583,-8.476566,19.330082
39.86,6.3456135,63.28705,-0.99388176,-8.487114,19.32386
39.87,6.3433075,63.268833,-0.9952068,-8.497672,19.317629
39.88,6.341,63.250618,-0.99653214,-8.508231,19.311403
39.89,6.3386955,63.232414,-0.9978567,-8.518788,19.305172
39.9,6.3363857,63.214184,-0.9991836,-8.529352,19.29894
39.91,6.334075,63.195934,-1.0005112,-8.539927,19.292696
39.92,6.331766,63.17768,-1.0018383,-8.550493,19.286457
39.93,6.329456,63.15941,-1.0031681,-8.561076,19.280214
39.94,6.3271413,63.141136,-1.0044974,-8.571653,19.273958
39.95,6.324827,63.122852,-1.0058274,-8.582243,19.267708
39.96,6.322514,63.104553,-1.0071589,-8.592832,19.261454
39.97,6.3201995,63.086258,-1.0084903,-8.603426,19.255194
39.98,6.3178835,63.06793,-1.0098234,-8.614029,19.248932
39.99,6.3155656,63.049606,-1.0111569,-8.624632,19.242662
40.0,6.313248,63.031284,-1.0124906,-8.635234,19.236395
40.01,6.310928,63.01291,-1.0138257,-8.645849,19.230124
40.02,6.3086076,62.994556,-1.0151613,-8.656462,19.22385
40.03,6.306286,62.976192,-1.0164971,-8.66708,19.217575
40.04,6.3039656,62.9578,-1.0178347,-8.677707,19.211288
40.05,6.3016434,62.93942,-1.0191717,-8.688326,19.205008
40.06,6.299319,62.921017,-1.0205106,-8.698962,19.198719
40.07,6.2969947,62.902615,-1.02185,-8.709597,19.19243
40.08,6.294666,62.88418,-1.0231905,-8.720237,19.186134
40.09,6.29234,62.86576,-1.0245305,-8.73088,19.17984
40.1,6.2900143,62.84732,-1.0258718,-8.741525,19.173544
40.11,6.2876835,62.828876,-1.0272144,-8.752175,19.167233
40.12,6.2853537,62.810413,-1.0285575,-8.762832,19.160923
40.13,6.283023,62.79194,-1.029901,-8.773489,19.154621
40.14,6.280693,62.77346,-1.0312451,-8.784149,19.148308
40.15,6.27836,62.75495,-1.0325912,-8.794826,19.14199
40.16,6.276027,62.736465,-1.0339359,-8.805488,19.135668
40.17,6.2736945,62.717953,-1.0352825,-8.81616,19.12935
40.18,6.2713594,62.69943,-1.0366293,-8.826837,19.123028
40.19,6.269024,62.68091,-1.0379776,-8.83752,19.116703
40.2,6.266686,62.66236,-1.039327,-8.848209,19.110367
40.21,6.264346,62.643806,-1.0406764,-8.858895,19.104029
40.22,6.2620096,62.625248,-1.0420266,-8.869592,19.097696
40.23,6.25967,62.60668,-1.0433774,-8.880284,19.09135
40.24,6.25733,62.588104,-1.0447294,-8.890986,19.085012
40.25,6.2549877,62.56952,-1.0460811,-8.901689,19.078661
40.26,6.2526464,62.550915,-1.0474341,-8.912397,19.072317
40.27,6.2503014,62.5323,-1.0487877,-8.923112,19.065964
40.28,6.2479587,62.513683,-1.0501425,-8.933826,19.05961
40.29,6.2456136,62.495056,-1.0514975,-8.944542,19.053253
40.3,6.243267,62.476433,-1.0528533,-8.955268,19.046892
40.31,6.2409196,62.457767,-1.0542104,-8.965995,19.04053
40.32,6.2385755,62.43913,-1.055567,-8.976722,19.034166
40.33,6.2362247,62.420444,-1.0569254,-8.987461,19.027788
40.34,6.2338758,62.40178,-1.0582838,-8.998194,19.02142
40.35,6.231527,62.383087,-1.0596437,-9.008934,19.015047
40.36,6.229177,62.364395,-1.0610032,-9.019677,19.008667
40.37,6.226825,62.3457,-1.0623637,-9.030425,19.002285
40.38,6.2244706,62.326984,-1.0637258,-9.0411825,18.995901
40.39,6.2221193,62.308273,-1.0650874,-9.051932,18.989515
40.4,6.219764,62.28952,-1.0664512,-9.062698,18.98312
40.41,6.2174087,62.270794,-1.0678138,-9.073451,18.97673
40.42,6.215052,62.25205,-1.0691783,-9.084223,18.970339
40.43,6.212697,62.23329,-1.070543,-9.094991,18.96394
40.44,6.210338,62.21451,-1.071909,-9.10576,18.957535
40.45,6.207981,62.19574,-1.0732756,-9.116541,18.951126
40.46,6.2056212,62.17694,-1.0746422,-9.127318,18.944729
40.47,6.20326,62.158146,-1.0760102,-9.1381035,18.938313
40.48,6.2009,62.139336,-1.0773783,-9.14889,18.931904
40.49,6.198537,62.12051,-1.0787477,-9.159682,18.925484
40.5,6.1961765,62.1017,-1.080117,-9.170473,18.919071
40.51,6.1938133,62.082867,-1.081488,-9.181272,18.912647
40.52,6.1914487,62.06403,-1.0828586,-9.192071,18.906225
40.53,6.1890855,62.04519,-1.0842305,-9.202874,18.8998
40.54,6.186719,62.026314,-1.0856028,-9.213683,18.893372
40.55,6.184352,62.007458,-1.0869762,-9.224493,18.88694
40.56,6.181983,61.988564,-1.0883505,-9.235308,18.880507
40.57,6.179619,61.969685,-1.0897245,-9.246124,18.87407
40.58,6.1772466,61.95079,-1.0911,-9.256947,18.867624
40.59,6.1748796,61.931892,-1.0924755,-9.267767,18.861183
40.6,6.1725097,61.912994,-1.0938517,-9.278591,18.85474
40.61,6.170137,61.89406,-1.0952291,-9.289424,18.84829
40.62,6.167765,61.875134,-1.0966066,-9.300257,18.841835
40.63,6.1653924,61.856194,-1.0979859,-9.311095,18.835384
40.64,6.16302,61.837242,-1.0993644,-9.321937,18.828932
40.65,6.1606455,61.818275,-1.1007447,-9.332782,18.822468
40.66,6.1582737,61.799328,-1.1021245,-9.343622,18.81601
40.67,6.1558957,61.78035,-1.1035054,-9.354474,18.809546
40.68,6.1535196,61.761364,-1.1048874,-9.365327,18.80308
40.69,6.1511436,61.742382,-1.1062697,-9.37618,18.79661
40.7,6.148765,61.723385,-1.1076533,-9.387039,18.790142
40.71,6.146386,61.704376,-1.1090363,-9.3979025,18.783667
40.72,6.144007,61.685352,-1.1104213,-9.408768,18.777191
40.73,6.1416264,61.666336,-1.1118064,-9.419632,18.770712
40.74,6.139247,61.6473,-1.1131927,-9.430512,18.764229
40.75,6.136866,61.628273,-1.1145778,-9.44138,18.757746
40.76,6.134485,61.60922,-1.115965,-9.452255,18.751257
40.77,6.1321025,61.59016,-1.1173526,-9.4631405,18.744766
40.78,6.1297154,61.5711,-1.1187406,-9.474021,18.738281
40.79,6.127333,61.552013,-1.12013,-9.484909,18.731783
40.8,6.124948,61.532932,-1.1215196,-9.495803,18.72528
40.81,6.122562,61.513847,-1.1229097,-9.506695,18.718782
40.82,6.1201754,61.49475,-1.1243007,-9.517588,18.712286
40.83,6.117789,61.47563,-1.1256922,-9.52849,18.705776
40.84,6.1154013,61.456524,-1.127084,-9.539386,18.69927
40.85,6.113013,61.4374,-1.1284765,-9.550293,18.69276
40.86,6.1106234,61.418262,-1.1298707,-9.561203,18.686247
40.87,6.108234,61.399155,-1.1312639,-9.572109,18.679739
40.88,6.1058426,61.379967,-1.1326596,-9.583031,18.67322
40.89,6.1034527,61.36083,-1.1340542,-9.593941,18.6667
40.9,6.101059,61.341667,-1.1354506,-9.604864,18.660175
40.91,6.098668,61.3225,-1.1368467,-9.615785,18.653656
40.92,6.096276,61.303307,-1.1382439,-9.626712,18.647127
40.93,6.093882,61.284134,-1.1396414,-9.637637,18.640598
40.94,6.091488,61.264942,-1.1410395,-9.648566,18.634071
40.95,6.089092,61.24572,-1.1424389,-9.659503,18.627535
40.96,6.086696,61.22653,-1.1438384,-9.670438,18.620998
40.97,6.0842977,61.207314,-1.1452392,-9.681377,18.614464
40.98,6.081904,61.188087,-1.1466386,-9.692312,18.60792
40.99,6.079506,61.168858,-1.1480411,-9.7032585,18.601377
41.0,6.0771065,61.149624,-1.1494433,-9.71421,18.59483
41.01,6.0747094,61.130352,-1.1508454,-9.725156,18.588287
41.02,6.072309,61.1111,-1.1522491,-9.736111,18.581734
41.03,6.069909,61.09183,-1.1536525,-9.747065,18.575184
41.04,6.067508,61.072567,-1.1550572,-9.758025,18.568624
41.05,6.0651054,61.053272,-1.1564627,-9.768987,18.562073
41.06,6.062704,61.03399,-1.1578683,-9.779949,18.555517
41.07,6.060303,61.01471,-1.1592743,-9.790914,18.548954
41.08,6.0578995,60.9954,-1.1606816,-9.801883,18.542389
41.09,6.0554953,60.9761,-1.1620885,-9.812856,18.535826
41.1,6.053091,60.95678,-1.1634963,-9.823823,18.529263
41.11,6.050687,60.93745,-1.1649061,-9.834805,18.522682
41.12,6.0482807,60.91812,-1.1663146,-9.845778,18.516115
41.13,6.0458736,60.89878,-1.1677246,-9.856764,18.509544
41.14,6.0434647,60.87944,-1.1691351,-9.867748,18.502962
41.15,6.041059,60.86009,-1.1705468,-9.878738,18.49638
41.16,6.0386515,60.84072,-1.1719579,-9.889725,18.489803
41.17,6.036243,60.821365,-1.1733702,-9.900714,18.483215
41.18,6.0338335,60.801987,-1.1747831,-9.911709,18.476637
41.19,6.031425,60.782616,-1.1761957,-9.922704,18.470047
41.2,6.029014,60.763214,-1.1776104,-9.933704,18.463459
41.21,6.0266023,60.74381,-1.1790254,-9.944713,18.456863
41.22,6.024192,60.724415,-1.1804398,-9.955714,18.450272
41.23,6.0217786,60.704998,-1.1818563,-9.966722,18.44367
41.24,6.019367,60.685577,-1.1832724,-9.97773,18.437077
41.25,6.0169544,60.66617,-1.1846883,-9.988734,18.430475
41.26,6.014541,60.64675,-1.1861061,-9.999754,18.423876
41.27,6.012126,60.62729,-1.1875243,-10.010768,18.417269
41.28,6.009711,60.607857,-1.1889426,-10.021784,18.410664
41.29,6.0072947,60.588394,-1.190362,-10.032812,18.404049
41.3,6.0048804,60.568935,-1.1917816,-10.043831,18.397444
41.31,6.0024643,60.549458,-1.1932024,-10.054862,18.39083
41.32,6.0000463,60.529995,-1.1946226,-10.065885,18.384216
41.33,5.997629,60.510517,-1.1960448,-10.076921,18.377596
41.34,5.9952106,60.49104,-1.197467,-10.087949,18.370983
41.35,5.992794,60.471546,-1.1988887,-10.098982,18.364365
41.36,5.990373,60.452026,-1.2003129,-10.1100235,18.357733
41.37,5.9879537,60.432526,-1.2017359,-10.12106,18.351116
41.38,5.9855356,60.41303,-1.2031606,-10.132104,18.344486
41.39,5.9831157,60.393497,-1.2045848,-10.143141,18.33786
41.4,5.980692,60.373955,-1.2060109,-10.154194,18.331228
41.41,5.978274,60.354446,-1.2074357,-10.165234,18.324596
41.42,5.9758487,60.33491,-1.2088623,-10.176287,18.317966
41.43,5.9734282,60.315376,-1.2102889,-10.187338,18.311325
41.44,5.971006,60.295815,-1.2117169,-10.198393,18.304688
41.45,5.968581,60.27624,-1.2131455,-10.209451,18.298044
41.46,5.966158,60.256676,-1.214573,-10.220507,18.291403
41.47,5.9637327,60.237106,-1.2160037,-10.23157,18.284758
41.48,5.9613085,60.217525,-1.2174329,-10.242634,18.278118
41.49,5.9588814,60.19794,-1.2188631,-10.253702,18.271465
41.5,5.9564557,60.178356,-1.2202934,-10.264764,18.264824
41.51,5.95403,60.15876,-1.2217253,-10.275835,18.258167
41.52,5.9516034,60.13916,-1.2231568,-10.286907,18.251516
41.53,5.949177,60.119553,-1.2245889,-10.2979765,18.244865
41.54,5.9467506,60.099934,-1.2260221,-10.309055,18.238205
41.55,5.9443197,60.08033,-1.2274554,-10.320129,18.231548
41.56,5.9418926,60.06068,-1.2288897,-10.331209,18.22488
41.57,5.9394655,60.04108,-1.2303233,-10.342288,18.218224
41.58,5.9370327,60.021404,-1.2317592,-10.353376,18.211557
41.59,5.934603,60.00177,-1.2331952,-10.364464,18.204891
41.6,5.9321766,59.982105,-1.2346305,-10.375545,18.198227
41.61,5.929743,59.962467,-1.2360675,-10.386638,18.191553
41.62,5.927314,59.942814,-1.2375039,-10.397725,18.184885
41.63,5.9248786,59.923126,-1.238942,-10.408817,18.178213
41.64,5.9224486,59.90345,-1.2403799,-10.419909,18.171537
41.65,5.9200163,59.88376,-1.241819,-10.431012,18.164862
41.66,5.917584,59.864082,-1.2432576,-10.442106,18.158184
41.67,5.915151,59.844387,-1.2446976,-10.453207,18.151505
41.68,5.9127173,59.824688,-1.246138,-10.464312,18.144821
41.69,5.9102836,59.80498,-1.2475786,-10.475409,18.138142
41.7,5.907849,59.785263,-1.2490199,-10.486517,18.131453
41.71,5.905414,59.765556,-1.2504615,-10.497625,18.12477
41.72,5.9029765,59.745823,-1.2519034,-10.508732,18.11808
41.73,5.900543,59.726105,-1.2533464,-10.519844,18.111391
41.74,5.898107,59.706383,-1.2547897,-10.530959,18.104698
41.75,5.8956685,59.686634,-1.2562329,-10.542073,18.098005
41.76,5.8932343,59.666885,-1.2576776,-10.553187,18.091314
41.77,5.8907976,59.64714,-1.2591219,-10.5643015,18.084616
41.78,5.8883586,59.62738,-1.2605681,-10.575424,18.077915
41.79,5.88592,59.60762,-1.2620132,-10.586545,18.071218
41.8,5.8834815,59.587856,-1.2634588,-10.597667,18.064518
41.81,5.881043,59.56808,-1.264906,-10.60879,18.057817
41.82,5.878604,59.548294,-1.2663535,-10.619917,18.051105
41.83,5.876164,59.528515,-1.2678009,-10.631047,18.044405
41.84,5.8737254,59.508743,-1.2692482,-10.642172,18.037699
41.85,5.8712845,59.488953,-1.2706971,-10.653298,18.030993
41.86,5.8688445,59.46914,-1.2721466,-10.664436,18.02428
41.87,5.866404,59.449333,-1.2735962,-10.675568,18.017572
41.88,5.8639627,59.42953,-1.2750462,-10.686706,18.010853
41.89,5.861522,59.409718,-1.2764976,-10.697847,18.004135
41.9,5.85908,59.38989,-1.277949,-10.708983,17.99742
41.91,5.8566375,59.370056,-1.2794,-10.720119,17.990705
41.92,5.8541946,59.350243,-1.2808518,-10.731265,17.983982
41.93,5.8517537,59.3304,-1.2823042,-10.742403,17.977266
41.94,5.849309,59.310562,-1.283757,-10.753549,17.970547
41.95,5.8468657,59.290707,-1.2852106,-10.764697,17.963818
41.96,5.8444214,59.27087,-1.2866641,-10.775842,17.957092
41.97,5.841977,59.251,-1.288119,-10.786993,17.950365
41.98,5.8395324,59.231144,-1.2895734,-10.79814,17.94364
41.99,5.8370886,59.211273,-1.2910292,-10.8092985,17.936903
42.0,5.834644,59.191402,-1.2924844,-10.820449,17.93018
