t,w,W,x,y,z
0.0,0.073237374,-0.0005992055,4.945196,68.14531,-0.00073191524
0.01,0.073658794,0.0020163655,4.9443264,68.14267,0.0008710027
0.02,0.07408309,0.0046420693,4.943446,68.13996,0.0024926066
0.03,0.07451062,0.00727129,4.9425526,68.13724,0.0041289628
0.04,0.074940845,0.009910464,4.9416494,68.13443,0.005783826
0.05,0.07537367,0.012552679,4.940733,68.13161,0.0074580014
0.06,0.07580821,0.015198946,4.93981,68.12873,0.009149969
0.07,0.07624555,0.01785332,4.9388742,68.12579,0.010860652
0.08,0.07668413,0.020504773,4.9379244,68.12281,0.012585998
0.09,0.07712491,0.023144007,4.936967,68.11977,0.014333636
0.1,0.07756645,0.025786579,4.935999,68.11668,0.0160968
0.11,0.078009866,0.028428793,4.9350204,68.113556,0.01787898
0.12,0.07845414,0.031057596,4.9340286,68.11037,0.019680142
0.13,0.07889861,0.033678174,4.93303,68.10715,0.021497548
0.14,0.079344034,0.03628719,4.9320173,68.10387,0.023334593
0.15,0.079789296,0.03887683,4.930997,68.10053,0.025185853
0.16,0.08023467,0.041464865,4.929965,68.09716,0.027060747
0.17,0.08067994,0.044029772,4.9289246,68.093735,0.028951615
0.18,0.08112398,0.046572268,4.9278736,68.09027,0.03085956
0.19,0.081568,0.04910457,4.926814,68.086716,0.0327861
0.2,0.08201054,0.051604986,4.925743,68.08316,0.034730613
0.21,0.08245143,0.05408609,4.9246626,68.07951,0.03669229
0.22,0.08289142,0.056544006,4.9235783,68.07585,0.038673162
0.23,0.08332904,0.05897224,4.9224806,68.072136,0.040672213
0.24,0.08376473,0.06136906,4.921376,68.06835,0.04268831
0.25,0.084197775,0.0637365,4.9202614,68.064545,0.04472375
0.26,0.084628545,0.066076934,4.91914,68.06067,0.046774805
0.27,0.08505579,0.06838018,4.9180107,68.05677,0.04884529
0.28,0.08548041,0.070647836,4.916871,68.0528,0.050932735
0.29,0.08590172,0.072883606,4.9157267,68.0488,0.053037703
0.3,0.08631937,0.075077236,4.9145737,68.04473,0.05516112
0.31,0.08673343,0.07723343,4.913414,68.04063,0.057302713
0.32,0.08714298,0.07935482,4.9122467,68.0365,0.059461027
0.33,0.08754887,0.08143097,4.9110746,68.032265,0.06163636
0.34,0.08795023,0.08346778,4.909893,68.02804,0.06382927
0.35,0.088346735,0.085457385,4.9087057,68.02377,0.066040725
0.36,0.088738374,0.08740926,4.9075127,68.01944,0.06826827
0.37,0.089125305,0.08931047,4.906314,68.01509,0.07051346
0.38,0.08950735,0.091174126,4.9051104,68.01067,0.072776526
0.39,0.089883536,0.09299457,4.903902,68.006226,0.07505527
0.4,0.09025492,0.0947628,4.902684,68.00174,0.07735056
0.41,0.090620816,0.09648949,4.9014654,67.997185,0.07966536
0.42,0.09098052,0.098171175,4.900239,67.99262,0.081994206
0.43,0.09133488,0.09980786,4.8990126,67.98798,0.084341556
0.44,0.0916836,0.10139859,4.8977766,67.983345,0.08670539
0.45,0.09202643,0.10293847,4.8965397,67.97866,0.089084715
0.46,0.092363395,0.104442656,4.895295,67.97395,0.09148154
0.47,0.092694096,0.10589826,4.8940487,67.9692,0.0938929
0.48,0.09301911,0.10730535,4.8927994,67.96442,0.09631869
0.49,0.09333783,0.10867226,4.8915462,67.959595,0.098763645
0.5,0.09365066,0.10999763,4.8902903,67.95475,0.10122323
0.51,0.09395769,0.11127949,4.8890295,67.94987,0.10369909
0.52,0.094258726,0.112519085,4.887767,67.94497,0.10618833
0.53,0.09455343,0.11371446,4.8865013,67.94003,0.10869542
0.54,0.09484254,0.1148774,4.885234,67.93506,0.11121413
0.55,0.09512551,0.11600071,4.8839626,67.93004,0.11374983
0.56,0.09540272,0.117082715,4.8826904,67.925026,0.11630052
0.57,0.09567459,0.118130684,4.8814144,67.91996,0.11886561
0.58,0.09594039,0.11913979,4.8801365,67.914894,0.12144497
0.59,0.096200824,0.120115995,4.8788576,67.90979,0.12403834
0.6,0.09645567,0.12106192,4.877576,67.90469,0.1266441
0.61,0.09670524,0.12197369,4.876292,67.899536,0.12926501
0.62,0.09694971,0.122861266,4.8750095,67.89438,0.13190082
0.63,0.097188935,0.12371743,4.873721,67.88919,0.13454756
0.64,0.09742304,0.124542356,4.8724346,67.883995,0.13720942
0.65,0.09765255,0.12534577,4.8711433,67.87878,0.13988125
0.66,0.097877234,0.12612998,4.869853,67.87358,0.14256805
0.67,0.09809748,0.12688243,4.868561,67.8683,0.14526787
0.68,0.09831369,0.12762457,4.8672676,67.86304,0.14797786
0.69,0.098525494,0.12833834,4.8659735,67.857765,0.1506998
0.7,0.09873314,0.12903881,4.8646755,67.85247,0.15343577
0.71,0.09893695,0.12972075,4.8633804,67.84716,0.15618199
0.72,0.09913729,0.1303891,4.8620825,67.84185,0.15894037
0.73,0.09933398,0.13104284,4.8607817,67.83653,0.16170964
0.74,0.09952723,0.13168389,4.8594837,67.83119,0.16449031
0.75,0.099717215,0.13231766,4.858183,67.82582,0.16728017
0.76,0.099904485,0.13294333,4.85688,67.820465,0.17008176
0.77,0.100088954,0.13356704,4.8555765,67.81512,0.17289412
0.78,0.10027045,0.13417476,4.854272,67.80974,0.17571637
0.79,0.100449726,0.13478577,4.8529663,67.804375,0.17854908
0.8,0.10062663,0.13538879,4.8516626,67.798996,0.18139076
0.81,0.100801855,0.13599169,4.850355,67.793594,0.1842432
0.82,0.10097507,0.13659549,4.8490458,67.7882,0.18710458
0.83,0.101146266,0.13720018,4.8477383,67.782776,0.1899749
0.84,0.10131572,0.13780558,4.846428,67.777405,0.19285592
0.85,0.10148441,0.1384179,4.8451176,67.77197,0.1957435
0.86,0.101651594,0.13903558,4.8438053,67.76656,0.19864114
0.87,0.101817265,0.13965398,4.842494,67.76115,0.20154768
0.88,0.101982445,0.14028114,4.84118,67.7557,0.20446339
0.89,0.10214673,0.14091855,4.839864,67.7503,0.20738576
0.9,0.102310464,0.14156431,4.8385477,67.74488,0.21031728
0.91,0.102474086,0.14221835,4.8372307,67.73945,0.21325624
0.92,0.10263709,0.14288372,4.8359118,67.73402,0.21620473
0.93,0.10280005,0.14356619,4.834592,67.72857,0.2191594
0.94,0.102963105,0.14425027,4.833271,67.723145,0.22212084
0.95,0.103125826,0.14495778,4.8319483,67.7177,0.22509298
0.96,0.10328925,0.14567435,4.8306236,67.71226,0.22807088
0.97,0.10345274,0.14640564,4.829298,67.70683,0.23105648
0.98,0.10361686,0.14715987,4.8279715,67.70138,0.23404925
0.99,0.10378145,0.14791977,4.826643,67.69594,0.23704799
1.0,0.10394662,0.14869672,4.8253126,67.6905,0.24005407
1.01,0.104112804,0.14949858,4.823983,67.68502,0.24307053
1.02,0.104280226,0.15031272,4.822649,67.6796,0.24608998
1.03,0.10444811,0.15114582,4.821314,67.67414,0.24911876
1.04,0.10461759,0.15199965,4.819977,67.66869,0.25215143
1.05,0.10478795,0.1528672,4.818638,67.66322,0.2551926
1.06,0.10495952,0.15375715,4.817299,67.657776,0.25824133
1.07,0.105132505,0.15466547,4.815956,67.65233,0.26129526
1.08,0.105307296,0.15559381,4.8146133,67.646866,0.2643546
1.09,0.105483204,0.15654391,4.8132677,67.64139,0.26742172
1.1,0.10566096,0.15751302,4.81192,67.63594,0.2704962
1.11,0.10584024,0.15849948,4.810569,67.63049,0.27357548
1.12,0.10602087,0.15950692,4.8092194,67.625015,0.27666152
1.13,0.10620373,0.16053718,4.807865,67.61952,0.27975342
1.14,0.106388256,0.16158456,4.806509,67.61406,0.28285262
1.15,0.1065743,0.16265345,4.80515,67.60857,0.2859568
1.16,0.10676266,0.16373998,4.80379,67.603096,0.28906792
1.17,0.10695261,0.16485405,4.8024273,67.59761,0.29218474
1.18,0.10714478,0.16598445,4.8010626,67.59214,0.2953068
1.19,0.10733873,0.16713625,4.799695,67.58664,0.2984357
1.2,0.10753505,0.16830611,4.7983255,67.58114,0.30157077
1.21,0.10773274,0.16949654,4.796953,67.57564,0.30471194
1.22,0.107932985,0.17070824,4.795578,67.57014,0.30785942
1.23,0.10813521,0.17194176,4.794201,67.56461,0.3110131
1.24,0.10833938,0.17319298,4.792822,67.55912,0.31417045
1.25,0.10854583,0.17445976,4.791439,67.55359,0.31733507
1.26,0.10875451,0.17574799,4.7900543,67.54807,0.32050627
1.27,0.10896509,0.17705476,4.788666,67.54255,0.32368302
1.28,0.1091781,0.178379,4.787277,67.53702,0.3268659
1.29,0.10939284,0.17972702,4.785884,67.53148,0.33005527
1.3,0.10960975,0.18108869,4.7844896,67.525925,0.333248
1.31,0.109829165,0.18247586,4.7830896,67.520355,0.33645117
1.32,0.11005068,0.1838677,4.7816887,67.51482,0.33965546
1.33,0.110274106,0.18528199,4.780286,67.50924,0.34286898
1.34,0.110499196,0.18671942,4.778879,67.50367,0.34608504
1.35,0.11072719,0.1881702,4.7774706,67.49807,0.34930924
1.36,0.11095686,0.18963188,4.776058,67.492485,0.35254115
1.37,0.11118896,0.19111472,4.774643,67.48689,0.3557762
1.38,0.11142299,0.19261378,4.7732267,67.481285,0.3590188
1.39,0.11165914,0.19412863,4.771805,67.47566,0.36226705
1.4,0.11189687,0.19565177,4.770383,67.47002,0.36551934
1.41,0.11213728,0.1971972,4.768955,67.4644,0.3687806
1.42,0.11237904,0.19875306,4.7675266,67.458755,0.3720457
1.43,0.112622716,0.20032114,4.766096,67.4531,0.3753173
1.44,0.11286912,0.20190895,4.764661,67.44745,0.37859637
1.45,0.11311674,0.20350623,4.763221,67.44177,0.3818794
1.46,0.113366835,0.20511669,4.7617807,67.4361,0.3851681
1.47,0.113618724,0.20674008,4.760335,67.43037,0.38846397
1.48,0.11387242,0.2083736,4.7588882,67.42468,0.3917672
1.49,0.11412766,0.21001601,4.7574396,67.41895,0.3950739
1.5,0.114384964,0.21167517,4.7559853,67.413246,0.39838827
1.51,0.11464389,0.21334809,4.75453,67.4075,0.40170816
1.52,0.114904955,0.21502352,4.753071,67.401764,0.40503365
1.53,0.11516746,0.21671367,4.751609,67.39599,0.40836638
1.54,0.115431756,0.21841305,4.750144,67.39023,0.41170403
1.55,0.115697704,0.22012037,4.7486763,67.38442,0.4150475
1.56,0.11596557,0.22184241,4.747204,67.37864,0.41839936
1.57,0.11623439,0.22356802,4.7457294,67.37282,0.421756
1.58,0.11650538,0.22529924,4.7442513,67.36701,0.4251192
1.59,0.11677782,0.22704345,4.742771,67.361176,0.42848602
1.6,0.11705141,0.22879386,4.741287,67.35532,0.4318616
1.61,0.11732689,0.230551,4.7398014,67.349464,0.43524244
1.62,0.117603675,0.23231393,4.738312,67.34358,0.4386286
1.63,0.11788199,0.23408735,4.7368193,67.3377,0.44202283
1.64,0.11816183,0.23586297,4.735322,67.33181,0.44542283
1.65,0.11844298,0.23764712,4.733824,67.325874,0.44882864
1.66,0.11872521,0.2394352,4.7323217,67.31995,0.45224184
1.67,0.11900903,0.24123079,4.730816,67.31402,0.4556579
1.68,0.119293824,0.2430293,4.729308,67.308044,0.45908448
1.69,0.11958039,0.24483836,4.7277975,67.30207,0.46251604
1.7,0.119867794,0.2466402,4.726283,67.2961,0.46595222
1.71,0.120156415,0.24845058,4.724764,67.29009,0.46939617
1.72,0.12044651,0.25026983,4.7232428,67.28407,0.47284576
1.73,0.12073769,0.2520883,4.721719,67.278046,0.47630402
1.74,0.121029824,0.25390822,4.720194,67.271996,0.47976503
1.75,0.12132319,0.25573474,4.7186623,67.265915,0.48323447
1.76,0.12161767,0.2575627,4.7171307,67.25983,0.48670983
1.77,0.12191321,0.25938934,4.7155943,67.253746,0.49019262
1.78,0.122209564,0.261221,4.714055,67.24766,0.49368066
1.79,0.122506686,0.2630555,4.712511,67.241516,0.4971762
1.8,0.122804776,0.2648884,4.710967,67.23539,0.50067616
1.81,0.123104565,0.2667244,4.7094173,67.22921,0.50418365
1.82,0.12340477,0.26856208,4.7078657,67.22304,0.5076972
1.83,0.123705655,0.27040112,4.706311,67.216866,0.5112187
1.84,0.124007665,0.27223605,4.704754,67.210655,0.5147449
1.85,0.12431022,0.27407372,4.7031927,67.20442,0.5182785
1.86,0.12461401,0.2759118,4.7016306,67.1982,0.5218196
1.87,0.12491803,0.27774876,4.7000628,67.19194,0.5253649
1.88,0.12522316,0.27958393,4.698492,67.18564,0.5289173
1.89,0.12552918,0.2814244,4.6969204,67.17939,0.5324786
1.9,0.1258359,0.28326094,4.695344,67.17309,0.53604466
1.91,0.12614301,0.28509533,4.6937647,67.166756,0.539618
1.92,0.1264508,0.2869255,4.6921806,67.1604,0.543197
1.93,0.12675953,0.28875947,4.6905956,67.15405,0.5467823
1.94,0.12706861,0.29058278,4.6890078,67.14768,0.55037576
1.95,0.12737858,0.2924146,4.687416,67.14127,0.55397475
1.96,0.12768874,0.294241,4.6858206,67.13489,0.5575818
1.97,0.12800011,0.29606622,4.684225,67.12846,0.5611952
1.98,0.12831157,0.29788756,4.682622,67.121994,0.56481504
1.99,0.12862365,0.29970777,4.681019,67.11554,0.5684413
2.0,0.12893653,0.30152035,4.679413,67.10907,0.5720748
2.01,0.12924945,0.30333644,4.677803,67.102554,0.5757145
2.02,0.12956366,0.3051464,4.6761885,67.096054,0.57936114
2.03,0.12987778,0.3069539,4.674574,67.0895,0.58301556
2.04,0.1301921,0.3087576,4.6729546,67.08297,0.5866742
2.05,0.13050714,0.31055748,4.6713314,67.076385,0.5903418
2.06,0.13082287,0.31235307,4.6697083,67.0698,0.59401554
2.07,0.13113874,0.31414336,4.6680794,67.06319,0.5976961
2.08,0.13145524,0.31593847,4.6664486,67.05658,0.60138464
2.09,0.13177203,0.31772065,4.664815,67.04994,0.60507876
2.1,0.13208885,0.31950486,4.6631765,67.04329,0.60878134
2.11,0.13240626,0.3212831,4.6615353,67.03659,0.61248916
2.12,0.13272431,0.32305187,4.659893,67.0299,0.6162042
2.13,0.13304257,0.32482088,4.658246,67.0232,0.61992824
2.14,0.13336113,0.3265869,4.656596,67.01645,0.62365675
2.15,0.1336802,0.32834733,4.6549435,67.009705,0.62739396
2.16,0.13399932,0.3301044,4.653287,67.00293,0.63113713
2.17,0.13431866,0.33185518,4.6516294,66.99614,0.6348879
2.18,0.13463861,0.33359998,4.649967,66.98935,0.638646
2.19,0.1349587,0.33534187,4.648302,66.98252,0.64241064
2.2,0.13527934,0.33708072,4.646634,66.97568,0.6461836
2.21,0.13559991,0.3388123,4.6449623,66.9688,0.6499618
2.22,0.13592063,0.34053957,4.6432877,66.96191,0.65374655
2.23,0.13624218,0.34226388,4.641611,66.95504,0.6575415
2.24,0.13656369,0.34397918,4.6399317,66.94813,0.6613421
2.25,0.13688502,0.3456962,4.6382475,66.941185,0.6651499
2.26,0.13720724,0.3474002,4.6365623,66.93422,0.66896427
2.27,0.13752934,0.34910095,4.6348715,66.92725,0.6727873
2.28,0.1378517,0.3507974,4.6331787,66.92025,0.6766174
2.29,0.1381745,0.3524912,4.631483,66.91326,0.6804533
2.3,0.1384973,0.3541746,4.6297846,66.90621,0.6842991
2.31,0.1388206,0.35585773,4.628083,66.89916,0.6881505
2.32,0.13914391,0.35753536,4.626376,66.89209,0.6920086
2.33,0.13946748,0.35920173,4.62467,66.88499,0.6958755
2.34,0.1397911,0.36086893,4.622958,66.8779,0.69975007
2.35,0.14011529,0.36253166,4.6212454,66.87077,0.70363045
2.36,0.14043906,0.36418235,4.619528,66.863625,0.70752
2.37,0.14076394,0.36583185,4.6178064,66.85645,0.71141636
2.38,0.14108817,0.36747527,4.616082,66.849266,0.71532035
2.39,0.14141288,0.36911428,4.614356,66.84206,0.71923095
2.4,0.14173833,0.37074977,4.612627,66.834854,0.72315043
2.41,0.14206289,0.37237352,4.610895,66.827614,0.7270769
2.42,0.14238867,0.37399805,4.6091576,66.82036,0.7310109
2.43,0.14271423,0.3756131,4.60742,66.813065,0.7349529
2.44,0.14303976,0.37722665,4.6056786,66.80577,0.73890156
2.45,0.1433658,0.37883133,4.6039333,66.798454,0.7428582
2.46,0.14369164,0.380431,4.6021843,66.79111,0.7468231
2.47,0.14401814,0.38202816,4.6004333,66.78375,0.750795
2.48,0.14434487,0.38361824,4.5986776,66.77638,0.7547759
2.49,0.1446714,0.38520288,4.59692,66.76898,0.7587639
2.5,0.1449982,0.3867873,4.5951595,66.761566,0.76275885
2.51,0.1453253,0.38835806,4.593395,66.75415,0.7667632
2.52,0.14565301,0.38992888,4.591628,66.7467,0.7707746
2.53,0.14598058,0.39149314,4.589857,66.73922,0.7747946
2.54,0.1463084,0.39305001,4.588084,66.73173,0.7788202
2.55,0.14663629,0.3946048,4.5863075,66.72423,0.7828564
2.56,0.14696434,0.39615488,4.584528,66.7167,0.78689784
2.57,0.1472928,0.3976962,4.5827446,66.709145,0.7909497
2.58,0.14762133,0.39923668,4.5809584,66.70157,0.7950083
2.59,0.14795008,0.40077078,4.5791693,66.69399,0.7990734
2.6,0.14827901,0.40229982,4.5773764,66.68638,0.8031496
2.61,0.14860868,0.40382218,4.5755816,66.67877,0.80723095
2.62,0.14893779,0.40534073,4.573782,66.67112,0.811323
2.63,0.1492679,0.4068569,4.5719805,66.66345,0.8154229
2.64,0.14959769,0.40836877,4.570175,66.65577,0.8195289
2.65,0.14992788,0.40987092,4.568366,66.64807,0.8236441
2.66,0.15025842,0.4113707,4.566556,66.64036,0.8277687
2.67,0.15058924,0.41286808,4.564739,66.6326,0.8318993
2.68,0.15091997,0.41435802,4.5629215,66.62484,0.8360386
2.69,0.15125099,0.41584247,4.561101,66.61708,0.840186
2.7,0.15158279,0.417327,4.5592766,66.60928,0.84434307
2.71,0.15191424,0.41880512,4.5574484,66.60146,0.8485069
2.72,0.15224665,0.4202788,4.5556192,66.593636,0.8526798
2.73,0.15257919,0.4217463,4.5537834,66.585785,0.8568611
2.74,0.15291107,0.42321032,4.5519466,66.57791,0.86104953
2.75,0.15324381,0.42467207,4.550106,66.570015,0.8652479
2.76,0.15357716,0.4261288,4.5482635,66.56208,0.869454
2.77,0.15391068,0.4275815,4.5464153,66.554146,0.87366796
2.78,0.1542444,0.42902958,4.544565,66.54622,0.877893
2.79,0.15457842,0.4304725,4.5427113,66.53824,0.8821243
2.8,0.15491256,0.43191308,4.5408554,66.53025,0.88636184
2.81,0.15524732,0.43335164,4.5389957,66.52225,0.890612
2.82,0.15558234,0.4347837,4.5371313,66.51421,0.89486897
2.83,0.15591785,0.43621427,4.535264,66.506165,0.8991349
2.84,0.15625334,0.4376387,4.533395,66.49811,0.90340817
2.85,0.15658945,0.43906307,4.531522,66.49002,0.907691
2.86,0.15692557,0.44047964,4.529644,66.48193,0.9119822
2.87,0.15726234,0.44189298,4.5277653,66.47379,0.91628146
2.88,0.15759926,0.4433031,4.5258827,66.46567,0.9205906
2.89,0.1579369,0.44471276,4.5239964,66.45749,0.9249074
2.9,0.15827435,0.44611716,4.522107,66.4493,0.92923313
2.91,0.1586126,0.4475192,4.520215,66.44111,0.93356836
2.92,0.15895143,0.44891775,4.518318,66.432884,0.93791133
2.93,0.15929055,0.450315,4.5164213,66.424675,0.9422649
2.94,0.15962957,0.45170718,4.5145187,66.4164,0.9466243
2.95,0.15996915,0.4530939,4.5126114,66.40814,0.9509934
2.96,0.16030963,0.4544821,4.510701,66.39984,0.9553726
2.97,0.16064993,0.45586368,4.508789,66.391525,0.95976007
2.98,0.16099101,0.45724493,4.506873,66.383194,0.9641565
2.99,0.16133206,0.45862508,4.5049543,66.37483,0.9685613
3.0,0.16167414,0.46000037,4.5030327,66.36648,0.97297573
3.01,0.16201615,0.46137258,4.5011053,66.35809,0.9773985
3.02,0.16235884,0.46274394,4.499178,66.34968,0.98183084
3.03,0.16270208,0.4641115,4.497244,66.341255,0.986272
3.04,0.1630458,0.46547893,4.495308,66.33282,0.9907218
3.05,0.16339004,0.4668445,4.493368,66.32435,0.99518025
3.06,0.1637342,0.46820325,4.4914265,66.315865,0.9996488
3.07,0.16407913,0.46956143,4.489481,66.30736,1.0041264
3.08,0.16442475,0.4709199,4.4875307,66.298836,1.0086117
3.09,0.16477107,0.4722744,4.4855785,66.29028,1.0131083
3.1,0.16511738,0.47362617,4.4836245,66.28174,1.0176117
3.11,0.16546448,0.47497928,4.4816647,66.27316,1.0221258
3.12,0.16581202,0.47633138,4.479701,66.26457,1.0266482
3.13,0.16616029,0.4776815,4.4777365,66.25595,1.0311809
3.14,0.16650823,0.4790218,4.475766,66.24732,1.0357231
3.15,0.16685727,0.48037022,4.473793,66.238655,1.040272
3.16,0.16720739,0.48171487,4.471819,66.23,1.0448341
3.17,0.16755724,0.48305723,4.469838,66.221306,1.0494013
3.18,0.16790809,0.48439595,4.4678555,66.212616,1.0539792
3.19,0.1682595,0.48573545,4.46587,66.2039,1.058568
3.2,0.16861154,0.48707226,4.4638805,66.19515,1.0631645
3.21,0.16896382,0.4884136,4.4618874,66.18639,1.0677727
3.22,0.16931641,0.48974806,4.4598913,66.177605,1.0723878
3.23,0.16967022,0.49107864,4.4578896,66.1688,1.0770123
3.24,0.17002481,0.49241218,4.455887,66.15998,1.0816462
3.25,0.17037973,0.49375057,4.4538813,66.15114,1.0862913
3.26,0.17073487,0.49508107,4.451872,66.14229,1.090945
3.27,0.17109066,0.4964129,4.4498596,66.13342,1.0956081
3.28,0.17144758,0.49774447,4.4478416,66.12453,1.1002805
3.29,0.17180496,0.49907467,4.4458237,66.115616,1.1049634
3.3,0.17216295,0.50040245,4.443799,66.10668,1.109655
3.31,0.17252114,0.50173026,4.4417725,66.09774,1.1143558
3.32,0.1728805,0.5030648,4.439742,66.088776,1.1190671
3.33,0.17324013,0.5043902,4.43771,66.079796,1.1237873
3.34,0.17360064,0.5057202,4.435672,66.0708,1.1285176
3.35,0.17396209,0.5070464,4.433633,66.061775,1.1332575
3.36,0.17432365,0.5083756,4.431588,66.052734,1.1380078
3.37,0.17468643,0.5097045,4.4295406,66.043686,1.1427666
3.38,0.17504975,0.51103264,4.427491,66.034584,1.1475354
3.39,0.17541349,0.51236,4.425437,66.0255,1.1523143
3.4,0.17577803,0.51368606,4.42338,66.01639,1.1571032
3.41,0.17614329,0.51501703,4.421317,66.00726,1.1619018
3.42,0.1765098,0.51634574,4.4192543,65.998116,1.1667091
3.43,0.17687643,0.51767516,4.417185,65.988945,1.171527
3.44,0.17724371,0.5190013,4.4151154,65.97976,1.1763545
3.45,0.17761227,0.520335,4.41304,65.97055,1.1811922
3.46,0.1779809,0.52166307,4.410961,65.961334,1.1860391
3.47,0.1783508,0.5229925,4.40888,65.9521,1.1908965
3.48,0.17872128,0.524327,4.4067955,65.94284,1.195764
3.49,0.17909244,0.5256591,4.404707,65.933556,1.2006413
3.5,0.17946452,0.5269968,4.4026155,65.92426,1.2055285
3.51,0.17983693,0.5283258,4.4005213,65.91493,1.2104256
3.52,0.18021071,0.529664,4.3984222,65.90561,1.2153343
3.53,0.18058512,0.5309997,4.3963184,65.89627,1.220251
3.54,0.18095979,0.5323353,4.3942137,65.886894,1.2251786
3.55,0.1813362,0.53367424,4.392105,65.877525,1.230116
3.56,0.1817128,0.5350156,4.3899937,65.86811,1.2350622
3.57,0.18209031,0.5363523,4.3878765,65.85869,1.2400209
3.58,0.18246865,0.53769815,4.3857574,65.84925,1.2449896
3.59,0.18284762,0.5390415,4.3836346,65.83979,1.2499667
3.6,0.18322778,0.54038525,4.381508,65.830315,1.254954
3.61,0.18360862,0.54173005,4.3793783,65.82082,1.2599537
3.62,0.18399012,0.54308057,4.377245,65.8113,1.2649618
3.63,0.18437296,0.5444319,4.3751097,65.80177,1.2699813
3.64,0.18475601,0.54577893,4.3729687,65.79223,1.27501
3.65,0.18514013,0.5471347,4.370826,65.78266,1.2800491
3.66,0.18552542,0.54848695,4.368679,65.773056,1.2850988
3.67,0.18591118,0.54984444,4.3665276,65.76347,1.2901585
3.68,0.18629816,0.5512017,4.364373,65.753845,1.2952296
3.69,0.18668601,0.5525633,4.362217,65.74422,1.300311
3.7,0.18707466,0.55392635,4.360056,65.73456,1.305401
3.71,0.18746445,0.5552943,4.357892,65.724884,1.310503
3.72,0.18785459,0.55665714,4.3557234,65.71517,1.3156142
3.73,0.18824583,0.5580267,4.353552,65.705475,1.3207377
3.74,0.18863809,0.55939835,4.3513775,65.69573,1.3258715
3.75,0.18903136,0.56077206,4.3491983,65.686,1.3310139
3.76,0.18942523,0.56214523,4.3470163,65.67624,1.336168
3.77,0.18982029,0.56352437,4.3448315,65.666435,1.3413317
3.78,0.19021606,0.5649048,4.342643,65.656654,1.346507
3.79,0.19061288,0.56628823,4.3404493,65.64683,1.3516934
3.8,0.19101071,0.5676724,4.338254,65.63701,1.3568906
3.81,0.19140947,0.5690584,4.336055,65.62715,1.3620964
3.82,0.19180897,0.5704542,4.333851,65.617256,1.3673142
3.83,0.19220996,0.57184887,4.331646,65.60737,1.3725426
3.84,0.19261155,0.5732416,4.3294363,65.59748,1.377781
3.85,0.19301409,0.5746407,4.327223,65.58755,1.3830303
3.86,0.19341749,0.5760447,4.3250055,65.57761,1.3882911
3.87,0.19382241,0.5774523,4.3227854,65.567635,1.3935616
3.88,0.19422776,0.5788578,4.3205605,65.557655,1.3988446
3.89,0.19463411,0.58027065,4.3183336,65.54767,1.4041368
3.9,0.1950419,0.58168346,4.316102,65.53765,1.4094417
3.91,0.19545034,0.5831011,4.3138695,65.52762,1.4147551
3.92,0.19585988,0.58452195,4.3116302,65.51755,1.4200802
3.93,0.19627067,0.585946,4.309389,65.507484,1.4254173
3.94,0.19668174,0.587371,4.307144,65.49741,1.4307648
3.95,0.19709465,0.58880293,4.3048954,65.4873,1.4361223
3.96,0.19750813,0.59023666,4.302643,65.477165,1.4414907
3.97,0.19792297,0.59167314,4.3003864,65.467026,1.4468713
3.98,0.19833872,0.5931152,4.298128,65.456856,1.4522622
3.99,0.19875547,0.59455764,4.295865,65.4467,1.457665
4.0,0.1991731,0.5960072,4.2936,65.43649,1.4630787
4.01,0.19959196,0.59745634,4.2913303,65.426285,1.4685022
4.02,0.2000122,0.59891385,4.289057,65.41604,1.4739394
4.03,0.20043284,0.6003728,4.2867794,65.4058,1.4793853
4.04,0.20085523,0.60183513,4.284498,65.39553,1.4848433
4.05,0.20127821,0.6033009,4.282215,65.38524,1.4903116
4.06,0.2017022,0.604771,4.2799273,65.37495,1.4957919
4.07,0.20212752,0.6062449,4.2776356,65.36462,1.5012832
4.08,0.20255378,0.60772014,4.275342,65.35426,1.5067852
4.09,0.20298132,0.6092055,4.2730436,65.3439,1.5122999
4.1,0.20341006,0.61069304,4.2707415,65.33354,1.5178262
4.11,0.20383933,0.6121809,4.2684355,65.32315,1.5233612
4.12,0.20427021,0.61367583,4.2661285,65.31273,1.5289092
4.13,0.20470202,0.6151738,4.263815,65.30229,1.5344698
4.14,0.20513502,0.6166775,4.2614985,65.29184,1.5400404
4.15,0.20556903,0.6181827,4.259178,65.28139,1.5456209
4.16,0.20600414,0.6196931,4.256856,65.2709,1.5512154
4.17,0.20644045,0.62120736,4.25453,65.26039,1.5568208
4.18,0.20687753,0.6227236,4.252198,65.24986,1.5624366
4.19,0.20731631,0.62425184,4.2498627,65.23932,1.5680658
4.2,0.20775628,0.62577975,4.247525,65.22876,1.5737051
4.21,0.208197,0.6273116,4.245184,65.21818,1.5793564
4.22,0.20863885,0.62884974,4.242841,65.20759,1.5850189
4.23,0.20908204,0.63038886,4.240491,65.19696,1.590694
4.24,0.20952627,0.6319353,4.23814,65.186325,1.5963801
4.25,0.20997193,0.6334896,4.2357836,65.17569,1.602078
4.26,0.21041825,0.635039,4.233424,65.165016,1.6077878
4.27,0.21086624,0.6366024,4.231061,65.15433,1.6135083
4.28,0.21131527,0.6381663,4.228694,65.14362,1.6192424
4.29,0.21176505,0.6397364,4.226324,65.1329,1.6249868
4.3,0.21221653,0.6413076,4.2239504,65.12217,1.630744
4.31,0.2126689,0.6428874,4.221573,65.11139,1.6365118
4.32,0.21312225,0.64447045,4.2191916,65.1006,1.6422923
4.33,0.2135773,0.6460599,4.2168064,65.0898,1.648084
4.34,0.21403289,0.6476519,4.2144175,65.078995,1.6538885
4.35,0.2144902,0.6492517,4.2120247,65.06816,1.6597046
4.36,0.21494856,0.65085137,4.20963,65.05729,1.6655333
4.37,0.21540815,0.65246016,4.2072315,65.046425,1.671373
4.38,0.21586871,0.65407133,4.2048264,65.03553,1.6772249
4.39,0.2163308,0.6556907,4.20242,65.02462,1.6830893
4.4,0.2167939,0.6573132,4.2000093,65.01369,1.6889653
4.41,0.21725857,0.65894496,4.1975956,65.00274,1.6948533
4.42,0.21772414,0.6605755,4.195177,64.99178,1.7007548
4.43,0.2181907,0.66221154,4.1927567,64.98078,1.7066673
4.44,0.2186588,0.66385776,4.1903315,64.96978,1.7125915
4.45,0.21912825,0.66550696,4.1879025,64.958755,1.7185277
4.46,0.2195985,0.66715884,4.1854696,64.94772,1.724478
4.47,0.22007045,0.6688192,4.183032,64.93665,1.7304391
4.48,0.22054306,0.67048126,4.1805935,64.92556,1.7364123
4.49,0.22101757,0.6721518,4.1781483,64.914474,1.7423996
4.5,0.22149298,0.67382586,4.175701,64.90335,1.7483966
4.51,0.22196954,0.67550623,4.173251,64.8922,1.7544087
4.52,0.22244754,0.67719054,4.1707964,64.88105,1.7604321
4.53,0.22292644,0.6788796,4.168337,64.86985,1.7664667
4.54,0.22340706,0.6805781,4.1658745,64.858665,1.7725149
4.55,0.22388864,0.68228024,4.1634073,64.84744,1.7785754
4.56,0.22437131,0.68398434,4.1609383,64.83622,1.7846489
4.57,0.2248556,0.68569857,4.1584654,64.82496,1.790736
4.58,0.22534117,0.68741494,4.1559877,64.81368,1.7968334
4.59,0.22582805,0.68913996,4.1535063,64.80243,1.8029432
4.6,0.22631568,0.6908674,4.151021,64.791084,1.8090668
4.61,0.22680509,0.6926011,4.148532,64.77976,1.8152027
4.62,0.22729555,0.6943383,4.14604,64.76841,1.8213514
4.63,0.2277875,0.6960879,4.1435432,64.75703,1.827513
4.64,0.22828022,0.6978382,4.1410456,64.74563,1.833686
4.65,0.2287744,0.69959474,4.1385403,64.734215,1.8398737
4.66,0.22927043,0.7013559,4.136032,64.722786,1.8460741
4.67,0.2297673,0.7031248,4.133521,64.71134,1.8522857
4.68,0.23026568,0.704898,4.1310062,64.69987,1.8585113
4.69,0.23076484,0.70667976,4.1284866,64.68838,1.864749
4.7,0.23126552,0.70846164,4.125965,64.67685,1.8709999
4.71,0.2317676,0.71025103,4.123439,64.66534,1.8772651
4.72,0.2322712,0.7120502,4.120908,64.65378,1.8835411
4.73,0.23277566,0.7138521,4.118374,64.64222,1.8898314
4.74,0.23328182,0.7156603,4.115836,64.63062,1.8961344
4.75,0.23378885,0.7174724,4.1132936,64.619,1.9024498
4.76,0.2342976,0.7192919,4.1107483,64.60737,1.90878
4.77,0.23480716,0.72111505,4.108198,64.59573,1.9151217
4.78,0.23531857,0.7229484,4.105645,64.584045,1.9214761
4.79,0.2358309,0.7247826,4.1030884,64.57235,1.9278454
4.8,0.236345,0.7266254,4.100527,64.56066,1.9342265
4.81,0.23686019,0.72847205,4.0979624,64.54892,1.9406232
4.82,0.23737648,0.7303272,4.095394,64.53713,1.9470301
4.83,0.23789397,0.7321865,4.092821,64.525375,1.9534516
4.84,0.2384133,0.7340536,4.0902443,64.51357,1.959886
4.85,0.23893362,0.7359239,4.0876637,64.501755,1.9663343
4.86,0.23945528,0.7378002,4.085081,64.48991,1.9727952
4.87,0.23997855,0.73968714,4.082491,64.478065,1.9792705
4.88,0.24050313,0.74157196,4.0799,64.46618,1.9857591
4.89,0.24102867,0.74346864,4.077304,64.4543,1.9922602
4.9,0.24155572,0.74537015,4.074703,64.44235,1.9987751
4.91,0.24208403,0.7472772,4.0721006,64.430435,2.0053039
4.92,0.24261406,0.7491863,4.0694933,64.418465,2.011846
4.93,0.24314508,0.7511071,4.066882,64.40649,2.0184007
4.94,0.24367756,0.75303304,4.0642653,64.39449,2.0249708
4.95,0.2442115,0.75496364,4.0616455,64.382454,2.0315533
4.96,0.24474654,0.7569016,4.059021,64.37039,2.0381498
4.97,0.24528307,0.75884306,4.0563955,64.358315,2.0447605
4.98,0.24582088,0.7607926,4.0537643,64.34625,2.051384
4.99,0.24635985,0.7627447,4.0511303,64.33412,2.0580208
5.0,0.24690065,0.7647097,4.0484905,64.32199,2.0646725
5.01,0.24744257,0.7666739,4.045846,64.30983,2.0713377
5.02,0.24798587,0.7686446,4.0432005,64.297676,2.0780156
5.03,0.24853063,0.7706255,4.0405493,64.28546,2.0847096
5.04,0.24907646,0.7726083,4.0378933,64.27323,2.0914161
5.05,0.24962395,0.7745998,4.0352354,64.26099,2.098136
5.06,0.2501727,0.7765968,4.032572,64.24874,2.1048713
5.07,0.2507228,0.77859837,4.0299044,64.23642,2.1116195
5.08,0.25127417,0.78060806,4.027234,64.22414,2.1183825
5.09,0.2518274,0.7826222,4.02456,64.211815,2.1251588
5.1,0.25238147,0.7846439,4.02188,64.199455,2.1319485
5.11,0.2529373,0.7866696,4.0191975,64.18708,2.138753
5.12,0.25349426,0.7887052,4.016511,64.17469,2.145572
5.13,0.25405285,0.7907443,4.0138187,64.16227,2.1524048
5.14,0.2546128,0.7927878,4.0111256,64.149826,2.1592515
5.15,0.25517365,0.79483765,4.008425,64.13736,2.1661127
5.16,0.25573632,0.7968975,4.0057225,64.12488,2.1729884
5.17,0.25630054,0.7989613,4.003015,64.11235,2.1798785
5.18,0.256866,0.80103004,4.0003037,64.09983,2.1867814
5.19,0.2574329,0.8031047,3.9975886,64.08728,2.1937003
5.2,0.2580009,0.8051853,3.994869,64.07469,2.2006314
5.21,0.25857073,0.8072765,3.992147,64.06209,2.207579
5.22,0.25914156,0.809366,3.989419,64.04947,2.2145393
5.23,0.25971383,0.8114613,3.986689,64.03683,2.2215152
5.24,0.2602879,0.81357455,3.983953,64.024155,2.2285063
5.25,0.26086333,0.81568253,3.9812136,64.01147,2.2355099
5.26,0.2614401,0.81780225,3.978469,63.998722,2.2425294
5.27,0.26201814,0.81992716,3.9757211,63.98599,2.249562
5.28,0.26259768,0.8220566,3.97297,63.973236,2.2566116
5.29,0.2631785,0.8241914,3.9702141,63.960438,2.263673
5.3,0.26376095,0.82633555,3.967453,63.947624,2.2707508
5.31,0.26434457,0.82848567,3.964689,63.93478,2.2778425
5.32,0.2649302,0.83063805,3.9619212,63.921947,2.28495
5.33,0.2655168,0.832799,3.9591491,63.90907,2.2920702
5.34,0.26610523,0.834965,3.956372,63.89614,2.299207
5.35,0.26669472,0.83713585,3.9535918,63.883224,2.306357
5.36,0.26728547,0.8393166,3.950806,63.870274,2.3135245
5.37,0.26787832,0.84150356,3.948018,63.857292,2.3207033
5.38,0.2684722,0.8436948,3.9452248,63.844284,2.327898
5.39,0.26906747,0.8458912,3.9424276,63.831253,2.3351088
5.4,0.26966408,0.8480934,3.9396248,63.81821,2.3423333
5.41,0.27026284,0.85030556,3.9368207,63.805138,2.349574
5.42,0.27086258,0.85252017,3.9340107,63.792038,2.3568294
5.43,0.2714638,0.854743,3.9311967,63.778904,2.3640995
5.44,0.27206638,0.85697156,3.9283793,63.765747,2.3713841
5.45,0.27267072,0.859204,3.9255574,63.752586,2.3786833
5.46,0.27327624,0.86144674,3.9227307,63.7394,2.3859982
5.47,0.27388337,0.86369205,3.9198995,63.72618,2.3933275
5.48,0.27449235,0.8659447,3.9170654,63.712936,2.4006746
5.49,0.27510217,0.86820066,3.9142263,63.69966,2.4080334
5.5,0.2757139,0.8704667,3.9113832,63.686356,2.4154093
5.51,0.27632707,0.8727375,3.908536,63.67302,2.4228005
5.52,0.27694172,0.87501264,3.9056842,63.659657,2.4302056
5.53,0.27755782,0.8772997,3.9028294,63.64628,2.437627
5.54,0.27817544,0.87958765,3.8999689,63.632896,2.4450634
5.55,0.27879417,0.8818786,3.8971047,63.619476,2.452515
5.56,0.2794151,0.8841843,3.894238,63.60603,2.4599826
5.57,0.28003708,0.8864921,3.8913631,63.59255,2.4674654
5.58,0.28066126,0.88880724,3.8884864,63.57905,2.474963
5.59,0.28128633,0.8911255,3.885605,63.565536,2.4824765
5.6,0.2819125,0.89345115,3.8827205,63.551975,2.4900045
5.61,0.28254128,0.895786,3.879831,63.538403,2.4975486
5.62,0.28317106,0.89812374,3.8769372,63.524803,2.5051084
5.63,0.28380245,0.90047044,3.874039,63.511158,2.5126839
5.64,0.28443512,0.9028186,3.8711355,63.497498,2.5202746
5.65,0.2850696,0.90517646,3.868229,63.483818,2.5278819
5.66,0.2857055,0.90753806,3.8653188,63.470116,2.5355031
5.67,0.28634277,0.90990543,3.862403,63.456387,2.5431402
5.68,0.2869822,0.91228247,3.859484,63.442627,2.5507936
5.69,0.28762302,0.914667,3.856559,63.42883,2.5584624
5.7,0.2882648,0.91705483,3.853632,63.41503,2.5661473
5.71,0.28890854,0.9194452,3.8507006,63.401173,2.5738473
5.72,0.2895539,0.9218467,3.8477635,63.387314,2.5815644
5.73,0.2902013,0.92425454,3.8448222,63.37343,2.589297
5.74,0.29084963,0.92666566,3.841876,63.359493,2.5970442
5.75,0.2914997,0.92908436,3.8389275,63.345535,2.6048083
5.76,0.29215103,0.9315111,3.835974,63.33157,2.612588
5.77,0.29280424,0.933941,3.8330154,63.31757,2.620383
5.78,0.29345948,0.9363776,3.8300529,63.30354,2.6281955
5.79,0.29411554,0.9388229,3.8270864,63.28948,2.6360228
5.8,0.29477376,0.9412718,3.8241148,63.2754,2.6438673
5.81,0.2954335,0.9437291,3.8211386,63.261284,2.651726
5.82,0.29609516,0.94619083,3.8181593,63.247135,2.659602
5.83,0.29675785,0.94865507,3.8151746,63.23297,2.6674926
5.84,0.29742247,0.9511327,3.812186,63.21879,2.675401
5.85,0.29808864,0.953614,3.8091946,63.204548,2.683325
5.86,0.29875654,0.95610106,3.806198,63.190296,2.6912653
5.87,0.29942602,0.9585946,3.8031955,63.17602,2.6992214
5.88,0.30009723,0.9610929,3.8001904,63.16174,2.7071943
5.89,0.30076995,0.9636007,3.7971792,63.14739,2.7151823
5.9,0.3014447,0.9661132,3.7941642,63.133015,2.723189
5.91,0.30212083,0.9686304,3.7911448,63.118626,2.7312098
5.92,0.3027988,0.971157,3.7881222,63.104214,2.7392478
5.93,0.3034776,0.97368646,3.7850943,63.08976,2.7473013
5.94,0.30415896,0.97622406,3.782063,63.07527,2.755372
5.95,0.30484217,0.9787715,3.7790258,63.060772,2.7634592
5.96,0.30552682,0.9813214,3.775985,63.046234,2.7715626
5.97,0.30621257,0.98387504,3.772939,63.03168,2.779682
5.98,0.30690077,0.98644066,3.769889,63.017086,2.7878184
5.99,0.3075905,0.9890077,3.7668352,63.002476,2.7959716
6.0,0.30828175,0.99158245,3.7637773,62.987812,2.80414
6.01,0.3089749,0.99416476,3.7607136,62.97314,2.8123267
6.02,0.30966946,0.9967522,3.7576466,62.958427,2.8205297
6.03,0.31036577,0.9993468,3.754575,62.94369,2.8287492
6.04,0.31106424,1.0019464,3.7514985,62.928913,2.8369849
6.05,0.3117641,1.0045582,3.7484183,62.914116,2.8452377
6.06,0.31246644,1.0071689,3.7453334,62.899303,2.8535075
6.07,0.31316957,1.0097876,3.742244,62.88445,2.8617938
6.08,0.3138749,1.0124147,3.7391505,62.86956,2.8700962
6.09,0.31458205,1.0150497,3.7360525,62.854668,2.878415
6.1,0.31529078,1.0176882,3.7329493,62.839695,2.8867521
6.11,0.31600133,1.0203328,3.7298427,62.824734,2.8951051
6.12,0.31671402,1.022985,3.7267306,62.809723,2.9034753
6.13,0.317428,1.0256441,3.7236154,62.794693,2.9118629
6.14,0.31814396,1.0283113,3.7204945,62.779625,2.920267
6.15,0.31886232,1.0309846,3.7173688,62.76454,2.9286888
6.16,0.31958172,1.0336617,3.7142406,62.749413,2.9371262
6.17,0.32030255,1.0363461,3.7111063,62.73426,2.9455826
6.18,0.3210259,1.0390341,3.707969,62.719078,2.9540527
6.19,0.32175118,1.0417315,3.7048264,62.703854,2.962543
6.2,0.32247826,1.0444404,3.7016795,62.688606,2.971051
6.21,0.32320687,1.0471492,3.698527,62.67334,2.979574
6.22,0.32393715,1.0498681,3.6953716,62.658028,2.988116
6.23,0.32466996,1.0525912,3.6922112,62.642673,2.9966736
6.24,0.32540384,1.055323,3.6890457,62.627308,3.0052488
6.25,0.32614067,1.0580595,3.6858766,62.61192,3.0138402
6.26,0.32687825,1.0608016,3.682703,62.596497,3.0224504
6.27,0.3276181,1.0635531,3.6795237,62.581,3.0310783
6.28,0.32836014,1.066309,3.676342,62.565502,3.0397236
6.29,0.3291036,1.0690739,3.6731544,62.54998,3.0483851
6.3,0.32984936,1.0718462,3.6699624,62.534424,3.0570645
6.31,0.330597,1.074623,3.6667652,62.518826,3.065762
6.32,0.3313465,1.0774086,3.6635656,62.50321,3.0744758
6.33,0.33209762,1.080198,3.66036,62.487564,3.0832078
6.34,0.33285114,1.0829961,3.65715,62.471878,3.0919583
6.35,0.33360627,1.0857999,3.6539357,62.456142,3.100726
6.36,0.3343633,1.088609,3.6507165,62.440395,3.1095102
6.37,0.33512262,1.0914295,3.6474926,62.424618,3.118313
6.38,0.33588362,1.0942526,3.644265,62.408813,3.1271317
6.39,0.33664653,1.0970837,3.6410348,62.392952,3.1359696
6.4,0.33741182,1.0999274,3.637796,62.377083,3.1448252
6.41,0.33817863,1.1027693,3.6345546,62.361187,3.1536975
6.42,0.33894747,1.1056205,3.631309,62.345226,3.1625886
6.43,0.3397187,1.108481,3.62806,62.329243,3.171498
6.44,0.3404917,1.1113474,3.6248045,62.313236,3.1804252
6.45,0.34126675,1.1142201,3.6215453,62.2972,3.1893673
6.46,0.3420433,1.1171021,3.6182806,62.28113,3.1983323
6.47,0.34282282,1.1199882,3.6150138,62.26501,3.2073116
6.48,0.34360385,1.1228832,3.61174,62.24886,3.2163122
6.49,0.34438676,1.1257833,3.608463,62.232708,3.225328
6.5,0.34517175,1.1286868,3.6051795,62.216515,3.234362
6.51,0.34595886,1.1316032,3.6018934,62.20025,3.2434144
6.52,0.34674773,1.1345236,3.5986032,62.183987,3.2524853
6.53,0.3475395,1.1374555,3.5953076,62.167694,3.2615728
6.54,0.34833276,1.1403904,3.5920076,62.151344,3.2706807
6.55,0.34912828,1.1433333,3.588703,62.134968,3.279806
6.56,0.34992546,1.1462829,3.5853941,62.11855,3.2889512
6.57,0.35072547,1.1492424,3.5820806,62.102127,3.2981124
6.58,0.35152692,1.1522076,3.578762,62.08565,3.307291
6.59,0.35233098,1.155181,3.5754397,62.069138,3.3164895
6.6,0.3531369,1.1581557,3.5721118,62.0526,3.325707
6.61,0.3539448,1.1611446,3.5687797,62.036003,3.3349428
6.62,0.35475507,1.164137,3.565444,62.01941,3.344196
6.63,0.35556754,1.1671351,3.5621033,62.00277,3.353468
6.64,0.3563819,1.1701458,3.5587587,61.986107,3.3627586
6.65,0.35719845,1.17316,3.5554092,61.969387,3.3720684
6.66,0.35801706,1.1761844,3.552054,61.952618,3.3813958
6.67,0.3588383,1.1792146,3.5486946,61.935856,3.3907425
6.68,0.35966092,1.1822512,3.5453308,61.91902,3.4001074
6.69,0.36048663,1.1852986,3.5419621,61.902184,3.4094927
6.7,0.36131397,1.1883492,3.5385892,61.8853,3.4188938
6.71,0.36214337,1.1914082,3.535213,61.868347,3.4283152
6.72,0.36297524,1.1944745,3.5318308,61.851418,3.4377553
6.73,0.3638096,1.1975482,3.5284443,61.834427,3.4472148
6.74,0.36464578,1.2006314,3.5250545,61.81742,3.4566913
6.75,0.36548403,1.2037182,3.5216596,61.800346,3.466189
6.76,0.36632508,1.2068181,3.5182595,61.78323,3.4757044
6.77,0.3671679,1.2099239,3.514854,61.766106,3.4852395
6.78,0.3680131,1.2130322,3.511445,61.74893,3.4947932
6.79,0.36886042,1.2161531,3.5080316,61.73174,3.504366
6.8,0.36971012,1.2192819,3.5046132,61.714485,3.5139575
6.81,0.37056226,1.2224153,3.5011904,61.697205,3.5235696
6.82,0.3714165,1.2255602,3.4977634,61.679905,3.5331986
6.83,0.37227294,1.2287091,3.4943318,61.66256,3.5428474
6.84,0.37313202,1.2318671,3.4908955,61.645172,3.552517
6.85,0.37399286,1.2350328,3.4874558,61.627758,3.562203
6.86,0.37485632,1.2382085,3.4840095,61.610287,3.5719118
6.87,0.37572232,1.2413862,3.4805593,61.59282,3.5816371
6.88,0.37659013,1.244576,3.4771037,61.575287,3.591383
6.89,0.3774604,1.2477727,3.4736457,61.557728,3.601149
6.9,0.37833297,1.2509778,3.4701817,61.54014,3.6109338
6.91,0.37920827,1.2541909,3.4667141,61.52247,3.6207366
6.92,0.3800856,1.2574117,3.4632406,61.504818,3.6305616
6.93,0.3809652,1.2606409,3.4597638,61.48711,3.640405
6.94,0.38184756,1.2638735,3.4562812,61.46936,3.6502683
6.95,0.3827319,1.267117,3.452794,61.451584,3.6601508
6.96,0.38361824,1.2703693,3.4493032,61.43375,3.6700518
6.97,0.38450775,1.2736315,3.4458086,61.41591,3.679974
6.98,0.38539973,1.2768989,3.442308,61.398003,3.689916
6.99,0.38629347,1.2801751,3.4388027,61.380085,3.699878
7.0,0.3871895,1.2834578,3.435294,61.36211,3.7098596
7.01,0.3880886,1.2867508,3.4317806,61.34412,3.7198603
7.02,0.38898987,1.2900538,3.428261,61.326057,3.729883
7.03,0.3898932,1.2933602,3.4247391,61.30796,3.7399244
7.04,0.3907994,1.2966778,3.4212108,61.289856,3.7499857
7.05,0.39170787,1.3000023,3.417679,61.271698,3.7600675
7.06,0.392619,1.3033363,3.4141428,61.253517,3.770168
7.07,0.3935323,1.3066763,3.4106014,61.23528,3.7802894
7.08,0.39444786,1.3100234,3.4070559,61.217003,3.790431
7.09,0.39536604,1.3133821,3.4035056,61.198696,3.8005943
7.1,0.39628688,1.3167474,3.399951,61.180363,3.8107755
7.11,0.3972102,1.3201269,3.396392,61.161964,3.8209777
7.12,0.3981357,1.3235054,3.3928287,61.143555,3.831201
7.13,0.399064,1.3268973,3.38926,61.1251,3.8414438
7.14,0.39999443,1.3302951,3.3856869,61.106594,3.8517067
7.15,0.4009276,1.3337032,3.3821094,61.088066,3.8619916
7.16,0.40186337,1.3371167,3.3785274,61.06948,3.8722956
7.17,0.40280166,1.3405449,3.3749416,61.050884,3.882622
7.18,0.40374213,1.343975,3.3713505,61.032234,3.892968
7.19,0.4046853,1.3474171,3.3677545,61.01355,3.9033346
7.2,0.4056309,1.3508656,3.364154,60.99482,3.9137218
7.21,0.4065791,1.354325,3.3605497,60.976044,3.924129
7.22,0.4075301,1.3577918,3.35694,60.95724,3.9345574
7.23,0.40848342,1.3612694,3.353327,60.93839,3.945008
7.24,0.40943915,1.3647497,3.3497078,60.91951,3.955478
7.25,0.41039795,1.3682448,3.3460846,60.900593,3.9659693
7.26,0.41135886,1.3717436,3.3424578,60.88161,3.9764826
7.27,0.4123226,1.3752596,3.3388262,60.862617,3.9870148
7.28,0.4132885,1.3787754,3.3351898,60.843586,3.9975698
7.29,0.4142573,1.3823023,3.3315485,60.824497,4.008144
7.3,0.41522878,1.3858377,3.3279037,60.805378,4.018741
7.31,0.41620255,1.3893833,3.3242543,60.78622,4.0293574
7.32,0.41717908,1.392937,3.3205998,60.767006,4.039997
7.33,0.4181581,1.3964998,3.3169403,60.747784,4.050658
7.34,0.4191399,1.4000701,3.3132777,60.728493,4.0613384
7.35,0.4201247,1.4036533,3.309609,60.709183,4.072041
7.36,0.42111135,1.4072382,3.305936,60.68983,4.082765
7.37,0.42210084,1.4108366,3.3022594,60.670425,4.0935116
7.38,0.4230932,1.4144421,3.298578,60.65099,4.104278
7.39,0.4240881,1.4180588,3.2948928,60.631493,4.115066
7.4,0.4250857,1.4216847,3.291202,60.61198,4.125876
7.41,0.42608556,1.4253163,3.2875078,60.59242,4.136708
7.42,0.42708862,1.428962,3.283808,60.572815,4.147561
7.43,0.428094,1.4326116,3.280104,60.553173,4.158436
7.44,0.42910257,1.4362755,3.2763953,60.533497,4.169333
7.45,0.43011338,1.4399413,3.2726827,60.513783,4.18025
7.46,0.43112683,1.4436207,3.2689652,60.494022,4.191192
7.47,0.4321429,1.4473065,3.2652433,60.47421,4.2021537
7.48,0.43316212,1.451004,3.2615166,60.45438,4.2131376
7.49,0.43418354,1.4547102,3.257786,60.434486,4.224143
7.5,0.43520746,1.4584255,3.254051,60.414555,4.2351723
7.51,0.4362347,1.4621487,3.2503116,60.394573,4.246223
7.52,0.43726453,1.4658837,3.246567,60.374577,4.2572956
7.53,0.43829665,1.469625,3.2428179,60.35453,4.26839
7.54,0.43933216,1.4733789,3.2390654,60.334435,4.2795067
7.55,0.44036958,1.4771371,3.2353075,60.314304,4.2906446
7.56,0.44141015,1.4809097,3.231546,60.294113,4.301807
7.57,0.44245392,1.484691,3.22778,60.27391,4.31299
7.58,0.44349962,1.4884782,3.224009,60.253647,4.324196
7.59,0.44454846,1.4922787,3.2202337,60.233345,4.335424
7.6,0.44559997,1.4960852,3.216454,60.213017,4.3466744
7.61,0.4466542,1.4999031,3.2126703,60.192627,4.3579483
7.62,0.4477113,1.5037277,3.208881,60.172207,4.3692436
7.63,0.44877112,1.5075667,3.2050884,60.151737,4.3805637
7.64,0.44983348,1.5114087,3.2012908,60.13125,4.3919024
7.65,0.45089898,1.5152647,3.197489,60.11069,4.4032674
7.66,0.45196733,1.5191312,3.1936827,60.0901,4.414656
7.67,0.45303813,1.5230033,3.1898713,60.069458,4.4260654
7.68,0.45411178,1.5268886,3.1860573,60.04879,4.437496
7.69,0.4551881,1.5307802,3.1822388,60.028072,4.448953
7.7,0.45626748,1.5346824,3.1784139,60.007305,4.460431
7.71,0.4573497,1.5385952,3.174586,59.98649,4.4719324
7.72,0.4584348,1.5425193,3.170754,59.965633,4.4834557
7.73,0.4595222,1.5464485,3.1669168,59.944744,4.4950047
7.74,0.46061268,1.5503895,3.1630757,59.923847,4.5065737
7.75,0.4617064,1.5543447,3.1592298,59.90286,4.518169
7.76,0.46280208,1.5583019,3.1553795,59.881824,4.529786
7.77,0.4639013,1.5622743,3.1515255,59.86077,4.5414248
7.78,0.4650032,1.566255,3.147667,59.839684,4.5530877
7.79,0.4661077,1.5702434,3.1438036,59.818516,4.5647764
7.8,0.46721503,1.5742433,3.1399357,59.797348,4.576487
7.81,0.46832564,1.5782512,3.1360636,59.776096,4.5882206
7.82,0.4694388,1.5822712,3.1321876,59.75483,4.5999775
7.83,0.4705547,1.5863018,3.128307,59.733517,4.6117578
7.84,0.47167325,1.5903397,3.1244228,59.712135,4.623562
7.85,0.47279534,1.5943899,3.1205328,59.69074,4.6353908
7.86,0.47391984,1.5984478,3.1166394,59.6693,4.647243
7.87,0.47504738,1.6025171,3.1127422,59.647804,4.659118
7.88,0.47617778,1.6065941,3.1088398,59.626255,4.6710186
7.89,0.47731096,1.6106851,3.1049342,59.60467,4.6829414
7.9,0.47844696,1.6147854,3.1010237,59.58307,4.6948876
7.91,0.47958595,1.6188929,3.0971086,59.561398,4.706859
7.92,0.48072815,1.623013,3.0931892,59.53969,4.718854
7.93,0.48187268,1.6271398,3.0892668,59.51791,4.7308717
7.94,0.48302045,1.6312807,3.0853384,59.49612,4.742916
7.95,0.48417115,1.6354307,3.0814068,59.47428,4.754982
7.96,0.48532438,1.6395872,3.0774705,59.452396,4.7670746
7.97,0.48648053,1.6437547,3.07353,59.43047,4.7791886
7.98,0.48764053,1.6479383,3.0695844,59.40848,4.791329
7.99,0.48880276,1.6521267,3.0656357,59.38645,4.803493
8.0,0.4899675,1.6563268,3.0616832,59.36441,4.81568
8.01,0.49113622,1.660536,3.0577254,59.342278,4.8278956
8.02,0.49230665,1.6647561,3.0537632,59.320133,4.8401337
8.03,0.4934808,1.6689851,3.0497973,59.297928,4.8523936
8.04,0.49465778,1.6732271,3.0458276,59.275684,4.8646803
8.05,0.49583733,1.6774805,3.041854,59.253403,4.8769913
8.06,0.49702024,1.6817434,3.037875,59.23106,4.8893266
8.07,0.49820602,1.6860132,3.033893,59.208694,4.9016857
8.08,0.49939457,1.6902959,3.0299063,59.186268,4.914071
8.09,0.5005863,1.6945882,3.0259144,59.163807,4.926481
8.1,0.5017809,1.6988924,3.0219188,59.141285,4.9389176
8.11,0.5029779,1.7032017,3.0179195,59.118725,4.9513745
8.12,0.504179,1.7075279,3.013917,59.096123,4.9638586
8.13,0.50538236,1.7118635,3.0099084,59.073483,4.9763684
8.14,0.5065887,1.7162085,3.0058968,59.05078,4.9889007
8.15,0.5077982,1.7205639,3.001882,59.028053,5.00146
8.16,0.5090104,1.7249285,2.997861,59.005257,5.0140452
8.17,0.51022595,1.7293055,2.9938374,58.98243,5.0266533
8.18,0.5114446,1.7336953,2.9898093,58.959545,5.0392885
8.19,0.512666,1.7380908,2.9857771,58.936634,5.051948
8.2,0.5138906,1.7424984,2.9817407,58.913654,5.0646324
8.21,0.51511765,1.7469193,2.9777005,58.890644,5.0773435
8.22,0.51634824,1.7513465,2.9736564,58.86759,5.0900774
8.23,0.5175817,1.7557886,2.969607,58.844486,5.1028395
8.24,0.51881826,1.7602384,2.9655547,58.821346,5.1156263
8.25,0.52005786,1.7647016,2.9614992,58.798138,5.1284356
8.26,0.5213002,1.7691771,2.9574366,58.774895,5.1412745
8.27,0.5225458,1.77366,2.9533725,58.751595,5.1541376
8.28,0.5237944,1.778156,2.949304,58.72828,5.167025
8.29,0.52504575,1.7826617,2.9452293,58.704887,5.1799393
8.3,0.5263006,1.7871747,2.9411533,58.68146,5.192878
8.31,0.5275584,1.7917008,2.937073,58.65799,5.2058434
8.32,0.52881896,1.7962385,2.9329882,58.63448,5.2188344
8.33,0.53008276,1.8007882,2.9289,58.610905,5.2318497
8.34,0.53134984,1.8053484,2.9248066,58.587303,5.2448945
8.35,0.5326197,1.8099174,2.920709,58.56362,5.257963
8.36,0.53389245,1.814498,2.9166079,58.53993,5.271057
8.37,0.5351687,1.8190942,2.9125047,58.51618,5.2841763
8.38,0.5364479,1.8236982,2.9083953,58.492382,5.2973228
8.39,0.53773016,1.8283122,2.9042823,58.468536,5.3104963
8.4,0.53901535,1.8329356,2.9001663,58.444626,5.323696
8.41,0.54030365,1.8375735,2.8960474,58.420696,5.336918
8.42,0.54159534,1.8422236,2.8919227,58.396717,5.3501706
8.43,0.5428899,1.8468796,2.8877947,58.37267,5.3634467
8.44,0.5441874,1.8515518,2.883662,58.3486,5.3767505
8.45,0.5454882,1.8562359,2.8795264,58.324467,5.390081
8.46,0.54679215,1.8609282,2.875387,58.300297,5.4034367
8.47,0.5480988,1.8656304,2.871244,58.276085,5.416818
8.48,0.5494091,1.8703461,2.8670957,58.25181,5.4302278
8.49,0.5507224,1.8750739,2.8629448,58.22749,5.443662
8.5,0.5520389,1.8798106,2.8587897,58.203125,5.4571238
8.51,0.5533581,1.8845617,2.8546302,58.178722,5.470611
8.52,0.5546807,1.8893198,2.8504682,58.15425,5.484126
8.53,0.5560062,1.8940933,2.8463018,58.12973,5.4976664
8.54,0.5573354,1.898877,2.842131,58.10518,5.5112343
8.55,0.5586674,1.903674,2.8379567,58.080597,5.5248294
8.56,0.56000257,1.9084795,2.8337784,58.05593,5.53845
8.57,0.5613408,1.9132986,2.829598,58.03124,5.552099
8.58,0.56268245,1.918128,2.8254125,58.00649,5.5657725
8.59,0.5640272,1.9229681,2.821223,57.981705,5.5794744
8.6,0.56537515,1.9278197,2.8170304,57.956844,5.593203
8.61,0.5667261,1.9326869,2.812834,57.931957,5.606959
8.62,0.56808007,1.9375622,2.8086343,57.90702,5.62074
8.63,0.56943774,1.9424498,2.8044298,57.882023,5.63455
8.64,0.57079804,1.9473479,2.8002234,57.85701,5.6483865
8.65,0.57216203,1.9522612,2.7960124,57.83191,5.662249
8.66,0.5735289,1.9571829,2.7917972,57.806786,5.6761384
8.67,0.5748992,1.9621177,2.7875783,57.78161,5.6900554
8.68,0.57627255,1.9670665,2.7833574,57.75637,5.703999
8.69,0.5776489,1.9720199,2.7791312,57.731102,5.7179723
8.7,0.57902855,1.9769914,2.7749012,57.70577,5.7319694
8.71,0.5804115,1.9819729,2.7706697,57.680393,5.745997
8.72,0.5817981,1.9869671,2.7664325,57.65497,5.7600493
8.73,0.58318746,1.9919744,2.7621934,57.629517,5.774128
8.74,0.5845805,1.9969921,2.7579489,57.603973,5.7882366
8.75,0.5859762,2.0020218,2.7537024,57.57842,5.802372
8.76,0.58737516,2.00706,2.7494514,57.552803,5.816535
8.77,0.5887773,2.0121138,2.7451975,57.527126,5.8307266
8.78,0.5901838,2.0171862,2.7409403,57.501404,5.844941
8.79,0.59159243,2.0222626,2.7366786,57.475636,5.8591886
8.8,0.59300464,2.027352,2.7324138,57.449814,5.873461
8.81,0.59442025,2.0324516,2.7281458,57.42395,5.8877606
8.82,0.5958387,2.0375686,2.7238746,57.398052,5.902087
8.83,0.5972611,2.0426934,2.7195995,57.37208,5.916444
8.84,0.59868616,2.0478327,2.7153194,57.346066,5.9308276
8.85,0.6001151,2.0529842,2.7110388,57.320004,5.945236
8.86,0.6015472,2.0581517,2.7067542,57.2939,5.959676
8.87,0.602982,2.0633233,2.7024658,57.26774,5.974141
8.88,0.604421,2.068512,2.698174,57.241528,5.988635
8.89,0.60586274,2.0737147,2.6938782,57.215263,6.003158
8.9,0.607308,2.07893,2.68958,57.188984,6.017706
8.91,0.6087565,2.0841548,2.6852775,57.162617,6.0322847
8.92,0.61020875,2.0893912,2.6809723,57.136204,6.046889
8.93,0.6116635,2.09464,2.676663,57.109734,6.0615225
8.94,0.61312187,2.099904,2.6723516,57.08324,6.076183
8.95,0.61458397,2.1051812,2.6680365,57.056667,6.0908713
8.96,0.616049,2.1104665,2.6637177,57.030056,6.1055903
8.97,0.61751777,2.1157684,2.659395,57.003418,6.120335
8.98,0.61898965,2.1210814,2.6550708,56.976696,6.135107
8.99,0.620465,2.1264079,2.6507425,56.94994,6.149908
9.0,0.62194365,2.131747,2.6464112,56.923122,6.1647387
9.01,0.62342596,2.1370997,2.6420755,56.896267,6.179598
9.02,0.6249114,2.1424646,2.6377385,56.86936,6.1944833
9.03,0.6264004,2.1478422,2.6333976,56.842396,6.209398
9.04,0.6278924,2.153233,2.6290524,56.81537,6.224337
9.05,0.62938845,2.1586368,2.6247056,56.78832,6.23931
9.06,0.63088745,2.1640522,2.6203554,56.761192,6.2543097
9.07,0.6323898,2.169479,2.6160028,56.734047,6.269334
9.08,0.6338957,2.1749232,2.6116457,56.706837,6.284388
9.09,0.6354051,2.1803787,2.6072855,56.67956,6.299473
9.1,0.6369181,2.1858497,2.6029234,56.652245,6.3145885
9.11,0.6384345,2.191331,2.598557,56.62488,6.3297257
9.12,0.6399545,2.1968231,2.5941875,56.59746,6.3448935
9.13,0.6414774,2.202332,2.589816,56.570007,6.360091
9.14,0.643004,2.2078526,2.5854409,56.542492,6.3753204
9.15,0.64453435,2.2133873,2.5810633,56.514904,6.3905716
9.16,0.64606774,2.218935,2.5766826,56.487274,6.4058547
9.17,0.6476046,2.2244961,2.572299,56.459606,6.4211698
9.18,0.6491458,2.2300735,2.567911,56.4319,6.436507
9.19,0.65068907,2.2356577,2.5635223,56.40413,6.4518747
9.2,0.6522366,2.2412581,2.5591307,56.376274,6.4672728
9.21,0.65378815,2.2468746,2.5547342,56.348408,6.482699
9.22,0.65534276,2.252503,2.5503354,56.32046,6.4981537
9.23,0.65690076,2.2581453,2.5459352,56.292477,6.513635
9.24,0.6584624,2.2638001,2.5415306,56.26445,6.5291495
9.25,0.6600275,2.2694695,2.537124,56.236374,6.544691
9.26,0.6615961,2.2751522,2.5327153,56.208233,6.56026
9.27,0.66316867,2.280852,2.5283017,56.180035,6.575859
9.28,0.6647444,2.286559,2.5238867,56.151806,6.5914855
9.29,0.6663237,2.2922847,2.5194683,56.123512,6.6071405
9.3,0.6679067,2.2980201,2.5150483,56.095165,6.622824
9.31,0.66949326,2.3037705,2.510624,56.066772,6.6385393
9.32,0.6710832,2.3095345,2.506199,56.038322,6.654282
9.33,0.6726769,2.3153198,2.5017695,56.00982,6.6700535
9.34,0.6742746,2.321112,2.4973383,55.981277,6.6858554
9.35,0.67587554,2.3269205,2.492904,55.952656,6.7016835
9.36,0.67747974,2.3327405,2.4884675,55.924004,6.7175417
9.37,0.6790881,2.3385751,2.4840279,55.895294,6.7334285
9.38,0.6807,2.344428,2.4795866,55.866547,6.7493443
9.39,0.68231505,2.3502905,2.4751425,55.837723,6.76529
9.4,0.68393415,2.3561668,2.4706945,55.808865,6.7812634
9.41,0.685557,2.3620634,2.4662452,55.779922,6.7972703
9.42,0.687183,2.3679664,2.4617932,55.750946,6.8133006
9.43,0.6888133,2.3738904,2.4573376,55.72193,6.829364
9.44,0.690447,2.3798223,2.4528813,55.692852,6.8454523
9.45,0.69208425,2.3857758,2.4484224,55.663727,6.8615737
9.46,0.69372576,2.3917427,2.4439588,55.634537,6.877725
9.47,0.69537014,2.397719,2.439495,55.6053,6.893903
9.48,0.69701874,2.403717,2.4350274,55.57601,6.910109
9.49,0.6986706,2.4097219,2.4305582,55.54667,6.926347
9.5,0.7003266,2.4157462,2.4260871,55.51727,6.942613
9.51,0.701986,2.4217846,2.4216125,55.487827,6.9589067
9.52,0.70364934,2.4278347,2.4171364,55.458344,6.9752326
9.53,0.7053169,2.433908,2.412658,55.42877,6.9915867
9.54,0.7069877,2.4399872,2.408177,55.399162,7.0079684
9.55,0.7086618,2.4460847,2.403693,55.369495,7.0243855
9.56,0.71034074,2.4522018,2.3992076,55.33977,7.0408263
9.57,0.71202236,2.4583256,2.3947213,55.31,7.0572953
9.58,0.71370834,2.4644692,2.3902307,55.280174,7.0737953
9.59,0.71539795,2.4706252,2.3857377,55.25029,7.0903277
9.6,0.71709156,2.476799,2.3812432,55.22036,7.106889
9.61,0.71878856,2.482986,2.3767474,55.19037,7.123477
9.62,0.72048974,2.4891896,2.372249,55.16035,7.1400933
9.63,0.72219455,2.4954052,2.3677483,55.130245,7.1567416
9.64,0.7239032,2.5016425,2.3632448,55.100113,7.1734214
9.65,0.72561574,2.5078926,2.35874,55.069912,7.190125
9.66,0.7273321,2.514158,2.3542335,55.03965,7.2068624
9.67,0.7290523,2.5204353,2.3497238,55.009354,7.2236304
9.68,0.7307765,2.526737,2.345213,54.978985,7.2404275
9.69,0.7325047,2.5330458,2.3407006,54.948566,7.257251
9.7,0.73423594,2.539372,2.3361855,54.91809,7.2741075
9.71,0.735972,2.545715,2.331668,54.88758,7.2909923
9.72,0.7377114,2.5520763,2.3271482,54.856976,7.307909
9.73,0.73945487,2.5584476,2.322628,54.82634,7.32485
9.74,0.7412023,2.5648422,2.3181064,54.795673,7.341824
9.75,0.74295336,2.5712478,2.313581,54.764904,7.3588266
9.76,0.7447089,2.5776734,2.3090544,54.73409,7.375862
9.77,0.74646825,2.584113,2.304526,54.703262,7.3929243
9.78,0.7482311,2.5905654,2.2999966,54.672348,7.4100165
9.79,0.74999803,2.5970402,2.2954645,54.641396,7.4271398
9.8,0.75176924,2.6035259,2.290931,54.610394,7.44429
9.81,0.75354445,2.6100304,2.2863955,54.579308,7.461473
9.82,0.7553229,2.6165476,2.2818587,54.548183,7.478685
9.83,0.75710624,2.6230898,2.2773204,54.516987,7.495928
9.84,0.7588928,2.629635,2.2727802,54.485764,7.5131993
9.85,0.7606838,2.6362114,2.2682378,54.45448,7.530499
9.86,0.76247835,2.6427941,2.2636945,54.423115,7.5478306
9.87,0.7642773,2.6493964,2.259149,54.39173,7.565192
9.88,0.7660804,2.656017,2.254603,54.360252,7.5825825
9.89,0.7678876,2.662655,2.2500541,54.328743,7.6000047
9.9,0.76969844,2.6693096,2.2455041,54.297157,7.617454
9.91,0.7715136,2.6759765,2.2409534,54.26556,7.6349354
9.92,0.7733325,2.6826656,2.2364001,54.233868,7.6524467
9.93,0.77515566,2.6893704,2.231845,54.20213,7.669988
9.94,0.77698284,2.6960902,2.2272904,54.170345,7.687557
9.95,0.77881426,2.7028303,2.2227333,54.13848,7.7051606
9.96,0.7806497,2.7095845,2.2181742,54.106594,7.722791
9.97,0.7824898,2.7163613,2.2136142,54.074642,7.7404532
9.98,0.78433263,2.7231503,2.2090542,54.04262,7.758141
9.99,0.78618085,2.729957,2.2044904,54.010555,7.7758656
10.0,0.7880324,2.7367852,2.1999269,53.97842,7.7936177
10.01,0.7898886,2.7436285,2.195362,53.94624,7.8113947
10.02,0.7917485,2.750485,2.1907954,53.91399,7.829209
10.03,0.7936128,2.7573674,2.1862268,53.881683,7.8470497
10.04,0.79548097,2.76426,2.1816585,53.84936,7.864924
10.05,0.79735345,2.7711735,2.1770885,53.816925,7.882828
10.06,0.79923075,2.7781086,2.1725173,53.78449,7.900758
10.07,0.80111164,2.785057,2.1679451,53.751953,7.9187183
10.08,0.8029968,2.792024,2.1633716,53.719387,7.9367137
10.09,0.80488604,2.7990127,2.1587965,53.686737,7.954737
10.1,0.8067798,2.8060176,2.1542213,53.65406,7.97279
10.11,0.8086771,2.8130376,2.1496446,53.621304,7.990875
10.12,0.8105796,2.820082,2.1450677,53.5885,8.008986
10.13,0.8124855,2.827137,2.140488,53.55565,8.027135
10.14,0.81439644,2.834215,2.1359086,53.522728,8.045308
10.15,0.81631106,2.841313,2.1313293,53.48975,8.063513
10.16,0.8182298,2.848427,2.1267471,53.456726,8.081748
10.17,0.8201532,2.8555615,2.1221647,53.42365,8.100015
10.18,0.82208115,2.8627152,2.117582,53.390495,8.11831
10.19,0.8240127,2.869887,2.1129978,53.357304,8.136636
10.2,0.8259494,2.877075,2.108413,53.32404,8.154996
10.21,0.8278889,2.8842795,2.103827,53.29074,8.173383
10.22,0.8298344,2.8915138,2.0992408,53.257362,8.191802
10.23,0.8317831,2.8987586,2.0946546,53.223938,8.210248
10.24,0.8337369,2.906024,2.0900657,53.19045,8.228727
10.25,0.8356944,2.9133124,2.0854776,53.156895,8.247237
10.26,0.8376567,2.9206169,2.080888,53.123287,8.265778
10.27,0.83962315,2.9279437,2.0762985,53.089645,8.2843485
10.28,0.8415939,2.935288,2.0717082,53.055923,8.302952
10.29,0.8435693,2.9426532,2.0671177,53.022152,8.321581
10.3,0.8455488,2.9500334,2.0625257,52.988323,8.340243
10.31,0.847533,2.95744,2.0579333,52.95443,8.358941
10.32,0.84952176,2.9648607,2.0533414,52.920494,8.377661
10.33,0.8515143,2.9723063,2.048748,52.886482,8.396417
10.34,0.8535118,2.9797688,2.0441544,52.85241,8.415203
10.35,0.85551304,2.987249,2.0395603,52.818287,8.434018
10.36,0.8575191,2.9947538,2.0349672,52.784126,8.452861
10.37,0.85952985,3.0022795,2.0303714,52.749905,8.471741
10.38,0.8615449,3.0098236,2.0257764,52.715588,8.490651
10.39,0.8635645,3.0173893,2.0211813,52.68126,8.509584
10.4,0.8655889,3.0249736,2.016585,52.646835,8.528557
10.41,0.8676169,3.0325754,2.0119896,52.61239,8.547557
10.42,0.86964965,3.040201,2.0073938,52.57784,8.566588
10.43,0.8716876,3.0478504,2.0027966,52.543278,8.585652
10.44,0.87372875,3.0555167,1.9982016,52.508625,8.604739
10.45,0.87577564,3.0632062,1.9936032,52.473923,8.623866
10.46,0.8778263,3.0709138,1.9890077,52.43915,8.643021
10.47,0.8798818,3.0786462,1.9844099,52.404346,8.662207
10.48,0.88194174,3.0863984,1.9798137,52.369473,8.681421
10.49,0.88400644,3.0941675,1.9752162,52.334522,8.700669
10.5,0.8860759,3.1019661,1.970619,52.29954,8.719947
10.51,0.8881493,3.1097798,1.9660214,52.26449,8.739258
10.52,0.890228,3.1176155,1.9614247,52.22938,8.758599
10.53,0.8923107,3.1254747,1.9568275,52.194214,8.777967
10.54,0.8943984,3.1333578,1.9522302,52.158985,8.797369
10.55,0.89649004,3.1412575,1.9476335,52.123707,8.816803
10.56,0.898587,3.1491814,1.9430368,52.088352,8.836265
10.57,0.90068835,3.1571293,1.9384406,52.052956,8.855758
10.58,0.9027946,3.1650987,1.9338442,52.01751,8.875286
10.59,0.90490496,3.1730886,1.9292476,51.98198,8.894843
10.6,0.9070203,3.1810994,1.9246511,51.946392,8.914435
10.61,0.9091399,3.1891332,1.920056,51.91076,8.934048
10.62,0.91126424,3.1971889,1.9154606,51.875088,8.953703
10.63,0.9133936,3.205272,1.9108654,51.839317,8.973383
10.64,0.91552776,3.2133708,1.9062711,51.803497,8.993094
10.65,0.91766566,3.221493,1.9016762,51.767628,9.012839
10.66,0.9198095,3.229644,1.8970824,51.731697,9.032612
10.67,0.9219575,3.2378135,1.8924891,51.69573,9.05242
10.68,0.92411,3.246003,1.887896,51.659664,9.072259
10.69,0.9262672,3.254217,1.8833041,51.623547,9.092124
10.7,0.92842954,3.262459,1.8787116,51.587387,9.112027
10.71,0.93059653,3.270718,1.8741198,51.55115,9.131959
10.72,0.9327678,3.279004,1.8695292,51.51486,9.151917
10.73,0.9349437,3.2873123,1.8649392,51.478508,9.171909
10.74,0.93712515,3.2956462,1.8603499,51.44212,9.191936
10.75,0.93931115,3.3040006,1.8557597,51.405636,9.211991
10.76,0.9415017,3.3123782,1.851172,51.369125,9.232078
10.77,0.9436973,3.320784,1.846585,51.332546,9.252195
10.78,0.94589716,3.3292043,1.8419976,51.295902,9.272345
10.79,0.948102,3.3376567,1.837412,51.2592,9.292526
10.8,0.95031184,3.3461301,1.8328265,51.222435,9.312738
10.81,0.9525268,3.3546274,1.8282415,51.18561,9.332983
10.82,0.9547461,3.3631516,1.8236582,51.14873,9.353258
10.83,0.95696986,3.371692,1.8190752,51.111794,9.373566
10.84,0.95919955,3.3802624,1.8144933,51.074802,9.393903
10.85,0.9614331,3.3888566,1.8099124,51.03773,9.414273
10.86,0.9636719,3.3974745,1.8053324,51.00062,9.434673
10.87,0.9659155,3.4061184,1.800754,50.963436,9.455104
10.88,0.968164,3.4147875,1.7961758,50.926212,9.475566
10.89,0.9704172,3.4234765,1.7915989,50.888916,9.496061
10.9,0.97267526,3.4321947,1.7870234,50.85154,9.516585
10.91,0.9749383,3.4409325,1.7824485,50.81412,9.537146
10.92,0.97720695,3.449705,1.777875,50.776646,9.557731
10.93,0.97947943,3.4584928,1.773303,50.739124,9.578354
10.94,0.9817574,3.467315,1.7687322,50.701538,9.599004
10.95,0.9840403,3.4761527,1.7641618,50.663876,9.619689
10.96,0.98632777,3.485019,1.7595931,50.62615,9.640407
10.97,0.9886204,3.4939153,1.7550254,50.58837,9.661152
10.98,0.9909177,3.5028312,1.7504598,50.550552,9.681924
10.99,0.9932202,3.5117755,1.7458957,50.51267,9.702734
11.0,0.99552774,3.5207396,1.7413318,50.474686,9.723579
11.01,0.9978403,3.529734,1.7367697,50.436672,9.744451
11.02,1.0001571,3.5387542,1.7322086,50.3986,9.765354
11.03,1.0024799,3.5478013,1.7276502,50.360474,9.786289
11.04,1.0048071,3.5568757,1.723092,50.322277,9.807257
11.05,1.0071398,3.5659711,1.7185363,50.284023,9.828253
11.06,1.0094768,3.575096,1.7139807,50.24571,9.849286
11.07,1.011819,3.584247,1.709429,50.207333,9.870343
11.08,1.014166,3.5934215,1.7048782,50.168926,9.8914385
11.09,1.0165181,3.602623,1.7003278,50.13042,9.912563
11.1,1.0188758,3.6118531,1.6957796,50.091873,9.933721
11.11,1.021238,3.621107,1.691233,50.053253,9.9549055
11.12,1.023605,3.6303873,1.686688,50.014576,9.976128
11.13,1.0259776,3.6396945,1.6821452,49.975834,9.997378
11.14,1.0283552,3.6490307,1.6776037,49.93705,10.018661
11.15,1.0307374,3.6583924,1.6730642,49.8982,10.039974
11.16,1.0331249,3.6677802,1.6685272,49.85929,10.061317
11.17,1.0355178,3.6771984,1.6639909,49.820335,10.082696
11.18,1.037915,3.686637,1.6594574,49.7813,10.104103
11.19,1.0403177,3.696105,1.6549262,49.742207,10.125541
11.2,1.0427256,3.7056036,1.6503963,49.70305,10.147015
11.21,1.0451385,3.715126,1.6458673,49.663834,10.16852
11.22,1.0475565,3.7246766,1.6413418,49.624577,10.190055
11.23,1.0499794,3.7342546,1.636818,49.585247,10.211621
11.24,1.0524076,3.7438612,1.6322956,49.54584,10.233215
11.25,1.0548406,3.7534912,1.6277766,49.506393,10.2548485
11.26,1.0572797,3.763155,1.6232586,49.466896,10.276509
11.27,1.0597228,3.7728417,1.6187425,49.427326,10.298204
11.28,1.0621716,3.7825563,1.6142303,49.387695,10.319924
11.29,1.0646255,3.7923021,1.609719,49.348003,10.34168
11.3,1.0670843,3.8020728,1.60521,49.30825,10.363469
11.31,1.0695481,3.8118694,1.6007035,49.268448,10.385286
11.32,1.0720173,3.8216968,1.5961995,49.228577,10.407135
11.33,1.0744916,3.831554,1.591697,49.188663,10.429018
11.34,1.0769715,3.8414395,1.5871974,49.14867,10.450932
11.35,1.0794561,3.8513477,1.5827003,49.108612,10.4728775
11.36,1.0819459,3.8612895,1.5782058,49.068516,10.494854
11.37,1.0844411,3.871259,1.573714,49.028347,10.516857
11.38,1.0869411,3.881251,1.5692239,48.988113,10.5389
11.39,1.0894464,3.8912776,1.5647367,48.947826,10.560971
11.4,1.0919567,3.9013307,1.5602518,48.907482,10.583071
11.41,1.0944729,3.9114149,1.5557698,48.86709,10.605207
11.42,1.0969937,3.9215233,1.5512897,48.826622,10.627374
11.43,1.0995202,3.931662,1.5468129,48.786095,10.649571
11.44,1.1020509,3.9418314,1.5423386,48.745514,10.671797
11.45,1.1045877,3.9520266,1.5378674,48.70485,10.694056
11.46,1.1071298,3.9622521,1.5333978,48.664158,10.716352
11.47,1.1096767,3.9725087,1.5289314,48.623413,10.738671
11.48,1.1122286,3.9827902,1.5244695,48.582573,10.761022
11.49,1.1147864,3.9931026,1.5200087,48.5417,10.783408
11.5,1.117349,4.0034437,1.5155503,48.500744,10.805824
11.51,1.119917,4.0138173,1.5110964,48.459774,10.828273
11.52,1.12249,4.024214,1.506644,48.4187,10.850751
11.53,1.1250685,4.0346475,1.5021955,48.377586,10.87326
11.54,1.1276524,4.045104,1.4977494,48.336403,10.895801
11.55,1.1302418,4.0555954,1.493306,48.29517,10.91838
11.56,1.1328359,4.0661106,1.4888655,48.25386,10.940982
11.57,1.1354349,4.0766582,1.4844297,48.212517,10.963615
11.58,1.1380396,4.0872355,1.4799955,48.1711,10.986284
11.59,1.1406497,4.097843,1.4755646,48.129627,11.008984
11.6,1.1432654,4.108479,1.4711361,48.08809,11.031715
11.61,1.1458856,4.119147,1.4667125,48.046516,11.054473
11.62,1.1485121,4.1298413,1.4622912,48.004864,11.077265
11.63,1.1511431,4.140567,1.4578736,47.963165,11.10009
11.64,1.1537794,4.15132,1.453458,47.921402,11.122942
11.65,1.1564213,4.162109,1.449047,47.879547,11.145826
11.66,1.1590683,4.172925,1.444639,47.837673,11.168744
11.67,1.161721,4.1837697,1.4402336,47.795727,11.191695
11.68,1.1643784,4.1946483,1.4358332,47.753735,11.214674
11.69,1.1670414,4.2055526,1.431435,47.71166,11.237679
11.7,1.16971,4.2164907,1.4270408,47.669544,11.260719
11.71,1.1723834,4.2274585,1.4226495,47.627373,11.283792
11.72,1.1750627,4.2384534,1.4182622,47.58513,11.306897
11.73,1.1777468,4.249482,1.413879,47.542835,11.330026
11.74,1.1804366,4.2605386,1.4094977,47.50048,11.353195
11.75,1.1831316,4.271629,1.4051212,47.45808,11.376388
11.76,1.185832,4.2827506,1.4007477,47.41559,11.399614
11.77,1.1885376,4.293898,1.3963785,47.373077,11.422874
11.78,1.1912484,4.3050785,1.3920133,47.33048,11.446163
11.79,1.1939648,4.31629,1.3876508,47.28783,11.469484
11.8,1.1966869,4.3275347,1.3832928,47.24513,11.492832
11.81,1.1994132,4.338803,1.3789384,47.20237,11.5162115
11.82,1.2021458,4.3501086,1.3745877,47.15955,11.539623
11.83,1.2048843,4.3614435,1.3702402,47.116665,11.563068
11.84,1.2076274,4.372808,1.3658978,47.07374,11.586543
11.85,1.2103764,4.3842077,1.3615584,47.030743,11.610045
11.86,1.2131294,4.395633,1.3572239,46.9877,11.633576
11.87,1.2158889,4.40709,1.352893,46.944595,11.657144
11.88,1.2186538,4.4185815,1.3485652,46.90143,11.680741
11.89,1.2214239,4.4301066,1.3442422,46.858208,11.704367
11.9,1.2241992,4.441656,1.339923,46.814896,11.728023
11.91,1.2269802,4.453242,1.3356088,46.77158,11.751708
11.92,1.229766,4.4648557,1.3312975,46.728184,11.775427
11.93,1.2325581,4.476501,1.3269907,46.684723,11.79918
11.94,1.2353551,4.488185,1.3226882,46.641228,11.822955
11.95,1.2381579,4.4998918,1.3183899,46.59764,11.846762
11.96,1.2409657,4.5116353,1.3140961,46.554005,11.870604
11.97,1.243779,4.523406,1.309806,46.51033,11.89448
11.98,1.2465975,4.5352106,1.3055208,46.4666,11.918376
11.99,1.2494212,4.547044,1.30124,46.42281,11.942304
12.0,1.2522513,4.5589137,1.2969625,46.37894,11.96627
12.01,1.2550863,4.5708175,1.2926905,46.335045,11.990261
12.02,1.2579272,4.582749,1.2884227,46.29106,12.014281
12.03,1.2607725,4.5947113,1.2841597,46.247032,12.038335
12.04,1.263624,4.606706,1.2799007,46.202957,12.062413
12.05,1.2664808,4.618737,1.2756463,46.15881,12.086523
12.06,1.2693433,4.6307964,1.2713957,46.114616,12.110669
12.07,1.2722106,4.6428857,1.2671515,46.070366,12.134838
12.08,1.2750831,4.655009,1.2629099,46.02605,12.15904
12.09,1.277961,4.6671615,1.2586741,45.981697,12.183276
12.1,1.2808456,4.6793537,1.2544426,45.93728,12.207537
12.11,1.283735,4.691575,1.2502166,45.892807,12.231828
12.12,1.2866302,4.7038264,1.2459944,45.84826,12.25615
12.13,1.2895302,4.7161107,1.241777,45.80368,12.280502
12.14,1.2924361,4.7284303,1.2375649,45.759033,12.304882
12.15,1.2953475,4.7407813,1.2333573,45.71433,12.329292
12.16,1.2982644,4.7531624,1.2291545,45.669563,12.353738
12.17,1.3011858,4.7655787,1.2249568,45.62476,12.378207
12.18,1.3041136,4.7780247,1.2207636,45.579876,12.402706
12.19,1.3070464,4.7905035,1.2165761,45.534958,12.4272375
12.2,1.3099856,4.803016,1.2123929,45.489983,12.4517975
12.21,1.3129294,4.815566,1.2082154,45.44496,12.476385
12.22,1.3158789,4.8281417,1.2040421,45.399857,12.501005
12.23,1.318834,4.8407555,1.199875,45.354713,12.525651
12.24,1.3217945,4.8533993,1.1957116,45.309517,12.550328
12.25,1.3247603,4.866076,1.1915543,45.26426,12.575034
12.26,1.3277322,4.878785,1.1874015,45.21894,12.599774
12.27,1.3307096,4.8915334,1.1832542,45.173557,12.624543
12.28,1.3336915,4.9043064,1.1791127,45.12815,12.649334
12.29,1.33668,4.9171157,1.1749762,45.082676,12.674153
12.3,1.3396735,4.9299593,1.1708448,45.03716,12.699011
12.31,1.3426728,4.942836,1.1667185,44.991547,12.723891
12.32,1.3456776,4.9557395,1.1625972,44.945927,12.748809
12.33,1.3486875,4.968687,1.1584821,44.90022,12.773744
12.34,1.3517029,4.981663,1.1543727,44.854454,12.798711
12.35,1.3547248,4.9946733,1.1502674,44.80866,12.823715
12.36,1.357751,5.0077124,1.146168,44.762787,12.84874
12.37,1.360783,5.02079,1.1420752,44.716885,12.873794
12.38,1.3638213,5.0338993,1.1379862,44.670918,12.898881
12.39,1.3668647,5.047043,1.1339039,44.624878,12.923995
12.4,1.3699132,5.0602174,1.1298267,44.57882,12.94914
12.41,1.372968,5.073431,1.1257552,44.532677,12.974312
12.42,1.3760272,5.086674,1.1216906,44.486507,12.999509
12.43,1.3790929,5.0999575,1.1176299,44.440266,13.024739
12.44,1.3821641,5.1132636,1.1135751,44.39398,13.049996
12.45,1.3852408,5.1266084,1.109527,44.34763,13.075285
12.46,1.3883231,5.139992,1.105484,44.30124,13.100597
12.47,1.3914114,5.1534047,1.1014467,44.25477,13.125943
12.48,1.3945037,5.1668496,1.0974164,44.208294,13.151308
12.49,1.3976028,5.1803336,1.0933902,44.16173,13.176711
12.5,1.4007082,5.193851,1.0893706,44.115105,13.202138
12.51,1.4038185,5.2074003,1.0853572,44.06845,13.2276
12.52,1.4069335,5.220986,1.0813488,44.021736,13.253088
12.53,1.4100548,5.234605,1.0773478,43.97497,13.278591
12.54,1.4131817,5.248258,1.0733513,43.92814,13.304136
12.55,1.4163142,5.261947,1.0693619,43.88126,13.329707
12.56,1.4194524,5.2756686,1.0653778,43.83433,13.355299
12.57,1.4225959,5.2894244,1.0614,43.78735,13.380929
12.58,1.425745,5.3032117,1.057428,43.740314,13.406584
12.59,1.4288999,5.31704,1.0534626,43.69323,13.432265
12.6,1.4320612,5.330905,1.0495033,43.646095,13.45797
12.61,1.4352267,5.3447967,1.0455502,43.598907,13.483706
12.62,1.4383981,5.3587265,1.0416036,43.551666,13.509463
12.63,1.4415754,5.3726873,1.0376624,43.50437,13.535263
12.64,1.4447589,5.3866906,1.0337285,43.457035,13.56108
12.65,1.4479473,5.400724,1.0298002,43.409634,13.586928
12.66,1.4511415,5.4147944,1.025879,43.362198,13.612799
12.67,1.4543407,5.4289002,1.0219632,43.3147,13.6387
12.68,1.4575465,5.4430375,1.0180537,43.26716,13.664634
12.69,1.4607576,5.45721,1.0141518,43.219543,13.690592
12.7,1.4639745,5.4714203,1.0102553,43.17188,13.716572
12.71,1.4671972,5.4856668,1.0063653,43.12419,13.742581
12.72,1.4704251,5.499949,1.0024818,43.076416,13.768622
12.73,1.4736592,5.514264,0.99860543,43.02862,13.794689
12.74,1.4768982,5.5286107,0.9947348,42.980774,13.820779
12.75,1.4801431,5.542998,0.9908713,42.932854,13.846899
12.76,1.4833943,5.5574226,0.9870145,42.8849,13.873045
12.77,1.4866505,5.571879,0.9831633,42.83688,13.899219
12.78,1.4899126,5.586367,0.9793192,42.78882,13.925423
12.79,1.4931806,5.6009007,0.9754827,42.74072,13.951647
12.8,1.4964541,5.6154623,0.9716521,42.692574,13.9779
12.81,1.499734,5.6300635,0.9678281,42.64436,14.004179
12.82,1.5030181,5.6446977,0.96401125,42.59609,14.030487
12.83,1.5063089,5.6593723,0.960201,42.54779,14.05682
12.84,1.5096054,5.6740727,0.95639706,42.49942,14.083182
12.85,1.5129076,5.6888213,0.9526002,42.451008,14.109575
12.86,1.5162153,5.7036,0.9488114,42.40256,14.135976
12.87,1.5195287,5.7184176,0.9450283,42.35405,14.162421
12.88,1.5228474,5.7332654,0.9412521,42.305508,14.188883
12.89,1.5261728,5.748153,0.93748283,42.256866,14.215378
12.9,1.5295029,5.7630773,0.9337209,42.20825,14.241893
12.91,1.5328398,5.77804,0.92996633,42.15955,14.268438
12.92,1.5361822,5.793034,0.9262175,42.11079,14.295008
12.93,1.5395299,5.808067,0.92247623,42.06199,14.321606
12.94,1.5428835,5.8231354,0.9187424,42.013153,14.348224
12.95,1.5462426,5.8382373,0.9150147,41.96425,14.374875
12.96,1.5496076,5.853382,0.9112952,41.915287,14.401543
12.97,1.552979,5.8685617,0.907582,41.86629,14.428245
12.98,1.5563554,5.883778,0.90387744,41.817272,14.454963
12.99,1.5597379,5.8990293,0.90017813,41.76816,14.481717
13.0,1.5631263,5.9143186,0.896487,41.71904,14.508491
13.01,1.5665202,5.929639,0.8928025,41.66984,14.535297
13.02,1.5699198,5.945005,0.8891257,41.620613,14.5621195
13.03,1.5733253,5.960401,0.8854561,41.57133,14.588973
13.04,1.5767366,5.9758396,0.881794,41.52202,14.615839
13.05,1.5801538,5.991309,0.87813866,41.47262,14.642748
13.06,1.583577,6.0068183,0.87449074,41.423214,14.669672
13.07,1.5870055,6.0223627,0.8708506,41.37375,14.696627
13.08,1.5904404,6.037952,0.86721736,41.324226,14.7236
13.09,1.5938808,6.0535693,0.8635918,41.274673,14.750606
13.1,1.5973269,6.069231,0.8599734,41.225063,14.777635
13.11,1.6007783,6.08492,0.85636306,41.1754,14.804677
13.12,1.6042365,6.1006494,0.85275936,41.125687,14.831758
13.13,1.6077001,6.1164227,0.84916353,41.07596,14.85886
13.14,1.6111698,6.132229,0.8455751,41.026154,14.885978
13.15,1.6146448,6.148073,0.8419948,40.976322,14.913123
13.16,1.6181259,6.163959,0.838421,40.92644,14.9403
13.17,1.6216135,6.1798735,0.8348558,40.876507,14.967496
13.18,1.6251067,6.1958385,0.8312972,40.826523,14.99472
13.19,1.6286044,6.211824,0.82774675,40.7765,15.021963
13.2,1.6321093,6.2278533,0.824204,40.72645,15.0492325
13.21,1.6356188,6.243925,0.82066834,40.67632,15.076526
13.22,1.6391369,6.2600355,0.81714106,40.626175,15.103847
13.23,1.6426587,6.2761807,0.8136212,40.57597,15.13118
13.24,1.6461865,6.292361,0.8101086,40.525726,15.158551
13.25,1.6497202,6.308583,0.8066044,40.47544,15.185934
13.26,1.6532601,6.3248386,0.80310714,40.42509,15.213353
13.27,1.6568062,6.34114,0.7996184,40.374714,15.2407875
13.28,1.6603572,6.357468,0.79613715,40.324287,15.268239
13.29,1.663915,6.3738437,0.79266363,40.27382,15.295723
13.3,1.6674787,6.3902545,0.7891983,40.22331,15.32323
13.31,1.6710488,6.406704,0.78573996,40.172756,15.350758
13.32,1.6746229,6.4231877,0.78229076,40.12216,15.378307
13.33,1.6782043,6.439712,0.77884835,40.07152,15.40588
13.34,1.681791,6.4562745,0.7754143,40.020824,15.433479
13.35,1.685385,6.472878,0.7719878,39.970116,15.461095
13.36,1.6889834,6.4895163,0.76856965,39.91933,15.488741
13.37,1.6925882,6.506194,0.76515937,39.86851,15.5164
13.38,1.6961997,6.5229125,0.76175725,39.817673,15.544087
13.39,1.6998162,6.539669,0.7583626,39.766754,15.571801
13.4,1.7034391,6.55646,0.75497574,39.715828,15.599532
13.41,1.7070674,6.57329,0.7515975,39.664833,15.627286
13.42,1.7107023,6.590162,0.74822724,39.613827,15.655063
13.43,1.7143428,6.6070704,0.7448646,39.56274,15.682856
13.44,1.7179892,6.6240144,0.7415109,39.51164,15.710679
13.45,1.7216415,6.6410017,0.7381648,39.460495,15.738522
13.46,1.7252998,6.6580243,0.7348256,39.409286,15.76639
13.47,1.7289646,6.675088,0.7314957,39.35804,15.794273
13.48,1.7326345,6.6921873,0.7281747,39.306793,15.822179
13.49,1.736311,6.709326,0.7248607,39.25547,15.850104
13.5,1.7399932,6.726508,0.721555,39.20412,15.878059
13.51,1.7436824,6.743726,0.7182576,39.152718,15.906029
13.52,1.7473762,6.760985,0.7149685,39.101273,15.934021
13.53,1.7510767,6.778277,0.71168727,39.0498,15.962031
13.54,1.754783,6.7956133,0.7084146,38.99828,15.990071
13.55,1.758495,6.8129888,0.7051501,38.946728,16.018124
13.56,1.7622136,6.8303995,0.7018933,38.89512,16.046202
13.57,1.7659377,6.84785,0.69864583,38.8435,16.074295
13.58,1.7696689,6.8653398,0.695405,38.79181,16.102423
13.59,1.7734047,6.88287,0.69217426,38.740093,16.130552
13.6,1.7771473,6.900443,0.688951,38.68835,16.158712
13.61,1.7808948,6.9180427,0.68573606,38.636547,16.186888
13.62,1.784649,6.935696,0.6825297,38.58472,16.21509
13.63,1.7884102,6.953376,0.6793309,38.53283,16.243313
13.64,1.7921762,6.971103,0.6761409,38.480927,16.27155
13.65,1.795949,6.9888663,0.67295957,38.42898,16.299807
13.66,1.7997273,7.006673,0.6697866,38.377003,16.328083
13.67,1.8035128,7.0245156,0.6666218,38.324978,16.356384
13.68,1.8073034,7.0423994,0.6634651,38.272903,16.384703
13.69,1.8110994,7.0603223,0.66031766,38.220818,16.413036
13.7,1.8149023,7.0782843,0.6571776,38.168674,16.441397
13.71,1.8187114,7.0962796,0.65404636,38.116493,16.46978
13.72,1.8225262,7.1143217,0.6509236,38.06429,16.498177
13.73,1.8263464,7.132403,0.6478097,38.01204,16.526587
13.74,1.8301735,7.150513,0.64470357,37.959747,16.55502
13.75,1.8340061,7.16868,0.64160675,37.90741,16.583473
13.76,1.8378458,7.1868773,0.6385178,37.85506,16.611948
13.77,1.841691,7.2051167,0.6354374,37.80266,16.64044
13.78,1.8455415,7.2233915,0.6323657,37.75024,16.668943
13.79,1.8493991,7.241707,0.6293021,37.69776,16.697475
13.8,1.8532629,7.2600694,0.62624747,37.645267,16.726017
13.81,1.8571324,7.278456,0.62320143,37.59273,16.75458
13.82,1.8610072,7.296895,0.620164,37.540157,16.783163
13.83,1.8648893,7.3153696,0.61713463,37.487553,16.811768
13.84,1.8687761,7.333888,0.6141143,37.4349,16.84038
13.85,1.8726704,7.3524466,0.6111027,37.38223,16.869019
13.86,1.87657,7.3710337,0.6080991,37.32951,16.897669
13.87,1.8804759,7.3896737,0.60510474,37.27676,16.926336
13.88,1.8843881,7.4083476,0.6021185,37.223988,16.955023
13.89,1.8883059,7.4270606,0.5991412,37.17117,16.98374
13.9,1.8922305,7.4458175,0.59617215,37.118324,17.012453
13.91,1.8961605,7.464613,0.59321207,37.065437,17.041193
13.92,1.9000967,7.4834423,0.5902604,37.01252,17.069954
13.93,1.9040399,7.502319,0.58731675,36.959564,17.098728
13.94,1.9079881,7.521233,0.58438283,36.906586,17.127514
13.95,1.9119425,7.5401893,0.58145726,36.853565,17.156324
13.96,1.9159036,7.559182,0.57854015,36.800514,17.185148
13.97,1.9198697,7.5782194,0.5756318,36.747444,17.21399
13.98,1.9238427,7.5972905,0.57273287,36.69433,17.24284
13.99,1.9278226,7.6164107,0.569841,36.64118,17.271723
14.0,1.9318078,7.6355643,0.5669594,36.588013,17.300608
14.01,1.9357985,7.654757,0.5640858,36.534798,17.329512
14.02,1.9397962,7.673998,0.56122166,36.481575,17.358429
14.03,1.943799,7.6932673,0.55836517,36.42829,17.38737
14.04,1.947809,7.712585,0.5555175,36.374977,17.41632
14.05,1.951825,7.731942,0.5526785,36.321648,17.445295
14.06,1.9558464,7.75134,0.549849,36.26826,17.474276
14.07,1.9598743,7.7707763,0.547028,36.214886,17.503273
14.08,1.9639087,7.790254,0.54421544,36.161472,17.532284
14.09,1.9679488,7.8097706,0.54141223,36.10801,17.561317
14.1,1.9719951,7.829328,0.53861666,36.054516,17.590364
14.11,1.9760476,7.848926,0.53583074,36.001,17.619421
14.12,1.9801052,7.8685627,0.5330532,35.94744,17.64849
14.13,1.9841704,7.888247,0.53028494,35.89389,17.677578
14.14,1.988241,7.90796,0.52752507,35.840275,17.706678
14.15,1.9923173,7.9277205,0.5247745,35.786648,17.735794
14.16,1.9964002,7.947525,0.5220318,35.732994,17.764927
14.17,2.00049,7.9673667,0.51929843,35.679295,17.794073
14.18,2.0045857,7.9872503,0.51657337,35.625576,17.823236
14.19,2.0086856,8.007168,0.5138577,35.571835,17.852406
14.2,2.0127933,8.027134,0.5111505,35.51805,17.881592
14.21,2.0169075,8.04714,0.50845194,35.464252,17.910795
14.22,2.0210268,8.067184,0.50576234,35.410427,17.940008
14.23,2.0251522,8.087272,0.5030823,35.35657,17.96923
14.24,2.029285,8.107398,0.5004096,35.302677,17.998474
14.25,2.0334232,8.127563,0.49774706,35.24876,18.027729
14.26,2.0375667,8.147775,0.49509278,35.194836,18.056988
14.27,2.0417173,8.168019,0.49244693,35.140858,18.08628
14.28,2.0458732,8.18831,0.48981073,35.086876,18.115568
14.29,2.0500362,8.208646,0.48718292,35.032864,18.144873
14.3,2.054205,8.2290125,0.48456308,34.978798,18.174198
14.31,2.0583792,8.249424,0.48195356,34.924747,18.203524
14.32,2.06256,8.269884,0.47935203,34.870647,18.232862
14.33,2.0667467,8.290374,0.47676018,34.816547,18.262213
14.34,2.0709405,8.310915,0.47417623,34.762405,18.291582
14.35,2.0751395,8.331495,0.47160122,34.70823,18.32096
14.36,2.079344,8.352108,0.46903542,34.654026,18.350351
14.37,2.083556,8.372768,0.46647802,34.599808,18.379753
14.38,2.087774,8.393477,0.4639302,34.545574,18.409163
14.39,2.0919976,8.414216,0.46138996,34.4913,18.438597
14.4,2.0962267,8.434998,0.4588597,34.437023,18.468025
14.41,2.1004622,8.45582,0.4563378,34.3827,18.497477
14.42,2.1047041,8.476686,0.45382452,34.328365,18.526932
14.43,2.1089525,8.497598,0.4513204,34.273994,18.55641
14.44,2.113206,8.518548,0.4488257,34.219643,18.58588
14.45,2.1174662,8.5395355,0.4463387,34.165222,18.615376
14.46,2.1217325,8.560571,0.44386116,34.110794,18.64488
14.47,2.1260054,8.58164,0.44139212,34.056328,18.674397
14.48,2.1302834,8.602756,0.4389327,34.001877,18.703907
14.49,2.1345682,8.623917,0.436481,33.947376,18.733444
14.5,2.1388593,8.645118,0.43403882,33.892868,18.762987
14.51,2.1431553,8.666356,0.43160495,33.838318,18.792536
14.52,2.1474588,8.687638,0.42918023,33.78377,18.822104
14.53,2.1517677,8.708959,0.42676443,33.72918,18.851673
14.54,2.156082,8.730328,0.42435735,33.67459,18.881258
14.55,2.160403,8.751732,0.42195904,33.619965,18.910845
14.56,2.1647308,8.7731905,0.41956952,33.56533,18.94045
14.57,2.1690633,8.794679,0.41718903,33.510674,18.970057
14.58,2.1734028,8.8162155,0.41481757,33.455997,18.999674
14.59,2.1777477,8.837788,0.4124543,33.40129,19.029306
14.6,2.1820998,8.859411,0.41009992,33.34659,19.05894
14.61,2.186457,8.88107,0.40775472,33.29184,19.088585
14.62,2.1908197,8.902767,0.40541837,33.237087,19.118238
14.63,2.19519,8.924514,0.4030907,33.182312,19.147902
14.64,2.199566,8.946298,0.40077162,33.12752,19.177568
14.65,2.2039475,8.968129,0.3984609,33.072697,19.207253
14.66,2.2083344,8.990003,0.3961597,33.017883,19.236935
14.67,2.2127295,9.011924,0.3938671,32.963028,19.266632
14.68,2.2171283,9.033877,0.3915834,32.908173,19.296331
14.69,2.2215345,9.055874,0.38930807,32.85328,19.326048
14.7,2.225947,9.077917,0.38704193,32.798378,19.355762
14.71,2.2303648,9.100002,0.3847843,32.743465,19.385492
14.72,2.2347884,9.122126,0.38253587,32.68853,19.415224
14.73,2.239218,9.144298,0.38029584,32.63359,19.444958
14.74,2.2436538,9.166511,0.37806448,32.57862,19.474705
14.75,2.248097,9.1887665,0.3758417,32.523643,19.50446
14.76,2.252545,9.211074,0.37362793,32.468628,19.534224
14.77,2.256998,9.233409,0.37142295,32.413635,19.56399
14.78,2.2614586,9.255793,0.36922678,32.358612,19.593767
14.79,2.2659256,9.278219,0.3670389,32.303562,19.623549
14.8,2.2703974,9.300692,0.3648599,32.2485,19.653336
14.81,2.2748756,9.323206,0.36268982,32.193428,19.683123
14.82,2.2793596,9.345766,0.36052862,32.13836,19.712921
14.83,2.2838502,9.36836,0.35837588,32.08325,19.742731
14.84,2.288345,9.391007,0.35623196,32.028145,19.772533
14.85,2.2928483,9.413696,0.3540962,31.97301,19.802362
14.86,2.2973561,9.436422,0.3519699,31.917868,19.832172
14.87,2.30187,9.459195,0.34985185,31.862719,19.862
14.88,2.306391,9.4820175,0.3477424,31.807549,19.891834
14.89,2.3109164,9.504879,0.34564126,31.752356,19.921684
14.9,2.3154478,9.527786,0.3435499,31.69719,19.951511
14.91,2.3199868,9.550735,0.34146643,31.64197,19.981367
14.92,2.3245304,9.5737295,0.3393917,31.586763,20.011215
14.93,2.329081,9.596765,0.3373251,31.531536,20.041079
14.94,2.3336368,9.619847,0.33526808,31.476309,20.070938
14.95,2.3381984,9.642969,0.33321878,31.42105,20.100798
14.96,2.342766,9.66614,0.33117875,31.365797,20.130665
14.97,2.34734,9.689354,0.32914707,31.310535,20.160545
14.98,2.3519194,9.71261,0.3271241,31.255245,20.19042
14.99,2.3565047,9.735906,0.3251093,31.199945,20.220304
15.0,2.3610966,9.759254,0.32310316,31.144651,20.250189
15.01,2.365694,9.782645,0.32110557,31.089329,20.280083
15.02,2.3702972,9.806085,0.31911722,31.03402,20.309978
15.03,2.3749063,9.829555,0.31713668,30.978697,20.339859
15.04,2.3795216,9.853078,0.31516507,30.923359,20.369766
15.05,2.384143,9.876651,0.3132019,30.868021,20.399666
15.06,2.3887703,9.900263,0.31124696,30.812645,20.429573
15.07,2.3934026,9.923922,0.3093013,30.757303,20.459476
15.08,2.3980422,9.947624,0.30736303,30.701921,20.48939
15.09,2.4026868,9.97137,0.30543357,30.646544,20.519306
15.1,2.4073374,9.99516,0.30351326,30.59116,20.549215
15.11,2.4119935,10.018999,0.3016009,30.535765,20.57913
15.12,2.416656,10.042884,0.2996966,30.480352,20.60906
15.13,2.421325,10.066806,0.2978014,30.424961,20.638971
15.14,2.4259987,10.090782,0.29591426,30.369545,20.668901
15.15,2.4306786,10.114801,0.294036,30.314135,20.69882
15.16,2.4353647,10.138866,0.29216605,30.258703,20.728748
15.17,2.4400563,10.162973,0.2903038,30.203264,20.758675
15.18,2.4447534,10.18713,0.28845012,30.147825,20.788607
15.19,2.4494565,10.211329,0.28660557,30.092396,20.818531
15.2,2.4541664,10.235576,0.28476867,30.036953,20.848469
15.21,2.4588811,10.259871,0.28294072,29.981508,20.878399
15.22,2.4636028,10.284204,0.2811201,29.926022,20.908335
15.23,2.4683278,10.308584,0.27930868,29.870594,20.938265
15.24,2.4730606,10.333016,0.2775051,29.815123,20.968199
15.25,2.4777992,10.357497,0.2757101,29.759657,20.998133
15.26,2.4825447,10.382015,0.27392283,29.704172,21.028072
15.27,2.487294,10.40658,0.27214485,29.648706,21.058002
15.28,2.4920495,10.431197,0.27037477,29.593239,21.087933
15.29,2.4968104,10.455854,0.26861235,29.537756,21.11787
15.3,2.5015783,10.480562,0.26685864,29.48227,21.147804
15.31,2.506351,10.505316,0.26511288,29.426777,21.17775
15.32,2.5111296,10.530117,0.2633758,29.37132,21.207668
15.33,2.5159137,10.554961,0.2616465,29.315823,21.2376
15.34,2.5207045,10.579855,0.25992537,29.26033,21.267536
15.35,2.5255003,10.604796,0.2582124,29.204853,21.297464
15.36,2.5303023,10.629782,0.2565078,29.14936,21.327394
15.37,2.5351095,10.654817,0.2548113,29.093878,21.357323
15.38,2.539923,10.6798935,0.25312263,29.03838,21.387243
15.39,2.5447428,10.705029,0.2514423,28.982895,21.417173
15.4,2.5495667,10.730201,0.24977034,28.927408,21.447088
15.41,2.5543964,10.755417,0.24810591,28.871925,21.47701
15.42,2.5592334,10.780691,0.2464493,28.816433,21.506927
15.43,2.5640757,10.806004,0.24480195,28.760939,21.53685
15.44,2.568921,10.8313675,0.24316208,28.70548,21.566751
15.45,2.5737755,10.856783,0.2415297,28.64999,21.596666
15.46,2.5786355,10.882246,0.23990539,28.594501,21.626577
15.47,2.5834992,10.907753,0.23828931,28.53902,21.65649
15.48,2.5883698,10.933305,0.23668148,28.483559,21.68638
15.49,2.5932455,10.958908,0.23508064,28.42807,21.71629
15.5,2.5981266,10.984559,0.23348889,28.37261,21.746181
15.51,2.6030142,11.01026,0.23190457,28.31716,21.776072
15.52,2.6079066,11.036002,0.23032796,28.261684,21.805964
15.53,2.6128054,11.061794,0.22875956,28.206236,21.835846
15.54,2.6177094,11.087639,0.2271988,28.150766,21.86573
15.55,2.622619,11.113533,0.22564588,28.095325,21.895615
15.56,2.6275344,11.139473,0.22410123,28.039886,21.925482
15.57,2.6324553,11.165456,0.22256343,27.984438,21.955355
15.58,2.637381,11.191499,0.22103465,27.929012,21.985212
15.59,2.6423137,11.217586,0.21951273,27.873585,22.015081
15.6,2.647252,11.243722,0.21799877,27.818169,22.04493
15.61,2.6521938,11.269901,0.21649273,27.762758,22.074778
15.62,2.6571429,11.296132,0.21499428,27.707354,22.104622
15.63,2.6620972,11.322414,0.21350355,27.651945,22.134466
15.64,2.667057,11.348738,0.2120205,27.59654,22.164295
15.65,2.6720238,11.375124,0.21054478,27.541153,22.19413
15.66,2.676994,11.40155,0.20907769,27.485783,22.223946
15.67,2.6819701,11.428028,0.20761769,27.430412,22.253765
15.68,2.6869526,11.454555,0.206165,27.375042,22.28358
15.69,2.6919396,11.481131,0.2047201,27.319693,22.313383
15.7,2.6969323,11.507757,0.2032832,27.264357,22.34318
15.71,2.7019317,11.534431,0.20185313,27.209005,22.37298
15.72,2.706936,11.561159,0.20043093,27.153677,22.402767
15.73,2.7119453,11.587929,0.19901639,27.098362,22.43255
15.74,2.7169602,11.614755,0.19760925,27.043053,22.462318
15.75,2.7219808,11.641631,0.1962097,26.987764,22.492086
15.76,2.7270064,11.668557,0.19481748,26.932468,22.52185
15.77,2.7320378,11.69553,0.19343266,26.877197,22.5516
15.78,2.7370734,11.722552,0.19205567,26.821941,22.581335
15.79,2.7421167,11.749637,0.19068551,26.766685,22.611074
15.8,2.7471635,11.776758,0.18932286,26.711447,22.640804
15.81,2.752218,11.803926,0.18796772,26.6562,22.670532
15.82,2.757275,11.831156,0.18661991,26.601002,22.70023
15.83,2.7623394,11.858434,0.18527941,26.545795,22.729937
15.84,2.767408,11.885759,0.18394598,26.49059,22.759638
15.85,2.7724824,11.913143,0.1826203,26.435438,22.789314
15.86,2.777563,11.940563,0.18130179,26.380259,22.819002
15.87,2.782648,11.968042,0.17998989,26.325102,22.848665
15.88,2.78774,11.995578,0.17868626,26.269978,22.878326
15.89,2.792835,12.023165,0.1773889,26.214842,22.907976
15.9,2.7979372,12.050788,0.17609891,26.159748,22.937624
15.91,2.8030427,12.078472,0.17481631,26.10465,22.96726
15.92,2.8081546,12.106209,0.17354052,26.049583,22.99688
15.93,2.8132722,12.133995,0.17227207,25.994501,23.026495
15.94,2.8183942,12.161836,0.1710111,25.939468,23.056086
15.95,2.8235226,12.189727,0.16975653,25.884436,23.08568
15.96,2.828656,12.217671,0.16850951,25.829422,23.115261
15.97,2.8337948,12.245665,0.16726932,25.774431,23.144838
15.98,2.8389387,12.2737,0.16603594,25.719433,23.174395
15.99,2.8440864,12.301798,0.16480985,25.664494,23.203945
16.0,2.849242,12.329952,0.16359058,25.609537,23.233484
16.01,2.8544006,12.358153,0.16237864,25.554617,23.263014
16.02,2.8595648,12.386408,0.1611731,25.499695,23.292532
16.03,2.8647354,12.414713,0.15997459,25.444801,23.322037
16.04,2.8699112,12.443065,0.15878263,25.389938,23.351526
16.05,2.8750896,12.471475,0.15759821,25.335094,23.38101
16.06,2.8802757,12.499934,0.15642005,25.28025,23.410484
16.07,2.8854663,12.528452,0.15524884,25.225452,23.439936
16.08,2.890662,12.55702,0.15408485,25.170654,23.469387
16.09,2.895863,12.585643,0.15292697,25.115881,23.49882
16.1,2.9010692,12.614312,0.15177608,25.061132,23.528234
16.11,2.906281,12.643038,0.15063213,25.006392,23.557653
16.12,2.9114974,12.671817,0.14949423,24.951683,23.58705
16.13,2.9167173,12.7006445,0.14836417,24.897003,23.616423
16.14,2.9219446,12.729532,0.14723973,24.84234,23.645786
16.15,2.927175,12.758475,0.14612237,24.787706,23.675144
16.16,2.9324129,12.787464,0.14501134,24.733082,23.704489
16.17,2.9376543,12.816505,0.1439071,24.678486,23.733816
16.18,2.9429016,12.845609,0.14280948,24.623894,23.763144
16.19,2.9481533,12.874758,0.14171812,24.569347,23.792433
16.2,2.953411,12.903963,0.14063357,24.514816,23.82172
16.21,2.9586718,12.933225,0.13955556,24.460333,23.850988
16.22,2.963938,12.962525,0.1384831,24.405838,23.880247
16.23,2.9692106,12.991906,0.13741848,24.351395,23.909504
16.24,2.9744875,13.021322,0.13635933,24.296947,23.938728
16.25,2.9797695,13.0508,0.13530694,24.242544,23.967945
16.26,2.9850574,13.080324,0.1342605,24.188166,23.997145
16.27,2.9903486,13.109908,0.133221,24.133821,24.026323
16.28,2.9956453,13.139551,0.13218729,24.079481,24.055487
16.29,3.0009475,13.169249,0.13116038,24.02519,24.084639
16.3,3.0062528,13.198977,0.13013968,23.97091,24.113775
16.31,3.011564,13.228786,0.12912506,23.916677,24.142893
16.32,3.0168815,13.258635,0.12811634,23.862446,24.171997
16.33,3.0222032,13.288552,0.12711409,23.80826,24.201082
16.34,3.027531,13.3185215,0.12611821,23.75409,24.230167
16.35,3.03286,13.348539,0.12512822,23.699957,24.25921
16.36,3.0381975,13.378617,0.124144286,23.645844,24.288258
16.37,3.0435383,13.408738,0.12316684,23.59176,24.317274
16.38,3.0488825,13.438924,0.12219543,23.537727,24.346275
16.39,3.0542336,13.469163,0.12122983,23.483692,24.375263
16.4,3.059589,13.499468,0.120270155,23.429708,24.404238
16.41,3.0649505,13.529814,0.11931681,23.375729,24.433193
16.42,3.070315,13.560232,0.118369296,23.321812,24.46212
16.43,3.075684,13.590689,0.11742767,23.267912,24.491037
16.44,3.0810595,13.621202,0.11649215,23.21404,24.519941
16.45,3.0864394,13.651783,0.11556234,23.160198,24.548826
16.46,3.0918221,13.682406,0.11463892,23.106403,24.57768
16.47,3.0972104,13.713095,0.11372134,23.052628,24.60653
16.48,3.1026042,13.743842,0.11280869,22.998873,24.635359
16.49,3.1080027,13.774642,0.1119025,22.945171,24.664158
16.5,3.1134052,13.805485,0.11100195,22.89148,24.692959
16.51,3.1188142,13.836409,0.11010752,22.837852,24.721724
16.52,3.124226,13.86737,0.109218456,22.784231,24.75048
16.53,3.1296422,13.898398,0.108335204,22.730654,24.779205
16.54,3.1350644,13.9294815,0.10745776,22.67712,24.807919
16.55,3.1404905,13.960613,0.10658594,22.623617,24.836603
16.56,3.1459205,13.991803,0.10571976,22.570131,24.865276
16.57,3.1513562,14.023056,0.104859434,22.516685,24.893927
16.58,3.1567957,14.054368,0.10400447,22.463278,24.92257
16.59,3.1622422,14.085731,0.10315501,22.409906,24.951187
16.6,3.1676912,14.117152,0.10231124,22.356579,24.97977
16.61,3.1731448,14.148634,0.10147271,22.303274,25.008347
16.62,3.178603,14.180167,0.10064028,22.25002,25.036896
16.63,3.1840649,14.211754,0.09981282,22.196789,25.06543
16.64,3.189533,14.243414,0.09899128,22.1436,25.093939
16.65,3.195006,14.275121,0.0981746,22.090448,25.122423
16.66,3.2004817,14.30688,0.0973636,22.037336,25.150885
16.67,3.205963,14.338716,0.09655793,21.984262,25.179329
16.68,3.2114477,14.370597,0.09575749,21.931215,25.207762
16.69,3.2169387,14.4025345,0.09496283,21.878214,25.236162
16.7,3.222433,14.434539,0.0941731,21.825249,25.264544
16.71,3.22793,14.466589,0.09338885,21.77234,25.292896
16.72,3.2334332,14.498701,0.09260933,21.719458,25.321228
16.73,3.23894,14.53088,0.091835596,21.666609,25.34955
16.74,3.2444522,14.563109,0.09106703,21.613796,25.377844
16.75,3.2499702,14.595403,0.090303905,21.561031,25.40611
16.76,3.2554908,14.627754,0.08954557,21.508308,25.434359
16.77,3.2610168,14.660152,0.088792406,21.455612,25.462584
16.78,3.2665462,14.692625,0.08804436,21.402977,25.490778
16.79,3.27208,14.725149,0.08730101,21.350363,25.518967
16.8,3.277618,14.757726,0.08656327,21.297804,25.547117
16.81,3.283159,14.790375,0.0858307,21.245287,25.57525
16.82,3.2887063,14.823075,0.08510301,21.192818,25.603348
16.83,3.2942576,14.85584,0.08437977,21.140364,25.631443
16.84,3.2998135,14.8886595,0.08366197,21.08797,25.659512
16.85,3.3053737,14.92154,0.08294917,21.035622,25.687534
16.86,3.310937,14.954477,0.08224142,20.983303,25.715555
16.87,3.3165057,14.987477,0.08153834,20.931042,25.743546
16.88,3.3220768,15.020538,0.08084057,20.87884,25.7715
16.89,3.3276536,15.053646,0.080146976,20.82666,25.799444
16.9,3.333235,15.086829,0.079458565,20.774519,25.827349
16.91,3.3388193,15.120072,0.07877491,20.722439,25.855244
16.92,3.3444088,15.153369,0.07809589,20.670395,25.883116
16.93,3.3500016,15.18673,0.077422,20.61839,25.910961
16.94,3.3555984,15.220143,0.076752625,20.566433,25.938765
16.95,3.361202,15.253623,0.07608782,20.514515,25.966564
16.96,3.3668058,15.287166,0.07542802,20.462664,25.994324
16.97,3.3724158,15.320755,0.07477257,20.410843,26.022066
16.98,3.3780296,15.354421,0.074122176,20.359076,26.049784
16.99,3.383646,15.388144,0.073476,20.307346,26.077465
17.0,3.389269,15.421924,0.07283461,20.255665,26.105125
17.01,3.3948948,15.455765,0.07219744,20.20404,26.132753
17.02,3.4005256,15.48966,0.071565636,20.15246,26.160376
17.03,3.4061604,15.523633,0.07093763,20.100916,26.187954
17.04,3.4117963,15.557656,0.0703147,20.049438,26.21551
17.05,3.4174387,15.591743,0.06969565,19.99801,26.24303
17.06,3.4230852,15.62589,0.069081545,19.94661,26.270544
17.07,3.4287345,15.660095,0.06847155,19.895258,26.298021
17.08,3.434389,15.694364,0.067866065,19.843945,26.325478
17.09,3.4400468,15.7287,0.06726531,19.792728,26.352896
17.1,3.4457085,15.763099,0.066668406,19.741528,26.38029
17.11,3.4513745,15.797545,0.066076055,19.690376,26.407665
17.12,3.457045,15.832068,0.06548766,19.639278,26.435009
17.13,3.4627159,15.866634,0.064904004,19.588238,26.462326
17.14,3.4683938,15.9012785,0.064324975,19.537237,26.489603
17.15,3.4740741,15.935981,0.06375,19.486303,26.516863
17.16,3.47976,15.970744,0.063178845,19.435404,26.544098
17.17,3.4854493,16.005575,0.0626124,19.384562,26.571295
17.18,3.491142,16.04046,0.062049713,19.333778,26.598463
17.19,3.4968383,16.075415,0.061491497,19.283041,26.625616
17.2,3.5025387,16.110424,0.060937148,19.232336,26.652735
17.21,3.5082412,16.145496,0.060387187,19.181713,26.679823
17.22,3.5139499,16.180632,0.05984115,19.13113,26.706892
17.23,3.5196614,16.215832,0.05929928,19.080597,26.73392
17.24,3.5253756,16.251106,0.058761872,19.030127,26.760923
17.25,3.5310938,16.286425,0.05822784,18.979698,26.787907
17.26,3.5368176,16.321814,0.057698004,18.929327,26.814857
17.27,3.5425432,16.357271,0.057172548,18.879028,26.841759
17.28,3.5482743,16.39279,0.056650512,18.828756,26.868658
17.29,3.554008,16.428366,0.056132417,18.77853,26.895502
17.3,3.5597427,16.464003,0.055618845,18.728405,26.922338
17.31,3.5654838,16.4997,0.05510902,18.6783,26.949123
17.32,3.5712283,16.535475,0.054602757,18.628262,26.975899
17.33,3.576977,16.5713,0.054100413,18.57826,27.002651
17.34,3.582729,16.607203,0.05360218,18.528326,27.029354
17.35,3.588484,16.643164,0.053108018,18.478453,27.056036
17.36,3.594242,16.679176,0.052617297,18.428621,27.082687
17.37,3.6000051,16.715267,0.052129775,18.378859,27.109304
17.38,3.6057706,16.75141,0.051647227,18.329165,27.135893
17.39,3.611539,16.787632,0.051167876,18.279507,27.16244
17.4,3.6173117,16.823898,0.05069162,18.22991,27.188982
17.41,3.6230874,16.86024,0.050219785,18.180376,27.215473
17.42,3.6288667,16.896652,0.04975167,18.13089,27.241945
17.43,3.6346524,16.93312,0.04928691,18.081465,27.268375
17.44,3.6404378,16.969654,0.048825633,18.032084,27.294785
17.45,3.6462271,17.006247,0.048368234,17.98277,27.32116
17.46,3.6520193,17.04291,0.04791472,17.933544,27.347498
17.47,3.6578162,17.07963,0.047464337,17.884356,27.373806
17.48,3.6636167,17.116425,0.047017913,17.83523,27.40009
17.49,3.66942,17.153278,0.046574574,17.78616,27.426332
17.5,3.6752274,17.190199,0.046135254,17.73713,27.452564
17.51,3.681038,17.227182,0.045699067,17.688177,27.478735
17.52,3.6868515,17.264227,0.04526647,17.639267,27.504892
17.53,3.6926675,17.301342,0.0448368,17.590437,27.531008
17.54,3.698488,17.33853,0.044411127,17.541674,27.557102
17.55,3.70431,17.37576,0.043989297,17.492954,27.583155
17.56,3.7101357,17.413063,0.04357033,17.444296,27.609192
17.57,3.7159648,17.450432,0.043154612,17.395697,27.635172
17.58,3.721798,17.487879,0.042742766,17.347166,27.661133
17.59,3.7276356,17.525377,0.042334042,17.298697,27.687069
17.6,3.7334747,17.562952,0.04192818,17.250286,27.712963
17.61,3.7393177,17.600584,0.04152619,17.201923,27.738825
17.62,3.745162,17.638275,0.041127525,17.15364,27.764648
17.63,3.7510095,17.67603,0.04073192,17.105423,27.79045
17.64,3.756861,17.713865,0.04033953,17.05726,27.816202
17.65,3.7627177,17.75176,0.039950065,17.009155,27.841928
17.66,3.768575,17.789717,0.039564036,16.96112,27.867647
17.67,3.7744362,17.827742,0.03918151,16.91314,27.893307
17.68,3.7803009,17.865822,0.038801786,16.86522,27.918943
17.69,3.7861679,17.903988,0.0384257,16.817375,27.944529
17.7,3.7920372,17.94221,0.03805212,16.769585,27.970102
17.71,3.7979112,17.98049,0.037682347,16.72187,27.995632
17.72,3.8037858,18.018837,0.03731516,16.67422,28.021135
17.73,3.8096654,18.057257,0.036950767,16.626608,28.046589
17.74,3.8155463,18.09574,0.03659014,16.579092,28.072018
17.75,3.821432,18.134295,0.03623236,16.531618,28.097406
17.76,3.8273203,18.172905,0.035877272,16.484205,28.122782
17.77,3.833212,18.211582,0.035525784,16.436865,28.148104
17.78,3.8391054,18.25033,0.03517648,16.389603,28.173397
17.79,3.8450003,18.28915,0.034830607,16.34242,28.198648
17.8,3.8508997,18.328012,0.034487613,16.295267,28.223873
17.81,3.8568013,18.366964,0.034147684,16.24819,28.249065
17.82,3.8627064,18.405973,0.03381087,16.201193,28.274218
17.83,3.868614,18.445045,0.03347648,16.154243,28.299341
17.84,3.8745258,18.4842,0.03314534,16.10736,28.324427
17.85,3.8804393,18.523409,0.03281697,16.060558,28.349472
17.86,3.886354,18.562674,0.03249122,16.013796,28.374498
17.87,3.8922749,18.602013,0.0321685,15.967124,28.399477
17.88,3.8981938,18.641422,0.031848583,15.920534,28.42441
17.89,3.9041183,18.680887,0.03153129,15.873988,28.44933
17.9,3.910044,18.72043,0.03121696,15.827515,28.4742
17.91,3.9159732,18.760033,0.030905336,15.781097,28.499043
17.92,3.9219077,18.799707,0.030596245,15.734746,28.523857
17.93,3.9278424,18.839447,0.030290337,15.688479,28.548616
17.94,3.9337788,18.879257,0.029987229,15.642285,28.573343
17.95,3.9397194,18.919123,0.029686088,15.596156,28.598042
17.96,3.94566,18.959051,0.029387794,15.550094,28.622704
17.97,3.9516041,18.999058,0.029092398,15.504093,28.647324
17.98,3.9575527,19.039125,0.028800244,15.458161,28.67191
17.99,3.9635031,19.079266,0.028509602,15.412303,28.696466
18.0,3.969455,19.119469,0.028222336,15.3665085,28.720985
18.01,3.9754105,19.159739,0.027936907,15.320789,28.74546
18.02,3.9813685,19.200075,0.027654365,15.275142,28.769905
18.03,3.9873283,19.240475,0.027374655,15.229561,28.794315
18.04,3.9932907,19.280947,0.027098123,15.184057,28.818686
18.05,3.9992552,19.32148,0.02682272,15.138617,28.843025
18.06,4.0052214,19.36207,0.026550557,15.093236,28.867313
18.07,4.0111904,19.402737,0.026280798,15.047936,28.891571
18.08,4.017162,19.443468,0.026013322,15.002718,28.915798
18.09,4.0231366,19.484276,0.0257487,14.957551,28.939995
18.1,4.0291123,19.52514,0.025486335,14.912468,28.964142
18.11,4.035091,19.566072,0.02522613,14.867443,28.988258
18.12,4.0410724,19.60708,0.02496897,14.822502,29.012323
18.13,4.047054,19.64813,0.024713669,14.777637,29.036367
18.14,4.05304,19.68927,0.024460565,14.732828,29.060358
18.15,4.0590277,19.730474,0.02421068,14.6881075,29.084333
18.16,4.065018,19.771732,0.023962203,14.643445,29.108253
18.17,4.07101,19.813063,0.023716737,14.598849,29.132149
18.18,4.077004,19.85446,0.023473522,14.554348,29.155998
18.19,4.083001,19.895931,0.023232229,14.509895,29.179811
18.2,4.088999,19.937454,0.022993214,14.465527,29.203596
18.21,4.0949974,19.979048,0.02275692,14.42124,29.227318
18.22,4.101001,20.020708,0.022522438,14.377021,29.251028
18.23,4.107004,20.062443,0.022290494,14.332875,29.274681
18.24,4.1130104,20.104242,0.02206074,14.2888,29.298315
18.25,4.1190195,20.146105,0.02183272,14.244799,29.321886
18.26,4.12503,20.188032,0.021607302,14.200864,29.34545
18.27,4.131043,20.230022,0.021384168,14.157006,29.36896
18.28,4.137057,20.272093,0.021162998,14.11324,29.392426
18.29,4.143073,20.314224,0.020944111,14.06953,29.415852
18.3,4.1490917,20.356405,0.020727152,14.025897,29.439243
18.31,4.1551104,20.398668,0.020512555,13.982343,29.4626
18.32,4.161132,20.441002,0.020299815,13.938865,29.485922
18.33,4.1671567,20.483395,0.020089533,13.895458,29.509201
18.34,4.173183,20.525854,0.01988144,13.8521185,29.53244
18.35,4.1792097,20.568369,0.01967475,13.80886,29.555628
18.36,4.18524,20.610973,0.019470012,13.765684,29.5788
18.37,4.191269,20.65363,0.019267842,13.722568,29.601912
18.38,4.1973014,20.696342,0.019067531,13.679543,29.624987
18.39,4.203337,20.739128,0.01886938,13.636584,29.648031
18.4,4.2093716,20.781982,0.01867318,13.593703,29.671043
18.41,4.21541,20.82491,0.018479038,13.550902,29.694
18.42,4.221451,20.867899,0.018286414,13.508167,29.71693
18.43,4.2274914,20.910952,0.018096272,13.465515,29.739817
18.44,4.233533,20.954077,0.017907219,13.422947,29.762651
18.45,4.239578,20.997252,0.017720899,13.38044,29.78547
18.46,4.245621,21.040506,0.017536115,13.338033,29.80823
18.47,4.25167,21.083818,0.017353343,13.29566,29.830961
18.48,4.2577186,21.127213,0.017172337,13.253415,29.853642
18.49,4.263769,21.170662,0.016993282,13.211207,29.87629
18.5,4.2698207,21.214169,0.016816247,13.169106,29.898897
18.51,4.275875,21.257748,0.016640836,13.127053,29.921457
18.52,4.281928,21.3014,0.016467229,13.085099,29.943985
18.53,4.287985,21.345106,0.016295604,13.043229,29.96647
18.54,4.2940426,21.388885,0.016125215,13.0014105,29.988914
18.55,4.3001003,21.43272,0.015957458,12.959696,30.011316
18.56,4.30616,21.476624,0.015790556,12.918036,30.033684
18.57,4.312223,21.520601,0.015626248,12.876473,30.056017
18.58,4.3182845,21.564642,0.015462879,12.834976,30.078293
18.59,4.3243494,21.608738,0.015301812,12.793556,30.100533
18.6,4.330415,21.652914,0.0151421465,12.752227,30.12273
18.61,4.33648,21.69714,0.014983933,12.710964,30.144886
18.62,4.3425493,21.741453,0.014828067,12.66978,30.167015
18.63,4.348617,21.785807,0.0146737,12.628685,30.189083
18.64,4.3546863,21.830235,0.014521001,12.587677,30.211124
18.65,4.360758,21.87473,0.01436954,12.546734,30.233118
18.66,4.36683,21.919292,0.014219874,12.505873,30.25507
18.67,4.372904,21.963907,0.0140718315,12.465087,30.27699
18.68,4.378979,22.008606,0.013925168,12.424379,30.298862
18.69,4.3850546,22.053352,0.013780405,12.383746,30.320702
18.7,4.391131,22.09817,0.0136370575,12.343208,30.342478
18.71,4.3972087,22.143053,0.013495738,12.302735,30.364233
18.72,4.403286,22.188,0.013355177,12.262352,30.385935
18.73,4.409366,22.23301,0.013216896,12.22205,30.407602
18.74,4.415446,22.278091,0.013079853,12.181817,30.429224
18.75,4.4215283,22.323236,0.012944069,12.141662,30.450806
18.76,4.42761,22.368435,0.012810423,12.101613,30.47234
18.77,4.4336934,22.413698,0.012677649,12.061616,30.493845
18.78,4.439778,22.45906,0.012546344,12.021726,30.515299
18.79,4.4458623,22.50445,0.012416625,11.981892,30.53672
18.8,4.4519467,22.549902,0.012288366,11.942149,30.558086
18.81,4.458034,22.595427,0.012161755,11.902482,30.57942
18.82,4.464119,22.641008,0.012036508,11.862902,30.600704
18.83,4.470209,22.68667,0.011912527,11.823397,30.621952
18.84,4.476297,22.732391,0.011789619,11.783988,30.643152
18.85,4.4823856,22.778181,0.011668671,11.74464,30.664312
18.86,4.4884763,22.824028,0.011548602,11.705376,30.685432
18.87,4.4945683,22.869944,0.011430053,11.666212,30.706509
18.88,4.500657,22.915905,0.011312861,11.627103,30.727547
18.89,4.506748,22.961937,0.01119721,11.588104,30.748526
18.9,4.5128403,23.008043,0.011082902,11.549173,30.769474
18.91,4.5189347,23.05421,0.010969734,11.510312,30.79039
18.92,4.5250278,23.100449,0.010857407,11.471556,30.81125
18.93,4.5311217,23.146736,0.010747055,11.432861,30.83207
18.94,4.537217,23.193089,0.010637284,11.394241,30.852856
18.95,4.5433125,23.239504,0.010529473,11.3557205,30.873577
18.96,4.549406,23.28599,0.010423183,11.317296,30.89427
18.97,4.5555024,23.332527,0.010317429,11.278929,30.91492
18.98,4.5615983,23.379137,0.010213001,11.24065,30.935524
18.99,4.567694,23.425812,0.010109788,11.202465,30.956087
19.0,4.573791,23.472544,0.010007856,11.164348,30.976595
19.01,4.57989,23.519344,0.009907162,11.12632,30.997076
19.02,4.585985,23.5662,0.009807787,11.088378,31.017513
19.03,4.5920844,23.613117,0.009709052,11.050491,31.037903
19.04,4.598183,23.66011,0.009612179,11.012718,31.058239
19.05,4.604279,23.707146,0.009515822,10.975017,31.07854
19.06,4.610377,23.75426,0.009420985,10.937409,31.098799
19.07,4.6164765,23.801437,0.0093272505,10.899875,31.119022
19.08,4.6225753,23.848671,0.009234537,10.862415,31.139193
19.09,4.628673,23.895971,0.009143008,10.825047,31.15932
19.1,4.6347737,23.943335,0.0090523735,10.787762,31.1794
19.11,4.640874,23.99075,0.0089626415,10.750544,31.199446
19.12,4.646972,24.038242,0.008874243,10.713437,31.21944
19.13,4.6530704,24.08578,0.008786887,10.676395,31.239403
19.14,4.6591687,24.13339,0.008701156,10.639453,31.259306
19.15,4.6652703,24.181053,0.008615179,10.602577,31.279177
19.16,4.6713686,24.228796,0.008531214,10.565795,31.298983
19.17,4.6774664,24.27659,0.008448284,10.529103,31.31877
19.18,4.6835666,24.324444,0.008365609,10.492476,31.338503
19.19,4.6896667,24.372347,0.008284543,10.4559145,31.358206
19.2,4.6957645,24.42034,0.008204341,10.419471,31.377836
19.21,4.7018614,24.468374,0.00812473,10.383111,31.397429
19.22,4.70796,24.516464,0.008046592,10.34683,31.416988
19.23,4.7140594,24.564627,0.007969154,10.310627,31.436512
19.24,4.7201586,24.612862,0.007892948,10.274512,31.455978
19.25,4.7262564,24.661144,0.007817082,10.238469,31.475407
19.26,4.7323546,24.709494,0.0077427085,10.202521,31.494791
19.27,4.738454,24.757904,0.007669057,10.166633,31.514137
19.28,4.74455,24.806368,0.007596367,10.1308565,31.533419
19.29,4.7506466,24.8549,0.007524698,10.0951605,31.552658
19.3,4.756742,24.90348,0.0074537746,10.059548,31.571869
19.31,4.76284,24.952143,0.0073836036,10.0240135,31.59102
19.32,4.7689342,25.000837,0.0073139914,9.988575,31.610134
19.33,4.7750306,25.049622,0.007245699,9.9531975,31.629211
19.34,4.7811265,25.098457,0.0071780914,9.917931,31.64824
19.35,4.7872205,25.147343,0.0071114153,9.88272,31.667221
19.36,4.793314,25.196302,0.007045105,9.847609,31.686161
19.37,4.799409,25.245333,0.0069797332,9.812586,31.70505
19.38,4.805501,25.294378,0.0069158515,9.77763,31.72389
19.39,4.811595,25.343529,0.006852418,9.742785,31.742706
19.4,4.817687,25.39272,0.0067897732,9.707994,31.761463
19.41,4.8237786,25.441978,0.0067273383,9.673311,31.780172
19.42,4.8298683,25.491291,0.0066662226,9.6387,31.798838
19.43,4.83596,25.540657,0.0066055306,9.604167,31.817469
19.44,4.8420496,25.5901,0.0065460242,9.569718,31.836044
19.45,4.8481393,25.639599,0.0064870473,9.535374,31.854582
19.46,4.8542266,25.689148,0.006428703,9.501102,31.873062
19.47,4.860316,25.73877,0.0063708886,9.466913,31.89152
19.48,4.866401,25.788439,0.0063145193,9.432812,31.909914
19.49,4.872489,25.838163,0.006258173,9.398787,31.928265
19.5,4.878576,25.887972,0.006202594,9.364854,31.94659
19.51,4.8846607,25.937819,0.0061477902,9.331008,31.96485
19.52,4.8907433,25.987736,0.006094022,9.297232,31.983068
19.53,4.896829,26.03771,0.0060405224,9.263541,32.001244
19.54,4.90291,26.087738,0.0059881033,9.229947,32.019375
19.55,4.908993,26.137812,0.0059358785,9.196428,32.03746
19.56,4.915072,26.187983,0.005884056,9.163022,32.055504
19.57,4.9211526,26.238192,0.0058334405,9.129655,32.073505
19.58,4.9272323,26.288437,0.005782863,9.096395,32.091454
19.59,4.9333105,26.338774,0.0057335813,9.063203,32.109367
19.6,4.9393883,26.389162,0.0056843827,9.030123,32.127228
19.61,4.945464,26.439602,0.0056356527,8.997096,32.14505
19.62,4.951538,26.490107,0.005587624,8.96417,32.162827
19.63,4.957613,26.54066,0.0055407505,8.931335,32.180546
19.64,4.9636855,26.59128,0.005494398,8.898577,32.198235
19.65,4.969758,26.641953,0.005448404,8.865906,32.215874
19.66,4.975828,26.692698,0.00540308,8.833316,32.233467
19.67,4.9819007,26.7435,0.005357727,8.8008,32.251015
19.68,4.9879694,26.794346,0.0053131934,8.7683735,32.268517
19.69,4.9940367,26.845263,0.005269308,8.736036,32.28598
19.7,5.0001035,26.896233,0.005226363,8.703795,32.30338
19.71,5.0061684,26.947258,0.005183089,8.671611,32.320763
19.72,5.0122313,26.998337,0.0051410445,8.63953,32.33809
19.73,5.0182967,27.049482,0.0050990316,8.607525,32.35536
19.74,5.0243573,27.100689,0.005057874,8.575592,32.372597
19.75,5.0304184,27.151958,0.0050171795,8.543766,32.389786
19.76,5.0364785,27.203287,0.004976835,8.512022,32.40694
19.77,5.0425367,27.254652,0.004936826,8.48033,32.424026
19.78,5.048594,27.306084,0.0048977556,8.44874,32.44109
19.79,5.0546484,27.357576,0.0048585148,8.417247,32.458096
19.8,5.0607047,27.409122,0.0048202723,8.385831,32.47507
19.81,5.066757,27.460726,0.00478203,8.354493,32.491985
19.82,5.0728073,27.512388,0.00474451,8.323231,32.50886
19.83,5.0788593,27.564106,0.0047079157,8.292067,32.525692
19.84,5.0849066,27.61588,0.0046706796,8.260968,32.54249
19.85,5.0909534,27.667727,0.004634651,8.229985,32.55922
19.86,5.097002,27.719633,0.0045990697,8.199052,32.575916
19.87,5.1030455,27.771574,0.004562944,8.168208,32.59258
19.88,5.109087,27.823582,0.0045282505,8.137474,32.60918
19.89,5.1151285,27.87564,0.0044935406,8.1067915,32.62575
19.9,5.12117,27.927753,0.004459585,8.0762,32.64227
19.91,5.1272073,27.979937,0.004425957,8.0457,32.65874
19.92,5.1332445,28.032187,0.004392582,8.0152855,32.67517
19.93,5.13928,28.08447,0.0043596243,7.9849334,32.691555
19.94,5.145314,28.136816,0.0043268763,7.954686,32.707893
19.95,5.1513476,28.189236,0.004294575,7.9245114,32.724194
19.96,5.1573787,28.241676,0.004262914,7.894417,32.740448
19.97,5.163407,28.294209,0.004231046,7.864417,32.75666
19.98,5.1694345,28.346775,0.0041995803,7.8344736,32.77281
19.99,5.1754603,28.399414,0.0041687926,7.8046403,32.788937
20.0,5.1814837,28.452105,0.0041385554,7.774874,32.805004
20.01,5.187508,28.50484,0.0041083274,7.745192,32.821037
20.02,5.193527,28.557648,0.0040783146,7.7155924,32.83703
20.03,5.199547,28.610512,0.0040488243,7.686088,32.852962
20.04,5.205566,28.663422,0.004019811,7.656646,32.868866
20.05,5.211578,28.716377,0.003990693,7.627292,32.884712
20.06,5.2175922,28.769394,0.003961717,7.59802,32.900524
20.07,5.2236047,28.822483,0.0039341273,7.568836,32.916286
20.08,5.229616,28.875616,0.0039058076,7.539734,32.93201
20.09,5.2356224,28.928814,0.0038783299,7.5107055,32.947685
20.1,5.2416315,28.982054,0.0038505988,7.481744,32.96333
20.11,5.247633,29.035362,0.0038238894,7.4529014,32.97891
20.12,5.253638,29.08873,0.0037965244,7.4241242,32.994457
20.13,5.2596383,29.14213,0.003770396,7.3954225,33.00995
20.14,5.2656355,29.195602,0.003744037,7.366798,33.025406
20.15,5.2716336,29.24914,0.0037180362,7.3382783,33.04083
20.16,5.27763,29.302708,0.0036922283,7.309816,33.0562
20.17,5.2836227,29.356363,0.0036669439,7.281445,33.071514
20.18,5.289615,29.410055,0.0036417032,7.253134,33.086803
20.19,5.2956033,29.463793,0.003616239,7.224926,33.102043
20.2,5.301592,29.517601,0.0035919975,7.1967955,33.117237
20.21,5.307575,29.571455,0.003567555,7.1687484,33.13238
20.22,5.3135576,29.62536,0.0035429113,7.1407795,33.147484
20.23,5.3195386,29.679329,0.0035194522,7.112895,33.16255
20.24,5.3255177,29.733349,0.0034957854,7.0850787,33.177567
20.25,5.331496,29.787424,0.003471597,7.0573397,33.19256
20.26,5.33747,29.841576,0.0034484966,7.029713,33.207478
20.27,5.3434415,29.895748,0.0034255302,7.0021234,33.222374
20.28,5.3494134,29.950003,0.0034027733,6.9746537,33.237217
20.29,5.3553824,30.004297,0.003380008,6.947236,33.25202
20.3,5.361349,30.058632,0.0033573331,6.919903,33.266785
20.31,5.3673124,30.11306,0.0033352468,6.8926516,33.281498
20.32,5.3732734,30.1675,0.0033132657,6.865492,33.296173
20.33,5.379234,30.222017,0.0032913145,6.8383884,33.310806
20.34,5.385192,30.276583,0.0032695942,6.811384,33.325397
20.35,5.3911467,30.331211,0.0032481803,6.7844586,33.33993
20.36,5.397102,30.385887,0.0032269293,6.757596,33.35444
20.37,5.4030504,30.440617,0.0032061478,6.7308116,33.368896
20.38,5.4089994,30.495392,0.0031853681,6.704134,33.383305
20.39,5.414944,30.550228,0.0031642886,6.6775184,33.397686
20.4,5.420888,30.605127,0.003143561,6.6509876,33.412018
20.41,5.4268293,30.660082,0.00312375,6.6245255,33.42631
20.42,5.4327693,30.715076,0.0031034164,6.5981426,33.44055
20.43,5.4387045,30.770119,0.003083204,6.5718417,33.454754
20.44,5.4446406,30.825228,0.0030636163,6.545627,33.468914
20.45,5.450573,30.880402,0.003044052,6.5194654,33.483032
20.46,5.4565,30.9356,0.003024689,6.4934154,33.4971
20.47,5.4624276,30.99088,0.0030051311,6.4674253,33.511143
20.48,5.4683537,31.046192,0.0029859925,6.441519,33.525127
20.49,5.4742737,31.101553,0.0029666442,6.4156785,33.539085
20.5,5.4801946,31.156998,0.0029479899,6.389934,33.552982
20.51,5.486113,31.212467,0.0029295068,6.3642406,33.56686
20.52,5.492028,31.268013,0.0029110024,6.3386474,33.58069
20.53,5.497937,31.323591,0.002892415,6.3131423,33.59445
20.54,5.5038486,31.379234,0.0028743502,6.2876925,33.6082
20.55,5.509754,31.434921,0.002856047,6.2623277,33.62189
20.56,5.5156617,31.490656,0.002838079,6.2370195,33.635544
20.57,5.5215635,31.546469,0.0028201034,6.2118196,33.649162
20.58,5.527462,31.602316,0.002802778,6.186698,33.662727
20.59,5.5333614,31.658218,0.0027851304,6.1616273,33.67626
20.6,5.5392528,31.714169,0.0027677072,6.13664,33.689754
20.61,5.5451455,31.770185,0.0027504563,6.111732,33.703194
20.62,5.551033,31.826242,0.00273328,6.086906,33.716606
20.63,5.55692,31.882341,0.0027166614,6.062146,33.729965
20.64,5.5628037,31.938517,0.002699418,6.0374713,33.743286
20.65,5.5686836,31.994719,0.0026828982,6.012873,33.756573
20.66,5.574563,32.051,0.0026661698,5.9883437,33.769814
20.67,5.580439,32.107323,0.0026500514,5.963905,33.78301
20.68,5.586312,32.163692,0.0026330622,5.939512,33.79617
20.69,5.59218,32.220127,0.0026169596,5.9152217,33.80928
20.7,5.5980473,32.276604,0.0026008878,5.8910007,33.82237
20.71,5.60391,32.333126,0.0025846893,5.8668537,33.835392
20.72,5.6097727,32.3897,0.0025690794,5.84278,33.84839
20.73,5.61563,32.44632,0.0025534844,5.8187957,33.86134
20.74,5.6214876,32.503006,0.002537815,5.7948565,33.874256
20.75,5.6273403,32.559734,0.0025219908,5.771015,33.887127
20.76,5.63319,32.616543,0.0025067832,5.7472453,33.899967
20.77,5.639037,32.67337,0.0024913987,5.7235494,33.912746
20.78,5.6448817,32.73027,0.0024759164,5.6999207,33.925507
20.79,5.6507263,32.787186,0.0024609119,5.676362,33.938217
20.8,5.656562,32.84418,0.0024461905,5.6529,33.950882
20.81,5.662397,32.901222,0.0024311636,5.629502,33.963505
20.82,5.6682296,32.958324,0.0024163378,5.6061773,33.9761
20.83,5.6740603,33.01546,0.0024017515,5.582923,33.988647
20.84,5.679887,33.072647,0.0023869937,5.55973,34.001156
20.85,5.6857076,33.129894,0.0023728916,5.536634,34.013634
20.86,5.691531,33.187195,0.002358283,5.513594,34.026054
20.87,5.6973495,33.24453,0.0023438688,5.49064,34.038437
20.88,5.7031593,33.30192,0.0023301775,5.4677625,34.050793
20.89,5.708974,33.359367,0.002315741,5.4449525,34.063107
20.9,5.714781,33.41687,0.0023016846,5.4222193,34.075367
20.91,5.7205863,33.47441,0.002288187,5.3995485,34.08759
20.92,5.726391,33.532005,0.0022742068,5.376955,34.099792
20.93,5.7321873,33.589653,0.0022608964,5.354436,34.111942
20.94,5.737984,33.647343,0.0022472506,5.3319874,34.12405
20.95,5.743777,33.7051,0.002233672,5.30961,34.136127
20.96,5.7495675,33.762875,0.0022204518,5.287308,34.148163
20.97,5.755351,33.820732,0.0022067698,5.2650785,34.160152
20.98,5.7611356,33.87862,0.002194466,5.242923,34.172115
20.99,5.7669153,33.93656,0.0021809638,5.2208443,34.18402
21.0,5.772692,33.99456,0.002168132,5.19883,34.195892
21.01,5.778466,34.0526,0.0021550609,5.1768713,34.207737
21.02,5.7842374,34.11069,0.0021423334,5.154995,34.21953
21.03,5.7900057,34.16885,0.0021297336,5.133211,34.231293
21.04,5.795769,34.227036,0.0021168357,5.111471,34.243023
21.05,5.801528,34.28526,0.0021048607,5.0898256,34.254692
21.06,5.8072834,34.34355,0.0020923512,5.068247,34.266335
21.07,5.8130374,34.401897,0.0020800196,5.0467224,34.277946
21.08,5.8187885,34.46028,0.0020679338,5.025272,34.289513
21.09,5.824538,34.51871,0.0020556785,5.003898,34.301033
21.1,5.8302813,34.577206,0.0020440705,4.982597,34.312515
21.11,5.83602,34.63573,0.0020318888,4.9613647,34.323975
21.12,5.841758,34.694317,0.0020203032,4.940206,34.335392
21.13,5.8474903,34.752926,0.0020084577,4.9190984,34.346767
21.14,5.853219,34.81161,0.0019968431,4.898088,34.3581
21.15,5.8589478,34.870327,0.0019852668,4.8771367,34.369392
21.16,5.864672,34.929104,0.001973861,4.8562617,34.380653
21.17,5.870389,34.987938,0.0019624038,4.8354387,34.39188
21.18,5.876105,35.046806,0.0019512521,4.8146935,34.403065
21.19,5.881819,35.105717,0.0019399291,4.7940063,34.414215
21.2,5.8875294,35.164684,0.0019289423,4.7734127,34.425327
21.21,5.893233,35.223698,0.0019180514,4.7528815,34.436394
21.22,5.8989353,35.282757,0.0019073626,4.7324095,34.447433
21.23,5.904634,35.341873,0.001896413,4.712023,34.45843
21.24,5.910328,35.401028,0.0018855827,4.691685,34.469395
21.25,5.9160213,35.460228,0.0018751109,4.6714134,34.48032
21.26,5.9217086,35.51948,0.0018642219,4.6512322,34.491196
21.27,5.9273906,35.578793,0.0018539065,4.631109,34.502045
21.28,5.933072,35.638134,0.0018435689,4.6110535,34.51285
21.29,5.938749,35.69753,0.0018337164,4.591075,34.523624
21.3,5.9444227,35.756954,0.0018234542,4.571155,34.53436
21.31,5.9500923,35.81645,0.001813706,4.5513077,34.545063
21.32,5.9557576,35.875977,0.0018035704,4.5315146,34.55572
21.33,5.9614196,35.93556,0.0017939648,4.511792,34.56636
21.34,5.967079,35.995193,0.0017842771,4.492159,34.57695
21.35,5.972732,36.054874,0.001774597,4.4725676,34.587494
21.36,5.9783816,36.11459,0.0017650435,4.4530597,34.598007
21.37,5.9840293,36.174347,0.0017552814,4.4336047,34.608494
21.38,5.9896727,36.234165,0.0017460939,4.4142385,34.618935
21.39,5.995312,36.29402,0.0017366977,4.394918,34.629333
21.4,6.0009494,36.353935,0.0017271675,4.375682,34.6397
21.41,6.0065775,36.41388,0.001718577,4.3564906,34.65004
21.42,6.0122094,36.47389,0.0017092852,4.3373704,34.660336
21.43,6.017832,36.53394,0.0017007245,4.3183312,34.670593
21.44,6.0234523,36.594036,0.0016920744,4.299351,34.68082
21.45,6.0290704,36.65415,0.001683306,4.2804365,34.69101
21.46,6.0346823,36.71434,0.0016743802,4.2615843,34.701176
21.47,6.04029,36.774555,0.0016661109,4.242803,34.711285
21.48,6.0458965,36.834843,0.0016578045,4.2240868,34.721367
21.49,6.051495,36.89517,0.0016497439,4.2054405,34.731407
21.5,6.0570927,36.955524,0.0016415427,4.186857,34.74143
21.51,6.062685,37.015926,0.0016329689,4.168319,34.751392
21.52,6.0682755,37.076397,0.0016250499,4.1498613,34.76134
21.53,6.07386,37.13691,0.0016169613,4.1314754,34.77124
21.54,6.07944,37.197437,0.0016092146,4.113155,34.781113
21.55,6.085018,37.25803,0.0016012676,4.0948935,34.79094
21.56,6.0905914,37.318684,0.0015940061,4.076702,34.80074
21.57,6.096159,37.37937,0.0015865956,4.058561,34.81051
21.58,6.101724,37.440086,0.0015792595,4.0405083,34.82023
21.59,6.1072855,37.500874,0.001571686,4.0224915,34.829933
21.6,6.11284,37.561684,0.0015644925,4.0045495,34.83958
21.61,6.118394,37.622543,0.0015573585,3.9866834,34.849194
21.62,6.1239443,37.68345,0.0015501874,3.9688554,34.858795
21.63,6.1294847,37.7444,0.0015434716,3.9511209,34.868343
21.64,6.135026,37.805393,0.0015366962,3.933425,34.87786
21.65,6.1405635,37.866432,0.0015298687,3.9158077,34.887352
21.66,6.1460943,37.927532,0.0015231222,3.8982573,34.8968
21.67,6.1516232,37.988667,0.001516616,3.880765,34.906208
21.68,6.1571474,38.04984,0.0015100576,3.8633265,34.915596
21.69,6.1626663,38.111042,0.0015036333,3.8459544,34.924923
21.7,6.168182,38.17232,0.0014976561,3.8286572,34.934246
21.71,6.1736903,38.233616,0.0014914628,3.8114138,34.943523
21.72,6.179199,38.294964,0.0014856579,3.7942338,34.952763
21.73,6.1847,38.35637,0.0014790334,3.777112,34.961967
21.74,6.1902003,38.417812,0.0014736382,3.7600594,34.971165
21.75,6.195693,38.479282,0.0014678705,3.7430625,34.980297
21.76,6.2011847,38.540825,0.0014624689,3.726128,34.98939
21.77,6.2066684,38.6024,0.0014565829,3.7092595,34.998474
21.78,6.2121477,38.66401,0.0014513601,3.6924524,35.007515
21.79,6.2176256,38.72567,0.0014459286,3.675704,35.016514
21.8,6.2230997,38.787376,0.0014406759,3.6590166,35.025486
21.81,6.228565,38.849113,0.0014356999,3.6424122,35.034424
21.82,6.23403,38.9109,0.0014304332,3.6258354,35.043327
21.83,6.239489,38.972744,0.0014259489,3.609335,35.052208
21.84,6.244944,39.034626,0.0014209282,3.5929022,35.061058
21.85,6.250395,39.096535,0.0014161095,3.576518,35.069855
21.86,6.2558427,39.158497,0.0014109481,3.5601926,35.078617
21.87,6.2612824,39.220516,0.0014067106,3.543931,35.08736
21.88,6.266719,39.28257,0.0014023539,3.5277486,35.096066
21.89,6.2721524,39.344654,0.0013977289,3.5116048,35.104744
21.9,6.277583,39.406796,0.0013933582,3.4955277,35.113373
21.91,6.2830043,39.468983,0.0013893899,3.479508,35.12198
21.92,6.288426,39.531208,0.0013851235,3.4635515,35.13055
21.93,6.2938385,39.593483,0.0013812603,3.447651,35.139103
21.94,6.299249,39.65577,0.0013774121,3.431808,35.14762
21.95,6.3046565,39.71814,0.0013732426,3.4160433,35.156082
21.96,6.3100553,39.780533,0.0013695508,3.400313,35.164524
21.97,6.3154535,39.84296,0.0013662921,3.384653,35.172935
21.98,6.3208475,39.905445,0.001362809,3.3690462,35.181324
21.99,6.326232,39.967968,0.001359215,3.3535151,35.189667
22.0,6.331618,40.030533,0.001355919,3.338025,35.197975
22.01,6.336996,40.09315,0.001352787,3.3225985,35.20627
22.02,6.3423686,40.155804,0.001349804,3.3072395,35.21451
22.03,6.3477387,40.21851,0.0013467325,3.2919297,35.22273
22.04,6.353103,40.281254,0.0013434002,3.2766747,35.230907
22.05,6.358462,40.344006,0.0013408875,3.2614903,35.23906
22.06,6.3638186,40.406834,0.0013383077,3.2463708,35.247185
22.07,6.3691688,40.469727,0.0013356246,3.231297,35.25527
22.08,6.3745136,40.53262,0.0013329042,3.216271,35.26333
22.09,6.379857,40.595566,0.0013303179,3.2012968,35.271362
22.1,6.3851933,40.658554,0.0013278434,3.1864047,35.279358
22.11,6.390528,40.721615,0.0013254285,3.1715455,35.287323
22.12,6.395855,40.78468,0.0013232604,3.1567674,35.295242
22.13,6.4011784,40.84779,0.0013213381,3.1420317,35.303154
22.14,6.4064927,40.910957,0.0013192445,3.1273594,35.31102
22.15,6.4118094,40.974163,0.0013172105,3.112749,35.318867
22.16,6.417115,41.037415,0.0013154382,3.0981846,35.326675
22.17,6.4224186,41.10071,0.0013139863,3.0836768,35.33444
22.18,6.427721,41.164047,0.0013118191,3.0692358,35.342197
22.19,6.433012,41.22742,0.0013101511,3.0548525,35.34992
22.2,6.4383025,41.290855,0.0013087438,3.0405192,35.35758
22.21,6.4435883,41.354298,0.0013071513,3.0262284,35.36524
22.22,6.4488664,41.417793,0.0013058642,3.0120091,35.372852
22.23,6.454142,41.48132,0.0013047112,2.997828,35.38045
22.24,6.459411,41.54492,0.0013033869,2.983726,35.388012
22.25,6.4646773,41.60856,0.0013025552,2.9696631,35.39554
22.26,6.469939,41.672234,0.0013013426,2.955666,35.403038
22.27,6.4751954,41.735916,0.0013002725,2.9417129,35.410522
22.28,6.4804435,41.799686,0.0012995005,2.9278283,35.41795
22.29,6.48569,41.863483,0.0012988634,2.9139853,35.425358
22.3,6.490932,41.927307,0.0012979582,2.90021,35.43274
22.31,6.496169,41.991196,0.0012973575,2.886488,35.44008
22.32,6.501397,42.055115,0.0012966162,2.87281,35.447395
22.33,6.506624,42.119076,0.001296375,2.8591871,35.454685
22.34,6.511847,42.183098,0.0012960061,2.845625,35.461952
22.35,6.517065,42.247135,0.0012953477,2.8321147,35.469166
22.36,6.5222754,42.31123,0.0012953747,2.8186703,35.476368
22.37,6.5274835,42.375374,0.0012952443,2.805243,35.48353
22.38,6.53268,42.43952,0.0012950115,2.791914,35.490673
22.39,6.5378804,42.503757,0.0012950469,2.7786136,35.497787
22.4,6.543072,42.56799,0.0012950068,2.7653737,35.504864
22.41,6.548258,42.632313,0.0012950422,2.7521858,35.511917
22.42,6.553442,42.69665,0.0012952574,2.7390475,35.51893
22.43,6.558616,42.761032,0.001295263,2.7259698,35.52593
22.44,6.5637865,42.825462,0.0012960071,2.7129335,35.5329
22.45,6.5689573,42.889942,0.0012963116,2.6999607,35.539837
22.46,6.5741186,42.954403,0.0012965193,2.687037,35.546726
22.47,6.579271,43.01897,0.0012971815,2.6741672,35.5536
22.48,6.5844274,43.083576,0.0012976881,2.6613512,35.560444
22.49,6.589573,43.148212,0.0012981193,2.6485896,35.567265
22.5,6.594715,43.212887,0.0012988793,2.6358714,35.574047
22.51,6.599851,43.277607,0.001299453,2.6232014,35.580807
22.52,6.6049824,43.34237,0.0013004513,2.6105814,35.58754
22.53,6.610107,43.407185,0.0013011005,2.598024,35.594246
22.54,6.615229,43.472034,0.0013021212,2.585527,35.60091
22.55,6.620343,43.53689,0.0013029948,2.573049,35.607563
22.56,6.625456,43.60182,0.0013041878,2.5606627,35.614178
22.57,6.630562,43.666798,0.0013052169,2.5482984,35.620758
22.58,6.6356626,43.731815,0.0013061417,2.5359988,35.627323
22.59,6.640758,43.796867,0.0013073888,2.5237336,35.633858
22.6,6.64585,43.86198,0.0013085306,2.5115418,35.640358
22.61,6.6509347,43.92712,0.0013096575,2.4993925,35.646835
22.62,6.6560154,43.99229,0.0013111569,2.48729,35.65328
22.63,6.661091,44.05751,0.0013126945,2.4752345,35.6597
22.64,6.6661577,44.122753,0.001314247,2.4632478,35.666096
22.65,6.671225,44.188065,0.0013155378,2.4512734,35.67245
22.66,6.6762834,44.25342,0.001316987,2.439374,35.67878
22.67,6.681338,44.31882,0.0013187407,2.427525,35.685097
22.68,6.686387,44.384254,0.0013200557,2.4157333,35.69138
22.69,6.6914315,44.449734,0.0013219593,2.4039755,35.697643
22.7,6.6964664,44.515255,0.0013234382,2.3922658,35.703857
22.71,6.7015014,44.580788,0.0013251714,2.3806071,35.710064
22.72,6.7065277,44.646397,0.0013267621,2.3689952,35.71622
22.73,6.7115526,44.712055,0.0013288828,2.3574567,35.72237
22.74,6.7165737,44.777725,0.0013303617,2.3459432,35.728497
22.75,6.721585,44.843456,0.0013325503,2.3344836,35.73457
22.76,6.726592,44.909233,0.0013341568,2.3230643,35.740646
22.77,6.7315917,44.975037,0.0013360912,2.3117032,35.74667
22.78,6.73659,45.040905,0.0013381904,2.3003888,35.75269
22.79,6.741582,45.106815,0.0013400586,2.2891192,35.75866
22.8,6.7465672,45.17272,0.0013422472,2.2779026,35.764614
22.81,6.7515473,45.23874,0.0013439897,2.266735,35.77055
22.82,6.756521,45.304764,0.001346603,2.2556145,35.776455
22.83,6.7614913,45.3708,0.0013483753,2.2445345,35.78232
22.84,6.7664566,45.436924,0.0013503265,2.233523,35.788162
22.85,6.7714157,45.503075,0.0013525235,2.2225296,35.79399
22.86,6.776371,45.56927,0.0013547959,2.2115924,35.799797
22.87,6.78132,45.635517,0.0013568429,2.2007017,35.80557
22.88,6.7862635,45.70179,0.0013590045,2.1898603,35.811306
22.89,6.7912,45.768112,0.0013613282,2.1790705,35.81703
22.9,6.796135,45.834476,0.0013637282,2.1683106,35.822727
22.91,6.8010626,45.90088,0.0013656653,2.1576276,35.828377
22.92,6.805984,45.96734,0.0013681091,2.1469588,35.834023
22.93,6.810902,46.033848,0.0013702409,2.136342,35.839653
22.94,6.8158126,46.100376,0.0013724174,2.125793,35.84524
22.95,6.8207183,46.166946,0.0013750112,2.1152623,35.850777
22.96,6.8256173,46.233566,0.0013770163,2.1047978,35.85632
22.97,6.8305125,46.30022,0.001379298,2.094379,35.86183
22.98,6.8354034,46.366932,0.001381848,2.083981,35.867332
22.99,6.8402886,46.433678,0.0013841446,2.0736618,35.872784
23.0,6.8451676,46.500477,0.0013866872,2.0633712,35.878216
23.01,6.85004,46.567314,0.0013885964,2.053111,35.883633
23.02,6.8549085,46.634182,0.0013914378,2.0429242,35.889023
23.03,6.8597713,46.701115,0.0013932725,2.032763,35.89437
23.04,6.864629,46.768085,0.0013960395,2.0226552,35.899704
23.05,6.869479,46.835083,0.0013982626,2.0126028,35.905014
23.06,6.8743258,46.90213,0.0014000544,2.002561,35.9103
23.07,6.8791685,46.969227,0.0014029033,1.9925909,35.91558
23.08,6.884,47.036358,0.0014055064,1.982654,35.920795
23.09,6.8888326,47.10355,0.0014074994,1.9727495,35.926014
23.1,6.8936553,47.170788,0.0014100373,1.9629121,35.931206
23.11,6.898476,47.238056,0.0014125891,1.9531095,35.936363
23.12,6.903288,47.305363,0.0014147982,1.9433417,35.941498
23.13,6.9080954,47.372707,0.001416889,1.9336262,35.94661
23.14,6.912898,47.440098,0.001419181,1.9239491,35.9517
23.15,6.917695,47.507557,0.0014214655,1.9143192,35.956776
23.16,6.922486,47.575035,0.0014242418,1.9047406,35.961807
23.17,6.9272723,47.642548,0.0014263028,1.8951796,35.96682
23.18,6.9320536,47.710133,0.0014284765,1.885685,35.971817
23.19,6.9368277,47.77777,0.0014304183,1.8762318,35.976784
23.2,6.9415994,47.84542,0.001432823,1.8668115,35.981724
23.21,6.946359,47.913097,0.0014355192,1.8574339,35.986645
23.22,6.9511175,47.980846,0.00143738,1.8480942,35.991543
23.23,6.9558735,48.04864,0.0014396291,1.8388163,35.996403
23.24,6.9606204,48.116486,0.001441624,1.8295616,36.00127
23.25,6.965359,48.18437,0.0014438881,1.8203596,36.006096
23.26,6.9700966,48.252293,0.001445869,1.8111796,36.010895
23.27,6.974827,48.32027,0.0014480148,1.8020691,36.015663
23.28,6.97955,48.388264,0.0014502266,1.792977,36.020428
23.29,6.9842725,48.45633,0.0014519766,1.7839357,36.025158
23.3,6.9889846,48.52441,0.0014543682,1.7749324,36.029865
23.31,6.9936914,48.592567,0.001455985,1.7659737,36.03455
23.32,6.9983964,48.660744,0.0014580349,1.757051,36.039215
23.33,7.003093,48.729,0.0014601359,1.7481643,36.043858
23.34,7.0077834,48.79727,0.0014620805,1.7393336,36.04847
23.35,7.0124693,48.865593,0.0014639664,1.7305267,36.05307
23.36,7.017151,48.93398,0.0014656587,1.7217636,36.05764
23.37,7.0218244,49.002365,0.001467254,1.7130557,36.062187
23.38,7.026492,49.070797,0.0014692824,1.7043928,36.066715
23.39,7.031155,49.13932,0.0014709895,1.695743,36.071213
23.4,7.035813,49.207848,0.0014726752,1.6871368,36.0757
23.41,7.040465,49.276432,0.0014746515,1.6785756,36.080154
23.42,7.0451126,49.345097,0.0014761947,1.6700538,36.084602
23.43,7.049752,49.413765,0.0014777174,1.6615821,36.089016
23.44,7.0543857,49.48249,0.0014792392,1.653131,36.09341
23.45,7.059016,49.551266,0.0014810003,1.6447208,36.09778
23.46,7.0636387,49.620064,0.0014824998,1.6363672,36.10212
23.47,7.068259,49.68893,0.0014840374,1.6280553,36.106457
23.48,7.0728707,49.757843,0.0014852183,1.6197524,36.110767
23.49,7.077477,49.82675,0.0014866069,1.6115057,36.11505
23.5,7.0820794,49.895763,0.001488152,1.6032925,36.119293
23.51,7.086673,49.964798,0.0014897203,1.5951167,36.123543
23.52,7.0912623,50.033897,0.001490402,1.586993,36.12776
23.53,7.0958467,50.103024,0.0014921566,1.5789111,36.13196
23.54,7.1004233,50.172203,0.0014932184,1.5708411,36.136127
23.55,7.104997,50.241417,0.0014942875,1.5628147,36.140278
23.56,7.109564,50.31067,0.001495216,1.5548413,36.144417
23.57,7.114127,50.379967,0.0014963895,1.5468905,36.14854
23.58,7.1186814,50.449337,0.0014975267,1.5389847,36.152622
23.59,7.123231,50.51874,0.0014982317,1.5311109,36.15668
23.6,7.127775,50.588192,0.001499489,1.5232838,36.160748
23.61,7.132314,50.657692,0.0015003728,1.5154724,36.16477
23.62,7.136844,50.727234,0.0015011374,1.5077076,36.168777
23.63,7.1413717,50.796806,0.0015018964,1.4999944,36.172764
23.64,7.1458936,50.866447,0.0015028473,1.4923109,36.176723
23.65,7.150409,50.93613,0.0015037693,1.4846638,36.180676
23.66,7.1549187,51.00583,0.0015039695,1.4770347,36.1846
23.67,7.1594195,51.07558,0.0015046829,1.4694557,36.1885
23.68,7.1639194,51.145428,0.001505143,1.4619125,36.192387
23.69,7.1684103,51.21528,0.0015055006,1.4544067,36.196243
23.7,7.1728997,51.28518,0.0015063109,1.4469359,36.200085
23.71,7.17738,51.355125,0.0015066005,1.4394919,36.203903
23.72,7.181854,51.42513,0.0015067486,1.4320858,36.20771
23.73,7.1863194,51.49518,0.0015072171,1.424732,36.211494
23.74,7.190788,51.56524,0.0015073288,1.4173942,36.215267
23.75,7.1952424,51.635403,0.0015075374,1.4101064,36.218998
23.76,7.199695,51.705585,0.0015075086,1.402836,36.22274
23.77,7.2041426,51.775818,0.0015079547,1.3956155,36.22644
23.78,7.208584,51.846104,0.0015080078,1.3884271,36.230103
23.79,7.2130156,51.916424,0.0015077172,1.3812582,36.233772
23.8,7.2174454,51.986782,0.0015082462,1.3741443,36.237423
23.81,7.2218657,52.057186,0.0015077926,1.36706,36.24105
23.82,7.2262864,52.127674,0.001507354,1.3600047,36.24465
23.83,7.2306967,52.198154,0.0015074145,1.3529788,36.248253
23.84,7.2351017,52.268734,0.0015069917,1.345995,36.2518
23.85,7.239502,52.33932,0.001507015,1.3390496,36.255363
23.86,7.243894,52.409977,0.0015065027,1.3321241,36.258884
23.87,7.24828,52.48069,0.0015063025,1.3252553,36.262394
23.88,7.2526636,52.55142,0.0015054327,1.3183966,36.26589
23.89,7.257041,52.622215,0.0015050098,1.3115718,36.269356
23.9,7.2614107,52.693054,0.0015045581,1.3047907,36.272823
23.91,7.2657757,52.763943,0.0015036585,1.2980318,36.276257
23.92,7.270134,52.834866,0.001503244,1.2913146,36.279663
23.93,7.2744856,52.905838,0.0015025306,1.284623,36.283062
23.94,7.278835,52.97688,0.0015015267,1.2779809,36.286446
23.95,7.2831755,53.04795,0.0015007406,1.2713611,36.289806
23.96,7.287508,53.119053,0.0014997376,1.26477,36.293156
23.97,7.2918367,53.19023,0.0014984813,1.2581921,36.29648
23.98,7.296164,53.261456,0.0014976878,1.2516744,36.29978
23.99,7.300477,53.33271,0.0014968421,1.2451792,36.30307
24.0,7.304793,53.404,0.0014957059,1.2387315,36.30634
24.01,7.309098,53.475372,0.001494457,1.232297,36.309605
24.02,7.3133984,53.546795,0.0014933441,1.2259045,36.31284
24.03,7.3176923,53.618256,0.0014919853,1.2195448,36.31605
24.04,7.321981,53.68976,0.0014907075,1.2132097,36.31925
24.05,7.3262634,53.761288,0.0014891839,1.2069154,36.32242
24.06,7.3305397,53.83288,0.0014876686,1.2006257,36.325607
24.07,7.3348103,53.90454,0.0014863694,1.1943893,36.328747
24.08,7.3390737,53.976223,0.0014849203,1.1881793,36.33187
24.09,7.343333,54.047974,0.0014836071,1.1820188,36.33498
24.1,7.347588,54.11976,0.001481533,1.1758547,36.33808
24.11,7.3518324,54.191597,0.0014799666,1.1697347,36.34116
24.12,7.356072,54.263466,0.0014782213,1.1636498,36.344208
24.13,7.360308,54.33539,0.0014765346,1.1575841,36.34726
24.14,7.3645377,54.40737,0.0014746925,1.1515713,36.350292
24.15,7.3687606,54.4794,0.0014727172,1.145576,36.353294
24.16,7.3729773,54.551468,0.0014708228,1.139604,36.356297
24.17,7.3771915,54.623596,0.0014688317,1.1336713,36.35927
24.18,7.381395,54.695766,0.0014666254,1.127759,36.362213
24.19,7.385596,54.767994,0.0014649555,1.1218793,36.365177
24.2,7.3897877,54.840275,0.0014626225,1.1160393,36.368084
24.21,7.393974,54.912567,0.0014604973,1.1102098,36.37101
24.22,7.3981566,54.984936,0.0014582761,1.1044304,36.373898
24.23,7.402331,55.057358,0.0014559217,1.098666,36.37679
24.24,7.406502,55.12982,0.0014538644,1.0929356,36.379627
24.25,7.410667,55.202312,0.001451279,1.0872443,36.382473
24.26,7.4148254,55.274883,0.0014488725,1.0815662,36.385307
24.27,7.418974,55.347496,0.0014464809,1.0759165,36.388123
24.28,7.423119,55.420143,0.0014441712,1.0703089,36.390903
24.29,7.4272614,55.492844,0.0014416454,1.0647087,36.393696
24.3,7.431393,55.565586,0.0014388366,1.0591557,36.396465
24.31,7.43552,55.63839,0.0014366023,1.053626,36.399208
24.32,7.439645,55.71122,0.0014334656,1.0481236,36.401943
24.33,7.4437613,55.784134,0.0014310377,1.0426565,36.404663
24.34,7.447869,55.857094,0.0014282968,1.0372126,36.40736
24.35,7.451974,55.93007,0.0014255717,1.0317931,36.410046
24.36,7.4560714,56.003113,0.0014226064,1.0263903,36.412716
24.37,7.460165,56.076206,0.0014198879,1.021037,36.415382
24.38,7.4642496,56.149334,0.0014171479,1.0156927,36.418003
24.39,7.46833,56.222523,0.0014141025,1.010386,36.42064
24.4,7.472402,56.295746,0.001411071,1.0051154,36.423244
24.41,7.476469,56.369057,0.0014081756,0.99986583,36.425846
24.42,7.480532,56.44239,0.0014049364,0.99463505,36.428413
24.43,7.484589,56.51578,0.0014017867,0.98944193,36.430984
24.44,7.488641,56.5892,0.0013989722,0.9842672,36.433533
24.45,7.4926834,56.662685,0.0013958309,0.97912604,36.4361
24.46,7.49672,56.736202,0.0013926141,0.9740019,36.438602
24.47,7.500753,56.809795,0.0013894653,0.968906,36.4411
24.48,7.504778,56.8834,0.0013861824,0.9638407,36.443596
24.49,7.508798,56.957092,0.0013827505,0.9588047,36.44607
24.5,7.5128107,57.030815,0.0013798103,0.95378226,36.448544
24.51,7.51682,57.1046,0.0013761548,0.9487783,36.450993
24.52,7.5208197,57.17842,0.0013724035,0.9438335,36.453423
24.53,7.524818,57.25231,0.001369426,0.93890095,36.455853
24.54,7.5288043,57.326218,0.001365615,0.9339859,36.45826
24.55,7.532787,57.400196,0.001362728,0.9291103,36.460644
24.56,7.536766,57.474197,0.0013594162,0.92425495,36.46302
24.57,7.5407376,57.548264,0.0013554487,0.9194131,36.465385
24.58,7.5447063,57.622402,0.0013518538,0.91460776,36.46774
24.59,7.548665,57.69654,0.001348245,0.90983534,36.470074
24.6,7.5526185,57.77075,0.0013446799,0.9050704,36.472397
24.61,7.5565634,57.84502,0.0013413094,0.90033257,36.47471
24.62,7.560505,57.91935,0.0013374835,0.8956318,36.47701
24.63,7.5644407,57.993687,0.0013342546,0.89096755,36.479294
24.64,7.568368,58.068127,0.0013302509,0.88629484,36.481556
24.65,7.5722933,58.142574,0.0013265451,0.8816707,36.48381
24.66,7.5762095,58.21706,0.0013227798,0.87705946,36.48606
24.67,7.58012,58.29165,0.0013193358,0.8724791,36.48829
24.68,7.584024,58.366264,0.0013153991,0.86791986,36.490513
24.69,7.587926,58.440903,0.0013115378,0.8633715,36.492706
24.7,7.5918164,58.51561,0.0013078107,0.85887396,36.494907
24.71,7.5957017,58.590336,0.0013042912,0.8543782,36.497086
24.72,7.599583,58.665154,0.0013000276,0.8499229,36.499233
24.73,7.603458,58.740005,0.0012963675,0.8454839,36.501396
24.74,7.6073256,58.814907,0.0012922464,0.8410658,36.50354
24.75,7.611187,58.889874,0.0012887511,0.8366827,36.505653
24.76,7.615044,58.96487,0.0012848154,0.8323152,36.507774
24.77,7.6188946,59.0399,0.0012809616,0.8279698,36.509876
24.78,7.622737,59.11499,0.0012770863,0.82365096,36.511967
24.79,7.626576,59.190166,0.0012730397,0.8193475,36.514046
24.8,7.630405,59.265347,0.0012692986,0.8150841,36.51611
24.81,7.6342335,59.340572,0.0012651999,0.81082773,36.51816
24.82,7.6380515,59.415886,0.0012613777,0.8065974,36.520203
24.83,7.641866,59.491207,0.0012573088,0.80240196,36.52223
24.84,7.6456747,59.5666,0.0012531579,0.79821277,36.524242
24.85,7.649476,59.642056,0.0012492845,0.79404855,36.52626
24.86,7.6532693,59.717537,0.0012454018,0.7899089,36.528248
24.87,7.6570587,59.79308,0.0012416169,0.78580606,36.53023
24.88,7.660843,59.86866,0.0012373915,0.78171283,36.532192
24.89,7.664619,59.944305,0.0012335703,0.7776362,36.53415
24.9,7.668388,60.01999,0.0012295917,0.7736038,36.536106
24.91,7.672153,60.095715,0.001225465,0.7695819,36.538044
24.92,7.675912,60.1715,0.0012212917,0.765574,36.53997
24.93,7.6796637,60.24732,0.0012175683,0.7615899,36.54189
24.94,7.68341,60.323204,0.0012135748,0.75764096,36.54378
24.95,7.687152,60.399124,0.0012096642,0.7537091,36.54565
24.96,7.6908836,60.475113,0.0012055812,0.7497789,36.547543
24.97,7.694611,60.551132,0.0012015225,0.7458987,36.549404
24.98,7.6983333,60.62721,0.0011971947,0.74203277,36.55126
24.99,7.702048,60.703304,0.0011933884,0.738188,36.5531
25.0,7.7057595,60.7795,0.0011895979,0.734345,36.554928
25.01,7.709462,60.855724,0.0011855979,0.7305496,36.556763
25.02,7.7131577,60.931984,0.0011815615,0.7267738,36.55857
25.03,7.716849,61.008305,0.0011774646,0.7229971,36.560368
25.04,7.7205334,61.084686,0.0011734655,0.71924436,36.56217
25.05,7.7242126,61.161053,0.0011696974,0.7155301,36.563946
25.06,7.727884,61.23754,0.001165661,0.7118305,36.56572
25.07,7.73155,61.31405,0.0011615427,0.708142,36.56748
25.08,7.735213,61.39063,0.0011575669,0.704489,36.569225
25.09,7.7388678,61.467224,0.0011537839,0.70085454,36.57096
25.1,7.7425117,61.543873,0.0011498444,0.69723904,36.5727
25.11,7.746155,61.62059,0.0011456823,0.6936383,36.574425
25.12,7.74979,61.697342,0.0011420269,0.6900618,36.576122
25.13,7.7534194,61.774124,0.0011378936,0.6865109,36.57782
25.14,7.757043,61.85096,0.0011344021,0.6829689,36.579506
25.15,7.7606587,61.927876,0.0011301655,0.6794447,36.58119
25.16,7.7642713,62.004787,0.0011264579,0.67595613,36.582855
25.17,7.767877,62.08182,0.0011224532,0.672484,36.584503
25.18,7.771473,62.158863,0.0011188267,0.6690253,36.58616
25.19,7.7750683,62.23596,0.001114971,0.6656008,36.5878
25.2,7.778655,62.313076,0.0011113985,0.6621602,36.58942
25.21,7.7822347,62.390255,0.0011075428,0.65877616,36.59104
25.22,7.7858095,62.467484,0.0011037309,0.65539664,36.59266
25.23,7.789375,62.544765,0.0010997327,0.6520383,36.59425
25.24,7.7929387,62.622093,0.0010962356,0.64870745,36.595837
25.25,7.796494,62.699463,0.0010924619,0.6453835,36.597427
25.26,7.8000417,62.776886,0.0010886956,0.64208055,36.598995
25.27,7.803588,62.854366,0.0010851538,0.6388046,36.600555
25.28,7.8071246,62.931892,0.0010812087,0.6355454,36.602116
25.29,7.810655,63.00945,0.0010774499,0.6323091,36.603657
25.3,7.814177,63.087044,0.0010740114,0.6290758,36.605198
25.31,7.817696,63.16472,0.0010704622,0.6258663,36.60672
25.32,7.8212094,63.24243,0.0010668831,0.62268734,36.60824
25.33,7.824716,63.320175,0.0010634605,0.61952794,36.60974
25.34,7.8282146,63.397995,0.0010597697,0.61636823,36.61124
25.35,7.8317103,63.475853,0.0010563321,0.6132477,36.612747
25.36,7.835199,63.553738,0.0010527978,0.6101437,36.61422
25.37,7.8386807,63.631676,0.0010494273,0.60705173,36.615696
25.38,7.8421535,63.709675,0.001045648,0.6039667,36.617165
25.39,7.845624,63.78771,0.0010423008,0.6009172,36.61862
25.4,7.8490863,63.865803,0.0010388028,0.59788436,36.620068
25.41,7.852545,63.94393,0.0010352843,0.5948552,36.621506
25.42,7.8559947,64.0221,0.0010321457,0.59186006,36.62294
25.43,7.85944,64.10033,0.0010290733,0.5888786,36.624363
25.44,7.8628783,64.17858,0.0010254066,0.58590806,36.625782
25.45,7.866308,64.25692,0.0010222159,0.5829674,36.627197
25.46,7.8697343,64.335266,0.0010187272,0.5800423,36.628597
25.47,7.8731565,64.41369,0.001015693,0.57712954,36.629967
25.48,7.876571,64.49215,0.0010124352,0.5742283,36.631355
25.49,7.8799763,64.57065,0.0010092007,0.5713477,36.632732
25.5,7.883379,64.649216,0.0010060845,0.568503,36.634087
25.51,7.8867736,64.72781,0.0010029022,0.5656592,36.63546
25.52,7.8901634,64.80645,0.0009999052,0.56282383,36.636806
25.53,7.8935456,64.88514,0.0009966036,0.5600182,36.63817
25.54,7.8969235,64.96389,0.0009937193,0.5572344,36.63949
25.55,7.9002914,65.04263,0.0009902613,0.55445766,36.640823
25.56,7.9036565,65.121475,0.0009873463,0.551701,36.64216
25.57,7.907017,65.20034,0.0009843213,0.5489639,36.64346
25.58,7.9103703,65.27927,0.0009814594,0.54624236,36.644768
25.59,7.913715,65.35822,0.0009782547,0.54354554,36.646057
25.6,7.917053,65.43723,0.0009755045,0.5408515,36.647354
25.61,7.920386,65.5163,0.0009726798,0.53818536,36.648632
25.62,7.9237146,65.5954,0.0009701913,0.5355285,36.649918
25.63,7.9270363,65.674515,0.00096708443,0.5329055,36.651188
25.64,7.930349,65.75372,0.00096452143,0.53027236,36.652447
25.65,7.933659,65.832954,0.000961652,0.52766275,36.6537
25.66,7.936966,65.912224,0.0009586867,0.5250827,36.654945
25.67,7.9402595,65.99157,0.0009559449,0.52251786,36.656197
25.68,7.9435496,66.07093,0.000953814,0.5199549,36.657425
25.69,7.9468346,66.15036,0.0009507593,0.517417,36.658653
25.7,7.950112,66.22981,0.000948241,0.51489717,36.65988
25.71,7.9533834,66.30932,0.00094544794,0.51240337,36.66109
25.72,7.9566503,66.38887,0.00094310846,0.5099022,36.66231
25.73,7.9599113,66.46847,0.00094032194,0.5074319,36.663498
25.74,7.9631634,66.548096,0.0009378791,0.5049746,36.664696
25.75,7.966411,66.627785,0.0009354288,0.50252056,36.665886
25.76,7.969653,66.70753,0.000932985,0.5001069,36.667065
25.77,7.9728885,66.78729,0.00093023665,0.4976786,36.668255
25.78,7.976117,66.8671,0.0009279428,0.49528545,36.669407
25.79,7.9793396,66.94695,0.0009256713,0.4929206,36.670578
25.8,7.9825544,67.02684,0.000923221,0.4905366,36.67173
25.81,7.9857645,67.1068,0.00092104636,0.48820087,36.67288
25.82,7.9889693,67.18679,0.0009186333,0.48585302,36.674015
25.83,7.992172,67.26683,0.0009165108,0.4835543,36.675167
25.84,7.995362,67.34693,0.0009140307,0.48124754,36.676292
25.85,7.9985485,67.42704,0.00091196876,0.47895223,36.677414
25.86,8.001729,67.507195,0.0009095259,0.4766732,36.678528
25.87,8.004902,67.587395,0.00090781413,0.47441718,36.67965
25.88,8.008072,67.667656,0.00090554263,0.47217888,36.680744
25.89,8.011231,67.747955,0.0009033317,0.4699513,36.68186
25.9,8.014388,67.82829,0.0009013964,0.4677361,36.68295
25.91,8.017537,67.90868,0.00089928973,0.46553612,36.684055
25.92,8.02068,67.98909,0.0008972045,0.463351,36.685127
25.93,8.023819,68.06955,0.0008953959,0.46119118,36.686203
25.94,8.026949,68.15007,0.0008933712,0.45902473,36.687283
25.95,8.030073,68.230644,0.00089142844,0.45688275,36.68835
25.96,8.033193,68.31122,0.00088930037,0.45475572,36.68942
25.97,8.036305,68.391846,0.0008874545,0.4526504,36.690464
25.98,8.0394125,68.47252,0.00088566076,0.45055416,36.691513
25.99,8.042512,68.55325,0.0008838894,0.44846725,36.69256
26.0,8.0456085,68.634026,0.00088225305,0.44640446,36.693592
26.01,8.048697,68.71483,0.0008805115,0.44433975,36.694622
26.02,8.051779,68.7957,0.0008784728,0.4423011,36.695663
26.03,8.054855,68.876564,0.00087668747,0.440269,36.696693
26.04,8.057927,68.9575,0.0008751843,0.43826538,36.69771
26.05,8.060989,69.038475,0.00087308604,0.43626493,36.698723
26.06,8.06405,69.11945,0.00087198615,0.43428084,36.69974
26.07,8.067102,69.20054,0.00087006576,0.43230686,36.700733
26.08,8.070147,69.28164,0.00086875726,0.43036476,36.701733
26.09,8.073191,69.36277,0.0008672103,0.428407,36.702724
26.1,8.0762205,69.44395,0.0008654259,0.4264761,36.703705
26.11,8.079248,69.52517,0.0008639088,0.424549,36.70469
26.12,8.0822735,69.60644,0.0008623246,0.42265373,36.705677
26.13,8.085287,69.68771,0.00086097885,0.42075878,36.706642
26.14,8.088297,69.76908,0.0008597011,0.41888842,36.707615
26.15,8.091302,69.85044,0.00085800514,0.41702634,36.70858
26.16,8.0943,69.93188,0.00085648056,0.41517484,36.709545
26.17,8.09729,70.01335,0.0008551888,0.41333988,36.7105
26.18,8.100275,70.09483,0.0008539241,0.4114981,36.711437
26.19,8.103256,70.176384,0.0008523781,0.40967277,36.71239
26.2,8.106229,70.25798,0.00085109286,0.4079033,36.713333
26.21,8.109199,70.339584,0.0008495841,0.40610886,36.71427
26.22,8.112158,70.42124,0.00084855966,0.40434092,36.715206
26.23,8.115117,70.50299,0.0008470947,0.40258583,36.716133
26.24,8.118063,70.58474,0.0008458914,0.40083182,36.71705
26.25,8.12101,70.6665,0.0008449042,0.39910036,36.717968
26.26,8.123949,70.74832,0.00084347,0.39737138,36.718887
26.27,8.126879,70.8302,0.00084229,0.39567462,36.71979
26.28,8.1298065,70.912094,0.00084117614,0.39396772,36.72071
26.29,8.132725,70.99403,0.0008397568,0.3922862,36.721596
26.3,8.135638,71.07602,0.0008387482,0.39061663,36.7225
26.31,8.138546,71.158005,0.00083791,0.38894808,36.723392
26.32,8.14145,71.24008,0.00083655026,0.3873054,36.724277
26.33,8.144346,71.322174,0.00083572697,0.3856718,36.72517
26.34,8.147236,71.40432,0.00083455443,0.38404226,36.726048
26.35,8.150119,71.48648,0.0008337023,0.3824378,36.726925
26.36,8.153,71.5687,0.00083232764,0.3808271,36.7278
26.37,8.155872,71.65096,0.0008309912,0.3792422,36.728664
26.38,8.158738,71.73322,0.00083036255,0.37765825,36.72953
26.39,8.161599,71.81556,0.0008296296,0.37611103,36.730392
26.4,8.164454,71.897896,0.00082826987,0.37455752,36.731247
26.41,8.167302,71.98032,0.00082729105,0.37301272,36.732098
26.42,8.170144,72.06277,0.0008265581,0.37147385,36.732956
26.43,8.17298,72.14525,0.00082560163,0.3699494,36.733803
26.44,8.175812,72.22776,0.000824661,0.36845425,36.73465
26.45,8.17864,72.31031,0.000823793,0.3669547,36.735485
26.46,8.18146,72.392876,0.000822844,0.36546484,36.736313
26.47,8.184272,72.475525,0.0008218577,0.3640009,36.73715
26.48,8.187079,72.55819,0.0008213492,0.36254096,36.737965
26.49,8.189882,72.64086,0.0008202065,0.36108944,36.738796
26.5,8.192679,72.72362,0.0008195704,0.35964826,36.73961
26.51,8.19547,72.80637,0.000818518,0.3582154,36.740425
26.52,8.198254,72.8892,0.00081797875,0.356809,36.74124
26.53,8.201034,72.97205,0.0008169627,0.35538545,36.742054
26.54,8.203804,73.05495,0.0008160444,0.35399672,36.742844
26.55,8.206573,73.137825,0.00081531145,0.35260883,36.74365
26.56,8.209332,73.22078,0.0008144751,0.35122997,36.744465
26.57,8.212088,73.30377,0.0008140858,0.34987205,36.745255
26.58,8.21484,73.38682,0.0008129282,0.34852225,36.74604
26.59,8.217583,73.4699,0.000812375,0.34716415,36.746838
26.6,8.220319,73.55297,0.00081182923,0.3458375,36.747612
26.61,8.223053,73.636116,0.00081051607,0.3445217,36.748398
26.62,8.22578,73.7193,0.0008100597,0.34319237,36.749172
26.63,8.2285,73.80249,0.0008093426,0.34190115,36.749954
26.64,8.231215,73.88572,0.00080860965,0.34059283,36.750732
26.65,8.233925,73.968994,0.0008078404,0.33932355,36.751495
26.66,8.236629,74.0523,0.0008071093,0.3380461,36.752262
26.67,8.239326,74.13567,0.0008064145,0.33678615,36.75302
26.68,8.242018,74.21905,0.0008056229,0.3355385,36.753788
26.69,8.244704,74.30247,0.00080506224,0.3342947,36.754536
26.7,8.247386,74.38587,0.00080471765,0.33306602,36.755295
26.71,8.250059,74.46934,0.0008039633,0.33183506,36.756042
26.72,8.252729,74.5529,0.000803031,0.33061785,36.756794
26.73,8.255395,74.63646,0.0008023735,0.32941318,36.757538
26.74,8.258054,74.72003,0.0008020513,0.32822976,36.758274
26.75,8.260704,74.80366,0.0008008722,0.32703933,36.759026
26.76,8.2633505,74.8873,0.0008004615,0.32586592,36.759754
26.77,8.265995,74.970985,0.0007995879,0.3246996,36.760483
26.78,8.268627,75.054726,0.000798909,0.32353455,36.761215
26.79,8.27126,75.13848,0.0007986389,0.3223961,36.761944
26.8,8.273884,75.22223,0.0007980345,0.3212516,36.762672
26.81,8.276502,75.30608,0.0007972801,0.3201217,36.763393
26.82,8.279114,75.38993,0.0007966012,0.31899592,36.764095
26.83,8.281725,75.47379,0.00079590734,0.31789494,36.764812
26.84,8.284327,75.55771,0.0007951828,0.31678084,36.765545
26.85,8.286921,75.64167,0.00079450384,0.31568128,36.766243
26.86,8.289513,75.72566,0.000794108,0.31459662,36.766945
26.87,8.292097,75.80971,0.00079333875,0.31351805,36.76766
26.88,8.294677,75.89372,0.0007928023,0.31245226,36.76836
26.89,8.29725,75.97781,0.0007919073,0.3113937,36.769054
26.9,8.299822,76.061905,0.0007914435,0.31033716,36.769753
26.91,8.302383,76.146095,0.0007909136,0.3092999,36.770447
26.92,8.304941,76.23023,0.0007905401,0.30824566,36.771145
26.93,8.307492,76.31445,0.0007897867,0.30722114,36.771828
26.94,8.310039,76.39869,0.00078894384,0.30620393,36.77251
26.95,8.312584,76.48296,0.0007884223,0.30519518,36.773186
26.96,8.315116,76.56726,0.00078787655,0.30418324,36.773872
26.97,8.317647,76.651596,0.00078711566,0.30318743,36.77455
26.98,8.320171,76.73598,0.00078639295,0.30220687,36.775223
26.99,8.322692,76.820366,0.00078594405,0.30122864,36.7759
27.0,8.325206,76.90479,0.0007852735,0.30024898,36.776554
27.01,8.327713,76.98926,0.0007847734,0.29927808,36.77724
27.02,8.330215,77.073746,0.0007839231,0.2983206,36.777912
27.03,8.332714,77.15828,0.0007834006,0.2973826,36.77857
27.04,8.335205,77.24282,0.0007829387,0.29642212,36.77922
27.05,8.337692,77.327385,0.00078201387,0.2954999,36.779877
27.06,8.340174,77.411995,0.0007813722,0.29457626,36.780525
27.07,8.3426485,77.49662,0.0007809093,0.29364818,36.78118
27.08,8.34512,77.58133,0.0007802984,0.29272598,36.781834
27.09,8.347585,77.666016,0.0007793736,0.2918319,36.782486
27.1,8.350044,77.75072,0.0007788297,0.29092383,36.783127
27.11,8.3525,77.83552,0.0007782476,0.2900349,36.78377
27.12,8.35495,77.92032,0.0007776292,0.28914952,36.78441
27.13,8.357393,78.00508,0.00077675655,0.2882754,36.78505
27.14,8.35983,78.08994,0.00077624153,0.28740287,36.785694
27.15,8.362263,78.17483,0.0007755561,0.2865393,36.786327
27.16,8.364693,78.259766,0.0007749675,0.2856775,36.78695
27.17,8.367115,78.34468,0.0007741852,0.28482312,36.787594
27.18,8.369534,78.42963,0.00077372976,0.28396654,36.78821
27.19,8.371944,78.51462,0.00077295396,0.28312224,36.788822
27.2,8.374352,78.59965,0.00077196304,0.28229636,36.78946
27.21,8.376756,78.684685,0.00077140424,0.2814707,36.79007
27.22,8.37915,78.76972,0.0007705167,0.28065485,36.790684
27.23,8.381542,78.85485,0.0007700622,0.27983725,36.7913
27.24,8.383928,78.939995,0.0007689297,0.27902067,36.791916
27.25,8.386308,79.025154,0.0007687649,0.27822044,36.792534
27.26,8.388682,79.11035,0.0007676324,0.27741444,36.793125
27.27,8.391054,79.19558,0.0007672822,0.27663642,36.793724
27.28,8.393418,79.28084,0.0007661646,0.27583957,36.794342
27.29,8.395779,79.36609,0.00076566543,0.27505666,36.79495
27.3,8.398133,79.451355,0.0007647034,0.274282,36.79554
27.31,8.400481,79.536705,0.0007641008,0.27351657,36.79614
27.32,8.402827,79.62207,0.0007633474,0.27275753,36.796722
27.33,8.405169,79.707405,0.000762349,0.27199766,36.797314
27.34,8.4075,79.79281,0.00076161884,0.27123737,36.797905
27.35,8.409832,79.878265,0.0007608589,0.2704903,36.798496
27.36,8.412154,79.96372,0.0007601427,0.26974317,36.799084
27.37,8.414474,80.049194,0.00075936783,0.2690053,36.799664
27.38,8.416786,80.1347,0.00075869076,0.26826698,36.800243
27.39,8.419097,80.220245,0.00075770635,0.26754272,36.800823
27.4,8.421399,80.305786,0.0007570954,0.26682281,36.801395
27.41,8.423701,80.39137,0.0007560225,0.26610696,36.80197
27.42,8.425993,80.47699,0.0007552551,0.26537725,36.80253
27.43,8.428283,80.562645,0.0007544579,0.26468745,36.8031
27.44,8.430565,80.648285,0.00075363927,0.2639677,36.803677
27.45,8.432844,80.73398,0.00075306464,0.2632589,36.804245
27.46,8.435115,80.81966,0.00075240154,0.26257923,36.804806
27.47,8.437382,80.90541,0.000751053,0.2618723,36.80536
27.48,8.439647,80.991165,0.0007503452,0.2611878,36.80592
27.49,8.441907,81.07696,0.0007498013,0.26050192,36.806477
27.5,8.4441595,81.16278,0.00074864645,0.2598229,36.80703
27.51,8.446409,81.2486,0.00074763317,0.2591514,36.80757
27.52,8.448652,81.33446,0.0007468667,0.25848192,36.808125
27.53,8.45089,81.42035,0.0007459279,0.25781503,36.808666
27.54,8.453122,81.50627,0.0007453393,0.25713944,36.80921
27.55,8.455351,81.592186,0.0007442655,0.25647882,36.809772
27.56,8.457575,81.678116,0.0007434916,0.25583774,36.810287
27.57,8.459794,81.76411,0.0007425975,0.2551698,36.810837
27.58,8.462008,81.85008,0.0007417258,0.2545231,36.811367
27.59,8.464217,81.936134,0.0007407721,0.25388113,36.811905
27.6,8.466422,82.02219,0.0007396918,0.25323942,36.81243
27.61,8.468619,82.108246,0.00073905196,0.25259107,36.81296
27.62,8.470813,82.19434,0.0007378822,0.25195742,36.813484
27.63,8.473004,82.280464,0.00073694345,0.25133365,36.814007
27.64,8.475187,82.36657,0.0007358184,0.25069237,36.814537
27.65,8.477366,82.45271,0.00073498394,0.25006866,36.815056
27.66,8.479543,82.5389,0.0007339334,0.24943893,36.815567
27.67,8.481712,82.6251,0.0007331213,0.24882261,36.816074
27.68,8.483875,82.71132,0.0007321751,0.24818462,36.816597
27.69,8.486035,82.79756,0.00073106587,0.24758619,36.817097
27.7,8.488193,82.88385,0.00073019415,0.24697365,36.81761
27.71,8.490344,82.97013,0.00072936714,0.24636164,36.818104
27.72,8.492489,83.05643,0.00072848797,0.2457586,36.81861
27.73,8.494632,83.14276,0.00072748214,0.24515416,36.81912
27.74,8.496768,83.22912,0.00072621554,0.24453895,36.81962
27.75,8.4988985,83.3155,0.0007251287,0.24393483,36.82011
27.76,8.501025,83.401855,0.0007244358,0.2433385,36.820606
27.77,8.503147,83.488266,0.0007232884,0.24274462,36.8211
27.78,8.505264,83.5747,0.0007220069,0.24214928,36.821587
27.79,8.507377,83.66117,0.000721083,0.24155797,36.82206
27.8,8.509487,83.74761,0.0007200176,0.24097237,36.822556
27.81,8.511586,83.83413,0.0007192129,0.24036695,36.823048
27.82,8.513687,83.92062,0.00071794726,0.23979835,36.823505
27.83,8.5157795,84.007164,0.0007168371,0.23919861,36.823994
27.84,8.51787,84.0937,0.0007157717,0.23862593,36.824474
27.85,8.519951,84.18022,0.0007151384,0.23803115,36.82494
27.86,8.522033,84.266815,0.0007136483,0.23746423,36.8254
27.87,8.524106,84.353455,0.00071279146,0.23687665,36.82587
27.88,8.526174,84.44004,0.0007115472,0.23630184,36.82634
27.89,8.528242,84.5267,0.0007102508,0.23572567,36.82679
27.9,8.530305,84.61332,0.00070938,0.23514584,36.827255
27.91,8.532358,84.70002,0.0007080976,0.23458166,36.827713
27.92,8.534411,84.78672,0.0007074196,0.23400125,36.828163
27.93,8.536459,84.87345,0.0007057665,0.23342663,36.82863
27.94,8.538498,84.96016,0.00070464145,0.23285766,36.82907
27.95,8.540537,85.04689,0.00070373993,0.23227657,36.829525
27.96,8.542569,85.133644,0.00070260745,0.23171377,36.829952
27.97,8.544599,85.220406,0.00070159417,0.23115246,36.830395
27.98,8.546622,85.30719,0.0007002456,0.23058216,36.83084
27.99,8.548639,85.39403,0.0006991131,0.23001048,36.83127
28.0,8.550656,85.48082,0.0006979592,0.2294586,36.831715
28.01,8.552664,85.56768,0.0006969152,0.2288837,36.832134
28.02,8.554669,85.65456,0.00069559645,0.22831406,36.832573
28.03,8.556674,85.74141,0.0006944416,0.22775266,36.833004
28.04,8.558665,85.8283,0.0006930642,0.22719356,36.833424
28.05,8.560656,85.9152,0.0006920127,0.22662692,36.83383
28.06,8.562647,86.00209,0.0006908141,0.22606629,36.834255
28.07,8.564627,86.08903,0.0006894721,0.22549145,36.834656
28.08,8.566606,86.17595,0.0006883247,0.22492881,36.83507
28.09,8.568577,86.26291,0.00068719964,0.22436449,36.8355
28.1,8.570546,86.349915,0.00068579894,0.22379875,36.835903
28.11,8.572511,86.4369,0.00068480056,0.2232344,36.836315
28.12,8.5744705,86.52389,0.00068356376,0.22267398,36.836708
28.13,8.576426,86.6109,0.0006825058,0.22211267,36.8371
28.14,8.578379,86.69793,0.0006811861,0.22154132,36.8375
28.15,8.580321,86.78494,0.0006798608,0.2209841,36.83789
28.16,8.582264,86.87201,0.0006786464,0.22041775,36.838295
28.17,8.584202,86.95906,0.00067715533,0.21985716,36.838676
28.18,8.58613,87.04614,0.000676224,0.21928304,36.83907
28.19,8.58806,87.13321,0.00067471154,0.21872605,36.83945
28.2,8.589983,87.22036,0.0006735269,0.21814778,36.839825
28.21,8.591901,87.30744,0.00067191664,0.21757843,36.840206
28.22,8.593819,87.39455,0.0006708661,0.21701314,36.840584
28.23,8.595727,87.481674,0.0006695101,0.21644735,36.84095
28.24,8.597631,87.568794,0.0006682584,0.21587382,36.84133
28.25,8.599534,87.65595,0.00066689495,0.21530545,36.841682
28.26,8.601428,87.743164,0.00066559855,0.2147312,36.84205
28.27,8.603321,87.83031,0.0006641373,0.21416262,36.8424
28.28,8.605211,87.91749,0.00066290796,0.21358816,36.842766
28.29,8.607093,88.00467,0.00066150725,0.21300943,36.843124
28.3,8.60897,88.09186,0.0006601056,0.21243621,36.843464
28.31,8.610845,88.17906,0.00065884646,0.21186025,36.843815
28.32,8.612716,88.2663,0.0006574448,0.21127976,36.84415
28.33,8.614576,88.35351,0.0006562527,0.2106992,36.8445
28.34,8.616439,88.44074,0.0006544711,0.21012987,36.84485
28.35,8.618298,88.52801,0.00065319706,0.20954183,36.84517
28.36,8.620149,88.61526,0.0006518634,0.20895907,36.84551
28.37,8.621999,88.70251,0.0006505661,0.20836529,36.84584
28.38,8.623838,88.78973,0.00064912066,0.20778705,36.846165
28.39,8.625675,88.877,0.0006478606,0.20718935,36.846497
28.4,8.627511,88.964264,0.00064596813,0.206607,36.846806
28.41,8.629341,89.05157,0.0006448878,0.20600715,36.84713
28.42,8.631167,89.138855,0.0006433213,0.20541544,36.84744
28.43,8.632986,89.22615,0.0006419653,0.20482773,36.847748
28.44,8.634803,89.31343,0.00064031035,0.20422249,36.84807
28.45,8.636615,89.40076,0.0006389767,0.20362832,36.84837
28.46,8.638426,89.48803,0.00063752383,0.20304051,36.84868
28.47,8.640228,89.575356,0.00063586794,0.20243636,36.848972
28.48,8.642025,89.66262,0.0006343629,0.2018338,36.849266
28.49,8.64382,89.749954,0.0006329911,0.2012214,36.849552
28.5,8.645606,89.8373,0.00063142553,0.20061755,36.849846
28.51,8.647395,89.924614,0.00062986,0.20001581,36.850147
28.52,8.649177,90.01193,0.0006283689,0.19940624,36.850407
28.53,8.650952,90.09923,0.00062703434,0.1987927,36.850693
28.54,8.652726,90.18657,0.0006252909,0.19817768,36.85097
28.55,8.6544895,90.273895,0.00062407553,0.19755483,36.851254
28.56,8.656258,90.361244,0.00062219705,0.19694738,36.85152
28.57,8.658014,90.44857,0.00062069856,0.19631882,36.85179
28.58,8.65977,90.53591,0.0006189393,0.19569714,36.85203
28.59,8.661517,90.62322,0.0006175153,0.1950579,36.852306
28.6,8.663266,90.71057,0.0006158231,0.19443774,36.85256
28.61,8.665009,90.797874,0.0006145332,0.19381256,36.852818
28.62,8.666747,90.885216,0.0006128559,0.19318019,36.853065
28.63,8.668477,90.97253,0.00061105937,0.19255342,36.853325
28.64,8.670204,91.05984,0.00060968753,0.19191307,36.853554
28.65,8.67193,91.14714,0.00060794316,0.19127864,36.853786
28.66,8.673651,91.23448,0.00060625095,0.19063117,36.85403
28.67,8.675367,91.32181,0.00060468446,0.18998447,36.854263
28.68,8.6770735,91.409134,0.00060299225,0.189332,36.854492
28.69,8.678782,91.496414,0.0006012926,0.18870297,36.85473
28.7,8.680481,91.583725,0.0005996525,0.18804775,36.854942
28.71,8.682186,91.671005,0.0005978849,0.18740208,36.85516
28.72,8.683877,91.75829,0.00059607346,0.18673787,36.85538
28.73,8.685564,91.84558,0.0005946113,0.18607818,36.8556
28.74,8.687248,91.93287,0.0005928669,0.18542263,36.855797
28.75,8.688929,92.02016,0.0005911598,0.18477535,36.85601
28.76,8.690606,92.107445,0.00058949646,0.18409398,36.856213
28.77,8.692278,92.19466,0.0005876478,0.18342963,36.85642
28.78,8.693949,92.28192,0.00058613345,0.18276644,36.8566
28.79,8.695608,92.36915,0.00058421027,0.18209565,36.856804
28.8,8.697269,92.4564,0.0005824957,0.18142152,36.856995
28.81,8.698921,92.54361,0.00058090687,0.1807414,36.85718
28.82,8.700572,92.63083,0.00057898276,0.18005952,36.85736
28.83,8.70222,92.71804,0.00057732034,0.17939122,36.85755
28.84,8.703858,92.80525,0.00057564955,0.17870386,36.85771
28.85,8.705496,92.89241,0.000573718,0.17801529,36.85791
28.86,8.707133,92.9796,0.00057206955,0.1773286,36.858055
28.87,8.708756,93.06674,0.0005702507,0.17664996,36.858227
28.88,8.710382,93.15387,0.00056820735,0.17595765,36.858387
28.89,8.712002,93.24101,0.00056643225,0.17525521,36.858547
28.9,8.71362,93.32815,0.00056447834,0.17455968,36.858696
28.91,8.715229,93.41523,0.00056277774,0.1738581,36.85885
28.92,8.716834,93.50234,0.00056094304,0.17316002,36.858997
28.93,8.71844,93.58939,0.0005590189,0.17245865,36.859154
28.94,8.720039,93.67645,0.0005572587,0.1717596,36.859283
28.95,8.721633,93.76352,0.0005554464,0.17104483,36.85943
28.96,8.72322,93.8505,0.0005535744,0.17032728,36.859566
28.97,8.724806,93.93754,0.0005517695,0.16963443,36.859703
28.98,8.726387,94.02451,0.0005500531,0.16891575,36.85982
28.99,8.727968,94.1115,0.0005483907,0.16819313,36.859936
29.0,8.729539,94.1984,0.00054605585,0.16748172,36.860065
29.01,8.731108,94.285385,0.00054423604,0.16675732,36.86018
29.02,8.73267,94.3723,0.00054244604,0.16603771,36.860294
29.03,8.734231,94.45916,0.00054080505,0.16529897,36.86041
29.04,8.735787,94.54605,0.00053866394,0.16458866,36.86052
29.05,8.737341,94.63289,0.0005371263,0.16386423,36.86061
29.06,8.738889,94.71972,0.000535314,0.16314247,36.860718
29.07,8.740427,94.806526,0.000533225,0.1624048,36.860825
29.08,8.741966,94.89331,0.00053117424,0.16168204,36.860912
29.09,8.743503,94.98004,0.0005294215,0.16093916,36.860992
29.1,8.745035,95.06679,0.0005277125,0.16021487,36.861095
29.11,8.74656,95.1535,0.0005257055,0.15946975,36.861183
29.12,8.748082,95.24013,0.000523841,0.1587379,36.861256
29.13,8.749598,95.32676,0.000521848,0.15799701,36.861343
29.14,8.751111,95.41343,0.0005200133,0.15725452,36.861416
29.15,8.752621,95.50001,0.00051843096,0.15651467,36.861477
29.16,8.754127,95.58657,0.0005163718,0.15577286,36.86154
29.17,8.755627,95.67312,0.00051450636,0.15502137,36.86161
29.18,8.757126,95.75963,0.00051249936,0.15429515,36.861664
29.19,8.758617,95.84609,0.0005107764,0.15352926,36.861744
29.2,8.760105,95.93251,0.00050905906,0.15278566,36.861794
29.21,8.76159,96.01893,0.00050708186,0.1520487,36.861847
29.22,8.76307,96.10526,0.00050516427,0.15130198,36.8619
29.23,8.764547,96.191605,0.00050344877,0.150558,36.86193
29.24,8.766019,96.27793,0.00050164945,0.1498,36.861984
29.25,8.767486,96.36418,0.0004998958,0.14904952,36.86201
29.26,8.768952,96.45042,0.0004979698,0.14829323,36.86206
29.27,8.770411,96.53661,0.0004963502,0.14755324,36.862087
29.28,8.771862,96.62282,0.0004942911,0.1467897,36.86213
29.29,8.773315,96.70888,0.0004925588,0.14604616,36.862164
29.3,8.774762,96.79495,0.00049086474,0.14528793,36.86217
29.31,8.77621,96.881,0.0004892526,0.14453587,36.862213
29.32,8.777647,96.966995,0.00048719998,0.1437839,36.86222
29.33,8.779082,97.052956,0.0004855804,0.14303467,36.86225
29.34,8.780512,97.138885,0.00048398972,0.14228746,36.862255
29.35,8.781938,97.22474,0.00048216805,0.14152783,36.862255
29.36,8.783363,97.31057,0.00048071146,0.14078641,36.86227
29.37,8.784781,97.39635,0.00047891308,0.1400274,36.862278
29.38,8.786198,97.48209,0.00047720317,0.13926703,36.862278
29.39,8.787606,97.56779,0.0004755305,0.13852468,36.86228
29.4,8.789017,97.653435,0.00047413353,0.13777232,36.862293
29.41,8.790418,97.73901,0.0004725214,0.13702542,36.862286
29.42,8.791818,97.82456,0.0004709605,0.13628772,36.86227
29.43,8.793212,97.91008,0.00046934,0.1355417,36.86227
29.44,8.794604,97.99553,0.0004677344,0.13479683,36.862263
29.45,8.795994,98.080925,0.00046642683,0.13405362,36.862236
29.46,8.797374,98.16625,0.00046494696,0.13329878,36.86222
29.47,8.798755,98.25156,0.00046357978,0.1325666,36.86221
29.48,8.80013,98.336784,0.00046199653,0.13181973,36.862183
29.49,8.801504,98.421974,0.0004605027,0.13108435,36.86216
29.5,8.802869,98.50712,0.00045921747,0.13035002,36.862133
29.51,8.804234,98.59214,0.0004577525,0.12961555,36.862103
29.52,8.805596,98.67716,0.00045668986,0.12888867,36.86207
29.53,8.806949,98.76213,0.0004557101,0.12816012,36.86204
29.54,8.808303,98.847046,0.0004540449,0.12743074,36.862003
29.55,8.809652,98.93186,0.0004529897,0.1267114,36.861984
29.56,8.810998,99.01665,0.00045195036,0.12598822,36.861946
29.57,8.812341,99.101326,0.0004506046,0.12526211,36.86189
29.58,8.813678,99.18598,0.0004496388,0.124551386,36.861855
29.59,8.815011,99.27059,0.00044847187,0.12383184,36.86181
29.6,8.81634,99.355095,0.00044742506,0.123125196,36.861755
29.61,8.817668,99.43959,0.00044648163,0.122419775,36.86171
29.62,8.818989,99.52396,0.00044559687,0.12170851,36.861664
29.63,8.820307,99.608284,0.00044475123,0.12102014,36.861614
29.64,8.821625,99.69254,0.00044406857,0.12030867,36.86156
29.65,8.822935,99.77676,0.0004433561,0.11962131,36.861492
29.66,8.824243,99.86085,0.00044259895,0.1189307,36.861458
29.67,8.825547,99.944916,0.00044173747,0.11824736,36.861385
29.68,8.826849,100.02887,0.00044127088,0.11757326,36.861336
29.69,8.828144,100.11274,0.0004405724,0.11690268,36.861267
29.7,8.829439,100.19659,0.0004401505,0.11621997,36.861214
29.71,8.830733,100.28033,0.00043946784,0.11555433,36.861145
29.72,8.832015,100.364044,0.0004393654,0.11488667,36.861095
29.73,8.833298,100.44761,0.0004387051,0.11423889,36.861027
29.74,8.8345785,100.53115,0.00043843128,0.11358735,36.86096
29.75,8.835853,100.61458,0.00043834466,0.11293176,36.86089
29.76,8.83713,100.697945,0.00043794513,0.11229557,36.86082
29.77,8.838396,100.78123,0.0004379023,0.111652166,36.86075
29.78,8.839662,100.86445,0.00043800846,0.11101735,36.8607
29.79,8.840925,100.947586,0.00043810718,0.11039877,36.860615
29.8,8.842188,101.03059,0.00043805782,0.10978401,36.860546
29.81,8.843435,101.11352,0.00043805968,0.10916135,36.860462
29.82,8.84469,101.19639,0.0004383074,0.10856649,36.8604
29.83,8.845939,101.27918,0.0004387265,0.10796261,36.86032
29.84,8.847187,101.36189,0.00043881033,0.107369125,36.860252
29.85,8.84843,101.44449,0.00043940824,0.10678348,36.86017
29.86,8.849666,101.52699,0.00044009555,0.106196076,36.860104
29.87,8.850903,101.60944,0.00044059567,0.10561648,36.86002
29.88,8.852135,101.691734,0.00044120103,0.10505518,36.85994
29.89,8.853362,101.773964,0.00044194795,0.10451141,36.859867
29.9,8.854589,101.856155,0.00044275448,0.10395247,36.8598
29.91,8.85581,101.938194,0.00044372492,0.10342005,36.85971
29.92,8.85703,102.020134,0.00044479873,0.10287011,36.859634
29.93,8.858249,102.102005,0.000445568,0.102353066,36.859566
29.94,8.859462,102.18374,0.00044678338,0.10182467,36.859497
29.95,8.860674,102.26546,0.00044817012,0.10131115,36.859425
29.96,8.861877,102.34699,0.0004496174,0.100816846,36.859337
29.97,8.863084,102.42844,0.0004510712,0.1003173,36.85925
29.98,8.864284,102.50981,0.00045262184,0.099829555,36.859188
29.99,8.865479,102.59108,0.00045392755,0.0993464,36.859108
30.0,8.866677,102.67223,0.00045591034,0.09888655,36.85903
30.01,8.8678665,102.75326,0.00045772176,0.09843516,36.85896
30.02,8.869056,102.834236,0.00045954064,0.09797567,36.858883
30.03,8.870244,102.9151,0.00046142656,0.0975312,36.858803
30.04,8.871428,102.99581,0.00046363287,0.097112894,36.858753
30.05,8.872604,103.07642,0.00046588387,0.09668851,36.858673
30.06,8.873783,103.15695,0.0004682243,0.09627518,36.858585
30.07,8.874958,103.237366,0.0004708022,0.09587839,36.858532
30.08,8.876129,103.31763,0.0004730234,0.09548387,36.85846
30.09,8.877296,103.39784,0.0004757056,0.095109135,36.85839
30.1,8.878466,103.47791,0.000478426,0.0947465,36.858315
30.11,8.879625,103.557884,0.00048145093,0.09438142,36.858253
30.12,8.880787,103.6377,0.00048432034,0.09403384,36.8582
30.13,8.881944,103.71743,0.00048738997,0.09369314,36.85812
30.14,8.883099,103.797035,0.0004908256,0.09337208,36.85806
30.15,8.884248,103.87653,0.0004942082,0.09304914,36.858
30.16,8.8854,103.9559,0.0004974343,0.092752665,36.857937
30.17,8.886542,104.03512,0.0005010562,0.09246513,36.857864
30.18,8.8876915,104.11424,0.0005046623,0.09218505,36.85782
30.19,8.888828,104.19329,0.00050846953,0.09191024,36.857765
30.2,8.889971,104.27218,0.000512545,0.091659606,36.857708
30.21,8.891106,104.35092,0.000516478,0.0914287,36.857643
30.22,8.892237,104.42957,0.0005207332,0.09118685,36.857597
30.23,8.893372,104.50811,0.0005250396,0.09096852,36.857548
30.24,8.894497,104.58646,0.0005294271,0.09076905,36.857502
30.25,8.895624,104.66474,0.0005341433,0.09056923,36.85746
30.26,8.896747,104.742836,0.0005388437,0.090387374,36.85741
30.27,8.897866,104.82089,0.0005437238,0.09023625,36.85738
30.28,8.898986,104.89876,0.00054846983,0.090079755,36.857334
30.29,8.900099,104.97649,0.00055365544,0.08993855,36.857292
30.3,8.901213,105.0541,0.0005591372,0.08980405,36.85727
30.31,8.902328,105.13156,0.0005643526,0.0896917,36.85723
30.32,8.903434,105.20889,0.0005700076,0.089598805,36.857204
30.33,8.904541,105.28612,0.0005756831,0.089506984,36.857174
30.34,8.905645,105.3632,0.0005815914,0.08943859,36.85714
30.35,8.906743,105.44011,0.0005876329,0.08938265,36.857117
30.36,8.907842,105.51697,0.0005935775,0.089338094,36.857098
30.37,8.908942,105.59359,0.0005997084,0.08931357,36.857075
30.38,8.910035,105.67011,0.0006061299,0.08929691,36.85705
30.39,8.911128,105.746506,0.0006125737,0.08930257,36.857044
30.4,8.912217,105.82279,0.00061946455,0.08931953,36.857037
30.41,8.913306,105.89886,0.0006261766,0.08934641,36.857033
30.42,8.9143915,105.97483,0.0006331559,0.089392096,36.85702
30.43,8.915474,106.05067,0.00064033736,0.0894528,36.857025
30.44,8.916554,106.126274,0.0006478159,0.08952752,36.857018
30.45,8.917633,106.20186,0.00065501966,0.089619726,36.857025
30.46,8.918708,106.277245,0.00066279713,0.08972433,36.857025
30.47,8.919783,106.3525,0.0006705066,0.08984533,36.857033
30.48,8.920856,106.42758,0.0006783437,0.08998352,36.857056
30.49,8.921929,106.50255,0.00068635866,0.090148,36.857056
30.5,8.9229965,106.5773,0.00069456734,0.09030914,36.85708
30.51,8.924063,106.65199,0.00070307404,0.09049776,36.857098
30.52,8.925126,106.72648,0.00071177445,0.09069741,36.85713
30.53,8.926189,106.80083,0.00072043017,0.09090617,36.857155
30.54,8.927246,106.87506,0.00072933175,0.091144055,36.85719
30.55,8.928305,106.9491,0.0007383898,0.09140575,36.85722
30.56,8.9293585,107.02297,0.00074786507,0.09166035,36.857258
30.57,8.930415,107.09674,0.00075678807,0.091948986,36.857296
30.58,8.931462,107.17036,0.00076654647,0.092244714,36.85735
30.59,8.932515,107.24377,0.00077614095,0.09256089,36.8574
30.6,8.93356,107.31707,0.0007862048,0.092897594,36.857452
30.61,8.9346075,107.39017,0.0007962007,0.09325805,36.8575
30.62,8.935647,107.46315,0.0008063391,0.093612075,36.857563
30.63,8.936695,107.53599,0.00081680436,0.094004154,36.857624
30.64,8.937735,107.60862,0.00082730036,0.09441066,36.857693
30.65,8.938772,107.68112,0.00083781034,0.0948143,36.85778
30.66,8.939808,107.753494,0.00084888656,0.095255405,36.85783
30.67,8.940841,107.82567,0.00085981376,0.09570268,36.857914
30.68,8.941874,107.89767,0.00087089,0.09618023,36.85799
30.69,8.942909,107.96956,0.0008823173,0.09666845,36.858086
30.7,8.943935,108.04122,0.0008939663,0.09716123,36.858173
30.71,8.944961,108.11278,0.0009056693,0.09769192,36.858276
30.72,8.945985,108.18416,0.0009177206,0.09823316,36.858368
30.73,8.94701,108.25532,0.00092972815,0.09878582,36.85846
30.74,8.948029,108.32638,0.00094202533,0.0993633,36.858566
30.75,8.949051,108.39733,0.0009541819,0.099966764,36.858685
30.76,8.950068,108.46806,0.0009671133,0.10056323,36.8588
30.77,8.951083,108.5386,0.0009796349,0.10119176,36.858925
30.78,8.952098,108.60899,0.0009927144,0.10184723,36.859024
30.79,8.953111,108.67923,0.0010059141,0.10250777,36.859142
30.8,8.954123,108.749275,0.001018919,0.10318732,36.859283
30.81,8.9551325,108.81917,0.0010326393,0.10389641,36.859425
30.82,8.956136,108.88886,0.0010463372,0.1046142,36.85957
30.83,8.957142,108.958496,0.0010599531,0.105353355,36.859707
30.84,8.95815,109.027885,0.0010738159,0.106110245,36.859848
30.85,8.959148,109.097084,0.0010880269,0.10687706,36.859997
30.86,8.960149,109.16619,0.0011025453,0.10767686,36.860153
30.87,8.961151,109.23506,0.0011168905,0.108477116,36.86031
30.88,8.962145,109.30373,0.0011316836,0.10930997,36.86049
30.89,8.963139,109.37233,0.0011467151,0.11015254,36.86065
30.9,8.964131,109.44066,0.0011614626,0.11100829,36.86082
30.91,8.965125,109.508865,0.0011764048,0.11189866,36.860985
30.92,8.966115,109.57696,0.0011921367,0.11279839,36.86117
30.93,8.967103,109.64478,0.0012075994,0.113713324,36.86137
30.94,8.968092,109.7125,0.0012234058,0.114656895,36.86154
30.95,8.969072,109.78002,0.0012391815,0.11560634,36.86175
30.96,8.970059,109.84739,0.0012552328,0.1165871,36.861942
30.97,8.971041,109.914566,0.0012713298,0.117587715,36.86214
30.98,8.972019,109.98155,0.0012881039,0.11859208,36.862354
30.99,8.9730015,110.04837,0.0013046544,0.11961132,36.862568
31.0,8.973974,110.11506,0.0013213018,0.12066206,36.862778
31.01,8.974952,110.181496,0.0013380386,0.12173584,36.86301
31.02,8.975924,110.24783,0.0013552895,0.12280515,36.86323
31.03,8.976896,110.31397,0.0013725851,0.12390971,36.863464
31.04,8.977868,110.37996,0.0013901638,0.12503064,36.8637
31.05,8.978833,110.44571,0.001407831,0.12617335,36.86393
31.06,8.979803,110.51138,0.0014255214,0.12732589,36.864178
31.07,8.980767,110.576775,0.0014433078,0.12850913,36.86442
31.08,8.98173,110.64207,0.0014613261,0.12969798,36.86467
31.09,8.982693,110.70715,0.0014797458,0.13091171,36.864944
31.1,8.983652,110.772095,0.00149839,0.13213694,36.865192
31.11,8.984612,110.8368,0.0015166011,0.13338527,36.865463
31.12,8.98557,110.90138,0.00153552,0.13465291,36.865726
31.13,8.986526,110.96572,0.0015542461,0.13594225,36.866013
31.14,8.987478,111.02998,0.001573679,0.13724223,36.866272
31.15,8.988434,111.09396,0.0015929332,0.13856336,36.866573
31.16,8.989382,111.15787,0.0016122693,0.13989988,36.866844
31.17,8.9903345,111.221535,0.0016319025,0.14124969,36.867146
31.18,8.991278,111.28505,0.0016517686,0.14263332,36.867447
31.19,8.992227,111.34839,0.0016717082,0.14401972,36.867752
31.2,8.99317,111.411545,0.0016916469,0.14542973,36.868034
31.21,8.994113,111.474464,0.0017121676,0.14685738,36.868343
31.22,8.995052,111.53727,0.0017322851,0.14830482,36.86866
31.23,8.995994,111.59991,0.001753089,0.14976734,36.868988
31.24,8.996927,111.662346,0.001773743,0.15125045,36.869305
31.25,8.997867,111.7246,0.0017947331,0.15274072,36.869637
31.26,8.998801,111.78673,0.0018155733,0.15424922,36.869957
31.27,8.999735,111.84864,0.001836801,0.15579236,36.8703
31.28,9.000665,111.910355,0.0018581329,0.15733981,36.870644
31.29,9.001596,111.97189,0.0018796213,0.15891296,36.870983
31.3,9.0025215,112.033264,0.0019013789,0.16048753,36.871338
31.31,9.003449,112.09447,0.0019229334,0.16210619,36.871685
31.32,9.004372,112.155525,0.0019449657,0.16372207,36.872047
31.33,9.005298,112.21637,0.0019671628,0.16535395,36.8724
31.34,9.006217,112.27699,0.0019892314,0.1670084,36.872772
31.35,9.00714,112.33749,0.0020117173,0.16867647,36.873142
31.36,9.008058,112.39779,0.0020340998,0.1703721,36.873512
31.37,9.008974,112.45798,0.0020570485,0.17207885,36.87389
31.38,9.00989,112.51789,0.0020796536,0.17380074,36.87428
31.39,9.010801,112.57767,0.0021026395,0.17553455,36.874664
31.4,9.011714,112.63731,0.0021258853,0.17728111,36.87505
31.41,9.012625,112.696724,0.0021492364,0.17906521,36.875446
31.42,9.013532,112.75595,0.00217243,0.18084648,36.87584
31.43,9.014441,112.81507,0.0021960856,0.18265487,36.876244
31.44,9.015345,112.873924,0.0022196444,0.1844726,36.876656
31.45,9.016247,112.93268,0.0022433521,0.18632019,36.87707
31.46,9.017147,112.99118,0.002267439,0.18816651,36.877483
31.47,9.018047,113.04956,0.002291453,0.19003248,36.8779
31.48,9.018944,113.10775,0.002315809,0.1919272,36.878315
31.49,9.019842,113.16578,0.0023401724,0.19382162,36.878742
31.5,9.020738,113.22358,0.0023644082,0.19574167,36.879185
31.51,9.02163,113.28129,0.0023889719,0.19767764,36.879616
31.52,9.022525,113.338745,0.0024137227,0.19962144,36.88005
31.53,9.02341,113.396065,0.0024388237,0.2015848,36.880497
31.54,9.0243025,113.45319,0.0024635885,0.20357189,36.88094
31.55,9.025186,113.51017,0.0024888162,0.2055636,36.881405
31.56,9.026072,113.566956,0.002514013,0.20757326,36.88185
31.57,9.026955,113.62355,0.0025393516,0.20960298,36.882298
31.58,9.027837,113.67995,0.0025648465,0.21164407,36.882767
31.59,9.028713,113.73622,0.002590416,0.21369325,36.883236
31.6,9.029591,113.79231,0.0026160153,0.21576914,36.88369
31.61,9.030468,113.84823,0.0026419498,0.21786258,36.88417
31.62,9.031344,113.90394,0.002667996,0.21996816,36.88465
31.63,9.032217,113.95951,0.0026939753,0.22208318,36.88513
31.64,9.033088,114.01488,0.002719976,0.22420837,36.8856
31.65,9.033954,114.070114,0.0027465438,0.2263593,36.886097
31.66,9.034826,114.12517,0.0027729105,0.22851658,36.886585
31.67,9.035688,114.18002,0.0027993135,0.23068969,36.88709
31.68,9.036553,114.23474,0.0028261198,0.23288533,36.887566
31.69,9.037415,114.289215,0.002852776,0.23507805,36.888073
31.7,9.038277,114.34354,0.0028795525,0.23729672,36.88858
31.71,9.039136,114.39774,0.0029063206,0.23952523,36.889103
31.72,9.039989,114.4517,0.0029332899,0.24177273,36.88961
31.73,9.040848,114.50556,0.0029605646,0.24403235,36.89011
31.74,9.0417,114.559235,0.002987951,0.24631092,36.89064
31.75,9.042549,114.612724,0.0030152183,0.24858625,36.891144
31.76,9.0434,114.66605,0.0030426346,0.2508819,36.891666
31.77,9.044248,114.71919,0.0030701095,0.25320566,36.8922
31.78,9.0450945,114.77218,0.003097943,0.2555223,36.892723
31.79,9.0459385,114.82496,0.0031253668,0.25786617,36.893257
31.8,9.0467825,114.877594,0.0031531407,0.26021984,36.89379
31.81,9.047621,114.93006,0.0031813616,0.26258117,36.894344
31.82,9.048457,114.98234,0.0032090377,0.26496935,36.894886
31.83,9.049297,115.03448,0.003236997,0.26735175,36.89542
31.84,9.050131,115.086426,0.003265269,0.2697522,36.89597
31.85,9.050965,115.13821,0.003293639,0.27216804,36.896523
31.86,9.051794,115.189865,0.0033219187,0.27459955,36.89708
31.87,9.052623,115.24127,0.0033501536,0.2770387,36.897633
31.88,9.0534525,115.292595,0.0033787237,0.27948612,36.89819
31.89,9.0542755,115.34369,0.003407428,0.28195208,36.89876
31.9,9.055101,115.39465,0.0034359014,0.28442976,36.89932
31.91,9.055922,115.445435,0.0034647249,0.28692168,36.899887
31.92,9.056741,115.49601,0.0034936378,0.28941616,36.900463
31.93,9.057561,115.54647,0.0035223048,0.2919321,36.90103
31.94,9.058374,115.59674,0.0035513733,0.29445243,36.90162
31.95,9.059188,115.64685,0.0035802042,0.2969848,36.902195
31.96,9.060001,115.69681,0.0036093844,0.29953122,36.902775
31.97,9.060812,115.74658,0.0036385953,0.30208385,36.90336
31.98,9.061622,115.79621,0.0036679097,0.30465534,36.90395
31.99,9.062428,115.84568,0.0036972165,0.3072406,36.904545
32.0,9.063231,115.89494,0.003726487,0.30982926,36.905117
32.01,9.064035,115.944084,0.0037556747,0.31242526,36.90572
32.02,9.06484,115.99307,0.0037852796,0.31504244,36.906315
32.03,9.065636,116.041824,0.003814728,0.31766337,36.906925
32.04,9.066433,116.09047,0.0038447129,0.3202906,36.907524
32.05,9.06723,116.13895,0.0038741017,0.3229331,36.908123
32.06,9.068022,116.187256,0.0039038332,0.32558808,36.908722
32.07,9.068811,116.235466,0.0039337203,0.328251,36.90934
32.08,9.069601,116.28342,0.003963571,0.33092225,36.909954
32.09,9.070388,116.33131,0.0039932057,0.33360636,36.910553
32.1,9.071174,116.37891,0.0040232874,0.3363001,36.91118
32.11,9.071958,116.42645,0.004053249,0.3390094,36.91178
32.12,9.07274,116.47382,0.0040831137,0.3417142,36.912403
32.13,9.073518,116.520935,0.0041135447,0.3444329,36.913025
32.14,9.074297,116.56799,0.0041435584,0.34716523,36.913662
32.15,9.075072,116.61488,0.004173834,0.34990796,36.91429
32.16,9.075845,116.66155,0.0042039743,0.35265642,36.91491
32.17,9.076616,116.70817,0.004233988,0.35541755,36.91553
32.18,9.077386,116.7546,0.0042644115,0.3581813,36.916164
32.19,9.078154,116.80078,0.004294932,0.36095965,36.916805
32.2,9.07892,116.84687,0.0043250946,0.36374122,36.917446
32.21,9.079681,116.89276,0.0043554427,0.36653468,36.91808
32.22,9.080443,116.93855,0.004386061,0.36934078,36.918716
32.23,9.0812,116.984184,0.004416275,0.372151,36.91935
32.24,9.081959,117.029655,0.0044470998,0.37496686,36.91998
32.25,9.082713,117.074936,0.0044774935,0.3777902,36.920643
32.26,9.083469,117.12006,0.004508289,0.3806257,36.921284
32.27,9.08422,117.16508,0.0045386227,0.38347188,36.92193
32.28,9.084969,117.209946,0.004569403,0.38632,36.922592
32.29,9.085714,117.2546,0.0046000564,0.38917843,36.923225
32.3,9.08646,117.29914,0.004630621,0.39204514,36.923885
32.31,9.087205,117.34352,0.0046615354,0.39491814,36.924538
32.32,9.087945,117.38777,0.0046921517,0.3977959,36.925182
32.33,9.088684,117.431816,0.0047226488,0.40068763,36.925835
32.34,9.089426,117.47574,0.004753883,0.40357688,36.9265
32.35,9.090154,117.51955,0.004784611,0.4064805,36.92716
32.36,9.090891,117.56314,0.0048153615,0.40939605,36.92782
32.37,9.091621,117.60659,0.004846335,0.41230717,36.928486
32.38,9.09235,117.64994,0.004876966,0.41523063,36.929153
32.39,9.093078,117.693115,0.0049078874,0.4181619,36.92982
32.4,9.0938015,117.736176,0.0049387114,0.42110333,36.930473
32.41,9.094525,117.778984,0.004969677,0.42404488,36.93115
32.42,9.095246,117.82176,0.0050005685,0.426992,36.9318
32.43,9.095964,117.8643,0.005031579,0.42995474,36.93248
32.44,9.096683,117.90674,0.005062314,0.43290976,36.933155
32.45,9.097397,117.949036,0.005093265,0.43588334,36.933826
32.46,9.098105,117.99116,0.005124208,0.4388574,36.934498
32.47,9.098819,118.03316,0.005155196,0.44183025,36.93516
32.48,9.099526,118.074974,0.0051861396,0.4448277,36.93585
32.49,9.100236,118.116714,0.005216955,0.44781688,36.936512
32.5,9.100935,118.15822,0.005248092,0.45080996,36.937206
32.51,9.101641,118.19961,0.005278908,0.45381492,36.937874
32.52,9.102342,118.240875,0.0053097913,0.4568201,36.938553
32.53,9.103039,118.282,0.0053408756,0.459837,36.939236
32.54,9.103732,118.323,0.0053720493,0.46285585,36.939907
32.55,9.104428,118.36383,0.005402642,0.46588057,36.94059
32.56,9.105122,118.4045,0.005433905,0.46891147,36.941284
32.57,9.105809,118.4451,0.005464646,0.47194764,36.941963
32.58,9.106498,118.48549,0.0054956484,0.4749843,36.942646
32.59,9.107181,118.52573,0.005526643,0.47802413,36.943325
32.6,9.107869,118.56579,0.0055576675,0.48107722,36.94402
32.61,9.108546,118.60581,0.005588535,0.4841228,36.944695
32.62,9.109224,118.64563,0.0056194253,0.4871816,36.945385
32.63,9.109905,118.685356,0.005650323,0.49024725,36.946068
32.64,9.110581,118.72489,0.0056811604,0.49331704,36.946762
32.65,9.111255,118.764336,0.005712147,0.4963839,36.94744
32.66,9.111925,118.803604,0.0057429923,0.4994611,36.948124
32.67,9.112591,118.84276,0.0057737404,0.5025367,36.948826
32.68,9.113257,118.88176,0.0058045406,0.50562394,36.949512
32.69,9.113926,118.92061,0.0058351844,0.50870824,36.9502
32.7,9.114588,118.95932,0.0058661117,0.51179564,36.950882
32.71,9.115249,118.997925,0.005896919,0.51489216,36.951588
32.72,9.115907,119.036415,0.0059276964,0.5179889,36.95227
32.73,9.116561,119.07472,0.0059584435,0.52108985,36.95296
32.74,9.117215,119.11291,0.005988886,0.52419496,36.95366
32.75,9.117867,119.15095,0.0060195895,0.5273041,36.95435
32.76,9.118517,119.18885,0.006050352,0.530417,36.955044
32.77,9.11917,119.22663,0.0060810763,0.53352845,36.95573
32.78,9.119817,119.26426,0.0061115935,0.53664553,36.956432
32.79,9.120459,119.30179,0.006142199,0.5397664,36.95712
32.8,9.1210985,119.33918,0.0061728717,0.54289204,36.95782
32.81,9.121738,119.37641,0.006203284,0.5460141,36.958508
32.82,9.122376,119.4135,0.006233606,0.5491459,36.9592
32.83,9.123013,119.450485,0.0062642717,0.5522739,36.95989
32.84,9.123647,119.48735,0.006294661,0.55540967,36.960587
32.85,9.12428,119.524055,0.006325103,0.5585451,36.961296
32.86,9.12491,119.560684,0.006355731,0.5616802,36.961983
32.87,9.125532,119.597084,0.0063857026,0.56483084,36.96269
32.88,9.126161,119.63342,0.0064162556,0.5679712,36.96336
32.89,9.126782,119.66962,0.006446727,0.571116,36.96406
32.9,9.127406,119.70563,0.0064766016,0.57426274,36.96476
32.91,9.128022,119.74161,0.006507103,0.5774076,36.965454
32.92,9.128639,119.77742,0.0065370593,0.5805621,36.96616
32.93,9.129257,119.813065,0.006567105,0.5837185,36.96685
32.94,9.129871,119.84866,0.006597293,0.5868716,36.967537
32.95,9.130481,119.884094,0.0066274954,0.59003013,36.96823
32.96,9.13109,119.919395,0.006657355,0.59319127,36.96893
32.97,9.131696,119.95455,0.006687461,0.5963534,36.96962
32.98,9.132299,119.98956,0.006717484,0.5995164,36.970314
32.99,9.132901,120.02454,0.006747329,0.60267556,36.971012
33.0,9.133502,120.05932,0.0067771436,0.60584337,36.971714
33.01,9.134103,120.09396,0.006807167,0.6090097,36.972397
33.02,9.134703,120.1285,0.0068368325,0.6121806,36.973095
33.03,9.135292,120.16292,0.006866453,0.6153412,36.97378
33.04,9.135886,120.19727,0.006896186,0.6185135,36.974476
33.05,9.136475,120.23136,0.00692571,0.6216885,36.975166
33.06,9.137066,120.26547,0.006955308,0.6248584,36.97586
33.07,9.1376505,120.29939,0.0069849733,0.62802804,36.976555
33.08,9.138236,120.33318,0.0070143775,0.631201,36.97724
33.09,9.138818,120.36688,0.007043827,0.63437617,36.977932
33.1,9.139394,120.40043,0.007073149,0.63754976,36.97861
33.11,9.139973,120.4339,0.0071026506,0.64072716,36.97931
33.12,9.140551,120.46715,0.00713192,0.6438987,36.98
33.13,9.141125,120.50038,0.0071612275,0.6470797,36.980686
33.14,9.1417,120.533455,0.0071902443,0.6502565,36.98139
33.15,9.142267,120.56642,0.0072195367,0.6534286,36.98207
33.16,9.142838,120.5993,0.007248553,0.65661055,36.982754
33.17,9.143403,120.63198,0.007277577,0.6597913,36.983448
33.18,9.143967,120.664566,0.0073064966,0.66296196,36.98414
33.19,9.144529,120.69707,0.0073355874,0.6661407,36.98482
33.2,9.145085,120.729416,0.0073644915,0.66931957,36.985497
33.21,9.145648,120.7617,0.0073929643,0.67250216,36.986187
33.22,9.146204,120.79382,0.007421779,0.67567384,36.98687
33.23,9.146757,120.82582,0.0074505196,0.67884743,36.987545
33.24,9.147309,120.85776,0.0074793943,0.6820291,36.988235
33.25,9.147859,120.889565,0.007507829,0.6852102,36.988922
33.26,9.148405,120.921196,0.0075364425,0.68838334,36.989594
33.27,9.148954,120.95277,0.0075649368,0.6915596,36.990276
33.28,9.149497,120.98416,0.007593342,0.6947359,36.990944
33.29,9.15004,121.01554,0.0076216194,0.69791204,36.991646
33.3,9.150581,121.04674,0.0076497714,0.70108235,36.992313
33.31,9.151119,121.07784,0.0076780864,0.70426387,36.992992
33.32,9.151656,121.10883,0.0077062007,0.70743036,36.99367
33.33,9.152186,121.13969,0.007734337,0.71060514,36.994347
33.34,9.152723,121.17044,0.007762316,0.7137768,36.99504
33.35,9.153251,121.201126,0.0077902735,0.71694875,36.9957
33.36,9.153779,121.23166,0.007818351,0.72011805,36.996376
33.37,9.1543045,121.26203,0.007846173,0.7232876,36.99706
33.38,9.15483,121.2924,0.007873841,0.7264588,36.99772
33.39,9.155354,121.32257,0.007901566,0.7296256,36.998398
33.4,9.155875,121.35267,0.007929262,0.73279583,36.99905
33.41,9.15639,121.38266,0.007956848,0.7359586,36.999737
33.42,9.156912,121.41258,0.007984446,0.73911893,37.00041
33.43,9.157423,121.44234,0.008011695,0.7422817,37.00108
33.44,9.157936,121.471954,0.008038988,0.7454448,37.00175
33.45,9.158449,121.501495,0.008066484,0.7486061,37.002396
33.46,9.15896,121.530945,0.008093905,0.7517606,37.003063
33.47,9.159465,121.56027,0.008121042,0.7549242,37.00373
33.48,9.159971,121.58949,0.008147955,0.7580793,37.004402
33.49,9.160475,121.618645,0.008175144,0.7612393,37.00505
33.5,9.160978,121.64769,0.0082021095,0.7643887,37.005707
33.51,9.161475,121.676575,0.008228986,0.76753616,37.006386
33.52,9.161972,121.70541,0.0082558915,0.77069056,37.00703
33.53,9.162473,121.73406,0.008282738,0.7738352,37.007694
33.54,9.162967,121.76263,0.008309464,0.7769834,37.008358
33.55,9.163456,121.79113,0.008335871,0.780128,37.009014
33.56,9.163946,121.81953,0.00836271,0.78327096,37.009678
33.57,9.164435,121.847786,0.008388892,0.7864114,37.01033
33.58,9.164924,121.87594,0.008415424,0.7895517,37.010986
33.59,9.16541,121.90405,0.008441853,0.7926856,37.011642
33.6,9.16589,121.93199,0.0084679015,0.7958207,37.012276
33.61,9.166371,121.95991,0.008494286,0.79895324,37.012936
33.62,9.166853,121.98767,0.00852043,0.80208254,37.013584
33.63,9.167329,122.015305,0.008546419,0.8052134,37.014225
33.64,9.167806,122.04287,0.008572341,0.8083364,37.01487
33.65,9.168278,122.07034,0.008598262,0.8114644,37.015514
33.66,9.168749,122.0977,0.008624214,0.81458366,37.016174
33.67,9.169219,122.12489,0.008649815,0.81770253,37.016804
33.68,9.169686,122.15211,0.008675549,0.82081735,37.01746
33.69,9.170153,122.17912,0.008701226,0.823936,37.018078
33.7,9.170616,122.20611,0.008726833,0.8270476,37.01873
33.71,9.171082,122.23295,0.008752113,0.83015525,37.019375
33.72,9.171543,122.25972,0.008777573,0.8332641,37.019993
33.73,9.172,122.28642,0.00880298,0.8363689,37.02065
33.74,9.172457,122.31294,0.008827963,0.8394755,37.02128
33.75,9.1729145,122.33945,0.008853235,0.8425722,37.02191
33.76,9.173369,122.36579,0.008878403,0.8456664,37.02255
33.77,9.173819,122.39205,0.008903288,0.8487647,37.023167
33.78,9.174274,122.418236,0.008928219,0.85185564,37.0238
33.79,9.174719,122.4443,0.008953096,0.8549458,37.024433
33.8,9.175164,122.47025,0.008977705,0.85803235,37.025055
33.81,9.1756115,122.49616,0.009002359,0.86111283,37.02567
33.82,9.176054,122.52196,0.009027237,0.8641941,37.026295
33.83,9.176493,122.54767,0.009051548,0.86727476,37.026936
33.84,9.176933,122.57324,0.009076015,0.8703507,37.02755
33.85,9.177373,122.59873,0.009100483,0.873422,37.02817
33.86,9.177813,122.62418,0.009124794,0.87649465,37.028786
33.87,9.178244,122.649475,0.009148911,0.8795553,37.029415
33.88,9.178675,122.67472,0.009173222,0.882619,37.030025
33.89,9.179109,122.69983,0.009197257,0.88567686,37.030643
33.9,9.179538,122.72487,0.009220941,0.88873696,37.031254
33.91,9.179962,122.74981,0.009244924,0.89179367,37.031864
33.92,9.180392,122.77466,0.0092688035,0.8948426,37.032475
33.93,9.180815,122.79946,0.009292405,0.8978911,37.03307
33.94,9.181237,122.82413,0.009316254,0.90093684,37.033688
33.95,9.181659,122.84869,0.009339678,0.9039757,37.03429
33.96,9.182079,122.873184,0.009363191,0.90701425,37.0349
33.97,9.182492,122.89755,0.00938663,0.9100485,37.035515
33.98,9.182913,122.92189,0.009410061,0.91308045,37.0361
33.99,9.183323,122.946106,0.009433231,0.9161061,37.03671
34.0,9.18374,122.97021,0.009456461,0.91913176,37.0373
34.01,9.184153,122.994286,0.00947937,0.92215884,37.037903
34.02,9.184557,123.018196,0.009502487,0.9251766,37.038494
34.03,9.184967,123.04207,0.009525368,0.9281916,37.039104
34.04,9.185374,123.06584,0.009548277,0.9311973,37.0397
34.05,9.185778,123.08952,0.009570925,0.93420696,37.04027
34.06,9.186181,123.11315,0.009593827,0.9372137,37.040874
34.07,9.186582,123.136635,0.0096164,0.9402155,37.041473
34.08,9.186981,123.160034,0.009639004,0.9432115,37.042053
34.09,9.187377,123.18341,0.00966119,0.9462074,37.042633
34.1,9.187772,123.20666,0.009683533,0.94919527,37.04323
34.11,9.188168,123.229805,0.0097058825,0.9521797,37.043808
34.12,9.188561,123.2529,0.009728158,0.95516217,37.04439
34.13,9.188953,123.27588,0.009750165,0.9581464,37.044964
34.14,9.189343,123.29879,0.009772224,0.96112055,37.045547
34.15,9.189731,123.3216,0.009794246,0.9640934,37.046127
34.16,9.190118,123.34433,0.009816261,0.9670595,37.046684
34.17,9.190501,123.366974,0.009837917,0.9700254,37.04727
34.18,9.1908865,123.38956,0.009859671,0.97298473,37.04784
34.19,9.191267,123.41204,0.009881104,0.9759418,37.048412
34.2,9.191647,123.43449,0.009902626,0.97889745,37.048985
34.21,9.192025,123.45675,0.009924194,0.98184586,37.049553
34.22,9.192404,123.47898,0.009945537,0.9847904,37.050133
34.23,9.192781,123.50116,0.009966784,0.987732,37.050686
34.24,9.193153,123.52318,0.009987963,0.9906674,37.05126
34.25,9.193528,123.54517,0.01000912,0.9936047,37.05182
34.26,9.193896,123.56709,0.010030121,0.9965356,37.05237
34.27,9.194264,123.588936,0.010051144,0.99946123,37.052925
34.28,9.194636,123.61069,0.010072039,1.0023868,37.053482
34.29,9.195003,123.63233,0.010092601,1.005306,37.054047
34.3,9.195367,123.65391,0.010113549,1.0082138,37.0546
34.31,9.195728,123.675415,0.010134058,1.0111291,37.055145
34.32,9.196092,123.69683,0.01015467,1.0140363,37.055695
34.33,9.19645,123.71818,0.010175045,1.0169375,37.05624
34.34,9.19681,123.73943,0.010195404,1.0198395,37.056774
34.35,9.197165,123.760635,0.010215726,1.0227284,37.057346
34.36,9.197523,123.7817,0.010235854,1.0256202,37.057877
34.37,9.197879,123.80276,0.010256116,1.0285068,37.05842
34.38,9.198233,123.82369,0.010276185,1.031389,37.058964
34.39,9.198584,123.84458,0.010295859,1.0342712,37.059505
34.4,9.198935,123.86535,0.010315794,1.037143,37.060036
34.41,9.199283,123.886086,0.010335653,1.040015,37.06058
34.42,9.199626,123.90671,0.010355274,1.0428815,37.061104
34.43,9.199975,123.927246,0.010375074,1.045743,37.06163
34.44,9.200315,123.94773,0.010394516,1.0485978,37.062172
34.45,9.200661,123.96813,0.010413974,1.0514557,37.0627
34.46,9.201003,123.9885,0.010433468,1.054301,37.063236
34.47,9.201344,124.0088,0.010452836,1.0571479,37.06376
34.48,9.201683,124.02892,0.010471801,1.0599837,37.064285
34.49,9.20202,124.04905,0.010490856,1.0628281,37.064793
34.5,9.202354,124.06902,0.010510067,1.0656614,37.065304
34.51,9.202688,124.08904,0.010529047,1.0684875,37.065834
34.52,9.203018,124.108894,0.010547886,1.0713115,37.06637
34.53,9.20335,124.12867,0.010566747,1.074129,37.066875
34.54,9.203682,124.14846,0.010585443,1.0769491,37.067375
34.55,9.204011,124.16809,0.01060399,1.0797603,37.0679
34.56,9.204339,124.18768,0.010622598,1.0825653,37.0684
34.57,9.204665,124.20718,0.010641071,1.0853705,37.068924
34.58,9.204987,124.2266,0.010659313,1.0881677,37.06943
34.59,9.205311,124.24601,0.010677824,1.0909616,37.06994
34.6,9.20563,124.2653,0.010695872,1.0937538,37.070446
34.61,9.205954,124.28452,0.010714106,1.0965409,37.07095
34.62,9.206271,124.30367,0.010732013,1.0993214,37.071445
34.63,9.20659,124.32274,0.010750135,1.1020968,37.071945
34.64,9.206909,124.34176,0.01076799,1.1048696,37.07244
34.65,9.207223,124.36071,0.010785791,1.10764,37.072937
34.66,9.207537,124.37957,0.010803444,1.1104019,37.07343
34.67,9.2078495,124.39835,0.010821202,1.1131623,37.07392
34.68,9.208157,124.41707,0.010838795,1.1159176,37.074417
34.69,9.208469,124.43574,0.010856203,1.1186699,37.0749
34.7,9.208777,124.45433,0.010873497,1.1214178,37.075386
34.71,9.2090845,124.47281,0.010890853,1.1241608,37.07588
34.72,9.209392,124.4913,0.010908058,1.1268983,37.076366
34.73,9.209694,124.509674,0.0109255165,1.1296294,37.076836
34.74,9.209994,124.527954,0.010942581,1.1323591,37.077312
34.75,9.210301,124.54624,0.010959198,1.1350857,37.077812
34.76,9.210599,124.56441,0.010976194,1.1378062,37.078274
34.77,9.210898,124.58248,0.01099311,1.1405213,37.078747
34.78,9.211197,124.60054,0.011009861,1.143232,37.079227
34.79,9.211494,124.618515,0.011026463,1.1459405,37.0797
34.8,9.211788,124.636444,0.011043265,1.1486394,37.08017
34.81,9.212084,124.65423,0.011059517,1.1513444,37.08063
34.82,9.212378,124.67201,0.011075836,1.1540363,37.081104
34.83,9.212667,124.68972,0.011092303,1.1567255,37.081562
34.84,9.212962,124.70736,0.011108532,1.1594107,37.08204
34.85,9.213249,124.724945,0.011124761,1.162091,37.082485
34.86,9.213537,124.74244,0.011140654,1.16477,37.08296
34.87,9.213822,124.759865,0.011156905,1.1674386,37.083405
34.88,9.21411,124.77723,0.011172963,1.1701074,37.08385
34.89,9.214393,124.79453,0.011188476,1.1727703,37.084328
34.9,9.214677,124.811806,0.011204542,1.1754274,37.08478
34.91,9.214959,124.82897,0.011220047,1.1780808,37.085224
34.92,9.215242,124.84612,0.011235724,1.1807328,37.085674
34.93,9.215522,124.86314,0.011251356,1.1833785,37.086132
34.94,9.215797,124.88015,0.011266818,1.1860161,37.086563
34.95,9.216075,124.89705,0.011282123,1.1886508,37.08702
34.96,9.21635,124.913925,0.011297241,1.1912841,37.087452
34.97,9.216623,124.93074,0.01131265,1.1939147,37.087902
34.98,9.216894,124.94749,0.011327827,1.1965361,37.088333
34.99,9.217169,124.964134,0.011342759,1.199157,37.088768
35.0,9.217439,124.9808,0.011357848,1.2017668,37.089214
35.01,9.21771,124.997314,0.011372764,1.2043741,37.089638
35.02,9.217979,125.01376,0.011387509,1.2069848,37.090073
35.03,9.218246,125.0302,0.011402225,1.20958,37.09052
35.04,9.218515,125.04654,0.011417075,1.2121769,37.09094
35.05,9.2187805,125.06288,0.011431508,1.2147689,37.09136
35.06,9.219045,125.079124,0.011445984,1.2173535,37.091785
35.07,9.219306,125.09529,0.011460498,1.2199395,37.092205
35.08,9.219569,125.11141,0.011474856,1.2225177,37.092636
35.09,9.21983,125.12747,0.011489057,1.22509,37.093056
35.1,9.220088,125.143486,0.011503243,1.227663,37.093475
35.11,9.220348,125.15941,0.011517243,1.2302256,37.093895
35.12,9.220604,125.17531,0.01153131,1.2327852,37.0943
35.13,9.220862,125.19112,0.011545436,1.2353435,37.094715
35.14,9.221122,125.206894,0.0115593625,1.2378974,37.095135
35.15,9.221371,125.22255,0.011573078,1.2404418,37.09553
35.16,9.221626,125.238205,0.011586952,1.2429831,37.095943
35.17,9.221874,125.253815,0.011600593,1.2455225,37.09635
35.18,9.222124,125.26936,0.011614123,1.2480559,37.096756
35.19,9.222377,125.28476,0.011627691,1.2505832,37.09716
35.2,9.222627,125.300186,0.011641109,1.2531086,37.097553
35.21,9.222872,125.31554,0.0116544,1.2556283,37.097965
35.22,9.223116,125.33082,0.011667811,1.2581445,37.09837
35.23,9.223362,125.34609,0.011681036,1.2606574,37.098755
35.24,9.22361,125.361275,0.011694036,1.2631631,37.09914
35.25,9.223848,125.37636,0.011707179,1.2656671,37.09954
35.26,9.224091,125.39146,0.011720232,1.2681615,37.099926
35.27,9.224334,125.40643,0.011733068,1.2706583,37.10031
35.28,9.224578,125.421394,0.011745637,1.2731459,37.100708
35.29,9.224814,125.436264,0.011758578,1.2756314,37.101097
35.3,9.225045,125.45113,0.0117713325,1.2781125,37.101467
35.31,9.225285,125.465935,0.01178408,1.2805867,37.10186
35.32,9.225524,125.48066,0.011796351,1.283059,37.102234
35.33,9.225759,125.49535,0.011808926,1.2855258,37.10261
35.34,9.22599,125.50994,0.011821204,1.287988,37.102993
35.35,9.226223,125.52456,0.011833437,1.2904441,37.10337
35.36,9.226459,125.53904,0.011845722,1.2929013,37.10374
35.37,9.22669,125.553474,0.01185794,1.2953489,37.10411
35.38,9.226917,125.56787,0.011870128,1.2977967,37.104485
35.39,9.227146,125.582245,0.011882122,1.3002353,37.104855
35.4,9.227371,125.59656,0.011893982,1.3026725,37.105213
35.41,9.2276,125.61081,0.011905738,1.305104,37.10558
35.42,9.227828,125.624985,0.011917642,1.30753,37.10595
35.43,9.228051,125.6391,0.011929361,1.3099576,37.106316
35.44,9.228276,125.653145,0.011940878,1.3123732,37.10667
35.45,9.2284975,125.66718,0.011952455,1.3147904,37.10703
35.46,9.228721,125.68119,0.011964046,1.3171964,37.107388
35.47,9.228943,125.695114,0.011975415,1.3196071,37.10775
35.48,9.229159,125.70897,0.011986865,1.3220044,37.108086
35.49,9.2293825,125.72281,0.011998039,1.3244025,37.108433
35.5,9.229596,125.73656,0.012009369,1.326795,37.10879
35.51,9.229812,125.75025,0.012020431,1.3291842,37.109142
35.52,9.230031,125.76395,0.012031502,1.331567,37.109486
35.53,9.230247,125.77757,0.01204234,1.3339467,37.109825
35.54,9.230457,125.79114,0.01205332,1.3363214,37.110172
35.55,9.230674,125.80462,0.012064353,1.338692,37.11052
35.56,9.230884,125.81808,0.012075222,1.3410611,37.110863
35.57,9.231096,125.831505,0.012085769,1.3434238,37.11119
35.58,9.231304,125.84484,0.01209637,1.3457825,37.111523
35.59,9.231515,125.85818,0.012107052,1.3481321,37.11186
35.6,9.231725,125.871414,0.01211742,1.3504804,37.112198
35.61,9.231933,125.88462,0.012127812,1.3528287,37.112526
35.62,9.23214,125.8978,0.012138435,1.3551711,37.112858
35.63,9.232343,125.91093,0.0121484455,1.357508,37.11319
35.64,9.232549,125.92398,0.012158583,1.3598409,37.11351
35.65,9.232752,125.936966,0.012168967,1.3621665,37.113834
35.66,9.232956,125.94994,0.012179105,1.3644876,37.114155
35.67,9.233159,125.96287,0.01218916,1.3668087,37.114483
35.68,9.233355,125.975746,0.012198971,1.3691254,37.1148
35.69,9.233559,125.988525,0.012208788,1.3714374,37.115116
35.7,9.23376,126.0013,0.012218672,1.3737452,37.115433
35.71,9.233958,126.014046,0.012228333,1.3760468,37.11575
35.72,9.234155,126.0267,0.01223806,1.3783476,37.116062
35.73,9.234353,126.03932,0.012247587,1.3806391,37.11636
35.74,9.234549,126.0519,0.012257225,1.3829324,37.116673
35.75,9.234745,126.06445,0.01226664,1.3852174,37.116985
35.76,9.234935,126.07693,0.012276151,1.3874974,37.117294
35.77,9.23513,126.08935,0.012285365,1.3897785,37.117603
35.78,9.235324,126.10174,0.01229463,1.3920515,37.117893
35.79,9.235514,126.11412,0.012303925,1.394321,37.118195
35.8,9.235706,126.126396,0.01231296,1.3965838,37.118496
35.81,9.235896,126.13869,0.012322159,1.3988471,37.118782
35.82,9.236085,126.15087,0.012330939,1.4011033,37.119083
35.83,9.236272,126.16303,0.012340093,1.4033558,37.11937
35.84,9.236458,126.175156,0.012348979,1.4056027,37.11968
35.85,9.236647,126.1872,0.012357834,1.4078479,37.11997
35.86,9.2368355,126.19924,0.012366465,1.410087,37.12027
35.87,9.23702,126.21122,0.012375074,1.4123259,37.120537
35.88,9.237202,126.22319,0.012383558,1.4145563,37.120815
35.89,9.237386,126.23507,0.012392122,1.416785,37.12111
35.9,9.237569,126.24687,0.012400597,1.4190104,37.121384
35.91,9.23775,126.258705,0.012409095,1.4212284,37.12167
35.92,9.237931,126.27046,0.012417316,1.4234462,37.121956
35.93,9.238111,126.28216,0.01242562,1.4256593,37.12223
35.94,9.23829,126.293816,0.012433857,1.4278651,37.1225
35.95,9.238469,126.30546,0.012442049,1.4300687,37.122776
35.96,9.238647,126.31705,0.012450062,1.4322692,37.123055
35.97,9.238819,126.32858,0.012458105,1.4344679,37.123325
35.98,9.239,126.34006,0.012466058,1.4366553,37.1236
35.99,9.239174,126.35151,0.012474003,1.438846,37.123867
36.0,9.239349,126.36294,0.01248145,1.441029,37.124126
36.01,9.239525,126.3743,0.012489522,1.4432064,37.12439
36.02,9.239698,126.38562,0.012497162,1.445383,37.124653
36.03,9.239869,126.3969,0.012504907,1.4475551,37.12492
36.04,9.24004,126.408134,0.012512481,1.4497243,37.125175
36.05,9.24021,126.4193,0.012519867,1.451885,37.125435
36.06,9.240381,126.430466,0.012527359,1.4540471,37.12569
36.07,9.240549,126.44153,0.012534656,1.4562021,37.12595
36.08,9.24072,126.45266,0.01254193,1.4583559,37.1262
36.09,9.240884,126.463684,0.012549443,1.4605043,37.126453
36.1,9.241051,126.47465,0.01255636,1.462648,37.12671
36.11,9.241216,126.48561,0.012563554,1.4647883,37.12695
36.12,9.241382,126.49652,0.012570529,1.4669244,37.1272
36.13,9.241549,126.507385,0.01257782,1.4690557,37.12744
36.14,9.241715,126.5182,0.012584647,1.471185,37.12768
36.15,9.241877,126.52896,0.012591572,1.4733093,37.127934
36.16,9.242039,126.53973,0.012598287,1.4754304,37.128174
36.17,9.242199,126.550385,0.012605286,1.4775478,37.128414
36.18,9.242358,126.5611,0.012611785,1.479659,37.12864
36.19,9.242524,126.57172,0.012618516,1.4817688,37.12888
36.2,9.24268,126.582275,0.012625038,1.4838767,37.129112
36.21,9.242839,126.592804,0.012631596,1.4859786,37.129356
36.22,9.242996,126.60338,0.0126381405,1.4880774,37.12958
36.23,9.243157,126.61377,0.012644327,1.4901704,37.129814
36.24,9.243315,126.624214,0.012650535,1.492259,37.13004
36.25,9.243467,126.63464,0.012656998,1.4943448,37.130272
36.26,9.243623,126.64493,0.012663363,1.4964268,37.13049
36.27,9.243775,126.65526,0.012669572,1.4985061,37.13071
36.28,9.243931,126.66549,0.012675467,1.5005807,37.13093
36.29,9.244084,126.67575,0.0126814,1.5026544,37.13114
36.3,9.244239,126.68593,0.012687504,1.5047225,37.13136
36.31,9.244392,126.6961,0.012693511,1.5067853,37.131596
36.32,9.24454,126.70624,0.012699399,1.5088457,37.131805
36.33,9.244693,126.71627,0.0127051165,1.5109019,37.132023
36.34,9.244838,126.726326,0.012711004,1.512956,37.132233
36.35,9.244989,126.736275,0.012716557,1.5150045,37.13244
36.36,9.245139,126.74628,0.012722235,1.517047,37.13266
36.37,9.245283,126.75619,0.012727655,1.5190912,37.132866
36.38,9.245432,126.76608,0.012733401,1.5211297,37.133064
36.39,9.245578,126.77596,0.012738781,1.523162,37.133274
36.4,9.245725,126.785774,0.012744132,1.5251936,37.133476
36.41,9.24587,126.79553,0.012749685,1.5272207,37.133675
36.42,9.246013,126.80528,0.012754864,1.5292429,37.133877
36.43,9.24616,126.814995,0.012759873,1.5312644,37.13407
36.44,9.246306,126.82464,0.012765276,1.5332781,37.134262
36.45,9.246445,126.8343,0.012770352,1.5352925,37.13447
36.46,9.246587,126.84389,0.012775531,1.537305,37.13466
36.47,9.246726,126.85344,0.012780428,1.539308,37.134857
36.48,9.246867,126.862946,0.012785279,1.5413079,37.13504
36.49,9.247008,126.87242,0.012790399,1.5433075,37.135223
36.5,9.247148,126.881874,0.012794983,1.5453031,37.13542
36.51,9.247284,126.89132,0.012799886,1.5472927,37.135597
36.52,9.247421,126.90068,0.012804701,1.5492805,37.135796
36.53,9.247561,126.91002,0.012809582,1.551265,37.135967
36.54,9.2477,126.91936,0.012813942,1.5532461,37.13615
36.55,9.247835,126.928566,0.012818502,1.5552225,37.136322
36.56,9.2479725,126.93784,0.012822922,1.5571965,37.13651
36.57,9.248107,126.94706,0.012827468,1.5591673,37.136692
36.58,9.248239,126.95623,0.012831939,1.5611347,37.136864
36.59,9.248376,126.96534,0.012836253,1.5630978,37.13703
36.6,9.2485075,126.97451,0.012840486,1.565055,37.13721
36.61,9.248637,126.98352,0.0128447935,1.5670121,37.137386
36.62,9.24877,126.992584,0.012849071,1.5689645,37.13754
36.63,9.248902,127.00156,0.012852954,1.5709149,37.13771
36.64,9.249034,127.01053,0.012857164,1.5728596,37.13788
36.65,9.249164,127.01947,0.012861166,1.5748023,37.138054
36.66,9.249292,127.028336,0.012865063,1.57674,37.138214
36.67,9.249423,127.03724,0.012869132,1.5786757,37.13836
36.68,9.249552,127.0461,0.0128729995,1.5806104,37.138546
36.69,9.249681,127.05482,0.0128767695,1.582538,37.138702
36.7,9.249806,127.06364,0.0128806885,1.5844646,37.13885
36.71,9.249935,127.07236,0.012884184,1.586385,37.13901
36.72,9.250062,127.08105,0.012887835,1.5883034,37.13915
36.73,9.250187,127.08973,0.012891591,1.5902185,37.139317
36.74,9.25031,127.09838,0.01289504,1.5921314,37.13946
36.75,9.250433,127.106926,0.012898654,1.5940388,37.13962
36.76,9.250556,127.11553,0.012902052,1.5959458,37.139774
36.77,9.250681,127.124054,0.012905486,1.5978459,37.139904
36.78,9.2508,127.13256,0.012908683,1.5997462,37.140068
36.79,9.250926,127.14101,0.0129120285,1.6016427,37.1402
36.8,9.251044,127.14947,0.012915374,1.6035335,37.140354
36.81,9.251168,127.15787,0.012918548,1.6054224,37.140476
36.82,9.251288,127.166245,0.012921752,1.6073074,37.14064
36.83,9.2514105,127.17463,0.012924568,1.6091901,37.14077
36.84,9.25153,127.1829,0.012927935,1.611068,37.140896
36.85,9.251647,127.19122,0.012930655,1.6129476,37.141037
36.86,9.251765,127.199455,0.012933657,1.6148187,37.141182
36.87,9.2518835,127.2077,0.0129365325,1.616688,37.141304
36.88,9.252001,127.215866,0.0129393125,1.618554,37.141438
36.89,9.252117,127.22406,0.01294221,1.6204177,37.141567
36.9,9.252233,127.2322,0.012945056,1.6222793,37.141716
36.91,9.252351,127.24027,0.0129477605,1.6241332,37.141815
36.92,9.2524605,127.24834,0.012950233,1.6259867,37.14194
36.93,9.25258,127.256386,0.012952878,1.6278373,37.142082
36.94,9.252692,127.26435,0.012955239,1.6296858,37.142204
36.95,9.252804,127.27234,0.012957824,1.6315315,37.142338
36.96,9.252915,127.2803,0.01296017,1.6333711,37.142437
36.97,9.25303,127.28818,0.01296277,1.6352091,37.14256
36.98,9.2531395,127.2961,0.012964901,1.6370436,37.14267
36.99,9.25325,127.30396,0.01296753,1.6388779,37.142796
37.0,9.253363,127.31179,0.012969742,1.6407039,37.14291
37.01,9.253477,127.31957,0.0129719395,1.6425285,37.143024
37.02,9.253584,127.327354,0.012973928,1.6443511,37.143127
37.03,9.2536955,127.33507,0.012976162,1.6461717,37.143253
37.04,9.253804,127.34282,0.01297821,1.6479892,37.143356
37.05,9.25391,127.350464,0.012980266,1.6498004,37.143463
37.06,9.25402,127.358116,0.0129821645,1.6516088,37.143562
37.07,9.2541275,127.36573,0.012984175,1.6534183,37.143673
37.08,9.2542305,127.37338,0.01298594,1.6552237,37.14378
37.09,9.254342,127.38091,0.012987832,1.6570222,37.14387
37.1,9.254445,127.38846,0.012989738,1.6588217,37.14398
37.11,9.25455,127.39597,0.012991383,1.6606168,37.14409
37.12,9.254654,127.40342,0.012992946,1.6624101,37.144188
37.13,9.254762,127.41093,0.012994659,1.6641994,37.144268
37.14,9.254862,127.41832,0.012996371,1.6659857,37.14437
37.15,9.254969,127.42571,0.012998009,1.6677688,37.144466
37.16,9.255072,127.433075,0.01299958,1.6695476,37.144554
37.17,9.255174,127.44042,0.013000682,1.6713258,37.14465
37.18,9.255276,127.44774,0.013002118,1.6731017,37.14474
37.19,9.255375,127.45504,0.013003563,1.6748703,37.144825
37.2,9.255477,127.462326,0.013004857,1.6766405,37.144905
37.21,9.25558,127.46953,0.013006286,1.678407,37.144997
37.22,9.255679,127.476715,0.013007566,1.6801699,37.145084
37.23,9.255777,127.48389,0.013008638,1.6819293,37.145153
37.24,9.2558775,127.49102,0.013009738,1.6836864,37.14525
37.25,9.255977,127.498184,0.013011049,1.685441,37.145313
37.26,9.256079,127.50528,0.013011851,1.6871923,37.14541
37.27,9.256172,127.512344,0.013012914,1.6889405,37.145477
37.28,9.25627,127.51937,0.0130138965,1.6906856,37.145557
37.29,9.256365,127.52636,0.013014782,1.6924316,37.145634
37.3,9.256464,127.5334,0.013015712,1.6941704,37.1457
37.31,9.256557,127.540344,0.013016567,1.6959088,37.145782
37.32,9.256656,127.54727,0.013017302,1.6976398,37.14585
37.33,9.25675,127.55416,0.013018172,1.6993725,37.145912
37.34,9.2568445,127.56107,0.013018729,1.7011025,37.145985
37.35,9.256935,127.56788,0.0130193895,1.7028295,37.146046
37.36,9.257028,127.574776,0.013020118,1.7045515,37.146114
37.37,9.257124,127.58157,0.013020839,1.7062703,37.146183
37.38,9.257216,127.58834,0.013021239,1.7079906,37.14624
37.39,9.25731,127.5951,0.013021774,1.7097054,37.14632
37.4,9.257404,127.601845,0.013022017,1.711416,37.146378
37.41,9.257494,127.60857,0.013022507,1.7131271,37.14644
37.42,9.2575865,127.615265,0.013022982,1.7148342,37.14649
37.43,9.257677,127.62186,0.013023202,1.716538,37.146545
37.44,9.25777,127.62854,0.013023617,1.7182375,37.146587
37.45,9.257858,127.635086,0.013023697,1.7199398,37.14666
37.46,9.257946,127.64165,0.013023932,1.7216377,37.146706
37.47,9.258038,127.64822,0.013024065,1.7233282,37.146763
37.48,9.258123,127.65481,0.013024174,1.7250181,37.14681
37.49,9.258213,127.66129,0.013024254,1.7267089,37.146847
37.5,9.258301,127.66775,0.013024311,1.7283939,37.1469
37.51,9.258387,127.6742,0.013024256,1.7300764,37.14695
37.52,9.258475,127.680626,0.013024275,1.7317553,37.14699
37.53,9.258562,127.687,0.013024101,1.733435,37.147038
37.54,9.258649,127.6934,0.013024226,1.7351092,37.147087
37.55,9.258736,127.699776,0.01302391,1.7367821,37.147114
37.56,9.258819,127.70606,0.013023527,1.738452,37.147167
37.57,9.258909,127.71241,0.013023383,1.7401189,37.147198
37.58,9.258989,127.71869,0.013022933,1.7417848,37.147236
37.59,9.259071,127.724915,0.013022714,1.743448,37.147278
37.6,9.259158,127.73116,0.013022533,1.7451066,37.147305
37.61,9.25924,127.737404,0.013022008,1.7467624,37.147343
37.62,9.259319,127.74363,0.013021573,1.7484185,37.147366
37.63,9.259406,127.749756,0.0130209895,1.7500683,37.147404
37.64,9.259488,127.75592,0.013020449,1.7517203,37.147438
37.65,9.259567,127.762054,0.013019941,1.7533667,37.14747
37.66,9.259651,127.768135,0.013019341,1.7550114,37.14749
37.67,9.259734,127.77419,0.013018765,1.7566528,37.14751
37.68,9.259812,127.78024,0.013017956,1.7582917,37.147537
37.69,9.259897,127.78627,0.0130172605,1.7599298,37.147568
37.7,9.259972,127.79232,0.013016497,1.7615644,37.147602
37.71,9.260055,127.79829,0.013015832,1.7631958,37.147617
37.72,9.260131,127.804245,0.013014912,1.7648268,37.147633
37.73,9.260212,127.810165,0.013014051,1.7664527,37.14765
37.74,9.260288,127.816055,0.013012983,1.7680786,37.147667
37.75,9.260366,127.82197,0.013011988,1.7696995,37.147675
37.76,9.260446,127.82783,0.013011053,1.77132,37.147705
37.77,9.26052,127.83371,0.013010089,1.7729373,37.14771
37.78,9.260598,127.83952,0.013009117,1.7745523,37.147717
37.79,9.260673,127.8453,0.0130079,1.7761668,37.147743
37.8,9.260752,127.85112,0.013006726,1.7777761,37.147743
37.81,9.260829,127.856865,0.01300559,1.779384,37.147747
37.82,9.260902,127.86259,0.013004156,1.7809904,37.147747
37.83,9.260979,127.86832,0.013002938,1.7825934,37.147766
37.84,9.261052,127.87402,0.013001773,1.7841941,37.14777
37.85,9.261124,127.879654,0.013000382,1.785791,37.14778
37.86,9.261203,127.88532,0.012999112,1.7873876,37.14778
37.87,9.261276,127.89095,0.012997625,1.7889822,37.147774
37.88,9.261349,127.89654,0.012996236,1.7905753,37.14777
37.89,9.261418,127.90212,0.012994861,1.7921622,37.147793
37.9,9.261496,127.9077,0.012993226,1.7937481,37.147785
37.91,9.261566,127.91327,0.012991806,1.7953339,37.14777
37.92,9.261637,127.91878,0.012990066,1.7969167,37.147774
37.93,9.261712,127.924255,0.012988632,1.7984968,37.14777
37.94,9.261781,127.929756,0.012986698,1.8000742,37.147755
37.95,9.261851,127.93524,0.012985032,1.8016492,37.147762
37.96,9.261922,127.94065,0.012983248,1.8032227,37.147747
37.97,9.261993,127.946075,0.012981627,1.8047943,37.14774
37.98,9.262062,127.95147,0.0129797375,1.8063642,37.147724
37.99,9.262133,127.95688,0.012977969,1.8079308,37.147705
38.0,9.2621975,127.962204,0.012976221,1.8094954,37.147694
38.01,9.262269,127.96755,0.012974063,1.8110558,37.147682
38.02,9.262338,127.97285,0.012972249,1.8126177,37.147663
38.03,9.262406,127.97812,0.012970337,1.8141736,37.147648
38.04,9.26247,127.98343,0.012968433,1.8157305,37.147636
38.05,9.262541,127.98864,0.012966178,1.8172816,37.147606
38.06,9.262607,127.993935,0.012964177,1.8188342,37.1476
38.07,9.262674,127.99915,0.012962042,1.8203834,37.147564
38.08,9.262739,128.0043,0.012959952,1.8219297,37.147545
38.09,9.26281,128.00949,0.012957712,1.8234737,37.147514
38.1,9.262872,128.01466,0.012955397,1.8250175,37.1475
38.11,9.262939,128.01974,0.012953352,1.8265582,37.14748
38.12,9.263003,128.02489,0.012950933,1.828096,37.14744
38.13,9.263066,128.02998,0.012948612,1.8296326,37.14742
38.14,9.263132,128.03505,0.012946119,1.8311656,37.147385
38.15,9.263199,128.04013,0.012943915,1.8326976,37.14735
38.16,9.263262,128.04515,0.012941527,1.8342283,37.14732
38.17,9.263326,128.05016,0.012939056,1.8357546,37.147285
38.18,9.263391,128.05515,0.01293657,1.8372808,37.14725
38.19,9.263451,128.06015,0.01293395,1.838803,37.147224
38.2,9.2635145,128.06512,0.012931525,1.8403268,37.147186
38.21,9.263577,128.07008,0.01292895,1.8418449,37.14715
38.22,9.263637,128.07498,0.012926374,1.8433642,37.147102
38.23,9.2637005,128.07985,0.012923559,1.844879,37.14707
38.24,9.263762,128.08478,0.012920881,1.8463919,37.14703
38.25,9.263821,128.08963,0.012918312,1.847902,37.146988
38.26,9.263883,128.09448,0.012915425,1.8494081,37.146946
38.27,9.263943,128.0993,0.012912618,1.8509183,37.14688
38.28,9.264005,128.10414,0.012909699,1.8524265,37.146847
38.29,9.264066,128.1089,0.012906953,1.8539275,37.146805
38.3,9.264124,128.11368,0.012904072,1.855427,37.14676
38.31,9.264182,128.11847,0.012901213,1.8569287,37.14671
38.32,9.264242,128.12312,0.012898257,1.8584249,37.146656
38.33,9.2643,128.1279,0.012895139,1.8599194,37.146606
38.34,9.26436,128.13261,0.012892182,1.8614131,37.146553
38.35,9.264418,128.13727,0.012889257,1.8629048,37.146507
38.36,9.264476,128.14195,0.012886234,1.8643951,37.146442
38.37,9.264533,128.14659,0.012882966,1.8658792,37.146397
38.38,9.264589,128.15121,0.012879749,1.8673654,37.146328
38.39,9.2646475,128.1558,0.012876808,1.8688499,37.146282
38.4,9.264704,128.16045,0.012873554,1.8703306,37.14621
38.41,9.264761,128.16498,0.012870248,1.8718095,37.146168
38.42,9.264818,128.16956,0.012867202,1.8732891,37.1461
38.43,9.264876,128.1741,0.012863867,1.8747658,37.146034
38.44,9.26493,128.17863,0.012860471,1.8762379,37.14597
38.45,9.264984,128.18312,0.012857061,1.8777124,37.1459
38.46,9.265038,128.18765,0.01285368,1.8791813,37.14584
38.47,9.265095,128.1921,0.01285021,1.88065,37.14578
38.48,9.265148,128.19653,0.012846844,1.8821157,37.14572
38.49,9.265201,128.20094,0.0128434785,1.8835806,37.145634
38.5,9.265254,128.2054,0.012839956,1.8850431,37.145576
38.51,9.265308,128.20976,0.012836412,1.8865027,37.145493
38.52,9.26536,128.21417,0.012832918,1.88796,37.145424
38.53,9.265415,128.21855,0.012829165,1.8894196,37.145374
38.54,9.2654705,128.22289,0.012825777,1.8908741,37.145283
38.55,9.265522,128.22722,0.012822016,1.8923256,37.145218
38.56,9.265571,128.23154,0.012818247,1.8937806,37.14513
38.57,9.265625,128.23581,0.012814799,1.895229,37.145065
38.58,9.265681,128.24011,0.012811024,1.8966781,37.14499
38.59,9.265729,128.2444,0.012807114,1.8981264,37.14491
38.6,9.265782,128.24866,0.012803412,1.899568,37.14484
38.61,9.265831,128.25284,0.012799413,1.9010113,37.14473
38.62,9.2658825,128.2571,0.012795786,1.9024532,37.14467
38.63,9.265931,128.26126,0.012791973,1.9038908,37.14458
38.64,9.265982,128.26547,0.0127878385,1.9053288,37.14449
38.65,9.266032,128.26962,0.012783929,1.9067628,37.14441
38.66,9.266079,128.27379,0.012779997,1.908199,37.144333
38.67,9.266133,128.27791,0.012776019,1.9096302,37.14423
38.68,9.266182,128.28203,0.012772004,1.9110601,37.14415
38.69,9.266227,128.28613,0.012767922,1.9124879,37.144066
38.7,9.266277,128.29025,0.0127639,1.9139158,37.14398
38.71,9.266325,128.2943,0.012759796,1.9153401,37.143883
38.72,9.2663765,128.29834,0.012755738,1.916766,37.143787
38.73,9.266423,128.30241,0.012751468,1.9181854,37.143684
38.74,9.266468,128.30644,0.012747283,1.9196067,37.1436
38.75,9.266517,128.31044,0.01274297,1.921026,37.143505
38.76,9.266565,128.31444,0.012738948,1.9224417,37.143414
38.77,9.266608,128.31842,0.012734315,1.9238567,37.14332
38.78,9.266659,128.32236,0.012730113,1.9252706,37.143223
38.79,9.2667055,128.32631,0.01272583,1.9266824,37.143124
38.8,9.266749,128.33026,0.012721405,1.9280927,37.143024
38.81,9.266796,128.33415,0.012717227,1.9295022,37.142914
38.82,9.266843,128.33804,0.012712779,1.9309092,37.14282
38.83,9.266887,128.34195,0.01270831,1.9323119,37.1427
38.84,9.266932,128.3458,0.012703893,1.933718,37.14261
38.85,9.266977,128.34966,0.01269949,1.9351172,37.14251
38.86,9.267022,128.35352,0.012694894,1.936519,37.142395
38.87,9.267067,128.35732,0.012690141,1.9379163,37.142292
38.88,9.267106,128.36113,0.012685671,1.9393145,37.142174
38.89,9.267154,128.3649,0.012681135,1.9407098,37.14208
38.9,9.267196,128.36871,0.0126766125,1.9421041,37.141956
38.91,9.267245,128.37245,0.012671928,1.9434968,37.141857
38.92,9.2672825,128.3762,0.01266707,1.944886,37.14174
38.93,9.267327,128.37997,0.0126624135,1.946275,37.141624
38.94,9.267372,128.38367,0.012657959,1.9476631,37.14152
38.95,9.267414,128.38737,0.0126531245,1.94905,37.14141
38.96,9.267458,128.39104,0.012648312,1.9504342,37.141285
38.97,9.267497,128.39474,0.012643388,1.9518151,37.141167
38.98,9.267539,128.39844,0.012638575,1.9531981,37.141052
38.99,9.267582,128.40208,0.012633926,1.9545779,37.14095
39.0,9.267624,128.40569,0.012628741,1.9559548,37.14081
39.01,9.267662,128.40933,0.012623966,1.9573319,37.140694
39.02,9.267703,128.41292,0.012619019,1.958707,37.140564
39.03,9.267745,128.41652,0.012614139,1.9600811,37.140465
39.04,9.267786,128.42009,0.012609103,1.9614514,37.14032
39.05,9.267829,128.42363,0.012604036,1.9628211,37.140213
39.06,9.267866,128.42717,0.012598955,1.9641906,37.14006
39.07,9.267909,128.43074,0.012593994,1.9655589,37.139946
39.08,9.267948,128.43423,0.012588801,1.9669255,37.139816
39.09,9.267984,128.4377,0.012583854,1.9682895,37.1397
39.1,9.268028,128.44122,0.012578721,1.969652,37.139557
39.11,9.268064,128.44475,0.012573497,1.9710147,37.139442
39.12,9.268103,128.44818,0.012568298,1.9723755,37.139305
39.13,9.268141,128.4516,0.012563164,1.9737341,37.139175
39.14,9.268181,128.4551,0.012557822,1.9750899,37.139038
39.15,9.26822,128.45848,0.012552637,1.9764473,37.138905
39.16,9.268255,128.46188,0.012547398,1.9778003,37.138775
39.17,9.268292,128.4653,0.012542027,1.979155,37.138634
39.18,9.26833,128.46869,0.012536744,1.9805071,37.138508
39.19,9.268372,128.47203,0.012531365,1.9818565,37.13836
39.2,9.268404,128.47537,0.012526097,1.9832052,37.13822
39.21,9.268441,128.47868,0.012520428,1.9845529,37.138096
39.22,9.268479,128.48204,0.012515323,1.985898,37.13794
39.23,9.268517,128.48534,0.012509825,1.9872425,37.137802
39.24,9.268552,128.48865,0.012504155,1.9885863,37.137676
39.25,9.268587,128.49197,0.01249876,1.9899251,37.13752
39.26,9.2686205,128.49522,0.0124931345,1.9912671,37.13737
39.27,9.268659,128.49847,0.012487532,1.9926051,37.137245
39.28,9.268693,128.50174,0.012482137,1.9939414,37.137085
39.29,9.268728,128.50499,0.012476496,1.9952801,37.136925
39.3,9.268765,128.50822,0.012470938,1.9966141,37.136795
39.31,9.268799,128.5114,0.01246529,1.9979461,37.136635
39.32,9.268833,128.51459,0.012459508,1.9992788,37.13649
39.33,9.268868,128.5178,0.0124538755,2.0006113,37.136353
39.34,9.268905,128.52097,0.012448227,2.0019376,37.136204
39.35,9.268936,128.52411,0.012442489,2.0032678,37.136044
39.36,9.268971,128.52725,0.012436782,2.0045948,37.135895
39.37,9.269006,128.53036,0.012430865,2.0059204,37.13574
39.38,9.269035,128.53346,0.012425322,2.0072427,37.135582
39.39,9.2690735,128.5366,0.012419458,2.0085664,37.13543
39.4,9.269103,128.53972,0.012413668,2.0098882,37.13528
39.41,9.26914,128.54282,0.012407736,2.0112057,37.135117
39.42,9.269168,128.54584,0.01240188,2.0125268,37.134956
39.43,9.269201,128.54897,0.012395926,2.0138428,37.134796
39.44,9.2692375,128.552,0.012389958,2.01516,37.134632
39.45,9.269267,128.55502,0.012383959,2.0164745,37.134468
39.46,9.2692995,128.55803,0.012377998,2.0177894,37.13431
39.47,9.269334,128.56102,0.012372015,2.0191002,37.134155
39.48,9.269363,128.56403,0.012365986,2.0204105,37.133995
39.49,9.269397,128.56697,0.012360225,2.02172,37.133823
39.5,9.269427,128.57002,0.012354018,2.023029,37.133656
39.51,9.269459,128.57297,0.012347857,2.0243359,37.133488
39.52,9.269483,128.5759,0.012341903,2.025642,37.13334
39.53,9.269518,128.57883,0.01233556,2.026946,37.13315
39.54,9.2695465,128.58174,0.012329332,2.0282507,37.133
39.55,9.269577,128.58467,0.012323332,2.029553,37.13283
39.56,9.2696085,128.58757,0.012317065,2.030852,37.132652
39.57,9.269636,128.59048,0.012310806,2.0321527,37.132477
39.58,9.26967,128.59328,0.012304719,2.0334506,37.13232
39.59,9.269697,128.59619,0.012298622,2.0347495,37.132137
39.6,9.269726,128.59904,0.012292117,2.0360441,37.131958
39.61,9.269756,128.60188,0.012285992,2.037339,37.131775
39.62,9.269783,128.6047,0.012279628,2.0386329,37.131626
39.63,9.269816,128.60754,0.012273197,2.0399237,37.13145
39.64,9.269845,128.61035,0.012266981,2.0412157,37.131268
39.65,9.269875,128.61313,0.012260618,2.042506,37.131092
39.66,9.2699,128.61592,0.01225415,2.0437946,37.13091
39.67,9.269925,128.6187,0.012247919,2.0450804,37.13073
39.68,9.269955,128.62143,0.012241228,2.0463707,37.130547
39.69,9.269983,128.62419,0.012234715,2.0476546,37.13036
39.7,9.270007,128.62692,0.01222832,2.0489402,37.130173
39.71,9.270039,128.62968,0.012222009,2.05022,37.13
39.72,9.270066,128.63237,0.012215392,2.0515053,37.129814
39.73,9.27009,128.63506,0.012208677,2.0527825,37.129642
39.74,9.270123,128.63776,0.0122022685,2.0540636,37.129448
39.75,9.270146,128.64044,0.012195785,2.0553412,37.12927
39.76,9.270172,128.64313,0.01218904,2.0566208,37.129074
39.77,9.270197,128.64577,0.012182438,2.057898,37.128887
39.78,9.270223,128.64844,0.012175961,2.0591688,37.128704
39.79,9.270249,128.65105,0.012169173,2.0604439,37.12851
39.8,9.270277,128.65367,0.012162376,2.061717,37.128315
39.81,9.270301,128.6563,0.012155781,2.0629878,37.128128
39.82,9.270329,128.65892,0.012149126,2.064258,37.12794
39.83,9.270354,128.66147,0.0121423965,2.0655282,37.127743
39.84,9.270379,128.66408,0.012135637,2.0667958,37.12755
39.85,9.270403,128.66666,0.012128773,2.0680637,37.12736
39.86,9.2704315,128.66917,0.012122014,2.0693278,37.127163
39.87,9.270457,128.67174,0.012115285,2.0705934,37.12696
39.88,9.270476,128.67432,0.012108495,2.071858,37.126762
39.89,9.270504,128.6768,0.012101445,2.0731208,37.126568
39.9,9.27053,128.67934,0.012094708,2.0743823,37.126366
39.91,9.270553,128.68187,0.012087941,2.0756414,37.126175
39.92,9.270576,128.68433,0.012080846,2.076902,37.12597
39.93,9.270601,128.68683,0.0120739825,2.078161,37.12576
39.94,9.270624,128.6893,0.012067119,2.0794177,37.125572
39.95,9.270645,128.69174,0.012059964,2.080676,37.125362
39.96,9.270673,128.69423,0.012053042,2.0819314,37.125168
39.97,9.270694,128.69666,0.012045886,2.0831845,37.124966
39.98,9.270717,128.6991,0.012039,2.0844364,37.124763
39.99,9.270737,128.70152,0.012031913,2.0856886,37.124557
40.0,9.270764,128.70393,0.012024922,2.0869398,37.124355
40.01,9.270785,128.70633,0.012017753,2.0881891,37.124138
40.02,9.27081,128.70874,0.012010672,2.0894396,37.123928
40.03,9.270831,128.71112,0.012003608,2.0906863,37.123714
40.04,9.270852,128.7135,0.011996587,2.0919337,37.12353
40.05,9.270874,128.71585,0.011989447,2.0931787,37.123306
40.06,9.270897,128.71823,0.011982189,2.0944247,37.12309
40.07,9.270916,128.72058,0.011975064,2.0956707,37.12289
40.08,9.270937,128.72289,0.011967842,2.0969129,37.12266
40.09,9.270957,128.7252,0.011960672,2.0981555,37.12246
40.1,9.27098,128.7275,0.011953443,2.0993943,37.12224
40.11,9.271003,128.7298,0.011946206,2.100634,37.122044
40.12,9.271027,128.73212,0.011938991,2.1018746,37.121803
40.13,9.271045,128.73436,0.0119314045,2.1031108,37.1216
40.14,9.271067,128.73666,0.011924138,2.10435,37.12138
40.15,9.271086,128.73895,0.011916938,2.1055853,37.121166
40.16,9.271105,128.7412,0.011909612,2.1068196,37.12095
40.17,9.271125,128.74342,0.011902211,2.108055,37.12073
40.18,9.271146,128.74565,0.011894744,2.1092873,37.120514
40.19,9.271165,128.74786,0.011887417,2.1105201,37.12028
40.2,9.271185,128.7501,0.011880136,2.1117506,37.120075
40.21,9.271206,128.75233,0.011872437,2.1129813,37.119843
40.22,9.271224,128.75449,0.011865274,2.1142108,37.119614
40.23,9.271243,128.75668,0.011857665,2.115438,37.119404
40.24,9.271261,128.75887,0.011850242,2.1166663,37.11917
40.25,9.27128,128.761,0.011842744,2.1178923,37.118946
40.26,9.271302,128.76318,0.011835224,2.1191175,37.118725
40.27,9.271318,128.76537,0.011827674,2.1203437,37.118492
40.28,9.271338,128.76746,0.011820191,2.1215644,37.11827
40.29,9.27136,128.76962,0.011812722,2.1227894,37.11805
40.3,9.271376,128.77173,0.011805046,2.124012,37.117813
40.31,9.271395,128.77385,0.011797377,2.1252322,37.117577
40.32,9.271413,128.77597,0.011789745,2.126451,37.117348
40.33,9.271428,128.77805,0.011782284,2.1276717,37.11712
40.34,9.271449,128.78009,0.0117746815,2.1288896,37.116882
40.35,9.271466,128.78215,0.011766729,2.1301074,37.11666
40.36,9.2714815,128.78424,0.011759142,2.1313224,37.116425
40.37,9.2715025,128.78633,0.011751442,2.13254,37.11619
40.38,9.271521,128.78835,0.011743795,2.1337538,37.11596
40.39,9.271537,128.79039,0.011736088,2.1349683,37.11572
40.4,9.271554,128.7924,0.011728173,2.1361818,37.115475
40.41,9.271569,128.79445,0.01172037,2.1373935,37.11525
40.42,9.271586,128.79645,0.011712819,2.1386032,37.115005
40.43,9.2716055,128.79848,0.0117049785,2.1398125,37.114773
40.44,9.271618,128.80046,0.0116971005,2.1410222,37.114525
40.45,9.271634,128.80246,0.011689364,2.142231,37.114304
40.46,9.271652,128.80444,0.011681456,2.1434388,37.11404
40.47,9.27167,128.80638,0.011673614,2.1446447,37.113808
40.48,9.271682,128.80835,0.011665833,2.1458514,37.113575
40.49,9.2717,128.8103,0.011658112,2.147056,37.11333
40.5,9.271714,128.81223,0.011650092,2.1482615,37.113075
40.51,9.271731,128.81416,0.011642176,2.1494663,37.112835
40.52,9.271746,128.81604,0.011634089,2.1506677,37.1126
40.53,9.271762,128.818,0.011626353,2.1518683,37.112343
40.54,9.271776,128.8199,0.011618281,2.1530704,37.11211
40.55,9.2717905,128.82182,0.011610275,2.1542678,37.111862
40.56,9.271809,128.82367,0.011602434,2.1554697,37.111607
40.57,9.271824,128.82558,0.011594392,2.1566675,37.111362
40.58,9.271832,128.82744,0.011586171,2.1578658,37.11112
40.59,9.271852,128.8293,0.01157836,2.159062,37.110855
40.6,9.271866,128.83112,0.011570272,2.1602576,37.11061
40.61,9.271875,128.833,0.011562007,2.1614547,37.11036
40.62,9.27189,128.83485,0.011554053,2.1626468,37.11011
40.63,9.271909,128.83669,0.011545758,2.163841,37.10986
40.64,9.271924,128.8385,0.011537789,2.1650352,37.109604
40.65,9.271936,128.84029,0.011529703,2.166226,37.109352
40.66,9.271948,128.8421,0.011521682,2.167417,37.109093
40.67,9.271966,128.8439,0.011513305,2.168605,37.108833
40.68,9.271976,128.84569,0.011505307,2.1697974,37.108585
40.69,9.271992,128.84746,0.011497085,2.170986,37.10832
40.7,9.272001,128.84924,0.011488879,2.1721735,37.10807
40.71,9.272017,128.85101,0.011480539,2.173361,37.10781
40.72,9.272032,128.85272,0.011472422,2.1745477,37.10756
40.73,9.272041,128.85452,0.011464178,2.1757312,37.107292
40.74,9.272054,128.85623,0.011455807,2.176919,37.10704
40.75,9.272068,128.85797,0.01144757,2.1781018,37.106785
40.76,9.272081,128.8597,0.011439342,2.1792848,37.106525
40.77,9.272094,128.86142,0.011430964,2.1804688,37.10625
40.78,9.272104,128.86311,0.011422697,2.1816502,37.105995
40.79,9.272118,128.86484,0.011414371,2.1828327,37.10573
40.8,9.272131,128.86647,0.011405905,2.1840134,37.105476
40.81,9.272141,128.86816,0.01139766,2.1851902,37.10519
40.82,9.272153,128.86986,0.011389484,2.1863713,37.104935
40.83,9.272162,128.87154,0.011380851,2.1875486,37.104675
40.84,9.272177,128.87318,0.011372474,2.1887255,37.104385
40.85,9.27219,128.87486,0.011364185,2.1899042,37.104137
40.86,9.272201,128.87648,0.011355919,2.1910791,37.10387
40.87,9.272211,128.87813,0.011347176,2.192253,37.103607
40.88,9.272222,128.87973,0.011338745,2.1934266,37.10333
40.89,9.272232,128.88136,0.011330352,2.194601,37.103065
40.9,9.272241,128.883,0.011321989,2.1957755,37.102802
40.91,9.272256,128.88457,0.011313282,2.196949,37.102516
40.92,9.272267,128.88614,0.011304829,2.1981192,37.102234
40.93,9.272279,128.88777,0.011296369,2.1992893,37.10197
40.94,9.272287,128.88934,0.011288065,2.200459,37.101696
40.95,9.272297,128.89091,0.011279449,2.2016282,37.10143
40.96,9.272307,128.8925,0.011270661,2.2027977,37.10116
40.97,9.272317,128.89409,0.011262074,2.2039676,37.100872
40.98,9.272328,128.8956,0.011253635,2.2051334,37.10061
40.99,9.272336,128.89711,0.011245005,2.2063012,37.100323
41.0,9.272349,128.89868,0.011236395,2.207467,37.100048
41.01,9.272358,128.90022,0.011227674,2.2086327,37.09977
41.02,9.272366,128.90175,0.011219094,2.2097964,37.09949
41.03,9.272374,128.90324,0.0112104025,2.210962,37.099213
41.04,9.2723875,128.90475,0.011201808,2.2121239,37.098934
41.05,9.272394,128.90627,0.011193221,2.2132869,37.09866
41.06,9.272402,128.90776,0.011184552,2.214449,37.098373
41.07,9.272415,128.90923,0.011175615,2.21561,37.098106
41.08,9.272425,128.91074,0.011167176,2.2167697,37.097816
41.09,9.272434,128.91217,0.011158224,2.2179322,37.097546
41.1,9.272436,128.91365,0.0111495545,2.21909,37.09725
41.11,9.272451,128.91508,0.011140796,2.2202482,37.09697
41.12,9.272461,128.91655,0.011131949,2.2214062,37.096687
41.13,9.272464,128.91798,0.011123041,2.2225647,37.0964
41.14,9.272474,128.91943,0.011114595,2.2237191,37.096127
41.15,9.272483,128.92085,0.011105583,2.2248766,37.095833
41.16,9.272491,128.92229,0.011096914,2.226035,37.095528
41.17,9.272497,128.92369,0.011088051,2.2271872,37.095245
41.18,9.272507,128.9251,0.011079083,2.2283428,37.09496
41.19,9.272514,128.92648,0.011070385,2.2294955,37.094673
41.2,9.272524,128.92789,0.011061588,2.2306478,37.09439
41.21,9.272531,128.92928,0.011052562,2.2318,37.0941
41.22,9.272539,128.93066,0.011043803,2.2329502,37.09381
41.23,9.272547,128.932,0.01103488,2.2341013,37.093506
41.24,9.2725525,128.93341,0.01102589,2.2352538,37.09323
41.25,9.272559,128.93477,0.011017012,2.2364032,37.09294
41.26,9.272567,128.9361,0.01100806,2.2375503,37.092636
41.27,9.272573,128.93744,0.010998936,2.2387009,37.092346
41.28,9.272585,128.93881,0.010990161,2.2398472,37.09204
41.29,9.272584,128.94011,0.010981351,2.2409973,37.09175
41.3,9.272597,128.94142,0.010972331,2.2421415,37.091457
41.31,9.272604,128.94278,0.010963289,2.2432861,37.09116
41.32,9.272608,128.94406,0.01095424,2.2444348,37.090874
41.33,9.272616,128.94536,0.010945398,2.2455797,37.09057
41.34,9.272623,128.94669,0.010936156,2.2467217,37.09027
41.35,9.272629,128.94795,0.010927211,2.2478662,37.089977
41.36,9.272632,128.94925,0.010918079,2.2490096,37.089676
41.37,9.27264,128.95053,0.010909007,2.2501504,37.08937
41.38,9.272647,128.95177,0.010900069,2.251294,37.08908
41.39,9.27265,128.95308,0.0108907735,2.2524366,37.088776
41.4,9.272661,128.95432,0.010881776,2.2535758,37.08847
41.41,9.272666,128.95558,0.010872756,2.254715,37.088177
41.42,9.27267,128.95683,0.010863692,2.255857,37.08787
41.43,9.272678,128.95804,0.010854433,2.2569942,37.08756
41.44,9.27268,128.95934,0.010845324,2.2581327,37.087276
41.45,9.272688,128.96048,0.010836163,2.2592726,37.086967
41.46,9.272691,128.96175,0.010827083,2.2604067,37.086662
41.47,9.272697,128.96297,0.010817944,2.261547,37.086357
41.48,9.272701,128.96414,0.010808655,2.262681,37.08605
41.49,9.272709,128.96536,0.010799605,2.263817,37.08572
41.5,9.272713,128.96654,0.010790235,2.2649517,37.08544
41.51,9.272714,128.96774,0.010781186,2.2660847,37.08513
41.52,9.272723,128.96893,0.010771771,2.2672195,37.084827
41.53,9.272726,128.97008,0.010762661,2.268355,37.0845
41.54,9.272732,128.9712,0.010753432,2.2694864,37.08419
41.55,9.2727375,128.9724,0.010744025,2.2706184,37.08389
41.56,9.272739,128.97353,0.010734871,2.27175,37.083576
41.57,9.272748,128.97469,0.010725567,2.2728825,37.083263
41.58,9.272751,128.97581,0.010716234,2.2740126,37.082954
41.59,9.272755,128.97697,0.01070676,2.2751422,37.08264
41.6,9.2727585,128.97812,0.010697568,2.2762718,37.082344
41.61,9.272764,128.97922,0.010688338,2.2774017,37.082016
41.62,9.272768,128.98032,0.010678917,2.2785296,37.08169
41.63,9.27277,128.98148,0.010669643,2.279656,37.081375
41.64,9.272772,128.98254,0.010660303,2.2807834,37.081074
41.65,9.272777,128.98364,0.01065088,2.2819116,37.080746
41.66,9.272785,128.98474,0.010641413,2.283038,37.080433
41.67,9.272782,128.98582,0.010632043,2.2841647,37.080112
41.68,9.272787,128.9869,0.010622956,2.285289,37.07981
41.69,9.272791,128.98795,0.0106134955,2.2864146,37.079483
41.7,9.272794,128.98907,0.0106039755,2.2875383,37.07915
41.71,9.272796,128.9901,0.010594598,2.288662,37.078842
41.72,9.2728,128.99117,0.010585115,2.2897868,37.078518
41.73,9.272804,128.9922,0.01057573,2.290908,37.07821
41.74,9.272809,128.99327,0.010566151,2.2920313,37.077892
41.75,9.27281,128.99434,0.010556676,2.293153,37.077564
41.76,9.272811,128.99532,0.010547402,2.294272,37.077255
41.77,9.272816,128.99635,0.010537748,2.295394,37.07692
41.78,9.272818,128.9974,0.010528348,2.296515,37.076607
41.79,9.272821,128.9984,0.010518992,2.2976336,37.07628
41.8,9.2728195,128.99942,0.010509302,2.2987547,37.07596
41.81,9.272823,129.00041,0.010499841,2.2998714,37.075626
41.82,9.27283,129.00142,0.01049018,2.30099,37.075317
41.83,9.272825,129.00241,0.010480645,2.3021088,37.07499
41.84,9.27283,129.00334,0.010471326,2.3032267,37.074657
41.85,9.272834,129.00436,0.010461614,2.3043423,37.074333
41.86,9.272835,129.00537,0.01045219,2.3054614,37.074005
41.87,9.272838,129.0063,0.010442551,2.3065777,37.073673
41.88,9.272839,129.00726,0.010433024,2.3076901,37.07335
41.89,9.27284,129.00822,0.010423258,2.3088062,37.073013
41.9,9.272841,129.00917,0.010413693,2.3099213,37.072693
41.91,9.272845,129.01015,0.010404047,2.3110347,37.07236
41.92,9.272845,129.01105,0.010394341,2.3121476,37.072018
41.93,9.272847,129.01201,0.0103848735,2.3132613,37.071682
41.94,9.272847,129.01294,0.01037516,2.314373,37.07136
41.95,9.272847,129.01389,0.010365573,2.3154871,37.071022
41.96,9.27285,129.01477,0.010355881,2.3165965,37.070694
41.97,9.272852,129.01567,0.010346324,2.317709,37.070374
41.98,9.272854,129.0166,0.010336678,2.318819,37.07003
41.99,9.272853,129.01749,0.010326741,2.3199298,37.069702
42.0,9.272855,129.01839,0.01031708,2.3210392,37.069363
42.01,9.272853,129.01927,0.010307589,2.3221474,37.069023
42.02,9.272854,129.02019,0.010297801,2.323258,37.06869
42.03,9.272856,129.02103,0.010287983,2.3243651,37.068356
42.04,9.272855,129.02188,0.01027827,2.3254757,37.068024
42.05,9.272857,129.02277,0.010268801,2.3265812,37.067688
42.06,9.272859,129.02365,0.010258782,2.3276885,37.067345
42.07,9.272857,129.02452,0.010249269,2.3287964,37.06701
42.08,9.27286,129.0254,0.010239481,2.3299024,37.06668
42.09,9.272859,129.02618,0.010229521,2.3310099,37.066326
42.1,9.27286,129.02704,0.01021983,2.3321126,37.065994
42.11,9.272858,129.02786,0.0102098845,2.333218,37.065647
42.12,9.272863,129.0287,0.010200238,2.3343227,37.065308
42.13,9.27286,129.02956,0.010190405,2.3354273,37.064976
42.14,9.2728615,129.03036,0.01018055,2.3365326,37.064632
42.15,9.272861,129.03119,0.010170805,2.3376353,37.06429
42.16,9.272861,129.03197,0.010160794,2.338738,37.063934
42.17,9.27286,129.03278,0.010151081,2.339839,37.06361
42.18,9.272857,129.03358,0.01014121,2.3409424,37.063263
42.19,9.272858,129.03441,0.010131488,2.3420434,37.062916
42.2,9.272855,129.03514,0.01012155,2.343145,37.062572
42.21,9.272857,129.03595,0.010111807,2.344245,37.062237
42.22,9.272859,129.03674,0.010101758,2.345346,37.061886
42.23,9.272857,129.03748,0.010091775,2.3464441,37.06153
42.24,9.272856,129.03827,0.010082061,2.3475456,37.061195
42.25,9.272854,129.03902,0.010072116,2.348643,37.06083
42.26,9.272854,129.0398,0.0100620445,2.349742,37.060486
42.27,9.272853,129.04056,0.010052189,2.3508418,37.060146
42.28,9.272851,129.04129,0.010042379,2.3519402,37.059788
42.29,9.272849,129.04202,0.01003238,2.3530369,37.059444
42.3,9.272849,129.0428,0.010022383,2.3541336,37.059097
42.31,9.272846,129.04352,0.01001258,2.3552308,37.05874
42.32,9.272844,129.04422,0.010002493,2.356326,37.05839
42.33,9.272842,129.04495,0.00999263,2.3574233,37.058044
42.34,9.272841,129.04567,0.0099826325,2.3585186,37.057686
42.35,9.272841,129.04637,0.009972695,2.359615,37.05735
42.36,9.272842,129.04712,0.009962653,2.3607082,37.056984
42.37,9.272839,129.04782,0.009952446,2.361803,37.056625
42.38,9.272835,129.04848,0.009942591,2.3628957,37.056286
42.39,9.272836,129.0492,0.009932706,2.3639898,37.055923
42.4,9.272834,129.04987,0.009922597,2.3650827,37.055565
42.41,9.27283,129.0506,0.009912756,2.3661747,37.05522
42.42,9.272825,129.05124,0.009902572,2.3672674,37.05486
42.43,9.272824,129.05191,0.009892493,2.368358,37.054497
42.44,9.272823,129.05255,0.009882525,2.3694508,37.05415
42.45,9.272821,129.05327,0.009872394,2.370544,37.053783
42.46,9.2728195,129.05391,0.009862448,2.371635,37.05344
42.47,9.272815,129.05458,0.009852257,2.3727245,37.053085
42.48,9.272814,129.05519,0.009842118,2.373815,37.052723
42.49,9.272814,129.05582,0.0098321205,2.3749056,37.052357
42.5,9.272808,129.05652,0.009822048,2.3759947,37.052
42.51,9.272809,129.05713,0.009811879,2.3770835,37.051643
42.52,9.272805,129.05775,0.009801852,2.3781734,37.051277
42.53,9.2727995,129.05843,0.009791773,2.37926,37.05092
42.54,9.272798,129.05898,0.0097816335,2.3803496,37.050552
42.55,9.272797,129.0596,0.009771591,2.3814356,37.050198
42.56,9.272793,129.06024,0.009761452,2.3825235,37.049828
42.57,9.272791,129.06087,0.009751357,2.3836107,37.049473
42.58,9.272786,129.06146,0.009741017,2.3846974,37.049103
42.59,9.272782,129.06206,0.009730848,2.3857832,37.048744
42.6,9.272784,129.06264,0.009720626,2.3868694,37.04837
42.61,9.272781,129.06322,0.009710435,2.3879557,37.04802
42.62,9.272775,129.06384,0.009700431,2.389039,37.04765
42.63,9.272769,129.06438,0.009690223,2.3901253,37.04729
42.64,9.272764,129.06494,0.009680085,2.391209,37.04693
42.65,9.272759,129.0655,0.009669931,2.3922942,37.046562
42.66,9.27276,129.06612,0.009659583,2.3933764,37.046196
42.67,9.272756,129.06664,0.009649399,2.3944597,37.045826
42.68,9.272752,129.06721,0.009639081,2.3955436,37.04545
42.69,9.272748,129.06776,0.009629001,2.3966265,37.04509
42.7,9.272747,129.0683,0.009618832,2.397708,37.044724
42.71,9.272744,129.06888,0.00960838,2.3987906,37.044342
42.72,9.272738,129.06941,0.009598225,2.3998723,37.043976
42.73,9.272735,129.06992,0.009588153,2.4009542,37.04361
42.74,9.272732,129.07047,0.0095776925,2.4020357,37.043243
42.75,9.272724,129.07097,0.0095675755,2.4031155,37.04287
42.76,9.272721,129.07147,0.009557451,2.4041958,37.042496
42.77,9.272717,129.07204,0.009547148,2.4052773,37.042126
42.78,9.272714,129.0725,0.0095367255,2.4063568,37.041748
42.79,9.272706,129.07307,0.009526519,2.407434,37.041374
42.8,9.272702,129.07356,0.009516155,2.4085147,37.04101
42.81,9.2727,129.07404,0.009505816,2.409594,37.04063
42.82,9.272697,129.07455,0.009495489,2.4106727,37.040257
42.83,9.272693,129.07507,0.009485313,2.4117498,37.039886
42.84,9.272685,129.0755,0.00947495,2.4128299,37.039513
42.85,9.272681,129.07599,0.009464489,2.4139073,37.039135
42.86,9.272678,129.07646,0.009454217,2.4149833,37.03877
42.87,9.272675,129.07692,0.009444099,2.416061,37.03838
42.88,9.272667,129.07742,0.009433639,2.4171352,37.03801
42.89,9.272662,129.07791,0.009423381,2.418213,37.037636
42.9,9.27266,129.07835,0.009413002,2.4192896,37.03726
42.91,9.272653,129.07878,0.009402572,2.420364,37.03688
42.92,9.272646,129.07925,0.009392105,2.4214392,37.036507
42.93,9.272643,129.07973,0.009381942,2.422514,37.036118
42.94,9.272637,129.08015,0.009371467,2.4235888,37.03574
42.95,9.272631,129.08057,0.009361059,2.424664,37.03536
42.96,9.272626,129.081,0.009350719,2.4257383,37.03498
42.97,9.272626,129.08147,0.009340243,2.4268122,37.034607
42.98,9.272619,129.08191,0.009329904,2.427886,37.034218
42.99,9.272612,129.08228,0.009319539,2.4289613,37.033836
43.0,9.272607,129.08269,0.009309139,2.4300294,37.03346
43.01,9.272599,129.08313,0.00929865,2.4311037,37.03307
43.02,9.2725935,129.08356,0.0092882635,2.4321756,37.032696
43.03,9.272592,129.08392,0.009277938,2.433249,37.03231
43.04,9.272584,129.08437,0.009267388,2.4343224,37.03192
43.05,9.272576,129.08475,0.00925707,2.4353929,37.03155
43.06,9.2725725,129.08514,0.009246579,2.4364634,37.031147
43.07,9.272564,129.08553,0.009236075,2.4375353,37.03079
43.08,9.272562,129.08592,0.009225495,2.4386039,37.030384
43.09,9.272557,129.0863,0.009215407,2.4396734,37.02999
43.1,9.2725525,129.0867,0.009204672,2.440744,37.029625
43.11,9.272543,129.08707,0.009194055,2.4418163,37.029232
43.12,9.272537,129.08743,0.009183833,2.442884,37.028843
43.13,9.2725315,129.08778,0.009173365,2.443952,37.028454
43.14,9.272529,129.08812,0.009162846,2.4450207,37.028072
43.15,9.272519,129.08852,0.009152116,2.4460921,37.027676
43.16,9.272513,129.08888,0.0091418205,2.4471588,37.027283
43.17,9.272505,129.08922,0.009131525,2.4482265,37.026917
43.18,9.272499,129.08952,0.0091209,2.449294,37.02651
43.19,9.272493,129.0899,0.009110268,2.4503613,37.02613
43.2,9.27249,129.09024,0.009099823,2.4514318,37.025738
43.21,9.272482,129.09058,0.0090894,2.4524975,37.02535
43.22,9.272476,129.09091,0.009078896,2.4535637,37.02495
43.23,9.2724695,129.0912,0.0090682255,2.4546309,37.024563
43.24,9.272461,129.09154,0.009057915,2.4556952,37.024166
43.25,9.272457,129.09186,0.00904735,2.4567604,37.02378
43.26,9.27245,129.09216,0.009036934,2.4578266,37.023396
43.27,9.27244,129.09248,0.009026101,2.4588928,37.022987
43.28,9.272434,129.0928,0.009015559,2.459959,37.022606
43.29,9.272429,129.09306,0.009005016,2.4610233,37.022205
43.3,9.27242,129.09341,0.008994474,2.4620876,37.0218
43.31,9.272412,129.09366,0.008983991,2.4631515,37.021435
43.32,9.272404,129.09404,0.008973419,2.4642134,37.021004
43.33,9.272401,129.09428,0.008962891,2.4652796,37.020622
43.34,9.272393,129.09457,0.008952357,2.4663444,37.020218
43.35,9.2723875,129.09485,0.008941612,2.4674058,37.019833
43.36,9.27238,129.09511,0.008931003,2.4684682,37.01944
43.37,9.272375,129.09543,0.008920461,2.469532,37.019054
43.38,9.272367,129.09567,0.008909725,2.4705935,37.018658
43.39,9.272355,129.09595,0.008899331,2.4716573,37.018253
43.4,9.272349,129.09618,0.008888632,2.4727187,37.01785
43.41,9.272343,129.0964,0.0088780895,2.4737806,37.017452
43.42,9.272333,129.09668,0.008867383,2.4748416,37.017056
43.43,9.272326,129.09697,0.008856669,2.4759007,37.016663
43.44,9.272323,129.09723,0.008846201,2.476963,37.01625
43.45,9.27231,129.09746,0.008835509,2.4780254,37.015865
43.46,9.272305,129.09769,0.008824848,2.4790845,37.015457
43.47,9.272296,129.09793,0.008814074,2.4801474,37.015068
43.48,9.272288,129.09816,0.008803524,2.481206,37.014652
43.49,9.272282,129.09839,0.008792907,2.482266,37.01425
43.5,9.272272,129.09863,0.00878255,2.4833279,37.013847
43.51,9.2722645,129.09885,0.008771718,2.4843836,37.01346
43.52,9.272257,129.09904,0.008760996,2.4854436,37.01305
43.53,9.272248,129.09926,0.008750341,2.4865022,37.01264
43.54,9.27224,129.09947,0.008739634,2.4875627,37.01223
43.55,9.272232,129.09969,0.008729174,2.488618,37.01183
43.56,9.272225,129.0999,0.008718378,2.489677,37.01142
43.57,9.272215,129.1001,0.008707685,2.4907365,37.011017
43.58,9.272208,129.10031,0.008696995,2.4917917,37.010635
43.59,9.272199,129.10051,0.008686168,2.4928493,37.010212
43.6,9.272196,129.10071,0.008675514,2.493908,37.00981
43.61,9.272186,129.10089,0.008664815,2.4949641,37.009407
43.62,9.272175,129.10104,0.008654205,2.4960203,37.009
43.63,9.272167,129.10124,0.008643379,2.4970784,37.00858
43.64,9.272159,129.10144,0.008632672,2.4981327,37.008186
43.65,9.272148,129.10156,0.008622099,2.4991913,37.007786
43.66,9.272143,129.10173,0.008611288,2.500245,37.007366
43.67,9.272132,129.10193,0.008600559,2.5013003,37.006954
43.68,9.272121,129.1021,0.008590061,2.502358,37.006546
43.69,9.272115,129.10223,0.008579154,2.5034113,37.006134
43.7,9.272107,129.10237,0.008568611,2.5044656,37.005722
43.71,9.272097,129.10255,0.008557762,2.5055199,37.00533
43.72,9.272088,129.10269,0.00854704,2.506576,37.004913
43.73,9.272082,129.10283,0.008536341,2.5076299,37.0045
43.74,9.272071,129.10298,0.008525694,2.5086842,37.004097
43.75,9.272064,129.10315,0.008514786,2.509737,37.003677
43.76,9.272054,129.10323,0.008503885,2.5107913,37.00326
43.77,9.272043,129.10336,0.008493469,2.5118442,37.002853
43.78,9.2720375,129.1035,0.008482531,2.5128994,37.002438
43.79,9.272028,129.10364,0.008471802,2.5139508,37.002026
43.8,9.272017,129.10376,0.008461013,2.5150027,37.001614
43.81,9.27201,129.1039,0.008450225,2.516057,37.0012
43.82,9.271999,129.10396,0.008439562,2.5171094,37.000786
43.83,9.271989,129.1041,0.008428825,2.5181603,37.000374
43.84,9.271984,129.10423,0.008417888,2.5192113,36.999958
43.85,9.271974,129.1043,0.008407188,2.5202637,36.999554
43.86,9.27196,129.10445,0.008396429,2.5213141,36.99915
43.87,9.271955,129.10455,0.008385774,2.5223675,36.99872
43.88,9.271945,129.10461,0.008374777,2.523418,36.99829
43.89,9.2719345,129.10472,0.00836407,2.524469,36.9979
43.9,9.271925,129.1048,0.008353258,2.5255198,36.997463
43.91,9.271913,129.10486,0.008342395,2.526569,36.997047
43.92,9.271905,129.10495,0.008331681,2.5276208,36.99663
43.93,9.271896,129.10506,0.0083207125,2.5286703,36.996212
43.94,9.271887,129.10512,0.008309953,2.5297184,36.995808
43.95,9.271873,129.10521,0.008299336,2.5307703,36.995384
43.96,9.271871,129.10526,0.008288503,2.5318189,36.99496
43.97,9.271858,129.10535,0.00827787,2.5328674,36.994537
43.98,9.271847,129.10541,0.008266835,2.533917,36.994114
43.99,9.271838,129.10547,0.008255986,2.534967,36.99371
44.0,9.271824,129.10555,0.00824533,2.5360131,36.99328
44.01,9.271814,129.10558,0.008234184,2.5370631,36.99286
44.02,9.271809,129.1056,0.008223455,2.5381112,36.99244
44.03,9.271797,129.1057,0.008212666,2.5391607,36.992023
44.04,9.2717905,129.10574,0.008201638,2.5402064,36.9916
44.05,9.271779,129.10576,0.0081911255,2.541256,36.991173
44.06,9.271769,129.1058,0.008180089,2.5423012,36.990753
44.07,9.271757,129.10582,0.008169286,2.5433507,36.990326
44.08,9.271746,129.10587,0.008158303,2.5443974,36.989906
44.09,9.271739,129.10591,0.008147536,2.545443,36.9895
44.1,9.271728,129.10594,0.0081367325,2.5464888,36.989067
44.11,9.271718,129.10591,0.008125943,2.5475354,36.98864
44.12,9.271709,129.10596,0.008115072,2.548584,36.988216
44.13,9.271694,129.10597,0.008104096,2.5496292,36.987785
44.14,9.271687,129.10597,0.008093538,2.5506754,36.98736
44.15,9.271676,129.10603,0.00808228,2.551721,36.986942
44.16,9.271668,129.10602,0.008071706,2.5527663,36.986526
44.17,9.271655,129.10603,0.008060709,2.5538116,36.986084
44.18,9.271645,129.106,0.008049815,2.5548577,36.985657
44.19,9.271633,129.10603,0.008038839,2.5559044,36.985237
44.2,9.271623,129.10599,0.008027998,2.5569477,36.984802
44.21,9.27161,129.106,0.0080173435,2.5579896,36.984383
44.22,9.2716,129.106,0.008006554,2.5590358,36.983955
44.23,9.271588,129.10597,0.007995361,2.56008,36.983524
44.24,9.27158,129.10597,0.007984528,2.5611234,36.983086
44.25,9.271569,129.10594,0.007973634,2.5621681,36.982677
44.26,9.271557,129.10593,0.0079630315,2.5632105,36.982243
44.27,9.271549,129.1059,0.007952041,2.5642543,36.981815
44.28,9.271536,129.1059,0.007941006,2.5652971,36.981384
44.29,9.271526,129.10583,0.007930201,2.566341,36.980957
44.3,9.271515,129.1058,0.007919412,2.5673847,36.980526
44.31,9.271506,129.10579,0.007908398,2.5684295,36.980087
44.32,9.271497,129.10576,0.007897424,2.569471,36.979652
44.33,9.271484,129.10568,0.007886462,2.5705132,36.97923
44.34,9.271472,129.10564,0.007875711,2.5715556,36.978794
44.35,9.27146,129.10558,0.007864742,2.5725956,36.978355
44.36,9.271451,129.1056,0.00785367,2.5736408,36.97794
44.37,9.271437,129.10548,0.007842843,2.5746813,36.97751
44.38,9.271427,129.10547,0.007831823,2.5757208,36.977062
44.39,9.271414,129.10536,0.007820982,2.5767655,36.97663
44.4,9.271401,129.10533,0.007810132,2.5778055,36.976208
44.41,9.271398,129.10526,0.007799231,2.5788465,36.975765
44.42,9.271382,129.10518,0.0077884416,2.579887,36.975334
44.43,9.271372,129.10512,0.0077774585,2.5809283,36.97489
44.44,9.271359,129.10507,0.007766401,2.5819702,36.97446
44.45,9.271349,129.10497,0.0077556036,2.5830107,36.974022
44.46,9.271337,129.1049,0.007744427,2.5840507,36.973587
44.47,9.271324,129.10483,0.007733742,2.5850902,36.973145
44.48,9.271314,129.1047,0.0077226837,2.5861306,36.972713
44.49,9.271301,129.10461,0.0077117826,2.587173,36.972282
44.5,9.271291,129.10452,0.0077007394,2.5882092,36.971844
44.51,9.27128,129.10449,0.0076899426,2.5892496,36.97141
44.52,9.271272,129.10434,0.0076789744,2.5902886,36.970963
44.53,9.271259,129.10426,0.0076679243,2.591329,36.97053
44.54,9.271245,129.10414,0.007657,2.5923657,36.970108
44.55,9.271234,129.10406,0.0076460843,2.593408,36.96967
44.56,9.271222,129.10394,0.0076350337,2.5944462,36.969215
44.57,9.27121,129.10384,0.0076241847,2.5954852,36.96879
44.58,9.271196,129.10373,0.0076132757,2.5965223,36.96834
44.59,9.271186,129.10364,0.0076024192,2.5975618,36.96791
44.6,9.2711735,129.1035,0.007591376,2.5985985,36.96747
44.61,9.271161,129.10338,0.007580393,2.599636,36.96703
44.62,9.2711525,129.10324,0.0075697,2.6006727,36.96659
44.63,9.271137,129.10312,0.0075583365,2.6017108,36.966137
44.64,9.271129,129.103,0.0075476067,2.6027489,36.965702
44.65,9.271117,129.10289,0.0075367126,2.603788,36.965275
44.66,9.271105,129.10274,0.007525513,2.6048245,36.964825
44.67,9.271091,129.1026,0.0075147455,2.6058588,36.96438
44.68,9.27108,129.10245,0.007503837,2.6068993,36.963936
44.69,9.271069,129.10234,0.0074928086,2.6079335,36.963493
44.7,9.271051,129.10219,0.0074818176,2.6089725,36.963055
44.71,9.271041,129.10202,0.007470864,2.6100078,36.962616
44.72,9.271028,129.10188,0.0074598435,2.611043,36.962166
44.73,9.271019,129.10175,0.0074487706,2.61208,36.961723
44.74,9.271005,129.10158,0.0074377717,2.6131148,36.961277
44.75,9.270995,129.1014,0.007426848,2.614151,36.960842
44.76,9.27098,129.10121,0.007416029,2.6151872,36.960392
44.77,9.27097,129.1011,0.007404955,2.6162229,36.95995
44.78,9.270956,129.10094,0.0073939348,2.6172557,36.95949
44.79,9.2709465,129.10072,0.007383182,2.6182938,36.959057
44.8,9.270935,129.1006,0.007372058,2.6193285,36.95861
44.81,9.270925,129.10045,0.007361171,2.6203637,36.958164
44.82,9.270908,129.10027,0.007350105,2.6213984,36.95772
44.83,9.270899,129.10007,0.0073391884,2.6224337,36.957275
44.84,9.270881,129.09988,0.00732822,2.623468,36.956833
44.85,9.270868,129.09969,0.007317013,2.6245017,36.956375
44.86,9.270855,129.09953,0.007306156,2.6255364,36.955933
44.87,9.270845,129.09933,0.007295083,2.6265712,36.95548
44.88,9.270831,129.09915,0.007284293,2.6276045,36.955032
44.89,9.270821,129.09897,0.0072732945,2.6286383,36.954582
44.9,9.270806,129.09882,0.007262237,2.6296716,36.954147
44.91,9.270792,129.09856,0.007251156,2.6307058,36.953686
44.92,9.27078,129.09837,0.007240247,2.6317382,36.953236
44.93,9.270767,129.09816,0.007229137,2.6327724,36.952793
44.94,9.270755,129.09798,0.0072181155,2.6338053,36.95234
44.95,9.270745,129.09775,0.007207348,2.6348386,36.951885
44.96,9.270731,129.09752,0.0071962303,2.635868,36.951435
44.97,9.270719,129.09729,0.00718515,2.6369047,36.95098
44.98,9.270703,129.0971,0.0071743,2.6379366,36.950535
44.99,9.270692,129.0969,0.007163458,2.63897,36.950077
45.0,9.2706785,129.09666,0.007152288,2.6400008,36.94965
45.01,9.270663,129.09645,0.007141334,2.6410327,36.949173
45.02,9.270651,129.09627,0.007130417,2.642064,36.948715
45.03,9.270635,129.09596,0.0071193143,2.6430964,36.94827
45.04,9.270627,129.09578,0.0071082786,2.6441293,36.94782
45.05,9.270615,129.09557,0.007097317,2.6451602,36.94738
45.06,9.2706,129.09532,0.0070863706,2.6461916,36.946903
45.07,9.270589,129.0951,0.0070754616,2.6472225,36.946472
45.08,9.2705765,129.09483,0.007064299,2.6482549,36.946014
45.09,9.270561,129.0946,0.007053442,2.6492872,36.94555
45.1,9.270548,129.09438,0.007042249,2.6503158,36.945107
45.11,9.270534,129.09407,0.0070313998,2.6513467,36.944645
45.12,9.270524,129.09384,0.007020453,2.652379,36.94418
45.13,9.270513,129.09363,0.00700935,2.6534085,36.943737
45.14,9.270496,129.09332,0.006998329,2.6544394,36.943275
45.15,9.270483,129.0931,0.006987382,2.65547,36.94283
45.16,9.270469,129.09285,0.006976518,2.6565003,36.942368
45.17,9.270454,129.09262,0.006965199,2.6575284,36.94192
45.18,9.270443,129.09232,0.006954319,2.6585631,36.94146
45.19,9.270428,129.09206,0.0069434093,2.6595902,36.940998
45.2,9.270415,129.0918,0.0069322768,2.6606212,36.940548
45.21,9.270402,129.09149,0.006921278,2.6616492,36.940094
45.22,9.270387,129.09128,0.006910473,2.6626787,36.939625
45.23,9.270374,129.09097,0.0068994,2.6637092,36.939175
45.24,9.270361,129.09073,0.006888312,2.6647387,36.938717
45.25,9.270348,129.09041,0.00687732,2.6657653,36.938255
45.26,9.270334,129.09007,0.0068662767,2.6667957,36.937782
45.27,9.27032,129.08984,0.0068553,2.6678247,36.93733
45.28,9.2703085,129.08957,0.006844272,2.6688519,36.936882
45.29,9.270292,129.08928,0.0068333023,2.6698818,36.936405
45.3,9.27028,129.08902,0.0068224897,2.6709108,36.93596
45.31,9.270269,129.08867,0.006811431,2.6719384,36.93549
45.32,9.270252,129.08841,0.006800291,2.672966,36.93504
45.33,9.270239,129.0881,0.006789456,2.6739955,36.93457
45.34,9.2702265,129.08784,0.006778502,2.6750226,36.934097
45.35,9.270211,129.08752,0.006767175,2.6760516,36.933643
45.36,9.270197,129.08719,0.0067564594,2.6770802,36.933197
45.37,9.270184,129.08687,0.006745289,2.6781049,36.93273
45.38,9.27017,129.08656,0.006734387,2.6791348,36.93227
45.39,9.270156,129.08627,0.0067232167,2.68016,36.9318
45.4,9.270142,129.08595,0.006712367,2.6811886,36.93133
45.41,9.270125,129.08566,0.0067013977,2.6822128,36.930874
45.42,9.270114,129.08539,0.0066901753,2.6832418,36.930416
45.43,9.2701,129.08507,0.00667937,2.68427,36.92996
45.44,9.270085,129.08472,0.0066683483,2.6852965,36.9295
45.45,9.270073,129.08432,0.0066573196,2.6863232,36.929024
45.46,9.270059,129.08403,0.0066463356,2.6873474,36.928577
45.47,9.270047,129.08374,0.006635292,2.688375,36.928104
45.48,9.270031,129.08337,0.006624226,2.6894011,36.92764
45.49,9.270017,129.08308,0.006613309,2.6904278,36.927174
45.5,9.270002,129.08273,0.0066023394,2.691454,36.92671
45.51,9.26999,129.0824,0.0065912884,2.6924796,36.926254
45.52,9.269976,129.08206,0.006580275,2.6935072,36.925774
45.53,9.269959,129.08174,0.0065693874,2.6945324,36.925327
45.54,9.269946,129.08136,0.006558366,2.6955566,36.924854
45.55,9.269935,129.08102,0.0065475013,2.6965857,36.924385
45.56,9.269919,129.08069,0.0065361736,2.6976085,36.923916
45.57,9.269908,129.08034,0.0065254136,2.698635,36.92345
45.58,9.269888,129.07996,0.00651431,2.6996593,36.92299
45.59,9.269877,129.07962,0.006503244,2.7006836,36.92252
45.6,9.26986,129.07925,0.0064922525,2.7017097,36.922047
45.61,9.269846,129.0789,0.0064813574,2.702734,36.921585
45.62,9.269831,129.07849,0.006470336,2.7037578,36.921116
45.63,9.269819,129.0782,0.0064592026,2.7047844,36.920647
45.64,9.269806,129.07784,0.0064482414,2.7058067,36.920166
45.65,9.26979,129.07745,0.006437465,2.706833,36.919716
45.66,9.269775,129.07713,0.006426474,2.7078571,36.919243
45.67,9.269764,129.07674,0.006415445,2.7088823,36.918766
45.68,9.269745,129.07637,0.006404386,2.7099042,36.9183
45.69,9.269734,129.07596,0.006393394,2.7109284,36.91783
45.7,9.269718,129.07559,0.0063824174,2.7119532,36.91735
45.71,9.269703,129.07521,0.006371426,2.712976,36.916897
45.72,9.2696905,129.07486,0.006360456,2.7140012,36.91642
45.73,9.269676,129.07446,0.0063496283,2.715024,36.915943
45.74,9.269661,129.07408,0.00633854,2.7160487,36.915485
45.75,9.269644,129.07372,0.006327459,2.7170706,36.915012
45.76,9.269631,129.07327,0.0063165785,2.7180967,36.91454
45.77,9.269615,129.07292,0.0063055865,2.7191172,36.914066
45.78,9.269604,129.07256,0.0062945653,2.720141,36.913605
45.79,9.269587,129.0721,0.006283685,2.7211637,36.913124
45.8,9.269571,129.07172,0.0062725893,2.7221856,36.912647
45.81,9.269557,129.07132,0.00626159,2.7232094,36.91218
45.82,9.269546,129.07092,0.0062506953,2.7242308,36.91172
45.83,9.26953,129.07054,0.006239703,2.7252555,36.911243
45.84,9.269513,129.07016,0.00622854,2.7262783,36.910755
45.85,9.2695,129.06975,0.006217704,2.7272987,36.91029
45.86,9.269482,129.06934,0.006206825,2.7283216,36.90981
45.87,9.26947,129.06892,0.0061959294,2.7293444,36.909344
45.88,9.269453,129.06851,0.0061847586,2.7303658,36.908882
45.89,9.269436,129.06805,0.006173849,2.7313886,36.908386
45.9,9.2694235,129.06766,0.006162857,2.7324095,36.907913
45.91,9.269408,129.06726,0.006151925,2.7334323,36.90746
45.92,9.269398,129.06683,0.0061409627,2.7344532,36.906963
45.93,9.269382,129.0664,0.0061299927,2.7354736,36.906487
45.94,9.269368,129.06595,0.0061190156,2.7364974,36.906017
45.95,9.269352,129.06557,0.0061080987,2.7375174,36.90553
45.96,9.269336,129.06514,0.0060969577,2.7385392,36.905064
45.97,9.269322,129.0647,0.0060860105,2.7395606,36.904583
45.98,9.269305,129.06427,0.0060752123,2.740581,36.90409
45.99,9.269293,129.06383,0.006064161,2.7416024,36.903633
46.0,9.269275,129.06342,0.0060533923,2.7426248,36.903152
46.01,9.269262,129.06299,0.0060424153,2.7436447,36.902683
46.02,9.269249,129.0625,0.0060313116,2.7446637,36.902203
46.03,9.26923,129.06212,0.0060203644,2.7456846,36.90171
46.04,9.269217,129.06166,0.0060094544,2.7467046,36.901245
46.05,9.269198,129.06122,0.005998321,2.747726,36.90077
46.06,9.269185,129.06073,0.005987463,2.748745,36.900288
46.07,9.269169,129.06033,0.0059766276,2.7497659,36.899807
46.08,9.269154,129.05989,0.005965628,2.7507863,36.899326
46.09,9.269138,129.05945,0.0059548374,2.7518086,36.89885
46.1,9.269125,129.05894,0.0059436513,2.7528267,36.89838
46.11,9.269113,129.05847,0.00593292,2.7538462,36.897907
46.12,9.269096,129.05803,0.005921906,2.7548647,36.897415
46.13,9.269083,129.05757,0.005910817,2.7558866,36.896927
46.14,9.269066,129.05714,0.005900123,2.7569036,36.896454
46.15,9.26905,129.05666,0.0058890563,2.7579231,36.89599
46.16,9.269034,129.05623,0.005878079,2.7589436,36.895504
46.17,9.269021,129.05573,0.005867206,2.7599645,36.895016
46.18,9.269003,129.05527,0.005856222,2.760982,36.894535
46.19,9.268991,129.05481,0.005845394,2.762,36.89405
46.2,9.2689705,129.05434,0.005834468,2.7630196,36.893574
46.21,9.268958,129.05383,0.0058235736,2.764038,36.893093
46.22,9.268944,129.05336,0.005812477,2.7650604,36.892605
46.23,9.268926,129.05293,0.005801768,2.766077,36.89213
46.24,9.26891,129.05243,0.0057906862,2.7670956,36.891647
46.25,9.268897,129.05193,0.0057797837,2.768114,36.891155
46.26,9.268881,129.05145,0.005768978,2.7691326,36.89068
46.27,9.268865,129.05098,0.0057580085,2.7701511,36.890198
46.28,9.268853,129.05046,0.005747128,2.7711682,36.88971
46.29,9.268834,129.05,0.005736106,2.7721858,36.889233
46.3,9.268818,129.04951,0.005725226,2.7732043,36.888752
46.31,9.2688055,129.04903,0.005714315,2.774222,36.88826
46.32,9.26879,129.0485,0.0057035917,2.7752395,36.88777
46.33,9.268777,129.04807,0.005692555,2.776258,36.887295
46.34,9.268758,129.0475,0.005681741,2.7772756,36.88681
46.35,9.268742,129.04703,0.005670764,2.7782936,36.88631
46.36,9.268728,129.04655,0.005659995,2.7793126,36.88584
46.37,9.268711,129.04604,0.0056490325,2.7803288,36.885353
46.38,9.268696,129.04553,0.0056380625,2.7813458,36.884865
46.39,9.268679,129.04501,0.0056270408,2.7823615,36.884377
46.4,9.268664,129.04448,0.005616019,2.783382,36.883896
46.41,9.268652,129.044,0.0056052874,2.7843976,36.883404
46.42,9.268634,129.04349,0.005594474,2.7854118,36.882923
46.43,9.2686205,129.04301,0.0055835936,2.7864308,36.88244
46.44,9.268603,129.04247,0.005572661,2.7874465,36.88196
46.45,9.268585,129.04196,0.0055616093,2.7884636,36.881462
46.46,9.268569,129.04146,0.005551071,2.7894812,36.880974
46.47,9.268556,129.04092,0.0055398555,2.7904992,36.880497
46.48,9.2685375,129.04042,0.005529176,2.791514,36.880013
46.49,9.268524,129.03984,0.005518206,2.7925305,36.87952
46.5,9.268503,129.03937,0.0055075414,2.7935467,36.879044
46.51,9.268493,129.0388,0.0054966086,2.794561,36.878536
46.52,9.268476,129.0383,0.005485616,2.795579,36.87805
46.53,9.268459,129.03777,0.00547487,2.7965946,36.877563
46.54,9.268443,129.03723,0.005463841,2.7976103,36.877075
46.55,9.268429,129.03668,0.005453094,2.798625,36.876595
46.56,9.268415,129.0362,0.0054424223,2.7996426,36.8761
46.57,9.268396,129.03561,0.0054313773,2.8006577,36.875614
46.58,9.268382,129.0351,0.0054205717,2.801674,36.87513
46.59,9.268369,129.03458,0.005409661,2.8026881,36.87463
46.6,9.268352,129.034,0.0053988704,2.8037043,36.87414
46.61,9.268334,129.03346,0.0053878403,2.80472,36.87365
46.62,9.268317,129.03294,0.005377139,2.8057342,36.873177
46.63,9.268307,129.03238,0.0053662057,2.8067517,36.87267
46.64,9.26829,129.0318,0.005355526,2.8077655,36.87219
46.65,9.268272,129.03128,0.0053445934,2.8087816,36.8717
46.66,9.26826,129.03073,0.0053337654,2.8097944,36.871193
46.67,9.268242,129.0302,0.0053229514,2.8108091,36.870712
46.68,9.268225,129.02963,0.0053121005,2.8118238,36.87024
46.69,9.268207,129.0291,0.0053013247,2.8128386,36.86974
46.7,9.268194,129.02849,0.005290623,2.8138556,36.869236
46.71,9.268174,129.02795,0.005279809,2.814869,36.86875
46.72,9.268162,129.0274,0.005268884,2.8158832,36.868263
46.73,9.268147,129.0268,0.005258197,2.8168964,36.867775
46.74,9.268129,129.02629,0.005247249,2.8179116,36.867268
46.75,9.268112,129.02571,0.005236547,2.8189263,36.86679
46.76,9.268096,129.0251,0.005225614,2.81994,36.86628
46.77,9.268085,129.0246,0.0052145994,2.8209538,36.865803
46.78,9.2680645,129.024,0.005203943,2.8219676,36.865295
46.79,9.26805,129.0234,0.0051931436,2.8229804,36.864815
46.8,9.268034,129.02286,0.0051825456,2.8239942,36.864323
46.81,9.268017,129.02226,0.0051715234,2.8250074,36.863827
46.82,9.268001,129.02173,0.005160762,2.8260221,36.863316
46.83,9.267987,129.02115,0.005149993,2.8270369,36.86283
46.84,9.267969,129.02057,0.00513906,2.8280487,36.86233
46.85,9.267952,129.01999,0.005128291,2.829063,36.861835
46.86,9.267935,129.01936,0.0051176343,2.8300748,36.861347
46.87,9.26792,129.01881,0.005106798,2.831089,36.860863
46.88,9.267906,129.01819,0.005095947,2.8321023,36.860355
46.89,9.26789,129.01765,0.005085245,2.8331132,36.859867
46.9,9.267872,129.01703,0.005074431,2.8341284,36.859367
46.91,9.267856,129.01645,0.005063722,2.8351412,36.858864
46.92,9.26784,129.01584,0.0050531165,2.836153,36.85839
46.93,9.267827,129.01524,0.0050423173,2.8371673,36.857887
46.94,9.26781,129.01468,0.005031698,2.8381796,36.85739
46.95,9.267791,129.01407,0.005020698,2.839191,36.856888
46.96,9.267773,129.01347,0.005009981,2.8402042,36.8564
46.97,9.267761,129.01286,0.0049992567,2.8412156,36.8559
46.98,9.267745,129.01228,0.004988599,2.8422284,36.855415
46.99,9.267726,129.01169,0.0049775993,2.8432436,36.854908
47.0,9.267712,129.01112,0.0049669566,2.844255,36.854397
47.01,9.267694,129.01048,0.0049561947,2.8452663,36.85392
47.02,9.267678,129.00983,0.004945627,2.8462782,36.853416
47.03,9.267666,129.00923,0.0049345675,2.8472896,36.852913
47.04,9.267648,129.00864,0.004924074,2.8483014,36.852417
47.05,9.26763,129.00801,0.0049134013,2.8493137,36.85191
47.06,9.267615,129.0074,0.0049026026,2.8503237,36.851418
47.07,9.267595,129.00682,0.0048917443,2.851336,36.85092
47.08,9.267578,129.0062,0.0048811687,2.852347,36.85042
47.09,9.267566,129.00557,0.004870303,2.8533607,36.84992
47.1,9.267547,129.00496,0.0048600333,2.8543706,36.84943
47.11,9.267532,129.00435,0.0048490325,2.8553815,36.848927
47.12,9.267518,129.00374,0.0048381444,2.8563929,36.848423
47.13,9.267498,129.00308,0.004827576,2.8574033,36.847927
47.14,9.267484,129.00247,0.004817016,2.8584146,36.84743
47.15,9.267468,129.00185,0.004806157,2.8594275,36.846928
47.16,9.267451,129.00119,0.004795433,2.8604403,36.846413
47.17,9.267432,129.00058,0.0047847754,2.8614473,36.845936
47.18,9.267415,128.99995,0.004773991,2.8624582,36.845432
47.19,9.267401,128.9993,0.004763542,2.8634691,36.84493
47.2,9.267383,128.99872,0.0047526173,2.8644814,36.844433
47.21,9.267366,128.9981,0.004742086,2.86549,36.84392
47.22,9.267349,128.99742,0.004731548,2.8665018,36.843422
47.23,9.267333,128.9968,0.004720883,2.8675122,36.842934
47.24,9.267315,128.99614,0.004710017,2.8685217,36.84242
47.25,9.2673,128.99548,0.0046993596,2.8695316,36.84192
47.26,9.267286,128.99484,0.004688858,2.8705435,36.84142
47.27,9.267269,128.99417,0.004678014,2.8715525,36.840908
47.28,9.267253,128.99356,0.004667372,2.8725624,36.840412
47.29,9.267239,128.99295,0.0046566552,2.8735719,36.83991
47.3,9.267218,128.9923,0.0046460866,2.87458,36.839417
47.31,9.267204,128.99164,0.0046355557,2.8755913,36.838905
47.32,9.267187,128.99097,0.004624653,2.8766017,36.8384
47.33,9.26717,128.99033,0.004614054,2.8776112,36.837902
47.34,9.267153,128.98967,0.0046037324,2.8786192,36.837402
47.35,9.267138,128.98898,0.0045928513,2.87963,36.836884
47.36,9.26712,128.98839,0.004582141,2.880639,36.83638
47.37,9.267102,128.98772,0.0045717596,2.881649,36.835884
47.38,9.267088,128.98706,0.0045611616,2.8826604,36.83538
47.39,9.267073,128.98639,0.00455043,2.8836665,36.834885
47.4,9.267057,128.98572,0.0045397053,2.8846765,36.834385
47.41,9.2670355,128.98506,0.004529316,2.885686,36.83387
47.42,9.267018,128.98438,0.0045184423,2.8866954,36.833355
47.43,9.267003,128.98375,0.0045080082,2.8877034,36.832867
47.44,9.266984,128.9831,0.0044973204,2.8887134,36.832355
47.45,9.266969,128.9824,0.0044866037,2.8897223,36.831856
47.46,9.266955,128.98175,0.004476214,2.89073,36.83135
47.47,9.266938,128.9811,0.0044654747,2.8917375,36.830845
47.48,9.266922,128.98041,0.004454951,2.8927484,36.830334
47.49,9.266904,128.97975,0.004444398,2.8937554,36.82983
47.5,9.266887,128.97906,0.004433941,2.8947644,36.829323
47.51,9.266871,128.97836,0.0044232244,2.8957715,36.828827
47.52,9.266853,128.9777,0.0044126706,2.8967805,36.828316
47.53,9.266835,128.97702,0.0044021765,2.897788,36.8278
47.54,9.266826,128.97636,0.0043916907,2.898796,36.827305
47.55,9.266806,128.97568,0.004380973,2.8998032,36.826794
47.56,9.266784,128.97498,0.0043703904,2.9008145,36.826286
47.57,9.266769,128.9743,0.004359971,2.9018178,36.825783
47.58,9.266753,128.97357,0.0043492755,2.9028292,36.825283
47.59,9.266736,128.97292,0.00433891,2.9038343,36.82478
47.6,9.266719,128.97223,0.0043283263,2.9048429,36.82427
47.61,9.266704,128.97157,0.004317713,2.9058523,36.82375
47.62,9.266687,128.97087,0.004307108,2.9068594,36.82324
47.63,9.266671,128.9702,0.0042967033,2.907866,36.822727
47.64,9.266657,128.96948,0.004285978,2.908874,36.822224
47.65,9.266639,128.96878,0.0042756703,2.9098802,36.821724
47.66,9.26662,128.9681,0.0042651473,2.9108887,36.821213
47.67,9.266602,128.9674,0.0042547053,2.9118953,36.820705
47.68,9.266585,128.9667,0.0042440845,2.9128995,36.820198
47.69,9.266569,128.96599,0.004233584,2.9139094,36.819683
47.7,9.26655,128.9653,0.0042230375,2.9149146,36.819168
47.71,9.266536,128.96458,0.0042126933,2.9159222,36.81868
47.72,9.26652,128.96388,0.0042020576,2.9169292,36.81815
47.73,9.2665,128.96318,0.004191541,2.9179363,36.817646
47.74,9.266485,128.96248,0.00418113,2.918941,36.817146
47.75,9.26647,128.96178,0.004170725,2.919951,36.816624
47.76,9.266455,128.96109,0.0041602906,2.920957,36.816113
47.77,9.266433,128.96037,0.0041496707,2.9219608,36.815613
47.78,9.266418,128.95964,0.004139117,2.9229698,36.815105
47.79,9.266405,128.95894,0.0041286154,2.923975,36.814587
47.8,9.266387,128.9582,0.0041183755,2.9249806,36.814083
47.81,9.266371,128.95749,0.004107791,2.9259882,36.81357
47.82,9.26635,128.95682,0.004097298,2.9269934,36.813057
47.83,9.266334,128.95605,0.0040868344,2.927997,36.812546
47.84,9.266318,128.95535,0.004076369,2.9290066,36.81204
47.85,9.266298,128.95464,0.0040660175,2.9300122,36.811527
47.86,9.266282,128.95392,0.004055389,2.931016,36.81102
47.87,9.266266,128.95319,0.004045276,2.9320226,36.810497
47.88,9.266251,128.95245,0.004034573,2.9330301,36.80999
47.89,9.2662325,128.95175,0.004024362,2.9340343,36.809475
47.9,9.266218,128.95102,0.004013884,2.9350395,36.808968
47.91,9.266198,128.95029,0.0040033376,2.936048,36.80846
47.92,9.266185,128.94957,0.003993082,2.937049,36.80795
47.93,9.266169,128.94887,0.003982744,2.9380565,36.807438
47.94,9.266147,128.94812,0.003972101,2.9390612,36.80692
47.95,9.2661295,128.94739,0.0039617633,2.9400663,36.806416
47.96,9.26611,128.94664,0.0039513884,2.9410691,36.8059
47.97,9.266094,128.94592,0.003940858,2.9420772,36.80538
47.98,9.266079,128.94516,0.0039306395,2.9430804,36.80486
47.99,9.26606,128.94441,0.003920369,2.9440856,36.80435
48.0,9.266044,128.9437,0.0039095692,2.9450908,36.80385
48.01,9.266031,128.943,0.0038992912,2.9460955,36.80333
48.02,9.266012,128.94225,0.0038890876,2.9470987,36.802807
48.03,9.265996,128.94153,0.003878654,2.9481053,36.802303
48.04,9.26598,128.94077,0.0038683387,2.9491086,36.801792
48.05,9.265961,128.94,0.0038578594,2.9501143,36.801273
48.06,9.265945,128.93927,0.0038477313,2.951119,36.80076
48.07,9.265932,128.93848,0.003837184,2.9521208,36.800243
48.08,9.26591,128.93774,0.003827056,2.9531264,36.799725
48.09,9.265897,128.937,0.0038164938,2.9541316,36.799213
48.1,9.26588,128.93634,0.0038063955,2.9551353,36.798706
48.11,9.265864,128.93549,0.0037960205,2.9561396,36.79819
48.12,9.265845,128.93475,0.0037856083,2.9571428,36.79767
48.13,9.265828,128.93402,0.003775144,2.958148,36.797157
48.14,9.26581,128.93324,0.0037649553,2.9591517,36.796635
48.15,9.265791,128.93251,0.003754573,2.960155,36.79613
48.16,9.265776,128.93175,0.0037443107,2.9611573,36.79561
48.17,9.265758,128.93098,0.0037339795,2.96216,36.79509
48.18,9.265742,128.9302,0.0037237098,2.9631662,36.794575
48.19,9.265724,128.92947,0.003713618,2.9641676,36.79407
48.2,9.265706,128.92867,0.0037033027,2.9651728,36.79355
48.21,9.26569,128.92793,0.0036929278,2.966175,36.793037
48.22,9.265675,128.92719,0.0036826422,2.9671788,36.792507
48.23,9.265656,128.92642,0.0036721854,2.9681826,36.792004
48.24,9.265638,128.92566,0.0036621531,2.9691863,36.791477
48.25,9.265624,128.92488,0.0036518378,2.970189,36.79096
48.26,9.265604,128.92412,0.0036413884,2.971192,36.790436
48.27,9.265587,128.92331,0.0036313338,2.9721942,36.789932
48.28,9.265571,128.92258,0.0036209961,2.9731965,36.789413
48.29,9.265554,128.92181,0.003610734,2.9741993,36.788902
48.3,9.265536,128.92107,0.0036006859,2.9752026,36.788372
48.31,9.265524,128.92029,0.0035902895,2.976204,36.787853
48.32,9.265506,128.91951,0.0035799285,2.9772077,36.787334
48.33,9.265484,128.91875,0.0035696877,2.978209,36.786827
48.34,9.265469,128.91797,0.0035596183,2.9792128,36.786312
48.35,9.265453,128.91718,0.0035492592,2.9802132,36.785786
48.36,9.265435,128.91638,0.0035391366,2.9812174,36.785275
48.37,9.265417,128.91562,0.0035289181,2.9822206,36.784744
48.38,9.2654,128.91483,0.0035188412,2.983221,36.784233
48.39,9.265387,128.91403,0.0035084365,2.9842234,36.78372
48.4,9.265366,128.91325,0.0034982627,2.9852257,36.78321
48.41,9.26535,128.91248,0.0034882007,2.986228,36.782684
48.42,9.265333,128.9117,0.003477946,2.9872293,36.782158
48.43,9.265316,128.91089,0.0034678308,2.9882321,36.781643
48.44,9.265298,128.91016,0.0034575006,2.9892344,36.781124
48.45,9.265283,128.90935,0.0034475056,2.9902349,36.780594
48.46,9.265266,128.90858,0.003437153,2.9912376,36.780087
48.47,9.265247,128.90779,0.0034269048,2.9922404,36.779568
48.48,9.265231,128.90695,0.0034167822,2.993237,36.779053
48.49,9.265216,128.90617,0.0034067435,2.9942398,36.778526
48.5,9.265196,128.90538,0.003396606,2.9952416,36.778008
48.51,9.26518,128.90459,0.003386463,2.996245,36.77749
48.52,9.2651615,128.9038,0.0033764448,2.9972448,36.77697
48.53,9.265142,128.90295,0.0033661742,2.9982462,36.776455
48.54,9.265128,128.90218,0.0033561867,2.999247,36.775936
48.55,9.265109,128.90138,0.0033458788,3.0002475,36.775406
48.56,9.265096,128.90059,0.0033356454,3.001248,36.77489
48.57,9.265077,128.89978,0.0033257324,3.0022502,36.774372
48.58,9.265059,128.89899,0.003315596,3.0032516,36.773846
48.59,9.265041,128.89818,0.0033053327,3.004251,36.773327
48.6,9.265027,128.8974,0.0032955157,3.005251,36.772797
48.61,9.265008,128.89662,0.0032854313,3.0062518,36.77229
48.62,9.264992,128.89577,0.0032750266,3.0072536,36.77176
48.63,9.264975,128.89499,0.0032650093,3.0082536,36.771244
48.64,9.2649555,128.89417,0.0032548355,3.0092525,36.770725
48.65,9.264938,128.89334,0.0032449225,3.0102544,36.770195
48.66,9.264922,128.89253,0.0032348158,3.0112548,36.769676
48.67,9.2649,128.89171,0.0032249093,3.0122557,36.769157
48.68,9.264886,128.89093,0.0032146536,3.0132532,36.76864
48.69,9.264869,128.8901,0.0032047555,3.0142546,36.768112
48.7,9.2648535,128.88931,0.0031946786,3.0152545,36.767582
48.71,9.264836,128.88847,0.0031846454,3.0162544,36.76707
48.72,9.26482,128.88765,0.003174561,3.0172563,36.766533
48.73,9.264802,128.88686,0.0031645587,3.0182552,36.766014
48.74,9.264787,128.88605,0.003154601,3.0192528,36.765495
48.75,9.264767,128.88522,0.0031444943,3.0202532,36.764977
48.76,9.264752,128.88438,0.0031343056,3.0212522,36.76445
48.77,9.264731,128.88354,0.0031244745,3.022253,36.763924
48.78,9.264716,128.88274,0.003114367,3.0232515,36.7634
48.79,9.264699,128.8819,0.0031043272,3.0242505,36.762882
48.8,9.264681,128.88109,0.0030943397,3.0252504,36.762356
48.81,9.264665,128.88025,0.0030844556,3.026249,36.761837
48.82,9.264647,128.87943,0.0030744756,3.0272484,36.761303
48.83,9.264631,128.87863,0.0030644508,3.0282493,36.76079
48.84,9.264615,128.87779,0.0030545369,3.0292463,36.76026
48.85,9.264597,128.87697,0.0030444227,3.0302467,36.75973
48.86,9.264579,128.87611,0.003034547,3.0312438,36.759216
48.87,9.264562,128.8753,0.0030246563,3.0322442,36.758682
48.88,9.264546,128.8745,0.0030145943,3.0332422,36.758163
48.89,9.264528,128.87366,0.0030047474,3.0342402,36.75763
48.9,9.264509,128.87279,0.002994663,3.0352407,36.75711
48.91,9.264495,128.87198,0.0029846458,3.0362377,36.75659
48.92,9.264478,128.87114,0.0029749414,3.0372357,36.756058
48.93,9.264461,128.8703,0.0029650126,3.0382333,36.755535
48.94,9.26444,128.86948,0.0029550921,3.0392318,36.75501
48.95,9.264426,128.86859,0.0029452601,3.0402298,36.75449
48.96,9.264408,128.86775,0.0029352205,3.0412302,36.753963
48.97,9.264389,128.86694,0.0029252777,3.0422268,36.753437
48.98,9.264374,128.8661,0.0029152082,3.0432258,36.75292
48.99,9.264358,128.86525,0.0029055933,3.0442243,36.7524
49.0,9.264338,128.86438,0.0028955825,3.0452223,36.751873
49.01,9.264318,128.86357,0.002885811,3.046218,36.75134
49.02,9.264305,128.86273,0.0028758906,3.047216,36.75081
49.03,9.264288,128.86186,0.0028659543,3.048215,36.75028
49.04,9.264267,128.86102,0.002856182,3.0492144,36.749763
49.05,9.264255,128.86018,0.0028463062,3.050209,36.74924
49.06,9.264234,128.85933,0.0028365124,3.0512094,36.74871
49.07,9.264218,128.85849,0.002826592,3.0522037,36.748184
49.08,9.264201,128.85764,0.0028167302,3.0532012,36.74765
49.09,9.264184,128.85678,0.002807011,3.0541997,36.747124
49.1,9.264167,128.8559,0.0027972385,3.0551963,36.7466
49.11,9.264153,128.85507,0.0027871244,3.0561938,36.746063
49.12,9.264131,128.85423,0.002777352,3.0571923,36.74554
49.13,9.264115,128.85333,0.002767588,3.058188,36.745018
49.14,9.264098,128.85246,0.0027577123,3.0591846,36.74449
49.15,9.26408,128.85164,0.002748008,3.0601802,36.743965
49.16,9.264063,128.8508,0.0027381983,3.0611768,36.743443
49.17,9.264049,128.84988,0.0027284417,3.0621738,36.742912
49.18,9.264029,128.84903,0.0027185213,3.0631704,36.74239
49.19,9.264015,128.8482,0.0027088085,3.0641675,36.741848
49.2,9.263994,128.84734,0.0026989551,3.0651646,36.741337
49.21,9.263977,128.84648,0.002689086,3.0661602,36.740803
49.22,9.26396,128.84564,0.002679456,3.0671577,36.740273
49.23,9.263945,128.84477,0.0026697433,3.0681539,36.739742
49.24,9.263929,128.8439,0.0026599048,3.069149,36.739216
49.25,9.263912,128.84303,0.0026501324,3.0701447,36.738686
49.26,9.263896,128.84215,0.0026403759,3.0711408,36.738155
49.27,9.263877,128.84128,0.0026307376,3.0721374,36.737625
49.28,9.263861,128.8404,0.0026208097,3.073133,36.73709
49.29,9.263843,128.83957,0.0026112692,3.07413,36.736572
49.3,9.263825,128.83867,0.0026014298,3.0751262,36.73604
49.31,9.263807,128.83778,0.0025918223,3.0761209,36.73552
49.32,9.263791,128.83693,0.0025818488,3.0771155,36.73498
49.33,9.263772,128.83609,0.0025723223,3.078113,36.73446
49.34,9.263755,128.83516,0.0025625508,3.0791092,36.733932
49.35,9.263738,128.83427,0.002553055,3.0801039,36.733406
49.36,9.26372,128.83344,0.002543454,3.081099,36.732864
49.37,9.263703,128.83258,0.0025336444,3.0820928,36.732334
49.38,9.26369,128.8317,0.0025238506,3.0830894,36.73181
49.39,9.26367,128.83078,0.0025143325,3.084084,36.731274
49.4,9.263652,128.82991,0.002504575,3.0850782,36.730755
49.41,9.2636385,128.82904,0.0024950197,3.0860739,36.73023
49.42,9.263621,128.82814,0.0024852846,3.08707,36.729694
49.43,9.263605,128.8273,0.0024755727,3.0880647,36.729168
49.44,9.263584,128.82637,0.0024660388,3.0890603,36.72863
49.45,9.26357,128.82552,0.0024562972,3.0900521,36.728092
49.46,9.263548,128.82463,0.0024466738,3.0910478,36.727562
49.47,9.263531,128.82373,0.0024371473,3.0920448,36.727043
49.48,9.2635145,128.82285,0.0024274578,3.0930386,36.72651
49.49,9.263499,128.82196,0.0024179025,3.0940313,36.72597
49.5,9.263481,128.82108,0.0024083015,3.095027,36.725445
49.51,9.263462,128.82019,0.0023986716,3.0960202,36.724915
49.52,9.263447,128.81926,0.0023890557,3.0970154,36.72439
49.53,9.26343,128.81844,0.0023795143,3.0980077,36.72386
49.54,9.263415,128.8175,0.0023698248,3.0990038,36.723324
49.55,9.263394,128.81664,0.0023605293,3.099997,36.722797
49.56,9.263376,128.81575,0.0023507504,3.1009917,36.722263
49.57,9.263361,128.81487,0.0023412015,3.101985,36.721737
49.58,9.263344,128.81392,0.002331526,3.1029797,36.721203
49.59,9.263327,128.813,0.0023220973,3.1039748,36.72067
49.6,9.263308,128.81215,0.0023127645,3.1049657,36.720142
49.61,9.263294,128.81125,0.002302926,3.105959,36.719597
49.62,9.263279,128.81035,0.0022935262,3.1069546,36.719074
49.63,9.263259,128.80948,0.0022839997,3.1079454,36.71855
49.64,9.263239,128.80858,0.0022744518,3.1089416,36.71801
49.65,9.263226,128.80766,0.0022647912,3.1099348,36.717476
49.66,9.2632065,128.80676,0.0022554658,3.110928,36.716934
49.67,9.263191,128.80583,0.0022460297,3.111919,36.716423
49.68,9.263173,128.80495,0.002236518,3.1129136,36.71588
49.69,9.263156,128.804,0.0022269776,3.1139054,36.71534
49.7,9.263138,128.80315,0.0022174884,3.1148982,36.71482
49.71,9.26312,128.80228,0.0022079917,3.1158924,36.714294
49.72,9.263107,128.80132,0.002198779,3.1168847,36.71375
49.73,9.263089,128.80042,0.002189014,3.1178775,36.7132
49.74,9.263068,128.7995,0.0021796664,3.1188703,36.712685
49.75,9.263052,128.79861,0.00217014,3.119862,36.712162
49.76,9.263035,128.79767,0.0021608453,3.1208549,36.71161
49.77,9.26302,128.7968,0.0021513337,3.1218505,36.711082
49.78,9.263002,128.79587,0.0021418529,3.1228418,36.710545
49.79,9.262982,128.79494,0.0021325499,3.1238332,36.710014
49.8,9.262968,128.79404,0.0021228967,3.124825,36.709484
49.81,9.262951,128.79314,0.0021137884,3.125815,36.708946
49.82,9.262936,128.79218,0.0021040756,3.12681,36.708405
49.83,9.262919,128.79132,0.002094579,3.127802,36.707886
49.84,9.262902,128.79037,0.002085343,3.1287942,36.70734
49.85,9.262882,128.78946,0.0020759655,3.1297855,36.706814
49.86,9.262869,128.78854,0.0020664549,3.1307788,36.70628
49.87,9.262849,128.78764,0.002057122,3.1317697,36.70575
49.88,9.262833,128.78673,0.0020478573,3.13276,36.705208
49.89,9.2628145,128.7858,0.002038614,3.1337519,36.704674
49.9,9.262798,128.78485,0.0020290874,3.1347442,36.70414
49.91,9.262779,128.78395,0.0020197034,3.135736,36.703606
49.92,9.262763,128.783,0.0020106314,3.1367278,36.703083
49.93,9.262747,128.78204,0.0020012837,3.137722,36.70254
49.94,9.262727,128.78114,0.0019916827,3.1387086,36.702007
49.95,9.262711,128.78023,0.0019824244,3.139701,36.701477
49.96,9.262694,128.77936,0.0019730767,3.1406922,36.700935
49.97,9.262676,128.7784,0.0019638939,3.1416836,36.700413
49.98,9.262659,128.77751,0.0019545397,3.1426735,36.699867
49.99,9.262642,128.77658,0.001945274,3.1436663,36.699345
50.0,9.262628,128.77562,0.0019359486,3.1446557,36.6988
50.01,9.262608,128.77472,0.0019266754,3.1456442,36.698273
50.02,9.262593,128.77376,0.0019172085,3.1466365,36.697727
50.03,9.262578,128.77278,0.0019080471,3.1476283,36.697197
50.04,9.262559,128.77191,0.0018988186,3.1486192,36.69666
50.05,9.262541,128.77097,0.0018894272,3.1496077,36.69612
50.06,9.262526,128.77005,0.0018801093,3.1506,36.695587
50.07,9.262507,128.7691,0.0018711938,3.1515894,36.695057
50.08,9.262493,128.7682,0.0018617194,3.1525812,36.69451
50.09,9.262474,128.76729,0.0018525142,3.1535697,36.69399
50.1,9.262457,128.76631,0.001843256,3.1545596,36.69344
50.11,9.26244,128.76535,0.001834251,3.1555514,36.69292
50.12,9.262422,128.76445,0.0018248511,3.15654,36.692375
50.13,9.262404,128.76347,0.0018157046,3.1575308,36.69184
50.14,9.262387,128.76257,0.001806506,3.1585193,36.691303
50.15,9.26237,128.7616,0.0017973529,3.1595116,36.69077
50.16,9.262351,128.76067,0.0017881319,3.1605005,36.69023
50.17,9.262336,128.75972,0.0017789332,3.161489,36.68969
50.18,9.26232,128.75877,0.0017699804,3.1624775,36.68915
50.19,9.262304,128.75786,0.0017607743,3.1634665,36.68862
50.2,9.262287,128.75691,0.0017513223,3.1644568,36.68808
50.21,9.262269,128.75597,0.0017423173,3.1654468,36.687557
50.22,9.262254,128.75507,0.0017332081,3.1664357,36.68701
50.23,9.262235,128.75409,0.0017237943,3.1674237,36.686478
50.24,9.262219,128.75311,0.001714902,3.1684132,36.685947
50.25,9.262202,128.75217,0.0017057098,3.169404,36.685402
50.26,9.262184,128.75122,0.0016965335,3.170392,36.68486
50.27,9.262168,128.75029,0.0016875593,3.17138,36.68433
50.28,9.262146,128.74933,0.0016784715,3.172371,36.68379
50.29,9.262132,128.74837,0.0016693557,3.1733565,36.683254
50.3,9.262117,128.74745,0.0016602613,3.174346,36.6827
50.31,9.262097,128.74649,0.0016510254,3.1753368,36.68218
50.32,9.26208,128.74551,0.0016419459,3.1763234,36.68165
50.33,9.262064,128.74457,0.0016326206,3.1773138,36.68111
50.34,9.262047,128.74365,0.0016238326,3.1783009,36.68057
50.35,9.262032,128.74266,0.0016147075,3.1792898,36.68002
50.36,9.262014,128.74171,0.0016057929,3.1802793,36.679497
50.37,9.262,128.74077,0.0015966389,3.181264,36.678963
50.38,9.26198,128.73982,0.0015877681,3.182252,36.67841
50.39,9.261965,128.73885,0.0015784726,3.183239,36.67787
50.4,9.261947,128.73788,0.0015694825,3.184229,36.677338
50.41,9.261931,128.73692,0.0015605148,3.1852179,36.6768
50.42,9.261917,128.73596,0.0015515545,3.1862059,36.676258
50.43,9.261897,128.735,0.0015426613,3.1871915,36.675728
50.44,9.261876,128.73405,0.0015334105,3.188181,36.67518
50.45,9.261864,128.73311,0.0015245024,3.189168,36.674644
50.46,9.261846,128.73213,0.0015154304,3.1901531,36.67411
50.47,9.261827,128.73117,0.0015066192,3.191143,36.673565
50.48,9.261812,128.73016,0.0014977716,3.1921291,36.673023
50.49,9.261795,128.72926,0.0014886986,3.1931162,36.67249
50.5,9.261779,128.72826,0.0014794637,3.1941018,36.67195
50.51,9.261761,128.72731,0.0014708079,3.1950912,36.671402
50.52,9.261744,128.72638,0.001461789,3.1960764,36.670876
50.53,9.261728,128.72537,0.0014527394,3.1970649,36.670322
50.54,9.26171,128.72443,0.0014438238,3.1980515,36.6698
50.55,9.261692,128.72345,0.00143502,3.1990385,36.66926
50.56,9.261678,128.72246,0.0014258139,3.2000246,36.668724
50.57,9.261659,128.72154,0.0014170399,3.2010112,36.668175
50.58,9.261641,128.72055,0.0014081616,3.2019982,36.66765
50.59,9.261625,128.71957,0.0013992684,3.2029843,36.6671
50.6,9.261607,128.71861,0.001390338,3.20397,36.666542
50.61,9.261595,128.71762,0.0013815342,3.204958,36.666023
50.62,9.261573,128.71667,0.0013725432,3.2059412,36.665478
50.63,9.261559,128.71567,0.0013638735,3.2069302,36.66495
50.64,9.26154,128.71469,0.001354862,3.2079158,36.66441
50.65,9.261522,128.71373,0.0013459092,3.208902,36.66386
50.66,9.26151,128.71274,0.0013370011,3.2098885,36.663326
50.67,9.261493,128.71179,0.0013282271,3.210874,36.662785
50.68,9.261476,128.71083,0.0013197139,3.2118597,36.662243
50.69,9.261456,128.70984,0.0013105748,3.212844,36.661694
50.7,9.26144,128.70886,0.0013015764,3.2138286,36.66116
50.71,9.261422,128.70789,0.0012929738,3.2148151,36.660625
50.72,9.261404,128.7069,0.0012843274,3.2158022,36.66008
50.73,9.261392,128.70595,0.0012754928,3.216786,36.65954
50.74,9.261375,128.70493,0.0012665177,3.2177725,36.65902
50.75,9.261358,128.70393,0.0012577437,3.2187562,36.658466
50.76,9.26134,128.70299,0.0012489995,3.2197418,36.657932
50.77,9.261324,128.70201,0.0012400765,3.220727,36.65739
50.78,9.261311,128.70103,0.0012313174,3.221712,36.65685
50.79,9.261292,128.70009,0.0012227967,3.2226968,36.6563
50.8,9.261276,128.69907,0.0012140898,3.22368,36.655766
50.81,9.261256,128.6981,0.0012051221,3.2246666,36.655216
50.82,9.261239,128.6971,0.0011963854,3.2256522,36.65468
50.83,9.261226,128.69612,0.0011878274,3.2266345,36.65414
50.84,9.261208,128.6951,0.0011790833,3.2276201,36.65359
50.85,9.261191,128.69415,0.0011704136,3.2286043,36.65306
50.86,9.261175,128.69313,0.0011615874,3.2295904,36.652515
50.87,9.261155,128.69214,0.0011527985,3.2305741,36.651978
50.88,9.261144,128.69118,0.0011440469,3.2315588,36.651436
50.89,9.261124,128.69019,0.0011354657,3.2325435,36.650898
50.9,9.2611065,128.6892,0.0011266619,3.2335262,36.650356
50.91,9.261088,128.68822,0.001118171,3.2345095,36.649815
50.92,9.261075,128.6872,0.0011093449,3.2354932,36.64928
50.93,9.261054,128.68623,0.0011008615,3.2364783,36.648724
50.94,9.261042,128.68523,0.0010921694,3.2374606,36.648174
50.95,9.2610235,128.68422,0.0010833954,3.2384462,36.647648
50.96,9.261002,128.68323,0.0010749493,3.239428,36.647106
50.97,9.260989,128.68224,0.001066138,3.2404127,36.646572
50.98,9.260969,128.68126,0.0010574758,3.2413945,36.646034
50.99,9.260956,128.68028,0.0010490511,3.2423782,36.645485
51.0,9.26094,128.67924,0.0010405229,3.2433634,36.644936
51.01,9.260922,128.67828,0.0010317564,3.2443466,36.6444
51.02,9.260907,128.67728,0.001023205,3.2453294,36.643864
51.03,9.260892,128.67625,0.0010145959,3.2463117,36.643322
51.04,9.260876,128.67525,0.0010062084,3.2472959,36.642784
51.05,9.260856,128.67426,0.0009975396,3.2482772,36.64224
51.06,9.260838,128.67328,0.0009888168,3.2492614,36.641685
51.07,9.26082,128.67226,0.0009803409,3.2502427,36.64115
51.08,9.260809,128.67126,0.00097172335,3.2512255,36.64061
51.09,9.260791,128.67027,0.00096331444,3.2522087,36.640064
51.1,9.260773,128.66927,0.00095460005,3.25319,36.639526
51.11,9.2607565,128.66832,0.00094609335,3.2541733,36.63899
51.12,9.260738,128.66724,0.0009376919,3.2551556,36.638454
51.13,9.260723,128.66626,0.0009291414,3.2561378,36.6379
51.14,9.260705,128.66524,0.0009207027,3.2571216,36.637352
51.15,9.260686,128.66425,0.00091219693,3.258103,36.6368
51.16,9.26067,128.66321,0.00090366043,3.2590857,36.636272
51.17,9.260657,128.66225,0.0008951323,3.260066,36.635715
51.18,9.26064,128.66124,0.0008866042,3.2610483,36.635162
51.19,9.260626,128.66022,0.0008781729,3.2620292,36.634655
51.2,9.260605,128.65923,0.0008698078,3.2630124,36.6341
51.21,9.26059,128.65823,0.0008612275,3.2639942,36.63356
51.22,9.260575,128.65721,0.00085287914,3.2649755,36.633022
51.23,9.260557,128.6562,0.000844365,3.2659554,36.632465
51.24,9.260543,128.65518,0.0008360008,3.2669363,36.63193
51.25,9.260525,128.65416,0.00082738977,3.2679176,36.631386
51.26,9.260507,128.6532,0.0008189883,3.2689,36.63084
51.27,9.260489,128.65218,0.00081067625,3.2698798,36.630295
51.28,9.260474,128.65115,0.00080240145,3.270863,36.629753
51.29,9.260455,128.65013,0.0007938575,3.2718425,36.629204
51.3,9.260444,128.6491,0.0007854039,3.2728229,36.628666
51.31,9.260424,128.6481,0.00077690557,3.2738032,36.62812
51.32,9.260408,128.64713,0.0007685786,3.274786,36.62759
51.33,9.260391,128.64607,0.0007603187,3.275765,36.627037
51.34,9.260379,128.64503,0.00075192377,3.2767467,36.626495
51.35,9.260359,128.64404,0.00074358936,3.2777262,36.625957
51.36,9.260341,128.64299,0.0007351879,3.278707,36.625397
51.37,9.260327,128.64198,0.00072712917,3.2796888,36.624866
51.38,9.260309,128.64099,0.00071848836,3.2806683,36.624317
51.39,9.260295,128.63995,0.0007103104,3.281649,36.623768
51.4,9.260278,128.6389,0.0007019676,3.282629,36.623226
51.41,9.260261,128.63791,0.00069378223,3.2836094,36.62269
51.42,9.260245,128.6369,0.0006853808,3.2845879,36.622143
51.43,9.260228,128.63586,0.00067707617,3.2855678,36.62161
51.44,9.260211,128.63487,0.0006686896,3.286549,36.621056
51.45,9.260194,128.63385,0.00066036265,3.28753,36.620514
51.46,9.2601795,128.63283,0.0006521614,3.288506,36.61996
51.47,9.26016,128.6318,0.00064393133,3.289486,36.619415
51.48,9.260145,128.63075,0.00063568633,3.2904663,36.618893
51.49,9.260131,128.62975,0.00062741153,3.2914443,36.618343
51.5,9.260116,128.62872,0.0006192699,3.2924252,36.617786
51.51,9.2600975,128.62772,0.0006111292,3.293404,36.617252
51.52,9.260082,128.6267,0.00060292054,3.294382,36.616695
51.53,9.260066,128.62564,0.0005944893,3.2953625,36.61617
51.54,9.260048,128.62463,0.0005863039,3.296342,36.61562
51.55,9.260032,128.62358,0.00057804305,3.2973194,36.61508
51.56,9.2600155,128.62257,0.00056991726,3.2982965,36.614536
51.57,9.259998,128.62155,0.0005618436,3.2992783,36.613968
51.58,9.259983,128.62051,0.00055350084,3.3002558,36.61344
51.59,9.259965,128.61946,0.0005452931,3.3012347,36.612892
51.6,9.259949,128.61845,0.0005371738,3.3022118,36.612347
51.61,9.259931,128.61742,0.0005291449,3.3031921,36.6118
51.62,9.259914,128.61638,0.0005207658,3.3041701,36.611256
51.63,9.2599,128.61537,0.0005126847,3.3051472,36.610718
51.64,9.259883,128.61432,0.0005045878,3.3061266,36.610165
51.65,9.259868,128.6133,0.00049649924,3.3071032,36.609634
51.66,9.25985,128.61226,0.00048844796,3.308082,36.609085
51.67,9.259831,128.61124,0.0004803883,3.3090596,36.608532
51.68,9.259817,128.61021,0.00047200918,3.3100376,36.607983
51.69,9.259802,128.60915,0.0004640622,3.3110156,36.60744
51.7,9.259784,128.60814,0.00045583118,3.3119931,36.606895
51.71,9.259769,128.60707,0.00044777896,3.3129687,36.60637
51.72,9.259753,128.60605,0.00043973513,3.3139472,36.60581
51.73,9.259739,128.60498,0.00043174345,3.3149238,36.605274
51.74,9.25972,128.60396,0.00042363163,3.3159032,36.604725
51.75,9.259705,128.60295,0.0004156176,3.3168802,36.604176
51.76,9.259691,128.6019,0.00040769298,3.3178558,36.60362
51.77,9.259674,128.60086,0.00039947685,3.3188338,36.603077
51.78,9.25966,128.59984,0.00039141066,3.3198104,36.60254
51.79,9.259641,128.59879,0.00038334448,3.3207874,36.602
51.8,9.259626,128.5978,0.00037546363,3.3217635,36.601448
51.81,9.259608,128.59671,0.0003673751,3.3227406,36.600903
51.82,9.25959,128.59567,0.00035945792,3.3237166,36.600357
51.83,9.259576,128.59467,0.000351361,3.3246937,36.59982
51.84,9.2595625,128.59358,0.00034343544,3.3256688,36.599266
51.85,9.259544,128.59254,0.00033554062,3.3266459,36.598724
51.86,9.259527,128.59149,0.0003275117,3.3276215,36.598175
51.87,9.259509,128.59047,0.0003196979,3.3285975,36.59763
51.88,9.259497,128.58942,0.000311438,3.329574,36.597076
51.89,9.259478,128.5884,0.00030370615,3.3305507,36.596546
51.9,9.259463,128.58734,0.0002958635,3.3315277,36.59598
51.91,9.259444,128.58627,0.000287842,3.3325024,36.595436
51.92,9.259432,128.58524,0.0002798643,3.3334785,36.5949
51.93,9.259414,128.5842,0.00027209613,3.334455,36.59435
51.94,9.2593975,128.58313,0.0002641715,3.3354301,36.593803
51.95,9.259382,128.58212,0.0002561938,3.3364053,36.593273
51.96,9.259367,128.58102,0.00024830643,3.3373804,36.592724
51.97,9.259348,128.58002,0.00024045538,3.3383555,36.592175
51.98,9.259335,128.57896,0.00023262668,3.3393307,36.591618
51.99,9.259317,128.57794,0.00022476166,3.3403072,36.591084
52.0,9.259299,128.57686,0.00021686684,3.34128,36.590534
52.01,9.259284,128.57582,0.00020896364,3.342257,36.589996
52.02,9.259271,128.57477,0.00020112097,3.3432307,36.58944
52.03,9.259249,128.5737,0.00019332208,3.3442044,36.588894
52.04,9.259238,128.57268,0.00018549431,3.345181,36.588356
52.05,9.259219,128.57162,0.00017778482,3.3461556,36.587803
52.06,9.259205,128.57053,0.00016994216,3.3471303,36.58726
52.07,9.259186,128.56949,0.0001620911,3.3481035,36.58671
52.08,9.2591715,128.56844,0.00015419628,3.3490782,36.586163
52.09,9.259157,128.5674,0.00014651753,3.3500519,36.58562
52.1,9.259142,128.56635,0.00013857707,3.351026,36.58508
52.11,9.259125,128.56528,0.00013089739,3.3519993,36.584538
52.12,9.25911,128.56422,0.00012313668,3.352975,36.58398
52.13,9.259094,128.56311,0.00011544302,3.3539486,36.583454
52.14,9.25908,128.56212,0.000107636675,3.3549213,36.582882
52.15,9.259064,128.561,9.978656e-05,3.3558955,36.58234
52.16,9.259047,128.55998,9.222608e-05,3.3568702,36.5818
52.17,9.259029,128.55894,8.456968e-05,3.3578434,36.581245
52.18,9.259011,128.55788,7.687509e-05,3.358817,36.58071
52.19,9.258996,128.55682,6.900262e-05,3.3597903,36.58016
52.2,9.258981,128.55576,6.142724e-05,3.3607635,36.579617
52.21,9.258965,128.5547,5.3614378e-05,3.3617382,36.57906
52.22,9.258945,128.55363,4.604645e-05,3.3627105,36.578514
52.23,9.258932,128.5526,3.8330443e-05,3.3636818,36.57796
52.24,9.258915,128.5515,3.0658208e-05,3.3646564,36.577427
52.25,9.258902,128.55046,2.2777356e-05,3.3656292,36.576874
52.26,9.2588825,128.5494,1.5195459e-05,3.3666,36.576332
52.27,9.258868,128.54832,7.649884e-06,3.3675737,36.57578
52.28,9.258852,128.54729,-1.3969839e-08,3.368548,36.57524
52.29,9.258841,128.54622,-7.4999407e-06,3.3695197,36.57469
52.3,9.2588215,128.54514,-1.5178695e-05,3.370491,36.57415
52.31,9.258804,128.5441,-2.2895634e-05,3.3714633,36.5736
52.32,9.258788,128.54303,-3.0381605e-05,3.372438,36.573055
52.33,9.258774,128.54198,-3.804546e-05,3.3734078,36.5725
52.34,9.258759,128.5409,-4.5612454e-05,3.3743825,36.571968
52.35,9.258742,128.53984,-5.3225085e-05,3.3753533,36.571407
52.36,9.258729,128.53876,-6.087497e-05,3.3763251,36.570858
52.37,9.258711,128.53766,-6.82557e-05,3.3772955,36.570316
52.38,9.258697,128.5366,-7.5913034e-05,3.3782678,36.56976
52.39,9.25868,128.53555,-8.3518215e-05,3.379239,36.569218
52.4,9.258662,128.53448,-9.110756e-05,3.3802118,36.56867
52.41,9.258644,128.53343,-9.842217e-05,3.3811831,36.568115
52.42,9.258631,128.53233,-0.00010618288,3.382155,36.567574
52.43,9.2586155,128.5313,-0.00011360925,3.3831272,36.56703
52.44,9.258599,128.53021,-0.00012115389,3.384097,36.566486
52.45,9.258584,128.52914,-0.00012874417,3.385068,36.565937
52.46,9.258566,128.5281,-0.00013620686,3.3860397,36.565403
52.47,9.258555,128.52698,-0.00014371518,3.38701,36.564854
52.48,9.258537,128.52588,-0.00015111081,3.3879805,36.564285
52.49,9.258521,128.52487,-0.00015862659,3.3889518,36.563736
52.5,9.258503,128.52377,-0.0001660008,3.3899221,36.563198
52.51,9.2584915,128.52269,-0.00017353799,3.390893,36.562645
52.52,9.258476,128.52164,-0.00018095691,3.3918648,36.562107
52.53,9.25846,128.52058,-0.00018836092,3.3928328,36.561558
52.54,9.258444,128.51949,-0.00019588321,3.3938026,36.561
52.55,9.258426,128.51842,-0.00020318292,3.3947725,36.560448
52.56,9.258409,128.51735,-0.00021041464,3.3957453,36.559914
52.57,9.258394,128.51627,-0.00021806452,3.3967147,36.559357
52.58,9.258378,128.5152,-0.00022555795,3.3976822,36.55882
52.59,9.258365,128.51411,-0.00023288745,3.3986526,36.55827
52.6,9.258349,128.51302,-0.00024024583,3.399623,36.55772
52.61,9.258332,128.51196,-0.00024757534,3.4005938,36.55718
52.62,9.258317,128.5109,-0.00025473256,3.4015617,36.556614
52.63,9.258301,128.5098,-0.00026231539,3.402534,36.556076
52.64,9.258286,128.50871,-0.0002695555,3.403502,36.555515
52.65,9.258271,128.50763,-0.00027692877,3.4044724,36.55498
52.66,9.258256,128.50658,-0.00028437003,3.4054418,36.55443
52.67,9.258238,128.50551,-0.00029148255,3.4064097,36.553875
52.68,9.258222,128.50443,-0.00029894616,3.4073792,36.55332
52.69,9.25821,128.50333,-0.0003060745,3.4083471,36.55278
52.7,9.258193,128.50226,-0.0003134925,3.409317,36.552227
52.71,9.258176,128.50117,-0.00032066554,3.4102855,36.55169
52.72,9.258161,128.5001,-0.00032796524,3.411255,36.551144
52.73,9.258145,128.499,-0.00033529475,3.4122224,36.5506
52.74,9.258125,128.49791,-0.00034272764,3.41319,36.550053
52.75,9.258112,128.49687,-0.00034984015,3.4141603,36.54949
52.76,9.258098,128.4958,-0.00035702065,3.4151282,36.548943
52.77,9.258083,128.49466,-0.0003641192,3.4160962,36.548397
52.78,9.258067,128.49359,-0.00037153065,3.4170637,36.547844
52.79,9.258051,128.49251,-0.0003788378,3.4180307,36.5473
52.8,9.258035,128.49141,-0.0003858097,3.4190001,36.546745
52.81,9.2580185,128.49036,-0.00039325003,3.4199677,36.54621
52.82,9.258005,128.48924,-0.00040034018,3.4209328,36.545662
52.83,9.257989,128.48817,-0.0004076697,3.4219031,36.545113
52.84,9.257975,128.4871,-0.0004148055,3.4228706,36.544548
52.85,9.257958,128.48601,-0.00042188168,3.423839,36.54401
52.86,9.257942,128.48491,-0.0004293518,3.424806,36.54347
52.87,9.25793,128.48381,-0.00043611508,3.4257731,36.542915
52.88,9.257913,128.48273,-0.00044329464,3.4267402,36.542366
52.89,9.257897,128.48167,-0.00045069866,3.4277053,36.541832
52.9,9.257881,128.48056,-0.000457827,3.4286747,36.541267
52.91,9.257867,128.47946,-0.00046476163,3.4296393,36.540718
52.92,9.25785,128.47838,-0.00047215726,3.4306083,36.540173
52.93,9.257835,128.4773,-0.00047914404,3.4315739,36.53963
52.94,9.257817,128.4762,-0.00048623513,3.4325404,36.539074
52.95,9.257802,128.4751,-0.0004932815,3.4335074,36.538517
52.96,9.257787,128.47401,-0.00050020777,3.4344735,36.53798
52.97,9.257773,128.47295,-0.00050729886,3.4354405,36.53743
52.98,9.257759,128.47186,-0.00051450916,3.4364057,36.53688
52.99,9.257743,128.4708,-0.0005215248,3.4373732,36.53634
53.0,9.2577305,128.46965,-0.00052848924,3.4383388,36.535793
53.01,9.257712,128.46857,-0.0005354164,3.4393058,36.53524
53.02,9.257696,128.46747,-0.0005425969,3.4402695,36.53469
53.03,9.257682,128.46642,-0.0005495837,3.441236,36.534145
53.04,9.257666,128.46532,-0.00055662915,3.4422007,36.533596
53.05,9.25765,128.46419,-0.00056369044,3.4431667,36.53305
53.06,9.257636,128.46309,-0.00057085603,3.4441342,36.53251
53.07,9.25762,128.462,-0.00057749916,3.4450984,36.53194
53.08,9.257605,128.4609,-0.000584621,3.446063,36.531387
53.09,9.257589,128.45982,-0.00059151,3.4470267,36.53085
53.1,9.257571,128.45868,-0.00059861597,3.4479938,36.530293
53.11,9.257555,128.4576,-0.0006057145,3.4489589,36.52975
53.12,9.257541,128.45651,-0.0006124256,3.449924,36.52919
53.13,9.257527,128.45543,-0.000619404,3.4508886,36.528656
53.14,9.257516,128.45433,-0.00062645786,3.4518523,36.5281
53.15,9.257499,128.45322,-0.00063315313,3.4528174,36.527565
53.16,9.257483,128.45218,-0.0006403709,3.4537816,36.527004
53.17,9.257467,128.45105,-0.0006472012,3.4547462,36.526463
53.18,9.257451,128.44994,-0.00065415073,3.45571,36.525906
53.19,9.257436,128.44885,-0.00066101085,3.456674,36.52536
53.2,9.257422,128.44772,-0.0006678179,3.4576397,36.52482
53.21,9.257409,128.44661,-0.0006747376,3.458603,36.52426
53.22,9.257391,128.44553,-0.00068173185,3.459568,36.523712
53.23,9.257376,128.44446,-0.0006886218,3.4605308,36.523163
53.24,9.257362,128.44334,-0.00069526583,3.461495,36.522614
53.25,9.257345,128.44226,-0.0007019844,3.4624572,36.52206
53.26,9.257332,128.44112,-0.0007091416,3.4634228,36.521523
53.27,9.257319,128.44008,-0.00071571115,3.464385,36.520966
53.28,9.257302,128.43892,-0.0007227352,3.4653516,36.520428
53.29,9.257285,128.4378,-0.00072948355,3.4663124,36.51987
53.3,9.257273,128.43672,-0.00073628314,3.4672756,36.519325
53.31,9.2572565,128.43565,-0.0007430846,3.4682379,36.518776
53.32,9.25724,128.43452,-0.0007496234,3.4692035,36.51823
53.33,9.257224,128.43344,-0.0007567741,3.4701657,36.517673
53.34,9.257209,128.43231,-0.0007633511,3.4711266,36.517128
53.35,9.257195,128.43123,-0.00077011436,3.4720898,36.516582
53.36,9.257179,128.4301,-0.00077682454,3.473054,36.516018
53.37,9.257163,128.429,-0.00078369956,3.4740157,36.515484
53.38,9.257152,128.4279,-0.0007904703,3.4749784,36.51492
53.39,9.257136,128.42679,-0.00079715904,3.4759417,36.514385
53.4,9.257122,128.42569,-0.00080391485,3.4769025,36.51383
53.41,9.257108,128.42456,-0.0008103503,3.4778652,36.513283
53.42,9.257092,128.42346,-0.0008171955,3.4788256,36.512733
53.43,9.257077,128.42233,-0.00082395785,3.4797897,36.51219
53.44,9.257061,128.42125,-0.00083051994,3.4807491,36.51164
53.45,9.257045,128.4201,-0.00083715655,3.4817142,36.51109
53.46,9.2570305,128.41902,-0.0008439049,3.4826736,36.51054
53.47,9.257014,128.41794,-0.00085042976,3.4836364,36.50999
53.48,9.256999,128.41682,-0.00085722934,3.4845963,36.509453
53.49,9.256987,128.41568,-0.00086395536,3.485558,36.508892
53.5,9.25697,128.41461,-0.0008704355,3.4865203,36.508327
53.51,9.256954,128.41348,-0.000876938,3.4874802,36.507797
53.52,9.25694,128.4124,-0.00088385027,3.488443,36.50724
53.53,9.256926,128.41125,-0.00089044217,3.4894004,36.506702
53.54,9.256909,128.41019,-0.0008970937,3.4903646,36.506134
53.55,9.256894,128.40907,-0.0009033941,3.4913244,36.505604
53.56,9.256881,128.40796,-0.0009101508,3.4922833,36.505054
53.57,9.2568655,128.40685,-0.0009166002,3.4932456,36.50449
53.58,9.25685,128.4057,-0.00092325173,3.494205,36.50394
53.59,9.256834,128.40456,-0.0009296723,3.4951663,36.5034
53.6,9.256818,128.40346,-0.0009363089,3.4961271,36.502857
53.61,9.256808,128.40233,-0.00094308704,3.4970865,36.502308
53.62,9.256791,128.40123,-0.0009495225,3.4980469,36.501747
53.63,9.256774,128.40015,-0.0009560771,3.4990082,36.50121
53.64,9.25676,128.39905,-0.0009624455,3.4999666,36.50066
53.65,9.256744,128.39798,-0.000969097,3.500927,36.500114
53.66,9.256729,128.39684,-0.0009753378,3.5018864,36.499557
53.67,9.256717,128.39569,-0.000981967,3.5028462,36.499012
53.68,9.2567005,128.3946,-0.0009882608,3.5038052,36.498447
53.69,9.256686,128.39346,-0.0009949123,3.504764,36.49791
53.7,9.25667,128.39232,-0.0010014521,3.505723,36.497353
53.71,9.256656,128.39125,-0.0010078428,3.5066838,36.49679
53.72,9.256641,128.3901,-0.0010144049,3.5076427,36.49626
53.73,9.256629,128.38895,-0.001020669,3.5086017,36.495712
53.74,9.256612,128.38788,-0.0010271044,3.509561,36.495167
53.75,9.256598,128.38673,-0.0010334281,3.510518,36.494602
53.76,9.256582,128.38562,-0.0010399902,3.5114746,36.49407
53.77,9.256568,128.38449,-0.0010463055,3.5124335,36.493507
53.78,9.256554,128.38336,-0.0010527037,3.5133958,36.492958
53.79,9.256538,128.38231,-0.001059169,3.5143538,36.49242
53.8,9.256524,128.38118,-0.0010653585,3.5153122,36.49187
53.81,9.25651,128.38005,-0.0010719281,3.516271,36.49132
53.82,9.256498,128.3789,-0.0010782965,3.5172262,36.490765
53.83,9.256484,128.37779,-0.0010847095,3.5181856,36.49021
53.84,9.256466,128.37668,-0.0010908768,3.5191436,36.489666
53.85,9.256454,128.37555,-0.0010971036,3.520101,36.489113
53.86,9.256437,128.37442,-0.0011034645,3.5210595,36.48857
53.87,9.256422,128.3733,-0.0011099819,3.5220156,36.48801
53.88,9.256411,128.37221,-0.0011162385,3.522974,36.48747
53.89,9.256396,128.3711,-0.0011225548,3.5239286,36.48692
53.9,9.256383,128.36993,-0.0011289082,3.5248885,36.486374
53.91,9.256364,128.36884,-0.001135,3.5258465,36.485813
53.92,9.2563505,128.36769,-0.0011413097,3.5268016,36.485268
53.93,9.256337,128.36656,-0.0011475729,3.5277596,36.484726
53.94,9.256321,128.36543,-0.0011538891,3.5287175,36.484177
53.95,9.256306,128.36433,-0.001160101,3.529675,36.48362
53.96,9.256289,128.36319,-0.0011662757,3.5306296,36.483078
53.97,9.256278,128.36209,-0.0011726366,3.5315857,36.482533
53.98,9.256263,128.36095,-0.0011786772,3.5325437,36.48198
53.99,9.2562475,128.35985,-0.0011850605,3.5334997,36.48142
54.0,9.256233,128.35869,-0.0011912575,3.5344543,36.480877
54.01,9.256218,128.35759,-0.001197462,3.5354118,36.48033
54.02,9.256203,128.35646,-0.0012035919,3.536368,36.479786
54.03,9.256187,128.3553,-0.0012096921,3.537325,36.47923
54.04,9.256176,128.35416,-0.0012159562,3.53828,36.478676
54.05,9.256162,128.35309,-0.0012222724,3.539236,36.478123
54.06,9.256149,128.35193,-0.0012279628,3.5401912,36.477585
54.07,9.256131,128.35081,-0.0012344206,3.5411468,36.477036
54.08,9.256114,128.34969,-0.0012406027,3.5421042,36.476486
54.09,9.256099,128.34853,-0.0012466433,3.5430589,36.475933
54.1,9.256086,128.34743,-0.0012528105,3.544013,36.47538
54.11,9.256069,128.34628,-0.0012591043,3.5449672,36.47484
54.12,9.256058,128.34518,-0.001265048,3.5459242,36.474277
54.13,9.2560425,128.34404,-0.001271111,3.5468779,36.47374
54.14,9.25603,128.34293,-0.0012772046,3.547833,36.473183
54.15,9.256016,128.3418,-0.0012832815,3.5487876,36.472637
54.16,9.2560005,128.34065,-0.0012892848,3.5497456,36.472088
54.17,9.255987,128.33952,-0.0012954148,3.5506983,36.471546
54.18,9.255968,128.33842,-0.0013015149,3.5516524,36.470997
54.19,9.255959,128.33728,-0.0013074363,3.5526056,36.47044
54.2,9.255945,128.33615,-0.0013133874,3.5535607,36.469883
54.21,9.255928,128.33505,-0.0013196291,3.554514,36.469337
54.22,9.255916,128.33391,-0.0013255356,3.55547,36.468784
54.23,9.255902,128.33275,-0.0013316432,3.5564218,36.46824
54.24,9.255884,128.33162,-0.0013375198,3.5573764,36.4677
54.25,9.255872,128.33049,-0.0013435455,3.5583286,36.46714
54.26,9.255859,128.32935,-0.0013493411,3.5592818,36.4666
54.27,9.255845,128.32823,-0.0013554329,3.5602374,36.46605
54.28,9.25583,128.32709,-0.0013615042,3.5611877,36.465504
54.29,9.255814,128.32594,-0.0013672756,3.5621433,36.464954
54.3,9.255798,128.32481,-0.0013733013,3.563096,36.4644
54.31,9.255785,128.32372,-0.0013793651,3.5640502,36.46385
54.32,9.25577,128.3225,-0.0013852045,3.5650024,36.463306
54.33,9.255757,128.3214,-0.0013913121,3.5659556,36.462757
54.34,9.255739,128.32028,-0.0013969801,3.5669084,36.462204
54.35,9.255726,128.3191,-0.0014029238,3.567862,36.461655
54.36,9.255713,128.318,-0.0014087483,3.5688128,36.461098
54.37,9.255702,128.31685,-0.001414774,3.569765,36.46054
54.38,9.255688,128.31575,-0.0014204644,3.5707183,36.460007
54.39,9.2556715,128.3146,-0.0014264751,3.5716715,36.45945
54.4,9.255656,128.31345,-0.0014323667,3.5726223,36.45891
54.41,9.255644,128.31232,-0.001438221,3.5735745,36.45836
54.42,9.25563,128.31117,-0.0014439113,3.574524,36.45781
54.43,9.255618,128.31007,-0.001449855,3.5754776,36.457256
54.44,9.255602,128.30891,-0.0014558211,3.5764294,36.45671
54.45,9.255586,128.30779,-0.0014614817,3.5773826,36.456154
54.46,9.255574,128.30664,-0.0014672391,3.5783334,36.45561
54.47,9.255557,128.30553,-0.001473153,3.5792837,36.455067
54.48,9.255542,128.30438,-0.0014788359,3.580235,36.454514
54.49,9.25553,128.30322,-0.0014846465,3.5811858,36.45397
54.5,9.255516,128.30206,-0.0014902912,3.582138,36.45342
54.51,9.255499,128.30096,-0.0014961986,3.5830889,36.45287
54.52,9.2554865,128.29984,-0.0015019411,3.5840392,36.452316
54.53,9.255474,128.29869,-0.001507624,3.584991,36.451767
54.54,9.255458,128.29755,-0.0015133591,3.5859413,36.451218
54.55,9.2554455,128.29639,-0.0015190495,3.5868912,36.45067
54.56,9.255433,128.29526,-0.0015247324,3.587842,36.450108
54.57,9.255419,128.29411,-0.0015306165,3.5887933,36.449574
54.58,9.255402,128.29297,-0.0015361952,3.5897427,36.44902
54.59,9.255391,128.29181,-0.0015421547,3.590693,36.448475
54.6,9.255374,128.29071,-0.0015477929,3.5916429,36.447914
54.61,9.2553625,128.28954,-0.0015531173,3.5925937,36.447372
54.62,9.255348,128.28838,-0.001559047,3.5935426,36.446823
54.63,9.255334,128.2873,-0.0015645511,3.594493,36.44627
54.64,9.255318,128.28612,-0.0015705097,3.5954428,36.44571
54.65,9.255308,128.28497,-0.0015760595,3.5963912,36.445168
54.66,9.255295,128.28384,-0.0015814807,3.5973396,36.444637
54.67,9.25528,128.28268,-0.0015870966,3.59829,36.44408
54.68,9.255263,128.28152,-0.0015926985,3.5992403,36.44353
54.69,9.25525,128.28038,-0.0015985528,3.6001873,36.44298
54.7,9.255235,128.27925,-0.0016036993,3.601138,36.442425
54.71,9.255225,128.27809,-0.001609792,3.602086,36.44188
54.72,9.255209,128.27695,-0.001615095,3.6030345,36.441338
54.73,9.255196,128.2758,-0.0016207108,3.6039824,36.440784
54.74,9.255182,128.27469,-0.0016261926,3.6049323,36.440235
54.75,9.255165,128.27356,-0.0016317572,3.6058817,36.43969
54.76,9.255153,128.27238,-0.0016374169,3.6068282,36.439148
54.77,9.255138,128.27127,-0.0016430039,3.6077757,36.438595
54.78,9.255127,128.27011,-0.0016484037,3.608724,36.43805
54.79,9.25511,128.26894,-0.0016537886,3.609673,36.43748
54.8,9.255096,128.2678,-0.0016595311,3.6106224,36.436935
54.81,9.255082,128.26666,-0.0016649608,3.611569,36.436398
54.82,9.25507,128.26555,-0.0016705766,3.6125174,36.435837
54.83,9.255056,128.26437,-0.0016759019,3.6134653,36.4353
54.84,9.255043,128.26326,-0.0016815411,3.6144109,36.43475
54.85,9.255028,128.26208,-0.0016868068,3.6153584,36.4342
54.86,9.255014,128.26096,-0.0016923184,3.6163063,36.43364
54.87,9.254999,128.25975,-0.0016978374,3.6172538,36.433094
54.88,9.254986,128.25864,-0.0017031701,3.6181989,36.432545
54.89,9.2549715,128.25746,-0.0017086677,3.6191468,36.432
54.9,9.254958,128.25633,-0.0017138664,3.6200972,36.43145
54.91,9.254944,128.2552,-0.0017194152,3.6210403,36.430904
54.92,9.25493,128.25403,-0.0017246883,3.6219878,36.43036
54.93,9.254916,128.2529,-0.0017301701,3.6229324,36.429817
54.94,9.254904,128.25174,-0.0017357636,3.62388,36.42927
54.95,9.254891,128.25061,-0.0017409632,3.6248293,36.428722
54.96,9.254877,128.24942,-0.0017464077,3.625772,36.428173
54.97,9.254861,128.24829,-0.0017518001,3.62672,36.427612
54.98,9.254849,128.24713,-0.0017569019,3.627665,36.427055
54.99,9.254834,128.24594,-0.0017624367,3.6286106,36.426517
55.0,9.254822,128.24484,-0.0017676717,3.6295547,36.425964
55.01,9.254808,128.24367,-0.0017728405,3.6305022,36.42542
55.02,9.254794,128.24252,-0.001778353,3.6314483,36.424862
55.03,9.254782,128.24141,-0.0017835367,3.6323938,36.42432
55.04,9.254767,128.24023,-0.0017887652,3.633339,36.42377
55.05,9.254756,128.23909,-0.0017943745,3.634283,36.423218
55.06,9.254742,128.23795,-0.0017996104,3.6352272,36.42267
55.07,9.254725,128.2368,-0.001804891,3.6361732,36.42211
55.08,9.254714,128.23561,-0.001810045,3.6371179,36.421577
55.09,9.254703,128.23451,-0.001815184,3.638062,36.42103
55.1,9.254686,128.23332,-0.0018205997,3.6390066,36.42048
55.11,9.254676,128.23218,-0.0018257536,3.6399517,36.419933
55.12,9.254662,128.23103,-0.0018310267,3.6408963,36.41938
55.13,9.254649,128.22987,-0.0018362999,3.641841,36.418835
55.14,9.254633,128.22873,-0.001841424,3.642784,36.41829
55.15,9.2546215,128.22757,-0.0018467354,3.6437273,36.41774
55.16,9.254606,128.22643,-0.0018518968,3.6446733,36.417187
55.17,9.254593,128.22527,-0.001857006,3.645616,36.416634
55.18,9.254582,128.22409,-0.001862227,3.6465592,36.416084
55.19,9.25457,128.22289,-0.001867515,3.6475062,36.415543
55.2,9.254554,128.22177,-0.0018725581,3.6484475,36.415
55.21,9.254539,128.22064,-0.0018777493,3.6493917,36.414448
55.22,9.254528,128.21948,-0.0018828511,3.6503344,36.413887
55.23,9.254511,128.2183,-0.001887871,3.651276,36.41334
55.24,9.254499,128.2172,-0.0018931525,3.6522207,36.412804
55.25,9.254482,128.216,-0.00189815,3.6531625,36.412254
55.26,9.25447,128.21486,-0.001903222,3.6541052,36.411713
55.27,9.254457,128.2137,-0.0019082194,3.6550503,36.41115
55.28,9.254442,128.21254,-0.0019134628,3.6559925,36.410603
55.29,9.25443,128.21141,-0.0019184388,3.6569333,36.41005
55.3,9.254416,128.21024,-0.0019236971,3.6578765,36.409508
55.31,9.254405,128.20909,-0.0019286722,3.6588192,36.40896
55.32,9.254389,128.20793,-0.0019335654,3.6597614,36.40842
55.33,9.254378,128.20677,-0.0019387426,3.6607046,36.407864
55.34,9.254362,128.20563,-0.0019438295,3.661645,36.40732
55.35,9.254351,128.20444,-0.0019488195,3.6625872,36.406776
55.36,9.2543335,128.20328,-0.0019536829,3.6635299,36.406223
55.37,9.254324,128.2021,-0.00195886,3.6644697,36.40567
55.38,9.254312,128.20099,-0.0019637905,3.6654105,36.405125
55.39,9.254297,128.19977,-0.0019688476,3.6663527,36.404575
55.4,9.254283,128.19864,-0.0019737557,3.6672945,36.404026
55.41,9.254273,128.19748,-0.0019786796,3.6682363,36.40347
55.42,9.254261,128.1963,-0.0019837888,3.669176,36.402935
55.43,9.254246,128.19518,-0.001988682,3.670116,36.40238
55.44,9.254233,128.19397,-0.0019936059,3.6710582,36.40184
55.45,9.254217,128.19284,-0.0019985884,3.671997,36.401283
55.46,9.254204,128.19168,-0.0020036157,3.6729398,36.400734
55.47,9.254191,128.19052,-0.0020083003,3.6738787,36.400196
55.48,9.254179,128.18938,-0.002013187,3.6748195,36.39964
55.49,9.254166,128.18822,-0.0020181695,3.6757622,36.399094
55.5,9.254153,128.18706,-0.0020228168,3.6767,36.398552
55.51,9.254139,128.18587,-0.002027941,3.6776395,36.398003
55.52,9.254125,128.18471,-0.0020326786,3.6785827,36.397453
55.53,9.254112,128.1836,-0.002037527,3.679521,36.396923
55.54,9.254099,128.18243,-0.002042465,3.680461,36.396366
55.55,9.254087,128.18126,-0.0020474698,3.6814008,36.395805
55.56,9.254073,128.18007,-0.0020522214,3.6823406,36.395264
55.57,9.25406,128.17892,-0.002056907,3.6832795,36.39471
55.58,9.254047,128.17775,-0.0020618606,3.6842184,36.394165
55.59,9.254036,128.17659,-0.002066373,3.6851573,36.393616
55.6,9.254019,128.17542,-0.0020714086,3.6860962,36.39307
55.61,9.254006,128.17422,-0.0020761155,3.6870346,36.39251
55.62,9.253997,128.1731,-0.0020810617,3.687974,36.391975
55.63,9.253984,128.17195,-0.0020857463,3.6889129,36.39142
55.64,9.253968,128.17078,-0.0020905053,3.6898494,36.39087
55.65,9.253959,128.1696,-0.0020952793,3.6907897,36.390327
55.66,9.253948,128.16844,-0.0021001063,3.6917295,36.38978
55.67,9.253933,128.1673,-0.002104694,3.692668,36.389233
55.68,9.253919,128.16612,-0.0021095807,3.6936035,36.388687
55.69,9.253905,128.16495,-0.0021142056,3.6945405,36.388145
55.7,9.253891,128.16379,-0.0021187635,3.6954813,36.387596
55.71,9.253878,128.1626,-0.0021235598,3.6964178,36.387047
55.72,9.253865,128.16145,-0.0021283496,3.6973567,36.386513
55.73,9.253849,128.16031,-0.002132967,3.6982923,36.38596
55.74,9.253836,128.1591,-0.0021376442,3.6992307,36.38541
55.75,9.253824,128.15796,-0.0021422096,3.70017,36.38486
55.76,9.253813,128.15681,-0.0021469546,3.7011037,36.384315
55.77,9.253799,128.1556,-0.002151438,3.7020435,36.38377
55.78,9.253786,128.15445,-0.0021563843,3.7029805,36.383213
55.79,9.253772,128.1533,-0.002160823,3.703916,36.38266
55.8,9.253765,128.15215,-0.002165448,3.7048526,36.38211
55.81,9.253747,128.15099,-0.0021699993,3.7057896,36.38157
55.82,9.253735,128.14975,-0.002174736,3.7067256,36.381023
55.83,9.253724,128.14867,-0.0021793684,3.707662,36.380474
55.84,9.253712,128.14745,-0.0021838974,3.7085996,36.379925
55.85,9.2536955,128.1463,-0.0021884404,3.7095351,36.37938
55.86,9.253684,128.14517,-0.0021929909,3.7104716,36.378834
55.87,9.253673,128.14397,-0.0021978403,3.7114077,36.378284
55.88,9.253657,128.14279,-0.0022023013,3.7123437,36.377728
55.89,9.253644,128.14166,-0.0022066291,3.7132797,36.377182
55.9,9.2536335,128.14046,-0.002211284,3.7142158,36.37664
55.91,9.25362,128.13928,-0.0022158418,3.7151513,36.37609
55.92,9.253606,128.13814,-0.0022203699,3.7160845,36.37555
55.93,9.253595,128.13695,-0.0022247424,3.7170205,36.375
55.94,9.253583,128.1358,-0.0022294717,3.7179556,36.374454
55.95,9.253568,128.13461,-0.0022337614,3.7188888,36.373917
55.96,9.253556,128.13344,-0.0022382531,3.7198262,36.373363
55.97,9.253542,128.13225,-0.0022427514,3.7207608,36.372818
55.98,9.2535305,128.13112,-0.002247407,3.7216973,36.372265
55.99,9.253516,128.12994,-0.0022516297,3.722631,36.37172
56.0,9.253504,128.12875,-0.0022562025,3.7235646,36.371174
56.01,9.253492,128.1276,-0.0022605518,3.7244992,36.370625
56.02,9.253479,128.12643,-0.002264917,3.725431,36.37008
56.03,9.2534685,128.12526,-0.0022693938,3.7263665,36.369534
56.04,9.253455,128.12408,-0.0022737198,3.7273002,36.368984
56.05,9.253441,128.12288,-0.002278152,3.7282352,36.36844
56.06,9.25343,128.12177,-0.002282546,3.729169,36.36789
56.07,9.253414,128.12056,-0.0022869632,3.730102,36.36735
56.08,9.253402,128.11938,-0.002291469,3.7310357,36.3668
56.09,9.2533865,128.11824,-0.002295684,3.7319674,36.36624
56.1,9.253374,128.11711,-0.0023001237,3.732902,36.3657
56.11,9.253364,128.1159,-0.0023044953,3.7338343,36.365158
56.12,9.253349,128.11472,-0.0023087487,3.734767,36.36461
56.13,9.253338,128.11354,-0.0023130458,3.7356997,36.364075
56.14,9.253325,128.11237,-0.0023174034,3.7366338,36.363525
56.15,9.253312,128.11119,-0.0023217006,3.737567,36.36297
56.16,9.253304,128.11003,-0.0023257816,3.7384992,36.36242
56.17,9.253289,128.10884,-0.002330184,3.7394319,36.36188
56.18,9.253277,128.10768,-0.0023346003,3.7403636,36.361336
56.19,9.2532625,128.10652,-0.0023388462,3.7412963,36.36079
56.2,9.253253,128.10532,-0.0023429422,3.742229,36.36024
56.21,9.253238,128.10416,-0.0023471648,3.7431598,36.3597
56.22,9.253225,128.10301,-0.002351597,3.7440925,36.35914
56.23,9.253213,128.1018,-0.0023558643,3.7450252,36.358593
56.24,9.253202,128.10065,-0.0023600804,3.7459555,36.358047
56.25,9.253186,128.0995,-0.0023642508,3.746889,36.357502
56.26,9.253179,128.09833,-0.0023684064,3.7478209,36.356968
56.27,9.253161,128.09712,-0.0023728535,3.7487493,36.356426
56.28,9.253153,128.09598,-0.0023767855,3.749682,36.355877
56.29,9.253139,128.09483,-0.0023811432,3.7506127,36.355324
56.3,9.253125,128.09364,-0.0023852913,3.751544,36.354786
56.31,9.253113,128.09248,-0.0023894468,3.7524729,36.35423
56.32,9.253101,128.09125,-0.0023934916,3.7534041,36.3537
56.33,9.253087,128.09006,-0.0023978632,3.7543368,36.353146
56.34,9.2530775,128.08893,-0.0024018185,3.7552657,36.352596
56.35,9.253062,128.08774,-0.00240584,3.756194,36.35205
56.36,9.253052,128.08655,-0.0024100933,3.757124,36.351494
56.37,9.253039,128.08536,-0.0024142563,3.7580562,36.350952
56.38,9.253027,128.08421,-0.0024184268,3.7589874,36.3504
56.39,9.253014,128.083,-0.0024223449,3.7599158,36.349865
56.4,9.253001,128.08186,-0.002426642,3.7608466,36.349316
56.41,9.252988,128.08069,-0.002430642,3.761776,36.34878
56.42,9.252978,128.07951,-0.0024344772,3.7627048,36.348225
56.43,9.252967,128.07835,-0.0024387296,3.7636337,36.347683
56.44,9.252952,128.07718,-0.002442752,3.7645617,36.34713
56.45,9.252942,128.07596,-0.0024468852,3.7654939,36.34659
56.46,9.252929,128.0748,-0.0024508033,3.7664218,36.346043
56.47,9.252917,128.07364,-0.002454847,3.7673516,36.345493
56.48,9.252903,128.07242,-0.0024588546,3.768279,36.344955
56.49,9.252891,128.07126,-0.002463025,3.7692094,36.344406
56.5,9.252881,128.07008,-0.0024667047,3.770135,36.34386
56.51,9.252866,128.06891,-0.0024710912,3.7710648,36.34332
56.52,9.252855,128.06773,-0.0024747187,3.7719913,36.342773
56.53,9.252841,128.06656,-0.0024787625,3.7729216,36.342224
56.54,9.252831,128.06537,-0.0024826275,3.77385,36.341686
56.55,9.252817,128.0642,-0.0024866425,3.7747774,36.34114
56.56,9.252805,128.06305,-0.0024906127,3.775704,36.340588
56.57,9.25279,128.06183,-0.0024946341,3.7766318,36.34005
56.58,9.252782,128.06067,-0.0024984851,3.7775598,36.339508
56.59,9.252769,128.05951,-0.0025024172,3.7784863,36.338974
56.6,9.252758,128.05833,-0.0025063427,3.7794151,36.338417
56.61,9.252746,128.05713,-0.0025103046,3.780342,36.337875
56.62,9.252733,128.05595,-0.0025143195,3.7812715,36.33732
56.63,9.252721,128.0548,-0.0025179535,3.782198,36.336777
56.64,9.252708,128.05363,-0.002521878,3.783123,36.33623
56.65,9.252695,128.05247,-0.0025257366,3.784049,36.335682
56.66,9.252684,128.05125,-0.0025296612,3.784976,36.335136
56.67,9.252671,128.05006,-0.002533489,3.785904,36.33459
56.68,9.252659,128.04892,-0.0025372058,3.78683,36.33404
56.69,9.252648,128.04774,-0.0025412133,3.787756,36.33349
56.7,9.252635,128.0465,-0.0025448846,3.7886825,36.33295
56.71,9.252624,128.04533,-0.002548758,3.7896094,36.33241
56.72,9.252612,128.04419,-0.0025526825,3.7905335,36.33188
56.73,9.252602,128.04301,-0.002556392,3.7914581,36.33132
56.74,9.252585,128.04182,-0.0025599888,3.7923865,36.33078
56.75,9.252575,128.04062,-0.00256404,3.793312,36.33024
56.76,9.252565,128.03944,-0.0025676666,3.7942371,36.32969
56.77,9.252553,128.03825,-0.0025714068,3.7951608,36.329144
56.78,9.25254,128.03712,-0.0025751218,3.7960873,36.328598
56.79,9.252528,128.03593,-0.0025787577,3.7970123,36.32805
56.8,9.252516,128.03476,-0.0025825333,3.7979355,36.32751
56.81,9.252504,128.03354,-0.0025863023,3.798863,36.326984
56.82,9.252492,128.03236,-0.002590063,3.7997875,36.326424
56.83,9.25248,128.03119,-0.0025938312,3.8007126,36.325886
56.84,9.252469,128.02997,-0.0025974438,3.8016362,36.325333
56.85,9.252457,128.0288,-0.002601212,3.8025594,36.324795
56.86,9.252444,128.02763,-0.0026048236,3.8034844,36.324245
56.87,9.252432,128.02646,-0.002608518,3.804408,36.323704
56.88,9.252419,128.0253,-0.002612071,3.805336,36.323154
56.89,9.252407,128.02412,-0.0026158849,3.8062549,36.322613
56.9,9.252395,128.0229,-0.0026192954,3.80718,36.32206
56.91,9.252384,128.02173,-0.0026229676,3.808103,36.321526
56.92,9.252373,128.02055,-0.0026267208,3.8090272,36.320984
56.93,9.252358,128.01936,-0.0026301546,3.8099508,36.320435
56.94,9.252348,128.01814,-0.0026338631,3.8108745,36.319893
56.95,9.252334,128.01698,-0.0026375642,3.8117967,36.319347
56.96,9.252325,128.01581,-0.0026410352,3.8127189,36.318794
56.97,9.252311,128.01462,-0.002644566,3.813644,36.31825
56.98,9.252301,128.01341,-0.0026482372,3.8145661,36.317707
56.99,9.252288,128.0123,-0.002651738,3.8154874,36.317165
57.0,9.252276,128.0111,-0.0026552007,3.816409,36.31662
57.01,9.252264,128.0099,-0.0026587462,3.8173327,36.316082
57.02,9.2522545,128.00868,-0.00266241,3.8182554,36.315525
57.03,9.252239,128.00752,-0.002665799,3.8191772,36.314995
57.04,9.252229,128.00638,-0.0026694043,3.8200994,36.314445
57.05,9.252217,128.00519,-0.0026729116,3.8210216,36.313896
57.06,9.252207,128.004,-0.0026762476,3.8219423,36.313366
57.07,9.252193,128.0028,-0.0026798528,3.822865,36.312817
57.08,9.252183,128.00165,-0.0026834048,3.8237863,36.312275
57.09,9.252171,128.00044,-0.002686995,3.824708,36.31173
57.1,9.252159,127.99925,-0.0026902724,3.8256288,36.31118
57.11,9.252147,127.9981,-0.002693735,3.82655,36.31064
57.12,9.252137,127.996925,-0.0026971763,3.8274727,36.310097
57.13,9.252123,127.99571,-0.0027007284,3.828393,36.309555
57.14,9.2521105,127.99452,-0.0027039014,3.8293123,36.309013
57.15,9.252101,127.993324,-0.0027073864,3.830235,36.308468
57.16,9.252089,127.99216,-0.0027107755,3.8311548,36.307922
57.17,9.252077,127.99097,-0.0027142009,3.8320737,36.307384
57.18,9.252068,127.98978,-0.0027177157,3.8329945,36.306835
57.19,9.252055,127.98859,-0.0027210303,3.8339143,36.306297
57.2,9.252045,127.9874,-0.0027243216,3.834835,36.305756
57.21,9.25203,127.98624,-0.002727748,3.8357534,36.305218
57.22,9.252021,127.98503,-0.002731151,3.8366756,36.30467
57.23,9.252009,127.98385,-0.0027345633,3.8375964,36.30412
57.24,9.251999,127.98265,-0.00273781,3.8385148,36.30358
57.25,9.251984,127.98147,-0.0027411692,3.8394337,36.303036
57.26,9.251972,127.98026,-0.0027442966,3.8403544,36.302483
57.27,9.251961,127.979126,-0.0027476037,3.8412714,36.301945
57.28,9.251953,127.97789,-0.002751127,3.8421907,36.3014
57.29,9.251938,127.976715,-0.002754284,3.8431115,36.30086
57.3,9.251927,127.97552,-0.002757486,3.844028,36.300312
57.31,9.251916,127.97438,-0.0027610688,3.8449464,36.29977
57.32,9.251905,127.97319,-0.002764048,3.8458657,36.299232
57.33,9.251893,127.97202,-0.0027673552,3.8467836,36.298676
57.34,9.251882,127.9708,-0.002770572,3.8477025,36.298145
57.35,9.251872,127.96962,-0.0027740356,3.8486228,36.2976
57.36,9.251861,127.9684,-0.0027769692,3.8495374,36.29707
57.37,9.25185,127.967255,-0.0027804095,3.8504581,36.296524
57.38,9.251837,127.96607,-0.00278359,3.8513746,36.295967
57.39,9.251826,127.964836,-0.0027867332,3.8522925,36.29544
57.4,9.251815,127.96368,-0.002790099,3.8532095,36.29489
57.41,9.251802,127.9625,-0.002792989,3.854128,36.29435
57.42,9.25179,127.9613,-0.0027961833,3.8550444,36.29381
57.43,9.25178,127.9601,-0.0027996246,3.85596,36.293266
57.44,9.251767,127.958954,-0.0028025731,3.8568792,36.29273
57.45,9.251756,127.95777,-0.0028057164,3.8577971,36.292183
57.46,9.251746,127.956535,-0.0028089862,3.8587136,36.291626
57.47,9.251733,127.95536,-0.002812069,3.8596296,36.291096
57.48,9.251721,127.95418,-0.0028151227,3.8605452,36.29055
57.49,9.251708,127.952995,-0.0028183553,3.8614626,36.290016
57.5,9.2516985,127.95182,-0.0028212676,3.8623786,36.28947
57.51,9.251688,127.95064,-0.0028246036,3.863295,36.288937
57.52,9.251677,127.949486,-0.0028275233,3.8642106,36.288383
57.53,9.251665,127.94825,-0.002830591,3.8651252,36.28784
57.54,9.251655,127.94706,-0.0028337417,3.866043,36.287292
57.55,9.251645,127.9459,-0.0028368095,3.8669581,36.286747
57.56,9.25163,127.94469,-0.0028396845,3.8678737,36.286205
57.57,9.25162,127.9435,-0.0028428873,3.8687901,36.285664
57.58,9.251605,127.94231,-0.0028459327,3.8697057,36.285126
57.59,9.251596,127.94113,-0.002848927,3.8706193,36.284588
57.6,9.251585,127.93996,-0.0028520543,3.8715343,36.284046
57.61,9.2515745,127.93873,-0.002854989,3.8724484,36.283504
57.62,9.251564,127.93756,-0.0028579822,3.8733659,36.282955
57.63,9.251552,127.93633,-0.0028610136,3.8742795,36.282417
57.64,9.251539,127.935165,-0.0028637843,3.8751926,36.28188
57.65,9.251529,127.93399,-0.0028669424,3.8761086,36.281334
57.66,9.25152,127.9328,-0.0028699506,3.8770213,36.280792
57.67,9.251509,127.93161,-0.002872914,3.877935,36.28025
57.68,9.251495,127.930435,-0.002875723,3.8788495,36.279705
57.69,9.251485,127.92925,-0.002878746,3.8797646,36.279163
57.7,9.251474,127.92803,-0.0028813528,3.8806777,36.27863
57.71,9.25146,127.92685,-0.0028844355,3.8815918,36.278088
57.72,9.251451,127.92563,-0.002887385,3.8825054,36.277546
57.73,9.251439,127.92443,-0.0028903782,3.88342,36.277004
57.74,9.251429,127.92326,-0.0028930968,3.8843327,36.276463
57.75,9.251419,127.92207,-0.002896105,3.8852458,36.27593
57.76,9.251407,127.92093,-0.0028989203,3.886158,36.275383
57.77,9.251397,127.91974,-0.0029018102,3.8870711,36.274834
57.78,9.251384,127.91851,-0.0029047448,3.8879843,36.274296
57.79,9.251374,127.91734,-0.0029075528,3.8888946,36.27376
57.8,9.251362,127.916145,-0.002910382,3.8898087,36.27323
57.81,9.251351,127.91496,-0.0029131817,3.8907223,36.27267
57.82,9.251339,127.91376,-0.002915997,3.8916335,36.272133
57.83,9.2513275,127.912575,-0.0029189168,3.8925452,36.271603
57.84,9.251319,127.91138,-0.0029215822,3.893457,36.271057
57.85,9.251306,127.91019,-0.002924502,3.8943706,36.270504
57.86,9.251297,127.90899,-0.0029271822,3.8952823,36.269966
57.87,9.251284,127.90778,-0.0029299008,3.8961935,36.269432
57.88,9.251274,127.90658,-0.002932731,3.8971047,36.26889
57.89,9.251262,127.90537,-0.002935472,3.8980155,36.268345
57.9,9.251253,127.90423,-0.0029382873,3.8989286,36.26781
57.91,9.251243,127.90303,-0.0029410273,3.8998399,36.26726
57.92,9.251231,127.90183,-0.002943797,3.9007497,36.26672
57.93,9.25122,127.90063,-0.0029463293,3.9016614,36.26618
57.94,9.251209,127.89947,-0.0029490925,3.9025726,36.265644
57.95,9.251199,127.89826,-0.0029518185,3.903482,36.26511
57.96,9.251188,127.89707,-0.0029547075,3.9043913,36.264565
57.97,9.251177,127.89589,-0.0029572994,3.9053035,36.26403
57.98,9.251168,127.894714,-0.0029598903,3.9062133,36.26349
57.99,9.251156,127.893524,-0.0029626312,3.9071221,36.262947
58.0,9.251146,127.89233,-0.0029651634,3.9080334,36.262405
58.01,9.251135,127.891136,-0.0029678447,3.9089437,36.261868
58.02,9.251121,127.88996,-0.0029704804,3.9098525,36.26133
58.03,9.251111,127.88871,-0.002973117,3.9107637,36.260788
58.04,9.2511015,127.88755,-0.0029759323,3.9116707,36.260242
58.05,9.251089,127.88635,-0.0029784562,3.91258,36.259693
58.06,9.251078,127.885155,-0.0029809885,3.9134908,36.259163
58.07,9.251068,127.88401,-0.0029834304,3.9143977,36.25862
58.08,9.251057,127.88278,-0.0029862458,3.915309,36.25808
58.09,9.251045,127.88162,-0.0029886886,3.916216,36.25754
58.1,9.251036,127.880394,-0.0029914146,3.9171233,36.257008
58.11,9.251023,127.87919,-0.002993797,3.9180355,36.256466
58.12,9.251015,127.87798,-0.0029963292,3.918943,36.255924
58.13,9.251006,127.8768,-0.002999099,3.9198523,36.255383
58.14,9.250994,127.875626,-0.0030015726,3.9207592,36.25484
58.15,9.25098,127.874435,-0.003004104,3.921667,36.2543
58.16,9.250969,127.87323,-0.0030066213,3.922577,36.253757
58.17,9.250959,127.87205,-0.0030091535,3.923483,36.25322
58.18,9.250948,127.870834,-0.0030117305,3.9243913,36.25268
58.19,9.250936,127.869675,-0.0030142544,3.9252963,36.25216
58.2,9.250926,127.868484,-0.0030165846,3.9262066,36.251614
58.21,9.250916,127.86725,-0.0030189613,3.927115,36.251072
58.22,9.250906,127.86607,-0.003021611,3.928022,36.250523
58.23,9.250895,127.86487,-0.0030238898,3.9289274,36.249996
58.24,9.250883,127.86371,-0.003026452,3.9298344,36.249443
58.25,9.250874,127.86252,-0.0030290438,3.9307394,36.24892
58.26,9.250861,127.86133,-0.0030311728,3.9316463,36.248375
58.27,9.250852,127.86009,-0.0030335858,3.9325557,36.247833
58.28,9.250841,127.85894,-0.003035969,3.9334579,36.247295
58.29,9.250832,127.85772,-0.0030386802,3.9343648,36.246754
58.3,9.25082,127.85653,-0.0030409582,3.9352698,36.246216
58.31,9.25081,127.85532,-0.0030431924,3.9361782,36.245678
58.32,9.2508,127.85413,-0.0030459035,3.9370847,36.245148
58.33,9.250789,127.852936,-0.0030480633,3.9379911,36.24461
58.34,9.250779,127.85173,-0.0030506104,3.9388952,36.24407
58.35,9.250768,127.85057,-0.0030528735,3.9398012,36.243526
58.36,9.250758,127.849365,-0.0030551227,3.9407063,36.243
58.37,9.250747,127.8482,-0.003057506,3.9416118,36.24245
58.38,9.250735,127.847,-0.0030597085,3.9425163,36.241913
58.39,9.250724,127.84581,-0.0030620927,3.9434214,36.24138
58.4,9.250715,127.84461,-0.0030645048,3.9443245,36.240826
58.41,9.250706,127.84339,-0.0030668145,3.945232,36.24029
58.42,9.250693,127.8422,-0.0030689584,3.9461355,36.239754
58.43,9.250682,127.841,-0.003071133,3.9470406,36.23922
58.44,9.250672,127.83981,-0.0030734418,3.9479432,36.238686
58.45,9.250662,127.83859,-0.0030758688,3.9488487,36.238144
58.46,9.250654,127.83745,-0.0030780435,3.9497533,36.237602
58.47,9.250641,127.83624,-0.0030803075,3.9506583,36.237076
58.48,9.250629,127.835014,-0.0030824216,3.9515615,36.23653
58.49,9.25062,127.83385,-0.0030848198,3.9524646,36.23599
58.5,9.250608,127.83265,-0.003086987,3.9533672,36.235447
58.51,9.250598,127.83149,-0.0030891905,3.9542708,36.234905
58.52,9.250589,127.83034,-0.0030912757,3.955174,36.23438
58.53,9.250578,127.8291,-0.003093659,3.9560766,36.23383
58.54,9.250568,127.827896,-0.0030958485,3.9569802,36.23329
58.55,9.250558,127.82672,-0.0030979775,3.9578853,36.232758
58.56,9.250546,127.82549,-0.0030999435,3.958787,36.232224
58.57,9.250534,127.824326,-0.0031023864,3.9596891,36.231686
58.58,9.250525,127.82313,-0.0031044856,3.960589,36.231155
58.59,9.250514,127.82192,-0.0031066155,3.961495,36.230614
58.6,9.2505045,127.82073,-0.0031087901,3.9623952,36.230076
58.61,9.250494,127.81953,-0.0031108903,3.9632978,36.22954
58.62,9.2504835,127.81831,-0.003113035,3.964198,36.229
58.63,9.250473,127.81715,-0.0031150458,3.9651012,36.228466
58.64,9.250463,127.81594,-0.0031171748,3.9660006,36.227917
58.65,9.250455,127.814735,-0.0031191707,3.9669042,36.22739
58.66,9.250446,127.81354,-0.0031214347,3.9678059,36.226856
58.67,9.250432,127.81236,-0.0031233635,3.968707,36.226315
58.68,9.2504225,127.81119,-0.0031253742,3.9696083,36.225777
58.69,9.250416,127.80996,-0.0031272946,3.970511,36.22524
58.7,9.250407,127.80875,-0.003129499,3.9714098,36.224693
58.71,9.250395,127.80755,-0.0031316727,3.9723105,36.22416
58.72,9.250381,127.80636,-0.0031336686,3.9732113,36.223625
58.73,9.250373,127.80516,-0.0031357538,3.9741125,36.223083
58.74,9.250362,127.80395,-0.0031376146,3.9750128,36.222553
58.75,9.250354,127.802734,-0.0031395508,3.975915,36.222015
58.76,9.250344,127.80159,-0.0031415028,3.9768124,36.221478
58.77,9.250333,127.80036,-0.0031435797,3.9777122,36.220932
58.78,9.250325,127.79916,-0.0031456798,3.9786124,36.220406
58.79,9.250315,127.79798,-0.0031474521,3.9795127,36.21987
58.8,9.250304,127.796814,-0.0031496864,3.9804106,36.219334
58.81,9.250295,127.79559,-0.0031513683,3.9813118,36.218796
58.82,9.250282,127.79442,-0.0031532748,3.982211,36.21825
58.83,9.250272,127.79322,-0.0031551365,3.98311,36.21773
58.84,9.250259,127.79201,-0.003157192,3.9840097,36.217186
58.85,9.250248,127.79084,-0.0031591272,3.9849067,36.216656
58.86,9.250241,127.78961,-0.003161056,3.9858055,36.216114
58.87,9.250234,127.78844,-0.0031629475,3.9867058,36.215588
58.88,9.250221,127.787254,-0.0031648679,3.9876022,36.21505
58.89,9.25021,127.786064,-0.0031665806,3.988502,36.21451
58.9,9.250201,127.78484,-0.0031686816,3.989399,36.21397
58.91,9.250189,127.78364,-0.003170438,3.9902987,36.213425
58.92,9.250179,127.782455,-0.0031723147,3.9911947,36.212894
58.93,9.25017,127.781265,-0.0031740572,3.992094,36.21236
58.94,9.250159,127.78007,-0.0031759106,3.992992,36.211826
58.95,9.25015,127.77887,-0.0031776978,3.9938893,36.21129
58.96,9.250138,127.77764,-0.003179634,3.9947858,36.21076
58.97,9.250129,127.77644,-0.0031812722,3.9956837,36.21022
58.98,9.25012,127.77526,-0.0031832969,3.9965816,36.209686
58.99,9.250111,127.77408,-0.0031850543,3.9974785,36.20914
59.0,9.250099,127.77285,-0.0031868042,3.9983768,36.20861
59.01,9.250089,127.77167,-0.0031884266,3.9992714,36.208073
59.02,9.250077,127.77046,-0.0031901998,4.0001674,36.207542
59.03,9.250068,127.76928,-0.0031921351,4.001065,36.207005
59.04,9.250058,127.76813,-0.003193669,4.001961,36.206463
59.05,9.250051,127.76692,-0.0031954339,4.0028563,36.205936
59.06,9.250039,127.765686,-0.00319737,4.0037546,36.205387
59.07,9.250027,127.764534,-0.0031990083,4.0046506,36.20485
59.08,9.250018,127.7633,-0.0032007806,4.0055466,36.204323
59.09,9.2500105,127.76211,-0.003202566,4.006441,36.203793
59.1,9.250004,127.760925,-0.003204138,4.0073366,36.20325
59.11,9.249991,127.75973,-0.0032058507,4.0082335,36.20271
59.12,9.249981,127.75851,-0.003207324,4.0091267,36.20218
59.13,9.2499695,127.7573,-0.0032092761,4.010022,36.20165
59.14,9.249962,127.75612,-0.003210809,4.0109177,36.201122
59.15,9.249952,127.75492,-0.0032126782,4.011812,36.200584
59.16,9.249943,127.75373,-0.0032140333,4.012709,36.200047
59.17,9.249929,127.752525,-0.0032157758,4.013601,36.199512
59.18,9.249922,127.75133,-0.0032173833,4.014498,36.19898
59.19,9.249913,127.75012,-0.0032188576,4.01539,36.198433
59.2,9.249903,127.748924,-0.0032206,4.0162864,36.197906
59.21,9.249891,127.74774,-0.003222215,4.017179,36.197365
59.22,9.249881,127.74655,-0.003223735,4.018072,36.196835
59.23,9.249871,127.745346,-0.003225387,4.0189695,36.19631
59.24,9.24986,127.744156,-0.003226921,4.0198607,36.195766
59.25,9.249852,127.74295,-0.003228522,4.020756,36.195225
59.26,9.249846,127.741745,-0.0032301005,4.0216475,36.194702
59.27,9.249833,127.74055,-0.0032316782,4.02254,36.194168
59.28,9.249824,127.73935,-0.0032332567,4.023435,36.193626
59.29,9.249814,127.738174,-0.0032347534,4.0243297,36.193096
59.3,9.249804,127.736946,-0.0032361383,4.025222,36.19256
59.31,9.249796,127.735794,-0.003237538,4.026114,36.192017
59.32,9.2497835,127.73461,-0.003239221,4.027006,36.191498
59.33,9.249775,127.733376,-0.0032407548,4.0278974,36.190968
59.34,9.249766,127.73221,-0.0032421919,4.028789,36.190426
59.35,9.249754,127.73098,-0.0032436503,4.0296836,36.189888
59.36,9.249745,127.72977,-0.0032450203,4.030575,36.189354
59.37,9.249731,127.72859,-0.0032466138,4.0314655,36.188824
59.38,9.249724,127.72739,-0.003248006,4.0323606,36.188282
59.39,9.249715,127.72618,-0.00324939,4.033252,36.18776
59.4,9.249706,127.72498,-0.003250909,4.034143,36.187218
59.41,9.249698,127.72382,-0.0032523312,4.035034,36.1867
59.42,9.249686,127.7226,-0.0032537458,4.035922,36.18616
59.43,9.249679,127.72139,-0.0032552052,4.036816,36.18563
59.44,9.249669,127.72021,-0.0032566348,4.0377073,36.185093
59.45,9.2496605,127.719025,-0.0032579973,4.038597,36.18457
59.46,9.249651,127.717834,-0.0032594865,4.0394874,36.18402
59.47,9.249641,127.71663,-0.0032606767,4.04038,36.1835
59.48,9.249631,127.71541,-0.0032620914,4.0412703,36.182964
59.49,9.249623,127.71421,-0.003263574,4.042161,36.18243
59.5,9.249616,127.71302,-0.0032646004,4.0430493,36.181904
59.51,9.249603,127.71183,-0.003266194,4.043939,36.181362
59.52,9.249594,127.710625,-0.003267616,4.0448313,36.180832
59.53,9.249584,127.709435,-0.003268837,4.0457196,36.180298
59.54,9.249575,127.70821,-0.0032701017,4.0466104,36.179768
59.55,9.249564,127.70701,-0.0032713823,4.047499,36.17923
59.56,9.249553,127.705826,-0.0032728491,4.0483894,36.178703
59.57,9.249545,127.704666,-0.0032741148,4.0492787,36.17816
59.58,9.249536,127.70344,-0.0032754093,4.0501666,36.177628
59.59,9.249526,127.702255,-0.003276593,4.0510564,36.17709
59.6,9.249517,127.70104,-0.0032778298,4.0519457,36.17656
59.61,9.249507,127.69988,-0.0032791104,4.0528326,36.176025
59.62,9.249496,127.69869,-0.0032803155,4.053722,36.175503
59.63,9.24949,127.69745,-0.003281694,4.0546103,36.174973
59.64,9.249478,127.6963,-0.003282616,4.055498,36.17443
59.65,9.249469,127.695076,-0.0032838592,4.0563874,36.17391
59.66,9.249461,127.69387,-0.0032851994,4.0572767,36.173367
59.67,9.249453,127.69264,-0.0032864641,4.058164,36.172825
59.68,9.249442,127.691475,-0.0032876404,4.0590506,36.17231
59.69,9.2494335,127.69028,-0.003288824,4.059939,36.171787
59.7,9.249421,127.68908,-0.00329006,4.060826,36.17125
59.71,9.249414,127.68789,-0.0032911021,4.0617123,36.17072
59.72,9.249403,127.68666,-0.00329227,4.0626,36.17019
59.73,9.249395,127.685486,-0.003293611,4.063486,36.169655
59.74,9.249384,127.68425,-0.0032945555,4.0643735,36.169113
59.75,9.249375,127.683075,-0.0032957923,4.0652604,36.168587
59.76,9.249364,127.681885,-0.0032968186,4.0661488,36.168045
59.77,9.249358,127.68068,-0.0032981895,4.0670333,36.167522
59.78,9.249348,127.67949,-0.0032991786,4.0679183,36.166985
59.79,9.249339,127.67828,-0.0033002952,4.0688076,36.166462
59.8,9.24933,127.677124,-0.003301248,4.069691,36.16593
59.81,9.249321,127.675865,-0.0033025062,4.0705795,36.165405
59.82,9.24931,127.674706,-0.0033035781,4.0714645,36.164867
59.83,9.249303,127.673485,-0.003304597,4.072351,36.164333
59.84,9.249293,127.67232,-0.0033054762,4.0732365,36.163803
59.85,9.249283,127.6711,-0.003306726,4.0741224,36.16328
59.86,9.249273,127.66991,-0.0033076415,4.075006,36.162746
59.87,9.249266,127.66872,-0.003308624,4.0758905,36.16221
59.88,9.249258,127.667496,-0.00330986,4.0767765,36.161674
59.89,9.249249,127.66631,-0.0033108648,4.0776615,36.161148
59.9,9.249238,127.66509,-0.003311892,4.0785465,36.160603
59.91,9.249229,127.66389,-0.0033127554,4.0794315,36.160076
59.92,9.249219,127.6627,-0.0033137752,4.080316,36.159554
59.93,9.2492075,127.66149,-0.003314742,4.0812,36.15901
59.94,9.249199,127.66036,-0.0033156574,4.082085,36.15849
59.95,9.24919,127.65913,-0.0033166101,4.0829687,36.15796
59.96,9.249185,127.65792,-0.0033176672,4.083851,36.157425
59.97,9.249173,127.6567,-0.0033182846,4.084738,36.156902
59.98,9.249165,127.65553,-0.003319595,4.085618,36.15636
59.99,9.249156,127.65433,-0.0033203997,4.086504,36.15584
60.0,9.249145,127.65315,-0.0033215228,4.0873876,36.155308
