t,w,W,x,y,z
0.0,0.06953732,4.759431e-05,4.9449587,68.14577,-0.0012898147
0.01,0.06971581,0.00076934695,4.9439683,68.14185,0.0007393956
0.02,0.06989488,0.0014933944,4.9429727,68.137924,0.0027790815
0.03,0.070074044,0.0022173524,4.9419694,68.133934,0.004829332
0.04,0.070254125,0.0029437244,4.9409595,68.129944,0.0068899244
0.05,0.07043485,0.003673464,4.9399457,68.12593,0.008961648
0.06,0.070616454,0.004406452,4.9389257,68.12188,0.011043429
0.07,0.07079834,0.005139917,4.9379015,68.11783,0.013133764
0.08,0.07098107,0.005876571,4.936868,68.11372,0.015233368
0.09,0.071164295,0.006614268,4.935833,68.10959,0.017342672
0.1,0.07134763,0.0073521733,4.9347916,68.10545,0.019461274
0.11,0.0715316,0.008095592,4.9337454,68.1013,0.02158773
0.12,0.071716435,0.008839488,4.9326944,68.09711,0.023721814
0.13,0.07190192,0.009584397,4.931639,68.0929,0.025864452
0.14,0.07208708,0.010329902,4.930581,68.08871,0.028014258
0.15,0.07227288,0.011078984,4.9295173,68.08445,0.030170187
0.16,0.07245967,0.011829346,4.9284506,68.08021,0.03233522
0.17,0.072646044,0.012581259,4.927379,68.07593,0.034507364
0.18,0.0728339,0.013332546,4.9263034,68.071655,0.03668584
0.19,0.07302089,0.014086217,4.925226,68.06735,0.0388702
0.2,0.0732083,0.014843017,4.924144,68.06301,0.041062832
0.21,0.0733968,0.015599221,4.9230595,68.05868,0.043257847
0.22,0.073585466,0.016356826,4.921972,68.05433,0.045461267
0.23,0.07377389,0.017116427,4.920881,68.04999,0.047669977
0.24,0.07396311,0.017874867,4.919787,68.04562,0.049883768
0.25,0.07415225,0.018636614,4.9186897,68.041214,0.052101284
0.26,0.07434228,0.019400895,4.91759,68.036804,0.054325506
0.27,0.0745321,0.020162374,4.916488,68.032394,0.056553796
0.28,0.074722305,0.020927727,4.9153843,68.027985,0.05878915
0.29,0.07491259,0.021692544,4.9142756,68.023544,0.061026275
0.3,0.0751027,0.022458464,4.9131684,68.01909,0.063267484
0.31,0.07529394,0.023225307,4.912059,68.01464,0.06551434
0.32,0.07548456,0.023992896,4.910944,68.01018,0.067764804
0.33,0.0756761,0.024761826,4.909829,68.005684,0.07001953
0.34,0.0758674,0.025531143,4.9087124,68.001205,0.072277635
0.35,0.076058865,0.02630204,4.9075947,67.996704,0.07453941
0.36,0.076250285,0.02707243,4.9064755,67.992195,0.076805666
0.37,0.07644199,0.027844101,4.9053526,67.987686,0.07907425
0.38,0.07663425,0.028617412,4.9042273,67.98319,0.08134871
0.39,0.07682602,0.029390872,4.9031024,67.97864,0.08362421
0.4,0.07701865,0.03016758,4.9019756,67.97411,0.08590438
0.41,0.07721108,0.030942082,4.9008465,67.969536,0.08818858
0.42,0.0774034,0.031718552,4.8997164,67.96499,0.09047578
0.43,0.07759722,0.032493204,4.8985834,67.96042,0.09276682
0.44,0.07778958,0.033270717,4.8974504,67.95586,0.09506086
0.45,0.07798293,0.03405142,4.8963165,67.95129,0.097358555
0.46,0.07817583,0.03483051,4.895181,67.94672,0.09965946
0.47,0.07836912,0.035612434,4.8940415,67.9421,0.10196315
0.48,0.078563236,0.036393344,4.892904,67.937515,0.104271784
0.49,0.078756705,0.037175596,4.891762,67.93288,0.106582396
0.5,0.07895017,0.037959516,4.8906193,67.92828,0.10889899
0.51,0.079145074,0.038745016,4.889475,67.92365,0.11121676
0.52,0.079339296,0.039530993,4.888329,67.919,0.1135409
0.53,0.07953351,0.04031703,4.8871818,67.91435,0.11586567
0.54,0.07972884,0.041105837,4.8860326,67.909706,0.11819711
0.55,0.07992371,0.041894823,4.884881,67.90505,0.12053202
0.56,0.08011865,0.04268542,4.883729,67.90038,0.12287044
0.57,0.080314234,0.04347667,4.8825755,67.8957,0.12521327
0.58,0.08050987,0.044270307,4.881421,67.891014,0.12755981
0.59,0.08070539,0.045066386,4.880263,67.88632,0.12991205
0.6,0.080901876,0.04586193,4.8791018,67.881615,0.13226926
0.61,0.08109811,0.046659112,4.8779416,67.8769,0.13462883
0.62,0.08129483,0.047460318,4.876777,67.87217,0.13699219
0.63,0.08149162,0.048258573,4.875613,67.86744,0.13936245
0.64,0.08168895,0.04906127,4.8744464,67.862686,0.14173621
0.65,0.08188677,0.049866647,4.8732753,67.85795,0.14411679
0.66,0.08208462,0.05067113,4.872105,67.85317,0.14650165
0.67,0.08228195,0.051480502,4.870931,67.84839,0.14889118
0.68,0.08248113,0.05228889,4.869756,67.84362,0.15128748
0.69,0.08267991,0.05310017,4.8685765,67.8388,0.15368712
0.7,0.08287883,0.05391395,4.867395,67.834,0.15609327
0.71,0.08307894,0.054727793,4.8662133,67.829185,0.15850434
0.72,0.08327794,0.05554533,4.8650274,67.82434,0.16092178
0.73,0.083477914,0.056364596,4.8638406,67.81951,0.16334656
0.74,0.08367836,0.05718589,4.862651,67.81465,0.16577435
0.75,0.08387934,0.058008015,4.8614573,67.80978,0.16820988
0.76,0.08408108,0.058834136,4.860262,67.8049,0.17065005
0.77,0.08428276,0.059661686,4.8590636,67.80002,0.17309801
0.78,0.084484264,0.06049198,4.8578634,67.79513,0.17555198
0.79,0.08468677,0.061324596,4.8566594,67.79021,0.17801183
0.8,0.08488986,0.062158465,4.855453,67.78529,0.18047914
0.81,0.0850927,0.06299487,4.854245,67.78035,0.18295105
0.82,0.08529676,0.063833654,4.8530326,67.77538,0.18543251
0.83,0.08550024,0.06467417,4.8518186,67.770424,0.18791862
0.84,0.08570467,0.06551924,4.8506017,67.765434,0.19041018
0.85,0.08591007,0.06636503,4.849381,67.760445,0.19291115
0.86,0.08611502,0.06721443,4.8481584,67.75543,0.19541764
0.87,0.086320534,0.06806457,4.846931,67.75042,0.19793057
0.88,0.086526975,0.068918556,4.8457026,67.745384,0.20045207
0.89,0.086733654,0.069775075,4.84447,67.74034,0.20297866
0.9,0.08694047,0.070634514,4.8432355,67.73528,0.20551386
0.91,0.087148115,0.0714941,4.841996,67.73022,0.20805624
0.92,0.087355696,0.0723595,4.840756,67.72513,0.21060601
0.93,0.087564126,0.0732266,4.8395114,67.720024,0.21316217
0.94,0.08777267,0.07409489,4.8382635,67.71492,0.21572581
0.95,0.08798206,0.074965596,4.837013,67.709816,0.21829602
0.96,0.088192016,0.07584089,4.835758,67.70464,0.2208754
0.97,0.08840156,0.07671705,4.8345013,67.69951,0.2234588
0.98,0.088612325,0.07759634,4.8332405,67.69432,0.22605188
0.99,0.08882341,0.078478605,4.8319774,67.68913,0.22865228
1.0,0.08903455,0.07936436,4.8307114,67.683945,0.23125961
1.01,0.08924663,0.08025202,4.82944,67.67872,0.23387489
1.02,0.08945811,0.08114207,4.828168,67.67351,0.23649743
1.03,0.08967119,0.08203429,4.826891,67.66825,0.2391263
1.04,0.08988415,0.08292869,4.8256125,67.66301,0.24176437
1.05,0.090097696,0.08382696,4.8243303,67.657745,0.2444084
1.06,0.09031139,0.084727705,4.8230453,67.65248,0.24705899
1.07,0.09052563,0.085632354,4.821758,67.647194,0.2497182
1.08,0.09074011,0.08653596,4.8204637,67.641884,0.25238416
1.09,0.090955175,0.087445915,4.819169,67.63656,0.25506026
1.1,0.091171324,0.08835706,4.8178716,67.63125,0.25774097
1.11,0.09138675,0.08927083,4.8165708,67.62588,0.26042917
1.12,0.09160359,0.09018746,4.8152657,67.62054,0.2631239
1.13,0.09182001,0.09110609,4.813958,67.61515,0.26582873
1.14,0.09203744,0.09202704,4.812649,67.60976,0.2685373
1.15,0.09225477,0.09295276,4.811334,67.604385,0.27125424
1.16,0.09247288,0.09387916,4.810019,67.598976,0.2739796
1.17,0.09269121,0.09480575,4.8086977,67.59356,0.27671057
1.18,0.09291035,0.095739365,4.8073754,67.58811,0.27945024
1.19,0.09312911,0.096673906,4.8060493,67.58267,0.28219715
1.2,0.09334855,0.097611606,4.804721,67.57721,0.28494954
1.21,0.09356819,0.09855029,4.8033886,67.57171,0.28770986
1.22,0.09378837,0.09949291,4.8020525,67.56623,0.29047826
1.23,0.094008945,0.10043624,4.8007154,67.56073,0.29325292
1.24,0.09422997,0.10138422,4.799374,67.55522,0.29603496
1.25,0.09445131,0.102332234,4.798032,67.54969,0.29882225
1.26,0.094672516,0.103284836,4.7966847,67.54415,0.30161807
1.27,0.094895124,0.10423863,4.795335,67.53861,0.30442142
1.28,0.095117524,0.105196506,4.79398,67.53307,0.30723017
1.29,0.09534022,0.10615325,4.7926254,67.52748,0.31004634
1.3,0.09556334,0.10711792,4.791268,67.521904,0.3128698
1.31,0.09578657,0.10807976,4.7899065,67.516304,0.31569967
1.32,0.09601058,0.10904789,4.7885423,67.51071,0.31853774
1.33,0.096234575,0.11001679,4.787175,67.50508,0.32138056
1.34,0.09645927,0.11098963,4.7858057,67.49945,0.32423142
1.35,0.09668362,0.11196238,4.784432,67.493805,0.32708868
1.36,0.09690903,0.11293781,4.783058,67.48815,0.32995254
1.37,0.097134456,0.113915,4.7816796,67.482475,0.33282357
1.38,0.09736049,0.11489782,4.7802997,67.476814,0.33569992
1.39,0.09758641,0.115881234,4.778915,67.47112,0.33858478
1.4,0.097813234,0.11686757,4.777529,67.4654,0.34147435
1.41,0.09803979,0.117854804,4.7761397,67.4597,0.3443704
1.42,0.0982668,0.11884439,4.774748,67.453995,0.347274
1.43,0.0984942,0.11983889,4.7733536,67.44825,0.3501848
1.44,0.0987221,0.12083325,4.771956,67.44251,0.35310328
1.45,0.098950125,0.121830136,4.7705564,67.43675,0.35602546
1.46,0.099178255,0.122828275,4.769154,67.430984,0.3589558
1.47,0.099407226,0.12383203,4.7677484,67.42519,0.36189276
1.48,0.09963621,0.12483576,4.7663403,67.419426,0.36483586
1.49,0.09986584,0.12584195,4.7649302,67.41363,0.3677851
1.5,0.100095905,0.12685232,4.7635155,67.40781,0.37074158
1.51,0.10032549,0.12786226,4.7621017,67.401985,0.37370393
1.52,0.10055654,0.1288757,4.7606826,67.39614,0.37667137
1.53,0.10078708,0.12989306,4.759262,67.39032,0.37964895
1.54,0.10101831,0.13091074,4.7578382,67.38446,0.38263
1.55,0.10124986,0.13193029,4.7564116,67.37862,0.38561738
1.56,0.101481356,0.13295236,4.7549825,67.372734,0.38861203
1.57,0.101713374,0.13397855,4.7535515,67.36685,0.39161435
1.58,0.10194552,0.13500567,4.752116,67.36097,0.39462107
1.59,0.102178365,0.13603504,4.7506795,67.35506,0.39763498
1.6,0.10241146,0.13706765,4.749239,67.34913,0.4006552
1.61,0.10264556,0.13810082,4.7477984,67.3432,0.4036836
1.62,0.10287891,0.13913605,4.7463536,67.33727,0.40671673
1.63,0.10311338,0.1401763,4.7449074,67.33134,0.4097558
1.64,0.103347726,0.14121762,4.7434583,67.32538,0.41280198
1.65,0.10358227,0.14226063,4.742004,67.3194,0.41585496
1.66,0.10381774,0.14330637,4.7405505,67.313416,0.4189145
1.67,0.10405359,0.1443551,4.739092,67.30741,0.42198092
1.68,0.104289435,0.14540443,4.7376323,67.301414,0.4250533
1.69,0.104525685,0.14645785,4.7361693,67.2954,0.42813203
1.7,0.104762405,0.14751333,4.734704,67.289375,0.43121755
1.71,0.10499967,0.1485709,4.7332363,67.28334,0.4343086
1.72,0.10523733,0.14962964,4.731766,67.27731,0.43740633
1.73,0.10547486,0.15069097,4.730293,67.27125,0.4405104
1.74,0.10571298,0.15175545,4.728818,67.26518,0.44362402
1.75,0.10595198,0.15282229,4.7273397,67.25911,0.446741
1.76,0.106190585,0.15389328,4.7258587,67.25302,0.4498655
1.77,0.10643028,0.15496205,4.7243752,67.24692,0.45299646
1.78,0.10666955,0.15603584,4.722889,67.24081,0.45613348
1.79,0.10691045,0.15711172,4.7214003,67.23468,0.45927775
1.8,0.107150316,0.15819058,4.719909,67.228546,0.46242952
1.81,0.10739134,0.1592724,4.7184153,67.222404,0.4655872
1.82,0.10763261,0.16035359,4.716917,67.216255,0.4687509
1.83,0.10787472,0.16144043,4.715419,67.21009,0.47192228
1.84,0.10811698,0.1625269,4.7139173,67.20392,0.47509885
1.85,0.10835941,0.1636181,4.7124124,67.19773,0.4782852
1.86,0.10860276,0.16471022,4.7109046,67.19153,0.48147517
1.87,0.10884656,0.16580625,4.709395,67.18532,0.4846735
1.88,0.109089926,0.16690353,4.707882,67.179085,0.487877
1.89,0.10933459,0.16800463,4.7063675,67.172844,0.49108905
1.9,0.109579876,0.16910627,4.7048492,67.16661,0.49430692
1.91,0.109824695,0.17021243,4.7033286,67.160355,0.49753302
1.92,0.11007069,0.17131872,4.7018037,67.15408,0.5007655
1.93,0.11031694,0.17242818,4.7002797,67.1478,0.5040037
1.94,0.1105632,0.17354028,4.69875,67.14152,0.50724894
1.95,0.1108106,0.17465612,4.697221,67.135216,0.51050246
1.96,0.111058496,0.17577156,4.695686,67.12891,0.51376325
1.97,0.11130682,0.17689177,4.694149,67.12256,0.517029
1.98,0.111555256,0.17801529,4.6926084,67.11623,0.52030337
1.99,0.11180464,0.17913876,4.6910663,67.10988,0.523583
2.0,0.11205379,0.18026754,4.6895213,67.10351,0.52687204
2.01,0.112303786,0.18139721,4.687974,67.09712,0.5301685
2.02,0.112554245,0.18252815,4.6864214,67.09075,0.5334684
2.03,0.11280554,0.18366325,4.6848693,67.08435,0.53677803
2.04,0.113057196,0.1848,4.683311,67.077934,0.5400951
2.05,0.11330958,0.18594065,4.681753,67.0715,0.54341793
2.06,0.11356179,0.18708333,4.6801906,67.06507,0.54674834
2.07,0.11381552,0.18822773,4.6786265,67.05864,0.55008674
2.08,0.11406854,0.18937474,4.677058,67.05218,0.55343264
2.09,0.11432309,0.19052546,4.675488,67.045715,0.55678487
2.1,0.11457795,0.1916787,4.6739144,67.03921,0.56014496
2.11,0.11483291,0.19283246,4.672338,67.03271,0.5635122
2.12,0.115088806,0.19399256,4.6707587,67.02619,0.56688786
2.13,0.11534517,0.19515297,4.669177,67.01967,0.5702701
2.14,0.1156021,0.19631445,4.6675925,67.013145,0.5736597
2.15,0.11585951,0.19747958,4.666005,67.00659,0.5770555
2.16,0.1161177,0.19864772,4.6644135,67.00003,0.58045924
2.17,0.11637619,0.19981915,4.662821,66.99345,0.5838708
2.18,0.11663562,0.20099223,4.6612244,66.98686,0.5872895
2.19,0.11689526,0.20216876,4.659624,66.98026,0.590717
2.2,0.11715565,0.20334837,4.658022,66.97365,0.5941505
2.21,0.1174168,0.20452866,4.656417,66.966995,0.5975938
2.22,0.11767794,0.20571323,4.6548095,66.960365,0.60104215
2.23,0.11793977,0.2068986,4.6531973,66.95372,0.6044994
2.24,0.11820254,0.2080898,4.651583,66.947044,0.60796404
2.25,0.118466236,0.20928337,4.6499667,66.94038,0.61143774
2.26,0.118729666,0.21047711,4.6483464,66.93366,0.6149185
2.27,0.118994266,0.21167465,4.646723,66.92696,0.61840534
2.28,0.11925906,0.21287553,4.6450973,66.92025,0.6219016
2.29,0.1195251,0.21407692,4.643469,66.9135,0.6254059
2.3,0.119791314,0.21528243,4.641836,66.90675,0.6289168
2.31,0.12005809,0.21649095,4.6402006,66.89999,0.6324351
2.32,0.12032563,0.21770309,4.6385617,66.89322,0.6359618
2.33,0.12059383,0.21891417,4.636922,66.88644,0.6394981
2.34,0.12086277,0.22013299,4.6352773,66.87963,0.6430406
2.35,0.121131636,0.22135049,4.6336303,66.87281,0.6465905
2.36,0.12140223,0.22257352,4.631979,66.86598,0.65014946
2.37,0.121673085,0.22379877,4.6303267,66.859146,0.6537163
2.38,0.1219442,0.22502431,4.628669,66.85228,0.65729135
2.39,0.12221624,0.2262556,4.6270094,66.845406,0.66087407
2.4,0.122489244,0.22748867,4.6253457,66.83851,0.6644632
2.41,0.12276213,0.22872353,4.623681,66.831604,0.66806227
2.42,0.1230367,0.229962,4.6220126,66.8247,0.6716701
2.43,0.123310946,0.23120193,4.62034,66.81777,0.6752842
2.44,0.123586364,0.23244606,4.618664,66.810814,0.6789078
2.45,0.123861946,0.23369476,4.6169868,66.803856,0.6825392
2.46,0.12413841,0.23494345,4.615306,66.7969,0.6861779
2.47,0.12441597,0.23619625,4.6136208,66.78992,0.6898268
2.48,0.12469455,0.23745055,4.6119323,66.7829,0.6934817
2.49,0.12497286,0.23870894,4.6102424,66.77588,0.69714516
2.5,0.12525222,0.2399687,4.608547,66.76885,0.70081675
2.51,0.12553233,0.24123229,4.6068506,66.761795,0.7044974
2.52,0.12581258,0.24249832,4.605149,66.754745,0.70818543
2.53,0.12609398,0.24376795,4.603447,66.747665,0.7118837
2.54,0.12637599,0.24503802,4.601739,66.74057,0.7155893
2.55,0.12665892,0.24631433,4.6000295,66.73347,0.71930164
2.56,0.12694211,0.24759327,4.5983167,66.72634,0.7230245
2.57,0.12722665,0.24887206,4.5965996,66.719215,0.72675383
2.58,0.12751177,0.25015628,4.5948806,66.71204,0.7304937
2.59,0.12779722,0.25144216,4.593158,66.70488,0.7342415
2.6,0.1280831,0.25272954,4.5914316,66.69771,0.73799753
2.61,0.12837057,0.25402188,4.5897026,66.690506,0.74176246
2.62,0.12865809,0.25531542,4.5879693,66.6833,0.7455353
2.63,0.12894693,0.25661296,4.586234,66.67608,0.74931526
2.64,0.1292358,0.257913,4.5844955,66.668816,0.7531056
2.65,0.12952563,0.25921467,4.5827527,66.66155,0.7569053
2.66,0.12981626,0.26052123,4.581007,66.6543,0.7607118
2.67,0.1301075,0.2618303,4.5792584,66.646996,0.76452714
2.68,0.1303995,0.26314166,4.5775065,66.63969,0.7683517
2.69,0.13069212,0.26445526,4.575751,66.63237,0.7721845
2.7,0.13098556,0.2657739,4.573993,66.62502,0.7760248
2.71,0.13127986,0.26709294,4.572232,66.61768,0.77987576
2.72,0.13157493,0.26841572,4.570466,66.61032,0.7837351
2.73,0.13187084,0.2697418,4.5686975,66.60294,0.7876031
2.74,0.13216686,0.27107006,4.566925,66.59554,0.7914792
2.75,0.1324647,0.27240252,4.5651503,66.58814,0.7953645
2.76,0.13276245,0.2737357,4.5633717,66.58071,0.7992576
2.77,0.13306105,0.27507305,4.561591,66.573265,0.80316126
2.78,0.13336071,0.27641314,4.559806,66.5658,0.80707175
2.79,0.13366032,0.27775502,4.5580173,66.55833,0.8109921
2.8,0.13396162,0.27910137,4.556225,66.55084,0.81492037
2.81,0.13426319,0.2804521,4.55443,66.54331,0.81886005
2.82,0.13456592,0.28180134,4.552633,66.535805,0.82280546
2.83,0.13486893,0.28315735,4.55083,66.52827,0.82676226
2.84,0.13517328,0.2845145,4.5490246,66.520706,0.8307266
2.85,0.13547757,0.28587425,4.5472174,66.51314,0.83470047
2.86,0.13578328,0.28723696,4.5454063,66.50555,0.83868206
2.87,0.13608961,0.28860283,4.5435905,66.49795,0.84267354
2.88,0.13639669,0.28997207,4.541772,66.49032,0.84667516
2.89,0.13670431,0.2913465,4.5399494,66.48268,0.8506844
2.9,0.13701294,0.29271787,4.538124,66.47501,0.85470176
2.91,0.13732232,0.29409567,4.536294,66.46736,0.8587297
2.92,0.1376324,0.2954778,4.5344634,66.45967,0.86276716
2.93,0.13794348,0.29686114,4.532628,66.45197,0.8668127
2.94,0.1382552,0.29824755,4.53079,66.44425,0.87086743
2.95,0.13856721,0.29963735,4.528947,66.43649,0.8749323
2.96,0.13888124,0.3010301,4.5271015,66.42875,0.87900466
2.97,0.13919498,0.30242398,4.5252523,66.42098,0.8830875
2.98,0.13951,0.3038232,4.5234003,66.41319,0.88717794
2.99,0.1398252,0.30522317,4.5215445,66.40538,0.8912787
3.0,0.140142,0.3066278,4.5196857,66.39756,0.8953884
3.01,0.14045948,0.30803645,4.517823,66.389725,0.8995079
3.02,0.14077714,0.30944484,4.5159564,66.38187,0.9036356
3.03,0.14109638,0.31085873,4.514088,66.37401,0.9077731
3.04,0.1414158,0.3122738,4.5122147,66.366104,0.9119203
3.05,0.14173597,0.31369412,4.510339,66.35821,0.9160749
3.06,0.1420573,0.31511497,4.5084586,66.35028,0.92024213
3.07,0.14237937,0.31653893,4.506575,66.34235,0.9244167
3.08,0.1427021,0.31796587,4.5046883,66.33438,0.9285993
3.09,0.14302568,0.319398,4.502799,66.32641,0.9327923
3.1,0.1433503,0.32083085,4.5009046,66.31841,0.9369954
3.11,0.14367518,0.3222689,4.499008,66.310425,0.9412079
3.12,0.14400157,0.32370743,4.497106,66.30239,0.94542915
3.13,0.14432856,0.32515112,4.495202,66.29436,0.949661
3.14,0.14465615,0.32659465,4.493295,66.28629,0.9539004
3.15,0.14498442,0.3280436,4.4913845,66.27823,0.9581502
3.16,0.14531374,0.32949567,4.48947,66.270134,0.96241015
3.17,0.14564395,0.33095,4.487552,66.26203,0.96667904
3.18,0.14597473,0.33240706,4.485631,66.25391,0.9709582
3.19,0.14630657,0.3338681,4.483706,66.24575,0.9752454
3.2,0.1466392,0.33533132,4.481776,66.237595,0.97954255
3.21,0.14697301,0.33679843,4.4798455,66.22941,0.98385
3.22,0.14730698,0.33826876,4.4779096,66.221214,0.98816615
3.23,0.14764224,0.33974087,4.4759703,66.213005,0.9924922
3.24,0.14797834,0.34121335,4.4740286,66.20477,0.9968276
3.25,0.14831513,0.34269407,4.472082,66.19651,1.0011735
3.26,0.14865297,0.34417558,4.470133,66.18825,1.0055295
3.27,0.14899072,0.34565908,4.46818,66.17995,1.0098944
3.28,0.14933059,0.34714812,4.4662237,66.17166,1.0142694
3.29,0.14967033,0.34863916,4.464264,66.163345,1.0186538
3.3,0.15001163,0.3501323,4.4622993,66.155014,1.0230476
3.31,0.15035364,0.35163113,4.4603314,66.146645,1.0274522
3.32,0.15069637,0.35312888,4.4583616,66.13827,1.0318643
3.33,0.15103967,0.35463104,4.4563866,66.12988,1.0362881
3.34,0.15138388,0.35613692,4.4544086,66.121475,1.0407219
3.35,0.15172914,0.35764638,4.452427,66.113045,1.0451653
3.36,0.15207534,0.35915795,4.4504423,66.10458,1.0496172
3.37,0.15242249,0.36067566,4.448453,66.09614,1.0540798
3.38,0.15277074,0.36219305,4.446461,66.087654,1.0585527
3.39,0.15311906,0.36371362,4.444465,66.07915,1.063034
3.4,0.1534686,0.36523807,4.442466,66.07063,1.0675268
3.41,0.15381901,0.3667668,4.4404626,66.062096,1.0720298
3.42,0.15417041,0.36829716,4.4384565,66.05353,1.0765427
3.43,0.15452302,0.36982983,4.436445,66.04496,1.081065
3.44,0.15487584,0.37136716,4.4344316,66.03638,1.085597
3.45,0.15522993,0.3729078,4.432415,66.02777,1.0901401
3.46,0.15558451,0.37445197,4.430394,66.01915,1.0946927
3.47,0.15594026,0.37599844,4.4283686,66.01048,1.099255
3.48,0.15629634,0.37754574,4.4263406,66.00183,1.1038262
3.49,0.15665388,0.37909994,4.424309,65.99315,1.108411
3.5,0.15701221,0.38065457,4.4222727,65.98444,1.1130024
3.51,0.15737137,0.3822132,4.4202337,65.975716,1.1176047
3.52,0.15773149,0.38377535,4.4181905,65.96698,1.122219
3.53,0.15809211,0.38534087,4.416145,65.95821,1.126843
3.54,0.15845388,0.38690847,4.4140935,65.94945,1.1314747
3.55,0.15881711,0.3884797,4.41204,65.94064,1.136119
3.56,0.15918049,0.39005536,4.4099827,65.93183,1.1407728
3.57,0.15954542,0.39163348,4.4079223,65.923,1.1454376
3.58,0.15991044,0.3932141,4.4058557,65.91415,1.1501111
3.59,0.16027656,0.39479792,4.4037876,65.905266,1.1547971
3.6,0.160644,0.39638487,4.4017153,65.89638,1.1594898
3.61,0.16101204,0.3979777,4.39964,65.88747,1.164197
3.62,0.1613808,0.39957014,4.3975596,65.87855,1.1689128
3.63,0.16175155,0.40116754,4.395476,65.869606,1.1736389
3.64,0.1621218,0.40276852,4.39339,65.86063,1.1783743
3.65,0.16249368,0.40437213,4.3913,65.85164,1.1831216
3.66,0.16286647,0.4059786,4.3892055,65.842636,1.1878792
3.67,0.16323975,0.40758875,4.387107,65.83362,1.1926476
3.68,0.16361444,0.4092022,4.3850055,65.82458,1.1974261
3.69,0.16399017,0.41081822,4.3828993,65.81551,1.2022135
3.7,0.16436633,0.41243967,4.3807898,65.80642,1.2070134
3.71,0.16474336,0.41406187,4.378678,65.79732,1.211824
3.72,0.16512167,0.4156884,4.3765597,65.7882,1.2166448
3.73,0.16550043,0.41731766,4.3744392,65.77905,1.2214761
3.74,0.16588092,0.41895103,4.372315,65.7699,1.2263165
3.75,0.16626185,0.42058706,4.3701878,65.76072,1.2311699
3.76,0.16664374,0.4222269,4.368056,65.75151,1.2360317
3.77,0.16702631,0.42387092,4.36592,65.742294,1.2409054
3.78,0.1674105,0.425518,4.36378,65.73307,1.2457902
3.79,0.16779533,0.42716685,4.361638,65.72379,1.2506853
3.8,0.1681807,0.42881918,4.359492,65.714516,1.2555902
3.81,0.16856721,0.43047643,4.35734,65.70522,1.2605062
3.82,0.16895524,0.43213534,4.3551865,65.6959,1.2654331
3.83,0.16934353,0.43379852,4.353028,65.68658,1.2703707
3.84,0.16973317,0.43546656,4.350865,65.677216,1.2753202
3.85,0.17012373,0.43713588,4.348699,65.66782,1.2802796
3.86,0.17051545,0.43880886,4.3465304,65.65844,1.2852496
3.87,0.1709075,0.44048527,4.344357,65.649025,1.2902305
3.88,0.17130083,0.44216627,4.3421793,65.63958,1.2952232
3.89,0.1716952,0.4438511,4.339998,65.63012,1.3002264
3.9,0.17209056,0.4455369,4.3378134,65.620636,1.3052413
3.91,0.17248696,0.44722822,4.3356256,65.61115,1.3102658
3.92,0.17288381,0.4489211,4.3334312,65.60163,1.3153023
3.93,0.17328218,0.45061833,4.331236,65.592094,1.320349
3.94,0.17368138,0.45231968,4.3290353,65.58253,1.3254069
3.95,0.17408195,0.45402342,4.326831,65.57295,1.3304766
3.96,0.1744827,0.4557324,4.3246236,65.563354,1.3355551
3.97,0.17488441,0.45744452,4.322412,65.55374,1.3406469
3.98,0.17528784,0.45915875,4.3201947,65.5441,1.3457497
3.99,0.1756922,0.46087557,4.317976,65.53444,1.3508618
4.0,0.17609742,0.46259907,4.315752,65.52475,1.3559873
4.01,0.1765027,0.46432406,4.3135247,65.51505,1.361123
4.02,0.17691007,0.46605304,4.311293,65.50533,1.3662705
4.03,0.17731804,0.46778575,4.309058,65.495575,1.3714286
4.04,0.17772755,0.46952155,4.306821,65.48581,1.3765984
4.05,0.17813766,0.47126156,4.3045764,65.47603,1.3817793
4.06,0.17854878,0.47300538,4.3023286,65.466225,1.3869712
4.07,0.17896107,0.47475085,4.3000784,65.4564,1.3921752
4.08,0.17937368,0.4765032,4.2978244,65.44656,1.3973889
4.09,0.17978841,0.47825754,4.295565,65.43669,1.4026159
4.1,0.18020323,0.48001492,4.293302,65.426796,1.4078536
4.11,0.1806196,0.48177636,4.291036,65.416885,1.413102
4.12,0.18103698,0.483539,4.2887654,65.40695,1.4183612
4.13,0.1814551,0.4853093,4.286491,65.39699,1.4236332
4.14,0.18187448,0.48708123,4.2842126,65.38702,1.4289172
4.15,0.18229482,0.48885688,4.28193,65.37702,1.4342124
4.16,0.18271646,0.49063638,4.2796445,65.36701,1.4395174
4.17,0.18313855,0.49241936,4.277352,65.35697,1.444836
4.18,0.18356162,0.49420747,4.2750583,65.34692,1.4501661
4.19,0.18398684,0.49599722,4.27276,65.33682,1.455506
4.2,0.18441209,0.49779198,4.270458,65.32671,1.4608591
4.21,0.18483892,0.49959135,4.2681518,65.316605,1.4662242
4.22,0.18526638,0.5013933,4.265841,65.30646,1.4715996
4.23,0.18569496,0.5031997,4.263527,65.29629,1.476988
4.24,0.18612465,0.5050087,4.2612095,65.286095,1.482387
4.25,0.1865556,0.50682163,4.2588863,65.27589,1.4877989
4.26,0.18698782,0.50863826,4.25656,65.26565,1.4932208
4.27,0.18742058,0.51046073,4.25423,65.2554,1.4986571
4.28,0.18785441,0.5122856,4.251896,65.245125,1.5041025
4.29,0.18828994,0.5141126,4.2495575,65.234825,1.5095611
4.3,0.18872574,0.51594615,4.2472143,65.2245,1.5150313
4.31,0.18916354,0.5177829,4.2448673,65.21415,1.5205141
4.32,0.18960148,0.5196227,4.2425165,65.2038,1.5260072
4.33,0.19004092,0.5214654,4.240163,65.19342,1.5315133
4.34,0.19048178,0.5233138,4.237804,65.18301,1.5370324
4.35,0.19092357,0.5251659,4.235441,65.17258,1.5425618
4.36,0.1913662,0.5270226,4.2330747,65.16211,1.5481037
4.37,0.19181004,0.52888167,4.2307034,65.151634,1.5536579
4.38,0.19225448,0.53074557,4.2283287,65.14114,1.5592241
4.39,0.19270074,0.5326123,4.2259493,65.130615,1.5648017
4.4,0.19314763,0.5344839,4.2235665,65.12008,1.5703927
4.41,0.193596,0.53635883,4.2211785,65.10952,1.5759952
4.42,0.19404566,0.5382394,4.2187877,65.09894,1.5816091
4.43,0.19449604,0.54012203,4.2163916,65.08831,1.5872363
4.44,0.19494775,0.54201007,4.213992,65.07768,1.5928757
4.45,0.19540036,0.54390144,4.211589,65.067024,1.5985262
4.46,0.1958543,0.54579645,4.209181,65.05636,1.6041894
4.47,0.19630918,0.5476955,4.2067695,65.04565,1.6098657
4.48,0.1967654,0.54960024,4.204352,65.03492,1.6155537
4.49,0.19722241,0.55150694,4.201932,65.02418,1.6212535
4.5,0.19768074,0.5534197,4.199508,65.01342,1.6269678
4.51,0.19814056,0.5553349,4.1970787,65.00262,1.6326926
4.52,0.19860098,0.5572552,4.194646,64.991806,1.6384299
4.53,0.19906303,0.5591778,4.1922083,64.98096,1.6441811
4.54,0.19952607,0.5611065,4.1897674,64.97011,1.6499428
4.55,0.19999021,0.56303895,4.1873217,64.959206,1.6557186
4.56,0.20045573,0.5649761,4.184873,64.94831,1.661506
4.57,0.20092148,0.5669158,4.18242,64.937386,1.6673049
4.58,0.20138943,0.5688597,4.1799607,64.92642,1.6731168
4.59,0.20185861,0.57081056,4.177499,64.91546,1.6789433
4.6,0.20232859,0.57276255,4.175032,64.90445,1.6847816
4.61,0.20279938,0.5747206,4.172562,64.89342,1.6906314
4.62,0.20327199,0.5766824,4.1700883,64.88238,1.6964929
4.63,0.20374528,0.57864815,4.1676083,64.8713,1.7023712
4.64,0.20421997,0.58061767,4.165125,64.86021,1.70826
4.65,0.20469594,0.5825925,4.1626368,64.84909,1.7141609
4.66,0.20517322,0.58457136,4.1601458,64.837944,1.7200752
4.67,0.20565102,0.58655435,4.1576495,64.82678,1.7260017
4.68,0.20613036,0.5885409,4.155149,64.81559,1.7319422
4.69,0.20661154,0.5905325,4.1526446,64.804375,1.7378945
4.7,0.20709333,0.59252954,4.1501355,64.793144,1.7438608
4.71,0.20757669,0.59453064,4.1476226,64.781876,1.74984
4.72,0.20806095,0.59653544,4.145105,64.770584,1.7558309
4.73,0.2085461,0.59854364,4.142584,64.75928,1.7618341
4.74,0.20903295,0.6005576,4.1400576,64.74794,1.7678525
4.75,0.20952073,0.60257477,4.137528,64.73658,1.7738812
4.76,0.21001044,0.6045977,4.134993,64.725204,1.7799265
4.77,0.21050078,0.606625,4.1324553,64.7138,1.7859831
4.78,0.21099246,0.608657,4.1299114,64.70237,1.7920531
4.79,0.21148533,0.61069083,4.127364,64.6909,1.7981355
4.8,0.21197918,0.61273307,4.1248116,64.67943,1.8042312
4.81,0.21247497,0.61477554,4.1222563,64.66793,1.8103409
4.82,0.21297166,0.616826,4.1196966,64.6564,1.8164631
4.83,0.21346915,0.6188792,4.117131,64.64485,1.8225983
4.84,0.2139687,0.6209382,4.114562,64.63326,1.8287488
4.85,0.21446934,0.62300014,4.111989,64.621666,1.8349096
4.86,0.2149705,0.6250679,4.109411,64.61004,1.8410857
4.87,0.21547368,0.6271404,4.1068287,64.59838,1.8472748
4.88,0.21597812,0.6292168,4.1042423,64.58671,1.8534766
4.89,0.21648332,0.63129735,4.101651,64.575005,1.8596916
4.9,0.21699032,0.63338363,4.0990562,64.56326,1.8659211
4.91,0.21749824,0.6354743,4.096457,64.55152,1.8721644
4.92,0.21800727,0.63757,4.0938525,64.539734,1.8784201
4.93,0.21851802,0.6396685,4.091244,64.52795,1.8846899
4.94,0.21903035,0.64177436,4.088631,64.516106,1.8909733
4.95,0.21954307,0.6438828,4.086014,64.50427,1.8972696
4.96,0.22005755,0.64599824,4.083393,64.49238,1.9035789
4.97,0.2205737,0.6481163,4.080767,64.48048,1.9099039
4.98,0.22109076,0.65023935,4.078137,64.46855,1.9162413
4.99,0.22160879,0.6523684,4.0755014,64.4566,1.9225931
5.0,0.2221289,0.65450054,4.0728626,64.44462,1.9289571
5.01,0.22265029,0.6566386,4.0702186,64.43261,1.9353377
5.02,0.22317249,0.65878034,4.06757,64.420586,1.9417298
5.03,0.223696,0.66092765,4.064918,64.40853,1.9481359
5.04,0.22422111,0.6630806,4.062261,64.39645,1.9545552
5.05,0.22474724,0.66523784,4.0596,64.38433,1.9609903
5.06,0.22527543,0.66740036,4.056934,64.372185,1.9674386
5.07,0.22580427,0.6695671,4.054264,64.36003,1.9738997
5.08,0.22633475,0.6717384,4.0515895,64.34786,1.9803761
5.09,0.22686654,0.67391396,4.048909,64.33564,1.9868659
5.1,0.22739926,0.6760976,4.046225,64.3234,1.9933697
5.11,0.22793415,0.6782838,4.043537,64.31113,1.9998881
5.12,0.22846985,0.68047535,4.0408444,64.29884,2.0064197
5.13,0.22900698,0.6826741,4.0381474,64.28654,2.0129652
5.14,0.22954544,0.6848737,4.035445,64.274185,2.019527
5.15,0.23008537,0.6870801,4.032739,64.26182,2.026101
5.16,0.23062691,0.6892924,4.0300283,64.24943,2.03269
5.17,0.23116976,0.6915089,4.027313,64.237,2.0392911
5.18,0.23171374,0.6937293,4.024594,64.22455,2.0459101
5.19,0.23225883,0.6959563,4.0218687,64.212074,2.0525408
5.2,0.23280591,0.6981901,4.0191407,64.19957,2.0591872
5.21,0.23335442,0.70042586,4.016407,64.18704,2.0658455
5.22,0.2339043,0.702668,4.0136695,64.17448,2.0725198
5.23,0.23445514,0.7049149,4.0109267,64.161896,2.0792098
5.24,0.23500773,0.70716834,4.00818,64.14929,2.085913
5.25,0.23556185,0.70942515,4.005429,64.13667,2.0926292
5.26,0.23611712,0.7116885,4.0026727,64.12401,2.0993626
5.27,0.23667338,0.7139561,3.9999118,64.11132,2.1061096
5.28,0.237232,0.7162303,3.9971461,64.098595,2.112871
5.29,0.23779118,0.7185079,3.9943767,64.085846,2.1196475
5.3,0.23835248,0.7207915,3.991602,64.073074,2.1264372
5.31,0.23891479,0.7230811,3.988824,64.06029,2.1332417
5.32,0.23947886,0.7253754,3.9860396,64.04747,2.1400616
5.33,0.24004415,0.72767544,3.983252,64.034615,2.1468968
5.34,0.24061057,0.72997946,3.9804602,64.021736,2.1537454
5.35,0.24117959,0.73229074,3.9776626,64.00882,2.160609
5.36,0.24174899,0.7346059,3.9748597,63.995876,2.1674888
5.37,0.24231967,0.7369261,3.972054,63.98292,2.1743824
5.38,0.24289265,0.7392524,3.9692426,63.969925,2.1812909
5.39,0.24346688,0.74158597,3.9664273,63.956917,2.1882143
5.4,0.24404258,0.74392307,3.9636068,63.94388,2.1951523
5.41,0.2446194,0.74626493,3.960782,63.930798,2.202106
5.42,0.24519807,0.748614,3.9579525,63.917698,2.2090735
5.43,0.2457779,0.75096726,3.9551187,63.904564,2.2160575
5.44,0.2463595,0.75332683,3.95228,63.89141,2.2230554
5.45,0.24694252,0.75569046,3.9494362,63.878223,2.230069
5.46,0.24752676,0.75806093,3.9465885,63.865,2.2370975
5.47,0.24811292,0.76043725,3.943736,63.85176,2.2441404
5.48,0.24870095,0.7628183,3.940878,63.838497,2.2511995
5.49,0.24928996,0.76520526,3.938016,63.82519,2.2582748
5.5,0.24987999,0.7675983,3.9351497,63.811874,2.265364
5.51,0.25047213,0.76999676,3.9322777,63.79853,2.2724686
5.52,0.2510661,0.7723996,3.9294019,63.785137,2.2795873
5.53,0.25166097,0.7748091,3.9265218,63.771717,2.2867224
5.54,0.2522577,0.7772249,3.9236364,63.758286,2.2938738
5.55,0.2528562,0.7796459,3.9207458,63.74482,2.3010402
5.56,0.2534558,0.7820718,3.9178514,63.73131,2.3082206
5.57,0.2540569,0.78450334,3.9149516,63.717793,2.3154182
5.58,0.25465986,0.78694177,3.9120474,63.704235,2.3226306
5.59,0.25526434,0.7893851,3.9091392,63.690643,2.3298588
5.6,0.2558704,0.79183507,3.9062254,63.67704,2.3371017
5.61,0.25647748,0.79429007,3.9033067,63.663403,2.3443608
5.62,0.2570865,0.79675174,3.9003847,63.649715,2.3516352
5.63,0.25769728,0.7992195,3.8974574,63.636017,2.3589265
5.64,0.25830927,0.8016898,3.8945246,63.622295,2.366231
5.65,0.25892326,0.8041698,3.8915873,63.608532,2.3735545
5.66,0.25953868,0.806654,3.8886464,63.59475,2.380891
5.67,0.26015562,0.80914474,3.8856988,63.580936,2.3882456
5.68,0.2607745,0.8116424,3.882748,63.56708,2.3956153
5.69,0.26139465,0.8141427,3.879791,63.5532,2.403
5.7,0.26201642,0.81665206,3.8768308,63.539295,2.4104004
5.71,0.26263988,0.81916636,3.8738656,63.525364,2.417816
5.72,0.2632645,0.8216865,3.8708959,63.511395,2.4252498
5.73,0.26389146,0.824213,3.8679206,63.4974,2.4326997
5.74,0.26451972,0.8267454,3.8649406,63.48338,2.440164
5.75,0.26514918,0.8292832,3.861956,63.469326,2.447645
5.76,0.26578075,0.8318283,3.8589673,63.455235,2.4551423
5.77,0.26641402,0.8343791,3.8559728,63.441116,2.4626553
5.78,0.2670487,0.8369355,3.8529742,63.426975,2.4701846
5.79,0.2676853,0.8394986,3.8499703,63.412807,2.4777298
5.8,0.26832312,0.8420671,3.8469627,63.39861,2.4852924
5.81,0.2689629,0.844641,3.843949,63.384365,2.4928694
5.82,0.26960406,0.84722304,3.8409312,63.3701,2.5004647
5.83,0.2702468,0.8498104,3.837909,63.35581,2.5080752
5.84,0.27089205,0.8524051,3.8348806,63.341488,2.5157025
5.85,0.2715381,0.8550048,3.8318484,63.327118,2.5233457
5.86,0.27218604,0.8576101,3.828812,63.312737,2.5310054
5.87,0.27283576,0.8602243,3.8257694,63.298313,2.5386822
5.88,0.27348727,0.86284155,3.8227222,63.283867,2.546375
5.89,0.2741402,0.865468,3.8196714,63.269394,2.5540843
5.9,0.27479485,0.86809826,3.816615,63.25487,2.5618098
5.91,0.27545103,0.87073594,3.8135543,63.24034,2.5695536
5.92,0.27610943,0.87338066,3.8104877,63.225758,2.5773137
5.93,0.27676955,0.8760314,3.8074167,63.21117,2.5850892
5.94,0.27743077,0.878687,3.8043416,63.19653,2.5928824
5.95,0.2780941,0.8813516,3.8012614,63.181866,2.6006894
5.96,0.27875912,0.88401985,3.798176,63.16716,2.6085162
5.97,0.27942583,0.886698,3.7950857,63.152435,2.616359
5.98,0.28009412,0.889379,3.7919912,63.137688,2.6242194
5.99,0.28076395,0.8920691,3.7888918,63.12288,2.6320968
6.0,0.2814361,0.89476466,3.7857862,63.10806,2.6399896
6.01,0.28210962,0.8974663,3.7826767,63.093216,2.6479008
6.02,0.28278524,0.9001763,3.7795627,63.07833,2.6558287
6.03,0.2834624,0.9028903,3.7764437,63.063416,2.6637733
6.04,0.28414118,0.9056132,3.77332,63.048462,2.671734
6.05,0.28482172,0.908342,3.7701907,63.03349,2.6797132
6.06,0.2855042,0.9110775,3.7670581,63.01847,2.6877096
6.07,0.28618857,0.9138199,3.763919,63.00344,2.6957219
6.08,0.28687444,0.91656816,3.7607758,62.988358,2.7037544
6.09,0.28756166,0.9193238,3.757627,62.97324,2.7118013
6.1,0.28825188,0.9220854,3.754474,62.9581,2.7198665
6.11,0.28894272,0.9248557,3.751316,62.94294,2.7279482
6.12,0.2896358,0.9276295,3.7481523,62.92774,2.7360482
6.13,0.29033044,0.9304137,3.744985,62.91249,2.744166
6.14,0.29102767,0.9332011,3.7418127,62.897205,2.7522995
6.15,0.29172593,0.9359977,3.7386353,62.881916,2.7604513
6.16,0.29242617,0.9388013,3.7354531,62.86659,2.7686193
6.17,0.29312873,0.94161046,3.7322655,62.85122,2.7768073
6.18,0.29383275,0.9444269,3.729073,62.835823,2.785013
6.19,0.29453793,0.9472506,3.7258766,62.82039,2.7932332
6.2,0.29524565,0.9500811,3.7226741,62.804928,2.8014736
6.21,0.2959552,0.95291877,3.7194676,62.78943,2.8097312
6.22,0.29666662,0.9557631,3.7162557,62.773903,2.8180065
6.23,0.29737976,0.9586152,3.7130392,62.75833,2.8262994
6.24,0.2980944,0.9614725,3.7098181,62.742744,2.8346097
6.25,0.29881126,0.9643389,3.7065914,62.7271,2.84294
6.26,0.2995298,0.96721065,3.7033594,62.711445,2.851285
6.27,0.30025056,0.97009027,3.700123,62.695747,2.8596504
6.28,0.30097333,0.972978,3.696882,62.68002,2.8680332
6.29,0.30169746,0.9758707,3.6936367,62.664265,2.8764322
6.3,0.3024237,0.9787724,3.6903856,62.648464,2.8848517
6.31,0.30315146,0.9816791,3.6871297,62.632626,2.8932867
6.32,0.30388144,0.98459506,3.683868,62.616768,2.9017425
6.33,0.30461282,0.9875171,3.6806033,62.600876,2.9102154
6.34,0.30534694,0.99044704,3.6773324,62.58494,2.9187055
6.35,0.30608198,0.9933846,3.674057,62.56898,2.927214
6.36,0.30681965,0.996328,3.670776,62.552975,2.9357417
6.37,0.30755922,0.9992801,3.6674914,62.53695,2.9442863
6.38,0.3083003,1.0022372,3.6642003,62.520885,2.95285
6.39,0.30904362,1.0052046,3.6609058,62.504765,2.9614334
6.4,0.30978906,1.0081761,3.6576047,62.488644,2.9700344
6.41,0.31053612,1.0111573,3.6542997,62.472485,2.9786527
6.42,0.31128457,1.0141455,3.6509907,62.456287,2.9872906
6.43,0.31203604,1.0171407,3.6476753,62.440037,2.9959464
6.44,0.312789,1.0201443,3.6443555,62.42376,3.0046215
6.45,0.31354386,1.0231541,3.6410303,62.407463,3.013315
6.46,0.31430078,1.0261708,3.637701,62.391125,3.022025
6.47,0.31505924,1.0291977,3.6343658,62.374744,3.0307565
6.48,0.31581965,1.0322288,3.6310263,62.358337,3.0395055
6.49,0.31658265,1.0352688,3.627682,62.34189,3.0482728
6.5,0.31734747,1.0383171,3.624332,62.32541,3.0570602
6.51,0.31811398,1.0413731,3.6209767,62.3089,3.0658667
6.52,0.31888276,1.0444372,3.6176171,62.292355,3.074691
6.53,0.31965294,1.0475062,3.6142538,62.27577,3.0835335
6.54,0.3204261,1.0505847,3.6108842,62.25914,3.0923953
6.55,0.32120043,1.0536704,3.60751,62.242493,3.1012762
6.56,0.32197714,1.0567633,3.604131,62.225796,3.1101758
6.57,0.3227557,1.0598649,3.6007469,62.209076,3.1190956
6.58,0.3235369,1.062975,3.5973573,62.192307,3.1280348
6.59,0.32431912,1.0660905,3.5939636,62.17552,3.1369917
6.6,0.32510352,1.0692136,3.5905645,62.158684,3.1459672
6.61,0.3258902,1.072347,3.587161,62.141823,3.154963
6.62,0.32667905,1.0754876,3.583752,62.124916,3.1639779
6.63,0.32746983,1.0786349,3.580337,62.10798,3.1730118
6.64,0.32826257,1.0817896,3.5769188,62.091,3.1820652
6.65,0.32905746,1.0849535,3.5734951,62.073994,3.191138
6.66,0.32985437,1.0881252,3.5700662,62.05694,3.2002313
6.67,0.3306533,1.091305,3.5666318,62.039856,3.2093437
6.68,0.3314542,1.0944909,3.5631943,62.022736,3.218473
6.69,0.33225763,1.0976871,3.5597498,62.00559,3.2276258
6.7,0.333063,1.1008893,3.5563006,61.9884,3.2367945
6.71,0.33387014,1.1041005,3.5528474,61.971176,3.2459843
6.72,0.33467916,1.107321,3.5493898,61.953903,3.2551951
6.73,0.33549058,1.110547,3.5459256,61.936607,3.2644231
6.74,0.33630422,1.1137824,3.5424576,61.91926,3.2736728
6.75,0.33711964,1.1170274,3.5389845,61.90189,3.282941
6.76,0.33793774,1.1202778,3.535506,61.884495,3.29223
6.77,0.33875746,1.1235372,3.5320222,61.867046,3.3015368
6.78,0.33957878,1.1268057,3.528534,61.849567,3.3108666
6.79,0.340403,1.1300824,3.5250413,61.83205,3.320214
6.8,0.3412293,1.1333666,3.5215437,61.81449,3.329583
6.81,0.34205794,1.136659,3.5180407,61.796886,3.3389707
6.82,0.34288806,1.1399585,3.5145316,61.77925,3.3483784
6.83,0.34372076,1.143268,3.5110195,61.76159,3.3578055
6.84,0.3445553,1.146585,3.5075006,61.74388,3.3672547
6.85,0.34539196,1.14991,3.5039783,61.72614,3.3767233
6.86,0.34623095,1.1532433,3.5004506,61.708366,3.3862104
6.87,0.34707227,1.1565871,3.4969172,61.690548,3.3957198
6.88,0.3479153,1.1599375,3.493379,61.6727,3.4052496
6.89,0.34876123,1.1632948,3.4898372,61.654797,3.414799
6.9,0.34960854,1.1666625,3.4862897,61.63686,3.4243674
6.91,0.35045835,1.1700398,3.4827363,61.61891,3.43396
6.92,0.35131046,1.1734229,3.479179,61.600887,3.443568
6.93,0.35216454,1.1768161,3.4756167,61.582848,3.4531977
6.94,0.35302073,1.1802185,3.472049,61.564774,3.4628525
6.95,0.3538794,1.1836269,3.4684765,61.54665,3.4725237
6.96,0.35474047,1.1870456,3.4648993,61.528484,3.4822164
6.97,0.35560304,1.1904728,3.4613168,61.510303,3.491929
6.98,0.35646787,1.1939069,3.4577293,61.49206,3.5016625
6.99,0.3573362,1.1973529,3.454137,61.47378,3.511418
7.0,0.3582057,1.2008046,3.4505398,61.455482,3.5211933
7.01,0.35907733,1.2042674,3.4469388,61.437134,3.5309892
7.02,0.3599517,1.2077377,3.4433308,61.41874,3.5408058
7.03,0.36082795,1.2112161,3.4397192,61.400314,3.5506446
7.04,0.3617066,1.2147024,3.436102,61.381847,3.5605028
7.05,0.36258745,1.2182,3.4324808,61.363346,3.5703826
7.06,0.3634703,1.2217046,3.428854,61.344795,3.580283
7.07,0.36435562,1.2252183,3.4252229,61.326214,3.590204
7.08,0.36524326,1.2287416,3.4215856,61.307594,3.600148
7.09,0.36613318,1.2322736,3.417944,61.28893,3.6101122
7.1,0.36702526,1.2358131,3.414297,61.27023,3.6200964
7.11,0.36792013,1.2393621,3.4106452,61.251495,3.6301029
7.12,0.36881632,1.2429216,3.4069896,61.23272,3.64013
7.13,0.36971557,1.2464886,3.4033277,61.213894,3.6501794
7.14,0.37061673,1.2500651,3.3996618,61.195038,3.6602488
7.15,0.3715203,1.25365,3.3959906,61.17614,3.6703408
7.16,0.37242624,1.257245,3.392315,61.157207,3.6804533
7.17,0.3733348,1.2608482,3.3886337,61.138218,3.6905885
7.18,0.37424484,1.26446,3.384948,61.119217,3.7007434
7.19,0.37515807,1.268082,3.381257,61.10016,3.710922
7.2,0.37607315,1.2717139,3.377561,61.08105,3.7211199
7.21,0.37699056,1.2753513,3.3738606,61.06192,3.73134
7.22,0.37791044,1.2790015,3.370155,61.042747,3.7415826
7.23,0.3788326,1.2826592,3.3664446,61.023525,3.7518456
7.24,0.3797572,1.2863263,3.3627305,61.004284,3.7621307
7.25,0.38068402,1.2900028,3.3590095,60.98499,3.7724397
7.26,0.3816134,1.2936877,3.3552845,60.965637,3.7827682
7.27,0.3825446,1.297384,3.3515553,60.946262,3.7931173
7.28,0.38347897,1.3010888,3.34782,60.92685,3.8034928
7.29,0.38441524,1.3048011,3.3440795,60.907387,3.813887
7.3,0.3853544,1.3085251,3.3403358,60.887894,3.8243036
7.31,0.38629484,1.3122559,3.3365865,60.86834,3.8347406
7.32,0.3872388,1.3159984,3.3328314,60.848778,3.8452024
7.33,0.38818488,1.3197501,3.3290715,60.82914,3.8556857
7.34,0.38913253,1.3235103,3.3253083,60.809483,3.866189
7.35,0.39008358,1.3272799,3.3215399,60.789776,3.876717
7.36,0.39103666,1.3310595,3.3177652,60.77003,3.8872664
7.37,0.39199182,1.3348476,3.3139863,60.75026,3.897837
7.38,0.3929501,1.3386481,3.3102028,60.730434,3.9084325
7.39,0.3939101,1.3424548,3.3064153,60.710552,3.9190464
7.4,0.39487335,1.346274,3.3026211,60.69064,3.9296865
7.41,0.3958382,1.3501011,3.298823,60.670696,3.9403465
7.42,0.39680585,1.3539377,3.29502,60.650707,3.9510303
7.43,0.39777586,1.357784,3.2912128,60.630657,3.9617364
7.44,0.3987486,1.3616402,3.2874007,60.610603,3.9724624
7.45,0.39972365,1.3655064,3.2835827,60.59045,3.9832153
7.46,0.40070125,1.3693827,3.2797604,60.5703,3.9939888
7.47,0.40168053,1.3732685,3.2759337,60.55011,4.004785
7.48,0.40266326,1.377164,3.2721019,60.529858,4.015603
7.49,0.40364823,1.3810691,3.268265,60.50958,4.026446
7.5,0.4046356,1.3849834,3.2644231,60.489246,4.0373096
7.51,0.4056254,1.3889085,3.2605772,60.468876,4.0481954
7.52,0.40661764,1.3928441,3.2567253,60.448456,4.0591073
7.53,0.4076124,1.3967873,3.2528696,60.428,4.07004
7.54,0.40860978,1.4007422,3.249009,60.4075,4.080995
7.55,0.40960953,1.4047056,3.245144,60.386955,4.0919733
7.56,0.41061196,1.4086802,3.2412732,60.366383,4.1029763
7.57,0.41161686,1.4126647,3.2373974,60.34575,4.1140018
7.58,0.41262436,1.4166594,3.2335174,60.325073,4.12505
7.59,0.41363436,1.4206645,3.2296324,60.30435,4.1361213
7.6,0.41464657,1.4246782,3.2257438,60.283607,4.147214
7.61,0.41566166,1.4287041,3.221849,60.262802,4.158333
7.62,0.41667944,1.4327382,3.2179499,60.241962,4.1694746
7.63,0.41769993,1.4367824,3.214046,60.22108,4.180638
7.64,0.41872248,1.4408383,3.2101376,60.200153,4.1918244
7.65,0.41974792,1.4449025,3.2062242,60.179188,4.2030363
7.66,0.4207753,1.4489778,3.202307,60.15818,4.2142687
7.67,0.42180622,1.4530656,3.1983845,60.13711,4.225528
7.68,0.42283887,1.4571605,3.1944563,60.11601,4.236808
7.69,0.42387408,1.4612662,3.190525,60.09486,4.2481127
7.7,0.42491218,1.4653823,3.1865876,60.073666,4.259441
7.71,0.4259535,1.4695094,3.1826456,60.052437,4.270793
7.72,0.42699668,1.4736469,3.1787004,60.03116,4.282168
7.73,0.42804232,1.4777951,3.1747494,60.009834,4.2935677
7.74,0.42909127,1.4819529,3.1707935,59.98848,4.30499
7.75,0.43014243,1.4861219,3.1668322,59.967064,4.3164377
7.76,0.43119618,1.4902989,3.1628675,59.945602,4.3279076
7.77,0.43225217,1.4944907,3.158898,59.9241,4.339402
7.78,0.4333112,1.498691,3.1549232,59.902565,4.3509207
7.79,0.43437272,1.5028999,3.150945,59.880978,4.3624625
7.8,0.4354372,1.5071225,3.1469607,59.859344,4.374029
7.81,0.4365042,1.511354,3.142972,59.837658,4.385618
7.82,0.437574,1.515596,3.1389782,59.815945,4.3972335
7.83,0.43864632,1.5198493,3.1349812,59.79418,4.40887
7.84,0.43972096,1.5241128,3.1309786,59.772366,4.4205337
7.85,0.44079855,1.5283875,3.126973,59.75052,4.4322195
7.86,0.4418788,1.5326717,3.122961,59.728615,4.4439306
7.87,0.44296208,1.536968,3.1189444,59.70667,4.455666
7.88,0.4440477,1.5412749,3.1149228,59.684685,4.4674244
7.89,0.4451359,1.5455925,3.1108973,59.66264,4.4792085
7.9,0.44622675,1.5499202,3.1068673,59.64055,4.491016
7.91,0.44732058,1.5542601,3.1028333,59.618423,4.502848
7.92,0.44841698,1.55861,3.098794,59.59625,4.5147057
7.93,0.44951606,1.5629711,3.0947502,59.574036,4.526586
7.94,0.45061794,1.5673414,3.0907013,59.551773,4.538493
7.95,0.45172292,1.5717239,3.086649,59.52944,4.5504217
7.96,0.4528302,1.5761182,3.0825922,59.507114,4.5623765
7.97,0.45394012,1.5805229,3.0785303,59.4847,4.574356
7.98,0.45505294,1.5849385,3.0744631,59.462254,4.5863605
7.99,0.45616874,1.5893663,3.0703921,59.43975,4.5983896
8.0,0.45728716,1.5938048,3.066317,59.417213,4.6104426
8.01,0.45840812,1.5982531,3.0622368,59.39463,4.6225214
8.02,0.4595318,1.6027147,3.0581527,59.371994,4.6346254
8.03,0.46065804,1.6071848,3.0540636,59.349327,4.646752
8.04,0.4617876,1.6116675,3.0499694,59.32659,4.658905
8.05,0.46291965,1.6161602,3.0458713,59.303825,4.671083
8.06,0.46405473,1.6206659,3.0417697,59.281006,4.683287
8.07,0.46519208,1.6251817,3.0376623,59.258133,4.695513
8.08,0.46633294,1.6297101,3.033552,59.235237,4.7077665
8.09,0.467476,1.6342502,3.0294356,59.212265,4.7200446
8.1,0.46862215,1.6387993,3.025315,59.18927,4.7323484
8.11,0.46977112,1.6433605,3.0211906,59.166225,4.7446737
8.12,0.47092283,1.6479338,3.017061,59.143112,4.757029
8.13,0.4720773,1.652518,3.012927,59.119965,4.7694087
8.14,0.47323486,1.6571136,3.0087903,59.09678,4.781811
8.15,0.474395,1.6617204,3.004648,59.073536,4.7942395
8.16,0.47555837,1.6663398,3.0005007,59.050247,4.806696
8.17,0.47672412,1.670971,2.9963496,59.02691,4.8191757
8.18,0.47789267,1.6756129,2.9921942,59.003536,4.83168
8.19,0.47906446,1.6802658,2.9880352,58.980095,4.844211
8.2,0.48023894,1.6849315,2.9838707,58.956615,4.856768
8.21,0.48141623,1.6896082,2.979702,58.9331,4.8693485
8.22,0.48259667,1.6942973,2.9755285,58.909523,4.881959
8.23,0.48377955,1.6989969,2.971352,58.885914,4.89459
8.24,0.48496523,1.7037089,2.9671702,58.862247,4.9072466
8.25,0.48615456,1.7084333,2.9629843,58.838516,4.9199347
8.26,0.48734674,1.7131693,2.9587936,58.81475,4.932646
8.27,0.48854125,1.717916,2.9545999,58.79093,4.9453807
8.28,0.4897381,1.7226735,2.950401,58.767075,4.958141
8.29,0.49093884,1.7274456,2.946198,58.74316,4.970929
8.3,0.49214205,1.7322286,2.941991,58.71922,4.983742
8.31,0.49334872,1.7370236,2.9377794,58.695206,4.9965806
8.32,0.4945575,1.7418283,2.9335644,58.67114,5.009445
8.33,0.49576983,1.7466481,2.9293451,58.647057,5.022336
8.34,0.49698535,1.7514799,2.9251208,58.6229,5.0352526
8.35,0.49820316,1.7563211,2.9208922,58.598698,5.048196
8.36,0.49942422,1.7611765,2.9166598,58.574448,5.061166
8.37,0.5006483,1.7660431,2.9124234,58.550137,5.07416
8.38,0.5018752,1.7709225,2.9081826,58.5258,5.087182
8.39,0.50310504,1.7758127,2.9039373,58.501392,5.1002307
8.4,0.504338,1.7807163,2.899689,58.476955,5.113302
8.41,0.5055739,1.7856324,2.8954358,58.45247,5.1264024
8.42,0.5068125,1.7905596,2.891178,58.427902,5.13953
8.43,0.50805426,1.7954996,2.8869166,58.40332,5.152682
8.44,0.509299,1.8004522,2.8826513,58.37869,5.16586
8.45,0.510547,1.8054161,2.8783815,58.353985,5.1790657
8.46,0.51179785,1.8103942,2.8741078,58.329254,5.1922984
8.47,0.51305175,1.8153827,2.86983,58.304455,5.205556
8.48,0.51430845,1.820384,2.8655486,58.279617,5.2188406
8.49,0.5155683,1.8253989,2.8612626,58.254715,5.2321525
8.5,0.51683134,1.8304247,2.8569722,58.229774,5.2454896
8.51,0.51809776,1.8354639,2.8526785,58.204773,5.2588544
8.52,0.5193662,1.8405163,2.8483806,58.179745,5.2722454
8.53,0.5206385,1.8455789,2.844079,58.154648,5.2856617
8.54,0.5219136,1.8506552,2.839773,58.129517,5.2991066
8.55,0.52319205,1.8557452,2.8354626,58.10433,5.312577
8.56,0.5244732,1.8608459,2.8311489,58.079082,5.326076
8.57,0.5257576,1.8659613,2.8268318,58.05379,5.3395996
8.58,0.5270448,1.8710872,2.8225102,58.028442,5.3531494
8.59,0.5283357,1.8762274,2.818184,58.003048,5.366728
8.6,0.529629,1.8813808,2.8138547,57.977596,5.380334
8.61,0.53092575,1.8865453,2.8095212,57.952118,5.3939652
8.62,0.5322253,1.8917236,2.8051832,57.926563,5.4076257
8.63,0.53352845,1.8969148,2.800843,57.900967,5.42131
8.64,0.5348341,1.9021186,2.7964978,57.875328,5.435023
8.65,0.53614324,1.9073348,2.7921493,57.849625,5.4487615
8.66,0.53745544,1.9125645,2.7877967,57.82388,5.4625287
8.67,0.5387714,1.9178084,2.7834399,57.798073,5.4763265
8.68,0.54008955,1.9230624,2.7790797,57.772213,5.490146
8.69,0.5414109,1.9283314,2.7747157,57.746326,5.503995
8.7,0.5427358,1.9336126,2.7703474,57.72036,5.5178714
8.71,0.5440638,1.9389083,2.7659757,57.694363,5.531774
8.72,0.5453948,1.9442153,2.761601,57.668304,5.5457034
8.73,0.5467293,1.949537,2.7572217,57.642197,5.5596604
8.74,0.5480665,1.9548706,2.7528393,57.616043,5.573645
8.75,0.54940695,1.9602162,2.7484531,57.589832,5.587658
8.76,0.5507514,1.9655783,2.744062,57.563557,5.601698
8.77,0.55209816,1.970952,2.7396686,57.537247,5.615765
8.78,0.55344826,1.9763386,2.7352717,57.510883,5.629859
8.79,0.5548014,1.9817383,2.7308698,57.484474,5.643982
8.8,0.5561583,1.9871521,2.726466,57.458004,5.6581316
8.81,0.5575182,1.9925792,2.7220564,57.431465,5.6723084
8.82,0.55888104,1.9980193,2.7176454,57.404892,5.686512
8.83,0.5602474,2.0034726,2.71323,57.378258,5.700745
8.84,0.5616166,2.0089397,2.708811,57.351593,5.7150044
8.85,0.56298983,2.0144215,2.7043872,57.324856,5.729294
8.86,0.5643655,2.019915,2.6999624,57.298065,5.7436075
8.87,0.5657449,2.0254223,2.6955328,57.27122,5.7579517
8.88,0.56712735,2.0309443,2.691099,57.244347,5.7723236
8.89,0.56851345,2.0364802,2.686662,57.217392,5.7867236
8.9,0.56990224,2.0420284,2.6822226,57.1904,5.801149
8.91,0.57129467,2.0475914,2.6777782,57.163353,5.815603
8.92,0.5726899,2.053166,2.6733322,57.136257,5.830085
8.93,0.57408935,2.058758,2.668881,57.10909,5.844599
8.94,0.57549113,2.0643609,2.664428,57.081898,5.8591347
8.95,0.5768969,2.0699778,2.659971,57.054646,5.8736997
8.96,0.5783054,2.07561,2.6555102,57.02732,5.8882947
8.97,0.5797178,2.0812542,2.6510456,56.999958,5.902918
8.98,0.58113277,2.0869122,2.6465788,56.97253,5.917566
8.99,0.5825519,2.092587,2.6421075,56.945053,5.9322453
9.0,0.58397406,2.098273,2.6376336,56.917545,5.946953
9.01,0.58539957,2.1039732,2.6331558,56.889957,5.961688
9.02,0.58682853,2.1096895,2.6286762,56.862324,5.9764495
9.03,0.5882599,2.1154172,2.6241918,56.83464,5.991242
9.04,0.5896959,2.1211603,2.619705,56.806892,6.0060596
9.05,0.5911348,2.126919,2.6152146,56.7791,6.0209093
9.06,0.5925767,2.1326907,2.6107206,56.751247,6.0357842
9.07,0.59402245,2.138474,2.6062248,56.723354,6.050687
9.08,0.59547186,2.1442757,2.6017246,56.69541,6.065621
9.09,0.5969241,2.15009,2.597222,56.667374,6.080583
9.1,0.59837985,2.1559184,2.5927148,56.63933,6.095574
9.11,0.59983927,2.1617608,2.588207,56.61121,6.1105914
9.12,0.60130167,2.1676183,2.583695,56.583042,6.1256347
9.13,0.6027675,2.1734898,2.579179,56.554802,6.140712
9.14,0.6042372,2.179377,2.5746593,56.52653,6.155816
9.15,0.6057104,2.185275,2.5701387,56.4982,6.1709466
9.16,0.60718644,2.1911912,2.5656137,56.469807,6.1861076
9.17,0.6086662,2.1971216,2.5610862,56.44136,6.201298
9.18,0.61014944,2.2030654,2.5565553,56.412876,6.216515
9.19,0.611636,2.2090235,2.552023,56.384323,6.2317605
9.2,0.61312646,2.2149973,2.5474856,56.35572,6.2470374
9.21,0.61462,2.2209845,2.5429463,56.32704,6.2623396
9.22,0.61611706,2.226988,2.5384047,56.298325,6.2776737
9.23,0.6176177,2.2330058,2.533859,56.26956,6.2930346
9.24,0.61912155,2.2390378,2.5293112,56.240723,6.308426
9.25,0.62062925,2.245084,2.5247602,56.211857,6.323843
9.26,0.62214035,2.2511477,2.5202055,56.182903,6.339293
9.27,0.623655,2.2572246,2.5156496,56.153927,6.3547707
9.28,0.6251729,2.2633147,2.5110903,56.124874,6.3702745
9.29,0.6266946,2.2694223,2.5065284,56.095776,6.385808
9.3,0.6282202,2.275545,2.5019627,56.06661,6.401374
9.31,0.6297486,2.28168,2.497394,56.0374,6.416967
9.32,0.63128096,2.2878327,2.4928243,56.008152,6.432587
9.33,0.6328168,2.2939992,2.4882514,55.978813,6.4482374
9.34,0.6343561,2.300181,2.4836755,55.94943,6.463917
9.35,0.6358989,2.3063784,2.4790974,55.920013,6.479625
9.36,0.63744557,2.3125916,2.4745162,55.8905,6.495365
9.37,0.6389951,2.3188186,2.469932,55.86096,6.511131
9.38,0.64054936,2.3250618,2.4653456,55.831352,6.5269294
9.39,0.6421061,2.3313208,2.4607568,55.80168,6.542754
9.4,0.6436672,2.337593,2.456165,55.771984,6.5586076
9.41,0.64523137,2.3438818,2.4515722,55.74221,6.574489
9.42,0.6467997,2.3501873,2.4469745,55.712395,6.590406
9.43,0.64837134,2.3565063,2.4423764,55.682503,6.6063466
9.44,0.64994687,2.362842,2.4377744,55.652573,6.6223173
9.45,0.65152586,2.3691924,2.4331703,55.622574,6.6383185
9.46,0.6531085,2.3755593,2.4285643,55.59252,6.6543493
9.47,0.65469426,2.3819396,2.4239552,55.562424,6.670409
9.48,0.6562847,2.3883402,2.4193435,55.53226,6.6865
9.49,0.65787786,2.3947518,2.414731,55.50204,6.7026153
9.5,0.6594754,2.401182,2.410114,55.47176,6.7187653
9.51,0.66107607,2.407626,2.4054966,55.441433,6.7349415
9.52,0.66268104,2.4140875,2.4008756,55.411037,6.751149
9.53,0.6642893,2.4205637,2.3962529,55.380592,6.767386
9.54,0.6659015,2.427056,2.3916278,55.350094,6.7836514
9.55,0.66751736,2.433566,2.3870013,55.31954,6.7999473
9.56,0.66913694,2.4400895,2.3823712,55.288918,6.816272
9.57,0.6707603,2.4466298,2.3777394,55.25825,6.8326263
9.58,0.6723868,2.4531863,2.3731055,55.227516,6.849011
9.59,0.6740175,2.459758,2.3684692,55.19674,6.8654246
9.6,0.6756522,2.4663467,2.3638308,55.1659,6.8818703
9.61,0.6772901,2.47295,2.3591907,55.13499,6.8983397
9.62,0.6789324,2.4795716,2.354548,55.10404,6.914846
9.63,0.6805778,2.486209,2.3499033,55.07302,6.9313784
9.64,0.6822268,2.492861,2.3452575,55.041943,6.9479413
9.65,0.6838805,2.4995315,2.3406093,55.010815,6.964534
9.66,0.6855373,2.5062172,2.3359587,54.979633,6.9811554
9.67,0.68719816,2.51292,2.3313057,54.94839,6.9978104
9.68,0.6888632,2.5196373,2.3266518,54.917088,7.0144906
9.69,0.6905311,2.5263727,2.3219957,54.885727,7.0312037
9.7,0.69220364,2.533125,2.3173378,54.85431,7.047945
9.71,0.69388,2.5398948,2.312677,54.822823,7.0647187
9.72,0.6955595,2.5466778,2.3080153,54.791294,7.081522
9.73,0.6972435,2.5534785,2.3033512,54.759705,7.098349
9.74,0.698931,2.560296,2.2986865,54.728058,7.1152115
9.75,0.7006224,2.5671315,2.2940192,54.696354,7.1321044
9.76,0.70231783,2.5739822,2.28935,54.66458,7.1490254
9.77,0.7040169,2.5808516,2.2846782,54.632748,7.1659775
9.78,0.70572037,2.587736,2.2800064,54.600883,7.1829596
9.79,0.7074269,2.5946393,2.2753327,54.568943,7.199971
9.8,0.7091376,2.6015563,2.2706559,54.53695,7.2170124
9.81,0.71085286,2.6084936,2.265978,54.5049,7.2340875
9.82,0.71257144,2.6154466,2.2612994,54.472782,7.251189
9.83,0.714294,2.6224155,2.2566183,54.440605,7.268322
9.84,0.7160209,2.6294017,2.251937,54.408386,7.2854853
9.85,0.7177513,2.6364062,2.2472522,54.376087,7.302676
9.86,0.7194854,2.643428,2.2425683,54.34375,7.3198996
9.87,0.72122407,2.650467,2.237881,54.311344,7.337156
9.88,0.7229662,2.6575215,2.2331924,54.278877,7.35444
9.89,0.7247126,2.6645947,2.2285032,54.246365,7.371754
9.9,0.72646254,2.6716835,2.2238126,54.213802,7.3890944
9.91,0.72821695,2.678791,2.2191195,54.181164,7.406471
9.92,0.72997576,2.6859174,2.2144248,54.148464,7.423878
9.93,0.7317377,2.6930594,2.2097297,54.115696,7.4413137
9.94,0.73350376,2.7002184,2.2050333,54.08289,7.458779
9.95,0.7352742,2.7073977,2.2003355,54.050014,7.476275
9.96,0.7370488,2.71459,2.1956372,54.01709,7.4938016
9.97,0.73882663,2.721804,2.1909356,53.984093,7.5113606
9.98,0.74060905,2.7290332,2.1862354,53.951035,7.5289483
9.99,0.7423956,2.7362823,2.1815326,53.917934,7.546566
10.0,0.74418586,2.7435472,2.1768281,53.884766,7.564214
10.01,0.7459803,2.7508311,2.1721237,53.851543,7.581895
10.02,0.74777895,2.7581322,2.167418,53.818253,7.599604
10.03,0.7495815,2.765452,2.16271,53.784904,7.617345
10.04,0.7513881,2.7727883,2.1580026,53.75151,7.6351132
10.05,0.7531992,2.7801437,2.153293,53.718056,7.652917
10.06,0.75501376,2.7875175,2.1485822,53.68452,7.6707516
10.07,0.7568326,2.794908,2.1438718,53.650948,7.688611
10.08,0.7586557,2.802317,2.1391602,53.617306,7.7065067
10.09,0.7604831,2.8097434,2.1344461,53.583607,7.72443
10.1,0.7623145,2.817191,2.1297321,53.549854,7.742386
10.11,0.76414967,2.8246524,2.1250176,53.51603,7.76037
10.12,0.76598966,2.832136,2.1203027,53.48215,7.7783856
10.13,0.7678336,2.8396373,2.115586,53.4482,7.796435
10.14,0.7696813,2.847155,2.1108685,53.4142,7.814514
10.15,0.77153313,2.854691,2.106151,53.380146,7.83262
10.16,0.77338976,2.862248,2.101432,53.346035,7.8507605
10.17,0.77524996,2.869821,2.0967126,53.31186,7.86893
10.18,0.7771149,2.8774157,2.0919926,53.277607,7.8871326
10.19,0.77898335,2.885025,2.0872724,53.243324,7.9053626
10.2,0.78085697,2.8926544,2.0825505,53.208965,7.923627
10.21,0.7827342,2.9003046,2.0778284,53.174553,7.9419227
10.22,0.7846155,2.9079714,2.0731068,53.14007,7.960245
10.23,0.78650135,2.9156554,2.0683837,53.105545,7.9786005
10.24,0.78839153,2.9233608,2.0636597,53.070942,7.996988
10.25,0.7902857,2.9310846,2.0589359,53.036285,8.015407
10.26,0.79218435,2.9388282,2.0542104,53.001575,8.033856
10.27,0.79408675,2.9465904,2.0494857,52.966797,8.052337
10.28,0.7959939,2.954369,2.0447612,52.931953,8.070844
10.29,0.79790515,2.9621687,2.0400348,52.89706,8.089385
10.3,0.7998207,2.9699883,2.0353088,52.862095,8.10796
10.31,0.80174077,2.9778268,2.0305824,52.827076,8.126561
10.32,0.8036653,2.9856837,2.025856,52.79201,8.145197
10.33,0.8055933,2.993559,2.0211291,52.75687,8.16386
10.34,0.80752647,3.0014544,2.0164013,52.72167,8.18256
10.35,0.8094638,3.00937,2.0116744,52.68641,8.201288
10.36,0.81140536,3.017302,2.0069475,52.6511,8.220041
10.37,0.8133517,3.0252578,2.0022197,52.61571,8.238836
10.38,0.8153015,3.03323,1.9974918,52.58027,8.257658
10.39,0.8172566,3.0412228,1.9927638,52.544765,8.276512
10.4,0.8192147,3.0492337,1.9880359,52.509216,8.295391
10.41,0.8211788,3.057266,1.9833084,52.473602,8.314307
10.42,0.82314676,3.0653174,1.9785801,52.437916,8.333255
10.43,0.8251186,3.0733879,1.9738523,52.402172,8.352232
10.44,0.82709485,3.081479,1.9691249,52.366367,8.371241
10.45,0.82907623,3.0895908,1.9643967,52.330505,8.390282
10.46,0.8310615,3.0977213,1.9596686,52.29458,8.409353
10.47,0.83305126,3.1058724,1.954941,52.258602,8.428454
10.48,0.83504516,3.1140413,1.9502144,52.22255,8.447585
10.49,0.83704466,3.122231,1.9454871,52.18644,8.466752
10.5,0.83904743,3.1304414,1.9407605,52.150272,8.48595
10.51,0.8410545,3.1386719,1.9360341,52.114044,8.505174
10.52,0.84306717,3.1469228,1.931307,52.077747,8.524438
10.53,0.8450833,3.1551936,1.9265816,52.04141,8.543725
10.54,0.8471046,3.1634848,1.921855,52.004986,8.563047
10.55,0.84913015,3.1717956,1.9171302,51.968513,8.582397
10.56,0.8511607,3.1801283,1.912405,51.931984,8.601784
10.57,0.8531947,3.1884785,1.9076806,51.895397,8.6212
10.58,0.85523415,3.1968517,1.9029568,51.858723,8.640647
10.59,0.85727805,3.2052438,1.8982332,51.822014,8.660125
10.6,0.85932523,3.213657,1.8935106,51.785225,8.679634
10.61,0.8613778,3.2220883,1.8887892,51.7484,8.699172
10.62,0.8634351,3.2305436,1.8840667,51.71149,8.718747
10.63,0.8654966,3.239019,1.879345,51.674526,8.738354
10.64,0.86756384,3.2475166,1.8746241,51.637493,8.757993
10.65,0.86963433,3.2560315,1.8699051,51.60043,8.777655
10.66,0.8717096,3.2645676,1.865186,51.56328,8.797356
10.67,0.8737896,3.2731264,1.8604676,51.526073,8.817082
10.68,0.87587446,3.2817066,1.8557492,51.488808,8.836847
10.69,0.87796414,3.2903068,1.8510329,51.45147,8.856639
10.7,0.88005745,3.298927,1.8463165,51.414078,8.876464
10.71,0.88215643,3.307569,1.8416016,51.376617,8.896323
10.72,0.88425994,3.3162327,1.836887,51.339108,8.916212
10.73,0.8863667,3.3249161,1.8321742,51.301548,8.936127
10.74,0.8884794,3.3336227,1.827461,51.2639,8.95608
10.75,0.8905964,3.3423471,1.8227501,51.226204,8.976061
10.76,0.892718,3.351098,1.8180392,51.188442,8.996076
10.77,0.89484465,3.3598673,1.8133295,51.150608,9.016125
10.78,0.8969753,3.368657,1.8086219,51.11273,9.036199
10.79,0.8991112,3.3774693,1.8039141,51.074783,9.056309
10.8,0.90125155,3.3863027,1.799208,51.03678,9.076451
10.81,0.9033968,3.3951578,1.7945031,50.998726,9.096622
10.82,0.9055465,3.4040358,1.7897991,50.960583,9.116827
10.83,0.9077008,3.412933,1.7850969,50.922398,9.137064
10.84,0.9098601,3.4218535,1.7803955,50.884148,9.1573305
10.85,0.9120245,3.4307969,1.7756956,50.84582,9.17763
10.86,0.914193,3.4397585,1.7709972,50.80745,9.197957
10.87,0.91636646,3.4487445,1.7662997,50.76902,9.218321
10.88,0.91854507,3.4577527,1.7616032,50.730515,9.238714
10.89,0.92072797,3.4667816,1.7569088,50.69195,9.259138
10.9,0.92291546,3.4758327,1.7522168,50.653343,9.279595
10.91,0.9251074,3.484906,1.7475245,50.614647,9.300083
10.92,0.927305,3.4940012,1.7428344,50.575905,9.320602
10.93,0.92950743,3.5031202,1.7381463,50.537086,9.341155
10.94,0.93171406,3.5122592,1.7334591,50.498226,9.361739
10.95,0.9339256,3.5214214,1.7287731,50.45929,9.382356
10.96,0.9361422,3.530606,1.7240899,50.42029,9.403003
10.97,0.93836397,3.5398128,1.7194067,50.38124,9.423684
10.98,0.94058996,3.5490417,1.714727,50.34212,9.444397
10.99,0.9428207,3.5582938,1.7100478,50.30294,9.465138
11.0,0.9450568,3.5675678,1.7053713,50.263714,9.485912
11.01,0.947297,3.576865,1.7006958,50.22441,9.50672
11.02,0.9495424,3.5861838,1.6960227,50.185043,9.527557
11.03,0.95179284,3.5955243,1.6913518,50.145626,9.548427
11.04,0.9540483,3.6048908,1.6866815,50.10613,9.569329
11.05,0.95630836,3.6142786,1.6820136,50.066574,9.590264
11.06,0.9585734,3.623688,1.6773477,50.026978,9.611227
11.07,0.96084327,3.63312,1.6726847,49.987293,9.632224
11.08,0.9631179,3.6425753,1.6680225,49.94756,9.65325
11.09,0.96539706,3.6520545,1.6633625,49.907764,9.674309
11.1,0.967682,3.661557,1.6587051,49.867912,9.695402
11.11,0.9699718,3.6710827,1.6540494,49.82798,9.716525
11.12,0.9722663,3.6806302,1.6493961,49.788002,9.737683
11.13,0.97456545,3.690202,1.6447446,49.747944,9.758868
11.14,0.97687006,3.699798,1.640095,49.70784,9.780091
11.15,0.979179,3.7094133,1.6354482,49.66767,9.801339
11.16,0.98149353,3.7190545,1.6308037,49.627445,9.822621
11.17,0.983813,3.7287204,1.6261617,49.587147,9.843936
11.18,0.986137,3.738408,1.6215209,49.546783,9.865285
11.19,0.9884662,3.7481186,1.6168835,49.50638,9.886659
11.2,0.9908,3.7578526,1.6122488,49.465904,9.908066
11.21,0.9931393,3.7676127,1.6076151,49.425346,9.929511
11.22,0.9954832,3.7773933,1.6029851,49.38475,9.950983
11.23,0.9978327,3.787198,1.5983576,49.344093,9.972488
11.24,1.0001867,3.7970283,1.593732,49.303368,9.994022
11.25,1.0025456,3.80688,1.5891094,49.26259,10.01559
11.26,1.0049102,3.8167589,1.5844886,49.221737,10.03719
11.27,1.0072796,3.8266587,1.5798708,49.180813,10.058822
11.28,1.0096538,3.8365843,1.5752559,49.139835,10.080485
11.29,1.012033,3.846532,1.5706434,49.098804,10.102179
11.3,1.0144173,3.8565044,1.5660335,49.057705,10.123908
11.31,1.0168068,3.8665018,1.5614265,49.016537,10.145664
11.32,1.0192003,3.876524,1.5568223,48.975323,10.167455
11.33,1.0216007,3.886568,1.5522217,48.93404,10.189274
11.34,1.0240053,3.8966377,1.5476228,48.892696,10.211128
11.35,1.0264151,3.9067318,1.5430267,48.851276,10.233015
11.36,1.0288296,3.9168475,1.5384346,48.809826,10.254928
11.37,1.0312496,3.9269922,1.5338445,48.76829,10.276881
11.38,1.0336752,3.9371598,1.5292575,48.726692,10.298861
11.39,1.0361054,3.947349,1.5246736,48.685036,10.320871
11.4,1.0385401,3.9575663,1.5200928,48.643333,10.3429165
11.41,1.0409809,3.9678087,1.5155149,48.601562,10.36499
11.42,1.0434269,3.9780731,1.5109404,48.559704,10.387099
11.43,1.0458771,3.9883642,1.5063685,48.517807,10.409236
11.44,1.0483326,3.9986775,1.5018009,48.475857,10.431404
11.45,1.0507939,4.009017,1.4972352,48.43383,10.453603
11.46,1.0532609,4.019384,1.4926723,48.39173,10.4758415
11.47,1.0557314,4.0297704,1.4881139,48.34959,10.498103
11.48,1.058208,4.0401855,1.483559,48.30738,10.520398
11.49,1.0606899,4.0506253,1.4790063,48.265106,10.542727
11.5,1.063177,4.0610895,1.4744571,48.222782,10.565086
11.51,1.0656693,4.071582,1.4699111,48.18036,10.587482
11.52,1.0681661,4.082095,1.46537,48.137913,10.609899
11.53,1.0706687,4.092634,1.460831,48.0954,10.632353
11.54,1.0731758,4.1031985,1.4562964,48.05282,10.654836
11.55,1.0756892,4.113792,1.4517641,48.010174,10.677357
11.56,1.0782074,4.124407,1.447236,47.96748,10.699904
11.57,1.0807307,4.1350503,1.4427108,47.924706,10.722485
11.58,1.0832589,4.1457148,1.4381907,47.88189,10.745093
11.59,1.0857928,4.156409,1.433673,47.838997,10.767738
11.6,1.0883315,4.167127,1.4291598,47.79605,10.79041
11.61,1.0908765,4.1778693,1.42465,47.75304,10.813114
11.62,1.0934262,4.1886396,1.4201434,47.709965,10.835852
11.63,1.0959809,4.199436,1.4156408,47.66684,10.858623
11.64,1.0985416,4.210258,1.411142,47.62363,10.881424
11.65,1.101107,4.221103,1.4066477,47.580383,10.904251
11.66,1.1036775,4.231977,1.4021561,47.53708,10.9271145
11.67,1.1062533,4.242876,1.3976693,47.49371,10.950008
11.68,1.1088347,4.2538023,1.3931862,47.45025,10.972936
11.69,1.1114211,4.2647533,1.3887068,47.40675,10.995891
11.7,1.114013,4.275729,1.3842322,47.363205,11.018876
11.71,1.1166108,4.2867336,1.3797604,47.31958,11.041898
11.72,1.1192133,4.297764,1.3752936,47.275883,11.064944
11.73,1.1218214,4.30882,1.370831,47.232143,11.088024
11.74,1.1244345,4.3199024,1.3663716,47.188347,11.111139
11.75,1.1270534,4.3310113,1.3619174,47.144474,11.134281
11.76,1.1296768,4.3421483,1.3574666,47.10055,11.157458
11.77,1.1323067,4.353309,1.3530198,47.056553,11.180663
11.78,1.1349411,4.3644977,1.3485779,47.012512,11.2039
11.79,1.1375811,4.3757105,1.3441398,46.968407,11.227165
11.8,1.1402268,4.3869543,1.3397062,46.924232,11.250465
11.81,1.1428771,4.3982234,1.3352773,46.88002,11.273793
11.82,1.1455334,4.409517,1.3308526,46.83572,11.297151
11.83,1.1481947,4.42084,1.3264321,46.791374,11.320541
11.84,1.1508619,4.432189,1.3220155,46.74696,11.3439665
11.85,1.1535348,4.4435673,1.3176042,46.702484,11.367419
11.86,1.1562121,4.454969,1.3131971,46.657963,11.390903
11.87,1.1588955,4.466399,1.308795,46.613358,11.414417
11.88,1.161584,4.477857,1.3043969,46.568714,11.437961
11.89,1.1642786,4.4893417,1.3000038,46.523987,11.461538
11.9,1.166978,4.500855,1.295615,46.47922,11.485147
11.91,1.1696827,4.512392,1.2912308,46.434383,11.508787
11.92,1.1723934,4.5239577,1.2868519,46.389496,11.5324545
11.93,1.1751091,4.535554,1.282477,46.34454,11.556155
11.94,1.1778302,4.547173,1.2781078,46.299522,11.579883
11.95,1.1805567,4.5588226,1.2737427,46.254448,11.60364
11.96,1.1832893,4.5705,1.2693819,46.209316,11.627434
11.97,1.1860273,4.582206,1.2650259,46.16412,11.6512575
11.98,1.1887703,4.593935,1.260676,46.118874,11.675107
11.99,1.1915191,4.6056957,1.2563303,46.073547,11.698988
12.0,1.1942736,4.617484,1.2519898,46.028175,11.722902
12.01,1.1970332,4.629302,1.2476543,45.98273,11.746846
12.02,1.1997983,4.6411424,1.2433234,45.937237,11.77082
12.03,1.2025689,4.6530128,1.2389978,45.891685,11.794825
12.04,1.2053449,4.664913,1.2346773,45.846073,11.818857
12.05,1.2081265,4.6768413,1.2303623,45.800396,11.842924
12.06,1.2109143,4.6887956,1.2260516,45.754677,11.86702
12.07,1.2137072,4.7007794,1.2217467,45.708885,11.891144
12.08,1.2165053,4.7127905,1.2174469,45.66302,11.915302
12.09,1.2193096,4.7248316,1.2131519,45.617123,11.939483
12.1,1.2221186,4.736901,1.2088625,45.571144,11.963701
12.11,1.2249337,4.748997,1.2045784,45.525127,11.987945
12.12,1.2277538,4.761121,1.2003001,45.47904,12.012218
12.13,1.2305807,4.773277,1.196026,45.4329,12.036527
12.14,1.2334125,4.785458,1.1917577,45.386692,12.060861
12.15,1.2362499,4.7976704,1.1874957,45.340424,12.085224
12.16,1.239093,4.8099113,1.1832384,45.29411,12.109619
12.17,1.2419413,4.822182,1.1789865,45.247715,12.134045
12.18,1.2447959,4.834481,1.1747403,45.20127,12.158501
12.19,1.247655,4.846805,1.1705,45.154785,12.182985
12.2,1.2505206,4.8591614,1.1662654,45.10824,12.2074995
12.21,1.2533916,4.8715444,1.1620357,45.06163,12.232042
12.22,1.2562684,4.8839607,1.1578118,45.01495,12.2566185
12.23,1.25915,4.896404,1.1535938,44.968227,12.2812195
12.24,1.262039,4.908875,1.1493814,44.92143,12.30585
12.25,1.2649322,4.9213767,1.1451749,44.874584,12.330511
12.26,1.2678314,4.933909,1.1409737,44.82768,12.3552065
12.27,1.2707365,4.946469,1.1367788,44.780727,12.379928
12.28,1.2736465,4.959058,1.1325896,44.7337,12.404674
12.29,1.2765623,4.971675,1.1284062,44.686626,12.429455
12.3,1.2794838,4.984324,1.1242286,44.639496,12.454262
12.31,1.2824122,4.997006,1.1200567,44.592297,12.479103
12.32,1.2853453,5.009714,1.1158907,44.54504,12.503969
12.33,1.2882841,5.02245,1.1117314,44.49773,12.528865
12.34,1.2912283,5.0352182,1.1075774,44.450375,12.553787
12.35,1.2941796,5.048016,1.1034302,44.40295,12.578742
12.36,1.297135,5.060841,1.099289,44.35547,12.603723
12.37,1.3000971,5.073701,1.0951527,44.307926,12.628738
12.38,1.3030648,5.086588,1.0910233,44.260323,12.653779
12.39,1.3060375,5.099506,1.0869006,44.21268,12.678848
12.4,1.3090167,5.112454,1.0827835,44.164967,12.703947
12.41,1.3120016,5.125432,1.0786729,44.117203,12.729069
12.42,1.3149912,5.1384397,1.0745684,44.06939,12.754225
12.43,1.3179879,5.15148,1.0704699,44.021503,12.779411
12.44,1.3209893,5.1645465,1.066378,43.973576,12.804621
12.45,1.3239971,5.1776466,1.0622919,43.925575,12.829865
12.46,1.3270109,5.190778,1.058213,43.87752,12.855133
12.47,1.33003,5.2039375,1.0541399,43.829426,12.880435
12.48,1.3330553,5.2171288,1.0500739,43.781265,12.905758
12.49,1.336086,5.2303495,1.0460137,43.73306,12.931112
12.5,1.3391227,5.2436037,1.041961,43.684784,12.956493
12.51,1.3421654,5.256888,1.0379131,43.636448,12.981907
12.52,1.3452127,5.270203,1.0338733,43.58808,13.007346
12.53,1.3482671,5.283548,1.0298395,43.539635,13.032809
12.54,1.3513273,5.296925,1.0258125,43.491142,13.058304
12.55,1.3543932,5.3103333,1.0217917,43.442593,13.083829
12.56,1.3574642,5.323772,1.017777,43.393993,13.10938
12.57,1.3605415,5.3372407,1.0137706,43.34533,13.1349535
12.58,1.3636247,5.350742,1.0097698,43.296623,13.16056
12.59,1.3667146,5.3642774,1.0057757,43.24784,13.186199
12.6,1.3698092,5.3778396,1.0017889,43.199017,13.211861
12.61,1.3729103,5.3914347,0.9978093,43.150135,13.237545
12.62,1.3760169,5.4050612,0.99383575,43.101204,13.26326
12.63,1.3791292,5.4187202,0.98986906,43.052227,13.289004
12.64,1.382248,5.4324136,0.9859095,43.003178,13.314777
12.65,1.3853729,5.446135,0.98195684,42.954082,13.340571
12.66,1.3885027,5.4598875,0.9780112,42.904938,13.366397
12.67,1.3916389,5.4736743,0.9740728,42.85572,13.392246
12.68,1.394781,5.4874897,0.9701405,42.806458,13.418129
12.69,1.3979288,5.501342,0.9662161,42.75714,13.444035
12.7,1.4010826,5.5152216,0.9622987,42.707794,13.469965
12.71,1.4042431,5.529135,0.958388,42.65835,13.495926
12.72,1.4074087,5.5430827,0.95448464,42.608883,13.521914
12.73,1.410581,5.5570602,0.9505879,42.55935,13.547929
12.74,1.413758,5.57107,0.94669956,42.50978,13.573967
12.75,1.4169426,5.585114,0.94281673,42.460136,13.6000395
12.76,1.4201319,5.5991893,0.9389424,42.410454,13.626129
12.77,1.4233274,5.613296,0.9350749,42.360718,13.652249
12.78,1.4265287,5.627437,0.9312152,42.310925,13.678396
12.79,1.4297361,5.6416087,0.92736244,42.26109,13.704566
12.8,1.4329501,5.6558166,0.9235167,42.211174,13.73077
12.81,1.4361695,5.670055,0.9196782,42.16122,13.756993
12.82,1.439395,5.684325,0.9158477,42.111217,13.783241
12.83,1.4426265,5.698632,0.91202414,42.061153,13.80952
12.84,1.4458641,5.712968,0.90820843,42.01105,13.835825
12.85,1.4491084,5.7273374,0.9043998,41.960888,13.862152
12.86,1.4523576,5.7417393,0.9005991,41.910686,13.888505
12.87,1.4556131,5.756178,0.89680564,41.86041,13.914886
12.88,1.458875,5.7706485,0.8930195,41.810097,13.941295
12.89,1.4621426,5.7851515,0.88924146,41.75973,13.967724
12.9,1.4654163,5.799687,0.8854706,41.709316,13.9941845
12.91,1.4686972,5.8142567,0.8817074,41.658833,14.020668
12.92,1.4719822,5.828861,0.8779519,41.608326,14.047177
12.93,1.4752747,5.8434963,0.87420404,41.55775,14.07371
12.94,1.4785727,5.8581657,0.8704637,41.507126,14.100266
12.95,1.4818777,5.8728714,0.86673105,41.456444,14.126851
12.96,1.4851878,5.887608,0.8630067,41.405712,14.153461
12.97,1.4885042,5.9023795,0.8592896,41.354946,14.180092
12.98,1.4918263,5.9171844,0.8555807,41.304127,14.206752
12.99,1.4951546,5.932025,0.85187936,41.25326,14.233437
13.0,1.4984895,5.946898,0.84818566,41.202328,14.260144
13.01,1.5018306,5.9618063,0.8444999,41.151344,14.2868805
13.02,1.5051775,5.9767447,0.8408223,41.100315,14.313634
13.03,1.508531,5.991722,0.8371529,41.049248,14.340419
13.04,1.5118898,6.006731,0.8334907,40.998127,14.367229
13.05,1.5152555,6.021776,0.8298366,40.94695,14.394062
13.06,1.5186268,6.0368547,0.8261907,40.89573,14.420919
13.07,1.522004,6.0519686,0.8225526,40.844467,14.447797
13.08,1.5253882,6.067114,0.8189225,40.793137,14.4747
13.09,1.5287783,6.082296,0.81530064,40.74177,14.501628
13.1,1.5321742,6.097513,0.8116866,40.690353,14.52858
13.11,1.5355768,6.112764,0.808081,40.638885,14.555555
13.12,1.5389855,6.128052,0.8044835,40.58736,14.582553
13.13,1.5424004,6.1433744,0.8008936,40.535797,14.609576
13.14,1.5458208,6.158727,0.7973124,40.484184,14.636621
13.15,1.5492482,6.1741195,0.7937396,40.432537,14.663693
13.16,1.5526816,6.189545,0.7901743,40.380814,14.690786
13.17,1.5561216,6.205007,0.78661776,40.329067,14.717905
13.18,1.5595677,6.220501,0.7830693,40.277267,14.745048
13.19,1.563019,6.23603,0.7795293,40.22542,14.772211
13.2,1.5664783,6.2516,0.7759969,40.17351,14.799401
13.21,1.5699425,6.2672024,0.7724735,40.12158,14.826607
13.22,1.5734138,6.2828393,0.76895773,40.06958,14.853838
13.23,1.5768906,6.2985115,0.7654511,40.01755,14.881096
13.24,1.5803742,6.3142195,0.761952,39.965454,14.908375
13.25,1.583864,6.3299646,0.7584621,39.91333,14.935677
13.26,1.5873598,6.3457456,0.75498015,39.86115,14.963001
13.27,1.5908613,6.3615613,0.75150615,39.808914,14.990347
13.28,1.5943707,6.377411,0.7480415,39.75665,15.017719
13.29,1.5978857,6.3932977,0.7445844,39.704327,15.045114
13.3,1.6014066,6.4092197,0.7411369,39.651978,15.072523
13.31,1.604934,6.4251814,0.7376969,39.599564,15.0999565
13.32,1.6084677,6.4411726,0.73426646,39.547123,15.127412
13.33,1.6120082,6.457205,0.7308434,39.49461,15.154893
13.34,1.615554,6.4732733,0.72742957,39.44208,15.182397
13.35,1.6191071,6.489378,0.7240239,39.389496,15.209923
13.36,1.6226659,6.5055165,0.72062695,39.33686,15.237464
13.37,1.6262311,6.5216913,0.717239,39.284184,15.265035
13.38,1.6298034,6.5379066,0.713859,39.231453,15.2926235
13.39,1.6333812,6.554155,0.710488,39.17868,15.320232
13.4,1.6369652,6.57044,0.7071259,39.125877,15.347864
13.41,1.6405563,6.586763,0.7037724,39.07302,15.375514
13.42,1.6441535,6.603122,0.70042676,39.020123,15.40319
13.43,1.6477573,6.619518,0.69709074,38.967186,15.430883
13.44,1.651367,6.6359515,0.69376343,38.914207,15.458602
13.45,1.6549838,6.652419,0.6904446,38.861176,15.4863405
13.46,1.6586058,6.6689262,0.6871344,38.80811,15.514095
13.47,1.6622359,6.68547,0.683833,38.754982,15.541879
13.48,1.6658704,6.7020473,0.6805409,38.701828,15.569676
13.49,1.6695125,6.718667,0.67725664,38.648632,15.597497
13.5,1.6731609,6.735321,0.67398167,38.595383,15.625338
13.51,1.6768163,6.7520137,0.6707155,38.54209,15.653199
13.52,1.6804779,6.768741,0.66745806,38.488773,15.681081
13.53,1.6841451,6.7855086,0.66420966,38.435406,15.70898
13.54,1.687819,6.8023114,0.66097045,38.381996,15.736899
13.55,1.6915001,6.8191566,0.6577394,38.328537,15.764848
13.56,1.6951861,6.836035,0.65451795,38.27504,15.792808
13.57,1.6988792,6.8529515,0.6513052,38.2215,15.820784
13.58,1.702579,6.869907,0.64810103,38.167923,15.848789
13.59,1.7062861,6.8869,0.64490557,38.114292,15.876808
13.6,1.7099983,6.9039283,0.64172,38.060635,15.904846
13.61,1.7137175,6.9209957,0.6385427,38.00694,15.932907
13.62,1.7174431,6.9381013,0.63537437,37.953205,15.960984
13.63,1.7211753,6.9552455,0.6322151,37.899418,15.989087
13.64,1.7249143,6.9724264,0.6290649,37.845592,16.017204
13.65,1.728659,6.9896474,0.6259238,37.79174,16.045341
13.66,1.7324108,7.0069027,0.62279135,37.737835,16.0735
13.67,1.7361692,7.0242,0.6196684,37.68389,16.101671
13.68,1.7399335,7.0415354,0.61655444,37.62992,16.129866
13.69,1.7437043,7.058905,0.61344963,37.575912,16.158073
13.7,1.7474821,7.076319,0.610353,37.52184,16.186308
13.71,1.7512662,7.0937676,0.60726607,37.467747,16.214554
13.72,1.7550571,7.1112523,0.6041882,37.413624,16.24282
13.73,1.7588542,7.128782,0.6011195,37.359455,16.271105
13.74,1.7626579,7.1463466,0.5980599,37.305233,16.299408
13.75,1.7664678,7.163954,0.5950092,37.25098,16.327734
13.76,1.7702848,7.1815953,0.5919675,37.196697,16.356071
13.77,1.774108,7.199277,0.58893496,37.14236,16.384436
13.78,1.7779379,7.216998,0.58591175,37.088005,16.41281
13.79,1.7817749,7.2347546,0.5828979,37.033592,16.441204
13.8,1.7856175,7.252556,0.57989264,36.979156,16.469616
13.81,1.789467,7.2703943,0.57689697,36.924683,16.498043
13.82,1.7933228,7.288268,0.5739104,36.87017,16.52649
13.83,1.7971851,7.306185,0.5709327,36.815628,16.554949
13.84,1.8010552,7.324142,0.5679642,36.761032,16.583433
13.85,1.8049307,7.342136,0.5650051,36.70642,16.611927
13.86,1.8088129,7.360172,0.5620555,36.651764,16.64044
13.87,1.8127024,7.378245,0.5591147,36.59706,16.668972
13.88,1.8165973,7.3963556,0.5561829,36.542336,16.697521
13.89,1.8204994,7.4145093,0.55326056,36.487583,16.726088
13.9,1.8244073,7.432698,0.55034715,36.432777,16.75467
13.91,1.8283229,7.450929,0.5474434,36.377937,16.783268
13.92,1.8322452,7.4692016,0.5445484,36.323067,16.811882
13.93,1.8361729,7.487509,0.54166305,36.268166,16.840513
13.94,1.8401079,7.5058627,0.5387871,36.213238,16.86916
13.95,1.8440495,7.5242524,0.53591967,36.15826,16.897821
13.96,1.8479972,7.5426807,0.5330622,36.103264,16.926502
13.97,1.8519524,7.5611525,0.5302138,36.048218,16.9552
13.98,1.8559132,7.57966,0.5273749,35.993156,16.983904
13.99,1.8598821,7.5982137,0.5245447,35.93804,17.01263
14.0,1.8638567,7.6168065,0.5217239,35.882877,17.041378
14.01,1.867838,7.635439,0.518912,35.82772,17.070131
14.02,1.871826,7.6541066,0.5161096,35.772495,17.098902
14.03,1.8758198,7.6728187,0.5133174,35.717274,17.127686
14.04,1.8798213,7.691571,0.5105334,35.662,17.156488
14.05,1.8838294,7.7103624,0.50775886,35.6067,17.185308
14.06,1.887844,7.7291994,0.50499344,35.551353,17.214144
14.07,1.8918641,7.74807,0.5022379,35.495995,17.242983
14.08,1.8958923,7.7669835,0.49949154,35.440605,17.271845
14.09,1.8999268,7.7859383,0.4967538,35.385162,17.300724
14.1,1.903967,7.8049335,0.4940261,35.329716,17.329613
14.11,1.9080149,7.8239713,0.4913073,35.27422,17.358519
14.12,1.9120691,7.843046,0.4885981,35.218697,17.387436
14.13,1.91613,7.8621655,0.48589793,35.16316,17.416374
14.14,1.9201978,7.881326,0.483207,35.10757,17.445318
14.15,1.9242717,7.900526,0.48052558,35.051952,17.474283
14.16,1.9283518,7.919767,0.47785333,34.996315,17.503258
14.17,1.9324397,7.9390516,0.47519016,34.94063,17.532242
14.18,1.9365342,7.958375,0.4725367,34.884937,17.56125
14.19,1.9406345,7.9777393,0.46989253,34.829224,17.590263
14.2,1.9447422,7.9971414,0.46725738,34.773457,17.619295
14.21,1.948856,8.016591,0.46463147,34.717678,17.648335
14.22,1.9529773,8.036079,0.46201515,34.661854,17.677391
14.23,1.9571043,8.05561,0.45940822,34.606026,17.70646
14.24,1.9612387,8.075183,0.45680997,34.55015,17.73554
14.25,1.9653791,8.094796,0.45422134,34.494244,17.76464
14.26,1.969526,8.114453,0.45164227,34.438328,17.793741
14.27,1.9736804,8.1341505,0.4490719,34.38237,17.822863
14.28,1.9778405,8.153889,0.4465113,34.3264,17.851992
14.29,1.9820077,8.173668,0.44395995,34.270386,17.881138
14.3,1.986183,8.193495,0.44141752,34.214348,17.9103
14.31,1.9903636,8.213357,0.43888465,34.158295,17.939465
14.32,1.9945506,8.233265,0.43636122,34.102222,17.968643
14.33,1.9987452,8.25322,0.43384665,34.04611,17.99784
14.34,2.0029457,8.273207,0.4313416,33.989967,18.027044
14.35,2.0071535,8.293241,0.42884555,33.933807,18.056261
14.36,2.011367,8.313313,0.42635944,33.87763,18.085484
14.37,2.0155876,8.333433,0.42388183,33.82142,18.114725
14.38,2.0198154,8.353593,0.4214138,33.765182,18.143974
14.39,2.0240493,8.373799,0.41895476,33.708923,18.173237
14.4,2.0282898,8.394038,0.41650584,33.652657,18.202503
14.41,2.0325377,8.41433,0.4140655,33.59634,18.231785
14.42,2.036791,8.434664,0.41163418,33.540012,18.261082
14.43,2.0410523,8.455035,0.40921244,33.48365,18.290388
14.44,2.0453198,8.475449,0.4068001,33.427288,18.319698
14.45,2.0495944,8.495911,0.40439644,33.370888,18.349022
14.46,2.0538757,8.516417,0.40200207,33.314465,18.378359
14.47,2.0581632,8.536959,0.39961708,33.258022,18.407698
14.48,2.0624568,8.557546,0.39724183,33.201565,18.437052
14.49,2.066758,8.578177,0.3948751,33.145084,18.466415
14.5,2.0710661,8.598851,0.3925181,33.08858,18.49579
14.51,2.0753803,8.619568,0.3901696,33.032043,18.525177
14.52,2.0797017,8.640327,0.38783124,32.975494,18.55457
14.53,2.0840287,8.661132,0.3855012,32.918938,18.583973
14.54,2.0883632,8.681979,0.38318074,32.862343,18.613386
14.55,2.092704,8.702873,0.38086927,32.805737,18.642807
14.56,2.0970519,8.723806,0.37856713,32.74911,18.672237
14.57,2.1014054,8.744783,0.37627468,32.69248,18.701668
14.58,2.105767,8.765805,0.37399036,32.635803,18.731123
14.59,2.1101358,8.786873,0.37171572,32.579113,18.760578
14.6,2.1145098,8.8079815,0.36945003,32.52241,18.79004
14.61,2.1188908,8.829134,0.36719388,32.465687,18.81952
14.62,2.1232798,8.850334,0.36494613,32.408936,18.849
14.63,2.1276734,8.871573,0.36270857,32.35219,18.878483
14.64,2.1320744,8.892858,0.36047918,32.29541,18.907988
14.65,2.1364822,8.914185,0.35825917,32.23862,18.937489
14.66,2.140897,8.93556,0.3560487,32.181812,18.967005
14.67,2.1453178,8.956976,0.3538467,32.124985,18.996527
14.68,2.1497464,8.978438,0.3516537,32.068146,19.026054
14.69,2.1541805,8.999945,0.34947032,32.01129,19.055586
14.7,2.1586218,9.021494,0.3472961,31.954416,19.085125
14.71,2.1630707,9.043093,0.3451303,31.897522,19.114677
14.72,2.167525,9.064732,0.34297365,31.840624,19.14423
14.73,2.1719851,9.086414,0.34082675,31.78371,19.173786
14.74,2.1764543,9.108143,0.33868814,31.72678,19.203362
14.75,2.1809285,9.129917,0.33655888,31.669827,19.232937
14.76,2.1854105,9.151735,0.33443868,31.612864,19.262518
14.77,2.1898987,9.173603,0.3323269,31.55588,19.292105
14.78,2.1943922,9.195508,0.330225,31.498903,19.321697
14.79,2.1988947,9.217464,0.32813177,31.441898,19.351292
14.8,2.203402,9.239463,0.3260474,31.384876,19.380903
14.81,2.2079167,9.261508,0.3239717,31.327856,19.410513
14.82,2.2124376,9.283594,0.3219055,31.27083,19.440128
14.83,2.2169657,9.305733,0.31984797,31.213768,19.469755
14.84,2.221501,9.327916,0.31779975,31.156708,19.499376
14.85,2.2260423,9.350141,0.3157601,31.099644,19.52901
14.86,2.2305896,9.372405,0.31372947,31.04256,19.558645
14.87,2.2351446,9.394728,0.31170768,30.985466,19.588285
14.88,2.239706,9.41709,0.30969474,30.92835,19.617931
14.89,2.2442744,9.439496,0.30769053,30.871237,19.647581
14.9,2.2488487,9.461954,0.30569553,30.814112,19.677237
14.91,2.2534292,9.484448,0.3037093,30.756977,19.70689
14.92,2.258017,9.506996,0.30173177,30.699839,19.736555
14.93,2.2626123,9.529589,0.29976338,30.642673,19.766222
14.94,2.2672126,9.552228,0.2978035,30.585524,19.79589
14.95,2.2718213,9.574912,0.29585242,30.528336,19.825571
14.96,2.2764366,9.597643,0.29391047,30.471163,19.855244
14.97,2.2810574,9.620418,0.29197717,30.413979,19.884928
14.98,2.285685,9.643242,0.29005262,30.356781,19.914612
14.99,2.290319,9.66611,0.2881371,30.299585,19.944294
15.0,2.2949605,9.689029,0.28622964,30.24238,19.973988
15.01,2.2996085,9.711991,0.28433144,30.185154,20.003683
15.02,2.3042622,9.734999,0.28244188,30.12794,20.033373
15.03,2.3089237,9.758056,0.28056133,30.070711,20.063065
15.04,2.3135922,9.781159,0.27868873,30.013472,20.092764
15.05,2.3182662,9.804308,0.2768257,29.956236,20.122473
15.06,2.3229473,9.827502,0.27497086,29.89899,20.152174
15.07,2.327635,9.850747,0.27312493,29.84175,20.181873
15.08,2.332329,9.874038,0.2712876,29.7845,20.21158
15.09,2.3370314,9.897379,0.2694586,29.727245,20.241299
15.1,2.3417377,9.920767,0.2676386,29.669987,20.271004
15.11,2.3464515,9.944195,0.26582697,29.612734,20.300718
15.12,2.351172,9.967674,0.26402432,29.555458,20.33043
15.13,2.3558996,9.991203,0.26222956,29.498188,20.360147
15.14,2.360635,10.014784,0.26044354,29.440903,20.389864
15.15,2.365375,10.0384035,0.25866687,29.383644,20.41957
15.16,2.3701222,10.062073,0.25689787,29.326355,20.449286
15.17,2.3748763,10.085791,0.25513768,29.269081,20.47901
15.18,2.3796382,10.10956,0.25338584,29.211796,20.508726
15.19,2.3844047,10.133372,0.25164297,29.154526,20.538437
15.2,2.3891785,10.15723,0.24990855,29.097248,20.568155
15.21,2.3939595,10.181143,0.24818203,29.039965,20.59787
15.22,2.3987467,10.205099,0.24646418,28.982677,20.627586
15.23,2.4035392,10.229102,0.2447551,28.925388,20.6573
15.24,2.4083397,10.253158,0.24305397,28.868105,20.687017
15.25,2.413148,10.27726,0.24136141,28.810827,20.716732
15.26,2.4179611,10.301412,0.23967727,28.753546,20.746439
15.27,2.422782,10.325614,0.23800115,28.696268,20.776152
15.28,2.4276087,10.349863,0.23633435,28.638992,20.80586
15.29,2.4324422,10.37416,0.23467505,28.58171,20.83557
15.3,2.4372818,10.398506,0.23302448,28.524439,20.86527
15.31,2.4421282,10.422899,0.23138179,28.467161,20.894974
15.32,2.4469814,10.44734,0.22974761,28.409895,20.924675
15.33,2.4518409,10.47183,0.22812192,28.352634,20.954374
15.34,2.4567077,10.496372,0.22650439,28.29537,20.984076
15.35,2.4615803,10.520961,0.22489507,28.238113,21.01377
15.36,2.4664605,10.545599,0.22329383,28.180862,21.043472
15.37,2.4713466,10.570286,0.22170116,28.123621,21.073154
15.38,2.4762394,10.595024,0.2201162,28.06635,21.10285
15.39,2.4811392,10.619818,0.21853952,28.00912,21.132536
15.4,2.486046,10.644649,0.21697123,27.951885,21.16222
15.41,2.4909582,10.669531,0.21541095,27.89466,21.191893
15.42,2.495878,10.694469,0.21385875,27.837425,21.221567
15.43,2.500804,10.719455,0.21231441,27.7802,21.251236
15.44,2.505736,10.744486,0.21077877,27.722992,21.280903
15.45,2.5106742,10.769568,0.20925073,27.665785,21.310574
15.46,2.5156205,10.7947035,0.20773076,27.60859,21.340233
15.47,2.5205734,10.81989,0.20621881,27.551394,21.369886
15.48,2.5255318,10.845118,0.20471492,27.49421,21.399538
15.49,2.5304978,10.870404,0.20321877,27.437033,21.42919
15.5,2.5354698,10.895736,0.20173125,27.379873,21.458832
15.51,2.5404487,10.921122,0.20025097,27.322706,21.488464
15.52,2.5454333,10.946555,0.19877928,27.265543,21.518097
15.53,2.5504248,10.972039,0.19731481,27.208405,21.547728
15.54,2.555425,10.997579,0.19585833,27.151276,21.577356
15.55,2.5604293,11.023159,0.19441026,27.094152,21.60696
15.56,2.5654414,11.048797,0.19296934,27.03703,21.636574
15.57,2.5704587,11.074478,0.19153687,26.979929,21.666174
15.58,2.575483,11.100214,0.19011194,26.922832,21.695774
15.59,2.5805144,11.126003,0.18869473,26.86575,21.725363
15.6,2.585553,11.151841,0.18728533,26.808678,21.754955
15.61,2.5905972,11.177727,0.18588391,26.751612,21.784538
15.62,2.5956485,11.203668,0.18448994,26.69456,21.814108
15.63,2.6007068,11.229659,0.18310322,26.637516,21.843678
15.64,2.6057703,11.255701,0.18172497,26.580488,21.873241
15.65,2.610841,11.281793,0.18035404,26.523478,21.902794
15.66,2.615919,11.307931,0.17899106,26.466476,21.932339
15.67,2.6210027,11.33413,0.17763534,26.409485,21.961878
15.68,2.6260936,11.360377,0.17628744,26.352505,21.991413
15.69,2.6311889,11.386672,0.17494683,26.295547,22.020933
15.7,2.6362925,11.413018,0.17361432,26.238607,22.05045
15.71,2.6414046,11.439427,0.17228897,26.181656,22.079967
15.72,2.6465206,11.4658785,0.17097068,26.124733,22.109463
15.73,2.6516438,11.492375,0.1696605,26.067839,22.138958
15.74,2.6567736,11.518934,0.16835766,26.010939,22.168434
15.75,2.6619096,11.545547,0.16706236,25.95406,22.197918
15.76,2.6670527,11.572205,0.1657741,25.897192,22.227383
15.77,2.6722026,11.598912,0.16449323,25.84034,22.25684
15.78,2.6773584,11.625669,0.16322063,25.78352,22.286283
15.79,2.6825216,11.652484,0.16195479,25.726702,22.315733
15.8,2.6876915,11.679352,0.16069596,25.6699,22.345156
15.81,2.6928656,11.706271,0.1594448,25.613123,22.37458
15.82,2.6980472,11.733239,0.15820128,25.556364,22.403986
15.83,2.7032363,11.76027,0.15696396,25.49961,22.433397
15.84,2.7084303,11.787339,0.15573472,25.442883,22.462797
15.85,2.7136326,11.8144655,0.1545123,25.386173,22.492174
15.86,2.7188425,11.841646,0.1532977,25.329481,22.52155
15.87,2.7240562,11.868881,0.1520897,25.272808,22.55091
15.88,2.7292786,11.896162,0.15088883,25.216143,22.580263
15.89,2.7345061,11.923507,0.14969511,25.159506,22.609612
15.9,2.7397394,11.950894,0.14850909,25.102896,22.638937
15.91,2.744981,11.978338,0.14732942,25.046293,22.668247
15.92,2.7502277,12.00583,0.14615728,24.98971,22.697557
15.93,2.7554815,12.033389,0.14499208,24.933151,22.726854
15.94,2.7607424,12.060985,0.14383402,24.876612,22.75614
15.95,2.7660084,12.088639,0.14268292,24.8201,22.78541
15.96,2.7712805,12.116344,0.14153828,24.763609,22.81467
15.97,2.776562,12.144109,0.14040098,24.707125,22.843925
15.98,2.7818482,12.171922,0.13927075,24.650677,22.873163
15.99,2.7871397,12.19979,0.13814738,24.594234,22.902391
16.0,2.7924387,12.227718,0.13703042,24.537823,22.931604
16.01,2.797745,12.255692,0.13592063,24.48144,22.960804
16.02,2.8030567,12.283714,0.13481759,24.425072,22.989996
16.03,2.8083756,12.311799,0.13372152,24.368729,23.019167
16.04,2.8137,12.339934,0.13263217,24.312412,23.048332
16.05,2.819031,12.368118,0.13154946,24.256126,23.077477
16.06,2.824368,12.396362,0.13047375,24.199848,23.106617
16.07,2.829713,12.424661,0.12940498,24.143599,23.135733
16.08,2.835065,12.453012,0.12834187,24.08737,23.164843
16.09,2.8404212,12.481415,0.12728634,24.031174,23.193941
16.1,2.8457851,12.509879,0.12623705,23.974995,23.223026
16.11,2.851155,12.53839,0.12519448,23.91884,23.252092
16.12,2.8565311,12.56696,0.12415867,23.86272,23.28115
16.13,2.8619125,12.595575,0.123129226,23.80663,23.31018
16.14,2.8673007,12.62425,0.12210624,23.750565,23.339193
16.15,2.8726964,12.652984,0.12108994,23.694517,23.368214
16.16,2.878098,12.6817665,0.120080106,23.638498,23.397198
16.17,2.8835063,12.7106085,0.11907702,23.582506,23.426178
16.18,2.8889215,12.739503,0.11807995,23.526539,23.455149
16.19,2.8943417,12.7684555,0.11708978,23.470598,23.484095
16.2,2.8997693,12.797456,0.11610543,23.414686,23.513025
16.21,2.9052007,12.826513,0.11512804,23.35882,23.541931
16.22,2.910641,12.855628,0.114156686,23.302965,23.570837
16.23,2.916086,12.884792,0.11319156,23.247147,23.59972
16.24,2.921539,12.914021,0.112233065,23.191347,23.62859
16.25,2.9269974,12.943297,0.11128054,23.135576,23.657446
16.26,2.9324617,12.972635,0.1103346,23.079844,23.686285
16.27,2.9379327,13.002026,0.10939455,23.024143,23.7151
16.28,2.9434104,13.031467,0.10846103,22.968466,23.743898
16.29,2.9488935,13.060973,0.107533835,22.912823,23.77268
16.3,2.954383,13.090525,0.106612876,22.857222,23.801441
16.31,2.9598782,13.120134,0.105697736,22.801638,23.830193
16.32,2.9653804,13.149799,0.10478866,22.74608,23.858923
16.33,2.9708886,13.179526,0.10388564,22.69056,23.887644
16.34,2.9764025,13.209306,0.1029887,22.635075,23.91634
16.35,2.9819236,13.239141,0.10209801,22.579617,23.945013
16.36,2.9874504,13.269031,0.10121356,22.524199,23.97368
16.37,2.9929843,13.2989855,0.10033478,22.46881,24.002327
16.38,2.998521,13.328978,0.09946225,22.413464,24.030947
16.39,3.0040677,13.359045,0.09859546,22.35814,24.05955
16.4,3.0096185,13.389159,0.09773484,22.302853,24.088129
16.41,3.0151763,13.419325,0.09687995,22.247599,24.1167
16.42,3.0207393,13.449558,0.09603145,22.192385,24.14524
16.43,3.026309,13.47985,0.095188126,22.137197,24.173765
16.44,3.031885,13.510189,0.094351225,22.082052,24.202276
16.45,3.0374665,13.540592,0.09351924,22.026936,24.230762
16.46,3.043054,13.571041,0.092694096,21.971867,24.259228
16.47,3.0486479,13.601552,0.09187462,21.91683,24.287674
16.48,3.0542479,13.632123,0.09106038,21.861826,24.316107
16.49,3.0598536,13.662758,0.09025207,21.806849,24.344517
16.5,3.0654657,13.6934395,0.0894495,21.751928,24.372898
16.51,3.071083,13.724179,0.088652715,21.697033,24.401272
16.52,3.0767064,13.754977,0.087861754,21.64218,24.429617
16.53,3.0823362,13.785832,0.08707627,21.58736,24.457943
16.54,3.0879734,13.816748,0.086296365,21.532581,24.486248
16.55,3.0936122,13.847711,0.08552249,21.47786,24.514515
16.56,3.0992591,13.878739,0.08475321,21.423155,24.542774
16.57,3.104914,13.909829,0.08399037,21.368492,24.571022
16.58,3.1105726,13.940971,0.08323286,21.31387,24.599241
16.59,3.116238,13.972177,0.08248077,21.259295,24.62744
16.6,3.1219084,14.003433,0.081733815,21.204744,24.655605
16.61,3.127587,14.03475,0.08099314,21.150253,24.683754
16.62,3.1332684,14.066126,0.08025745,21.095795,24.711885
16.63,3.138957,14.097554,0.07952694,21.041386,24.739986
16.64,3.1446507,14.129048,0.07880215,20.987005,24.768068
16.65,3.1503518,14.160602,0.07808285,20.93267,24.796131
16.66,3.156058,14.192204,0.07736915,20.878378,24.824158
16.67,3.1617696,14.223867,0.07666014,20.824139,24.852167
16.68,3.1674874,14.255599,0.0759567,20.769934,24.880156
16.69,3.1732101,14.287381,0.07525825,20.715767,24.908121
16.7,3.1789403,14.319222,0.074565455,20.661644,24.936066
16.71,3.1846735,14.351119,0.07387788,20.607582,24.963978
16.72,3.1904128,14.383072,0.073195554,20.553547,24.991861
16.73,3.19616,14.415092,0.07251811,20.49956,25.019741
16.74,3.201912,14.447166,0.07184621,20.445623,25.047585
16.75,3.2076702,14.47931,0.07117875,20.39172,25.075401
16.76,3.2134333,14.511499,0.070517235,20.33787,25.103205
16.77,3.2192016,14.543753,0.0698604,20.284061,25.130978
16.78,3.2249753,14.576064,0.06920886,20.230297,25.158722
16.79,3.2307553,14.608432,0.06856218,20.17659,25.18644
16.8,3.236541,14.6408615,0.06792059,20.122932,25.214128
16.81,3.2423315,14.673346,0.06728407,20.069307,25.241789
16.82,3.2481287,14.7058935,0.066652425,20.015745,25.269444
16.83,3.2539313,14.7385,0.06602569,19.962215,25.297058
16.84,3.2597396,14.77117,0.06540399,19.908728,25.32466
16.85,3.2655537,14.803896,0.064787015,19.855303,25.352224
16.86,3.2713716,14.836679,0.06417507,19.80193,25.379753
16.87,3.2771964,14.869521,0.06356808,19.74859,25.407265
16.88,3.283026,14.902416,0.062965795,19.695316,25.434746
16.89,3.288861,14.935376,0.062368236,19.642084,25.4622
16.9,3.2947035,14.968398,0.06177556,19.588892,25.489632
16.91,3.3005493,15.001479,0.061187897,19.535765,25.517038
16.92,3.3064015,15.034619,0.060604505,19.482676,25.544424
16.93,3.3122602,15.06782,0.06002586,19.429646,25.571772
16.94,3.3181214,15.101076,0.05945231,19.37667,25.599096
16.95,3.3239908,15.134391,0.058882955,19.323736,25.626387
16.96,3.3298638,15.167765,0.058318514,19.270857,25.653656
16.97,3.3357437,15.2012,0.05775826,19.218025,25.680895
16.98,3.3416283,15.234703,0.057202857,19.16525,25.708103
16.99,3.347518,15.268255,0.056652144,19.112526,25.735294
17.0,3.353414,15.301869,0.05610576,19.05986,25.762447
17.01,3.3593154,15.335545,0.05556423,19.007235,25.789587
17.02,3.365222,15.369278,0.055026818,18.954662,25.81667
17.03,3.371134,15.403074,0.0544936,18.902143,25.843746
17.04,3.37705,15.436924,0.053965252,18.849682,25.87078
17.05,3.382971,15.470828,0.053440984,18.797295,25.897783
17.06,3.3889,15.504804,0.052921213,18.74493,25.92477
17.07,3.3948314,15.538832,0.052405715,18.692642,25.95173
17.08,3.4007714,15.5729265,0.051894594,18.640387,25.978662
17.09,3.4067152,15.607074,0.051387634,18.5882,26.005556
17.1,3.4126642,15.641287,0.05088501,18.536062,26.032415
17.11,3.418617,15.675548,0.05038667,18.483988,26.059256
17.12,3.424578,15.709882,0.04989263,18.431963,26.086067
17.13,3.430541,15.744255,0.04940274,18.38001,26.112825
17.14,3.4365118,15.778712,0.048916534,18.32809,26.139585
17.15,3.4424872,15.813215,0.04843451,18.276237,26.1663
17.16,3.4484677,15.847778,0.047957152,18.22444,26.192987
17.17,3.4544554,15.882406,0.04748344,18.172693,26.219637
17.18,3.4604466,15.9170885,0.047013983,18.121008,26.246267
17.19,3.4664416,15.951835,0.0465483,18.069374,26.272863
17.2,3.4724445,15.986636,0.046086576,18.01781,26.299416
17.21,3.4784498,16.02149,0.045629114,17.966314,26.325933
17.22,3.4844627,16.056414,0.045175135,17.914854,26.352448
17.23,3.490479,16.091389,0.044725128,17.863455,26.378923
17.24,3.4965012,16.126429,0.04427903,17.812122,26.40536
17.25,3.5025299,16.161537,0.043836754,17.760836,26.431767
17.26,3.508563,16.196692,0.04339817,17.709625,26.45815
17.27,3.5146008,16.231903,0.042963505,17.658459,26.484486
17.28,3.5206444,16.267189,0.042532627,17.607359,26.510801
17.29,3.5266936,16.302519,0.04210562,17.556318,26.537088
17.3,3.5327458,16.337908,0.04168157,17.505344,26.563334
17.31,3.5388055,16.373365,0.041261908,17.454424,26.589552
17.32,3.544868,16.408875,0.040845614,17.40356,26.615732
17.33,3.5509374,16.444443,0.040433124,17.352772,26.641882
17.34,3.5570104,16.480078,0.040023856,17.302027,26.668
17.35,3.5630913,16.51576,0.03961838,17.251354,26.694092
17.36,3.5691748,16.551514,0.039216276,17.200733,26.72015
17.37,3.5752645,16.587318,0.03881768,17.15018,26.746172
17.38,3.5813568,16.623184,0.038422626,17.099703,26.772154
17.39,3.5874565,16.659105,0.038030647,17.049274,26.798111
17.4,3.5935614,16.695091,0.037642177,16.998901,26.824032
17.41,3.5996714,16.731133,0.037257347,16.948603,26.849928
17.42,3.605785,16.767242,0.036876414,16.898357,26.875797
17.43,3.611906,16.803398,0.03649759,16.848175,26.901608
17.44,3.618031,16.839617,0.03612259,16.798067,26.9274
17.45,3.624161,16.875904,0.03575089,16.74801,26.953167
17.46,3.6302946,16.91223,0.035382353,16.698029,26.978878
17.47,3.6364353,16.948631,0.03501696,16.648108,27.004568
17.48,3.642581,16.985086,0.03465501,16.598248,27.030216
17.49,3.6487281,17.021605,0.034295782,16.548462,27.055841
17.5,3.6548827,17.058182,0.033939913,16.498734,27.081432
17.51,3.6610444,17.094816,0.03358724,16.449064,27.10699
17.52,3.6672084,17.131504,0.033237617,16.399467,27.132502
17.53,3.6733775,17.16826,0.032890882,16.349945,27.157986
17.54,3.6795526,17.205074,0.032547437,16.300474,27.183437
17.55,3.68573,17.241934,0.032206662,16.251081,27.20885
17.56,3.6919148,17.278862,0.03186914,16.201754,27.234226
17.57,3.6981037,17.315859,0.031533968,16.152487,27.259573
17.58,3.704299,17.352905,0.031202488,16.103281,27.284887
17.59,3.7104971,17.390018,0.03087359,16.054153,27.310156
17.6,3.7166998,17.42718,0.03054713,16.005093,27.335394
17.61,3.7229092,17.464415,0.030224048,15.956092,27.36061
17.62,3.7291236,17.501707,0.02990321,15.907167,27.385773
17.63,3.7353394,17.539042,0.02958564,15.858311,27.410898
17.64,3.7415612,17.576445,0.029270813,15.809523,27.436008
17.65,3.7477906,17.61392,0.028958958,15.760807,27.46107
17.66,3.7540233,17.651447,0.028649226,15.712151,27.48609
17.67,3.76026,17.689028,0.028342519,15.663566,27.51108
17.68,3.766501,17.726673,0.028038431,15.615055,27.536037
17.69,3.7727466,17.764383,0.027737003,15.5666065,27.560965
17.7,3.7789986,17.802156,0.027438205,15.518241,27.58584
17.71,3.7852535,17.839973,0.027142137,15.469947,27.610672
17.72,3.7915134,17.87786,0.026848335,15.421715,27.635485
17.73,3.7977784,17.915815,0.026557434,15.373552,27.660255
17.74,3.8040488,17.953827,0.026268765,15.325471,27.684998
17.75,3.8103225,17.9919,0.025982946,15.277454,27.7097
17.76,3.8166006,18.030035,0.025699297,15.229505,27.734365
17.77,3.8228838,18.068222,0.02541813,15.181632,27.758984
17.78,3.8291714,18.106476,0.02513979,15.133841,27.783567
17.79,3.8354642,18.1448,0.024863917,15.086111,27.808117
17.8,3.8417592,18.183172,0.024589818,15.038465,27.83263
17.81,3.8480616,18.221607,0.024318885,14.990889,27.857107
17.82,3.8543668,18.260117,0.024049751,14.943381,27.88155
17.83,3.8606765,18.298681,0.023783192,14.895949,27.90594
17.84,3.8669899,18.3373,0.02351915,14.848597,27.930302
17.85,3.8733082,18.375992,0.023257475,14.80131,27.95463
17.86,3.879632,18.414732,0.022997862,14.754106,27.97892
17.87,3.8859606,18.453556,0.022740506,14.706971,28.003176
17.88,3.8922904,18.492426,0.022485591,14.659922,28.027374
17.89,3.8986254,18.531364,0.022232944,14.612944,28.051552
17.9,3.9049654,18.570364,0.021982588,14.566045,28.075678
17.91,3.9113116,18.609438,0.021734573,14.51921,28.099777
17.92,3.917659,18.648563,0.021488808,14.4724655,28.123827
17.93,3.9240122,18.687757,0.02124454,14.425787,28.147844
17.94,3.9303694,18.72701,0.021003105,14.3791895,28.171822
17.95,3.9367304,18.766333,0.020763848,14.332668,28.195766
17.96,3.9430947,18.80572,0.020527076,14.286236,28.21967
17.97,3.949464,18.845167,0.020291857,14.239875,28.243523
17.98,3.9558382,18.884674,0.020058773,14.193586,28.267342
17.99,3.9622147,18.924265,0.019827984,14.14738,28.291132
18.0,3.9685962,18.963907,0.019599719,14.101252,28.314873
18.01,3.974982,19.003613,0.019372994,14.055205,28.338577
18.02,3.9813712,19.043385,0.019148361,14.009232,28.362238
18.03,3.9877644,19.083227,0.018925797,13.9633465,28.385868
18.04,3.9941614,19.123135,0.01870544,13.917531,28.40945
18.05,4.0005627,19.163103,0.018487498,13.871813,28.432987
18.06,4.0069666,19.203135,0.018271597,13.82616,28.4565
18.07,4.013377,19.243244,0.018057065,13.780584,28.479956
18.08,4.019789,19.283415,0.01784477,13.735104,28.503382
18.09,4.0262055,19.323654,0.017634355,13.689694,28.526762
18.1,4.0326266,19.363953,0.017426481,13.644373,28.55011
18.11,4.039052,19.404325,0.017220177,13.599126,28.5734
18.12,4.0454803,19.444765,0.017015992,13.55396,28.596663
18.13,4.0519104,19.485262,0.016813572,13.508893,28.619884
18.14,4.058347,19.525833,0.016613461,13.463889,28.643064
18.15,4.064785,19.566477,0.016414832,13.418975,28.666204
18.16,4.071226,19.607176,0.016218469,13.37414,28.689306
18.17,4.077674,19.647955,0.016023984,13.32939,28.712349
18.18,4.0841255,19.688803,0.015831556,13.284718,28.73537
18.19,4.0905795,19.729721,0.015641162,13.24013,28.758354
18.2,4.097037,19.770693,0.015451981,13.195628,28.781277
18.21,4.103495,19.811731,0.015265082,13.151217,28.804169
18.22,4.10996,19.852848,0.015080256,13.106883,28.82702
18.23,4.1164293,19.894032,0.014896861,13.062627,28.849833
18.24,4.1229,19.935291,0.014715567,13.0184555,28.87259
18.25,4.129374,19.976608,0.014536312,12.974376,28.895329
18.26,4.1358547,20.018011,0.014358846,12.930371,28.918
18.27,4.1423345,20.059465,0.014182949,12.886457,28.940649
18.28,4.1488223,20.100996,0.014008843,12.842623,28.963242
18.29,4.15531,20.142597,0.013836591,12.798878,28.98579
18.3,4.161801,20.18425,0.013666726,12.755222,29.008305
18.31,4.1682982,20.225985,0.013497813,12.711639,29.030794
18.32,4.174795,20.267801,0.013330749,12.668145,29.053211
18.33,4.1812987,20.309675,0.0131655745,12.624737,29.075605
18.34,4.187803,20.351616,0.013002683,12.581417,29.097952
18.35,4.194313,20.39364,0.01284121,12.538169,29.12025
18.36,4.200827,20.435719,0.0126814665,12.495014,29.142508
18.37,4.2073407,20.477879,0.012523588,12.451946,29.164732
18.38,4.213859,20.520086,0.012367244,12.408969,29.186907
18.39,4.2203803,20.562382,0.012212692,12.36607,29.209026
18.4,4.226907,20.604757,0.012059757,12.323256,29.231127
18.41,4.233434,20.647182,0.011908501,12.28053,29.253168
18.42,4.239966,20.68968,0.011758535,12.237884,29.275179
18.43,4.246501,20.732262,0.011611156,12.195323,29.297134
18.44,4.253039,20.774895,0.011465215,12.152855,29.319048
18.45,4.2595806,20.817612,0.011320502,12.110466,29.34093
18.46,4.2661233,20.86038,0.011177571,12.068169,29.362753
18.47,4.2726693,20.903223,0.011036294,12.025956,29.384542
18.48,4.2792215,20.946144,0.010896496,11.983826,29.40628
18.49,4.2857757,20.989132,0.010758663,11.941775,29.427988
18.5,4.2923317,21.032185,0.010622166,11.8998165,29.449642
18.51,4.2988925,21.075314,0.010487241,11.857942,29.471258
18.52,4.305453,21.1185,0.010353763,11.816153,29.492828
18.53,4.3120203,21.161768,0.010222142,11.77445,29.514349
18.54,4.318589,21.2051,0.010091718,11.732826,29.535837
18.55,4.3251595,21.248495,0.009962861,11.691304,29.55727
18.56,4.3317347,21.291967,0.009835952,11.649851,29.578674
18.57,4.3383126,21.335495,0.009710347,11.608495,29.600016
18.58,4.3448935,21.379093,0.009586149,11.567217,29.621315
18.59,4.3514757,21.422773,0.0094635,11.526024,29.642578
18.6,4.3580627,21.466513,0.009342298,11.484914,29.663801
18.61,4.3646517,21.510315,0.009222637,11.443892,29.684982
18.62,4.371244,21.5542,0.009104131,11.40295,29.706099
18.63,4.3778377,21.598135,0.008987065,11.362108,29.727184
18.64,4.3844366,21.642136,0.008871284,11.321342,29.74823
18.65,4.3910375,21.68622,0.00875731,11.280655,29.76922
18.66,4.3976407,21.73036,0.008644927,11.240062,29.79017
18.67,4.404247,21.774565,0.008533091,11.199546,29.811089
18.68,4.410857,21.818844,0.008423146,11.159119,29.83194
18.69,4.417469,21.863186,0.008314639,11.118773,29.85276
18.7,4.424083,21.907593,0.008207225,11.07852,29.873543
18.71,4.430699,21.952057,0.008100897,11.038352,29.894253
18.72,4.4373193,21.996597,0.007996364,10.998261,29.914948
18.73,4.4439425,22.041199,0.007892805,10.958257,29.935583
18.74,4.450568,22.085865,0.007790577,10.918338,29.956167
18.75,4.4571967,22.130602,0.0076897684,10.878502,29.976728
18.76,4.4638267,22.175402,0.0075901835,10.838749,29.997227
18.77,4.47046,22.220266,0.0074914666,10.799082,30.01769
18.78,4.477098,22.265186,0.007393763,10.7595005,30.0381
18.79,4.483734,22.310186,0.0072979443,10.720002,30.05847
18.8,4.4903765,22.355232,0.0072032036,10.6805935,30.078775
18.81,4.4970202,22.400349,0.0071093543,10.641266,30.099064
18.82,4.5036664,22.445534,0.00701662,10.602016,30.11929
18.83,4.510317,22.490782,0.006924983,10.562859,30.139473
18.84,4.516968,22.536087,0.0068346034,10.523779,30.159613
18.85,4.5236197,22.581459,0.0067454474,10.484788,30.179708
18.86,4.5302773,22.626896,0.0066572134,10.445877,30.199755
18.87,4.536937,22.672396,0.0065699536,10.40705,30.219753
18.88,4.5435963,22.717943,0.006483916,10.36832,30.239714
18.89,4.5502615,22.763565,0.0063987277,10.3296585,30.25962
18.9,4.5569267,22.809242,0.006314748,10.291091,30.279488
18.91,4.5635953,22.854996,0.0062316735,10.252596,30.299301
18.92,4.5702662,22.900806,0.006149611,10.2141905,30.319075
18.93,4.576939,22.946672,0.006068578,10.175871,30.338808
18.94,4.5836153,22.992603,0.0059887203,10.137632,30.358477
18.95,4.5902944,23.03859,0.0059095635,10.099484,30.378119
18.96,4.5969696,23.084631,0.0058314195,10.061421,30.397696
18.97,4.6036544,23.130758,0.005754105,10.023437,30.417238
18.98,4.6103396,23.176922,0.0056775683,9.985535,30.43673
18.99,4.6170278,23.223171,0.0056020734,9.947718,30.456186
19.0,4.6237154,23.269457,0.0055276807,9.909988,30.475576
19.01,4.6304073,23.315815,0.0054536387,9.872342,30.494932
19.02,4.6371017,23.362236,0.005380807,9.834777,30.514248
19.03,4.6437974,23.408724,0.005308728,9.797301,30.533506
19.04,4.650492,23.45526,0.005237782,9.759904,30.552723
19.05,4.657192,23.501844,0.005167433,9.722598,30.571884
19.06,4.6638956,23.548513,0.0050978037,9.685374,30.591013
19.07,4.670602,23.595242,0.005029124,9.64823,30.610075
19.08,4.6773067,23.642021,0.0049608354,9.6111765,30.629107
19.09,4.684015,23.68885,0.0048939795,9.5742035,30.64808
19.1,4.690725,23.735756,0.004827336,9.53732,30.667017
19.11,4.697438,23.782738,0.004761525,9.50052,30.685902
19.12,4.704151,23.829754,0.004696325,9.463799,30.704752
19.13,4.710865,23.876835,0.004632717,9.427177,30.723534
19.14,4.7175856,23.923986,0.004569255,9.390628,30.742285
19.15,4.724304,23.97119,0.004506232,9.354169,30.760975
19.16,4.731029,24.018457,0.0044438485,9.317791,30.77964
19.17,4.7377534,24.065788,0.0043825433,9.281503,30.79824
19.18,4.744479,24.113186,0.004321864,9.245298,30.816793
19.19,4.751207,24.16064,0.0042618457,9.209184,30.835306
19.2,4.7579384,24.20815,0.0042022974,9.17315,30.85376
19.21,4.7646646,24.255718,0.004143745,9.13721,30.872177
19.22,4.7714,24.303364,0.004085867,9.101352,30.890554
19.23,4.7781353,24.351068,0.004028347,9.065579,30.908867
19.24,4.7848744,24.398836,0.003971469,9.029893,30.927149
19.25,4.791612,24.446653,0.0039152936,8.994292,30.945366
19.26,4.798352,24.494549,0.0038598208,8.958778,30.963552
19.27,4.8050933,24.542494,0.00380529,8.923353,30.981688
19.28,4.811841,24.590527,0.003750543,8.888015,30.999773
19.29,4.8185854,24.638603,0.0036968621,8.852759,31.017805
19.3,4.8253336,24.686733,0.003643503,8.817606,31.035793
19.31,4.8320823,24.734936,0.0035910825,8.782528,31.053743
19.32,4.8388343,24.783213,0.0035390034,8.747537,31.07164
19.33,4.845586,24.831535,0.003487714,8.712638,31.089499
19.34,4.852341,24.879957,0.0034371433,8.677826,31.107294
19.35,4.8590946,24.928417,0.0033868207,8.643103,31.125044
19.36,4.8658533,24.976946,0.003337157,8.608468,31.142769
19.37,4.8726134,25.025541,0.003287842,8.573919,31.16042
19.38,4.879371,25.074194,0.003239566,8.53947,31.178028
19.39,4.886134,25.122921,0.0031911172,8.505099,31.1956
19.4,4.892899,25.171724,0.003144058,8.470819,31.213123
19.41,4.8996654,25.220577,0.0030967132,8.436629,31.230595
19.42,4.9064293,25.269506,0.003050535,8.402533,31.24802
19.43,4.9131994,25.318504,0.0030046045,8.368519,31.2654
19.44,4.9199686,25.367573,0.0029594675,8.3345995,31.282742
19.45,4.9267397,25.416695,0.0029144958,8.300767,31.300016
19.46,4.9335117,25.465889,0.002870408,8.26703,31.317259
19.47,4.940288,25.515163,0.0028266846,8.233382,31.334452
19.48,4.9470634,25.564507,0.0027833055,8.199819,31.351599
19.49,4.9538417,25.613905,0.0027408078,8.166349,31.368704
19.5,4.960618,25.663378,0.0026983218,8.132975,31.385746
19.51,4.9673977,25.712917,0.0026565054,8.099687,31.402754
19.52,4.9741793,25.76254,0.0026154295,8.066492,31.419725
19.53,4.9809594,25.812222,0.0025747176,8.033385,31.43663
19.54,4.9877434,25.86197,0.002535035,8.000378,31.453499
19.55,4.994528,25.911795,0.0024953755,7.9674616,31.470316
19.56,5.0013127,25.961687,0.0024560504,7.9346323,31.487097
19.57,5.0081024,26.011656,0.0024173567,7.901895,31.503826
19.58,5.0148907,26.061693,0.0023790644,7.8692484,31.520506
19.59,5.021679,26.111813,0.002341373,7.8366966,31.53714
19.6,5.028471,26.161987,0.0023041675,7.80424,31.55373
19.61,5.0352645,26.212246,0.0022670748,7.7718687,31.57027
19.62,5.042058,26.262579,0.0022310503,7.739593,31.586775
19.63,5.04885,26.312956,0.0021955976,7.7074184,31.603207
19.64,5.0556445,26.363436,0.002160415,7.6753325,31.61963
19.65,5.0624433,26.413975,0.0021251384,7.643338,31.635986
19.66,5.069238,26.464586,0.002091038,7.6114364,31.652298
19.67,5.076037,26.515276,0.0020569079,7.579629,31.66857
19.68,5.082837,26.566044,0.002023437,7.5479107,31.68479
19.69,5.089636,26.61687,0.0019906498,7.5162926,31.700956
19.7,5.0964394,26.667799,0.0019580573,7.484764,31.717098
19.71,5.103238,26.718758,0.001926343,7.453336,31.733173
19.72,5.1100416,26.769812,0.0018942691,7.4219956,31.74921
19.73,5.1168456,26.820946,0.0018633744,7.3907495,31.765203
19.74,5.1236496,26.87214,0.0018328615,7.359602,31.78116
19.75,5.1304536,26.923412,0.0018025981,7.328547,31.797056
19.76,5.13726,26.974768,0.001772752,7.297582,31.812912
19.77,5.1440654,27.026175,0.0017435392,7.266716,31.82872
19.78,5.1508727,27.077682,0.001714509,7.2359424,31.844492
19.79,5.1576805,27.129248,0.0016862797,7.205266,31.860209
19.8,5.164486,27.18088,0.0016577933,7.1746864,31.875883
19.81,5.1712976,27.232594,0.0016299626,7.1441946,31.891514
19.82,5.178105,27.284378,0.0016028583,7.113802,31.90709
19.83,5.184916,27.336245,0.0015761601,7.083501,31.922634
19.84,5.1917243,27.38818,0.0015495475,7.053297,31.938122
19.85,5.1985364,27.440178,0.0015234901,7.0231867,31.953566
19.86,5.2053456,27.492258,0.0014982577,6.9931726,31.968973
19.87,5.212155,27.544407,0.0014726045,6.9632506,31.984333
19.88,5.2189665,27.596622,0.001448025,6.933433,31.999641
19.89,5.225779,27.64892,0.0014238209,6.9036994,32.014904
19.9,5.232592,27.701296,0.0013997993,6.8740664,32.030132
19.91,5.239402,27.753729,0.0013760328,6.8445234,32.045315
19.92,5.246212,27.80623,0.0013526604,6.815079,32.060436
19.93,5.253025,27.858818,0.0013297247,6.7857285,32.075523
19.94,5.259837,27.91148,0.0013073422,6.756469,32.090572
19.95,5.2666492,27.9642,0.001285336,6.7273073,32.105564
19.96,5.2734604,28.016987,0.0012632003,6.698246,32.120506
19.97,5.280271,28.069843,0.001241751,6.6692767,32.13541
19.98,5.2870817,28.122791,0.001220773,6.6403975,32.150276
19.99,5.293894,28.175798,0.0011999113,6.611612,32.16509
20.0,5.300705,28.228878,0.0011794679,6.582924,32.17985
20.01,5.3075156,28.28202,0.0011591325,6.554328,32.194584
20.02,5.3143263,28.335247,0.0011395616,6.525827,32.209263
20.03,5.321135,28.38852,0.0011199005,6.4974227,32.223904
20.04,5.327946,28.44189,0.0011006985,6.469109,32.238487
20.05,5.3347545,28.495306,0.0010817731,6.440893,32.25303
20.06,5.3415613,28.548786,0.001063305,6.4127693,32.267544
20.07,5.3483706,28.602348,0.0010452531,6.3847375,32.28199
20.08,5.35518,28.65598,0.001027029,6.356801,32.296383
20.09,5.361988,28.709682,0.0010092203,6.328952,32.310757
20.1,5.3687954,28.76346,0.0009917533,6.3012004,32.325077
20.11,5.375602,28.817278,0.00097480323,6.273545,32.339348
20.12,5.3824067,28.871187,0.0009581037,6.245972,32.353584
20.13,5.3892117,28.92515,0.00094146654,6.2185035,32.36776
20.14,5.396017,28.97918,0.00092489645,6.191119,32.381893
20.15,5.40282,29.033283,0.0009088712,6.16383,32.395996
20.16,5.4096246,29.08746,0.00089345966,6.1366315,32.410038
20.17,5.416427,29.14169,0.0008775303,6.109521,32.42405
20.18,5.4232297,29.195997,0.0008621225,6.0825057,32.438
20.19,5.4300327,29.25037,0.00084687583,6.0555778,32.451912
20.2,5.4368296,29.304792,0.00083208457,6.0287466,32.465782
20.21,5.4436274,29.359295,0.0008171927,6.0020065,32.4796
20.22,5.4504266,29.41386,0.00080293976,5.975353,32.49338
20.23,5.457225,29.468508,0.00078861974,5.9487853,32.50712
20.24,5.4640236,29.523203,0.0007745186,5.92231,32.520805
20.25,5.4708214,29.577967,0.0007607313,5.895925,32.534447
20.26,5.477616,29.632805,0.0007470744,5.869627,32.548054
20.27,5.4844127,29.687704,0.00073356275,5.8434134,32.561615
20.28,5.491204,29.742672,0.00072039384,5.8172936,32.57512
20.29,5.4979987,29.797712,0.0007068394,5.7912574,32.58858
20.3,5.5047903,29.852802,0.0006943783,5.7653174,32.602
20.31,5.5115824,29.90797,0.0006814869,5.7394547,32.61537
20.32,5.5183725,29.963198,0.0006688321,5.713681,32.628708
20.33,5.5251617,30.0185,0.00065660756,5.6879935,32.641987
20.34,5.531951,30.073858,0.0006441204,5.662391,32.655228
20.35,5.538742,30.12929,0.000631853,5.6368732,32.668427
20.36,5.545531,30.1848,0.0006200094,5.6114373,32.681595
20.37,5.552318,30.240362,0.0006080102,5.5860887,32.69469
20.38,5.559102,30.29598,0.00059645995,5.5608296,32.70775
20.39,5.5658903,30.35169,0.00058484264,5.5356455,32.720768
20.4,5.572672,30.40745,0.00057345256,5.510546,32.733746
20.41,5.5794573,30.463291,0.0005623335,5.48553,32.74667
20.42,5.5862436,30.519201,0.0005511632,5.460595,32.759567
20.43,5.593026,30.575172,0.00054040644,5.4357424,32.77241
20.44,5.5998063,30.6312,0.000529238,5.410972,32.785194
20.45,5.606588,30.687325,0.00051868707,5.386276,32.797966
20.46,5.6133666,30.743479,0.00050789304,5.3616714,32.81067
20.47,5.620148,30.799726,0.0004973402,5.3371353,32.823334
20.48,5.626929,30.856052,0.0004870938,5.312678,32.83596
20.49,5.6337075,30.912428,0.00047669094,5.288303,32.848537
20.5,5.6404862,30.968882,0.00046654418,5.2640057,32.861073
20.51,5.647265,31.025404,0.00045661442,5.2397814,32.87357
20.52,5.6540427,31.082,0.00044672843,5.215639,32.88602
20.53,5.660821,31.138657,0.00043691415,5.19157,32.898426
20.54,5.667597,31.1954,0.00042724796,5.1675763,32.910797
20.55,5.6743727,31.252193,0.00041753612,5.143664,32.923107
20.56,5.681148,31.309067,0.0004080059,5.1198206,32.93538
20.57,5.6879215,31.366009,0.00039884727,5.096051,32.947613
20.58,5.694697,31.423023,0.00038938038,5.0723534,32.9598
20.59,5.7014723,31.480106,0.00038040336,5.0487275,32.971954
20.6,5.7082424,31.537262,0.00037125032,5.025182,32.984066
20.61,5.715015,31.594477,0.00036257878,5.0017023,32.996124
20.62,5.72179,31.651775,0.00035350304,4.9782953,33.00815
20.63,5.7285604,31.709135,0.00034508295,4.954962,33.020126
20.64,5.735329,31.766567,0.0003365148,4.9316955,33.032055
20.65,5.742098,31.824078,0.00032805186,4.9084997,33.043945
20.66,5.74887,31.881655,0.00031980127,4.885374,33.055794
20.67,5.755639,31.939285,0.00031175185,4.8623176,33.067608
20.68,5.7624097,31.996996,0.0003038831,4.8393283,33.079372
20.69,5.7691755,32.054787,0.00029599946,4.8164077,33.091103
20.7,5.775943,32.11263,0.00028824713,4.7935534,33.102783
20.71,5.7827053,32.170525,0.00028052554,4.7707763,33.11442
20.72,5.78947,32.228516,0.00027298462,4.7480583,33.12602
20.73,5.796233,32.28656,0.00026568957,4.7254043,33.13758
20.74,5.8029943,32.344654,0.00025852863,4.7028227,33.1491
20.75,5.8097568,32.402836,0.00025171414,4.680299,33.16058
20.76,5.816518,32.461075,0.00024475623,4.657845,33.172
20.77,5.8232737,32.519363,0.00023815874,4.6354566,33.1834
20.78,5.830032,32.577724,0.00023168884,4.613133,33.19474
20.79,5.8367863,32.636143,0.00022546481,4.590874,33.206047
20.8,5.8435388,32.694603,0.00021943264,4.568684,33.2173
20.81,5.8502893,32.753136,0.00021348055,4.546556,33.22854
20.82,5.857039,32.811726,0.0002078414,4.5244856,33.23972
20.83,5.8637843,32.870358,0.00020199548,4.5024867,33.250862
20.84,5.8705277,32.929058,0.00019679125,4.480547,33.261955
20.85,5.877271,32.9878,0.00019163452,4.45867,33.27302
20.86,5.8840075,33.04658,0.00018684845,4.4368615,33.284027
20.87,5.890743,33.10541,0.0001820093,4.415114,33.295006
20.88,5.897474,33.16428,0.0001774393,4.393433,33.30595
20.89,5.904201,33.223198,0.00017341133,4.3718114,33.316837
20.9,5.910928,33.282158,0.00016943831,4.350253,33.327682
20.91,5.9176483,33.34114,0.00016555004,4.3287587,33.338493
20.92,5.924363,33.400166,0.0001622662,4.307327,33.349243
20.93,5.931074,33.459213,0.00015923288,4.285962,33.35998
20.94,5.9377823,33.518288,0.00015607383,4.2646585,33.37065
20.95,5.944481,33.577393,0.00015336275,4.2434173,33.381287
20.96,5.9511786,33.636513,0.00015083142,4.222247,33.391895
20.97,5.957868,33.695652,0.0001487052,4.2011356,33.40244
20.98,5.964551,33.754807,0.00014669355,4.180091,33.412956
20.99,5.9712257,33.813957,0.00014526676,4.1591096,33.42342
21.0,5.9778976,33.87314,0.00014403835,4.1381917,33.43384
21.01,5.984561,33.93232,0.00014333986,4.117342,33.44423
21.02,5.991215,33.99149,0.00014224648,4.0965586,33.454567
21.03,5.9978633,34.050655,0.00014221389,4.0758405,33.464855
21.04,6.0045033,34.109802,0.00014232937,4.055188,33.4751
21.05,6.011132,34.168922,0.00014254916,4.034608,33.485317
21.06,6.017754,34.228058,0.00014315639,4.0140905,33.49547
21.07,6.0243635,34.28714,0.00014410075,3.9936452,33.505596
21.08,6.030967,34.346203,0.00014548097,3.9732628,33.515667
21.09,6.037554,34.40524,0.00014731754,3.9529529,33.525696
21.1,6.044135,34.46424,0.00014948379,3.932715,33.53568
21.11,6.0507045,34.52318,0.00015171431,3.9125495,33.545605
21.12,6.057256,34.582073,0.00015440024,3.892449,33.555504
21.13,6.0637994,34.64091,0.0001575267,3.872429,33.56535
21.14,6.0703278,34.69969,0.00016101543,3.852478,33.575146
21.15,6.0768447,34.758415,0.00016497727,3.8326,33.5849
21.16,6.083348,34.81706,0.0001691645,3.8127975,33.594604
21.17,6.089837,34.875633,0.00017351564,3.793069,33.604256
21.18,6.096306,34.934097,0.00017853733,3.7734146,33.613865
21.19,6.1027627,34.9925,0.00018356647,3.7538395,33.62344
21.2,6.109205,35.0508,0.000189499,3.7343397,33.632946
21.21,6.1156254,35.10897,0.00019564666,3.7149282,33.642414
21.22,6.12203,35.16706,0.00020181574,3.695588,33.651825
21.23,6.1284194,35.225033,0.00020874664,3.6763315,33.66119
21.24,6.134788,35.28288,0.00021558348,3.657154,33.67051
21.25,6.1411386,35.340607,0.00022350717,3.6380596,33.679775
21.26,6.1474695,35.398205,0.00023112912,3.6190476,33.689
21.27,6.1537776,35.45566,0.00023974478,3.600124,33.69817
21.28,6.160067,35.512966,0.00024836697,3.5812802,33.70729
21.29,6.1663365,35.570107,0.00025738683,3.5625267,33.71635
21.3,6.1725755,35.627094,0.00026674103,3.5438633,33.72534
21.31,6.1788015,35.683914,0.00027654134,3.5252843,33.734306
21.32,6.1849995,35.740578,0.00028646365,3.5067983,33.743214
21.33,6.1911745,35.797035,0.00029689167,3.4883986,33.752064
21.34,6.1973267,35.85333,0.0003077034,3.4700909,33.760864
21.35,6.2034483,35.909416,0.0003190525,3.45188,33.76961
21.36,6.2095513,35.96531,0.0003302386,3.4337592,33.778294
21.37,6.215623,36.020985,0.0003423877,3.4157338,33.78694
21.38,6.22167,36.076447,0.0003545396,3.3978076,33.79552
21.39,6.2276864,36.131718,0.00036692154,3.3799748,33.80405
21.4,6.23368,36.186733,0.00037940778,3.362239,33.812515
21.41,6.2396426,36.24154,0.00039290544,3.3446016,33.82094
21.42,6.2455745,36.2961,0.00040639192,3.327066,33.829292
21.43,6.2514777,36.35041,0.00042022485,3.3096323,33.83758
21.44,6.2573543,36.40447,0.00043399818,3.292296,33.845844
21.45,6.2631936,36.458275,0.0004484253,3.2750673,33.85402
21.46,6.2690067,36.511803,0.00046331435,3.2579412,33.862156
21.47,6.274783,36.56507,0.00047775824,3.2409196,33.870213
21.48,6.28053,36.61808,0.00049340166,3.224002,33.878227
21.49,6.2862434,36.670788,0.00050849374,3.207192,33.886185
21.5,6.2919254,36.72321,0.0005242489,3.1904879,33.89408
21.51,6.2975726,36.775356,0.00054041576,3.1738915,33.901924
21.52,6.303185,36.82719,0.00055634044,3.1574059,33.909706
21.53,6.308763,36.87873,0.0005732877,3.1410327,33.91741
21.54,6.314304,36.929955,0.00058949087,3.124762,33.925076
21.55,6.3198113,36.980846,0.00060656667,3.108611,33.93267
21.56,6.325279,37.031433,0.0006237598,3.0925694,33.94021
21.57,6.3307123,37.081696,0.00064116623,3.0766406,33.947678
21.58,6.336111,37.131645,0.000658676,3.060823,33.955097
21.59,6.341469,37.181244,0.0006765714,3.0451236,33.962444
21.6,6.346789,37.230515,0.0006943131,3.0295343,33.969738
21.61,6.3520727,37.279434,0.0007126238,3.0140624,33.976974
21.62,6.3573194,37.328022,0.0007305909,2.9987059,33.98414
21.63,6.3625193,37.37624,0.00074879173,2.98347,33.99124
21.64,6.367691,37.424107,0.0007677926,2.968347,33.998287
21.65,6.372816,37.471638,0.00078666396,2.9533405,34.005276
21.66,6.377904,37.518772,0.0008054059,2.9384527,34.012188
21.67,6.3829503,37.56557,0.0008243378,2.9236827,34.019062
21.68,6.387958,37.612,0.0008432893,2.9090328,34.02584
21.69,6.3929257,37.658062,0.0008628061,2.8945026,34.032597
21.7,6.39785,37.70372,0.0008819727,2.8800888,34.039257
21.71,6.4027324,37.749016,0.0009014597,2.865798,34.04587
21.72,6.4075756,37.79395,0.00092082284,2.8516235,34.05241
21.73,6.412378,37.838467,0.00094028935,2.8375702,34.0589
21.74,6.4171376,37.88262,0.0009602569,2.8236365,34.065327
21.75,6.421857,37.926373,0.0009800456,2.809826,34.071697
21.76,6.4265337,37.969772,0.000999365,2.7961268,34.07798
21.77,6.431165,38.012753,0.0010195561,2.782555,34.084217
21.78,6.4357605,38.05534,0.0010396224,2.769102,34.090385
21.79,6.440309,38.09755,0.0010590255,2.7557702,34.0965
21.8,6.4448156,38.13936,0.0010791961,2.7425604,34.102562
21.81,6.4492793,38.18076,0.0010992028,2.7294683,34.10855
21.82,6.453704,38.22178,0.0011187484,2.716497,34.114464
21.83,6.458082,38.262386,0.0011389116,2.7036428,34.12033
21.84,6.4624224,38.3026,0.0011591772,2.690909,34.12613
21.85,6.466713,38.34243,0.0011789436,2.6782951,34.131874
21.86,6.4709673,38.381855,0.0011987779,2.6658,34.13755
21.87,6.475177,38.42087,0.0012189504,2.6534252,34.14318
21.88,6.479346,38.459473,0.0012389664,2.6411734,34.148724
21.89,6.483468,38.4977,0.0012586014,2.6290364,34.154232
21.9,6.4875526,38.535538,0.0012789117,2.6170158,34.159664
21.91,6.4915895,38.57293,0.0012986138,2.605113,34.165047
21.92,6.4955873,38.609962,0.0013183523,2.5933266,34.170357
21.93,6.499543,38.64659,0.0013378235,2.5816584,34.17563
21.94,6.503454,38.682816,0.0013575023,2.5701013,34.18083
21.95,6.5073285,38.71865,0.0013772622,2.5586686,34.18595
21.96,6.5111547,38.75408,0.001396521,2.5473485,34.191036
21.97,6.5149426,38.78912,0.0014157807,2.5361414,34.196053
21.98,6.5186877,38.823772,0.0014355574,2.525051,34.201023
21.99,6.5223947,38.85802,0.0014547845,2.514071,34.205944
22.0,6.526056,38.891865,0.0014739307,2.5032063,34.210777
22.01,6.5296774,38.925346,0.0014927536,2.4924498,34.21557
22.02,6.533257,38.958427,0.001511828,2.4818096,34.22031
22.03,6.5367956,38.991123,0.0015308466,2.4712772,34.22497
22.04,6.540297,39.023445,0.0015490698,2.4608536,34.229607
22.05,6.5437536,39.055367,0.001567632,2.4505482,34.23417
22.06,6.5471725,39.08692,0.0015865872,2.440343,34.238678
22.07,6.550551,39.118084,0.0016047601,2.4302516,34.243114
22.08,6.55389,39.148884,0.0016228734,2.4202638,34.247528
22.09,6.5571904,39.179306,0.0016411226,2.4103813,34.251873
22.1,6.5604486,39.209354,0.0016590552,2.4006062,34.25616
22.11,6.563671,39.23904,0.0016768286,2.390938,34.260406
22.12,6.5668545,39.268356,0.001694195,2.381372,34.264584
22.13,6.569997,39.2973,0.001711688,2.371911,34.26871
22.14,6.573104,39.325882,0.0017287685,2.3625507,34.27279
22.15,6.576171,39.354103,0.0017458238,2.3532925,34.276825
22.16,6.5792007,39.381985,0.0017628511,2.3441343,34.2808
22.17,6.5821967,39.409492,0.0017794324,2.335075,34.284718
22.18,6.585151,39.43666,0.0017960165,2.3261158,34.288593
22.19,6.58807,39.46349,0.0018121935,2.3172557,34.29242
22.2,6.5909534,39.48995,0.0018285504,2.3084898,34.296185
22.21,6.593799,39.516075,0.0018444108,2.2998247,34.299923
22.22,6.59661,39.541874,0.0018599126,2.2912517,34.30359
22.23,6.5993843,39.567307,0.0018753763,2.2827744,34.30722
22.24,6.602122,39.592445,0.0018905345,2.2743905,34.310787
22.25,6.6048284,39.617226,0.0019057803,2.2660995,34.314323
22.26,6.6074986,39.64168,0.0019207457,2.2578955,34.317802
22.27,6.610135,39.665802,0.0019354811,2.249788,34.321236
22.28,6.6127357,39.68962,0.0019496614,2.2417693,34.32463
22.29,6.6153054,39.713116,0.0019635176,2.2338371,34.327965
22.3,6.617838,39.736286,0.0019773142,2.2259943,34.331264
22.31,6.6203384,39.75917,0.0019908948,2.2182355,34.33453
22.32,6.622808,39.781727,0.002004371,2.2105684,34.33773
22.33,6.6252456,39.803978,0.002017499,2.202981,34.340893
22.34,6.6276507,39.825924,0.0020303642,2.1954803,34.344017
22.35,6.6300216,39.847584,0.002042628,2.1880627,34.347095
22.36,6.6323647,39.868942,0.0020551858,2.1807246,34.35012
22.37,6.6346765,39.889996,0.0020671263,2.1734715,34.35312
22.38,6.6369557,39.910763,0.0020788107,2.1662982,34.356068
22.39,6.639203,39.93126,0.0020902622,2.1591995,34.35897
22.4,6.6414227,39.951466,0.0021012612,2.152184,34.361835
22.41,6.6436114,39.97138,0.0021120654,2.1452436,34.364674
22.42,6.6457744,39.991035,0.0021223212,2.1383805,34.367447
22.43,6.647906,40.0104,0.0021328367,2.1315913,34.3702
22.44,6.6500077,40.029514,0.002142528,2.124879,34.372906
22.45,6.652081,40.048344,0.0021518497,2.118239,34.37556
22.46,6.654127,40.066914,0.0021614535,2.111673,34.378197
22.47,6.6561437,40.08523,0.002170276,2.1051786,34.38078
22.48,6.658134,40.10327,0.0021788431,2.0987544,34.38334
22.49,6.6601,40.12107,0.0021869438,2.092402,34.385868
22.5,6.6620336,40.138626,0.002194902,2.0861163,34.388332
22.51,6.663944,40.155926,0.0022025472,2.079898,34.390774
22.52,6.6658297,40.172974,0.0022094995,2.073748,34.39319
22.53,6.667686,40.189793,0.0022164164,2.067665,34.395565
22.54,6.669517,40.20636,0.0022228938,2.0616488,34.39789
22.55,6.6713266,40.2227,0.0022289995,2.0556989,34.400185
22.56,6.673105,40.23879,0.0022346778,2.049811,34.40246
22.57,6.6748633,40.25466,0.0022402853,2.0439825,34.404682
22.58,6.676603,40.270313,0.0022453684,2.0382214,34.40689
22.59,6.6783075,40.285736,0.0022500856,2.0325193,34.409046
22.6,6.6799927,40.30094,0.0022543445,2.0268755,34.41118
22.61,6.681656,40.315914,0.0022580912,2.021294,34.41328
22.62,6.683294,40.33069,0.0022615567,2.0157707,34.41535
22.63,6.6849103,40.345238,0.0022648145,2.0103047,34.41738
22.64,6.6865025,40.359592,0.0022674063,2.004897,34.41939
22.65,6.688075,40.373722,0.0022694208,1.9995432,34.421364
22.66,6.6896224,40.387657,0.0022715274,1.9942472,34.423306
22.67,6.6911507,40.40139,0.0022729924,1.9890043,34.425205
22.68,6.692658,40.41493,0.0022740746,1.9838153,34.427094
22.69,6.6941423,40.428265,0.0022743875,1.9786832,34.428944
22.7,6.6956053,40.441406,0.0022749566,1.9735978,34.430756
22.71,6.6970496,40.454357,0.0022747833,1.9685725,34.43256
22.72,6.6984715,40.467133,0.0022741659,1.9635905,34.434322
22.73,6.699876,40.479713,0.0022728676,1.9586608,34.436058
22.74,6.701259,40.492104,0.0022715023,1.9537803,34.43776
22.75,6.7026258,40.504326,0.002269297,1.9489483,34.439453
22.76,6.7039666,40.516365,0.0022671474,1.9441667,34.441093
22.77,6.7052946,40.528244,0.0022640089,1.9394262,34.442722
22.78,6.7066016,40.539925,0.0022611832,1.9347409,34.44433
22.79,6.7078886,40.551437,0.002257106,1.9300961,34.4459
22.8,6.70916,40.56279,0.0022531329,1.925498,34.447437
22.81,6.7104125,40.573982,0.0022481298,1.9209434,34.448975
22.82,6.7116446,40.585,0.0022429032,1.9164338,34.450478
22.83,6.7128625,40.595867,0.0022373842,1.9119669,34.451942
22.84,6.7140613,40.606567,0.0022309916,1.9075406,34.45338
22.85,6.7152414,40.61712,0.002224721,1.9031587,34.454803
22.86,6.7164097,40.62752,0.0022176001,1.8988187,34.4562
22.87,6.7175555,40.63776,0.0022098795,1.8945148,34.457577
22.88,6.71869,40.64784,0.0022019995,1.8902539,34.45893
22.89,6.719806,40.657776,0.0021934835,1.8860332,34.460243
22.9,6.7209063,40.667587,0.002184298,1.8818481,34.461555
22.91,6.7219915,40.677246,0.0021748208,1.877706,34.46284
22.92,6.7230625,40.686756,0.002165095,1.8735987,34.4641
22.93,6.7241135,40.696125,0.0021543298,1.8695279,34.465343
22.94,6.725153,40.705345,0.0021433812,1.8654947,34.466545
22.95,6.7261767,40.71447,0.0021320703,1.8614966,34.46773
22.96,6.727187,40.723423,0.0021200553,1.8575317,34.468903
22.97,6.7281823,40.732265,0.0021075206,1.8536043,34.47005
22.98,6.729163,40.740974,0.0020945892,1.8497088,34.471184
22.99,6.7301307,40.749542,0.0020808363,1.8458483,34.4723
23.0,6.7310824,40.758003,0.002066683,1.8420208,34.473377
23.01,6.732021,40.766315,0.0020521702,1.8382257,34.47446
23.02,6.7329464,40.774525,0.0020371508,1.8344606,34.4755
23.03,6.7338605,40.782608,0.0020213658,1.8307292,34.476524
23.04,6.7347603,40.79058,0.0020052698,1.8270297,34.477535
23.05,6.7356415,40.79843,0.0019884417,1.823359,34.47851
23.06,6.736518,40.80615,0.0019713556,1.8197156,34.479492
23.07,6.737379,40.813778,0.0019534864,1.8161054,34.480427
23.08,6.738227,40.82129,0.0019351449,1.8125216,34.481365
23.09,6.739065,40.828686,0.0019164877,1.8089681,34.482277
23.1,6.739887,40.835957,0.0018969495,1.8054415,34.483162
23.11,6.7407007,40.843143,0.0018767957,1.8019433,34.484055
23.12,6.741498,40.850216,0.0018566176,1.7984731,34.484913
23.13,6.7422857,40.857204,0.0018354887,1.7950288,34.485744
23.14,6.7430644,40.864063,0.0018139938,1.7916112,34.486576
23.15,6.74383,40.87082,0.0017917464,1.7882172,34.48737
23.16,6.744586,40.877487,0.0017690454,1.7848506,34.48816
23.17,6.7453294,40.88406,0.0017455947,1.7815049,34.488934
23.18,6.746063,40.890526,0.0017219167,1.7781864,34.489693
23.19,6.746782,40.8969,0.0016978625,1.7748909,34.49044
23.2,6.7474966,40.903187,0.0016727336,1.7716202,34.49115
23.21,6.748197,40.909363,0.0016474035,1.7683754,34.491863
23.22,6.7488875,40.915474,0.0016211458,1.7651482,34.49256
23.23,6.7495704,40.921482,0.0015945397,1.7619473,34.493217
23.24,6.7502413,40.92739,0.0015673516,1.7587653,34.49388
23.25,6.750901,40.933228,0.0015395274,1.7556064,34.49453
23.26,6.751551,40.93898,0.0015112301,1.7524688,34.49515
23.27,6.7521954,40.944622,0.001482537,1.7493541,34.49577
23.28,6.752827,40.950195,0.0014528632,1.7462585,34.496365
23.29,6.753452,40.955696,0.001423018,1.7431817,34.49695
23.3,6.754064,40.9611,0.0013923412,1.7401266,34.497524
23.31,6.754669,40.96644,0.0013610618,1.7370881,34.498085
23.32,6.7552657,40.97169,0.0013294276,1.73407,34.498615
23.33,6.755852,40.97687,0.001297242,1.731071,34.49914
23.34,6.75643,40.98195,0.0012642061,1.7280899,34.499664
23.35,6.756999,40.98697,0.0012303814,1.7251282,34.50016
23.36,6.7575607,40.991913,0.0011966368,1.7221814,34.500645
23.37,6.7581143,40.996784,0.0011620112,1.7192538,34.501102
23.38,6.75866,41.00158,0.0011267001,1.7163441,34.501556
23.39,6.7591977,41.0063,0.0010907426,1.7134501,34.502007
23.4,6.7597237,41.010963,0.00105426,1.7105716,34.50244
23.41,6.7602463,41.015553,0.0010173265,1.7077129,34.50286
23.42,6.760756,41.02006,0.000979702,1.7048678,34.50327
23.43,6.7612634,41.02453,0.0009412505,1.7020367,34.503654
23.44,6.7617593,41.0289,0.00090249255,1.6992228,34.50404
23.45,6.7622495,41.033203,0.0008631116,1.6964213,34.504402
23.46,6.762733,41.037468,0.00082311034,1.6936384,34.504753
23.47,6.763207,41.041653,0.0007828232,1.690867,34.5051
23.48,6.763675,41.045784,0.00074144173,1.6881096,34.505436
23.49,6.7641354,41.049843,0.0006998172,1.6853665,34.50575
23.5,6.76459,41.053852,0.0006571859,1.6826395,34.506058
23.51,6.765037,41.057793,0.0006143935,1.6799225,34.506355
23.52,6.7654767,41.06167,0.0005708877,1.6772196,34.50663
23.53,6.7659087,41.065487,0.00052645896,1.6745272,34.50691
23.54,6.766335,41.069263,0.00048196595,1.6718519,34.50717
23.55,6.7667556,41.072964,0.0004363479,1.6691858,34.507412
23.56,6.7671695,41.076607,0.0003904933,1.666533,34.507652
23.57,6.767575,41.0802,0.0003438471,1.6638906,34.50789
23.58,6.767977,41.083725,0.00029693637,1.6612588,34.508095
23.59,6.7683687,41.087208,0.00024909806,1.6586415,34.508293
23.6,6.768758,41.090637,0.00020089466,1.6560327,34.5085
23.61,6.7691417,41.094025,0.00015192665,1.6534338,34.508682
23.62,6.7695174,41.09736,0.0001021903,1.650847,34.508842
23.63,6.7698884,41.100628,5.210936e-05,1.648272,34.50901
23.64,6.770253,41.103855,1.5320256e-06,1.6457057,34.509155
23.65,6.77061,41.107014,-5.0219707e-05,1.6431487,34.509308
23.66,6.7709627,41.110153,-0.00010213349,1.6406021,34.509426
23.67,6.771311,41.113224,-0.00015474111,1.6380641,34.50955
23.68,6.771651,41.116238,-0.00020785537,1.635536,34.50966
23.69,6.7719874,41.119232,-0.00026173983,1.6330166,34.509754
23.7,6.7723184,41.12216,-0.00031607226,1.630504,34.50985
23.71,6.7726417,41.125065,-0.00037121866,1.6280029,34.509933
23.72,6.7729635,41.127903,-0.00042671897,1.6255103,34.51001
23.73,6.773279,41.130695,-0.00048314314,1.6230253,34.510067
23.74,6.773587,41.133446,-0.0005402919,1.6205472,34.510113
23.75,6.773891,41.13616,-0.000597585,1.6180776,34.510162
23.76,6.774188,41.138832,-0.00065523013,1.6156148,34.510197
23.77,6.774483,41.141453,-0.00071431603,1.6131624,34.510223
23.78,6.774773,41.144028,-0.00077326223,1.6107149,34.510235
23.79,6.7750564,41.146576,-0.0008335253,1.6082726,34.510242
23.8,6.775336,41.149048,-0.00089387223,1.6058407,34.510227
23.81,6.7756095,41.151505,-0.00095487945,1.6034119,34.510227
23.82,6.7758822,41.153942,-0.0010165805,1.6009942,34.51019
23.83,6.776145,41.156307,-0.0010788338,1.5985782,34.510162
23.84,6.776407,41.158657,-0.001141984,1.5961704,34.510128
23.85,6.7766604,41.160954,-0.0012053866,1.5937692,34.51007
23.86,6.7769146,41.163204,-0.0012697726,1.5913721,34.51002
23.87,6.777162,41.165436,-0.0013344111,1.5889817,34.509953
23.88,6.7774024,41.16761,-0.001399939,1.5865985,34.50988
23.89,6.77764,41.169773,-0.001465789,1.5842174,34.50979
23.9,6.777875,41.171894,-0.0015326692,1.5818435,34.509705
23.91,6.7781053,41.17397,-0.0015996741,1.5794731,34.509598
23.92,6.77833,41.176003,-0.0016675247,1.577108,34.50949
23.93,6.778551,41.178013,-0.0017361427,1.5747474,34.50939
23.94,6.77877,41.18,-0.0018050196,1.572393,34.50925
23.95,6.778982,41.181934,-0.0018748101,1.5700408,34.509117
23.96,6.7791924,41.18383,-0.0019452833,1.567695,34.50898
23.97,6.779401,41.185715,-0.0020162277,1.5653516,34.50884
23.98,6.7795978,41.187553,-0.0020876834,1.5630141,34.508682
23.99,6.779799,41.189358,-0.002159563,1.5606784,34.50851
24.0,6.77999,41.19113,-0.0022326503,1.5583444,34.508343
24.01,6.780181,41.19288,-0.0023059081,1.5560185,34.508156
24.02,6.7803655,41.194584,-0.002379804,1.5536921,34.50797
24.03,6.78055,41.196285,-0.0024547055,1.5513719,34.507767
24.04,6.78073,41.197937,-0.0025297385,1.549055,34.507572
24.05,6.780904,41.199543,-0.002605631,1.5467356,34.507366
24.06,6.7810755,41.20114,-0.0026820954,1.5444244,34.507133
24.07,6.7812448,41.202686,-0.0027590161,1.542115,34.5069
24.08,6.781406,41.20423,-0.0028370116,1.539808,34.506687
24.09,6.78157,41.20573,-0.0029149754,1.5375009,34.506443
24.1,6.7817264,41.207207,-0.0029940521,1.5351976,34.506184
24.11,6.781882,41.208656,-0.0030732825,1.5328974,34.50593
24.12,6.7820296,41.210075,-0.0031536026,1.5306002,34.50566
24.13,6.7821803,41.21147,-0.0032343687,1.5283043,34.505398
24.14,6.782321,41.21284,-0.0033156574,1.5260094,34.50511
24.15,6.7824645,41.21418,-0.0033977889,1.5237167,34.50484
24.16,6.7826023,41.215485,-0.0034803143,1.5214231,34.504536
24.17,6.7827373,41.216763,-0.0035639266,1.519134,34.50425
24.18,6.782869,41.21802,-0.0036473796,1.5168461,34.50393
24.19,6.782997,41.219265,-0.0037320442,1.5145582,34.503624
24.2,6.7831216,41.220463,-0.0038170572,1.5122712,34.503296
24.21,6.7832417,41.22165,-0.0039029215,1.5099872,34.502975
24.22,6.783365,41.22279,-0.0039891023,1.507703,34.502647
24.23,6.78348,41.223953,-0.0040760376,1.5054178,34.5023
24.24,6.783592,41.225048,-0.004163416,1.5031332,34.501953
24.25,6.783701,41.226124,-0.0042515844,1.5008507,34.501587
24.26,6.783808,41.227192,-0.004340455,1.4985694,34.501244
24.27,6.783914,41.228233,-0.0044298777,1.4962903,34.500866
24.28,6.7840137,41.229256,-0.0045196796,1.4940075,34.500492
24.29,6.7841134,41.230236,-0.00461057,1.4917232,34.500114
24.3,6.7842073,41.2312,-0.0047016796,1.489442,34.49972
24.31,6.7843013,41.232162,-0.0047936765,1.487161,34.49933
24.32,6.7843933,41.23308,-0.0048862835,1.4848812,34.498936
24.33,6.784482,41.233974,-0.004979076,1.4825971,34.498512
24.34,6.784565,41.234863,-0.0050727883,1.4803189,34.498104
24.35,6.7846465,41.23571,-0.0051670996,1.4780328,34.49768
24.36,6.784724,41.236565,-0.0052621597,1.47575,34.49725
24.37,6.7848024,41.23738,-0.0053578867,1.4734701,34.49682
24.38,6.7848763,41.238155,-0.005454027,1.4711812,34.49638
24.39,6.7849474,41.23894,-0.005550838,1.4688979,34.495937
24.4,6.7850165,41.23969,-0.0056484276,1.466611,34.495476
24.41,6.7850857,41.24043,-0.0057463525,1.4643224,34.495026
24.42,6.785147,41.24114,-0.0058448566,1.4620366,34.494553
24.43,6.785211,41.241825,-0.00594454,1.4597437,34.494087
24.44,6.7852693,41.242496,-0.006044035,1.4574567,34.493607
24.45,6.785326,41.243164,-0.006144774,1.4551619,34.493122
24.46,6.7853794,41.2438,-0.006246214,1.4528674,34.492634
24.47,6.7854333,41.244408,-0.0063477037,1.4505748,34.49212
24.48,6.785481,41.244987,-0.0064500635,1.4482795,34.491623
24.49,6.785526,41.24557,-0.0065533547,1.4459789,34.491104
24.5,6.7855716,41.24614,-0.00665694,1.443678,34.490593
24.51,6.785614,41.246685,-0.0067609893,1.4413744,34.490093
24.52,6.785655,41.247192,-0.0068660667,1.4390705,34.48956
24.53,6.7856927,41.2477,-0.006971446,1.4367634,34.489014
24.54,6.7857285,41.24817,-0.007077654,1.4344543,34.488487
24.55,6.7857647,41.248634,-0.0071843276,1.4321448,34.487926
24.56,6.785792,41.24909,-0.007291601,1.4298332,34.487377
24.57,6.7858195,41.249523,-0.0073995655,1.4275169,34.486824
24.58,6.7858477,41.249943,-0.0075084483,1.4251982,34.486263
24.59,6.7858734,41.250324,-0.007617737,1.422878,34.48569
24.6,6.7858934,41.250717,-0.0077275755,1.4205564,34.485107
24.61,6.785914,41.251076,-0.007837868,1.4182315,34.484535
24.62,6.785933,41.251434,-0.007949301,1.4159034,34.48393
24.63,6.7859497,41.251755,-0.008060991,1.4135708,34.48334
24.64,6.7859616,41.252075,-0.0081733195,1.411236,34.482754
24.65,6.785972,41.252365,-0.008286099,1.408902,34.482155
24.66,6.7859845,41.252644,-0.008400054,1.4065609,34.48154
24.67,6.7859917,41.252903,-0.008514085,1.4042206,34.48091
24.68,6.785996,41.253155,-0.008629133,1.4018717,34.480297
24.69,6.7859993,41.253376,-0.008744628,1.3995223,34.479668
24.7,6.7860003,41.253605,-0.008860881,1.3971679,34.479027
24.71,6.785998,41.253807,-0.0089774085,1.3948131,34.478397
24.72,6.785999,41.253986,-0.009094684,1.3924539,34.477745
24.73,6.785995,41.254154,-0.009212579,1.3900917,34.477097
24.74,6.785988,41.254307,-0.009331594,1.3877251,34.476448
24.75,6.7859793,41.254463,-0.009450837,1.3853543,34.47578
24.76,6.7859707,41.254597,-0.009570488,1.3829811,34.475124
24.77,6.7859573,41.254704,-0.009690979,1.3806005,34.474445
24.78,6.7859426,41.254807,-0.009812464,1.3782182,34.473747
24.79,6.785926,41.254883,-0.009933916,1.3758341,34.473072
24.8,6.7859097,41.254944,-0.010056314,1.3734454,34.472385
24.81,6.7858877,41.255005,-0.010179414,1.3710508,34.471672
24.82,6.785866,41.255035,-0.010303062,1.3686533,34.470978
24.83,6.785843,41.255062,-0.010427485,1.3662498,34.470284
24.84,6.7858143,41.25508,-0.010552733,1.363843,34.469555
24.85,6.7857914,41.25507,-0.010677838,1.3614333,34.46884
24.86,6.7857614,41.25506,-0.010804401,1.3590202,34.468117
24.87,6.7857323,41.25503,-0.010930845,1.3565993,34.467384
24.88,6.7857013,41.254986,-0.01105851,1.3541762,34.466656
24.89,6.7856655,41.254932,-0.011186524,1.3517478,34.465904
24.9,6.7856274,41.254852,-0.011315157,1.3493171,34.465157
24.91,6.785592,41.254765,-0.011444743,1.3468767,34.46442
24.92,6.785551,41.254665,-0.01157469,1.3444366,34.46365
24.93,6.785511,41.254562,-0.0117053585,1.3419867,34.4629
24.94,6.7854676,41.25444,-0.011836666,1.339535,34.462112
24.95,6.7854214,41.25431,-0.011968366,1.3370767,34.461346
24.96,6.785375,41.25416,-0.012101243,1.3346167,34.460564
24.97,6.785327,41.253983,-0.012234152,1.3321513,34.45978
24.98,6.7852798,41.25382,-0.012368117,1.3296785,34.458984
24.99,6.785227,41.25363,-0.012502373,1.3271989,34.45819
25.0,6.7851734,41.253433,-0.01263754,1.3247199,34.457397
25.01,6.785122,41.253227,-0.012773438,1.3222296,34.45658
25.02,6.7850647,41.25299,-0.012909814,1.3197373,34.45576
25.03,6.785006,41.252758,-0.013047238,1.3172376,34.45495
25.04,6.7849474,41.2525,-0.013184638,1.3147335,34.45413
25.05,6.784885,41.252235,-0.013322697,1.3122246,34.453293
25.06,6.7848206,41.251976,-0.013461773,1.3097119,34.45246
25.07,6.784758,41.251682,-0.013601505,1.3071897,34.451603
25.08,6.784693,41.251392,-0.01374142,1.3046657,34.450783
25.09,6.784626,41.251072,-0.013882452,1.3021324,34.449913
25.1,6.7845573,41.250763,-0.014024065,1.2995934,34.449062
25.11,6.784486,41.250423,-0.0141661605,1.2970531,34.448196
25.12,6.784414,41.25007,-0.014309154,1.294503,34.447334
25.13,6.7843385,41.249714,-0.014452363,1.2919478,34.446465
25.14,6.7842636,41.24935,-0.014596864,1.289387,34.445583
25.15,6.784188,41.248985,-0.014741427,1.2868185,34.444702
25.16,6.784107,41.248592,-0.014886702,1.2842479,34.44381
25.17,6.7840285,41.24819,-0.015032734,1.2816682,34.44292
25.18,6.7839494,41.247784,-0.015179516,1.2790823,34.44202
25.19,6.783866,41.24735,-0.015326678,1.2764904,34.441113
25.2,6.783779,41.246925,-0.015474913,1.2738931,34.440193
25.21,6.783694,41.246475,-0.015623554,1.2712919,34.43929
25.22,6.783606,41.24602,-0.015772916,1.2686777,34.438366
25.23,6.783517,41.24555,-0.015922695,1.266062,34.437435
25.24,6.783427,41.24508,-0.01607323,1.2634412,34.4365
25.25,6.7833343,41.244576,-0.01622466,1.2608085,34.43556
25.26,6.7832403,41.244076,-0.016376708,1.2581732,34.434616
25.27,6.7831492,41.243572,-0.016529132,1.25553,34.433666
25.28,6.7830534,41.243042,-0.016682528,1.2528806,34.43272
25.29,6.7829556,41.24252,-0.01683651,1.2502253,34.431763
25.3,6.782856,41.24198,-0.016990937,1.2475629,34.430786
25.31,6.782755,41.241417,-0.01714611,1.2448938,34.42982
25.32,6.7826543,41.240856,-0.017302122,1.2422144,34.42884
25.33,6.7825494,41.240276,-0.01745861,1.239532,34.427868
25.34,6.7824445,41.239674,-0.017615944,1.2368412,34.426876
25.35,6.7823386,41.239098,-0.017773613,1.2341427,34.42588
25.36,6.7822304,41.238483,-0.01793202,1.2314401,34.424892
25.37,6.782123,41.23787,-0.018091336,1.2287246,34.42388
25.38,6.7820125,41.237247,-0.018251196,1.2260084,34.422874
25.39,6.7819,41.23662,-0.01841139,1.223284,34.421864
25.4,6.781789,41.235966,-0.018572751,1.220551,34.42084
25.41,6.7816725,41.235294,-0.018734455,1.2178144,34.41981
25.42,6.7815557,41.23464,-0.018897083,1.2150632,34.41879
25.43,6.7814374,41.233974,-0.019060265,1.2123057,34.417755
25.44,6.7813196,41.233288,-0.019224286,1.2095423,34.416702
25.45,6.781202,41.232582,-0.0193885,1.2067769,34.415672
25.46,6.7810783,41.231876,-0.019553795,1.2039983,34.414627
25.47,6.7809553,41.231167,-0.019719716,1.201215,34.413563
25.48,6.780832,41.230434,-0.019886106,1.1984217,34.4125
25.49,6.780707,41.229694,-0.020053256,1.195621,34.411427
25.5,6.78058,41.22895,-0.020221032,1.1928139,34.41035
25.51,6.780451,41.228203,-0.020389523,1.1899979,34.40927
25.52,6.7803216,41.227436,-0.020558994,1.1871743,34.408188
25.53,6.780191,41.226665,-0.020728786,1.1843462,34.407104
25.54,6.7800565,41.225883,-0.02089949,1.1815063,34.406
25.55,6.7799273,41.225086,-0.021070521,1.1786592,34.404907
25.56,6.7797904,41.22429,-0.02124257,1.1758028,34.403797
25.57,6.7796545,41.223465,-0.0214153,1.1729422,34.40268
25.58,6.7795177,41.222645,-0.021588195,1.1700743,34.40157
25.59,6.7793784,41.221825,-0.021762427,1.1671939,34.400455
25.6,6.7792377,41.22099,-0.02193718,1.1643072,34.399323
25.61,6.7790985,41.220123,-0.022112284,1.161414,34.398186
25.62,6.7789526,41.21928,-0.022288252,1.1585085,34.39705
25.63,6.778809,41.21841,-0.0224648,1.1555998,34.3959
25.64,6.778662,41.217537,-0.022642337,1.152677,34.394768
25.65,6.778518,41.21665,-0.022820294,1.1497521,34.39361
25.66,6.7783694,41.21575,-0.022998922,1.1468155,34.39245
25.67,6.7782207,41.214848,-0.023178644,1.1438714,34.39127
25.68,6.7780724,41.213932,-0.023358565,1.1409179,34.3901
25.69,6.7779183,41.212997,-0.02353955,1.1379583,34.388924
25.7,6.7777643,41.212086,-0.023720779,1.1349866,34.387745
25.71,6.7776093,41.21113,-0.023902927,1.1320088,34.386562
25.72,6.7774544,41.210197,-0.024085958,1.1290239,34.385365
25.73,6.777298,41.209225,-0.024269525,1.1260304,34.38416
25.74,6.777139,41.208252,-0.024454031,1.1230233,34.382957
25.75,6.7769823,41.20727,-0.024638515,1.12001,34.381752
25.76,6.77682,41.20631,-0.024824608,1.1169908,34.380535
25.77,6.7766595,41.20531,-0.025010899,1.1139576,34.379314
25.78,6.7764955,41.204292,-0.02519792,1.1109214,34.37808
25.79,6.776329,41.203285,-0.02538557,1.107871,34.376858
25.8,6.7761626,41.202263,-0.025573898,1.104816,34.375618
25.81,6.775996,41.201225,-0.025763191,1.101747,34.37437
25.82,6.7758307,41.20018,-0.025952999,1.0986748,34.373123
25.83,6.7756605,41.199146,-0.026143603,1.0955923,34.371872
25.84,6.7754874,41.198086,-0.026334964,1.0924976,34.370605
25.85,6.7753167,41.19702,-0.026526839,1.0893955,34.369343
25.86,6.7751427,41.19595,-0.02671925,1.0862846,34.368073
25.87,6.774967,41.19486,-0.026913002,1.0831656,34.36678
25.88,6.774792,41.19378,-0.027106632,1.0800352,34.365517
25.89,6.7746143,41.192673,-0.027301535,1.0768949,34.364212
25.9,6.7744393,41.191566,-0.027497388,1.0737478,34.362926
25.91,6.7742586,41.190434,-0.02769345,1.0705895,34.361626
25.92,6.7740765,41.189323,-0.027890462,1.0674217,34.360317
25.93,6.7738943,41.18817,-0.028088156,1.0642453,34.359013
25.94,6.7737126,41.187035,-0.028286435,1.06106,34.3577
25.95,6.773528,41.18589,-0.02848564,1.057864,34.356373
25.96,6.773342,41.18472,-0.02868519,1.0546637,34.355038
25.97,6.7731547,41.183556,-0.02888596,1.0514479,34.353706
25.98,6.7729673,41.182373,-0.029086959,1.0482229,34.352375
25.99,6.772777,41.181187,-0.029289037,1.0449904,34.351032
26.0,6.7725873,41.179985,-0.02949163,1.0417478,34.34967
26.01,6.772395,41.178795,-0.029695082,1.0384941,34.34832
26.02,6.7722025,41.17757,-0.029899038,1.0352305,34.346966
26.03,6.7720075,41.176353,-0.030104022,1.0319577,34.345604
26.04,6.7718124,41.175133,-0.03030971,1.0286744,34.34421
26.05,6.771616,41.173893,-0.030515961,1.0253832,34.342846
26.06,6.771419,41.172646,-0.030722827,1.0220852,34.34146
26.07,6.771217,41.171394,-0.030930325,1.0187685,34.34007
26.08,6.771017,41.170135,-0.03113887,1.0154493,34.338673
26.09,6.770815,41.168846,-0.03134816,1.0121174,34.337273
26.1,6.7706137,41.16757,-0.031558294,1.0087755,34.33586
26.11,6.7704086,41.166294,-0.03176865,1.0054207,34.334446
26.12,6.7702036,41.164986,-0.031980153,1.0020611,34.33303
26.13,6.7699966,41.16369,-0.032192215,0.9986871,34.3316
26.14,6.7697887,41.16238,-0.032405034,0.995305,34.330177
26.15,6.7695785,41.16104,-0.03261893,0.991912,34.32874
26.16,6.7693686,41.15974,-0.03283339,0.98851055,34.3273
26.17,6.769159,41.158382,-0.03304829,0.9850963,34.325844
26.18,6.768946,41.157043,-0.033263996,0.98167247,34.324398
26.19,6.7687325,41.15568,-0.033480644,0.9782364,34.322937
26.2,6.768517,41.154324,-0.033697933,0.9747926,34.321453
26.21,6.7683005,41.15295,-0.033915658,0.9713417,34.319996
26.22,6.7680845,41.151566,-0.03413465,0.9678736,34.318527
26.23,6.767864,41.15018,-0.034354344,0.96439797,34.317036
26.24,6.767644,41.14878,-0.034574747,0.96091473,34.315556
26.25,6.767423,41.147377,-0.034795504,0.95741326,34.314045
26.26,6.767201,41.145977,-0.035017442,0.9539066,34.31255
26.27,6.766978,41.144547,-0.03523978,0.95038784,34.31104
26.28,6.7667522,41.14312,-0.035463266,0.9468597,34.309536
26.29,6.766527,41.14168,-0.035687264,0.9433197,34.308018
26.3,6.766303,41.140236,-0.035911605,0.93976825,34.30648
26.31,6.766071,41.138783,-0.03613763,0.9362078,34.304947
26.32,6.765843,41.13731,-0.03636389,0.9326339,34.303417
26.33,6.765612,41.135845,-0.03659076,0.9290517,34.30187
26.34,6.7653756,41.134342,-0.036818862,0.9254563,34.300316
26.35,6.7651424,41.132885,-0.037047368,0.92185414,34.298782
26.36,6.764912,41.131393,-0.037276797,0.91823375,34.29722
26.37,6.764674,41.12988,-0.037506822,0.91460896,34.295643
26.38,6.764438,41.12837,-0.03773772,0.9109721,34.29407
26.39,6.7642016,41.126846,-0.037969332,0.9073217,34.29249
26.4,6.763962,41.125324,-0.038201842,0.9036633,34.290916
26.41,6.7637186,41.123795,-0.038435027,0.8999918,34.28932
26.42,6.7634826,41.12223,-0.038668975,0.89630795,34.287716
26.43,6.7632356,41.120697,-0.03890352,0.8926145,34.286125
26.44,6.762992,41.119114,-0.03913894,0.8889102,34.28452
26.45,6.7627463,41.11756,-0.03937544,0.8851917,34.282894
26.46,6.7625003,41.115986,-0.039612144,0.88146555,34.281265
26.47,6.762249,41.114403,-0.039849937,0.8777278,34.279644
26.48,6.762002,41.1128,-0.04008902,0.8739755,34.278015
26.49,6.761751,41.111187,-0.04032809,0.87021255,34.27637
26.5,6.7615023,41.10958,-0.040568117,0.8664408,34.274727
26.51,6.761248,41.107975,-0.040809117,0.8626563,34.273083
26.52,6.760994,41.106342,-0.041050944,0.8588581,34.27142
26.53,6.760739,41.104702,-0.041293494,0.85504943,34.26976
26.54,6.760484,41.10306,-0.04153649,0.8512287,34.268093
26.55,6.760228,41.10143,-0.0417808,0.84739846,34.266415
26.56,6.7599664,41.099754,-0.042025335,0.84355676,34.264725
26.57,6.7597094,41.098072,-0.04227122,0.8397019,34.263046
26.58,6.759449,41.096416,-0.042517874,0.8358347,34.26135
26.59,6.7591863,41.094738,-0.04276474,0.83195794,34.259644
26.6,6.758921,41.093037,-0.04301301,0.82806474,34.25793
26.61,6.758656,41.091324,-0.043261744,0.8241625,34.256214
26.62,6.758387,41.08963,-0.043511383,0.8202489,34.254498
26.63,6.758121,41.087914,-0.04376163,0.8163259,34.25278
26.64,6.757852,41.086178,-0.044013068,0.8123864,34.251053
26.65,6.7575855,41.08444,-0.04426457,0.80843806,34.2493
26.66,6.757314,41.082703,-0.04451748,0.8044741,34.24756
26.67,6.757044,41.08094,-0.044770904,0.80050063,34.245804
26.68,6.7567677,41.079193,-0.045025505,0.79651225,34.244057
26.69,6.756494,41.077423,-0.04528095,0.7925167,34.242294
26.7,6.756218,41.075653,-0.0455368,0.7885058,34.240513
26.71,6.7559433,41.07387,-0.045793697,0.78448737,34.238743
26.72,6.7556634,41.072086,-0.046051156,0.78044885,34.236946
26.73,6.755387,41.070293,-0.046309642,0.7764021,34.235165
26.74,6.755104,41.06848,-0.046568807,0.7723428,34.23337
26.75,6.7548203,41.06666,-0.046828896,0.7682705,34.23157
26.76,6.754538,41.064854,-0.04708968,0.7641866,34.22975
26.77,6.754253,41.063,-0.047351453,0.76009,34.22795
26.78,6.7539663,41.061165,-0.04761406,0.75598013,34.226124
26.79,6.75368,41.05932,-0.04787703,0.7518598,34.2243
26.8,6.753393,41.057453,-0.048141383,0.74772584,34.222454
26.81,6.7531033,41.055607,-0.0484062,0.74358094,34.220615
26.82,6.75281,41.053726,-0.04867188,0.73941976,34.218765
26.83,6.75252,41.051838,-0.04893871,0.7352483,34.21692
26.84,6.752228,41.049953,-0.049205873,0.7310656,34.215057
26.85,6.751933,41.048058,-0.04947411,0.726869,34.213192
26.86,6.7516375,41.04615,-0.04974324,0.722659,34.21133
26.87,6.751341,41.044235,-0.05001309,0.7184359,34.209446
26.88,6.7510424,41.04232,-0.05028364,0.7142019,34.207565
26.89,6.7507424,41.04038,-0.0505555,0.7099545,34.205654
26.9,6.7504416,41.03844,-0.050827775,0.7056918,34.203762
26.91,6.7501426,41.03649,-0.05110071,0.70141876,34.201866
26.92,6.7498384,41.03454,-0.051375106,0.6971359,34.199944
26.93,6.749533,41.032562,-0.05164975,0.692835,34.19802
26.94,6.749229,41.0306,-0.051925503,0.6885215,34.196095
26.95,6.7489243,41.02862,-0.052202143,0.6841935,34.194168
26.96,6.7486157,41.026627,-0.052479595,0.67985624,34.192223
26.97,6.748304,41.024616,-0.05275771,0.6755054,34.190277
26.98,6.747994,41.022614,-0.05303695,0.67114246,34.188324
26.99,6.747682,41.020603,-0.05331672,0.66676414,34.186367
27.0,6.7473674,41.018574,-0.053597428,0.6623715,34.18441
27.01,6.7470536,41.016544,-0.053879097,0.65796757,34.182434
27.02,6.7467384,41.014507,-0.054161504,0.65355086,34.18045
27.03,6.746419,41.01247,-0.054445118,0.64911926,34.17846
27.04,6.7461047,41.010403,-0.05472894,0.6446779,34.176456
27.05,6.745784,41.00835,-0.055013783,0.640221,34.174484
27.06,6.745465,41.006252,-0.055299774,0.6357473,34.17247
27.07,6.745141,41.004173,-0.05558663,0.63126314,34.170452
27.08,6.7448206,41.002098,-0.055874035,0.6267674,34.16843
27.09,6.744495,40.999992,-0.056162663,0.6222564,34.166416
27.1,6.74417,40.997883,-0.056451976,0.61772805,34.164375
27.11,6.743843,40.99576,-0.056741983,0.6131907,34.16234
27.12,6.743513,40.99364,-0.05703325,0.60864115,34.16029
27.13,6.743183,40.991516,-0.057325013,0.6040759,34.158234
27.14,6.742855,40.989376,-0.057617612,0.59949607,34.15617
27.15,6.742521,40.987225,-0.057911344,0.59490395,34.15411
27.16,6.7421885,40.985058,-0.058205962,0.59029996,34.15204
27.17,6.7418528,40.9829,-0.05850125,0.5856776,34.149952
27.18,6.7415185,40.98073,-0.058797352,0.5810454,34.14786
27.19,6.7411814,40.978535,-0.059094526,0.57639694,34.145767
27.2,6.740844,40.97634,-0.05939251,0.57173675,34.143665
27.21,6.740503,40.974148,-0.059691444,0.5670603,34.141567
27.22,6.7401605,40.97194,-0.05999092,0.5623719,34.139435
27.23,6.73982,40.969727,-0.060291596,0.5576703,34.137318
27.24,6.739478,40.967495,-0.06059313,0.55295265,34.135193
27.25,6.739131,40.96526,-0.060895346,0.54821986,34.133053
27.26,6.738786,40.96302,-0.06119883,0.54347575,34.13091
27.27,6.738437,40.960777,-0.0615028,0.53871745,34.128754
27.28,6.7380924,40.958508,-0.061807826,0.5339423,34.1266
27.29,6.737739,40.956234,-0.062113427,0.5291561,34.12443
27.3,6.737388,40.95395,-0.062420413,0.5243557,34.12227
27.31,6.737037,40.951687,-0.06272818,0.5195381,34.120083
27.32,6.736681,40.949375,-0.06303646,0.51471156,34.117905
27.33,6.7363243,40.94709,-0.06334581,0.5098656,34.11571
27.34,6.7359686,40.94477,-0.06365625,0.5050054,34.113503
27.35,6.735612,40.942448,-0.063967794,0.50013417,34.1113
27.36,6.735251,40.940125,-0.064279675,0.4952489,34.109085
27.37,6.734891,40.937782,-0.064592786,0.49034643,34.10686
27.38,6.7345285,40.935432,-0.06490661,0.48543346,34.10463
27.39,6.734167,40.93308,-0.06522147,0.48050207,34.102398
27.4,6.7338004,40.93071,-0.065537095,0.47555715,34.10016
27.41,6.733436,40.928345,-0.065853864,0.47059533,34.097916
27.42,6.733068,40.925964,-0.06617137,0.46562055,34.095654
27.43,6.732701,40.923573,-0.06648983,0.46063316,34.09338
27.44,6.73233,40.921158,-0.06680932,0.45563132,34.091114
27.45,6.7319584,40.91876,-0.06712943,0.45061225,34.088837
27.46,6.731586,40.916344,-0.06745039,0.44558084,34.08655
27.47,6.7312126,40.913918,-0.067772426,0.44053277,34.084267
27.48,6.7308373,40.911495,-0.068095535,0.4354707,34.081955
27.49,6.7304645,40.90905,-0.06841913,0.43039808,34.079647
27.5,6.730084,40.906593,-0.06874414,0.42530704,34.077328
27.51,6.729705,40.90413,-0.069069766,0.4201985,34.074997
27.52,6.7293267,40.901672,-0.06939658,0.41507724,34.07268
27.53,6.7289424,40.89918,-0.069724105,0.40994087,34.070347
27.54,6.728561,40.8967,-0.07005303,0.40478897,34.067993
27.55,6.728178,40.894203,-0.07038214,0.3996246,34.06564
27.56,6.727793,40.891712,-0.07071253,0.39444464,34.063282
27.57,6.727405,40.889206,-0.07104383,0.38925084,34.06092
27.58,6.727017,40.886677,-0.07137603,0.38403565,34.058556
27.59,6.7266254,40.884144,-0.07170907,0.3788105,34.056164
27.6,6.726236,40.881603,-0.07204309,0.3735699,34.053776
27.61,6.7258444,40.879044,-0.072378136,0.36831486,34.051373
27.62,6.7254496,40.876495,-0.07271396,0.36304322,34.04897
27.63,6.725055,40.87393,-0.0730507,0.35775703,34.04655
27.64,6.7246566,40.87135,-0.07338864,0.35245833,34.04414
27.65,6.724259,40.868767,-0.07372759,0.3471393,34.041714
27.66,6.723859,40.866165,-0.07406718,0.34180441,34.039276
27.67,6.723458,40.863567,-0.07440777,0.33645532,34.03684
27.68,6.723058,40.860962,-0.07474924,0.33109355,34.0344
27.69,6.722653,40.858337,-0.07509164,0.32571515,34.031937
27.7,6.722248,40.855705,-0.075435445,0.32032302,34.029472
27.71,6.7218423,40.85306,-0.075779706,0.31491297,34.027008
27.72,6.7214365,40.85042,-0.07612499,0.30948806,34.02453
27.73,6.721026,40.84777,-0.076471046,0.30404675,34.02204
27.74,6.7206173,40.845104,-0.07681834,0.29859227,34.019535
27.75,6.720205,40.842422,-0.07716638,0.29311934,34.017036
27.76,6.719793,40.839745,-0.07751563,0.28763384,34.01452
27.77,6.719378,40.83704,-0.07786592,0.2821291,34.012016
27.78,6.718962,40.83435,-0.07821666,0.27661073,34.009483
27.79,6.718545,40.83163,-0.07856868,0.2710773,34.00694
27.8,6.718124,40.828915,-0.07892175,0.2655279,34.004406
27.81,6.7177057,40.826195,-0.07927554,0.2599607,34.00186
27.82,6.7172847,40.823456,-0.07963056,0.25437814,33.999313
27.83,6.7168603,40.820698,-0.07998647,0.24878302,33.996746
27.84,6.7164392,40.817936,-0.080343075,0.24316658,33.99418
27.85,6.716012,40.815174,-0.08070113,0.23753838,33.991596
27.86,6.715585,40.812397,-0.08105973,0.2318935,33.989006
27.87,6.715159,40.809616,-0.081419334,0.22623254,33.98641
27.88,6.7147293,40.80683,-0.0817802,0.22055575,33.983807
27.89,6.7142987,40.804024,-0.08214163,0.21486327,33.981197
27.9,6.713865,40.80121,-0.08250438,0.20915233,33.978584
27.91,6.71343,40.79837,-0.08286815,0.20342588,33.975964
27.92,6.712995,40.795544,-0.083232686,0.197686,33.973335
27.93,6.7125564,40.792698,-0.0835981,0.191928,33.970684
27.94,6.7121186,40.78986,-0.08396431,0.18615367,33.968033
27.95,6.711682,40.787003,-0.084332466,0.18036474,33.96538
27.96,6.711241,40.78413,-0.08470068,0.17455693,33.96272
27.97,6.7107983,40.781265,-0.0850704,0.16873692,33.960037
27.98,6.710355,40.77837,-0.08544058,0.16289638,33.957355
27.99,6.70991,40.77548,-0.08581212,0.15704095,33.954662
28.0,6.709463,40.772568,-0.08618458,0.15116847,33.951973
28.01,6.709018,40.769653,-0.086557865,0.14528054,33.949272
28.02,6.708566,40.76673,-0.08693249,0.13937733,33.94655
28.03,6.7081127,40.763794,-0.087307766,0.13345516,33.943825
28.04,6.707664,40.760845,-0.087684564,0.12752008,33.941105
28.05,6.7072077,40.757896,-0.08806152,0.121566355,33.938377
28.06,6.706754,40.754936,-0.08844016,0.11559597,33.93562
28.07,6.706296,40.751965,-0.088819444,0.10960963,33.932873
28.08,6.705837,40.74899,-0.08919989,0.1036025,33.93011
28.09,6.705379,40.746,-0.08958139,0.09758285,33.92734
28.1,6.704917,40.742996,-0.089963615,0.091545045,33.924564
28.11,6.704454,40.73999,-0.090347245,0.085493,33.921787
28.12,6.7039914,40.73697,-0.09073166,0.079420626,33.91899
28.13,6.703525,40.733944,-0.09111719,0.07333499,33.91618
28.14,6.7030587,40.730907,-0.091503434,0.067234516,33.913376
28.15,6.70259,40.72786,-0.09189097,0.061113298,33.910553
28.16,6.702122,40.72479,-0.09227946,0.054971963,33.90774
28.17,6.701648,40.721745,-0.09266867,0.048818767,33.9049
28.18,6.7011747,40.718655,-0.09305918,0.042647243,33.90206
28.19,6.700704,40.71557,-0.093450874,0.036459923,33.89921
28.2,6.7002254,40.71248,-0.09384327,0.030252337,33.896347
28.21,6.6997495,40.709377,-0.09423675,0.024032146,33.893486
28.22,6.699269,40.706253,-0.09463135,0.017792106,33.890617
28.23,6.69879,40.703133,-0.09502696,0.011536568,33.88773
28.24,6.6983094,40.700005,-0.095423676,0.005259335,33.88484
28.25,6.6978273,40.696842,-0.09582097,-0.0010288656,33.881935
28.26,6.697343,40.693695,-0.09621983,-0.0073357522,33.87902
28.27,6.6968565,40.69054,-0.09661912,-0.01366052,33.876102
28.28,6.6963687,40.687363,-0.09702011,-0.02000174,33.873184
28.29,6.69588,40.68418,-0.09742169,-0.026366055,33.870255
28.3,6.6953907,40.68099,-0.09782454,-0.032740325,33.867317
28.31,6.6948967,40.677784,-0.098228216,-0.03913322,33.86437
28.32,6.694404,40.67458,-0.09863311,-0.045544177,33.861404
28.33,6.6939106,40.671352,-0.09903919,-0.05197519,33.858444
28.34,6.693416,40.66811,-0.09944605,-0.05841902,33.85547
28.35,6.692915,40.664883,-0.09985416,-0.06488484,33.85248
28.36,6.692417,40.661625,-0.100262806,-0.07136652,33.849495
28.37,6.6919174,40.658367,-0.10067287,-0.077866256,33.84649
28.38,6.691414,40.655094,-0.10108414,-0.08437961,33.84348
28.39,6.6909103,40.651814,-0.10149633,-0.090914845,33.84046
28.4,6.690403,40.648518,-0.10190954,-0.09746319,33.837444
28.41,6.689898,40.64522,-0.10232339,-0.1040324,33.834408
28.42,6.6893873,40.641922,-0.10273873,-0.11061776,33.83136
28.43,6.6888766,40.638584,-0.10315505,-0.11722463,33.828312
28.44,6.6883664,40.63525,-0.103572525,-0.123847485,33.825256
28.45,6.687855,40.63189,-0.1039909,-0.13048506,33.82218
28.46,6.6873403,40.628563,-0.10441003,-0.13714176,33.819115
28.47,6.686825,40.625206,-0.10483064,-0.14381778,33.816036
28.48,6.6863074,40.621834,-0.10525206,-0.15050936,33.81293
28.49,6.6857867,40.618446,-0.10567492,-0.15721971,33.80983
28.5,6.685267,40.615067,-0.1060988,-0.1639508,33.806705
28.51,6.6847453,40.611664,-0.10652333,-0.17069685,33.8036
28.52,6.68422,40.608257,-0.10694929,-0.17746204,33.80048
28.53,6.6836944,40.604824,-0.10737612,-0.1842441,33.79733
28.54,6.6831694,40.601383,-0.10780383,-0.19104326,33.79418
28.55,6.682641,40.59795,-0.108233,-0.1978631,33.79103
28.56,6.682111,40.594498,-0.10866294,-0.20469773,33.78788
28.57,6.6815805,40.591053,-0.10909408,-0.21155131,33.784706
28.58,6.6810455,40.58757,-0.10952633,-0.2184236,33.781525
28.59,6.6805134,40.58408,-0.10995963,-0.22531605,33.778343
28.6,6.6799755,40.580593,-0.11039398,-0.23222351,33.775143
28.61,6.6794376,40.57709,-0.11082941,-0.23915231,33.771935
28.62,6.678898,40.573574,-0.11126606,-0.24609894,33.76872
28.63,6.678359,40.57006,-0.11170353,-0.25306094,33.7655
28.64,6.6778164,40.56652,-0.11214204,-0.2600401,33.76226
28.65,6.677272,40.562965,-0.11258197,-0.26704335,33.759026
28.66,6.6767263,40.559425,-0.113022484,-0.27406055,33.75577
28.67,6.6761794,40.555862,-0.11346445,-0.28109694,33.752514
28.68,6.675629,40.552288,-0.1139079,-0.28815335,33.74925
28.69,6.6750813,40.5487,-0.114351586,-0.29522967,33.74597
28.7,6.674529,40.545097,-0.11479708,-0.30232048,33.742683
28.71,6.673978,40.54151,-0.11524334,-0.3094285,33.739388
28.72,6.67342,40.537884,-0.115690626,-0.31655633,33.73609
28.73,6.6728644,40.534252,-0.11613921,-0.32370728,33.732777
28.74,6.672307,40.530624,-0.116588674,-0.33087116,33.729446
28.75,6.671748,40.526974,-0.117039286,-0.33805692,33.726124
28.76,6.6711864,40.523315,-0.117490835,-0.34526068,33.722782
28.77,6.6706247,40.519646,-0.11794374,-0.35247982,33.719433
28.78,6.6700587,40.51597,-0.11839747,-0.35972196,33.716084
28.79,6.6694937,40.51228,-0.11885276,-0.36698198,33.71273
28.8,6.668924,40.50858,-0.1193087,-0.374259,33.709347
28.81,6.6683555,40.50486,-0.119765885,-0.38155794,33.705963
28.82,6.667787,40.501144,-0.12022404,-0.38887072,33.702568
28.83,6.667213,40.49742,-0.12068356,-0.39620703,33.69917
28.84,6.6666384,40.49369,-0.12114423,-0.4035594,33.69576
28.85,6.666065,40.48992,-0.121605985,-0.4109319,33.69234
28.86,6.6654844,40.48616,-0.12206886,-0.4183243,33.688908
28.87,6.6649065,40.48239,-0.12253266,-0.4257354,33.68547
28.88,6.66433,40.478607,-0.12299735,-0.43316,33.682022
28.89,6.6637444,40.47481,-0.123463444,-0.44061065,33.678562
28.9,6.663161,40.471004,-0.123930715,-0.4480737,33.675114
28.91,6.662577,40.46721,-0.12439906,-0.4555604,33.67164
28.92,6.66199,40.463383,-0.124868535,-0.46306777,33.668148
28.93,6.661401,40.459553,-0.12533903,-0.47059333,33.664658
28.94,6.6608105,40.455692,-0.12581097,-0.47813493,33.661156
28.95,6.660218,40.451843,-0.12628381,-0.48569757,33.65765
28.96,6.6596265,40.447964,-0.12675725,-0.49327725,33.65412
28.97,6.6590295,40.44408,-0.12723261,-0.5008753,33.650597
28.98,6.658433,40.44019,-0.12770857,-0.50849867,33.647053
28.99,6.657836,40.4363,-0.12818593,-0.51613754,33.64351
29.0,6.6572366,40.432373,-0.12866487,-0.5237976,33.63995
29.01,6.6566334,40.42845,-0.12914433,-0.53147435,33.636387
29.02,6.6560316,40.424522,-0.12962474,-0.5391726,33.63282
29.03,6.655427,40.420586,-0.13010632,-0.5468877,33.62923
29.04,6.654821,40.416622,-0.13058965,-0.55462354,33.625637
29.05,6.6542106,40.412666,-0.13107352,-0.5623789,33.62203
29.06,6.6536016,40.40869,-0.13155884,-0.5701532,33.618416
29.07,6.6529913,40.404694,-0.13204512,-0.5779463,33.614796
29.08,6.652379,40.400703,-0.13253261,-0.58576125,33.611164
29.09,6.6517615,40.396706,-0.13302132,-0.59359634,33.60752
29.1,6.6511474,40.392673,-0.13351107,-0.6014457,33.603874
29.11,6.6505284,40.388653,-0.134002,-0.60931826,33.600204
29.12,6.6499104,40.38461,-0.13449414,-0.6172129,33.596546
29.13,6.649287,40.38055,-0.13498703,-0.62512016,33.592865
29.14,6.6486664,40.37648,-0.13548152,-0.633052,33.589184
29.15,6.648039,40.372414,-0.13597715,-0.64100623,33.585476
29.16,6.647411,40.368332,-0.13647373,-0.6489718,33.58178
29.17,6.6467853,40.364227,-0.13697158,-0.6569656,33.57807
29.18,6.6461554,40.360126,-0.13747065,-0.66497684,33.574345
29.19,6.6455235,40.356003,-0.13797055,-0.67300713,33.57061
29.2,6.644894,40.351883,-0.13847174,-0.68105376,33.566856
29.21,6.6442566,40.347736,-0.13897397,-0.68911946,33.56311
29.22,6.6436224,40.34359,-0.13947809,-0.6972134,33.559338
29.23,6.6429815,40.339424,-0.1399827,-0.705322,33.555565
29.24,6.642342,40.335255,-0.14048855,-0.71345043,33.551792
29.25,6.6417036,40.331074,-0.14099547,-0.7215984,33.547997
29.26,6.6410575,40.326874,-0.14150397,-0.7297689,33.5442
29.27,6.6404138,40.32266,-0.14201303,-0.7379559,33.54039
29.28,6.6397667,40.318447,-0.1425235,-0.746166,33.536564
29.29,6.6391187,40.314217,-0.14303547,-0.75439477,33.53275
29.3,6.6384697,40.30998,-0.14354841,-0.7626445,33.5289
29.31,6.6378193,40.30573,-0.14406243,-0.77091014,33.525055
29.32,6.6371636,40.30146,-0.14457747,-0.77920306,33.521194
29.33,6.636509,40.29719,-0.14509378,-0.7875112,33.51733
29.34,6.6358523,40.29291,-0.14561155,-0.79584026,33.513447
29.35,6.635193,40.288593,-0.14613022,-0.8041887,33.509563
29.36,6.6345325,40.284294,-0.1466501,-0.8125622,33.505665
29.37,6.6338706,40.279987,-0.14717148,-0.82095265,33.501755
29.38,6.633206,40.275658,-0.1476935,-0.82935953,33.49783
29.39,6.6325417,40.2713,-0.14821701,-0.83779323,33.493908
29.4,6.6318736,40.266953,-0.14874144,-0.84624267,33.48998
29.41,6.631204,40.26258,-0.14926714,-0.85471094,33.486034
29.42,6.630534,40.258213,-0.14979409,-0.8632027,33.48208
29.43,6.62986,40.253826,-0.15032247,-0.87171924,33.47812
29.44,6.629189,40.249428,-0.15085158,-0.8802507,33.474133
29.45,6.628512,40.24502,-0.15138221,-0.8888035,33.470154
29.46,6.6278358,40.240604,-0.15191379,-0.89737654,33.466164
29.47,6.6271553,40.23618,-0.15244693,-0.90596986,33.462154
29.48,6.6264763,40.23175,-0.15298118,-0.9145862,33.458138
29.49,6.625792,40.227287,-0.15351637,-0.9232199,33.45412
29.5,6.6251087,40.222813,-0.15405287,-0.93187535,33.45008
29.51,6.6244206,40.218334,-0.15459028,-0.94054985,33.446045
29.52,6.623732,40.21385,-0.15512927,-0.9492501,33.441982
29.53,6.6230445,40.209347,-0.15566935,-0.9579693,33.437916
29.54,6.622355,40.204845,-0.15621051,-0.96670425,33.433853
29.55,6.62166,40.200294,-0.15675288,-0.97546315,33.42977
29.56,6.6209655,40.195766,-0.15729646,-0.98423934,33.425674
29.57,6.620267,40.191227,-0.15784124,-0.9930421,33.421574
29.58,6.619571,40.186672,-0.15838747,-1.0018636,33.41746
29.59,6.618867,40.182095,-0.1589348,-1.0107052,33.413345
29.6,6.6181684,40.177525,-0.15948303,-1.0195675,33.409214
29.61,6.617462,40.172935,-0.1600326,-1.0284531,33.405075
29.62,6.616759,40.16832,-0.16058332,-1.037355,33.40092
29.63,6.6160507,40.163704,-0.16113584,-1.0462812,33.39676
29.64,6.615341,40.159077,-0.16168867,-1.0552267,33.39258
29.65,6.6146307,40.154438,-0.16224343,-1.0641947,33.388393
29.66,6.613919,40.14978,-0.16279916,-1.0731822,33.384212
29.67,6.6132054,40.145126,-0.16335607,-1.0821912,33.380013
29.68,6.6124883,40.14045,-0.16391411,-1.0912212,33.375793
29.69,6.6117697,40.13576,-0.16447349,-1.1002688,33.371574
29.7,6.6110535,40.131065,-0.16503415,-1.1093432,33.36734
29.71,6.6103287,40.126366,-0.16559556,-1.1184322,33.363102
29.72,6.6096063,40.121647,-0.16615853,-1.1275494,33.35885
29.73,6.6088796,40.116905,-0.1667227,-1.1366836,33.35458
29.74,6.6081543,40.112167,-0.16728818,-1.1458406,33.350307
29.75,6.607426,40.1074,-0.16785517,-1.1550181,33.34603
29.76,6.6066937,40.10264,-0.168423,-1.164217,33.341732
29.77,6.6059623,40.097847,-0.1689918,-1.1734365,33.337425
29.78,6.605228,40.093063,-0.16956215,-1.1826773,33.33311
29.79,6.6044946,40.088257,-0.17013356,-1.1919361,33.3288
29.8,6.6037545,40.08344,-0.17070636,-1.2012187,33.32447
29.81,6.6030135,40.07861,-0.17128043,-1.2105231,33.32012
29.82,6.6022763,40.073772,-0.17185551,-1.2198501,33.31577
29.83,6.6015315,40.068916,-0.1724319,-1.2291994,33.311398
29.84,6.600786,40.064064,-0.17300957,-1.2385681,33.30703
29.85,6.60004,40.059196,-0.17358842,-1.2479566,33.302647
29.86,6.5992913,40.054302,-0.1741689,-1.2573683,33.298256
29.87,6.598542,40.049416,-0.17475015,-1.2667997,33.293846
29.88,6.5977902,40.0445,-0.17533267,-1.2762536,33.289425
29.89,6.597035,40.039585,-0.17591646,-1.2857289,33.285
29.9,6.59628,40.03464,-0.17650151,-1.295229,33.280563
29.91,6.595525,40.029694,-0.1770881,-1.3047484,33.276127
29.92,6.5947657,40.024734,-0.17767541,-1.3142846,33.271664
29.93,6.5940037,40.019775,-0.17826414,-1.3238482,33.267197
29.94,6.5932393,40.014767,-0.17885406,-1.3334318,33.26272
29.95,6.5924745,40.00978,-0.17944539,-1.343037,33.25823
29.96,6.5917087,40.00478,-0.18003778,-1.3526624,33.25373
29.97,6.5909405,39.999756,-0.18063161,-1.3623064,33.249233
29.98,6.5901685,39.99474,-0.18122642,-1.3719735,33.244724
29.99,6.589397,39.98969,-0.18182288,-1.38167,33.24019
30.0,6.5886226,39.984642,-0.1824203,-1.3913826,33.235653
30.01,6.5878468,39.97957,-0.18301898,-1.4011189,33.231106
30.02,6.5870705,39.974483,-0.18361884,-1.4108732,33.226543
30.03,6.586291,39.969395,-0.1842203,-1.420653,33.22197
30.04,6.585507,39.964302,-0.18482271,-1.4304543,33.217396
30.05,6.5847254,39.959187,-0.1854267,-1.4402714,33.212814
30.06,6.58394,39.954052,-0.18603177,-1.4501156,33.208214
30.07,6.5831532,39.948914,-0.18663797,-1.4599787,33.203583
30.08,6.582364,39.943768,-0.18724503,-1.46987,33.19897
30.09,6.5815735,39.938602,-0.18785395,-1.4797808,33.19434
30.1,6.5807815,39.93342,-0.1884639,-1.4897105,33.1897
30.11,6.579987,39.928234,-0.18907553,-1.4996657,33.185047
30.12,6.57919,39.923035,-0.18968776,-1.5096378,33.18037
30.13,6.5783925,39.917824,-0.19030161,-1.5196337,33.17571
30.14,6.577592,39.912598,-0.19091651,-1.5296508,33.17103
30.15,6.57679,39.907352,-0.19153263,-1.5396943,33.166336
30.16,6.575986,39.90212,-0.1921505,-1.549756,33.16162
30.17,6.575179,39.896854,-0.19276924,-1.5598406,33.156906
30.18,6.5743704,39.891575,-0.19338943,-1.5699462,33.15218
30.19,6.573564,39.88629,-0.19401066,-1.5800759,33.14744
30.2,6.5727525,39.88099,-0.19463362,-1.5902286,33.142696
30.21,6.5719404,39.875683,-0.19525732,-1.6003972,33.13794
30.22,6.571126,39.870365,-0.19588219,-1.6105934,33.133175
30.23,6.570308,39.865036,-0.19650903,-1.6208116,33.12839
30.24,6.56949,39.859673,-0.19713663,-1.6310514,33.123608
30.25,6.568669,39.854317,-0.19776568,-1.6413108,33.1188
30.26,6.5678444,39.848953,-0.19839606,-1.6515964,33.113983
30.27,6.567023,39.84357,-0.19902748,-1.6619042,33.10916
30.28,6.566195,39.83817,-0.1996601,-1.6722301,33.10433
30.29,6.5653653,39.832752,-0.20029423,-1.6825818,33.099503
30.3,6.5645337,39.82733,-0.20092957,-1.692954,33.09464
30.31,6.563706,39.821903,-0.2015662,-1.7033478,33.08977
30.32,6.56287,39.816456,-0.20220433,-1.7137669,33.0849
30.33,6.5620346,39.811,-0.20284334,-1.7242035,33.080013
30.34,6.5611973,39.805515,-0.20348403,-1.7346693,33.07512
30.35,6.560357,39.800034,-0.20412552,-1.7451531,33.070206
30.36,6.5595155,39.79454,-0.20476867,-1.7556604,33.0653
30.37,6.558673,39.789036,-0.20541288,-1.7661859,33.060368
30.38,6.5578275,39.78351,-0.20605816,-1.7767354,33.05543
30.39,6.5569816,39.777985,-0.20670533,-1.7873105,33.05048
30.4,6.556132,39.772438,-0.20735343,-1.7979077,33.045513
30.41,6.55528,39.766872,-0.20800264,-1.8085283,33.04055
30.42,6.554428,39.761307,-0.2086535,-1.8191646,33.03557
30.43,6.5535727,39.755714,-0.20930588,-1.8298329,33.03057
30.44,6.5527167,39.75012,-0.209959,-1.8405193,33.025566
30.45,6.551858,39.744503,-0.21061397,-1.8512264,33.020554
30.46,6.550998,39.738884,-0.21126951,-1.8619567,33.015526
30.47,6.5501356,39.733234,-0.21192676,-1.872712,33.010494
30.48,6.5492716,39.72761,-0.212585,-1.8834876,33.005455
30.49,6.5484037,39.72195,-0.21324505,-1.894288,33.000397
30.5,6.5475364,39.716263,-0.21390614,-1.9051095,32.995327
30.51,6.5466666,39.710587,-0.21456821,-1.9159511,32.990253
30.52,6.545793,39.704872,-0.21523216,-1.9268192,32.985157
30.53,6.5449204,39.699165,-0.21589686,-1.9377073,32.98006
30.54,6.544043,39.693447,-0.21656321,-1.9486216,32.974953
30.55,6.5431643,39.687714,-0.21723068,-1.9595572,32.969826
30.56,6.542284,39.68196,-0.21789935,-1.9705142,32.964695
30.57,6.5414033,39.676205,-0.21856938,-1.9814945,32.95956
30.58,6.5405188,39.670433,-0.21924095,-1.9924976,32.954395
30.59,6.5396357,39.66463,-0.21991388,-2.0035253,32.949238
30.6,6.538747,39.658844,-0.22058794,-2.014575,32.944057
30.61,6.537857,39.653023,-0.2212631,-2.0256443,32.93887
30.62,6.536967,39.6472,-0.22193986,-2.036736,32.93368
30.63,6.536071,39.64136,-0.22261752,-2.0478525,32.92847
30.64,6.535179,39.635513,-0.22329696,-2.0589929,32.92324
30.65,6.534278,39.629654,-0.22397758,-2.0701575,32.91801
30.66,6.53338,39.62377,-0.22465928,-2.0813408,32.912766
30.67,6.5324802,39.617893,-0.22534233,-2.0925503,32.907516
30.68,6.5315776,39.61198,-0.22602719,-2.1037803,32.902252
30.69,6.530672,39.606083,-0.22671308,-2.1150336,32.896973
30.7,6.5297637,39.600147,-0.22740006,-2.1263127,32.891693
30.71,6.5288563,39.594208,-0.22808819,-2.1376104,32.886395
30.72,6.527945,39.588264,-0.22877803,-2.1489353,32.88109
30.73,6.5270324,39.582287,-0.22946885,-2.1602817,32.875767
30.74,6.526117,39.576305,-0.23016135,-2.171651,32.87045
30.75,6.5252,39.570312,-0.23085502,-2.1830401,32.865105
30.76,6.524281,39.5643,-0.23154967,-2.1944575,32.859756
30.77,6.5233607,39.55828,-0.23224626,-2.2058954,32.85439
30.78,6.522438,39.55227,-0.2329438,-2.2173533,32.849026
30.79,6.5215135,39.54622,-0.23364277,-2.2288408,32.843628
30.8,6.5205865,39.54016,-0.23434286,-2.2403421,32.838245
30.81,6.5196576,39.534103,-0.23504451,-2.251874,32.83283
30.82,6.518729,39.52802,-0.23574708,-2.2634258,32.827423
30.83,6.517796,39.52192,-0.2364514,-2.2750044,32.82199
30.84,6.5168586,39.515804,-0.23715732,-2.2866073,32.81655
30.85,6.5159245,39.50969,-0.23786354,-2.298224,32.811092
30.86,6.5149846,39.503567,-0.23857193,-2.309874,32.80563
30.87,6.5140457,39.49741,-0.23928145,-2.3215413,32.80016
30.88,6.513105,39.491253,-0.23999213,-2.3332329,32.794674
30.89,6.5121593,39.485077,-0.24070413,-2.344943,32.789185
30.9,6.511211,39.4789,-0.24141733,-2.3566837,32.783672
30.91,6.510263,39.47268,-0.24213229,-2.3684468,32.77815
30.92,6.5093126,39.466488,-0.24284814,-2.380228,32.77262
30.93,6.5083604,39.460266,-0.24356572,-2.392036,32.76709
30.94,6.507406,39.454006,-0.2442845,-2.4038706,32.76154
30.95,6.506451,39.44777,-0.24500452,-2.4157257,32.755985
30.96,6.5054913,39.441498,-0.24572556,-2.427597,32.75041
30.97,6.50453,39.435215,-0.24644853,-2.4395037,32.744823
30.98,6.503569,39.428925,-0.24717246,-2.4514241,32.739227
30.99,6.5026045,39.422623,-0.24789779,-2.4633713,32.73363
31.0,6.5016365,39.41631,-0.24862455,-2.4753447,32.72801
31.01,6.5006676,39.40997,-0.24935259,-2.487341,32.72238
31.02,6.499699,39.403625,-0.25008187,-2.499354,32.71674
31.03,6.498726,39.397285,-0.2508126,-2.5113978,32.711094
31.04,6.497751,39.390907,-0.25154477,-2.5234618,32.70542
31.05,6.496777,39.384525,-0.25227788,-2.5355458,32.699757
31.06,6.495797,39.378143,-0.25301233,-2.5476556,32.69407
31.07,6.494816,39.371723,-0.2537486,-2.5597944,32.68838
31.08,6.493834,39.365307,-0.25448608,-2.5719504,32.682663
31.09,6.49285,39.358875,-0.2552247,-2.5841312,32.676945
31.1,6.4918637,39.352417,-0.25596488,-2.5963373,32.67122
31.11,6.4908767,39.345963,-0.25670573,-2.608561,32.665485
31.12,6.4898853,39.33949,-0.25744832,-2.6208105,32.659733
31.13,6.4888916,39.333004,-0.25819218,-2.6330853,32.65397
31.14,6.4878974,39.326504,-0.25893778,-2.6453838,32.648197
31.15,6.4869027,39.319992,-0.25968432,-2.6577072,32.642406
31.16,6.485904,39.31347,-0.2604323,-2.6700482,32.63661
31.17,6.484903,39.306927,-0.26118168,-2.6824203,32.630806
31.18,6.4838996,39.300373,-0.26193252,-2.6948118,32.624985
31.19,6.4828954,39.293823,-0.2626844,-2.7072272,32.619156
31.2,6.4818883,39.287224,-0.26343778,-2.7196655,32.613316
31.21,6.4808826,39.280632,-0.26419252,-2.7321253,32.60747
31.22,6.4798694,39.274033,-0.26494843,-2.7446113,32.601597
31.23,6.4788575,39.267414,-0.26570556,-2.757124,32.59573
31.24,6.4778438,39.260796,-0.2664642,-2.7696548,32.589844
31.25,6.476826,39.25413,-0.26722437,-2.7822104,32.583946
31.26,6.475806,39.24748,-0.26798582,-2.7947927,32.578033
31.27,6.4747853,39.24079,-0.26874876,-2.8073974,32.572113
31.28,6.4737635,39.234108,-0.2695128,-2.8200235,32.56618
31.29,6.4727373,39.227406,-0.27027804,-2.8326712,32.56024
31.3,6.471711,39.220703,-0.2710447,-2.845344,32.55429
31.31,6.470683,39.213966,-0.2718128,-2.8580408,32.54833
31.32,6.4696517,39.207233,-0.27258226,-2.8707666,32.54235
31.33,6.46862,39.20048,-0.27335346,-2.8835125,32.536354
31.34,6.467583,39.19371,-0.27412564,-2.8962798,32.530365
31.35,6.466548,39.18693,-0.27489913,-2.9090762,32.524345
31.36,6.465508,39.18014,-0.27567402,-2.9218898,32.518333
31.37,6.464467,39.17333,-0.27644998,-2.9347305,32.512295
31.38,6.4634233,39.16652,-0.27722743,-2.947588,32.50624
31.39,6.4623795,39.15968,-0.27800635,-2.9604783,32.5002
31.4,6.4613304,39.152832,-0.27878693,-2.9733896,32.49412
31.41,6.4602838,39.145992,-0.27956825,-2.9863214,32.488045
31.42,6.4592304,39.139107,-0.28035104,-2.9992785,32.481956
31.43,6.458179,39.132214,-0.28113538,-3.0122619,32.47586
31.44,6.457123,39.125324,-0.28192103,-3.025269,32.46975
31.45,6.456065,39.118412,-0.28270787,-3.038299,32.46362
31.46,6.4550056,39.11149,-0.2834964,-3.05135,32.45749
31.47,6.4539447,39.104553,-0.28428605,-3.064424,32.45134
31.48,6.4528804,39.097588,-0.2850771,-3.0775266,32.44518
31.49,6.451816,39.09063,-0.28586927,-3.0906463,32.439003
31.5,6.4507475,39.083645,-0.28666294,-3.1037955,32.43284
31.51,6.449678,39.07665,-0.28745836,-3.1169696,32.426643
31.52,6.4486046,39.069653,-0.28825453,-3.1301637,32.420437
31.53,6.4475327,39.062626,-0.28905243,-3.143382,32.41422
31.54,6.446455,39.0556,-0.2898515,-3.156623,32.40799
31.55,6.4453773,39.048542,-0.29065192,-3.16989,32.40176
31.56,6.444299,39.04149,-0.29145372,-3.183175,32.395508
31.57,6.4432187,39.034424,-0.29225677,-3.196486,32.389248
31.58,6.4421344,39.027336,-0.2930612,-3.2098284,32.382977
31.59,6.441047,39.02024,-0.29386726,-3.2231936,32.376686
31.6,6.439958,39.013126,-0.29467443,-3.2365775,32.370396
31.61,6.4388685,39.00598,-0.29548344,-3.2499862,32.364082
31.62,6.4377766,38.998837,-0.29629323,-3.2634134,32.35777
31.63,6.4366817,38.991688,-0.2971044,-3.2768703,32.35144
31.64,6.435586,38.984528,-0.29791707,-3.290349,32.3451
31.65,6.4344854,38.977345,-0.29873097,-3.303856,32.338753
31.66,6.4333844,38.97014,-0.29954657,-3.317387,32.332386
31.67,6.4322834,38.962944,-0.3003629,-3.3309326,32.326015
31.68,6.431178,38.955715,-0.30118132,-3.3445125,32.319622
31.69,6.43007,38.948475,-0.30200076,-3.3581138,32.31323
31.7,6.4289627,38.941223,-0.3028218,-3.3717341,32.306816
31.71,6.4278517,38.933975,-0.30364344,-3.3853784,32.300396
31.72,6.42674,38.926697,-0.3044671,-3.3990517,32.293964
31.73,6.425626,38.91942,-0.30529174,-3.4127421,32.287525
31.74,6.4245067,38.91211,-0.30611804,-3.4264627,32.281067
31.75,6.423388,38.904797,-0.3069457,-3.4402075,32.2746
31.76,6.4222665,38.897465,-0.30777475,-3.4539695,32.268124
31.77,6.4211426,38.89013,-0.30860505,-3.4677596,32.26164
31.78,6.4200172,38.882774,-0.30943683,-3.481574,32.25513
31.79,6.418891,38.875393,-0.3102699,-3.4954133,32.24863
31.8,6.4177623,38.86801,-0.311104,-3.5092716,32.242096
31.81,6.4166293,38.860622,-0.31194007,-3.523159,32.235558
31.82,6.415496,38.853207,-0.31277677,-3.537066,32.229008
31.83,6.4143605,38.84577,-0.31361505,-3.5510006,32.222454
31.84,6.4132223,38.838337,-0.3144549,-3.5649557,32.215893
31.85,6.412082,38.830894,-0.3152962,-3.578936,32.209312
31.86,6.4109406,38.823414,-0.31613895,-3.5929413,32.202717
31.87,6.409797,38.815945,-0.3169826,-3.6069684,32.196117
31.88,6.408652,38.808456,-0.3178276,-3.621016,32.189503
31.89,6.407502,38.800938,-0.3186742,-3.6350918,32.182877
31.9,6.406352,38.793423,-0.3195226,-3.649199,32.176235
31.91,6.4051995,38.785892,-0.3203718,-3.6633182,32.169586
31.92,6.404046,38.778347,-0.32122225,-3.6774693,32.16293
31.93,6.402888,38.77078,-0.32207438,-3.6916385,32.15625
31.94,6.4017305,38.763206,-0.32292816,-3.7058396,32.149574
31.95,6.4005713,38.75563,-0.32378256,-3.7200499,32.14288
31.96,6.3994074,38.748028,-0.32463863,-3.7342944,32.13617
31.97,6.398243,38.74041,-0.32549617,-3.7485619,32.129444
31.98,6.3970757,38.732773,-0.32635477,-3.7628503,32.12271
31.99,6.3959093,38.725136,-0.32721508,-3.7771645,32.11598
32.0,6.3947363,38.717484,-0.32807675,-3.7915077,32.109226
32.01,6.393564,38.70982,-0.32893905,-3.8058634,32.10246
32.02,6.392389,38.70213,-0.32980353,-3.8202538,32.095684
32.03,6.39121,38.69443,-0.3306693,-3.8346624,32.08891
32.04,6.390031,38.68672,-0.3315364,-3.849094,32.082104
32.05,6.388848,38.679005,-0.33240467,-3.863553,32.075287
32.06,6.387665,38.67126,-0.3332745,-3.8780355,32.06847
32.07,6.386481,38.663517,-0.33414504,-3.8925343,32.061634
32.08,6.385294,38.65576,-0.33501765,-3.9070697,32.05479
32.09,6.3841033,38.64797,-0.33589137,-3.9216228,32.04793
32.1,6.382912,38.64019,-0.3367664,-3.936192,32.04107
32.11,6.3817186,38.632385,-0.33764297,-3.9507957,32.034195
32.12,6.380522,38.62456,-0.33852115,-3.9654245,32.027294
32.13,6.379325,38.616734,-0.3394006,-3.980074,32.020397
32.14,6.378124,38.608894,-0.3402811,-3.9947395,32.013485
32.15,6.376923,38.60102,-0.341163,-4.009443,32.006557
32.16,6.3757153,38.593147,-0.34204605,-4.024156,31.999624
32.17,6.374511,38.585266,-0.34293056,-4.0389,31.992676
32.18,6.3733025,38.577366,-0.3438165,-4.053665,31.985722
32.19,6.372093,38.56945,-0.34470364,-4.0684547,31.978748
32.2,6.370878,38.561527,-0.34559304,-4.083278,31.971771
32.21,6.3696632,38.55359,-0.34648296,-4.0981116,31.964773
32.22,6.368446,38.545624,-0.3473743,-4.112975,31.957764
32.23,6.3672285,38.53767,-0.3482671,-4.127864,31.950748
32.24,6.366005,38.52968,-0.34916133,-4.1427717,31.94372
32.25,6.3647833,38.52168,-0.35005677,-4.1577053,31.936672
32.26,6.3635573,38.51368,-0.3509532,-4.172657,31.92963
32.27,6.3623285,38.50566,-0.3518518,-4.187644,31.922564
32.28,6.3611016,38.497616,-0.35275134,-4.202649,31.915497
32.29,6.359868,38.48957,-0.35365248,-4.217681,31.908407
32.3,6.358637,38.481503,-0.35455438,-4.232731,31.901312
32.31,6.357403,38.473427,-0.35545832,-4.247808,31.8942
32.32,6.3561654,38.465332,-0.35636345,-4.262913,31.887074
32.33,6.354921,38.457222,-0.35726988,-4.2780375,31.879948
32.34,6.3536816,38.449112,-0.35817724,-4.2931786,31.872808
32.35,6.352439,38.440983,-0.35908625,-4.308351,31.865652
32.36,6.35119,38.432835,-0.35999718,-4.3235497,31.85848
32.37,6.3499417,38.424667,-0.36090863,-4.3387675,31.851303
32.38,6.34869,38.416504,-0.36182204,-4.3540096,31.844118
32.39,6.3474393,38.408314,-0.3627365,-4.369276,31.836922
32.4,6.346185,38.40011,-0.36365244,-4.384569,31.8297
32.41,6.3449283,38.39191,-0.3645697,-4.399883,31.822485
32.42,6.34367,38.383682,-0.3654881,-4.4152164,31.815248
32.43,6.3424087,38.375435,-0.36640778,-4.430579,31.808008
32.44,6.341145,38.367184,-0.3673288,-4.445962,31.800745
32.45,6.33988,38.358917,-0.36825186,-4.4613733,31.793484
32.46,6.3386135,38.350636,-0.36917585,-4.47681,31.7862
32.47,6.3373437,38.342335,-0.37010127,-4.4922647,31.778915
32.48,6.3360715,38.334038,-0.37102795,-4.507746,31.771605
32.49,6.3347993,38.325726,-0.3719562,-4.5232534,31.764286
32.5,6.3335247,38.31738,-0.3728854,-4.538775,31.756964
32.51,6.332247,38.30904,-0.3738161,-4.554326,31.749628
32.52,6.3309674,38.300674,-0.3747481,-4.569902,31.74228
32.53,6.3296866,38.29229,-0.37568146,-4.585501,31.734919
32.54,6.328401,38.283905,-0.3766168,-4.601126,31.72754
32.55,6.327115,38.27551,-0.37755275,-4.6167684,31.720167
32.56,6.3258266,38.26708,-0.3784903,-4.6324425,31.71276
32.57,6.3245373,38.258648,-0.37942934,-4.648132,31.705357
32.58,6.323244,38.2502,-0.38036984,-4.663852,31.697937
32.59,6.3219514,38.241753,-0.38131094,-4.679585,31.690504
32.6,6.320655,38.23328,-0.38225397,-4.6953545,31.683075
32.61,6.3193564,38.2248,-0.38319823,-4.7111406,31.675627
32.62,6.3180566,38.216286,-0.38414347,-4.726951,31.668167
32.63,6.3167524,38.207783,-0.38509107,-4.74279,31.660692
32.64,6.315447,38.199253,-0.38603887,-4.7586446,31.6532
32.65,6.31414,38.190723,-0.38698876,-4.774532,31.6457
32.66,6.3128324,38.18216,-0.38793957,-4.79043,31.638197
32.67,6.3115196,38.1736,-0.38889223,-4.8063617,31.630676
32.68,6.3102074,38.165016,-0.389846,-4.822315,31.62314
32.69,6.308891,38.156425,-0.39080122,-4.838291,31.615595
32.7,6.3075743,38.14782,-0.3917572,-4.854289,31.608038
32.71,6.306254,38.139202,-0.39271492,-4.8703103,31.600483
32.72,6.3049316,38.130573,-0.39367396,-4.8863597,31.592896
32.73,6.303608,38.121925,-0.39463466,-4.9024277,31.585312
32.74,6.3022833,38.113266,-0.39559633,-4.9185243,31.57771
32.75,6.300956,38.104584,-0.39655972,-4.934641,31.570103
32.76,6.2996264,38.0959,-0.3975237,-4.9507747,31.562487
32.77,6.298293,38.0872,-0.3984899,-4.9669447,31.55485
32.78,6.296959,38.078487,-0.39945698,-4.983127,31.547203
32.79,6.2956257,38.069756,-0.40042543,-4.999342,31.539553
32.8,6.2942853,38.06101,-0.40139514,-5.0155754,31.531887
32.81,6.292946,38.05225,-0.40236646,-5.0318365,31.5242
32.82,6.291602,38.043488,-0.403339,-5.0481176,31.516506
32.83,6.290258,38.034702,-0.40431324,-5.064424,31.508804
32.84,6.2889104,38.02591,-0.40528813,-5.080749,31.501093
32.85,6.287563,38.0171,-0.40626448,-5.0970936,31.493368
32.86,6.2862124,38.008274,-0.4072424,-5.113472,31.485632
32.87,6.28486,37.99944,-0.40822145,-5.1298685,31.477886
32.88,6.283503,37.990585,-0.4092025,-5.1462965,31.470129
32.89,6.282147,37.981735,-0.41018394,-5.162732,31.46236
32.9,6.280788,37.97285,-0.41116753,-5.179206,31.454582
32.91,6.279425,37.963947,-0.41215217,-5.1956997,31.446793
32.92,6.278063,37.955048,-0.41313797,-5.2122087,31.43898
32.93,6.276699,37.946125,-0.414125,-5.228749,31.43116
32.94,6.275331,37.937206,-0.4151134,-5.245306,31.423347
32.95,6.2739606,37.928253,-0.41610384,-5.261901,31.415499
32.96,6.272589,37.9193,-0.41709486,-5.2784986,31.407646
32.97,6.271216,37.91032,-0.41808757,-5.2951307,31.399796
32.98,6.269839,37.90134,-0.41908157,-5.3117857,31.39192
32.99,6.268462,37.892338,-0.42007703,-5.328465,31.384037
33.0,6.267082,37.883324,-0.4210735,-5.345167,31.376144
33.01,6.2657,37.874313,-0.42207107,-5.3618855,31.368244
33.02,6.264315,37.865265,-0.4230704,-5.3786316,31.360313
33.03,6.2629323,37.85622,-0.42407066,-5.395397,31.352394
33.04,6.261542,37.847153,-0.42507333,-5.4122,31.344461
33.05,6.26015,37.838074,-0.42607597,-5.429012,31.336512
33.06,6.258759,37.82898,-0.4270807,-5.4458556,31.32855
33.07,6.2573624,37.819874,-0.42808658,-5.462713,31.32058
33.08,6.255966,37.81075,-0.429094,-5.4796004,31.312582
33.09,6.2545676,37.801617,-0.43010247,-5.496508,31.304588
33.1,6.253168,37.792477,-0.4311122,-5.513437,31.296589
33.11,6.251764,37.783314,-0.43212348,-5.530395,31.288574
33.12,6.25036,37.774147,-0.43313587,-5.5473704,31.280539
33.13,6.248952,37.76496,-0.43414977,-5.564372,31.272495
33.14,6.2475443,37.755764,-0.4351651,-5.581394,31.264452
33.15,6.2461333,37.746544,-0.43618178,-5.598443,31.25639
33.16,6.244721,37.737316,-0.43719897,-5.6155057,31.248323
33.17,6.2433043,37.728073,-0.4382185,-5.6326027,31.240236
33.18,6.241888,37.71883,-0.43923888,-5.6497197,31.232145
33.19,6.240469,37.709564,-0.44026065,-5.666854,31.224033
33.2,6.2390475,37.700287,-0.4412837,-5.684019,31.21591
33.21,6.237625,37.69099,-0.4423078,-5.7011976,31.207783
33.22,6.236198,37.681683,-0.44333392,-5.7184124,31.199644
33.23,6.2347684,37.672367,-0.44436094,-5.735637,31.1915
33.24,6.2333403,37.663033,-0.4453894,-5.752897,31.18333
33.25,6.2319083,37.653694,-0.446419,-5.770168,31.175156
33.26,6.230477,37.64434,-0.44744962,-5.7874613,31.166973
33.27,6.229039,37.634968,-0.44848216,-5.804782,31.15878
33.28,6.227603,37.62558,-0.4495155,-5.822125,31.150572
33.29,6.226159,37.61617,-0.4505509,-5.839498,31.142353
33.3,6.2247205,37.606762,-0.45158672,-5.8568788,31.134125
33.31,6.223274,37.59734,-0.45262477,-5.8742967,31.125881
33.32,6.2218304,37.587902,-0.45366302,-5.891722,31.117632
33.33,6.22038,37.578453,-0.45470378,-5.909191,31.109365
33.34,6.21893,37.568977,-0.45574516,-5.9266686,31.101097
33.35,6.2174773,37.5595,-0.4567877,-5.9441676,31.092823
33.36,6.216026,37.550003,-0.45783168,-5.9616947,31.084524
33.37,6.2145677,37.5405,-0.4588773,-5.979243,31.076214
33.38,6.2131085,37.53099,-0.45992434,-5.9968185,31.067898
33.39,6.211648,37.521454,-0.46097156,-6.014405,31.059572
33.4,6.2101855,37.511913,-0.46202168,-6.032029,31.051235
33.41,6.2087207,37.502365,-0.46307182,-6.049659,31.042881
33.42,6.2072525,37.49279,-0.46412408,-6.067325,31.034521
33.43,6.2057834,37.4832,-0.46517733,-6.085012,31.026152
33.44,6.204314,37.473602,-0.4662316,-6.1027117,31.01776
33.45,6.202841,37.463997,-0.4672878,-6.1204433,31.009365
33.46,6.201365,37.45437,-0.46834448,-6.1381903,31.000961
33.47,6.199889,37.444736,-0.4694034,-6.1559663,30.992544
33.48,6.1984086,37.43509,-0.47046277,-6.1737623,30.984123
33.49,6.196929,37.42542,-0.47152364,-6.19158,30.97568
33.5,6.1954474,37.41574,-0.47258627,-6.2094216,30.967228
33.51,6.1939597,37.406067,-0.47364935,-6.227275,30.958773
33.52,6.1924734,37.396343,-0.4747147,-6.245167,30.950298
33.53,6.1909847,37.386635,-0.47578073,-6.2630754,30.941816
33.54,6.1894937,37.37691,-0.47684857,-6.2810073,30.933323
33.55,6.187999,37.36718,-0.47791734,-6.298959,30.92482
33.56,6.186504,37.357418,-0.47898707,-6.3169312,30.916313
33.57,6.1850076,37.34766,-0.48005873,-6.3349295,30.90779
33.58,6.1835065,37.337875,-0.48113135,-6.352954,30.89924
33.59,6.182008,37.328087,-0.4822054,-6.3709893,30.890688
33.6,6.1805034,37.31828,-0.48328015,-6.389049,30.88214
33.61,6.178997,37.308456,-0.48435706,-6.407142,30.873573
33.62,6.1774893,37.298626,-0.48543438,-6.4252405,30.864998
33.63,6.175978,37.28877,-0.4865139,-6.443374,30.856403
33.64,6.1744676,37.278923,-0.48759362,-6.461525,30.84781
33.65,6.1729527,37.269047,-0.48867595,-6.4797044,30.839193
33.66,6.171438,37.259174,-0.48975837,-6.4978933,30.830572
33.67,6.16992,37.249268,-0.4908424,-6.516108,30.821941
33.68,6.1683993,37.239357,-0.49192828,-6.5343537,30.81329
33.69,6.166877,37.229427,-0.4930145,-6.5526133,30.80464
33.7,6.1653543,37.219498,-0.49410284,-6.570902,30.79597
33.71,6.1638293,37.209538,-0.4951926,-6.589208,30.787296
33.72,6.1623006,37.19959,-0.4962831,-6.6075416,30.7786
33.73,6.1607714,37.189617,-0.49737453,-6.6258836,30.769905
33.74,6.1592383,37.179634,-0.49846804,-6.6442585,30.761202
33.75,6.1577053,37.169624,-0.49956226,-6.662653,30.75248
33.76,6.156169,37.15962,-0.50065815,-6.681065,30.74375
33.77,6.1546307,37.149593,-0.5017542,-6.6994987,30.73502
33.78,6.1530895,37.13954,-0.5028526,-6.717963,30.72626
33.79,6.151549,37.129498,-0.5039526,-6.736449,30.717499
33.8,6.150003,37.119434,-0.5050532,-6.7549453,30.70873
33.81,6.1484594,37.10936,-0.5061555,-6.773476,30.699944
33.82,6.146911,37.099266,-0.50725865,-6.792021,30.691145
33.83,6.145362,37.08917,-0.508363,-6.810586,30.682346
33.84,6.143808,37.079056,-0.5094688,-6.8291755,30.673529
33.85,6.1422544,37.06893,-0.51057553,-6.847783,30.6647
33.86,6.140699,37.058784,-0.51168406,-6.8664174,30.655863
33.87,6.13914,37.04863,-0.5127935,-6.885071,30.647018
33.88,6.137579,37.03846,-0.5139054,-6.903759,30.638151
33.89,6.1360188,37.02828,-0.51501656,-6.922452,30.629286
33.9,6.1344547,37.01809,-0.5161306,-6.9411764,30.620405
33.91,6.1328893,37.007877,-0.5172447,-6.9599113,30.611523
33.92,6.131322,36.997658,-0.5183606,-6.9786696,30.602615
33.93,6.1297503,36.98744,-0.5194776,-6.9974585,30.59371
33.94,6.1281805,36.97719,-0.5205957,-7.016258,30.584791
33.95,6.1266036,36.966938,-0.5217158,-7.0350933,30.57586
33.96,6.125026,36.956665,-0.52283674,-7.0539346,30.566917
33.97,6.1234503,36.94639,-0.5239589,-7.0728045,30.557955
33.98,6.12187,36.9361,-0.5250821,-7.0917,30.548996
33.99,6.120289,36.925793,-0.5262067,-7.110613,30.540014
34.0,6.118702,36.915474,-0.52733254,-7.129545,30.53103
34.01,6.117119,36.905144,-0.5284594,-7.148494,30.522047
34.02,6.115529,36.894794,-0.52958786,-7.1674733,30.513035
34.03,6.1139417,36.88445,-0.53071696,-7.1864653,30.504023
34.04,6.1123495,36.874065,-0.53184843,-7.2054906,30.494995
34.05,6.1107545,36.863693,-0.53298074,-7.2245317,30.485949
34.06,6.109158,36.853294,-0.53411424,-7.2435946,30.47691
34.07,6.107559,36.84289,-0.53524894,-7.262675,30.467844
34.08,6.1059613,36.832462,-0.5363847,-7.2817793,30.458778
34.09,6.104359,36.822037,-0.5375215,-7.3009033,30.449709
34.1,6.1027546,36.811596,-0.5386594,-7.3200426,30.44062
34.11,6.101148,36.80114,-0.5397994,-7.3392205,30.431522
34.12,6.099542,36.790672,-0.5409398,-7.358402,30.422417
34.13,6.097932,36.78018,-0.5420819,-7.3776126,30.413286
34.14,6.09632,36.769695,-0.54322493,-7.3968387,30.404163
34.15,6.094706,36.759193,-0.54436946,-7.4160914,30.395025
34.16,6.093092,36.748665,-0.545515,-7.435362,30.385876
34.17,6.0914736,36.738144,-0.54666156,-7.4546447,30.376724
34.18,6.089856,36.727596,-0.54780996,-7.473968,30.367538
34.19,6.0882316,36.71704,-0.5489592,-7.4932895,30.35836
34.2,6.086609,36.70647,-0.5501097,-7.5126505,30.349173
34.21,6.084984,36.69589,-0.55126154,-7.5320234,30.339968
34.22,6.0833573,36.685307,-0.55241466,-7.5514207,30.33076
34.23,6.081728,36.674694,-0.5535688,-7.570838,30.321533
34.24,6.080096,36.66409,-0.55472416,-7.5902786,30.312302
34.25,6.0784645,36.65345,-0.55588037,-7.6097307,30.303057
34.26,6.07683,36.64282,-0.55703825,-7.6292076,30.29381
34.27,6.0751925,36.632153,-0.55819756,-7.6487093,30.284544
34.28,6.0735536,36.621506,-0.5593577,-7.66823,30.275284
34.29,6.071912,36.61082,-0.5605193,-7.6877756,30.26599
34.3,6.070269,36.60013,-0.56168157,-7.7073317,30.2567
34.31,6.068623,36.589436,-0.56284547,-7.7269135,30.247395
34.32,6.066977,36.57871,-0.5640109,-7.746519,30.238083
34.33,6.065327,36.567978,-0.56517714,-7.766142,30.228754
34.34,6.063676,36.55724,-0.5663447,-7.7857876,30.21942
34.35,6.0620255,36.546494,-0.56751275,-7.805436,30.210083
34.36,6.060372,36.535725,-0.5686832,-7.8251295,30.200727
34.37,6.058717,36.52496,-0.5698541,-7.8448286,30.191357
34.38,6.057055,36.51417,-0.57102686,-7.8645563,30.181988
34.39,6.0553956,36.50336,-0.57219976,-7.8842974,30.172602
34.4,6.053734,36.49255,-0.5733751,-7.904065,30.163208
34.41,6.052072,36.481724,-0.57455057,-7.9238462,30.153805
34.42,6.050405,36.470898,-0.57572764,-7.9436483,30.144392
34.43,6.0487356,36.460033,-0.5769059,-7.963479,30.134964
34.44,6.047066,36.44918,-0.57808536,-7.983323,30.125538
34.45,6.045395,36.43831,-0.579266,-8.003191,30.11608
34.46,6.0437207,36.427425,-0.5804474,-8.023069,30.106638
34.47,6.0420456,36.416527,-0.58163065,-8.042977,30.097166
34.48,6.040368,36.40562,-0.5828153,-8.062908,30.087702
34.49,6.038687,36.39469,-0.5840006,-8.08285,30.078213
34.5,6.0370083,36.383766,-0.58518666,-8.102808,30.068716
34.51,6.0353246,36.372826,-0.58637416,-8.122795,30.059214
34.52,6.03364,36.361866,-0.5875635,-8.142798,30.049704
34.53,6.031953,36.350895,-0.5887535,-8.1628275,30.040174
34.54,6.030263,36.339916,-0.5899453,-8.182875,30.030647
34.55,6.028572,36.328922,-0.5911375,-8.202942,30.021101
34.56,6.0268817,36.317913,-0.5923313,-8.223028,30.011545
34.57,6.025186,36.306892,-0.593526,-8.243127,30.001986
34.58,6.0234895,36.295876,-0.59472233,-8.263266,29.992413
34.59,6.021791,36.28483,-0.595919,-8.283396,29.982828
34.6,6.020091,36.273796,-0.5971166,-8.303556,29.973234
34.61,6.0183897,36.262722,-0.5983166,-8.323751,29.96363
34.62,6.016686,36.251656,-0.5995169,-8.34394,29.95403
34.63,6.014978,36.24056,-0.6007192,-8.364168,29.944408
34.64,6.013273,36.229473,-0.6019222,-8.384409,29.934784
34.65,6.0115614,36.218353,-0.6031264,-8.404672,29.925135
34.66,6.00985,36.20723,-0.6043314,-8.424947,29.915493
34.67,6.008137,36.1961,-0.60553765,-8.445242,29.905828
34.68,6.006423,36.18495,-0.606745,-8.465559,29.89617
34.69,6.0047054,36.173786,-0.6079544,-8.485908,29.886478
34.7,6.0029855,36.162632,-0.609164,-8.506261,29.876795
34.71,6.001264,36.15145,-0.610375,-8.526636,29.867092
34.72,5.999542,36.140266,-0.6115874,-8.547043,29.85738
34.73,5.9978175,36.129055,-0.6128005,-8.567456,29.847672
34.74,5.996091,36.117832,-0.61401564,-8.587893,29.837942
34.75,5.994363,36.106613,-0.6152307,-8.608348,29.828213
34.76,5.992633,36.095387,-0.6164473,-8.628812,29.81847
34.77,5.990899,36.084137,-0.6176656,-8.649309,29.808704
34.78,5.989166,36.07288,-0.6188843,-8.6698265,29.798944
34.79,5.9874306,36.061615,-0.6201045,-8.690352,29.789154
34.8,5.985693,36.050316,-0.6213264,-8.710908,29.779377
34.81,5.9839544,36.03903,-0.62254834,-8.731473,29.769587
34.82,5.9822135,36.02771,-0.6237721,-8.752062,29.759783
34.83,5.9804697,36.016388,-0.6249972,-8.772677,29.749964
34.84,5.9787245,36.005066,-0.6262229,-8.793302,29.740145
34.85,5.9769793,35.993732,-0.6274492,-8.8139305,29.730316
34.86,5.975228,35.982365,-0.62867796,-8.8346,29.720476
34.87,5.9734807,35.971012,-0.6299068,-8.855276,29.710623
34.88,5.9717255,35.959633,-0.63113743,-8.875987,29.700762
34.89,5.9699745,35.948257,-0.63236856,-8.896698,29.6909
34.9,5.9682174,35.936855,-0.6336018,-8.917447,29.681017
34.91,5.9664593,35.925457,-0.6348355,-8.938201,29.671135
34.92,5.964699,35.914032,-0.63606995,-8.95898,29.66124
34.93,5.9629383,35.9026,-0.6373057,-8.979762,29.651329
34.94,5.961177,35.89115,-0.6385432,-9.000577,29.641417
34.95,5.9594097,35.879692,-0.6397818,-9.021414,29.631487
34.96,5.9576445,35.868237,-0.64102054,-9.042257,29.621555
34.97,5.955874,35.856766,-0.6422614,-9.063132,29.611612
34.98,5.954105,35.845264,-0.6435028,-9.084019,29.601656
34.99,5.9523306,35.833775,-0.64474523,-9.104924,29.591696
35.0,5.9505596,35.822266,-0.645989,-9.125844,29.581726
35.01,5.948781,35.810734,-0.64723396,-9.146786,29.571743
35.02,5.9470034,35.799206,-0.64847994,-9.167746,29.561752
35.03,5.945224,35.787663,-0.64972717,-9.188732,29.55177
35.04,5.943443,35.7761,-0.65097547,-9.20973,29.54174
35.05,5.9416604,35.764545,-0.6522241,-9.230735,29.531746
35.06,5.939875,35.75297,-0.65347517,-9.251776,29.521711
35.07,5.93809,35.74138,-0.654726,-9.272823,29.51167
35.08,5.9363,35.72977,-0.655979,-9.293903,29.501627
35.09,5.9345107,35.718166,-0.6572327,-9.314987,29.491573
35.1,5.9327197,35.70656,-0.65848684,-9.3360815,29.481512
35.11,5.930926,35.694927,-0.65974283,-9.357212,29.471443
35.12,5.9291306,35.683277,-0.6609999,-9.3783455,29.461359
35.13,5.9273305,35.671623,-0.66225827,-9.399518,29.451275
35.14,5.9255347,35.65996,-0.6635169,-9.420689,29.441177
35.15,5.923733,35.64828,-0.66477746,-9.441892,29.431067
35.16,5.921932,35.636604,-0.6660383,-9.463096,29.420965
35.17,5.920128,35.6249,-0.6673002,-9.484324,29.410833
35.18,5.9183216,35.613182,-0.66856426,-9.505587,29.400694
35.19,5.916516,35.601486,-0.66982794,-9.526838,29.390554
35.2,5.9147034,35.589733,-0.6710942,-9.548134,29.3804
35.21,5.9128923,35.57801,-0.67236024,-9.569428,29.370249
35.22,5.9110794,35.566265,-0.67362815,-9.590747,29.360073
35.23,5.9092646,35.55449,-0.674897,-9.612087,29.349903
35.24,5.9074454,35.542717,-0.676167,-9.633443,29.339706
35.25,5.905629,35.53094,-0.6774376,-9.654816,29.329504
35.26,5.903808,35.51915,-0.6787092,-9.676199,29.319311
35.27,5.9019833,35.50733,-0.679983,-9.697615,29.309092
35.28,5.9001637,35.49553,-0.68125653,-9.719028,29.298882
35.29,5.8983374,35.483704,-0.68253154,-9.74047,29.288645
35.3,5.896511,35.471867,-0.6838078,-9.761936,29.27841
35.31,5.894681,35.460014,-0.6850853,-9.783411,29.268154
35.32,5.8928504,35.44817,-0.6863634,-9.804904,29.257902
35.33,5.891019,35.436295,-0.68764293,-9.826415,29.247633
35.34,5.889184,35.42441,-0.6889232,-9.847942,29.23736
35.35,5.887351,35.412537,-0.6902047,-9.86948,29.227077
35.36,5.885513,35.400627,-0.69148725,-9.891051,29.216784
35.37,5.8836727,35.388714,-0.6927708,-9.912628,29.206484
35.38,5.8818307,35.376797,-0.6940556,-9.934229,29.196178
35.39,5.8799915,35.364864,-0.69534093,-9.955836,29.185862
35.4,5.878146,35.352917,-0.6966275,-9.97747,29.175535
35.41,5.8762994,35.340973,-0.6979148,-9.999115,29.165203
35.42,5.8744526,35.329014,-0.6992035,-10.020777,29.154861
35.43,5.8726025,35.31704,-0.7004933,-10.042455,29.144508
35.44,5.870751,35.30505,-0.70178413,-10.064162,29.134144
35.45,5.868898,35.293053,-0.7030762,-10.085877,29.123781
35.46,5.867043,35.28106,-0.7043689,-10.107608,29.113398
35.47,5.865187,35.269047,-0.70566297,-10.129357,29.10301
35.48,5.8633294,35.25701,-0.70695746,-10.151115,29.09262
35.49,5.8614697,35.24497,-0.7082539,-10.172909,29.082216
35.5,5.859608,35.23293,-0.70955044,-10.194703,29.0718
35.51,5.8577466,35.220886,-0.7108481,-10.216514,29.061386
35.52,5.8558807,35.20882,-0.7121473,-10.238342,29.050959
35.53,5.8540154,35.196743,-0.7134471,-10.260184,29.04053
35.54,5.8521466,35.184658,-0.7147486,-10.282065,29.030077
35.55,5.8502774,35.17256,-0.71605027,-10.303935,29.019627
35.56,5.848406,35.16046,-0.71735364,-10.325848,29.009167
35.57,5.8465333,35.148346,-0.7186573,-10.34775,28.998703
35.58,5.8446584,35.13621,-0.71996224,-10.369684,28.988218
35.59,5.842781,35.124073,-0.7212689,-10.391631,28.977736
35.6,5.8409047,35.111935,-0.72257507,-10.413587,28.967243
35.61,5.839024,35.09978,-0.7238839,-10.435571,28.956738
35.62,5.8371434,35.087612,-0.72519237,-10.457562,28.946234
35.63,5.8352575,35.07543,-0.72650236,-10.479571,28.935715
35.64,5.833375,35.063248,-0.7278135,-10.5015955,28.925186
35.65,5.831487,35.051044,-0.72912586,-10.523646,28.914652
35.66,5.8296003,35.03884,-0.7304384,-10.545701,28.904104
35.67,5.827713,35.02662,-0.7317527,-10.567781,28.89355
35.68,5.82582,35.014397,-0.7330675,-10.589868,28.882996
35.69,5.8239293,35.00216,-0.7343834,-10.611975,28.872435
35.7,5.822034,34.989914,-0.73570067,-10.634104,28.861855
35.71,5.820138,34.977657,-0.7370183,-10.656237,28.851265
35.72,5.8182397,34.96539,-0.7383373,-10.678392,28.84067
35.73,5.816342,34.953114,-0.739657,-10.700557,28.830082
35.74,5.814439,34.94083,-0.7409782,-10.722749,28.819462
35.75,5.812538,34.92854,-0.74229956,-10.744947,28.80886
35.76,5.810633,34.916233,-0.7436223,-10.767158,28.798237
35.77,5.808727,34.903915,-0.74494654,-10.789396,28.787603
35.78,5.80682,34.891586,-0.74627054,-10.811644,28.776962
35.79,5.8049107,34.879265,-0.74759686,-10.833908,28.766306
35.8,5.8029995,34.866913,-0.74892396,-10.856192,28.75566
35.81,5.801088,34.85456,-0.7502515,-10.878488,28.744997
35.82,5.799174,34.842194,-0.7515799,-10.900793,28.734325
35.83,5.797259,34.82982,-0.7529097,-10.923126,28.723646
35.84,5.795343,34.817436,-0.7542401,-10.945457,28.712957
35.85,5.7934246,34.805058,-0.7555716,-10.967815,28.702269
35.86,5.791503,34.792656,-0.7569042,-10.990188,28.691559
35.87,5.789581,34.78025,-0.75823754,-11.012569,28.680853
35.88,5.787658,34.767815,-0.759572,-11.034981,28.67013
35.89,5.785734,34.755398,-0.76090634,-11.0573845,28.659418
35.9,5.7838073,34.742958,-0.7622435,-11.079821,28.648678
35.91,5.7818794,34.730503,-0.76358086,-11.102272,28.637938
35.92,5.7799497,34.71806,-0.7649179,-11.124724,28.627193
35.93,5.778018,34.705585,-0.76625764,-11.147207,28.616434
35.94,5.7760854,34.693108,-0.76759785,-11.1697,28.605675
35.95,5.77415,34.680622,-0.7689387,-11.192213,28.594902
35.96,5.772213,34.668125,-0.77028084,-11.214732,28.58412
35.97,5.7702756,34.655613,-0.7716234,-11.237269,28.573334
35.98,5.768336,34.64311,-0.7729669,-11.259819,28.562542
35.99,5.7663965,34.630585,-0.7743119,-11.282388,28.551735
36.0,5.764454,34.61806,-0.7756571,-11.304965,28.540926
36.01,5.7625093,34.605522,-0.77700347,-11.327562,28.530119
36.02,5.7605634,34.592957,-0.7783514,-11.350175,28.519285
36.03,5.7586184,34.580406,-0.7796997,-11.372792,28.508455
36.04,5.75667,34.567833,-0.78104955,-11.395439,28.497604
36.05,5.7547193,34.555252,-0.78239936,-11.418084,28.486765
36.06,5.752771,34.542667,-0.7837504,-11.440759,28.47591
36.07,5.750815,34.530075,-0.7851025,-11.463437,28.465052
36.08,5.7488613,34.517467,-0.7864552,-11.486134,28.454184
36.09,5.746906,34.504852,-0.7878092,-11.508852,28.44331
36.1,5.7449503,34.49223,-0.78916335,-11.5315695,28.432425
36.11,5.7429886,34.479595,-0.7905191,-11.554304,28.421543
36.12,5.741029,34.466957,-0.7918759,-11.5770645,28.410631
36.13,5.739068,34.454308,-0.7932335,-11.599829,28.39973
36.14,5.737101,34.44164,-0.79459196,-11.622622,28.388813
36.15,5.735137,34.428974,-0.7959513,-11.64542,28.377888
36.16,5.733169,34.416294,-0.7973111,-11.668219,28.36697
36.17,5.731204,34.403614,-0.79867154,-11.691036,28.356035
36.18,5.729232,34.390915,-0.8000344,-11.713888,28.34508
36.19,5.7272606,34.37821,-0.80139726,-11.736739,28.33414
36.2,5.7252893,34.365505,-0.80276084,-11.759602,28.32319
36.21,5.7233143,34.35278,-0.80412483,-11.782482,28.312222
36.22,5.7213397,34.340046,-0.8054912,-11.805384,28.301252
36.23,5.71936,34.32731,-0.80685717,-11.828282,28.290277
36.24,5.717383,34.314556,-0.8082245,-11.851211,28.279287
36.25,5.7154045,34.301815,-0.8095924,-11.87414,28.268295
36.26,5.7134213,34.289032,-0.8109614,-11.89709,28.257296
36.27,5.71144,34.276264,-0.8123315,-11.920054,28.246292
36.28,5.709455,34.263485,-0.813702,-11.943028,28.23528
36.29,5.707468,34.25069,-0.815074,-11.966027,28.224253
36.3,5.705479,34.2379,-0.8164463,-11.989019,28.213224
36.31,5.7034926,34.225082,-0.8178196,-12.012044,28.202196
36.32,5.7015004,34.21227,-0.8191937,-12.035072,28.19116
36.33,5.6995087,34.199436,-0.8205689,-12.058114,28.180103
36.34,5.697517,34.186607,-0.8219449,-12.081171,28.169046
36.35,5.6955214,34.173767,-0.82332116,-12.1042385,28.157993
36.36,5.693525,34.16092,-0.8246991,-12.127329,28.146929
36.37,5.6915255,34.148052,-0.8260773,-12.150421,28.135847
36.38,5.689527,34.13518,-0.82745725,-12.173536,28.12476
36.39,5.6875286,34.12232,-0.828837,-12.196653,28.113676
36.4,5.6855264,34.109425,-0.8302187,-12.219795,28.102581
36.41,5.683521,34.096535,-0.8316002,-12.242944,28.091482
36.42,5.6815166,34.08364,-0.83298254,-12.266098,28.08037
36.43,5.679512,34.07072,-0.83436644,-12.289276,28.069248
36.44,5.6775026,34.057804,-0.8357509,-12.312466,28.058128
36.45,5.675493,34.044876,-0.8371364,-12.3356695,28.046997
36.46,5.673483,34.031944,-0.8385222,-12.358886,28.035866
36.47,5.671472,34.018993,-0.839909,-12.382112,28.024721
36.48,5.6694603,34.00605,-0.84129655,-12.405346,28.013575
36.49,5.667445,33.993084,-0.84268576,-12.428608,28.002407
36.5,5.66543,33.980118,-0.8440746,-12.451869,27.991255
36.51,5.663412,33.967144,-0.8454647,-12.475143,27.98008
36.52,5.6613903,33.95416,-0.846856,-12.498438,27.9689
36.53,5.659371,33.941174,-0.8482476,-12.521734,27.957727
36.54,5.6573505,33.928173,-0.8496405,-12.545057,27.946526
36.55,5.655327,33.915157,-0.85103434,-12.568381,27.935333
36.56,5.6533003,33.902138,-0.8524288,-12.591728,27.924135
36.57,5.6512766,33.889126,-0.8538235,-12.615064,27.912926
36.58,5.6492476,33.876083,-0.8552194,-12.638439,27.901705
36.59,5.64722,33.863052,-0.8566159,-12.661816,27.89048
36.6,5.64519,33.850002,-0.85801333,-12.6852,27.87926
36.61,5.643159,33.836933,-0.85941225,-12.708614,27.86802
36.62,5.641127,33.823883,-0.8608111,-12.732019,27.856785
36.63,5.639092,33.81081,-0.8622113,-12.755454,27.845531
36.64,5.6370587,33.797745,-0.86361146,-12.778877,27.834295
36.65,5.63502,33.784645,-0.8650132,-12.802336,27.823025
36.66,5.6329803,33.771553,-0.8664158,-12.825802,27.811754
36.67,5.630943,33.75846,-0.8678182,-12.84926,27.800493
36.68,5.6289015,33.74534,-0.8692226,-12.872755,27.789211
36.69,5.6268597,33.732224,-0.87062734,-12.896251,27.777924
36.7,5.6248164,33.71909,-0.87203294,-12.9197645,27.766632
36.71,5.622771,33.70596,-0.8734387,-12.943279,27.755337
36.72,5.6207237,33.692818,-0.87484616,-12.966818,27.744024
36.73,5.6186748,33.67968,-0.87625414,-12.990364,27.732716
36.74,5.6166263,33.666504,-0.87766314,-13.013928,27.721395
36.75,5.6145773,33.65335,-0.87907183,-13.037484,27.710089
36.76,5.6125245,33.640175,-0.8804819,-13.061064,27.698757
36.77,5.61047,33.627003,-0.8818933,-13.084667,27.687418
36.78,5.608418,33.61381,-0.88330483,-13.108268,27.676067
36.79,5.606364,33.600616,-0.8847171,-13.131881,27.66473
36.8,5.604305,33.587414,-0.8861305,-13.155506,27.653378
36.81,5.6022453,33.574203,-0.88754475,-13.179149,27.642014
36.82,5.6001887,33.56099,-0.8889591,-13.2027855,27.630651
36.83,5.598125,33.54776,-0.8903748,-13.226461,27.619274
36.84,5.5960646,33.534527,-0.8917914,-13.250133,27.607906
36.85,5.5940022,33.521294,-0.8932078,-13.273801,27.596529
36.86,5.591934,33.50804,-0.89462584,-13.297504,27.585144
36.87,5.589871,33.494797,-0.89604384,-13.3212,27.573744
36.88,5.5878024,33.481525,-0.897464,-13.344936,27.562328
36.89,5.5857344,33.46826,-0.89888346,-13.368651,27.550936
36.9,5.5836644,33.45499,-0.9003044,-13.392393,27.53953
36.91,5.5815935,33.441692,-0.90172577,-13.41614,27.528103
36.92,5.579521,33.428417,-0.90314734,-13.439888,27.516684
36.93,5.577448,33.415108,-0.90457094,-13.46368,27.50525
36.94,5.575373,33.401814,-0.90599436,-13.487449,27.493818
36.95,5.573295,33.388493,-0.9074189,-13.511247,27.482374
36.96,5.5712204,33.375187,-0.90884393,-13.53505,27.470936
36.97,5.5691404,33.361862,-0.9102705,-13.558867,27.459473
36.98,5.5670605,33.348522,-0.9116965,-13.582685,27.44802
36.99,5.5649796,33.335175,-0.91312444,-13.606537,27.436554
37.0,5.5628977,33.321846,-0.91455185,-13.630369,27.425095
37.01,5.560813,33.308475,-0.9159808,-13.654228,27.413612
37.02,5.5587273,33.29511,-0.9174104,-13.6781025,27.402128
37.03,5.556642,33.28174,-0.9188412,-13.701988,27.39064
37.04,5.5545535,33.26836,-0.9202719,-13.72587,27.379154
37.05,5.552467,33.254986,-0.921703,-13.749767,27.367653
37.06,5.5503764,33.241585,-0.92313534,-13.773678,27.356152
37.07,5.548283,33.2282,-0.92456853,-13.7976,27.344645
37.08,5.5461907,33.21479,-0.926003,-13.82154,27.333132
37.09,5.5440974,33.201385,-0.92743653,-13.845464,27.321611
37.1,5.542003,33.187973,-0.928872,-13.869412,27.310081
37.11,5.5399084,33.174557,-0.93030787,-13.893381,27.29855
37.12,5.5378094,33.161125,-0.9317443,-13.917352,27.28702
37.13,5.5357094,33.147682,-0.9331821,-13.941341,27.275478
37.14,5.5336127,33.134243,-0.9346196,-13.96532,27.263933
37.15,5.5315104,33.120796,-0.9360582,-13.989328,27.252384
37.16,5.529409,33.107327,-0.93749744,-14.013332,27.240826
37.17,5.527307,33.093864,-0.93893725,-14.037351,27.229265
37.18,5.5252013,33.080402,-0.94037807,-14.061384,27.217697
37.19,5.5230947,33.06692,-0.94181937,-14.085427,27.206125
37.2,5.5209885,33.05344,-0.94326174,-14.10948,27.194542
37.21,5.518882,33.039948,-0.94470423,-14.133533,27.182966
37.22,5.51677,33.026455,-0.9461475,-14.157608,27.171373
37.23,5.5146613,33.012947,-0.94759196,-14.181694,27.15978
37.24,5.5125475,32.999435,-0.94903696,-14.205786,27.148174
37.25,5.510436,32.98592,-0.9504819,-14.229873,27.136572
37.26,5.5083237,32.972404,-0.9519274,-14.253975,27.124973
37.27,5.5062094,32.95887,-0.9533752,-14.278101,27.113348
37.28,5.5040903,32.94534,-0.95482224,-14.302227,27.101734
37.29,5.501973,32.931797,-0.9562701,-14.326356,27.090109
37.3,5.4998565,32.91825,-0.9577188,-14.350511,27.078478
37.31,5.4977355,32.904697,-0.95916855,-14.374667,27.06684
37.32,5.495614,32.891136,-0.96061826,-14.398826,27.055204
37.33,5.4934916,32.877567,-0.96206963,-14.423015,27.043552
37.34,5.4913707,32.86399,-0.96352035,-14.447194,27.031908
37.35,5.489246,32.850418,-0.964972,-14.471375,27.020245
37.36,5.48712,32.836823,-0.9664252,-14.495583,27.008589
37.37,5.484995,32.823235,-0.96787786,-14.519782,26.996923
37.38,5.4828653,32.80964,-0.9693327,-14.544013,26.98524
37.39,5.4807386,32.796036,-0.9707867,-14.568238,26.973587
37.4,5.478607,32.782413,-0.97224194,-14.592481,26.961897
37.41,5.476476,32.7688,-0.9736977,-14.616725,26.950216
37.42,5.4743447,32.755184,-0.9751536,-14.640969,26.938538
37.43,5.4722104,32.741554,-0.976611,-14.6652355,26.926828
37.44,5.4700756,32.727917,-0.97806895,-14.689509,26.915127
37.45,5.467941,32.71428,-0.9795273,-14.713792,26.903429
37.46,5.4658046,32.70063,-0.9809863,-14.738078,26.891727
37.47,5.4636655,32.686977,-0.982446,-14.762381,26.880005
37.48,5.461528,32.673317,-0.9839053,-14.78668,26.868296
37.49,5.459388,32.659645,-0.9853668,-14.811004,26.856567
37.5,5.4572463,32.645977,-0.9868285,-14.835334,26.844841
37.51,5.455107,32.63231,-0.9882896,-14.8596525,26.83312
37.52,5.4529624,32.61862,-0.98975277,-14.884003,26.821373
37.53,5.4508195,32.604942,-0.99121606,-14.908354,26.809645
37.54,5.448673,32.591236,-0.99268043,-14.932713,26.797895
37.55,5.446528,32.577538,-0.99414444,-14.957074,26.786144
37.56,5.4443793,32.563824,-0.9956099,-14.981459,26.774395
37.57,5.442231,32.550125,-0.9970751,-15.005836,26.76263
37.58,5.440082,32.5364,-0.99854124,-15.030229,26.750864
37.59,5.4379334,32.522682,-1.0000077,-15.054622,26.739101
37.6,5.4357805,32.50896,-1.0014751,-15.079032,26.727331
37.61,5.4336286,32.49522,-1.0029436,-15.1034565,26.715553
37.62,5.4314733,32.48149,-1.0044118,-15.127874,26.703772
37.63,5.42932,32.46774,-1.0058819,-15.152315,26.691982
37.64,5.4271636,32.453987,-1.0073512,-15.176742,26.680195
37.65,5.425006,32.440224,-1.008822,-15.201194,26.66839
37.66,5.4228487,32.426464,-1.010292,-15.225641,26.656607
37.67,5.420691,32.41271,-1.0117635,-15.250105,26.6448
37.68,5.4185276,32.398926,-1.0132362,-15.274585,26.632984
37.69,5.4163685,32.38515,-1.0147088,-15.299051,26.62118
37.7,5.4142084,32.371365,-1.0161818,-15.32354,26.609373
37.71,5.4120436,32.357594,-1.0176556,-15.348035,26.597542
37.72,5.40988,32.343784,-1.0191303,-15.372539,26.585722
37.73,5.407715,32.329983,-1.0206053,-15.397048,26.573883
37.74,5.4055476,32.316174,-1.022081,-15.421571,26.562054
37.75,5.4033813,32.302364,-1.0235565,-15.446087,26.550209
37.76,5.4012146,32.288555,-1.0250326,-15.470615,26.538378
37.77,5.3990455,32.27474,-1.02651,-15.495154,26.526533
37.78,5.396874,32.260902,-1.0279883,-15.519707,26.51468
37.79,5.3947043,32.24707,-1.0294667,-15.544264,26.50283
37.8,5.39253,32.233234,-1.0309457,-15.568825,26.49097
37.81,5.3903584,32.219387,-1.0324252,-15.593397,26.479101
37.82,5.3881855,32.20555,-1.0339049,-15.617966,26.467236
37.83,5.3860087,32.191692,-1.035386,-15.642551,26.455366
37.84,5.3838334,32.17785,-1.0368663,-15.667137,26.443497
37.85,5.381658,32.163967,-1.0383483,-15.691738,26.431608
37.86,5.3794804,32.150105,-1.0398297,-15.716333,26.41973
37.87,5.377302,32.13623,-1.041312,-15.74094,26.407854
37.88,5.375121,32.122364,-1.0427959,-15.76556,26.395952
37.89,5.372941,32.10847,-1.0442793,-15.79018,26.384068
37.9,5.370757,32.094593,-1.045764,-15.814823,26.372162
37.91,5.3685765,32.0807,-1.0472479,-15.839447,26.36027
37.92,5.3663917,32.066807,-1.0487331,-15.864086,26.34837
37.93,5.3642077,32.052895,-1.0502193,-15.88875,26.33645
37.94,5.362023,32.038998,-1.0517051,-15.913404,26.324545
37.95,5.3598356,32.025078,-1.0531926,-15.938078,26.312624
37.96,5.3576503,32.01117,-1.0546795,-15.962736,26.300705
37.97,5.355459,31.997234,-1.056168,-15.987429,26.28878
37.98,5.353271,31.983324,-1.0576558,-16.012102,26.27685
37.99,5.3510804,31.969389,-1.0591449,-16.036798,26.264929
38.0,5.348889,31.955452,-1.0606346,-16.061499,26.252985
38.01,5.346699,31.941507,-1.0621233,-16.086193,26.24105
38.02,5.344503,31.927563,-1.0636142,-16.11091,26.229105
38.03,5.342311,31.913616,-1.0651051,-16.13562,26.217157
38.04,5.340117,31.899654,-1.0665971,-16.16035,26.205206
38.05,5.3379207,31.88569,-1.068089,-16.185083,26.193258
38.06,5.335723,31.871723,-1.069581,-16.209822,26.181301
38.07,5.333526,31.85775,-1.071074,-16.234562,26.169346
38.08,5.331326,31.843779,-1.0725679,-16.259306,26.157375
38.09,5.329129,31.829811,-1.0740615,-16.284065,26.145405
38.1,5.3269277,31.815832,-1.0755553,-16.308819,26.133432
38.11,5.324729,31.80184,-1.0770506,-16.333586,26.121464
38.12,5.3225284,31.787851,-1.0785449,-16.358345,26.109491
38.13,5.320324,31.773851,-1.080041,-16.383133,26.09751
38.14,5.31812,31.75986,-1.0815376,-16.40792,26.085522
38.15,5.315915,31.74585,-1.0830346,-16.432713,26.073536
38.16,5.3137107,31.73185,-1.0845314,-16.457495,26.061544
38.17,5.3115034,31.717836,-1.0860287,-16.482296,26.049551
38.18,5.309298,31.703825,-1.0875262,-16.507097,26.037556
38.19,5.30709,31.689796,-1.0890254,-16.531921,26.025553
38.2,5.304881,31.675774,-1.090525,-16.556742,26.013552
38.21,5.302669,31.661736,-1.092024,-16.58157,26.00154
38.22,5.3004613,31.647703,-1.0935243,-16.606392,25.989527
38.23,5.2982483,31.633667,-1.0950245,-16.63122,25.977512
38.24,5.296037,31.619614,-1.0965258,-16.656073,25.965504
38.25,5.293826,31.605576,-1.098026,-16.68091,25.953482
38.26,5.2916107,31.591526,-1.0995277,-16.705753,25.941463
38.27,5.2893972,31.57747,-1.1010303,-16.730618,25.929434
38.28,5.287181,31.563408,-1.102533,-16.755472,25.917406
38.29,5.284964,31.549337,-1.1040366,-16.780346,25.905365
38.3,5.2827477,31.535276,-1.1055396,-16.805216,25.893332
38.31,5.280529,31.521208,-1.1070435,-16.83009,25.881289
38.32,5.2783117,31.507133,-1.1085483,-16.85498,25.869244
38.33,5.276091,31.493052,-1.1100534,-16.879873,25.857199
38.34,5.273871,31.47898,-1.1115582,-16.90475,25.845158
38.35,5.2716494,31.464884,-1.1130642,-16.92965,25.833105
38.36,5.269427,31.450792,-1.1145698,-16.954552,25.82105
38.37,5.2672048,31.4367,-1.1160764,-16.979462,25.808992
38.38,5.264982,31.422598,-1.1175841,-17.004374,25.796926
38.39,5.262758,31.408491,-1.1190919,-17.029291,25.784868
38.4,5.2605314,31.394392,-1.1205994,-17.054216,25.772802
38.41,5.258304,31.380281,-1.122108,-17.07914,25.760727
38.42,5.2560797,31.366175,-1.1236155,-17.104067,25.748667
38.43,5.2538524,31.352045,-1.1251258,-17.129011,25.736586
38.44,5.251625,31.337929,-1.1266344,-17.15394,25.724516
38.45,5.249397,31.323801,-1.1281444,-17.178883,25.712439
38.46,5.2471666,31.30967,-1.1296544,-17.203835,25.700357
38.47,5.244936,31.295538,-1.131166,-17.228796,25.688269
38.48,5.242703,31.281393,-1.1326774,-17.253757,25.676174
38.49,5.2404714,31.267254,-1.1341891,-17.278725,25.664087
38.5,5.238238,31.253119,-1.1357,-17.30368,25.651995
38.51,5.236006,31.238966,-1.1372119,-17.328655,25.639902
38.52,5.2337723,31.224813,-1.1387255,-17.353636,25.627798
38.53,5.231536,31.210672,-1.1402383,-17.378613,25.615694
38.54,5.2293,31.196508,-1.1417519,-17.403603,25.603596
38.55,5.227064,31.18235,-1.1432652,-17.428576,25.591494
38.56,5.2248263,31.168182,-1.14478,-17.453585,25.579378
38.57,5.2225885,31.154015,-1.1462951,-17.478582,25.567263
38.58,5.2203503,31.139847,-1.1478091,-17.503574,25.555157
38.59,5.218109,31.125677,-1.1493251,-17.528584,25.543043
38.6,5.2158713,31.1115,-1.1508408,-17.553583,25.530916
38.61,5.2136307,31.097307,-1.1523567,-17.578604,25.518799
38.62,5.211389,31.083128,-1.1538732,-17.603622,25.50668
38.63,5.2091465,31.068932,-1.155391,-17.628653,25.494545
38.64,5.206905,31.054752,-1.1569076,-17.653662,25.482414
38.65,5.2046614,31.040546,-1.1584251,-17.678698,25.470285
38.66,5.2024164,31.026363,-1.1599429,-17.70373,25.458149
38.67,5.2001715,31.01216,-1.1614609,-17.72876,25.446016
38.68,5.1979265,30.997952,-1.1629803,-17.753803,25.433874
38.69,5.1956806,30.983744,-1.1644993,-17.778841,25.421738
38.7,5.1934333,30.96953,-1.1660192,-17.803898,25.40959
38.71,5.191185,30.955322,-1.167538,-17.828938,25.397457
38.72,5.1889353,30.94111,-1.1690586,-17.853998,25.385302
38.73,5.186688,30.926886,-1.1705792,-17.879053,25.373156
38.74,5.184437,30.912668,-1.1721001,-17.90412,25.360996
38.75,5.182189,30.898434,-1.173621,-17.929182,25.34884
38.76,5.1799374,30.884205,-1.1751425,-17.954243,25.33669
38.77,5.1776857,30.869974,-1.1766647,-17.979322,25.324528
38.78,5.1754317,30.855745,-1.1781863,-18.004387,25.312372
38.79,5.173178,30.841505,-1.1797092,-18.029474,25.300205
38.8,5.1709256,30.827267,-1.1812319,-18.054554,25.288038
38.81,5.168672,30.813023,-1.1827545,-18.07963,25.275879
38.82,5.1664157,30.798777,-1.1842784,-18.104723,25.263706
38.83,5.16416,30.784525,-1.1858027,-18.129818,25.251534
38.84,5.161904,30.770275,-1.1873264,-18.154903,25.239359
38.85,5.1596494,30.756025,-1.1888505,-18.179996,25.227192
38.86,5.157387,30.74175,-1.1903769,-18.205124,25.215002
38.87,5.1551332,30.727509,-1.1919006,-18.230202,25.202833
38.88,5.1528735,30.713238,-1.1934267,-18.255312,25.190647
38.89,5.1506143,30.698977,-1.194952,-18.280415,25.178467
38.9,5.148353,30.6847,-1.1964788,-18.305538,25.166271
38.91,5.1460934,30.670433,-1.1980045,-18.330643,25.15409
38.92,5.1438346,30.656164,-1.1995312,-18.355755,25.141909
38.93,5.141571,30.641882,-1.2010585,-18.38088,25.129713
38.94,5.139309,30.627613,-1.2025858,-18.405996,25.117521
38.95,5.137046,30.613329,-1.2041132,-18.431128,25.10533
38.96,5.1347823,30.599037,-1.2056421,-18.456264,25.09312
38.97,5.132519,30.584753,-1.2071697,-18.481388,25.080929
38.98,5.1302547,30.570467,-1.2086986,-18.506523,25.068726
38.99,5.127987,30.556171,-1.2102275,-18.531652,25.056532
39.0,5.1257224,30.54189,-1.2117558,-18.556782,25.044334
39.01,5.123456,30.527592,-1.2132851,-18.581913,25.032131
39.02,5.121188,30.513292,-1.2148153,-18.607067,25.019918
39.03,5.1189203,30.498981,-1.2163452,-18.632214,25.00771
39.04,5.1166515,30.48468,-1.217876,-18.65736,24.995499
39.05,5.1143847,30.470375,-1.2194059,-18.682505,24.983284
39.06,5.1121125,30.456064,-1.2209375,-18.70767,24.971071
39.07,5.109845,30.44176,-1.2224679,-18.73281,24.95886
39.08,5.1075745,30.427444,-1.2239995,-18.757969,24.94664
39.09,5.1053042,30.413132,-1.2255309,-18.783125,24.934431
39.1,5.1030335,30.398819,-1.2270622,-18.80827,24.922216
39.11,5.100759,30.384499,-1.228595,-18.83344,24.909988
39.12,5.098488,30.37018,-1.2301266,-18.858595,24.897772
39.13,5.096214,30.355848,-1.2316601,-18.883772,24.88554
39.14,5.0939417,30.34153,-1.2331926,-18.908932,24.873322
39.15,5.0916667,30.327204,-1.2347264,-18.93411,24.861092
39.16,5.089391,30.312883,-1.2362591,-18.959267,24.848858
39.17,5.0871186,30.298552,-1.2377925,-18.98443,24.836632
39.18,5.084842,30.284208,-1.239327,-19.009628,24.8244
39.19,5.0825653,30.269869,-1.2408619,-19.0348,24.812172
39.2,5.0802884,30.255535,-1.242396,-19.059973,24.799938
39.21,5.078011,30.24119,-1.2439308,-19.085161,24.787703
39.22,5.075733,30.226852,-1.245466,-19.110338,24.775473
39.23,5.0734553,30.212503,-1.247001,-19.135517,24.763231
39.24,5.0711765,30.198164,-1.2485368,-19.160698,24.750994
39.25,5.0688972,30.183811,-1.2500722,-19.185888,24.738752
39.26,5.066616,30.169453,-1.2516081,-19.211071,24.726511
39.27,5.064337,30.15511,-1.2531446,-19.23626,24.714264
39.28,5.0620565,30.140759,-1.2546806,-19.261446,24.702024
39.29,5.0597734,30.1264,-1.2562175,-19.286636,24.689785
39.3,5.057493,30.112043,-1.2577541,-19.31183,24.677532
39.31,5.0552096,30.097687,-1.2592918,-19.337025,24.665293
39.32,5.052928,30.083324,-1.2608289,-19.362217,24.653042
39.33,5.0506444,30.06896,-1.2623663,-19.38741,24.640793
39.34,5.048361,30.054598,-1.2639043,-19.412615,24.628536
39.35,5.0460763,30.040234,-1.265442,-19.437807,24.616291
39.36,5.0437927,30.025867,-1.266981,-19.463009,24.604036
39.37,5.0415087,30.011505,-1.2685188,-19.488201,24.591784
39.38,5.039222,29.997128,-1.2700582,-19.513418,24.57952
39.39,5.0369353,29.982758,-1.2715963,-19.53861,24.567274
39.4,5.0346494,29.968391,-1.2731357,-19.563816,24.555014
39.41,5.0323615,29.95401,-1.2746749,-19.589018,24.542757
39.42,5.030074,29.93964,-1.2762144,-19.614216,24.530497
39.43,5.0277867,29.925251,-1.277754,-19.63943,24.518248
39.44,5.0255003,29.910885,-1.2792941,-19.66462,24.505978
39.45,5.0232105,29.896494,-1.2808342,-19.689838,24.493715
39.46,5.0209236,29.882114,-1.2823743,-19.715042,24.481464
39.47,5.0186315,29.867725,-1.283915,-19.740261,24.469196
39.48,5.016342,29.853342,-1.2854561,-19.765461,24.456936
39.49,5.014052,29.838957,-1.2869971,-19.790684,24.444658
39.5,5.0117636,29.824564,-1.2885377,-19.81588,24.432398
39.51,5.009472,29.810188,-1.2900785,-19.841087,24.420149
39.52,5.00718,29.795794,-1.2916204,-19.866302,24.407877
39.53,5.0048895,29.781397,-1.2931617,-19.891512,24.39561
39.54,5.0025973,29.767008,-1.2947034,-19.916721,24.383339
39.55,5.0003037,29.752611,-1.2962458,-19.941938,24.371065
39.56,4.998011,29.738209,-1.2977883,-19.967146,24.358799
39.57,4.9957156,29.723812,-1.2993305,-19.992367,24.346527
39.58,4.9934216,29.709408,-1.3008735,-20.017578,24.33425
39.59,4.9911304,29.69502,-1.3024155,-20.042778,24.32199
39.6,4.988835,29.680616,-1.3039587,-20.068,24.309713
39.61,4.9865384,29.666218,-1.3055019,-20.093224,24.297434
39.62,4.9842443,29.651817,-1.307045,-20.118433,24.28517
39.63,4.981947,29.637415,-1.308588,-20.143644,24.2729
39.64,4.9796515,29.62301,-1.3101317,-20.168858,24.260616
39.65,4.977356,29.608595,-1.3116759,-20.19408,24.248335
39.66,4.9750605,29.594194,-1.3132191,-20.219288,24.236073
39.67,4.972764,29.579798,-1.3147622,-20.244484,24.223804
39.68,4.970464,29.565378,-1.3163071,-20.269712,24.21151
39.69,4.968167,29.550972,-1.3178514,-20.294926,24.199232
39.7,4.9658675,29.536552,-1.3193966,-20.320145,24.18695
39.71,4.963571,29.522146,-1.3209405,-20.345352,24.174679
39.72,4.9612722,29.50774,-1.3224847,-20.370546,24.162413
39.73,4.9589715,29.493319,-1.3240304,-20.395775,24.150122
39.74,4.9566746,29.47891,-1.3255748,-20.42098,24.137856
39.75,4.954375,29.464508,-1.3271196,-20.44618,24.125572
39.76,4.952073,29.450075,-1.3286649,-20.471403,24.113295
39.77,4.9497733,29.435661,-1.330211,-20.496616,24.101017
39.78,4.9474735,29.42125,-1.3317562,-20.521818,24.088743
39.79,4.9451714,29.406834,-1.3333019,-20.547037,24.076458
39.8,4.9428697,29.392406,-1.3348484,-20.57225,24.064175
39.81,4.9405665,29.377989,-1.3363936,-20.59745,24.051903
39.82,4.938266,29.363562,-1.3379395,-20.622656,24.039616
39.83,4.935964,29.349142,-1.3394865,-20.647873,24.02733
39.84,4.933662,29.33473,-1.341032,-20.67306,24.015055
39.85,4.9313583,29.320301,-1.3425788,-20.698277,24.002773
39.86,4.929054,29.305882,-1.3441249,-20.723482,23.990492
39.87,4.9267507,29.291454,-1.345672,-20.748686,23.978214
39.88,4.924446,29.27703,-1.3472197,-20.773897,23.965923
39.89,4.9221435,29.262611,-1.3487655,-20.799097,23.95365
39.9,4.9198384,29.24818,-1.3503131,-20.824303,23.941364
39.91,4.917535,29.233778,-1.3518598,-20.84949,23.929083
39.92,4.91523,29.219332,-1.3534076,-20.874702,23.9168
39.93,4.9129233,29.204906,-1.3549539,-20.899895,23.904514
39.94,4.9106193,29.190483,-1.3565013,-20.925087,23.892237
39.95,4.9083133,29.176058,-1.3580493,-20.950293,23.879957
39.96,4.9060063,29.161629,-1.3595963,-20.975477,23.867672
39.97,4.9037,29.147196,-1.3611453,-21.000687,23.855392
39.98,4.901394,29.13277,-1.3626924,-21.025877,23.843107
39.99,4.8990874,29.11834,-1.3642406,-21.051064,23.830828
40.0,4.8967805,29.103912,-1.3657882,-21.076254,23.818546
40.01,4.894473,29.089481,-1.3673364,-21.101444,23.806267
40.02,4.892164,29.075047,-1.3688847,-21.126644,23.793983
40.03,4.889859,29.060623,-1.3704329,-21.15182,23.781708
40.04,4.8875494,29.046194,-1.3719808,-21.177004,23.769428
40.05,4.885242,29.031761,-1.3735292,-21.202194,23.757147
40.06,4.8829327,29.017336,-1.3750789,-21.227385,23.744856
40.07,4.880625,29.002901,-1.3766264,-21.252558,23.732578
40.08,4.8783174,28.988472,-1.3781753,-21.27773,23.720304
40.09,4.8760066,28.974035,-1.379724,-21.302923,23.70802
40.1,4.8737,28.959618,-1.3812718,-21.328081,23.695744
40.11,4.8713875,28.945171,-1.3828218,-21.353258,23.683466
40.12,4.8690786,28.930754,-1.3843702,-21.378426,23.671192
40.13,4.866767,28.916307,-1.3859204,-21.403614,23.6589
40.14,4.864458,28.901884,-1.3874689,-21.428793,23.646626
40.15,4.862149,28.88747,-1.3890172,-21.45394,23.634357
40.16,4.859836,28.873032,-1.3905671,-21.479109,23.62208
40.17,4.8575277,28.858614,-1.3921156,-21.504265,23.609798
40.18,4.8552155,28.844166,-1.3936652,-21.529436,23.597528
40.19,4.852904,28.82973,-1.3952148,-21.554604,23.585243
40.2,4.850593,28.815298,-1.3967644,-21.57977,23.572966
40.21,4.848283,28.800877,-1.3983134,-21.604906,23.560696
40.22,4.845972,28.78644,-1.3998629,-21.630074,23.548414
40.23,4.84366,28.772009,-1.4014124,-21.655222,23.53615
40.24,4.841347,28.75759,-1.4029621,-21.68038,23.523878
40.25,4.839034,28.743155,-1.4045122,-21.70552,23.511593
40.26,4.836724,28.728731,-1.406061,-21.730663,23.499332
40.27,4.83441,28.714296,-1.4076113,-21.755808,23.487059
40.28,4.8320994,28.699873,-1.4091601,-21.780943,23.474785
40.29,4.8297853,28.685436,-1.4107105,-21.806105,23.462513
40.3,4.8274717,28.671017,-1.4122607,-21.831234,23.450247
40.31,4.825158,28.656588,-1.4138105,-21.856365,23.43798
40.32,4.822844,28.642159,-1.4153602,-21.881504,23.425709
40.33,4.820531,28.627728,-1.4169102,-21.90664,23.413443
40.34,4.8182178,28.613302,-1.4184605,-21.931763,23.401178
40.35,4.8159046,28.598879,-1.4200102,-21.956884,23.388906
40.36,4.813591,28.584448,-1.4215598,-21.982006,23.376633
40.37,4.811276,28.570019,-1.4231108,-22.007141,23.364363
40.38,4.808961,28.555584,-1.4246608,-22.032255,23.352102
40.39,4.8066473,28.541168,-1.4262103,-22.05737,23.339838
40.4,4.8043346,28.52675,-1.4277602,-22.082476,23.327572
40.41,4.8020196,28.512321,-1.4293104,-22.107586,23.315313
40.42,4.799704,28.4979,-1.4308605,-22.132694,23.303053
40.43,4.79739,28.483475,-1.4324105,-22.157804,23.290789
40.44,4.7950764,28.469065,-1.43396,-22.182892,23.278536
40.45,4.7927613,28.454638,-1.4355102,-22.208004,23.266275
40.46,4.790446,28.440208,-1.437061,-22.233099,23.254013
40.47,4.788131,28.425798,-1.4386109,-22.258198,23.24176
40.48,4.785816,28.411371,-1.4401612,-22.28329,23.229506
40.49,4.7835016,28.396961,-1.4417108,-22.30837,23.217255
40.5,4.7811856,28.382542,-1.4432611,-22.333456,23.204992
40.51,4.778872,28.368118,-1.4448111,-22.358532,23.192747
40.52,4.776554,28.3537,-1.4463614,-22.383621,23.180487
40.53,4.77424,28.339293,-1.4479115,-22.408688,23.168242
40.54,4.771926,28.32487,-1.4494618,-22.433767,23.155989
40.55,4.769609,28.310457,-1.4510115,-22.458832,23.143745
40.56,4.7672925,28.296045,-1.4525617,-22.483904,23.131495
40.57,4.7649765,28.28163,-1.454112,-22.508965,23.119247
40.58,4.7626624,28.267212,-1.4556615,-22.534029,23.106998
40.59,4.7603445,28.252811,-1.457212,-22.559086,23.09475
40.6,4.7580304,28.238405,-1.4587611,-22.584133,23.082516
40.61,4.755713,28.223986,-1.4603119,-22.609194,23.070272
40.62,4.753397,28.209587,-1.4618615,-22.63424,23.05803
40.63,4.75108,28.195177,-1.4634118,-22.65929,23.045784
40.64,4.748766,28.18077,-1.4649608,-22.684322,23.033548
40.65,4.746448,28.166359,-1.4665112,-22.709372,23.02131
40.66,4.7441325,28.151962,-1.4680606,-22.734394,23.009075
40.67,4.741815,28.137556,-1.4696097,-22.759428,22.996838
40.68,4.739498,28.123148,-1.4711605,-22.784458,22.984598
40.69,4.7371826,28.108744,-1.4727099,-22.809475,22.972374
40.7,4.734865,28.094347,-1.47426,-22.834507,22.960138
40.71,4.732551,28.079958,-1.4758087,-22.859507,22.947912
40.72,4.730234,28.065556,-1.477358,-22.88452,22.935682
40.73,4.727918,28.051159,-1.478908,-22.90953,22.923452
40.74,4.7256007,28.036755,-1.4804578,-22.934547,22.911219
40.75,4.723284,28.02236,-1.4820068,-22.959553,22.898994
40.76,4.720968,28.007973,-1.4835562,-22.98454,22.886774
40.77,4.718652,27.993578,-1.4851055,-23.009533,22.874552
40.78,4.716335,27.979181,-1.4866544,-23.034529,22.862337
40.79,4.71402,27.964792,-1.4882044,-23.059515,22.85011
40.8,4.7117023,27.950407,-1.4897532,-23.084507,22.837894
40.81,4.709385,27.936018,-1.4913025,-23.109488,22.825676
40.82,4.70707,27.92164,-1.492851,-23.13445,22.813467
40.83,4.704753,27.907246,-1.4943994,-23.159416,22.801245
40.84,4.702437,27.89287,-1.4959495,-23.18439,22.789036
40.85,4.70012,27.87848,-1.497498,-23.209362,22.776823
40.86,4.697803,27.864105,-1.4990469,-23.234316,22.764616
40.87,4.6954865,27.84973,-1.5005953,-23.259274,22.75241
40.88,4.69317,27.835344,-1.5021443,-23.284231,22.740202
40.89,4.690856,27.82097,-1.5036919,-23.309168,22.728008
40.9,4.6885386,27.806591,-1.505241,-23.33412,22.715794
40.91,4.6862216,27.792213,-1.5067897,-23.35906,22.703592
40.92,4.6839066,27.777851,-1.5083377,-23.383986,22.6914
40.93,4.68159,27.763481,-1.509886,-23.408924,22.679197
40.94,4.6792755,27.749117,-1.5114337,-23.433826,22.667007
40.95,4.676958,27.734743,-1.512982,-23.458757,22.654806
40.96,4.674642,27.720383,-1.5145295,-23.48367,22.642622
40.97,4.672325,27.706013,-1.5160785,-23.508589,22.630415
40.98,4.670009,27.691652,-1.5176262,-23.533497,22.618235
40.99,4.667693,27.67729,-1.5191743,-23.558418,22.606041
41.0,4.665378,27.662933,-1.5207213,-23.5833,22.59386
41.01,4.6630635,27.648567,-1.522269,-23.608206,22.58167
41.02,4.6607466,27.634214,-1.5238166,-23.633102,22.569492
41.03,4.658434,27.619864,-1.5253628,-23.657957,22.557322
41.04,4.656116,27.605501,-1.5269107,-23.68285,22.545134
41.05,4.653801,27.59116,-1.5284573,-23.70772,22.532957
41.06,4.651486,27.57681,-1.5300044,-23.7326,22.520786
41.07,4.6491694,27.562454,-1.5315521,-23.75748,22.508598
41.08,4.6468563,27.548117,-1.5330983,-23.782328,22.496437
41.09,4.6445403,27.533772,-1.5346452,-23.80719,22.484266
41.1,4.6422257,27.519442,-1.5361909,-23.832031,22.472101
41.11,4.63991,27.505085,-1.5377387,-23.856892,22.459934
41.12,4.637595,27.490753,-1.5392851,-23.881742,22.44776
41.13,4.6352806,27.47642,-1.5408309,-23.906576,22.435617
41.14,4.632967,27.462078,-1.5423771,-23.931408,22.423443
41.15,4.6306515,27.44774,-1.5439236,-23.956247,22.411293
41.16,4.628337,27.43341,-1.5454702,-23.98107,22.399128
41.17,4.6260242,27.419088,-1.5470146,-24.00587,22.386988
41.18,4.623708,27.404758,-1.5485615,-24.030716,22.374825
41.19,4.621396,27.390436,-1.5501062,-24.055504,22.362679
41.2,4.619081,27.376106,-1.5516524,-24.080313,22.350521
41.21,4.6167693,27.361803,-1.5531962,-24.105091,22.338388
41.22,4.6144543,27.34747,-1.5547425,-24.129908,22.326244
41.23,4.612139,27.33315,-1.5562875,-24.154696,22.3141
41.24,4.6098256,27.318834,-1.5578325,-24.179483,22.301956
41.25,4.6075144,27.30452,-1.5593774,-24.204268,22.28981
41.26,4.6052003,27.290215,-1.5609219,-24.22903,22.277683
41.27,4.602888,27.275906,-1.562466,-24.253792,22.265545
41.28,4.600575,27.2616,-1.5640105,-24.278553,22.25342
41.29,4.598262,27.247295,-1.5655551,-24.303326,22.241287
41.3,4.5959487,27.232998,-1.5670989,-24.328075,22.22916
41.31,4.5936365,27.218683,-1.5686435,-24.352825,22.217024
41.32,4.5913243,27.204395,-1.5701867,-24.377562,22.204914
41.33,4.589013,27.190096,-1.5717301,-24.402302,22.19279
41.34,4.5867014,27.175812,-1.5732735,-24.427029,22.180672
41.35,4.584389,27.161514,-1.5748172,-24.45175,22.168552
41.36,4.582078,27.14723,-1.5763606,-24.476477,22.156439
41.37,4.5797663,27.132946,-1.5779029,-24.501184,22.144331
41.38,4.5774555,27.118662,-1.579446,-24.525888,22.132225
41.39,4.5751433,27.104368,-1.580989,-24.550602,22.120111
41.4,4.5728316,27.090092,-1.582532,-24.57531,22.108006
41.41,4.570524,27.075819,-1.5840733,-24.599976,22.095917
41.42,4.5682135,27.061544,-1.5856158,-24.624666,22.083817
41.43,4.5659013,27.047262,-1.5871582,-24.649353,22.071712
41.44,4.5635915,27.032995,-1.5886999,-24.67403,22.059624
41.45,4.56128,27.018728,-1.5902418,-24.698696,22.047523
41.46,4.5589724,27.004465,-1.5917827,-24.723358,22.03544
41.47,4.556662,26.990198,-1.5933254,-24.748024,22.023344
41.48,4.554352,26.975946,-1.5948662,-24.772669,22.011269
41.49,4.5520434,26.96168,-1.5964078,-24.797321,21.999174
41.5,4.549735,26.94742,-1.5979481,-24.821957,21.987104
41.51,4.5474277,26.93318,-1.5994885,-24.846588,21.975023
41.52,4.545119,26.918922,-1.601029,-24.871208,21.962954
41.53,4.542812,26.904675,-1.6025693,-24.89583,21.950878
41.54,4.540504,26.890432,-1.6041094,-24.920446,21.938816
41.55,4.538196,26.876194,-1.6056489,-24.945055,21.926737
41.56,4.535887,26.86194,-1.6071899,-24.969677,21.914673
41.57,4.53358,26.84771,-1.6087283,-24.994259,21.902617
41.58,4.531273,26.833475,-1.610268,-25.018852,21.890554
41.59,4.528966,26.819237,-1.6118075,-25.04344,21.878498
41.6,4.52666,26.805014,-1.6133461,-25.06801,21.866438
41.61,4.524354,26.790777,-1.6148851,-25.092594,21.854395
41.62,4.522047,26.776558,-1.6164243,-25.11716,21.842339
41.63,4.519742,26.76234,-1.6179625,-25.141718,21.830294
41.64,4.517435,26.748116,-1.6195011,-25.166273,21.818249
41.65,4.5151296,26.733898,-1.6210396,-25.190838,21.806204
41.66,4.5128255,26.719694,-1.622577,-25.215368,21.794165
41.67,4.510522,26.705484,-1.6241144,-25.239899,21.782131
41.68,4.508218,26.691273,-1.6256512,-25.264423,21.770103
41.69,4.505912,26.677061,-1.6271889,-25.288944,21.758074
41.7,4.5036087,26.662865,-1.628726,-25.313467,21.746042
41.71,4.501304,26.648664,-1.6302632,-25.337978,21.734016
41.72,4.499,26.634468,-1.6318,-25.362482,21.721996
41.73,4.4966965,26.620277,-1.6333363,-25.386982,21.709972
41.74,4.4943924,26.606073,-1.6348734,-25.411484,21.697948
41.75,4.492092,26.59189,-1.6364086,-25.435951,21.68594
41.76,4.489788,26.577711,-1.6379442,-25.460424,21.673937
41.77,4.4874854,26.563519,-1.6394802,-25.484913,21.661922
41.78,4.4851856,26.549355,-1.6410147,-25.50936,21.649927
41.79,4.4828825,26.535175,-1.6425502,-25.53382,21.63792
41.8,4.480582,26.520996,-1.6440859,-25.558283,21.625916
41.81,4.4782805,26.506817,-1.6456198,-25.58272,21.613922
41.82,4.475981,26.492659,-1.6471536,-25.607157,21.601933
41.83,4.47368,26.47849,-1.6486889,-25.631605,21.589931
41.84,4.4713793,26.46433,-1.6502229,-25.656015,21.57794
41.85,4.46908,26.450174,-1.6517565,-25.680428,21.565954
41.86,4.4667807,26.436022,-1.6532898,-25.704838,21.553988
41.87,4.4644804,26.421862,-1.6548233,-25.729246,21.542006
41.88,4.46218,26.40771,-1.6563568,-25.753662,21.530018
41.89,4.459883,26.393576,-1.6578889,-25.778032,21.518055
41.9,4.457585,26.379433,-1.659422,-25.802427,21.506084
41.91,4.4552875,26.365305,-1.6609536,-25.826788,21.494114
41.92,4.45299,26.35116,-1.6624864,-25.851164,21.482151
41.93,4.450691,26.337025,-1.6640183,-25.875532,21.470186
41.94,4.4483957,26.322899,-1.6655496,-25.899881,21.458239
41.95,4.4461,26.308777,-1.6670805,-25.924217,21.446281
41.96,4.4438014,26.29465,-1.6686127,-25.948578,21.434324
41.97,4.441506,26.280521,-1.6701432,-25.972908,21.422373
41.98,4.4392104,26.266407,-1.6716734,-25.99724,21.410433
41.99,4.436915,26.252302,-1.6732041,-26.02156,21.398493
42.0,4.434621,26.238194,-1.6747338,-26.045862,21.386553
